100	367	315	1846
100	317	283	2024
100	328	287	1891
100	310	280	2056
100	303	266	1929
100	285	251	4604
100	352	299	1917
100	340	299	4629
100	279	249	1863
100	327	285	2074
100	368	320	2062
100	339	294	4713
100	309	274	2132
100	387	345	2015
100	343	300	2093
100	276	239	2027
100	286	254	2103
100	358	312	4696
100	311	281	4712
100	335	295	2038
100	391	339	2100
100	312	282	2025
100	309	270	4631
100	176	159	4583
100	284	257	2029
100	311	275	2121
100	248	226	1835
100	318	288	1873
100	330	288	1898
100	332	291	4577
100	328	285	1897
100	349	307	4533
100	267	238	4567
100	340	301	2086
100	287	260	4535
100	372	329	1907
100	301	265	4602
100	124	118	2016
100	284	255	1847
100	322	289	4670
100	259	235	4600
100	288	254	1877
100	441	387	1940
100	285	255	4793
100	312	276	1980
100	343	307	2097
100	290	255	4550
100	289	259	4790
100	335	299	4831
100	384	336	4803
200	628	581	9623
200	812	730	9291
200	634	584	9211
200	644	591	4229
200	608	558	9524
200	714	644	9247
200	587	538	3983
200	652	598	9403
200	624	569	9536
200	690	633	9390
200	631	579	9079
200	609	561	9201
200	524	491	9336
200	679	612	4081
200	320	303	9272
200	645	583	4004
200	632	576	9082
200	572	529	9495
200	676	611	3922
200	641	579	3802
200	673	613	3758
200	640	586	9368
200	758	683	4116
200	610	559	3782
200	580	536	3729
200	611	564	4018
200	656	599	3850
200	594	545	4033
200	524	488	4250
200	664	603	9469
200	590	539	9482
200	610	561	9498
200	642	586	9563
200	630	587	9658
200	612	561	4245
200	532	490	4036
200	690	627	9434
200	647	594	9429
200	667	610	9558
200	646	591	4078
200	628	575	9211
200	710	648	3670
200	692	633	9393
200	643	583	3920
200	613	554	9069
200	577	537	9308
200	517	485	4096
200	666	601	3687
200	665	608	3739
200	653	592	9386
300	985	913	6171
300	1029	952	5556
300	1000	925	14187
300	958	883	13797
300	877	818	14267
300	935	871	6138
300	909	850	13835
300	976	908	13605
300	939	874	6056
300	962	893	5798
300	834	774	14033
300	815	756	13938
300	1001	928	5957
300	982	915	5983
300	465	438	14206
300	910	844	13669
300	827	775	5604
300	985	908	14094
300	934	863	5944
300	1044	968	14103
300	491	465	14400
300	958	891	13697
300	979	906	6380
300	1102	1014	5733
300	961	904	14004
300	834	783	6050
300	943	877	6198
300	1000	915	6076
300	906	843	5769
300	896	838	13868
300	897	834	6099
300	974	902	13725
300	1011	927	14159
300	979	903	13678
300	970	893	13806
300	996	919	14057
300	1106	1024	5674
300	907	848	13612
300	954	885	5885
300	958	892	13812
300	478	453	14047
300	840	790	6053
300	1032	944	5655
300	1056	978	5908
300	1078	992	13601
300	1055	974	14496
300	467	446	14054
300	994	918	5632
300	1000	932	14320
300	970	890	6280
400	1240	1164	18708
400	1299	1203	18982
400	1193	1120	7440
400	1381	1272	18657
400	1448	1335	7714
400	1284	1196	7443
400	1260	1179	8017
400	1181	1122	7333
400	1264	1191	8139
400	1447	1351	8529
400	1186	1116	7545
400	1360	1264	8375
400	1380	1292	8188
400	1228	1146	7923
400	1349	1269	8164
400	1288	1199	18914
400	1302	1217	18515
400	1401	1298	7801
400	1086	1032	7429
400	1377	1299	18832
400	1403	1293	18772
400	1203	1128	18323
400	1411	1308	7758
400	1290	1213	8533
400	1326	1244	18990
400	1244	1163	7989
400	1199	1127	8347
400	1349	1257	7627
400	1376	1274	18211
400	1277	1192	18698
400	1309	1223	8468
400	1223	1151	7466
400	1431	1336	19330
400	1283	1204	18882
400	1295	1211	7738
400	1386	1294	8072
400	1424	1318	8070
400	1348	1253	7527
400	1221	1155	7398
400	1241	1167	8495
400	1305	1207	18820
400	1203	1136	18905
400	1308	1216	7537
400	1458	1347	8472
400	1407	1295	18936
400	643	613	7599
400	1411	1310	8062
400	1131	1064	8482
400	1197	1122	19261
400	1394	1287	18367
500	1558	1487	10082
500	1506	1409	23140
500	1545	1451	9203
500	1510	1429	23170
500	1563	1476	22967
500	1641	1542	24095
500	1686	1575	10208
500	1528	1445	23410
500	1752	1635	9681
500	1801	1686	9282
500	778	746	23938
500	782	752	10407
500	1508	1423	10130
500	1574	1491	9840
500	1585	1478	10564
500	1658	1557	22763
500	1646	1542	9677
500	1602	1502	23158
500	1655	1538	23758
500	1557	1489	23612
500	1651	1551	9685
500	827	791	10175
500	1586	1490	9363
500	1784	1673	9550
500	885	844	24079
500	1700	1605	9287
500	1489	1407	10228
500	1482	1397	9774
500	1797	1661	22835
500	1553	1465	23025
500	795	761	9418
500	1712	1600	9282
500	1645	1531	10601
500	1662	1569	23363
500	1652	1547	9493
500	1716	1610	10054
500	1497	1417	23997
500	1755	1635	10511
500	1508	1428	10322
500	1634	1534	9431
500	1499	1421	9800
500	1758	1650	10068
500	1628	1526	22997
500	1553	1470	10107
500	1467	1395	10449
500	1664	1571	24075
500	1582	1480	22680
500	1563	1467	23412
500	1591	1488	9939
500	821	783	22710
600	1971	1866	28049
600	1771	1687	28069
600	2058	1932	27416
600	2084	1955	27903
600	1823	1731	12786
600	1737	1664	28098
600	1823	1732	28477
600	2132	2002	11067
600	2010	1898	28848
600	1695	1614	28663
600	1866	1768	27660
600	1973	1854	28546
600	1689	1605	27773
600	2057	1931	28154
600	2099	1966	11216
600	1955	1837	11336
600	1924	1809	12455
600	1968	1852	11849
600	1833	1755	27284
600	2169	2031	28883
600	1944	1839	27563
600	1968	1846	28940
600	1817	1718	11257
600	1729	1650	11361
600	1828	1733	28787
600	1990	1870	27548
600	2006	1880	27484
600	1983	1879	11092
600	1897	1805	28689
600	2010	1887	28675
600	1949	1832	11569
600	1976	1859	27417
600	2035	1917	28886
600	1940	1834	11606
600	2015	1915	12698
600	1947	1832	11134
600	2008	1879	27245
600	1924	1813	11794
600	1915	1809	11515
600	1930	1816	12211
600	1770	1681	12583
600	1989	1875	27328
600	1969	1865	11969
600	2169	2028	12036
600	1916	1825	27372
600	1756	1673	11426
600	2076	1947	28278
600	1873	1772	11872
600	1913	1803	12325
600	1770	1680	12241
700	2202	2091	33129
700	2289	2178	13795
700	2479	2329	13722
700	2087	1987	14261
700	1234	1181	33328
700	2387	2249	13160
700	2289	2162	14347
700	2388	2265	13476
700	2356	2236	14821
700	2132	2033	33138
700	2287	2162	32420
700	2400	2258	14004
700	2186	2074	14439
700	2365	2228	32058
700	2400	2260	14017
700	2363	2239	13187
700	2076	1975	13336
700	2430	2276	12932
700	2019	1942	33224
700	2183	2071	14363
700	2427	2287	33085
700	2171	2059	33292
700	2379	2253	14313
700	2030	1935	14016
700	2326	2199	33536
700	2120	2019	13932
700	2425	2307	13478
700	2242	2142	14903
700	2295	2180	14693
700	2548	2394	14231
700	2204	2097	31838
700	2511	2357	32432
700	2209	2107	13942
700	2277	2162	32401
700	2050	1964	33429
700	2042	1972	32010
700	2541	2384	12893
700	2313	2179	14616
700	2320	2198	32081
700	2435	2294	14659
700	1231	1178	13881
700	2378	2248	33474
700	2239	2120	13338
700	2495	2354	32385
700	2431	2299	32342
700	2087	1996	12836
700	2409	2271	33548
700	2314	2186	13107
700	2290	2164	13784
700	2380	2256	14137
800	2681	2537	36359
800	2615	2486	37750
800	2767	2619	16917
800	2515	2406	16167
800	2180	2092	16384
800	2649	2504	36745
800	2683	2553	37546
800	2628	2497	37475
800	1272	1234	37980
800	2495	2363	14896
800	2750	2610	16668
800	2716	2572	14709
800	2635	2511	15611
800	2616	2485	38410
800	1324	1275	38650
800	2516	2415	15136
800	2407	2295	38105
800	2612	2475	15529
800	2720	2564	14841
800	2331	2235	38573
800	2648	2518	14748
800	2620	2512	36749
800	2685	2542	16600
800	2884	2728	36844
800	2385	2299	36635
800	2704	2551	36542
800	2218	2131	37449
800	2809	2656	37750
800	2763	2619	14957
800	2686	2539	37788
800	2269	2183	36758
800	2596	2470	16747
800	2401	2282	16426
800	2730	2577	38436
800	2667	2532	36443
800	2604	2490	37406
800	2490	2379	14771
800	2450	2324	37568
800	2442	2343	37258
800	2742	2592	36940
800	1221	1190	38382
800	2804	2640	15621
800	2774	2621	15094
800	2544	2418	16304
800	2559	2416	37834
800	2449	2338	36506
800	2373	2275	14745
800	2570	2447	37552
800	2437	2318	17030
800	2427	2323	16312
900	3125	2985	42923
900	2966	2819	41629
900	3136	2967	18502
900	3048	2884	42216
900	3037	2890	17394
900	2613	2503	17634
900	2707	2592	17541
900	3023	2864	41802
900	2982	2844	17257
900	3116	2944	18521
900	2821	2682	42070
900	3042	2882	19045
900	2826	2712	18382
900	2935	2802	18105
900	2686	2578	42257
900	2855	2716	17710
900	2900	2763	18574
900	2823	2680	41597
900	1468	1418	42181
900	2838	2719	42322
900	2707	2597	18101
900	2866	2722	41003
900	2968	2818	17103
900	2855	2719	42299
900	3120	2955	43442
900	3239	3060	43356
900	3127	2967	42311
900	2876	2723	18827
900	2943	2812	17591
900	2877	2751	17845
900	2954	2825	41330
900	2961	2822	17264
900	2783	2656	18163
900	2949	2809	18683
900	3241	3061	19008
900	2778	2665	18867
900	3058	2885	19071
900	1134	1127	18502
900	3067	2915	42800
900	3021	2861	43261
900	3040	2868	42358
900	3018	2866	41282
900	2779	2660	18421
900	2986	2850	16924
900	2806	2678	17964
900	3234	3041	17565
900	3051	2908	19026
900	3014	2870	40837
900	3277	3109	42285
900	3061	2914	18415
1000	3453	3286	20565
1000	3342	3190	47225
1000	3316	3174	19536
1000	3019	2899	46405
1000	3039	2908	46785
1000	3466	3292	19804
1000	3264	3119	18705
1000	3155	3009	18573
1000	3376	3207	45575
1000	3362	3197	19821
1000	3277	3124	18518
1000	3459	3271	47385
1000	1732	1660	46197
1000	3426	3256	46927
1000	2887	2770	46252
1000	3198	3063	20434
1000	3400	3214	46410
1000	3364	3202	46990
1000	3357	3182	46502
1000	2859	2749	47094
1000	3269	3118	18549
1000	3522	3342	45432
1000	3322	3152	20867
1000	3180	3030	19852
1000	3147	3007	45586
1000	3281	3135	47092
1000	3366	3200	46751
1000	2974	2855	19161
1000	3264	3109	47129
1000	3030	2914	46576
1000	3379	3208	46087
1000	3334	3196	19004
1000	3093	2945	19353
1000	3102	2972	19923
1000	3316	3181	18964
1000	3541	3371	47099
1000	3222	3054	46460
1000	3252	3113	20186
1000	3071	2938	47218
1000	3184	3045	20522
1000	3473	3316	47459
1000	3303	3159	20165
1000	3313	3162	20305
1000	1287	1276	47976
1000	3493	3336	18895
1000	3167	3025	47227
1000	3305	3142	18532
1000	3162	3019	46067
1000	1646	1594	45844
1000	3281	3135	47848
1100	3549	3400	51435
1100	3710	3533	22304
1100	3808	3638	53006
1100	3654	3480	21255
1100	3803	3617	21270
1100	3804	3626	20829
1100	3813	3628	52297
1100	3789	3594	51652
1100	3873	3683	51083
1100	3449	3286	20933
1100	3551	3387	51521
1100	3609	3455	22587
1100	3834	3666	22411
1100	3647	3466	21750
1100	3648	3468	52306
1100	3600	3432	52568
1100	3224	3110	20539
1100	3677	3525	52144
1100	3400	3266	20264
1100	3775	3610	23228
1100	3520	3365	52924
1100	3227	3092	21573
1100	3517	3359	51168
1100	1739	1689	51847
1100	3508	3354	50265
1100	3782	3609	52832
1100	3531	3379	23079
1100	3571	3414	20706
1100	3463	3311	50931
1100	3604	3448	52096
1100	3845	3667	51021
1100	3599	3449	20686
1100	3616	3458	52596
1100	3935	3747	21351
1100	3795	3597	20913
1100	3495	3348	52050
1100	3440	3290	52650
1100	3764	3590	50220
1100	3903	3725	52486
1100	3194	3080	22870
1100	3655	3487	50198
1100	3493	3341	22726
1100	3880	3690	22568
1100	3627	3468	51373
1100	3131	3018	21514
1100	3569	3424	20959
1100	3451	3309	53130
1100	3884	3703	23130
1100	3785	3594	50991
1100	3499	3350	21604
1200	3885	3719	56384
1200	1936	1881	22179
1200	4111	3924	23842
1200	4018	3825	56390
1200	4065	3892	56143
1200	3915	3742	23342
1200	4265	4057	56291
1200	2000	1929	23350
1200	1901	1846	23058
1200	4117	3930	55479
1200	3757	3589	24391
1200	3976	3791	22303
1200	3882	3727	55626
1200	4094	3907	22226
1200	4030	3861	57269
1200	3873	3709	25281
1200	3927	3749	57945
1200	3977	3814	23515
1200	4157	3976	23057
1200	4097	3918	54757
1200	3940	3773	57750
1200	4004	3823	55292
1200	3747	3592	24271
1200	3870	3705	23120
1200	4139	3946	24539
1200	4026	3849	56844
1200	3678	3529	25541
1200	4131	3931	23500
1200	4042	3855	24631
1200	3958	3775	24697
1200	3506	3391	56461
1200	4035	3868	22860
1200	4236	4059	56512
1200	3980	3792	55995
1200	3966	3789	23450
1200	3658	3510	24812
1200	3933	3748	25035
1200	3973	3793	22014
1200	4044	3865	23422
1200	3967	3780	22463
1200	3934	3766	22274
1200	3797	3630	23872
1200	4100	3921	56143
1200	3534	3403	57987
1200	4109	3935	23548
1200	4128	3942	54752
1200	4104	3922	57865
1200	3688	3543	25141
1200	3977	3787	57015
1200	3846	3675	24234
1300	4221	4055	61420
1300	2097	2040	27594
1300	4453	4256	27321
1300	4252	4083	60328
1300	3785	3646	60535
1300	4045	3899	26044
1300	4078	3931	60878
1300	3798	3664	24890
1300	4411	4213	61692
1300	4260	4076	59484
1300	2001	1952	60476
1300	4489	4268	62069
1300	4057	3899	26565
1300	4232	4063	60269
1300	3639	3531	60366
1300	4281	4104	61708
1300	4433	4235	27084
1300	3686	3561	61371
1300	4474	4273	59024
1300	4140	3968	61450
1300	4590	4379	60606
1300	4413	4233	61963
1300	4305	4136	27499
1300	4241	4075	24794
1300	4338	4155	23954
1300	3984	3843	26242
1300	4155	3989	25013
1300	4195	4022	26355
1300	4192	4024	61075
1300	2120	2061	59609
1300	4189	4028	26507
1300	4095	3942	25024
1300	3967	3813	60182
1300	4471	4278	25742
1300	4457	4249	61377
1300	4449	4235	60180
1300	3801	3650	62063
1300	4224	4037	25426
1300	4150	3993	61539
1300	4200	4029	60503
1300	4336	4143	27642
1300	3608	3510	61830
1300	3949	3807	59344
1300	4402	4194	59228
1300	4123	3972	59563
1300	4095	3937	25291
1300	4220	4032	25572
1300	4261	4079	26818
1300	1940	1910	59096
1300	3840	3702	24473
1400	2434	2351	26645
1400	4414	4243	26243
1400	4870	4635	27450
1400	4545	4349	64092
1400	4600	4414	27112
1400	4555	4361	64951
1400	4237	4090	66784
1400	4631	4434	29721
1400	4588	4414	65473
1400	4753	4547	25845
1400	4579	4385	29622
1400	4705	4509	65514
1400	4685	4492	26631
1400	5027	4795	29249
1400	4380	4201	25795
1400	4571	4390	64248
1400	4367	4214	25874
1400	4701	4500	29821
1400	4514	4323	25927
1400	4568	4399	64701
1400	4808	4598	65602
1400	4703	4507	28413
1400	4841	4634	64498
1400	4744	4552	64942
1400	4776	4553	65054
1400	4569	4369	63671
1400	4771	4573	67381
1400	4535	4348	64814
1400	4544	4365	66730
1400	4640	4438	64795
1400	4730	4537	66175
1400	4827	4613	65914
1400	4860	4633	67657
1400	4591	4385	65036
1400	4423	4242	28751
1400	4522	4339	26994
1400	4777	4583	27686
1400	4498	4325	67326
1400	4621	4434	25766
1400	4548	4344	26300
1400	4452	4280	29175
1400	4347	4187	65183
1400	4472	4301	27078
1400	4681	4488	26869
1400	4673	4495	26829
1400	4464	4295	67290
1400	4524	4317	28350
1400	4562	4364	27063
1400	4570	4377	67345
1400	4790	4581	26462
1500	4622	4465	70846
1500	4947	4715	71835
1500	4972	4735	70801
1500	4574	4410	72328
1500	5263	5024	28769
1500	4716	4523	28727
1500	2518	2446	31640
1500	5351	5101	71575
1500	5070	4861	28087
1500	4756	4574	29115
1500	5069	4860	68258
1500	5105	4905	68692
1500	5332	5099	31844
1500	4441	4276	72016
1500	5265	5038	70206
1500	4888	4677	30666
1500	5116	4887	69787
1500	4635	4469	27904
1500	2421	2362	70240
1500	4990	4780	71617
1500	4847	4643	30248
1500	4975	4793	70710
1500	5170	4944	70096
1500	4408	4257	28125
1500	5034	4846	31992
1500	4639	4469	30850
1500	4960	4764	71815
1500	5049	4856	69947
1500	1962	1941	29459
1500	4632	4463	68727
1500	4742	4533	31926
1500	4723	4572	28170
1500	4665	4496	28042
1500	5098	4885	68523
1500	5069	4849	29126
1500	4654	4489	28189
1500	4675	4515	71181
1500	2442	2386	31066
1500	4919	4718	71811
1500	4768	4595	31458
1500	4595	4429	71743
1500	4933	4743	68834
1500	5044	4835	70360
1500	5119	4899	71087
1500	4943	4739	31773
1500	4932	4722	69737
1500	4713	4536	69760
1500	5058	4829	68591
1500	5253	5016	70757
1500	5095	4884	71117
1600	5295	5073	72719
1600	5129	4935	31198
1600	4920	4748	72623
1600	5514	5283	76236
1600	5458	5246	75362
1600	5454	5230	31202
1600	5515	5270	75465
1600	4882	4721	34063
1600	5198	4991	76657
1600	4698	4554	33562
1600	5701	5464	31349
1600	5639	5413	30205
1600	5311	5090	30194
1600	5160	4955	31581
1600	2519	2465	75185
1600	5285	5081	74147
1600	5534	5310	75072
1600	5122	4931	30234
1600	5176	4970	73666
1600	5408	5178	29507
1600	5018	4840	76421
1600	4816	4644	30121
1600	5025	4859	73437
1600	5614	5380	31092
1600	5437	5221	75866
1600	5073	4892	77079
1600	5292	5092	74543
1600	4945	4775	75961
1600	5326	5110	31546
1600	5539	5313	32638
1600	5560	5325	31930
1600	4940	4776	32551
1600	4494	4376	72780
1600	2649	2577	73038
1600	5048	4860	34028
1600	5516	5277	30921
1600	5065	4890	29618
1600	5372	5133	30415
1600	5332	5117	76641
1600	4644	4494	31968
1600	5266	5056	30403
1600	5504	5278	74172
1600	5136	4926	33460
1600	5596	5355	76785
1600	5211	5012	29378
1600	5463	5221	31712
1600	5242	5036	75859
1600	5245	5041	30938
1600	5064	4879	29458
1600	5014	4829	74928
1700	5526	5324	81882
1700	5004	4833	77946
1700	5539	5316	34900
1700	5676	5453	79205
1700	5633	5421	79440
1700	5914	5645	77608
1700	5852	5603	31511
1700	5689	5461	78643
1700	5483	5277	32785
1700	5828	5596	77863
1700	5552	5324	77423
1700	2279	2250	78670
1700	5662	5428	36207
1700	5521	5303	82052
1700	2734	2678	35402
1700	5692	5466	35949
1700	5886	5661	81932
1700	5802	5532	32113
1700	5514	5308	36073
1700	5722	5506	81435
1700	5836	5599	80516
1700	5450	5255	79634
1700	5424	5240	78640
1700	2904	2824	80919
1700	5924	5652	33310
1700	5726	5489	81674
1700	5723	5499	31391
1700	5723	5490	36162
1700	5802	5562	34073
1700	5436	5234	34162
1700	5522	5314	80126
1700	5511	5323	31196
1700	5747	5537	79838
1700	5622	5423	79769
1700	5576	5370	81117
1700	2759	2690	33511
1700	5550	5349	34455
1700	5825	5597	34106
1700	5749	5517	77090
1700	2756	2699	32241
1700	4899	4742	77089
1700	5165	4975	81447
1700	5331	5139	32253
1700	5733	5505	33628
1700	5644	5416	81280
1700	6027	5774	31527
1700	5614	5412	77774
1700	5039	4875	33663
1700	5433	5242	81700
1700	5640	5394	32362
1800	6216	5980	37065
1800	6311	6047	86071
1800	6111	5870	84003
1800	5948	5724	37152
1800	5821	5596	33733
1800	5775	5572	85486
1800	2808	2753	86887
1800	5991	5785	35624
1800	6226	5956	34248
1800	6136	5887	36003
1800	5997	5751	83604
1800	5894	5689	82271
1800	5914	5708	84783
1800	5839	5639	33300
1800	5882	5670	86173
1800	2781	2731	85323
1800	5728	5499	35727
1800	5542	5338	84705
1800	6321	6053	36058
1800	5749	5566	38380
1800	5880	5690	37057
1800	6219	5986	86055
1800	6075	5857	84610
1800	5897	5675	82316
1800	5868	5660	36314
1800	6032	5802	85920
1800	6017	5795	82510
1800	5889	5673	86475
1800	5646	5459	36024
1800	6066	5805	82895
1800	6231	5988	37996
1800	5607	5422	35355
1800	6281	6039	82953
1800	5957	5725	85832
1800	6110	5861	85638
1800	5357	5188	33077
1800	6118	5894	33763
1800	6176	5935	86866
1800	6241	6001	83307
1800	5733	5534	37923
1800	5853	5649	33201
1800	5923	5688	36853
1800	5728	5521	35929
1800	5833	5636	84024
1800	6007	5776	82583
1800	6054	5830	37382
1800	6106	5848	35762
1800	5385	5229	83620
1800	5642	5455	36956
1800	5602	5419	33037
1900	6020	5806	38997
1900	6097	5883	38580
1900	6450	6216	86893
1900	6162	5947	37550
1900	6279	6054	39728
1900	6481	6226	86393
1900	5917	5725	86410
1900	3021	2954	86982
1900	5994	5801	88195
1900	6503	6248	89801
1900	6349	6107	37900
1900	2503	2477	89416
1900	5742	5558	37596
1900	5809	5626	90939
1900	3176	3093	39730
1900	6228	5987	35052
1900	6175	5951	89014
1900	6220	6006	39815
1900	6184	5966	87787
1900	6271	6036	37002
1900	5907	5693	40515
1900	6230	6029	89381
1900	6612	6331	39338
1900	6496	6227	89528
1900	6081	5860	35428
1900	3073	3003	88981
1900	6105	5903	90785
1900	6165	5944	87653
1900	5668	5495	87907
1900	6427	6186	90796
1900	6345	6107	37010
1900	6099	5877	88398
1900	6129	5911	87782
1900	5645	5442	91074
1900	6462	6199	37624
1900	5725	5548	90594
1900	6144	5926	90943
1900	6169	5961	40040
1900	6293	6065	91132
1900	6172	5960	89710
1900	6477	6191	35229
1900	6243	6015	87115
1900	6075	5866	37539
1900	6219	5990	37437
1900	6231	6013	87954
1900	6380	6130	86744
1900	6417	6167	90059
1900	6759	6493	91828
1900	6363	6112	35090
1900	6247	6008	87915
2000	6822	6559	42502
2000	5907	5724	37606
2000	6939	6661	37836
2000	7027	6731	96101
2000	6604	6374	36709
2000	3416	3316	40746
2000	6706	6474	91384
2000	6505	6266	92120
2000	6498	6279	96073
2000	6737	6485	37249
2000	6403	6180	42282
2000	6078	5866	37765
2000	6482	6280	95599
2000	6421	6178	94816
2000	6581	6340	95521
2000	6332	6144	90850
2000	6683	6414	37886
2000	6849	6553	90716
2000	6555	6316	91039
2000	6763	6494	40583
2000	6485	6271	92928
2000	5954	5783	95730
2000	6392	6182	39970
2000	6306	6073	38094
2000	6615	6349	37496
2000	3103	3043	41476
2000	6448	6237	39555
2000	6705	6457	42479
2000	6432	6234	94029
2000	6802	6533	38410
2000	6611	6370	95934
2000	6528	6317	93148
2000	6586	6377	96498
2000	6466	6258	41571
2000	6613	6364	40876
2000	6690	6442	39227
2000	6438	6227	90912
2000	6634	6392	41122
2000	6724	6457	91324
2000	3143	3074	92331
2000	7015	6720	94335
2000	6475	6256	41676
2000	6929	6667	38219
2000	6663	6419	42253
2000	6809	6537	95464
2000	3209	3137	94578
2000	6480	6249	92416
2000	6569	6316	94463
2000	6395	6155	91582
2000	6731	6470	93024
2100	7047	6786	100918
2100	7152	6911	98817
2100	7123	6860	42519
2100	7166	6893	100994
2100	7211	6942	97213
2100	6957	6693	99944
2100	6882	6657	38711
2100	6931	6688	95704
2100	6900	6654	101043
2100	6884	6617	40660
2100	6636	6439	97827
2100	6958	6684	95636
2100	7125	6860	44014
2100	6930	6685	44702
2100	6965	6710	99242
2100	7087	6837	38741
2100	7061	6806	42627
2100	7070	6794	41223
2100	7302	7027	98019
2100	6831	6592	100109
2100	6672	6468	40350
2100	7041	6767	100873
2100	7037	6763	97748
2100	6969	6714	100748
2100	7348	7063	97774
2100	7440	7159	41792
2100	6814	6561	43191
2100	6765	6526	41341
2100	7017	6761	39197
2100	3550	3453	39880
2100	7079	6825	99447
2100	6808	6579	43521
2100	3545	3462	101230
2100	7192	6944	97123
2100	6618	6393	44391
2100	6955	6718	42860
2100	7038	6816	38590
2100	7136	6877	98018
2100	7085	6829	98644
2100	6734	6497	98831
2100	6564	6360	99367
2100	6794	6558	40548
2100	6838	6600	99295
2100	7324	7066	42179
2100	7164	6898	39418
2100	6172	5998	38783
2100	6976	6739	98109
2100	7135	6887	99386
2100	7010	6764	42740
2100	6993	6770	43832
2200	7491	7228	41347
2200	7598	7338	46353
2200	6667	6470	41671
2200	7352	7096	103828
2200	7086	6863	105403
2200	7419	7163	101134
2200	7359	7090	103398
2200	7175	6914	45465
2200	7275	7023	105629
2200	7127	6885	104491
2200	7387	7127	44599
2200	6982	6763	105927
2200	7401	7133	102071
2200	7524	7254	100819
2200	3640	3559	104406
2200	7668	7383	99780
2200	7217	6977	42790
2200	7146	6878	45020
2200	6915	6675	44174
2200	7515	7227	40888
2200	7221	6968	101206
2200	7123	6873	41918
2200	7285	7036	100411
2200	7079	6852	45579
2200	7348	7105	42246
2200	6683	6480	102787
2200	7278	7039	105064
2200	7074	6825	105143
2200	7358	7088	46206
2200	7040	6809	105192
2200	7764	7471	105878
2200	7428	7143	45572
2200	6822	6613	100348
2200	7695	7397	46659
2200	7102	6866	45776
2200	7312	7045	101141
2200	7160	6907	43511
2200	6671	6489	104524
2200	7185	6942	101242
2200	7415	7144	103817
2200	7293	7022	46915
2200	7457	7195	103143
2200	7440	7183	45395
2200	7556	7275	104072
2200	7689	7402	106107
2200	6648	6441	103272
2200	7201	6933	42983
2200	6593	6401	101508
2200	7624	7326	42108
2200	7389	7141	101469
2300	6581	6392	110977
2300	7503	7233	106244
2300	7920	7643	104271
2300	7498	7256	108797
2300	7594	7348	43385
2300	7600	7337	45424
2300	6959	6763	42363
2300	7049	6850	111041
2300	7909	7617	45773
2300	7550	7296	48852
2300	3806	3705	105253
2300	7823	7557	109669
2300	7567	7318	105560
2300	7626	7354	48620
2300	7664	7410	42499
2300	7690	7397	109155
2300	7547	7301	45981
2300	7635	7352	110553
2300	7476	7200	45437
2300	7719	7437	108528
2300	7380	7129	44181
2300	7441	7186	44577
2300	7514	7250	106923
2300	7834	7542	106217
2300	7488	7223	46449
2300	6720	6569	48392
2300	6796	6614	46819
2300	7721	7433	104506
2300	8079	7759	106812
2300	7788	7513	108793
2300	3761	3667	104624
2300	7360	7145	47333
2300	3708	3615	48580
2300	7815	7540	109556
2300	7737	7458	108504
2300	7757	7487	43336
2300	7556	7304	46295
2300	7261	7030	110122
2300	7840	7565	107784
2300	7511	7248	44136
2300	7804	7544	104708
2300	7549	7307	107979
2300	7911	7625	107265
2300	7445	7207	109799
2300	7470	7251	48606
2300	6791	6606	107859
2300	7461	7211	108811
2300	7458	7210	104271
2300	7581	7314	106715
2300	8215	7928	109749
2400	7828	7580	115086
2400	8092	7833	49724
2400	7825	7567	113643
2400	3993	3893	46265
2400	8197	7894	44252
2400	7247	7040	46092
2400	7651	7415	114676
2400	7951	7684	108805
2400	7980	7708	44307
2400	7937	7639	113187
2400	7606	7363	114709
2400	8001	7735	111243
2400	3929	3842	115627
2400	7884	7630	47774
2400	7899	7634	112026
2400	7695	7468	49672
2400	8035	7768	46356
2400	7789	7515	45883
2400	7667	7409	109702
2400	8254	7926	48069
2400	8143	7863	109084
2400	6844	6671	50584
2400	6933	6734	45019
2400	7087	6869	49284
2400	7771	7516	48132
2400	8227	7942	111053
2400	8376	8111	115195
2400	7238	7057	49853
2400	8082	7797	108995
2400	7473	7232	109856
2400	8027	7755	45683
2400	7948	7681	48361
2400	8171	7882	115788
2400	7743	7487	48498
2400	8011	7758	50035
2400	7148	6944	49549
2400	8047	7787	110681
2400	8274	7964	114516
2400	7297	7070	113237
2400	8015	7742	110144
2400	7735	7495	44500
2400	7813	7521	50065
2400	8018	7752	47203
2400	8330	8042	45932
2400	7988	7731	112405
2400	7135	6940	48805
2400	8196	7920	115960
2400	7946	7664	108900
2400	8097	7784	113334
2400	8189	7868	111777
2500	8439	8136	115263
2500	8558	8266	47070
2500	8111	7828	113935
2500	8058	7810	47654
2500	7814	7568	51663
2500	8647	8334	118098
2500	8529	8243	46487
2500	8220	7942	117545
2500	8169	7908	116367
2500	8559	8251	117672
2500	8154	7883	120456
2500	7730	7506	117583
2500	8325	8026	118668
2500	7865	7620	116214
2500	7989	7765	47438
2500	8473	8182	115634
2500	8544	8238	117196
2500	8515	8211	49734
2500	8375	8092	120385
2500	8645	8340	52578
2500	4088	4003	51048
2500	8063	7824	114931
2500	8540	8249	119901
2500	7791	7557	49182
2500	8029	7758	51554
2500	8495	8200	49814
2500	8116	7871	115061
2500	7171	6981	46484
2500	8277	8010	115610
2500	7324	7118	113620
2500	8433	8157	51114
2500	8397	8090	46666
2500	8198	7924	117185
2500	7425	7213	119881
2500	7972	7706	118563
2500	8113	7849	50389
2500	8818	8508	48719
2500	8472	8178	50286
2500	8185	7898	113657
2500	8575	8289	47930
2500	8073	7824	113824
2500	8543	8251	52146
2500	8446	8157	52543
2500	8243	7954	46569
2500	8375	8094	120658
2500	8173	7917	51750
2500	8362	8088	47297
2500	7895	7673	52408
2500	7801	7581	114602
2500	8438	8147	49893
2600	8850	8560	52341
2600	8949	8646	122512
2600	8449	8199	119444
2600	8887	8586	123052
2600	8450	8198	124281
2600	8359	8085	124801
2600	8938	8616	48874
2600	4216	4121	120769
2600	8363	8132	51887
2600	8664	8378	54716
2600	8632	8377	52846
2600	8874	8565	120635
2600	8558	8281	55295
2600	8599	8305	123416
2600	8519	8240	50767
2600	8469	8210	122339
2600	8892	8596	118938
2600	8290	8034	120957
2600	8102	7874	53015
2600	8432	8161	119899
2600	8819	8526	51505
2600	8856	8541	125196
2600	7730	7518	52764
2600	8800	8498	49327
2600	8498	8195	122562
2600	8610	8314	122477
2600	8434	8166	119098
2600	8447	8176	48422
2600	4318	4220	118054
2600	8396	8134	50341
2600	8411	8140	123207
2600	8507	8238	125471
2600	8726	8445	48873
2600	8925	8611	118539
2600	7729	7509	124760
2600	8978	8663	122040
2600	8715	8415	120643
2600	8812	8493	124957
2600	8548	8271	51399
2600	8514	8235	125525
2600	8478	8195	50416
2600	8558	8285	49849
2600	8555	8280	119834
2600	8703	8381	122836
2600	8853	8547	124590
2600	8720	8434	118829
2600	8489	8215	119460
2600	8697	8423	121294
2600	8320	8046	49072
2600	4489	4370	54808
2700	8841	8563	124192
2700	9007	8700	52466
2700	8036	7814	124641
2700	8612	8347	127479
2700	9100	8790	128354
2700	8976	8675	123966
2700	9128	8845	53072
2700	8984	8689	122893
2700	8618	8352	50124
2700	8220	7984	52043
2700	8874	8607	52535
2700	8853	8563	126846
2700	9270	8951	57028
2700	8806	8494	56250
2700	8697	8426	129544
2700	8454	8233	57520
2700	9162	8836	124838
2700	9340	9021	53683
2700	8845	8574	51101
2700	8481	8235	129386
2700	8917	8617	129307
2700	8760	8463	57431
2700	8567	8294	53312
2700	4436	4352	130241
2700	9128	8797	127072
2700	9070	8771	52652
2700	8897	8575	128351
2700	9025	8704	129371
2700	8678	8397	125188
2700	8458	8181	55597
2700	8827	8553	129965
2700	8809	8558	122471
2700	8786	8508	52934
2700	4314	4232	50314
2700	9281	8952	123379
2700	8964	8678	49900
2700	9465	9132	130361
2700	9158	8845	51079
2700	9063	8749	129810
2700	8849	8555	56778
2700	8904	8632	123011
2700	8902	8630	50434
2700	9040	8758	50569
2700	9032	8725	123167
2700	8670	8408	126091
2700	9371	9048	52495
2700	9410	9062	53617
2700	8865	8595	53622
2700	9059	8748	54087
2700	9132	8833	55051
2800	9319	9006	128318
2800	9465	9160	130674
2800	8320	8083	52795
2800	8345	8114	129290
2800	9503	9181	130540
2800	9669	9355	52371
2800	9377	9090	55787
2800	9393	9105	51522
2800	9291	8988	128851
2800	9301	9012	129846
2800	8281	8064	129002
2800	9378	9076	52078
2800	4563	4472	134133
2800	9975	9587	53535
2800	9807	9476	53076
2800	9244	8933	130265
2800	4510	4410	131215
2800	9089	8825	129476
2800	8949	8681	55376
2800	8710	8473	54805
2800	9579	9262	59397
2800	9259	8952	53328
2800	8590	8316	127843
2800	9190	8905	127552
2800	9502	9198	58147
2800	8901	8631	127410
2800	9173	8874	57811
2800	4513	4422	132452
2800	8908	8661	133410
2800	9932	9586	129833
2800	9434	9147	59216
2800	9316	9007	126941
2800	9529	9203	56172
2800	9306	9015	52671
2800	9142	8842	134783
2800	9348	9065	132957
2800	4685	4569	134679
2800	9383	9077	128626
2800	8108	7904	54619
2800	9097	8807	134103
2800	9420	9111	52373
2800	9257	8978	134486
2800	8331	8089	134651
2800	9154	8890	58566
2800	8955	8666	56249
2800	9177	8908	129677
2800	9550	9222	58297
2800	9259	8981	56013
2800	9311	9005	53830
2800	8487	8263	129536
2900	9645	9328	137298
2900	9698	9394	58239
2900	9501	9217	135583
2900	9836	9538	132035
2900	4867	4749	55529
2900	9621	9285	58708
2900	9801	9474	58232
2900	9885	9560	135650
2900	9135	8907	139305
2900	9748	9452	57788
2900	9234	8955	132815
2900	9135	8876	132507
2900	9475	9217	134405
2900	9881	9543	60210
2900	8558	8323	135672
2900	9432	9159	57248
2900	9474	9192	58570
2900	9195	8964	135700
2900	9542	9202	61109
2900	9964	9631	58612
2900	9332	9053	132646
2900	9748	9445	59529
2900	9058	8790	139497
2900	9377	9089	60088
2900	9581	9286	58244
2900	4684	4597	60842
2900	8702	8464	138331
2900	10028	9724	55124
2900	9762	9429	134023
2900	9652	9351	136773
2900	9727	9402	60367
2900	8865	8605	133084
2900	9746	9440	57802
2900	9416	9116	57398
2900	9754	9428	138360
2900	9320	9059	56076
2900	9783	9448	139971
2900	9772	9448	134056
2900	4766	4652	139445
2900	8391	8214	56307
2900	8924	8678	56101
2900	9719	9397	134860
2900	4827	4720	138722
2900	9380	9086	58158
2900	9705	9404	57537
2900	9104	8841	58695
2900	10021	9654	61821
2900	9229	8955	134700
2900	9927	9620	59790
2900	8335	8132	132949
3000	9786	9469	63833
3000	10286	9952	137881
3000	10255	9915	58070
3000	9873	9565	56700
3000	9743	9447	136449
3000	10009	9685	58459
3000	9181	8916	60884
3000	9900	9587	60364
3000	10066	9754	62703
3000	4954	4848	61194
3000	10331	9996	142932
3000	9215	8957	62092
3000	10045	9706	58817
3000	9815	9536	143556
3000	9948	9642	139964
3000	10331	9984	141590
3000	9480	9197	63363
3000	9773	9483	143482
3000	9761	9454	63935
3000	10272	9947	62974
3000	10041	9740	138030
3000	10115	9769	55107
3000	10442	10110	139288
3000	10121	9779	144639
3000	9949	9612	59251
3000	9641	9375	60487
3000	10035	9723	138765
3000	9789	9498	140505
3000	3989	3947	55543
3000	4838	4732	56296
3000	8785	8565	61893
3000	9412	9124	138553
3000	10180	9899	63311
3000	9666	9385	56951
3000	9694	9432	57261
3000	8407	8197	56345
3000	10259	9926	137247
3000	4974	4865	58046
3000	9227	8964	138810
3000	10155	9829	142493
3000	9814	9545	144094
3000	9652	9336	60242
3000	9816	9498	143461
3000	10180	9844	138960
3000	9504	9234	62853
3000	10172	9841	56310
3000	9876	9585	139263
3000	9850	9559	140224
3000	10075	9748	139764
3000	9925	9632	62543
3100	10941	10578	147125
3100	10262	9941	143368
3100	10444	10150	64595
3100	8936	8708	144241
3100	10650	10293	64725
3100	5089	4987	149634
3100	10436	10123	149549
3100	10110	9789	143912
3100	9248	8995	65970
3100	10470	10141	148598
3100	10511	10216	146837
3100	11114	10724	62286
3100	10079	9778	145151
3100	10138	9829	146405
3100	10410	10067	148901
3100	10167	9890	66048
3100	10398	10091	58418
3100	10626	10287	141834
3100	8868	8684	141309
3100	10008	9734	63336
3100	10397	10092	146885
3100	10002	9702	59318
3100	10164	9839	60739
3100	10549	10230	65117
3100	10167	9877	142416
3100	9848	9572	144950
3100	10420	10100	57458
3100	10307	9974	64955
3100	5275	5151	146707
3100	9996	9736	145288
3100	9584	9357	149320
3100	10952	10589	65375
3100	10416	10073	63247
3100	4761	4700	57817
3100	10622	10270	144614
3100	10098	9796	143080
3100	10457	10138	141684
3100	10210	9889	149705
3100	9956	9688	148612
3100	10214	9897	146409
3100	9784	9534	60336
3100	10505	10149	60258
3100	10546	10212	142628
3100	10285	9950	58302
3100	9628	9348	60436
3100	10208	9883	143540
3100	10185	9885	142715
3100	10129	9842	65878
3100	10066	9739	144022
3100	10176	9872	148823
3200	10662	10305	153296
3200	11376	10988	60411
3200	9958	9700	59285
3200	10592	10256	147263
3200	10873	10542	65172
3200	10505	10161	147189
3200	10396	10126	62745
3200	10558	10256	63544
3200	10693	10374	59826
3200	10449	10132	61428
3200	10640	10328	148580
3200	10862	10505	59858
3200	10474	10174	58711
3200	10749	10432	65027
3200	10536	10252	59981
3200	10508	10185	63363
3200	11010	10623	148459
3200	10679	10341	65710
3200	10241	9959	147717
3200	10538	10224	145144
3200	10554	10237	62295
3200	10547	10211	151342
3200	8823	8649	67312
3200	10965	10636	60744
3200	10394	10095	59300
3200	11067	10721	145512
3200	9443	9228	67811
3200	11052	10697	153029
3200	10350	10055	148455
3200	10603	10291	148362
3200	10316	10031	149905
3200	10442	10149	147361
3200	10596	10292	145853
3200	10322	10026	145729
3200	10852	10511	152734
3200	10655	10346	66087
3200	10395	10083	65150
3200	10096	9805	67350
3200	10573	10253	152189
3200	11052	10731	60095
3200	10681	10360	62288
3200	10600	10268	145991
3200	10210	9939	64250
3200	10507	10186	63891
3200	10526	10220	65660
3200	10466	10160	64193
3200	10708	10388	152402
3200	10550	10236	65154
3200	10576	10261	60169
3200	10652	10327	62928
3300	10821	10483	63682
3300	10746	10433	67747
3300	10930	10595	155858
3300	10693	10388	155552
3300	5207	5117	69479
3300	10537	10258	69030
3300	11249	10909	62534
3300	10983	10634	60864
3300	10673	10385	156564
3300	10974	10629	155685
3300	10763	10444	151596
3300	10779	10454	63175
3300	11095	10780	67451
3300	10903	10588	156539
3300	11262	10928	64151
3300	10966	10662	70009
3300	10651	10372	67941
3300	10699	10379	63004
3300	10784	10474	65336
3300	10304	10030	159228
3300	11386	11034	155707
3300	11103	10758	67390
3300	11324	10961	65108
3300	11160	10810	157734
3300	10964	10644	63649
3300	11783	11394	152493
3300	10280	9992	159400
3300	11211	10884	66928
3300	10458	10179	62499
3300	10801	10473	61255
3300	10476	10195	158074
3300	11783	11379	63539
3300	10720	10420	60677
3300	10011	9743	69960
3300	10654	10369	63841
3300	10809	10497	66436
3300	11056	10706	156554
3300	11145	10807	154260
3300	5311	5218	67205
3300	10978	10647	70061
3300	11370	11029	65457
3300	10816	10504	64008
3300	10682	10375	70396
3300	10642	10332	154961
3300	11438	11081	65344
3300	10931	10614	64586
3300	11125	10807	158078
3300	10672	10366	62886
3300	10815	10492	61501
3300	10421	10149	152445
3400	11614	11254	70709
3400	11461	11121	64632
3400	11070	10732	67532
3400	11633	11280	161118
3400	11560	11255	159859
3400	11576	11210	71616
3400	11550	11205	161113
3400	11296	10976	68137
3400	11402	11050	72383
3400	11468	11147	155943
3400	11100	10789	161002
3400	11171	10872	159486
3400	10305	10071	67584
3400	11569	11191	64978
3400	11790	11408	156293
3400	11371	11022	67852
3400	10921	10596	159363
3400	11505	11145	164251
3400	11345	11005	68223
3400	9969	9703	159132
3400	11385	11024	66151
3400	5523	5420	158396
3400	11405	11052	163814
3400	11184	10884	157397
3400	11167	10820	67517
3400	10327	10050	65486
3400	11312	10997	155966
3400	10862	10535	64568
3400	11285	10958	157208
3400	11220	10863	155718
3400	11590	11241	155727
3400	11097	10791	70639
3400	11204	10867	70592
3400	11045	10748	72347
3400	11132	10786	156535
3400	11364	10993	64867
3400	11522	11170	160025
3400	5722	5600	63761
3400	11315	10964	160665
3400	10107	9865	161126
3400	11428	11039	64690
3400	11411	11057	71732
3400	10461	10204	155491
3400	10962	10630	160622
3400	5593	5478	157446
3400	11165	10817	67690
3400	11204	10866	160808
3400	5317	5243	159438
3400	11389	11057	155555
3400	11201	10877	162712
3500	11660	11300	167783
3500	5683	5584	159877
3500	11155	10824	162666
3500	10734	10487	166505
3500	11719	11366	159978
3500	11593	11250	66391
3500	11826	11485	64305
3500	11690	11342	72409
3500	11641	11295	160366
3500	11921	11555	168018
3500	12004	11613	68913
3500	11596	11254	160419
3500	11391	11046	72039
3500	11501	11168	165032
3500	11935	11573	167290
3500	11226	10947	73969
3500	12141	11738	69120
3500	12059	11689	159880
3500	11793	11450	161021
3500	11957	11597	64976
3500	11680	11345	72631
3500	11880	11535	167411
3500	11970	11603	158867
3500	11476	11160	72570
3500	10523	10279	165957
3500	11163	10868	168202
3500	11144	10857	166355
3500	11378	11066	162873
3500	11148	10844	72925
3500	11358	11037	64401
3500	11377	11079	160688
3500	10222	9949	162502
3500	11305	10995	168976
3500	11492	11184	64887
3500	11606	11267	67774
3500	12129	11751	165260
3500	11212	10931	71070
3500	11771	11413	67168
3500	11627	11294	70160
3500	11724	11371	162870
3500	11536	11160	165703
3500	11697	11365	65902
3500	11060	10744	66891
3500	10340	10076	67927
3500	11572	11233	166737
3500	11328	11000	68699
3500	10794	10483	64269
3500	11252	10946	74034
3500	5766	5647	67168
3500	11444	11142	163355
3600	12360	11982	68087
3600	11965	11630	75386
3600	11751	11397	167246
3600	12212	11813	75469
3600	11986	11618	166816
3600	11989	11636	72251
3600	12304	11921	167844
3600	11895	11552	67100
3600	12479	12125	173558
3600	11967	11628	171743
3600	12074	11717	76506
3600	12342	11978	165409
3600	10525	10275	67890
3600	12199	11873	68903
3600	5812	5703	66058
3600	11877	11546	73122
3600	11765	11425	164605
3600	5811	5697	69917
3600	10225	10000	71688
3600	11931	11573	76141
3600	10638	10356	172606
3600	6162	6003	66041
3600	11827	11474	167840
3600	11417	11105	173265
3600	11750	11419	173821
3600	12507	12116	72712
3600	12453	12059	75239
3600	11281	11003	164672
3600	12046	11701	70307
3600	11490	11176	167987
3600	5665	5582	172103
3600	12179	11814	168284
3600	11586	11293	74506
3600	10559	10301	167272
3600	11745	11405	69435
3600	10522	10294	164102
3600	11512	11210	67839
3600	12303	11938	173648
3600	11997	11652	167099
3600	12295	11870	166819
3600	12253	11894	166844
3600	11977	11644	167433
3600	12349	11972	67252
3600	12352	11975	67519
3600	12585	12189	168119
3600	12099	11745	163912
3600	12253	11904	70855
3600	12183	11797	168049
3600	11559	11254	75065
3600	5497	5434	167808
3700	12173	11813	174532
3700	11623	11299	168521
3700	12459	12099	73060
3700	12440	12082	167994
3700	12054	11745	167769
3700	11909	11562	169188
3700	11954	11630	167796
3700	12415	12055	71467
3700	11688	11394	75315
3700	12398	12010	77634
3700	12053	11717	73737
3700	12326	11963	168909
3700	12454	12097	76177
3700	12375	12023	68033
3700	12487	12112	69126
3700	11695	11392	74650
3700	12431	12064	78794
3700	12207	11833	176041
3700	12495	12122	75497
3700	11902	11602	68207
3700	10991	10721	178680
3700	12272	11936	177213
3700	10714	10475	175502
3700	12217	11861	68152
3700	12070	11722	72102
3700	12127	11787	173428
3700	12129	11784	77535
3700	12195	11876	74092
3700	12147	11788	173004
3700	12384	12002	177605
3700	12538	12208	68352
3700	12029	11691	169689
3700	12085	11737	71920
3700	12505	12159	175565
3700	12272	11889	76000
3700	12399	12019	71240
3700	11224	10908	73987
3700	11258	10987	76593
3700	11068	10800	76657
3700	12266	11903	172194
3700	12481	12095	171960
3700	11804	11502	167857
3700	12279	11929	72840
3700	12456	12087	75890
3700	5989	5879	78382
3700	12550	12163	78855
3700	12139	11805	175835
3700	12127	11806	175762
3700	12020	11710	72454
3700	11514	11243	72869
3800	12069	11743	75828
3800	12349	12010	76420
3800	12454	12109	74359
3800	12406	12065	175578
3800	12412	12041	176341
3800	12752	12387	178706
3800	12999	12614	179428
3800	12118	11770	78447
3800	12588	12229	80804
3800	11628	11330	75613
3800	6383	6270	176475
3800	12724	12357	181138
3800	6339	6204	79658
3800	12568	12162	179803
3800	13276	12876	178229
3800	12672	12298	179462
3800	12296	11961	70985
3800	12822	12442	79328
3800	12905	12501	70749
3800	12341	11993	80059
3800	12622	12248	70458
3800	6305	6192	174165
3800	12280	11943	183100
3800	12890	12487	77734
3800	12533	12205	75621
3800	12771	12366	71627
3800	12562	12218	172560
3800	6119	6003	181667
3800	12181	11860	174417
3800	11366	11095	77070
3800	12408	12055	81013
3800	12238	11882	183215
3800	12683	12322	172842
3800	12447	12092	70339
3800	12457	12079	75572
3800	12693	12317	182202
3800	6349	6232	71912
3800	12287	11974	76246
3800	12730	12371	75748
3800	12415	12085	179710
3800	12858	12468	74571
3800	12403	12083	172434
3800	12803	12413	174237
3800	11167	10896	80225
3800	12734	12396	173277
3800	12636	12273	70158
3800	13038	12602	79024
3800	12962	12534	175492
3800	12362	12015	79716
3800	12489	12153	173596
3900	12709	12372	72782
3900	12781	12466	73380
3900	6656	6504	81671
3900	13126	12742	82206
3900	12953	12589	75022
3900	13154	12757	183248
3900	12952	12612	81681
3900	12837	12474	76083
3900	6509	6384	178623
3900	12992	12641	72074
3900	12961	12594	187447
3900	12066	11738	188191
3900	12941	12578	182566
3900	12859	12502	186894
3900	12796	12445	185251
3900	12536	12178	178769
3900	12921	12514	72385
3900	12097	11784	177465
3900	12315	12021	180544
3900	12667	12353	178220
3900	13661	13213	81879
3900	12248	11945	177663
3900	13214	12825	178086
3900	12841	12526	76613
3900	12909	12550	75774
3900	12918	12544	180243
3900	12922	12543	78264
3900	11463	11193	73945
3900	13247	12894	182819
3900	12803	12500	83067
3900	12892	12537	183064
3900	12490	12194	184276
3900	13041	12665	184500
3900	12950	12609	74917
3900	12429	12104	79514
3900	13126	12737	71550
3900	12659	12336	82419
3900	12721	12394	185336
3900	12539	12185	74210
3900	12715	12365	185434
3900	12821	12444	78556
3900	6026	5957	177360
3900	13355	12957	177836
3900	12584	12269	73826
3900	13537	13153	185810
3900	12885	12507	71923
3900	12832	12459	185522
3900	12536	12216	178046
3900	12972	12617	179713
3900	13222	12815	184298
4000	11997	11723	82508
4000	13575	13161	182307
4000	13416	13035	79694
4000	13306	12934	79946
4000	13334	12974	82933
4000	6754	6611	79706
4000	11842	11566	74002
4000	13664	13290	74642
4000	12716	12434	83433
4000	13166	12806	79608
4000	13072	12750	81432
4000	13825	13389	192472
4000	13325	12935	189256
4000	13249	12865	79277
4000	13117	12776	78719
4000	12924	12577	74434
4000	12977	12632	80698
4000	13651	13244	188558
4000	13212	12836	190528
4000	13075	12710	190766
4000	13609	13218	186313
4000	13183	12810	75890
4000	12640	12334	191134
4000	12659	12353	185384
4000	13543	13167	75142
4000	13264	12870	190335
4000	13594	13191	78126
4000	13162	12810	183373
4000	13301	12911	181903
4000	13094	12751	74324
4000	13062	12703	186749
4000	13186	12842	85232
4000	13008	12636	84025
4000	13154	12812	83718
4000	12903	12579	183902
4000	13450	13055	80892
4000	13330	12976	188756
4000	13156	12811	81678
4000	13031	12656	80777
4000	13322	12985	74455
4000	12783	12451	183330
4000	13585	13187	191731
4000	13707	13277	79624
4000	12693	12370	83737
4000	13012	12637	185909
4000	13151	12807	84564
4000	6598	6481	191473
4000	13299	12897	181367
4000	13697	13301	82236
4000	11866	11592	80025
4100	11769	11521	80654
4100	13630	13265	197053
4100	13217	12904	84691
4100	13534	13191	187712
4100	12538	12232	196808
4100	13480	13146	189407
4100	13714	13333	191055
4100	13794	13386	190965
4100	12725	12385	77239
4100	13533	13171	193322
4100	13603	13262	196029
4100	13507	13149	80728
4100	14059	13617	85402
4100	13488	13119	83466
4100	13327	12957	81495
4100	13283	12898	190371
4100	13672	13297	197592
4100	14185	13801	84093
4100	14031	13631	87425
4100	12728	12400	87385
4100	13531	13136	86316
4100	13412	13062	76888
4100	13538	13140	77866
4100	13758	13397	194894
4100	13846	13457	78363
4100	13091	12754	195615
4100	13884	13491	190237
4100	13612	13201	191944
4100	13719	13354	196474
4100	13707	13314	83525
4100	13406	13021	188132
4100	13724	13334	196681
4100	13911	13519	188069
4100	13943	13551	79772
4100	13841	13435	85227
4100	13247	12890	84672
4100	13382	12995	81426
4100	11995	11714	77955
4100	13036	12724	189244
4100	13900	13445	79659
4100	13558	13197	193106
4100	13253	12868	186635
4100	13776	13353	189823
4100	13392	13042	190799
4100	13674	13288	83116
4100	12446	12164	186972
4100	13352	13007	79077
4100	13605	13247	193274
4100	14099	13707	186927
4100	14279	13831	185871
4200	13297	12988	84799
4200	14072	13647	194078
4200	14346	13949	194959
4200	13472	13108	195725
4200	14128	13729	77481
4200	14488	14073	195928
4200	14738	14273	192997
4200	14512	14109	192338
4200	13992	13583	83913
4200	13791	13404	89538
4200	14190	13792	199474
4200	13802	13440	202888
4200	13909	13501	88675
4200	12199	11926	80001
4200	13782	13451	83741
4200	13950	13518	78631
4200	14116	13715	81603
4200	13667	13326	83298
4200	14401	13955	86778
4200	14094	13679	85747
4200	13397	13023	201254
4200	13536	13193	202436
4200	12494	12211	87595
4200	13818	13426	88160
4200	14282	13887	78661
4200	13564	13195	195356
4200	13734	13377	77616
4200	13637	13291	200894
4200	14081	13638	78278
4200	14654	14205	77869
4200	14443	14015	84142
4200	12737	12440	202508
4200	14037	13662	85115
4200	13404	13063	88828
4200	13915	13537	202143
4200	13770	13394	192676
4200	14220	13814	79385
4200	14067	13676	83516
4200	14642	14213	192735
4200	13457	13096	199577
4200	7002	6863	88480
4200	14187	13782	80275
4200	14188	13769	198173
4200	13852	13487	79863
4200	13786	13459	88984
4200	14213	13813	88721
4200	13324	12982	88648
4200	14173	13782	85911
4200	13867	13508	201974
4200	14482	14036	81897
4300	14331	13968	78968
4300	14716	14275	81582
4300	14728	14313	198077
4300	14330	13961	196794
4300	14701	14290	198082
4300	14493	14062	206661
4300	14584	14195	91149
4300	14091	13706	90587
4300	13041	12774	198652
4300	14284	13906	207109
4300	14153	13765	82655
4300	14825	14371	205645
4300	14903	14495	202457
4300	14303	13890	201768
4300	14233	13874	84041
4300	14780	14377	90660
4300	12847	12574	82305
4300	14191	13773	80794
4300	14815	14360	199779
4300	14149	13780	200047
4300	13930	13570	203727
4300	14409	13964	205873
4300	15277	14821	88305
4300	14270	13884	81549
4300	13860	13537	84722
4300	14077	13680	197964
4300	13747	13419	203311
4300	13875	13518	79509
4300	12802	12512	200465
4300	14153	13784	199285
4300	14125	13741	86042
4300	14398	14007	197518
4300	15052	14604	87665
4300	14419	14038	207214
4300	13577	13225	202114
4300	14418	13995	204979
4300	14365	13950	205845
4300	13758	13419	206953
4300	14341	13964	204880
4300	13182	12841	78995
4300	14172	13763	195004
4300	7291	7143	83339
4300	14063	13688	195940
4300	14032	13655	206204
4300	14469	14072	204402
4300	13913	13542	90205
4300	14556	14140	205462
4300	14288	13890	83539
4300	13852	13480	83167
4300	14233	13819	80796
4400	14125	13781	202619
4400	12935	12634	209740
4400	14635	14214	88194
4400	14639	14237	205203
4400	14269	13906	209768
4400	14891	14485	209831
4400	14567	14151	208228
4400	14418	14036	90872
4400	13597	13286	205864
4400	14330	13969	81034
4400	14436	14052	204289
4400	14670	14274	93594
4400	15232	14764	207245
4400	14497	14119	81466
4400	14519	14132	85794
4400	15105	14647	91451
4400	15370	14944	209379
4400	14545	14174	89049
4400	7186	7053	211283
4400	14629	14230	210959
4400	14832	14447	211841
4400	14593	14197	88944
4400	14607	14232	203884
4400	14841	14436	200715
4400	14882	14441	87463
4400	14494	14089	201151
4400	7212	7080	83249
4400	14487	14087	210177
4400	14563	14178	83962
4400	14112	13795	206644
4400	13927	13579	83501
4400	15201	14770	86011
4400	14152	13806	85924
4400	14702	14297	92909
4400	14785	14388	212007
4400	14512	14144	206711
4400	12825	12534	211129
4400	14780	14424	209746
4400	14515	14129	206656
4400	14971	14529	212470
4400	13550	13254	89604
4400	14499	14120	86542
4400	13624	13302	202001
4400	14484	14082	82447
4400	12915	12629	90255
4400	14941	14542	88851
4400	14377	14012	206538
4400	14851	14415	85499
4400	7285	7152	207007
4400	14647	14223	89603
4500	14694	14329	93967
4500	15424	14960	93594
4500	13590	13240	215858
4500	14682	14300	214735
4500	14671	14279	208578
4500	14371	14006	215357
4500	15460	14997	87380
4500	14961	14554	212614
4500	14904	14520	214640
4500	14990	14583	204275
4500	15281	14872	93550
4500	15241	14824	216312
4500	15344	14890	206004
4500	14777	14398	208245
4500	15202	14759	208833
4500	14954	14556	93523
4500	13363	13053	91549
4500	14986	14580	94993
4500	15330	14889	87578
4500	14402	14040	205235
4500	14802	14433	211871
4500	14594	14191	92631
4500	14406	14053	210995
4500	15215	14819	90709
4500	15023	14625	90551
4500	15484	15024	208140
4500	15018	14645	95241
4500	13432	13148	213830
4500	7072	6970	83638
4500	14522	14145	210492
4500	14673	14286	207486
4500	14403	14011	205869
4500	15234	14832	206915
4500	14574	14215	95520
4500	13741	13419	206441
4500	15332	14893	93744
4500	14683	14300	213196
4500	14798	14386	86245
4500	15285	14900	91119
4500	14983	14580	94869
4500	15043	14594	213598
4500	13845	13493	206607
4500	14737	14385	207746
4500	15271	14848	95339
4500	15127	14715	83381
4500	15369	14914	208010
4500	14346	14020	214246
4500	14987	14576	93518
4500	14860	14456	213442
4500	14270	13905	85032
4600	7867	7698	209013
4600	15105	14743	88683
4600	7342	7234	216869
4600	15176	14757	90225
4600	15828	15397	221745
4600	15215	14852	97082
4600	13436	13126	87146
4600	14657	14302	94330
4600	15424	15006	88789
4600	15292	14855	215998
4600	14831	14439	93126
4600	15318	14894	84974
4600	15333	14915	93102
4600	15577	15140	213532
4600	14815	14458	220200
4600	14827	14475	92451
4600	7453	7319	210640
4600	15414	14989	218345
4600	14666	14327	211531
4600	15433	15015	209772
4600	15257	14865	93585
4600	15417	14961	87404
4600	15408	15035	221166
4600	15579	15158	88793
4600	15492	15060	88226
4600	15135	14729	87979
4600	15403	14971	93431
4600	15654	15242	222049
4600	15300	14919	211706
4600	7463	7341	86027
4600	15266	14850	222303
4600	15617	15190	91590
4600	15283	14838	220909
4600	15103	14740	88902
4600	15688	15278	218311
4600	14904	14518	86313
4600	14992	14608	212404
4600	14761	14412	92841
4600	15105	14712	93531
4600	15195	14815	89866
4600	15478	15080	210365
4600	13840	13522	209224
4600	7594	7451	88531
4600	7348	7223	93915
4600	15146	14733	85595
4600	15043	14669	89517
4600	14793	14439	211742
4600	15191	14781	217217
4600	15521	15102	214457
4600	15032	14643	87727
4700	15397	14993	218370
4700	15925	15524	98059
4700	13904	13600	215133
4700	15674	15275	87779
4700	15504	15083	88460
4700	15544	15135	224478
4700	15218	14832	88798
4700	13955	13645	87304
4700	15503	15105	219001
4700	16121	15679	89887
4700	15942	15501	217819
4700	13666	13406	95871
4700	15565	15160	226209
4700	15617	15201	224866
4700	15937	15497	216939
4700	15715	15261	88682
4700	15218	14849	89959
4700	14293	13933	92534
4700	14316	14002	89427
4700	15932	15513	218914
4700	16037	15586	91181
4700	15676	15274	217340
4700	15228	14840	97524
4700	15530	15120	88682
4700	15401	15014	88316
4700	15771	15328	86393
4700	15476	15038	221137
4700	7664	7523	95263
4700	15216	14866	226253
4700	15948	15506	94484
4700	15895	15466	224878
4700	14133	13820	89198
4700	15418	15019	96824
4700	15209	14862	97716
4700	14280	13939	96854
4700	13993	13727	100210
4700	15504	15100	96377
4700	15528	15117	95133
4700	14935	14572	94604
4700	15928	15493	92932
4700	15748	15295	94351
4700	15502	15086	220383
4700	15826	15371	222474
4700	15755	15360	219019
4700	14285	13940	220762
4700	14965	14612	219913
4700	15815	15367	226425
4700	15329	14956	218897
4700	5959	5936	88929
4700	15897	15458	86962
4800	16017	15584	218529
4800	14373	14057	102344
4800	16548	16100	102007
4800	15900	15488	97761
4800	7996	7847	225609
4800	15992	15559	225846
4800	16525	16073	94612
4800	16035	15601	93584
4800	14398	14082	228874
4800	15894	15462	219241
4800	15875	15471	95768
4800	15892	15459	228582
4800	15569	15185	226016
4800	15512	15141	223797
4800	16291	15846	101907
4800	15594	15228	92070
4800	14215	13917	225582
4800	14538	14207	96500
4800	15809	15408	97323
4800	15503	15079	97253
4800	15926	15539	225580
4800	7984	7827	90924
4800	16499	16037	219073
4800	16097	15692	219789
4800	15641	15276	224473
4800	15227	14858	90799
4800	16117	15700	228925
4800	15986	15612	95694
4800	16091	15617	231706
4800	15869	15458	99670
4800	15870	15469	99973
4800	15993	15581	231546
4800	16213	15775	227037
4800	15312	14937	97416
4800	15977	15537	88722
4800	15897	15505	227182
4800	15892	15461	98227
4800	16406	15940	88742
4800	16143	15726	220551
4800	16093	15678	97413
4800	16126	15671	97198
4800	15762	15321	219023
4800	16057	15633	89297
4800	15686	15310	224040
4800	15737	15351	95114
4800	15562	15154	223048
4800	15963	15560	220330
4800	16071	15639	94284
4800	16116	15667	100141
4800	16209	15771	227419
4900	16177	15775	229863
4900	15129	14767	91482
4900	16603	16165	225784
4900	8086	7928	90122
4900	16084	15686	226319
4900	16517	16058	235744
4900	16464	16023	103916
4900	16399	15987	234471
4900	16786	16323	90351
4900	16450	15976	103117
4900	16239	15812	226603
4900	16507	16079	94804
4900	15997	15576	231351
4900	15703	15348	235368
4900	16355	15917	103879
4900	16690	16237	102650
4900	16217	15818	228590
4900	16048	15682	227033
4900	16105	15636	103793
4900	15420	15084	234968
4900	16125	15754	94251
4900	15195	14831	229837
4900	15983	15582	92223
4900	15147	14781	98971
4900	16229	15835	102823
4900	16266	15854	229306
4900	16345	15900	223921
4900	16516	16061	222921
4900	15936	15551	222275
4900	16621	16167	235577
4900	16267	15853	92887
4900	16290	15921	104148
4900	16328	15911	223102
4900	16597	16096	100359
4900	16046	15651	223314
4900	16460	16013	230972
4900	16067	15625	235218
4900	16819	16353	103618
4900	15959	15554	225550
4900	15942	15538	224409
4900	15808	15392	231555
4900	15785	15382	229095
4900	8146	8003	100679
4900	15844	15486	235523
4900	16149	15734	90459
4900	15703	15346	91421
4900	16408	16016	93733
4900	16563	16100	93043
4900	16835	16417	224982
4900	16320	15928	222645
5000	16486	16073	229889
5000	16274	15872	103998
5000	16600	16154	106103
5000	17101	16670	97759
5000	16991	16531	235258
5000	16613	16199	97989
5000	17192	16728	106544
5000	16738	16315	237172
5000	16534	16120	104183
5000	15620	15269	98703
5000	16757	16348	234729
5000	16733	16279	236826
5000	16473	16095	97533
5000	16189	15796	99094
5000	16753	16319	227248
5000	17117	16646	95084
5000	16796	16353	96840
5000	17092	16602	236156
5000	17089	16623	97191
5000	16570	16145	104919
5000	16960	16521	94271
5000	16569	16151	102643
5000	16898	16471	236973
5000	16240	15841	236966
5000	16657	16200	227977
5000	16883	16390	102315
5000	16056	15674	102215
5000	16332	15943	228550
5000	16956	16519	101929
5000	16493	16039	101102
5000	17199	16731	231192
5000	16557	16148	234355
5000	16056	15675	91692
5000	16731	16287	93208
5000	6635	6588	234870
5000	17053	16564	232036
5000	16580	16167	237867
5000	16192	15776	91699
5000	16855	16404	233864
5000	16684	16271	104880
5000	16495	16067	105151
5000	8187	8052	231484
5000	16805	16352	229249
5000	15449	15149	96068
5000	16429	16020	95465
5000	16511	16066	228375
5000	13792	13520	95828
5000	16328	15937	228233
5000	14877	14527	98676
5000	16422	15935	228153
5100	17013	16552	108646
5100	16874	16466	234617
5100	16718	16282	240609
5100	16938	16530	106760
5100	16670	16252	106666
5100	16443	16061	237276
5100	16621	16186	233351
5100	16944	16509	99806
5100	8234	8096	98710
5100	16464	16086	239464
5100	17294	16808	94733
5100	16933	16511	240005
5100	16322	15932	242620
5100	16556	16152	98621
5100	16619	16187	234065
5100	16335	15956	94178
5100	17087	16625	233179
5100	15018	14724	103324
5100	16598	16213	238479
5100	17352	16900	232563
5100	17193	16743	235180
5100	14873	14551	243906
5100	16937	16516	234835
5100	17344	16878	96540
5100	16621	16222	235855
5100	8251	8122	93502
5100	16908	16450	107618
5100	17033	16614	238032
5100	16893	16493	101767
5100	17088	16658	105543
5100	16891	16470	101753
5100	17097	16616	237849
5100	17576	17080	238436
5100	17204	16770	235273
5100	17101	16642	97607
5100	17077	16650	237961
5100	16976	16513	106423
5100	16795	16328	232222
5100	17360	16899	239950
5100	14924	14639	107238
5100	17214	16770	236317
5100	17009	16556	242205
5100	16848	16415	243840
5100	17300	16850	238519
5100	16951	16521	98317
5100	15395	15072	106973
5100	17423	16982	238674
5100	16054	15692	103690
5100	17351	16874	234909
5100	15274	14959	98354
5200	17925	17415	108619
5200	17645	17166	110654
5200	16307	15943	244474
5200	17192	16747	246050
5200	17618	17118	104408
5200	17456	17001	98800
5200	16484	16118	102271
5200	17476	16973	104968
5200	17031	16640	108773
5200	17494	17043	246366
5200	17779	17290	108919
5200	16204	15845	97526
5200	17354	16903	249865
5200	17102	16657	248636
5200	15586	15236	95643
5200	16255	15944	241094
5200	15741	15383	97813
5200	15659	15296	96897
5200	17072	16648	110767
5200	17910	17417	238427
5200	17549	17104	102859
5200	17368	16936	98274
5200	17057	16623	100352
5200	17342	16926	98090
5200	17209	16773	96053
5200	17747	17290	101026
5200	18203	17646	246738
5200	8569	8409	245265
5200	17465	17001	98787
5200	17307	16881	241378
5200	17616	17161	103658
5200	17234	16815	101688
5200	17153	16705	104761
5200	17695	17248	107189
5200	17612	17129	105269
5200	16942	16555	105318
5200	17510	17087	106787
5200	17402	16955	237288
5200	17176	16772	239850
5200	15329	15003	103058
5200	16650	16226	108938
5200	17847	17350	250989
5200	16513	16119	98169
5200	17731	17283	236393
5200	17747	17252	250512
5200	16812	16406	246464
5200	17623	17188	240589
5200	17277	16847	240332
5200	17358	16930	105711
5200	17471	17017	249760
5300	17416	17004	102766
5300	17967	17505	241677
5300	17566	17153	107570
5300	18034	17544	111699
5300	18075	17591	253817
5300	18231	17713	252981
5300	17870	17414	106112
5300	17920	17479	106373
5300	16742	16357	240537
5300	17940	17461	100413
5300	16876	16505	110022
5300	17393	16954	98297
5300	17310	16892	108110
5300	17822	17406	251261
5300	17702	17256	110802
5300	17617	17137	254022
5300	17252	16864	254362
5300	17602	17152	104971
5300	16958	16597	102863
5300	17466	16988	247783
5300	17420	16987	250981
5300	17484	17081	250662
5300	8779	8628	240710
5300	18010	17511	106140
5300	17778	17334	245317
5300	17312	16933	243429
5300	17354	16920	247414
5300	17789	17302	248681
5300	17759	17320	111156
5300	17423	16981	248845
5300	17601	17128	241380
5300	17645	17184	105626
5300	17503	17060	247251
5300	17883	17399	104510
5300	17883	17439	110614
5300	18156	17668	249881
5300	8748	8587	106996
5300	17895	17454	248646
5300	17508	17068	247569
5300	17413	16964	107717
5300	18235	17757	254434
5300	15910	15524	255624
5300	17628	17172	243955
5300	17500	17037	100179
5300	17747	17330	112026
5300	8729	8599	102673
5300	17415	16978	249728
5300	17497	17096	98600
5300	17984	17538	248235
5300	17627	17189	255524
5400	17729	17296	104024
5400	17555	17139	246871
5400	18054	17614	108939
5400	17621	17225	245526
5400	17565	17167	102077
5400	17781	17321	248376
5400	17905	17448	250978
5400	17938	17471	109601
5400	18060	17604	253668
5400	18632	18133	106099
5400	18629	18131	255569
5400	18246	17802	99712
5400	17675	17238	246637
5400	18437	17936	259696
5400	18379	17869	113366
5400	17870	17437	111351
5400	8916	8771	102787
5400	17915	17440	102960
5400	18281	17807	253651
5400	18144	17728	110403
5400	17518	17085	249590
5400	18264	17803	100885
5400	18086	17647	260774
5400	18033	17602	113684
5400	17846	17405	250334
5400	18372	17881	107035
5400	17986	17507	109301
5400	17759	17348	113561
5400	17951	17478	112327
5400	18210	17775	256907
5400	15778	15473	245433
5400	9069	8895	250369
5400	18107	17629	245906
5400	17516	17104	251151
5400	17960	17504	104339
5400	16264	15921	115194
5400	17581	17130	101011
5400	17942	17495	104387
5400	17918	17529	108748
5400	8971	8809	103279
5400	18424	17942	257416
5400	17723	17277	253609
5400	17511	17087	104027
5400	18544	18042	104600
5400	16469	16118	101104
5400	17875	17451	255776
5400	18427	17978	248695
5400	18609	18126	107596
5400	18209	17752	256224
5400	18127	17676	260316
5500	18069	17632	257700
5500	19114	18574	263305
5500	17964	17546	262971
5500	18015	17538	114508
5500	19009	18493	101577
5500	17782	17399	255235
5500	17932	17483	265593
5500	18811	18270	104558
5500	18023	17597	263589
5500	18035	17636	106283
5500	18522	18061	114348
5500	9187	9022	264442
5500	18114	17674	101930
5500	17486	17095	263305
5500	18868	18382	117096
5500	18733	18222	258653
5500	17734	17336	108091
5500	16477	16115	257400
5500	17460	17061	102984
5500	19054	18536	256488
5500	18083	17628	252154
5500	18421	17972	114590
5500	18352	17914	117108
5500	17820	17402	264265
5500	16530	16170	256490
5500	17961	17522	108362
5500	18599	18122	253505
5500	18942	18424	258318
5500	18086	17653	258402
5500	16473	16140	103933
5500	18997	18499	106130
5500	19068	18557	104505
5500	17656	17266	251315
5500	17008	16638	257401
5500	17711	17317	263999
5500	18133	17674	111626
5500	17936	17534	259269
5500	18144	17708	114814
5500	18527	18077	252689
5500	18414	17932	259747
5500	18330	17886	250545
5500	18632	18168	106699
5500	16311	15978	254400
5500	17760	17320	104817
5500	18194	17748	102553
5500	17805	17394	262475
5500	9001	8858	264874
5500	18286	17816	253208
5500	18331	17873	263500
5500	17776	17376	106204
5600	18603	18152	260306
5600	18885	18422	265537
5600	18221	17776	113864
5600	18456	17988	268826
5600	9218	9051	113109
5600	17979	17546	114777
5600	18431	18005	255506
5600	18243	17779	108041
5600	18335	17902	112276
5600	18838	18380	103523
5600	18811	18364	266250
5600	8973	8849	261300
5600	19023	18539	119167
5600	18705	18212	103627
5600	19254	18770	114429
5600	18288	17858	106020
5600	18945	18464	264911
5600	18444	17991	257712
5600	18764	18276	116462
5600	18515	18047	103096
5600	19027	18512	255836
5600	18585	18152	259997
5600	18968	18493	116140
5600	18422	17959	270435
5600	18318	17888	108868
5600	18117	17699	264479
5600	18509	18055	257549
5600	19369	18864	115153
5600	18658	18197	104596
5600	17996	17605	264975
5600	18870	18366	116651
5600	18794	18319	264116
5600	18804	18329	261001
5600	18630	18146	257520
5600	17116	16738	110340
5600	16244	15957	107382
5600	18826	18321	268444
5600	18571	18126	259003
5600	18668	18197	117941
5600	18621	18171	259779
5600	18828	18369	262052
5600	16821	16462	118140
5600	19017	18544	104236
5600	19603	19103	263033
5600	18651	18200	109909
5600	18782	18311	107845
5600	18769	18262	270028
5600	18585	18102	105593
5600	18323	17889	267841
5600	18850	18394	118961
5700	19432	18885	109269
5700	18606	18141	109953
5700	19125	18633	111091
5700	18697	18237	266991
5700	18923	18480	114147
5700	18469	18016	107190
5700	19038	18549	259244
5700	19030	18567	274162
5700	19065	18616	107813
5700	18145	17750	119074
5700	18848	18351	264137
5700	19643	19124	261798
5700	18568	18101	265193
5700	18831	18364	105503
5700	18270	17827	269574
5700	18635	18187	113185
5700	18926	18505	105310
5700	19078	18613	115156
5700	19730	19213	273676
5700	18224	17845	263858
5700	18605	18194	119339
5700	19106	18622	120767
5700	18706	18271	111313
5700	18611	18188	116257
5700	19072	18575	117162
5700	9525	9364	107025
5700	9290	9157	273624
5700	18706	18262	263737
5700	19228	18724	110261
5700	18810	18365	110292
5700	18617	18195	116718
5700	19418	18905	273117
5700	19470	18946	274985
5700	18861	18425	275332
5700	18939	18484	114436
5700	18900	18425	105552
5700	19169	18665	106619
5700	19236	18762	112294
5700	19046	18572	109681
5700	18361	17936	264246
5700	19200	18730	259649
5700	18408	18021	113127
5700	19567	19070	263705
5700	16485	16184	104786
5700	18798	18332	107084
5700	19002	18529	274953
5700	19901	19416	108579
5700	19327	18855	109232
5700	19347	18836	119067
5700	19218	18730	107921
5800	19734	19242	107035
5800	17620	17227	280220
5800	19511	19053	270898
5800	19538	19043	120628
5800	19455	18961	275904
5800	9642	9504	268317
5800	19763	19256	112429
5800	19402	18957	265308
5800	18447	18025	108212
5800	19152	18693	118026
5800	19774	19274	109741
5800	19380	18921	278648
5800	19172	18732	118789
5800	19449	18974	113149
5800	18960	18514	119056
5800	19279	18832	277598
5800	19504	19004	275785
5800	19787	19287	122585
5800	18142	17732	266712
5800	18512	18139	264143
5800	19534	19022	109020
5800	9764	9583	271746
5800	9634	9461	109380
5800	19362	18878	268126
5800	19611	19088	118724
5800	18680	18281	110763
5800	18422	17962	115563
5800	19348	18861	277631
5800	19200	18733	269817
5800	18629	18200	119098
5800	19389	18912	111572
5800	18842	18380	121699
5800	19320	18852	110755
5800	19629	19139	274593
5800	9408	9246	273605
5800	19352	18827	265923
5800	19416	18948	269770
5800	19116	18651	263691
5800	18664	18216	270587
5800	19117	18683	113687
5800	19572	19080	265868
5800	18373	17946	116698
5800	19569	19083	109187
5800	19253	18769	112489
5800	17240	16882	121766
5800	19588	19072	117444
5800	19564	19072	114347
5800	9502	9348	267453
5800	19150	18696	279501
5800	19541	19035	264698
5900	18373	17959	278091
5900	18989	18576	280364
5900	17952	17600	279272
5900	19533	19065	277506
5900	9385	9253	284795
5900	17614	17210	123897
5900	20196	19662	272269
5900	19157	18724	279159
5900	19599	19140	118198
5900	20206	19703	271443
5900	19465	19031	113274
5900	19574	19143	274237
5900	19900	19425	121287
5900	19279	18822	271160
5900	19798	19295	278341
5900	19885	19382	108978
5900	19839	19309	110241
5900	19192	18807	119124
5900	19806	19365	278089
5900	18708	18345	109154
5900	20137	19614	278860
5900	20009	19497	278049
5900	19575	19104	122094
5900	19249	18802	125450
5900	20260	19730	278543
5900	19737	19249	269922
5900	19950	19422	121957
5900	9660	9506	284892
5900	19962	19462	284420
5900	19796	19346	284647
5900	19307	18857	109741
5900	19857	19407	125483
5900	19653	19179	111200
5900	20263	19718	272014
5900	19240	18803	121270
5900	20551	20017	281050
5900	19233	18819	275050
5900	17900	17542	119660
5900	16794	16482	268260
5900	20090	19587	275883
5900	19188	18751	281456
5900	19207	18751	284911
5900	19544	19097	278808
5900	19290	18791	276789
5900	17907	17514	273461
5900	19382	18904	111482
5900	20269	19755	270011
5900	20441	19935	124362
5900	20203	19678	268760
5900	18938	18517	277458
6000	19845	19353	278675
6000	19797	19358	285782
6000	18047	17668	287781
6000	19502	19079	280552
6000	19979	19525	286543
6000	19489	19029	126553
6000	19965	19459	273206
6000	20149	19631	289231
6000	19589	19143	275398
6000	20538	20029	115515
6000	20134	19655	273454
6000	20748	20204	121804
6000	21026	20466	272041
6000	19518	19017	287509
6000	20170	19680	281509
6000	19714	19225	286303
6000	17655	17332	110494
6000	19839	19355	120765
6000	20030	19530	125990
6000	20594	20107	273200
6000	20663	20146	115236
6000	19510	19064	276294
6000	19395	19024	281610
6000	19666	19258	283583
6000	19446	18994	289115
6000	20115	19624	279390
6000	19688	19228	288923
6000	20189	19678	127059
6000	20681	20152	274851
6000	19722	19258	122423
6000	19494	19028	126039
6000	20206	19731	123942
6000	20274	19793	115069
6000	19177	18754	284253
6000	20207	19725	118691
6000	19660	19183	120160
6000	20282	19762	279448
6000	19756	19280	286849
6000	20174	19693	112689
6000	19260	18865	126496
6000	20486	19980	118033
6000	19970	19484	277907
6000	19923	19435	276933
6000	20185	19667	124965
6000	19733	19278	279924
6000	19392	18959	119410
6000	19216	18807	121684
6000	18983	18585	275605
6000	19656	19223	115007
6000	20125	19616	122569
6100	20264	19820	128787
6100	18162	17767	284005
6100	18723	18375	281845
6100	20999	20432	284942
6100	19884	19424	119689
6100	20171	19667	113560
6100	19771	19323	279927
6100	19794	19334	128626
6100	20682	20167	287475
6100	20259	19768	116568
6100	10148	9976	290356
6100	18521	18094	281137
6100	20112	19679	278218
6100	20121	19656	287262
6100	19710	19252	279350
6100	20157	19705	282075
6100	19456	19046	276984
6100	19926	19491	116833
6100	10298	10100	123244
6100	20766	20263	124035
6100	20521	20019	119348
6100	20417	19928	112299
6100	9945	9785	280070
6100	18778	18421	126796
6100	20661	20156	286701
6100	20499	20042	284982
6100	20642	20142	284402
6100	17723	17366	289504
6100	19918	19468	284138
6100	20120	19633	113955
6100	20134	19677	283749
6100	20980	20434	277940
6100	18204	17838	278213
6100	20470	19942	126431
6100	21231	20659	124553
6100	20541	20045	287875
6100	20432	19946	290602
6100	20228	19749	117664
6100	20529	20046	293930
6100	20597	20095	294333
6100	20746	20204	287547
6100	20005	19532	291832
6100	20130	19657	122549
6100	19450	19017	123150
6100	20765	20201	113565
6100	19801	19366	123189
6100	17980	17631	277544
6100	9924	9750	285519
6100	20657	20133	289420
6100	20133	19699	280849
6200	21031	20525	126864
6200	21120	20606	127299
6200	20476	20029	130626
6200	19978	19525	295251
6200	20266	19813	288768
6200	21234	20724	123640
6200	20638	20139	293623
6200	20759	20255	115898
6200	20623	20134	114238
6200	20636	20171	115871
6200	20025	19579	293156
6200	21522	20978	122589
6200	20382	19893	120318
6200	20368	19938	126525
6200	21020	20467	293668
6200	20609	20139	122922
6200	18726	18340	286010
6200	21423	20884	126896
6200	21620	21072	118129
6200	20345	19855	126611
6200	21139	20589	116894
6200	20355	19862	114674
6200	19029	18604	298859
6200	20379	19915	288734
6200	20566	20057	293872
6200	20674	20145	114686
6200	21272	20744	122770
6200	20585	20111	298714
6200	20674	20193	113765
6200	20773	20294	285540
6200	21377	20853	118093
6200	20427	19950	283004
6200	21016	20490	289590
6200	20483	20011	119826
6200	20355	19864	129014
6200	20697	20189	299097
6200	20443	19970	293124
6200	20531	20070	130126
6200	20094	19679	125476
6200	20764	20206	114813
6200	10294	10126	297536
6200	19644	19227	130937
6200	20369	19926	289655
6200	20741	20239	285040
6200	21141	20658	292090
6200	20197	19751	284909
6200	20839	20323	119860
6200	9883	9765	283944
6200	21338	20783	284089
6200	20174	19743	117490
6300	21191	20659	131628
6300	21484	20940	294664
6300	20838	20372	298834
6300	20699	20207	289121
6300	21456	20893	132063
6300	10046	9929	124732
6300	21167	20644	296148
6300	20821	20379	288712
6300	21786	21194	295233
6300	21171	20629	303720
6300	20838	20343	289104
6300	21078	20582	121163
6300	21193	20674	290632
6300	20635	20147	298328
6300	20819	20345	290644
6300	21202	20672	288058
6300	20716	20229	131734
6300	20618	20159	293758
6300	20321	19844	302561
6300	20854	20374	301021
6300	18681	18275	118004
6300	21308	20759	119111
6300	21363	20843	134182
6300	21442	20912	300273
6300	20521	20064	300647
6300	20603	20118	295215
6300	20600	20152	293857
6300	10174	10018	293976
6300	20827	20349	285803
6300	19074	18708	300320
6300	21355	20823	123752
6300	20597	20145	290290
6300	19099	18678	289836
6300	20874	20404	117127
6300	20525	20021	115549
6300	20707	20280	125097
6300	21129	20607	292005
6300	20835	20349	122561
6300	21521	20989	290751
6300	20444	19981	288183
6300	21415	20911	294298
6300	21163	20669	118430
6300	18493	18150	128772
6300	21046	20540	129013
6300	19308	18895	298370
6300	21284	20786	300407
6300	20496	20063	288669
6300	21187	20677	295170
6300	20918	20445	290331
6300	20838	20361	301288
6400	20851	20387	119547
6400	21054	20574	125847
6400	21000	20525	124680
6400	21044	20577	300426
6400	21866	21345	299025
6400	21559	21065	118228
6400	20827	20339	307541
6400	21513	20982	124652
6400	21496	20990	306671
6400	20057	19660	134036
6400	20618	20209	131549
6400	21643	21109	303151
6400	21650	21105	134056
6400	21258	20767	121543
6400	22162	21579	296806
6400	20191	19789	292635
6400	21784	21249	128784
6400	19292	18899	297392
6400	21277	20784	134393
6400	21619	21098	295207
6400	21421	20938	295287
6400	21697	21149	134738
6400	21572	21079	299093
6400	21398	20900	127090
6400	21390	20875	130079
6400	20959	20513	305044
6400	20613	20185	302991
6400	21190	20697	126927
6400	21326	20876	307009
6400	19632	19227	300869
6400	20916	20469	300231
6400	21587	21040	295006
6400	21612	21073	291840
6400	21101	20618	125186
6400	20982	20485	294308
6400	19703	19280	291701
6400	21440	20923	305014
6400	21083	20622	135842
6400	21634	21142	132381
6400	21763	21235	135692
6400	22079	21508	124096
6400	21126	20600	300478
6400	20717	20278	293816
6400	20895	20433	290453
6400	21235	20737	290856
6400	21445	20898	303675
6400	21310	20776	127055
6400	21447	20934	291120
6400	8486	8421	301435
6400	20709	20247	299062
6500	10430	10298	307342
6500	10648	10499	130574
6500	21795	21270	310294
6500	20991	20506	128360
6500	21212	20711	306647
6500	21242	20772	296634
6500	22131	21580	131215
6500	22080	21553	133039
6500	21054	20626	298137
6500	20817	20373	137573
6500	21399	20898	136236
6500	21923	21395	123587
6500	21705	21189	300906
6500	21651	21138	308100
6500	19531	19139	119737
6500	10674	10517	127750
6500	21445	20943	306209
6500	22662	22058	122594
6500	21640	21117	312459
6500	19804	19374	131245
6500	21355	20871	123274
6500	21328	20856	300350
6500	21740	21238	134540
6500	8666	8608	127245
6500	21929	21416	127928
6500	22072	21529	119196
6500	19230	18876	131071
6500	21242	20744	301875
6500	21382	20886	132753
6500	21804	21281	135293
6500	21422	20940	311433
6500	21490	20988	130327
6500	10732	10553	128442
6500	21957	21430	127433
6500	22054	21552	128829
6500	21192	20707	138478
6500	21650	21154	309136
6500	21281	20833	126795
6500	21958	21449	310117
6500	21832	21323	305723
6500	21837	21343	120098
6500	8484	8440	136691
6500	22042	21524	311878
6500	21661	21149	310122
6500	21513	21048	127819
6500	22037	21511	137896
6500	20719	20276	295571
6500	21958	21405	297650
6500	21992	21465	303238
6500	21541	20997	137547
6600	22281	21769	131221
6600	22648	22085	129292
6600	21460	21008	306509
6600	21816	21317	124351
6600	21532	21024	140146
6600	21575	21099	126282
6600	21928	21393	315376
6600	10723	10558	135008
6600	22026	21493	310815
6600	21120	20648	130048
6600	21780	21310	129087
6600	22052	21536	140605
6600	22197	21672	121915
6600	21886	21413	309396
6600	22091	21596	310866
6600	19414	19030	129992
6600	10615	10459	304238
6600	20874	20447	317880
6600	21541	21016	305177
6600	22008	21510	128878
6600	22170	21627	316019
6600	22283	21717	121324
6600	21690	21184	125708
6600	22577	21997	317687
6600	21507	21026	308642
6600	21731	21251	136275
6600	21578	21092	138542
6600	21095	20606	130536
6600	21980	21478	301640
6600	21904	21368	307420
6600	21934	21412	124349
6600	22440	21887	121711
6600	22130	21591	304517
6600	22117	21598	133922
6600	10684	10544	139682
6600	22111	21622	125017
6600	21711	21221	125235
6600	21744	21275	129400
6600	21978	21463	140424
6600	22195	21632	313388
6600	22374	21781	306333
6600	21852	21327	310401
6600	21851	21374	123022
6600	21824	21359	314116
6600	20447	20023	133730
6600	22389	21865	129582
6600	22292	21765	122536
6600	22441	21905	307236
6600	10994	10816	129673
6600	22221	21685	318188
6700	22089	21641	313485
6700	22116	21659	130302
6700	23153	22610	126171
6700	22835	22256	138073
6700	22572	22081	306872
6700	21906	21475	319210
6700	21924	21450	320322
6700	22654	22103	310154
6700	22656	22098	127041
6700	21309	20944	310105
6700	21222	20791	134763
6700	22416	21887	134705
6700	23132	22565	140299
6700	20527	20104	307224
6700	21835	21340	310643
6700	21835	21338	305543
6700	22879	22274	141436
6700	21673	21213	128353
6700	21513	21053	312408
6700	22470	21976	320752
6700	22082	21587	314858
6700	22290	21716	315525
6700	22319	21822	130492
6700	21668	21204	137928
6700	22620	22055	304843
6700	22276	21771	125219
6700	22456	21941	134567
6700	19805	19430	311838
6700	22533	21998	129300
6700	20216	19819	316122
6700	22236	21741	137097
6700	22099	21567	311087
6700	21802	21307	136347
6700	23119	22542	135706
6700	22418	21859	135139
6700	21696	21212	321518
6700	22240	21755	322215
6700	22307	21765	304303
6700	22453	21963	316640
6700	22773	22221	323448
6700	21538	21102	309909
6700	22273	21796	127459
6700	21293	20874	307796
6700	21539	21056	138247
6700	22313	21834	127832
6700	20042	19632	321896
6700	21310	20899	124966
6700	22016	21547	137042
6700	21974	21518	316057
6700	22187	21704	316039
6800	22926	22356	317705
6800	22718	22217	319193
6800	22517	22044	141280
6800	22571	22055	315249
6800	21989	21518	140504
6800	23647	23042	141714
6800	22562	22043	316188
6800	22412	21929	129057
6800	22728	22221	142948
6800	20073	19727	309384
6800	22554	22066	312092
6800	22245	21782	323159
6800	22349	21854	139697
6800	22455	21913	327308
6800	23314	22759	318228
6800	22652	22165	309516
6800	22522	22026	135168
6800	22714	22189	127115
6800	22782	22254	141331
6800	22662	22133	313848
6800	22805	22275	328417
6800	22452	21957	322290
6800	22441	21938	130261
6800	22974	22430	318719
6800	22346	21837	313681
6800	23094	22513	327601
6800	23153	22629	326046
6800	22481	22012	318915
6800	23223	22656	140028
6800	22433	21943	319056
6800	20318	19930	132728
6800	19690	19356	315623
6800	22338	21855	133815
6800	22777	22282	143587
6800	22820	22321	328145
6800	22675	22186	320716
6800	23027	22437	311410
6800	22928	22387	140733
6800	22459	21924	310882
6800	23240	22707	140011
6800	22312	21816	309942
6800	23257	22676	141985
6800	22436	21946	140009
6800	22967	22413	314085
6800	22764	22229	319054
6800	22341	21858	137683
6800	21755	21304	138019
6800	11459	11265	127875
6800	22640	22110	328016
6800	23038	22480	144069
6900	23008	22510	313514
6900	22917	22435	146859
6900	23065	22562	333071
6900	22839	22308	137305
6900	22015	21624	313115
6900	22715	22244	139166
6900	23448	22912	146113
6900	22935	22429	132236
6900	23349	22840	320149
6900	23080	22524	322052
6900	23059	22512	320642
6900	22409	21917	327267
6900	23314	22717	313619
6900	22765	22240	322117
6900	22529	22034	330053
6900	23628	23025	132387
6900	22597	22102	140935
6900	22325	21868	134701
6900	23041	22509	138129
6900	22457	22025	315940
6900	23678	23123	133568
6900	22895	22381	139570
6900	22965	22466	131649
6900	23236	22687	136222
6900	23515	22932	326883
6900	23090	22548	131457
6900	23148	22563	321680
6900	23841	23303	319790
6900	23125	22624	320451
6900	23653	23056	321066
6900	22695	22192	329130
6900	20507	20075	127451
6900	23167	22608	318655
6900	22552	22030	133506
6900	23506	22929	141541
6900	20253	19897	325616
6900	23578	22986	317236
6900	22806	22307	313498
6900	22760	22285	323084
6900	22965	22419	313360
6900	23223	22721	138908
6900	23616	23015	323380
6900	11457	11282	330026
6900	24061	23441	133027
6900	22575	22088	313074
6900	20981	20537	318357
6900	22472	22003	333030
6900	22852	22292	325198
6900	23027	22497	314026
6900	20671	20265	137644
7000	23730	23162	129486
7000	24279	23696	324742
7000	8771	8760	147814
7000	23359	22875	326507
7000	23796	23221	332483
7000	11747	11531	133801
7000	23011	22520	331024
7000	21244	20808	329742
7000	23456	22920	319261
7000	23228	22703	138198
7000	23392	22837	323774
7000	23775	23204	134507
7000	23555	23014	128411
7000	23529	23000	317780
7000	11622	11455	317904
7000	22341	21847	322935
7000	23582	23033	134198
7000	23803	23234	323515
7000	11753	11569	335813
7000	24073	23486	338070
7000	23119	22615	130222
7000	23548	23006	331444
7000	24134	23550	128951
7000	20462	20094	131094
7000	20843	20452	137224
7000	23945	23428	134079
7000	23887	23326	130478
7000	20503	20134	320860
7000	22974	22481	139023
7000	22412	21965	136176
7000	23516	22941	133764
7000	23065	22539	133095
7000	23991	23416	134340
7000	22539	22098	329227
7000	22938	22418	331908
7000	23578	23041	334049
7000	23179	22635	320475
7000	23535	22977	320085
7000	23359	22848	137860
7000	23158	22629	138661
7000	23088	22594	337355
7000	23222	22706	140792
7000	23185	22662	137478
7000	23517	22975	137250
7000	23688	23112	327396
7000	23233	22733	145637
7000	23067	22563	145246
7000	23292	22770	131593
7000	23514	22976	337987
7000	22919	22394	141797
7100	23575	23045	338105
7100	23703	23214	133728
7100	23624	23076	139463
7100	22982	22504	325450
7100	23816	23259	324644
7100	23669	23136	329845
7100	23894	23356	144124
7100	23400	22940	131725
7100	23731	23177	138078
7100	23287	22758	148594
7100	23912	23318	143963
7100	23923	23371	146306
7100	23744	23178	150562
7100	23613	23089	331859
7100	11871	11683	332820
7100	23548	23011	145678
7100	23384	22879	342414
7100	23080	22585	148084
7100	11370	11211	328341
7100	23701	23174	149998
7100	23211	22688	328721
7100	23523	22983	140556
7100	23624	23076	339347
7100	22962	22445	327061
7100	23836	23320	325481
7100	23980	23437	131749
7100	23787	23241	131838
7100	23899	23358	332947
7100	23392	22886	337124
7100	23349	22845	331061
7100	24428	23852	144351
7100	24044	23479	143121
7100	21455	21024	141665
7100	23948	23369	337069
7100	23568	23060	329063
7100	24175	23621	336562
7100	9392	9334	326480
7100	23842	23274	143923
7100	23751	23189	149949
7100	23968	23397	331634
7100	23157	22684	337361
7100	23561	23017	325023
7100	23714	23201	141602
7100	24058	23494	334979
7100	24082	23529	142958
7100	23885	23316	330475
7100	22873	22373	336984
7100	23982	23396	332320
7100	24529	23936	138823
7100	24170	23635	325367
7200	23995	23472	334860
7200	24522	23940	343856
7200	24395	23794	144280
7200	24770	24202	138974
7200	21512	21112	140598
7200	11602	11438	329969
7200	23466	22973	142563
7200	23798	23229	145247
7200	23916	23332	145855
7200	24432	23853	132324
7200	24486	23888	135331
7200	23304	22776	346253
7200	24061	23503	331270
7200	23867	23345	331309
7200	23863	23367	342438
7200	23705	23163	328970
7200	24073	23523	149297
7200	24514	23942	341297
7200	23757	23240	339634
7200	21477	21076	337270
7200	25057	24451	328134
7200	24791	24151	345537
7200	24240	23692	346878
7200	24617	24017	346234
7200	23559	23101	329677
7200	24053	23544	339634
7200	23947	23407	137289
7200	24258	23695	134001
7200	23959	23462	135039
7200	11663	11516	133654
7200	23540	23028	338101
7200	23402	22894	137445
7200	24146	23590	344626
7200	23294	22818	151062
7200	21588	21154	137316
7200	21737	21322	139329
7200	24176	23587	345065
7200	24083	23529	139108
7200	23415	22945	145045
7200	23509	22991	341254
7200	23615	23087	331653
7200	24363	23832	328647
7200	24043	23497	149034
7200	23313	22760	334959
7200	23605	23138	337194
7200	24118	23562	145317
7200	21487	21050	137202
7200	23739	23215	133720
7200	23921	23377	347743
7200	11307	11183	133121
7300	24076	23555	344612
7300	23994	23430	339509
7300	24589	24028	338424
7300	24459	23881	337649
7300	23847	23377	333587
7300	24305	23766	142436
7300	24128	23610	144441
7300	24861	24243	336648
7300	24198	23663	140917
7300	24296	23740	337204
7300	24630	24080	139893
7300	24272	23752	150117
7300	24853	24224	337095
7300	23999	23437	330955
7300	24329	23824	351980
7300	24339	23783	146731
7300	24608	24021	348185
7300	24166	23666	337828
7300	23716	23236	136787
7300	24541	24010	135009
7300	24682	24083	346306
7300	24677	24073	339696
7300	23968	23451	346101
7300	24759	24165	136913
7300	24083	23557	145039
7300	24210	23629	331372
7300	22806	22406	347750
7300	23930	23441	137027
7300	23287	22849	147730
7300	23849	23325	136870
7300	21218	20819	133837
7300	24323	23787	141048
7300	24436	23879	153313
7300	24227	23665	332261
7300	23949	23419	348578
7300	23938	23401	147080
7300	23757	23300	141978
7300	24912	24350	347949
7300	23743	23218	344725
7300	24319	23760	136010
7300	24140	23627	151800
7300	23692	23200	151560
7300	22059	21631	337648
7300	12079	11883	135488
7300	24686	24141	153395
7300	24411	23910	331874
7300	23964	23439	137126
7300	24364	23832	141886
7300	24440	23860	341653
7300	24530	23969	337712
7400	24825	24234	155351
7400	24785	24215	345450
7400	24492	23942	136983
7400	25233	24642	337139
7400	24982	24373	354518
7400	24645	24063	137405
7400	24657	24074	154693
7400	24758	24205	349372
7400	24110	23617	150802
7400	24858	24295	349405
7400	24413	23856	351612
7400	24947	24391	348270
7400	24966	24448	144764
7400	24630	24083	342477
7400	25529	24940	357479
7400	24432	23900	346161
7400	24507	23938	351608
7400	24442	23939	142749
7400	24199	23673	152677
7400	24994	24427	142855
7400	24485	23932	355563
7400	25258	24674	341780
7400	24212	23695	347052
7400	21877	21455	152625
7400	24502	23973	136802
7400	24594	24052	143719
7400	24740	24210	148826
7400	24735	24185	353316
7400	23359	22947	137909
7400	24474	23932	351401
7400	22464	22034	342682
7400	24463	23925	354988
7400	24655	24139	157415
7400	24959	24409	351619
7400	23867	23341	337997
7400	24314	23760	350626
7400	23803	23292	335991
7400	23606	23096	348840
7400	11989	11814	136471
7400	24920	24352	339446
7400	24964	24350	344217
7400	24756	24172	153951
7400	24512	23956	152569
7400	24582	24057	350547
7400	24413	23862	150558
7400	24247	23766	151040
7400	24573	24032	149835
7400	24881	24335	155656
7400	24553	24050	139488
7400	24753	24242	156257
7500	25057	24500	348832
7500	25019	24443	143377
7500	25322	24753	353979
7500	24827	24298	355546
7500	25252	24688	351508
7500	25529	24882	148386
7500	24921	24380	156496
7500	24976	24411	361398
7500	24762	24236	350745
7500	25309	24757	362476
7500	24995	24465	360234
7500	25305	24687	349091
7500	25263	24694	350430
7500	11915	11779	348024
7500	24782	24223	343383
7500	21818	21417	143858
7500	25469	24847	143408
7500	25664	25057	345871
7500	24794	24237	345230
7500	25151	24568	146785
7500	25095	24526	355677
7500	23339	22870	155974
7500	25294	24705	340951
7500	24383	23866	159326
7500	25044	24481	343612
7500	25506	24942	349571
7500	25358	24746	150118
7500	24218	23762	352609
7500	24725	24175	352538
7500	25162	24595	141863
7500	24693	24171	141138
7500	25095	24524	340955
7500	24926	24357	358126
7500	25324	24720	355211
7500	25355	24768	358463
7500	25446	24837	149866
7500	24188	23658	346856
7500	24876	24383	152647
7500	24735	24196	157044
7500	25496	24889	356786
7500	12714	12503	146116
7500	22259	21827	142149
7500	24767	24205	154396
7500	24648	24136	350303
7500	25260	24655	149650
7500	24941	24432	153170
7500	24195	23695	151679
7500	24609	24065	153494
7500	24824	24252	348939
7500	24896	24363	347442
7600	25640	25045	361061
7600	12484	12311	361136
7600	24732	24245	354774
7600	25373	24820	354881
7600	25356	24780	150729
7600	25093	24529	142326
7600	24353	23828	349056
7600	25619	25050	361703
7600	25332	24748	347255
7600	25402	24851	154754
7600	24407	23935	160137
7600	25268	24675	355155
7600	24735	24179	146063
7600	22452	22064	345335
7600	25079	24549	365048
7600	25351	24811	353733
7600	26284	25658	367019
7600	22412	21975	361471
7600	25824	25249	159431
7600	12776	12574	362734
7600	25250	24669	349315
7600	26138	25486	356852
7600	24696	24205	360043
7600	25240	24683	363580
7600	25408	24812	160101
7600	25652	25049	152834
7600	25025	24468	357903
7600	25633	25058	148938
7600	25380	24798	150312
7600	24907	24326	351384
7600	25282	24730	355779
7600	24559	24083	155680
7600	24466	23988	145766
7600	25328	24785	161927
7600	25855	25312	154664
7600	24343	23817	145358
7600	25030	24474	362221
7600	22906	22488	152258
7600	24738	24216	156283
7600	25943	25340	354989
7600	12511	12327	160091
7600	25944	25349	352539
7600	25779	25217	362335
7600	25235	24678	358785
7600	25507	24931	140517
7600	24856	24364	350571
7600	25125	24571	140082
7600	25467	24877	345689
7600	25626	25041	151094
7600	25539	24936	345372
7700	22989	22583	155799
7700	25996	25459	145724
7700	25701	25156	354660
7700	26007	25411	360532
7700	23197	22736	368240
7700	25450	24875	364673
7700	25748	25188	157650
7700	25478	24939	143759
7700	25961	25361	353307
7700	26056	25432	155720
7700	25919	25349	154359
7700	25377	24821	155495
7700	22868	22453	142570
7700	25136	24623	355435
7700	25640	25031	160957
7700	25434	24842	153038
7700	26320	25651	144584
7700	25446	24892	151346
7700	25430	24905	155652
7700	24912	24424	370646
7700	25069	24566	153816
7700	25846	25303	154090
7700	12870	12668	150705
7700	26166	25573	160371
7700	25937	25338	361693
7700	24911	24397	369983
7700	25326	24810	163158
7700	24610	24081	369556
7700	25200	24678	365725
7700	22808	22402	354650
7700	25557	25025	353131
7700	25038	24527	157924
7700	25610	25006	361821
7700	25453	24869	350456
7700	23610	23156	352510
7700	12995	12798	370644
7700	23129	22669	141738
7700	25709	25121	153449
7700	24910	24412	148203
7700	26411	25797	360972
7700	25040	24574	147794
7700	12162	12017	159089
7700	26159	25574	157789
7700	12814	12610	367573
7700	25951	25360	154757
7700	25666	25118	370782
7700	25844	25238	350041
7700	25355	24810	355508
7700	24695	24193	162276
7700	25938	25356	358285
7800	25746	25221	369571
7800	25468	24946	157767
7800	13136	12934	365653
7800	26718	26119	372775
7800	25055	24566	368272
7800	26372	25815	149324
7800	26120	25547	371326
7800	25962	25326	366660
7800	26282	25708	358617
7800	26313	25684	157431
7800	26262	25713	150443
7800	25764	25211	165255
7800	23651	23218	361190
7800	25551	25001	158569
7800	25899	25339	165719
7800	25662	25114	165068
7800	26793	26193	144448
7800	24797	24356	370265
7800	22581	22236	148018
7800	26405	25807	372210
7800	25650	25084	363104
7800	26551	25944	376581
7800	26628	26052	157448
7800	25842	25296	164199
7800	25429	24921	368426
7800	24040	23569	358636
7800	25260	24782	353654
7800	26245	25654	372050
7800	23150	22721	367398
7800	25506	24979	154102
7800	26285	25658	353977
7800	26338	25728	353814
7800	25055	24559	154461
7800	25275	24745	165721
7800	25643	25135	366673
7800	25210	24711	163138
7800	25583	25018	373933
7800	25755	25213	147931
7800	26594	25963	355578
7800	26185	25596	157991
7800	26780	26179	371533
7800	26201	25593	164631
7800	23526	23083	372177
7800	25987	25417	366270
7800	25843	25274	356049
7800	25745	25179	375982
7800	26394	25758	353925
7800	26588	25954	156886
7800	26522	25911	360561
7800	22985	22587	353827
7900	25789	25253	370452
7900	26885	26266	166504
7900	24019	23564	379075
7900	25251	24765	164521
7900	26669	26083	371639
7900	26068	25502	366851
7900	26901	26262	370005
7900	24935	24459	157110
7900	27159	26571	381373
7900	23808	23344	155832
7900	26216	25634	165859
7900	26648	26028	360379
7900	26251	25683	157411
7900	26439	25843	373660
7900	22987	22580	367943
7900	26401	25843	379777
7900	26143	25593	147928
7900	26188	25590	163910
7900	25430	24907	358596
7900	26098	25504	145085
7900	22077	21760	379356
7900	26215	25623	368808
7900	26609	26045	370038
7900	26299	25714	364450
7900	26450	25882	374719
7900	26739	26155	148204
7900	25877	25326	165426
7900	26727	26170	362017
7900	27268	26639	370265
7900	26815	26177	380679
7900	26086	25547	363973
7900	26125	25568	156229
7900	26374	25821	161955
7900	26320	25794	157576
7900	26089	25487	368375
7900	23748	23299	150828
7900	26012	25470	369395
7900	26434	25829	152658
7900	26306	25717	364563
7900	25618	25114	359714
7900	26941	26344	162443
7900	26523	25903	359007
7900	26349	25758	361069
7900	13164	12963	363127
7900	26959	26361	145909
7900	26006	25458	163199
7900	26676	26080	361971
7900	25552	24998	156033
7900	25712	25153	378056
7900	26709	26109	365297
8000	24063	23634	381706
8000	13018	12825	363699
8000	23674	23252	151917
8000	27176	26573	147924
8000	26807	26197	148629
8000	26668	26086	165938
8000	26503	25913	386221
8000	26397	25782	163770
8000	26615	26038	166554
8000	26185	25653	368410
8000	26614	25995	148952
8000	25924	25386	165427
8000	25328	24853	163502
8000	26423	25860	148569
8000	26503	25935	162719
8000	25983	25453	380106
8000	26454	25871	164078
8000	27151	26573	373838
8000	25826	25310	363743
8000	27136	26530	159148
8000	27091	26487	149038
8000	23396	22987	164934
8000	26452	25821	368268
8000	26469	25911	151649
8000	13358	13143	160847
8000	27536	26870	164203
8000	26790	26167	162427
8000	26627	26005	372502
8000	26445	25866	152605
8000	26310	25760	373573
8000	26661	26022	369995
8000	13191	12987	365661
8000	23592	23187	386554
8000	26367	25827	161392
8000	26816	26235	168638
8000	26571	26013	164687
8000	26385	25804	382742
8000	26500	25974	384137
8000	26732	26152	379032
8000	27077	26440	166597
8000	27102	26468	158332
8000	26183	25644	366325
8000	27004	26394	155871
8000	26685	26094	147942
8000	23725	23300	157367
8000	26603	26033	380089
8000	26495	25899	372936
8000	22878	22503	158802
8000	23167	22762	159062
8000	27030	26416	371633
8100	27006	26433	149207
8100	26794	26232	370360
8100	26561	25974	370083
8100	26495	25959	163734
8100	27151	26554	160194
8100	27329	26718	367395
8100	26882	26297	373819
8100	24235	23825	379740
8100	26833	26290	156059
8100	13297	13114	172511
8100	27141	26484	164590
8100	26179	25665	374716
8100	27248	26635	164073
8100	25201	24751	163577
8100	26796	26204	162727
8100	27102	26497	164697
8100	26645	26098	150633
8100	27136	26559	375816
8100	26704	26105	166437
8100	27282	26674	382150
8100	26257	25750	376114
8100	27041	26450	171927
8100	25236	24746	384591
8100	27215	26611	164819
8100	26908	26326	388672
8100	27610	26990	161184
8100	26020	25469	154183
8100	25026	24514	162242
8100	26877	26297	153256
8100	27551	26963	169419
8100	26499	25861	172086
8100	27205	26648	161793
8100	25340	24870	384831
8100	26762	26182	367452
8100	26897	26329	367658
8100	27079	26462	155488
8100	23963	23530	383438
8100	27133	26547	384539
8100	27968	27312	371614
8100	27137	26558	171987
8100	26497	25963	166653
8100	13171	12999	148882
8100	28011	27352	151843
8100	26918	26340	171477
8100	26332	25768	166464
8100	27120	26529	153856
8100	27395	26760	168614
8100	27011	26431	172460
8100	26882	26308	368155
8100	12886	12731	166049
8200	27646	27054	169671
8200	27572	26977	173954
8200	27504	26908	166551
8200	27898	27282	163181
8200	27687	27062	385933
8200	27256	26663	151450
8200	27271	26693	171926
8200	28199	27566	152917
8200	27503	26902	158004
8200	27760	27123	384545
8200	28344	27706	174025
8200	27473	26877	382076
8200	27111	26531	157363
8200	28351	27640	159282
8200	27481	26873	371767
8200	27471	26898	170753
8200	27185	26625	159044
8200	26939	26416	373027
8200	27155	26564	379710
8200	25137	24648	152333
8200	13685	13486	387180
8200	27842	27173	371795
8200	28267	27605	388829
8200	27740	27163	394915
8200	26935	26420	392429
8200	27831	27184	385908
8200	26971	26407	380132
8200	27802	27158	381960
8200	27970	27336	379215
8200	27355	26797	379809
8200	25908	25371	385283
8200	27849	27190	158649
8200	28015	27364	394851
8200	27813	27178	173538
8200	27289	26715	151930
8200	27235	26632	375751
8200	27722	27126	383069
8200	26936	26379	385222
8200	27584	26980	172764
8200	27280	26713	169496
8200	27488	26859	374790
8200	28727	28030	388749
8200	27602	26988	391884
8200	27245	26670	372256
8200	27308	26738	373882
8200	25753	25241	159241
8200	27241	26660	382060
8200	28048	27416	387351
8200	27403	26780	374616
8200	27262	26672	156599
8300	27680	27084	156401
8300	27763	27161	173655
8300	27560	26977	156477
8300	27377	26802	382254
8300	27801	27162	176424
8300	28360	27696	173530
8300	27188	26648	386166
8300	27907	27272	396065
8300	27808	27187	385613
8300	26431	25954	153200
8300	27274	26684	385324
8300	27749	27162	168498
8300	27901	27343	388266
8300	27619	27030	162488
8300	27397	26821	376710
8300	28196	27567	389248
8300	26926	26358	392861
8300	23795	23387	164718
8300	27460	26847	387132
8300	24854	24452	152962
8300	27048	26529	386760
8300	24594	24178	168994
8300	27372	26795	390604
8300	27933	27351	390625
8300	13675	13490	165608
8300	27743	27134	396708
8300	28291	27648	171371
8300	27354	26737	396699
8300	27827	27220	383911
8300	28210	27557	399475
8300	24947	24519	393862
8300	27174	26650	152466
8300	28083	27489	397060
8300	26129	25629	152168
8300	27414	26845	155906
8300	28538	27945	378976
8300	27342	26753	164412
8300	27026	26439	391312
8300	27757	27150	165412
8300	27702	27133	171008
8300	14043	13807	395857
8300	27791	27169	382769
8300	27744	27160	399474
8300	28349	27671	382521
8300	28137	27531	175932
8300	27386	26811	400929
8300	27467	26865	393602
8300	27799	27250	157221
8300	27093	26543	173767
8300	27739	27134	170136
8400	26742	26215	396684
8400	27891	27295	385677
8400	26644	26176	170361
8400	27713	27151	394138
8400	27219	26690	169491
8400	28563	27939	167990
8400	27300	26763	175297
8400	27657	27055	400474
8400	28070	27437	396052
8400	28183	27600	402100
8400	27949	27354	177563
8400	28408	27729	386268
8400	28008	27411	394783
8400	28356	27740	154674
8400	28234	27641	177576
8400	28003	27362	172048
8400	28484	27870	389837
8400	28030	27404	404575
8400	27880	27267	396086
8400	28281	27658	393605
8400	27883	27322	162874
8400	25144	24775	402766
8400	28426	27794	385670
8400	28269	27655	165382
8400	13570	13414	155036
8400	25477	24984	383756
8400	27292	26764	394985
8400	28191	27579	159666
8400	27881	27331	389845
8400	27729	27145	394294
8400	27870	27286	390562
8400	27399	26808	160119
8400	28247	27641	173587
8400	28252	27611	402829
8400	27434	26902	156552
8400	28595	27967	160513
8400	27695	27118	167593
8400	28537	27915	171188
8400	28487	27859	381008
8400	28017	27401	386597
8400	25213	24782	404432
8400	27861	27289	390140
8400	27317	26766	168178
8400	27942	27314	155632
8400	27865	27243	173650
8400	27869	27304	402471
8400	28194	27577	158307
8400	14085	13861	157805
8400	28177	27608	395460
8400	28261	27683	169840
8500	28170	27587	160537
8500	28150	27530	178870
8500	28671	28081	402087
8500	28140	27559	178081
8500	28972	28320	161222
8500	28679	28054	162514
8500	28922	28286	386669
8500	27656	27047	404476
8500	11346	11272	399106
8500	28675	28097	399196
8500	28299	27692	180015
8500	28247	27628	395884
8500	28720	28070	180113
8500	28150	27557	403782
8500	27715	27175	175121
8500	28243	27647	158540
8500	28218	27611	176719
8500	25452	24992	390458
8500	27791	27230	391905
8500	27202	26701	406724
8500	14143	13937	157520
8500	27533	26997	388235
8500	28172	27556	170193
8500	28405	27806	388184
8500	14030	13824	398052
8500	27281	26762	164546
8500	28651	27999	392396
8500	28285	27687	408234
8500	28383	27772	168141
8500	28579	27939	177394
8500	25056	24666	158959
8500	28405	27803	175429
8500	28350	27723	395181
8500	13921	13755	173456
8500	28123	27519	171370
8500	28385	27801	166170
8500	28402	27791	167431
8500	27980	27383	393699
8500	28442	27862	405692
8500	28676	28088	398126
8500	28192	27562	409847
8500	27747	27141	403121
8500	14197	13969	159332
8500	27732	27147	163622
8500	27855	27295	386068
8500	25667	25189	169191
8500	28498	27921	390553
8500	28665	28032	156382
8500	28967	28308	166303
8500	28485	27891	396951
8600	28621	27981	390971
8600	27825	27224	404775
8600	27555	27024	403482
8600	25493	25041	161975
8600	29049	28415	392430
8600	28504	27930	159094
8600	28846	28249	159477
8600	28575	27970	168610
8600	26189	25704	175362
8600	28160	27575	390166
8600	27402	26860	391716
8600	28655	28040	399900
8600	28928	28310	397802
8600	28502	27906	402710
8600	27582	27049	391324
8600	28607	27993	165117
8600	28925	28361	168712
8600	28490	27877	412301
8600	25683	25225	401328
8600	14279	14070	162173
8600	29039	28408	408833
8600	28725	28170	182458
8600	28058	27448	169037
8600	28415	27848	176140
8600	28670	28061	181250
8600	29005	28334	404764
8600	27715	27142	395743
8600	28502	27854	160871
8600	28987	28352	398643
8600	28334	27738	391666
8600	27928	27332	174828
8600	26015	25560	178660
8600	29343	28694	408483
8600	28718	28144	394177
8600	28861	28223	407258
8600	28478	27886	158830
8600	28368	27779	175311
8600	29451	28807	395481
8600	28166	27587	157759
8600	27878	27311	394003
8600	28505	27894	182297
8600	28424	27844	404922
8600	28533	27943	160641
8600	27896	27342	409319
8600	28253	27686	409971
8600	28127	27596	393813
8600	29726	29060	167322
8600	29076	28461	413769
8600	28599	28004	180929
8600	28561	27920	168514
8700	28768	28198	398030
8700	28463	27870	176822
8700	29035	28406	163654
8700	26527	26002	413594
8700	29225	28641	394532
8700	28448	27867	418238
8700	29285	28648	396922
8700	28455	27867	406434
8700	28585	28003	411671
8700	29250	28620	176540
8700	29080	28442	418290
8700	29301	28718	414179
8700	30100	29447	164232
8700	29909	29174	417266
8700	28800	28155	400412
8700	29963	29349	184882
8700	14497	14275	406144
8700	28701	28128	161323
8700	28680	28061	398739
8700	28682	28098	169246
8700	28862	28266	414800
8700	28413	27872	415246
8700	29109	28530	169053
8700	29511	28880	164386
8700	14476	14261	166951
8700	29599	28968	180702
8700	29059	28422	163030
8700	29610	28977	398214
8700	29347	28701	416616
8700	29992	29275	413012
8700	28719	28085	410117
8700	28757	28159	166419
8700	29448	28823	416465
8700	28498	27896	179484
8700	28888	28329	418249
8700	29202	28583	414970
8700	29100	28469	171395
8700	28877	28288	169294
8700	28599	28017	402745
8700	29761	29097	184396
8700	28175	27633	418505
8700	28813	28230	405875
8700	28709	28118	399713
8700	28887	28276	165100
8700	29164	28550	167511
8700	30374	29682	172895
8700	29109	28483	182526
8700	28636	28049	404987
8700	28554	27975	181986
8700	28224	27669	167588
8800	29969	29291	169204
8800	25449	25016	407301
8800	28921	28265	166885
8800	29292	28668	417787
8800	29722	29076	408865
8800	29656	29022	399679
8800	29777	29133	410922
8800	29545	28904	423612
8800	26103	25628	405725
8800	28980	28377	419233
8800	29880	29207	412418
8800	29748	29133	182006
8800	29201	28573	421325
8800	14055	13887	180080
8800	29000	28406	186197
8800	29608	28967	415587
8800	28971	28393	402262
8800	29802	29111	405981
8800	29457	28809	167095
8800	29557	28928	424133
8800	29329	28727	182706
8800	28315	27787	179431
8800	28880	28323	187307
8800	29201	28571	400198
8800	29984	29361	409990
8800	29738	29040	162890
8800	28450	27881	179463
8800	29757	29062	424547
8800	14859	14613	421308
8800	26771	26210	169802
8800	28866	28286	409197
8800	28856	28247	422045
8800	29735	29111	404778
8800	28609	28062	418441
8800	29624	29054	167309
8800	29041	28455	183218
8800	29845	29180	408468
8800	14576	14369	166491
8800	29707	29063	169138
8800	29740	29094	170010
8800	29017	28406	167348
8800	28947	28393	170686
8800	29662	29003	185449
8800	29450	28830	175481
8800	27330	26781	176928
8800	28566	27984	410944
8800	29221	28631	178175
8800	28505	27986	183896
8800	28988	28396	165082
8800	29361	28716	413791
8900	29637	29053	412951
8900	30305	29645	416109
8900	29935	29318	168596
8900	28952	28380	166021
8900	29461	28829	167277
8900	30282	29660	414162
8900	29422	28763	172253
8900	26682	26231	183049
8900	29931	29266	165085
8900	29790	29137	171611
8900	29191	28621	406629
8900	30444	29789	180775
8900	30196	29580	164525
8900	29403	28812	416081
8900	28707	28154	403630
8900	29690	29061	404894
8900	29982	29304	408849
8900	29894	29241	176070
8900	30094	29442	183308
8900	29485	28882	417555
8900	29071	28523	429149
8900	29147	28561	423386
8900	30323	29707	429088
8900	29787	29150	167248
8900	29261	28668	420561
8900	29287	28679	406111
8900	29365	28751	411742
8900	29387	28776	425890
8900	29903	29262	416869
8900	30159	29520	422563
8900	29218	28621	178950
8900	29359	28759	183915
8900	29773	29194	422030
8900	29892	29248	164797
8900	29924	29288	429392
8900	29718	29148	408098
8900	28310	27781	427056
8900	29223	28660	188289
8900	30119	29499	406462
8900	26550	26081	176485
8900	28855	28273	176026
8900	29714	29064	427400
8900	29053	28477	407282
8900	28700	28178	408023
8900	29775	29103	419473
8900	26822	26312	425433
8900	28973	28454	183688
8900	29670	29014	174277
8900	29414	28772	423749
8900	28349	27834	172530
9000	15043	14806	187718
9000	30629	29978	420436
9000	29651	29061	430956
9000	28712	28182	188058
9000	30239	29622	188695
9000	29315	28763	187754
9000	29886	29259	434829
9000	29911	29337	177595
9000	30411	29786	181292
9000	14738	14532	185600
9000	29602	29048	425298
9000	29853	29246	190386
9000	29913	29288	169099
9000	29605	29024	422470
9000	30187	29525	434348
9000	29972	29306	177711
9000	27374	26877	411039
9000	29757	29237	178664
9000	30218	29593	432480
9000	28966	28407	433213
9000	29956	29337	421935
9000	30475	29826	419972
9000	29578	28975	187073
9000	29585	29014	168736
9000	30158	29483	419648
9000	29610	29042	180233
9000	30087	29470	171787
9000	29979	29363	171203
9000	29947	29323	427814
9000	29186	28567	178926
9000	29962	29283	175017
9000	29832	29228	416976
9000	30122	29496	409470
9000	29838	29209	415202
9000	29646	29050	183978
9000	29718	29115	422946
9000	29416	28815	169839
9000	29012	28508	185637
9000	30160	29534	413770
9000	15198	14954	420331
9000	30102	29483	178707
9000	29564	28975	167290
9000	29647	28975	168400
9000	30432	29765	419857
9000	30376	29741	433646
9000	30087	29479	421369
9000	30269	29650	417592
9000	29922	29292	430655
9000	30017	29345	169408
9000	30327	29776	430342
9100	30408	29703	434746
9100	30054	29437	425088
9100	29105	28576	439155
9100	30275	29677	174813
9100	29477	28929	416888
9100	30361	29754	413759
9100	30763	30122	174630
9100	29820	29241	181900
9100	26891	26458	181739
9100	30159	29528	417901
9100	30435	29779	179494
9100	30705	30046	419093
9100	30789	30166	435170
9100	29815	29200	186097
9100	29878	29309	182365
9100	29975	29365	178943
9100	31028	30328	188368
9100	29499	28927	422265
9100	31263	30577	412865
9100	30617	29946	189013
9100	14404	14242	418662
9100	30738	30087	186019
9100	30422	29778	171999
9100	30703	30063	419916
9100	29752	29222	429858
9100	29603	29043	178133
9100	30747	30120	422358
9100	30592	29970	418527
9100	29819	29240	185794
9100	29471	28899	188948
9100	28970	28442	417656
9100	30685	30055	177501
9100	27036	26524	423939
9100	29964	29407	432607
9100	30222	29596	431496
9100	30688	30078	428958
9100	31455	30734	186747
9100	30355	29721	424921
9100	30415	29814	185692
9100	27541	27022	412879
9100	29768	29176	171377
9100	30891	30218	181385
9100	29026	28473	433247
9100	29149	28581	182288
9100	30258	29653	414128
9100	29107	28551	422772
9100	30896	30236	425915
9100	30386	29814	437243
9100	29215	28658	175825
9100	30506	29862	424268
9200	30077	29496	424064
9200	30890	30251	421685
9200	30340	29759	435814
9200	31171	30485	183004
9200	30812	30199	187512
9200	15232	15020	440225
9200	30610	30039	173547
9200	29334	28833	175164
9200	29661	29083	417621
9200	31026	30408	424809
9200	30494	29866	190814
9200	30734	30078	193173
9200	31073	30397	172038
9200	30672	30094	418752
9200	31259	30622	196178
9200	30748	30119	168964
9200	30817	30189	429900
9200	30471	29849	440660
9200	31082	30442	172386
9200	31201	30542	191191
9200	30292	29732	419999
9200	31281	30604	426454
9200	30582	29913	183175
9200	30299	29673	422428
9200	30900	30254	429026
9200	29064	28580	183698
9200	30706	30084	190572
9200	30232	29640	444090
9200	30377	29766	190035
9200	31405	30721	181719
9200	31698	30986	195963
9200	27871	27351	426709
9200	31535	30854	179171
9200	30053	29453	178639
9200	31525	30895	430223
9200	29820	29274	183632
9200	30168	29526	431042
9200	30553	29927	171603
9200	15377	15155	177114
9200	30646	30010	185092
9200	30819	30197	181957
9200	30723	30051	422198
9200	30343	29701	442596
9200	26682	26254	180891
9200	30433	29827	190069
9200	31193	30502	429434
9200	30630	29995	191269
9200	29846	29262	195956
9200	30516	29931	186680
9200	29846	29213	427234
9300	30674	30029	172584
9300	30508	29902	183262
9300	31494	30827	177122
9300	31097	30444	185115
9300	31081	30428	422313
9300	30736	30099	424360
9300	30571	29937	170917
9300	30221	29646	422520
9300	30216	29635	427094
9300	30664	29995	186837
9300	27611	27126	197627
9300	31411	30753	188846
9300	29086	28616	440834
9300	30130	29524	194342
9300	31120	30455	193798
9300	31079	30397	427324
9300	30152	29604	193029
9300	31391	30733	177364
9300	30817	30192	433134
9300	30129	29573	444779
9300	15827	15552	427608
9300	30746	30128	448604
9300	30988	30364	446904
9300	31355	30732	442638
9300	30519	29888	422500
9300	30570	29965	435735
9300	30939	30343	440035
9300	31324	30662	426729
9300	30715	30101	186840
9300	31169	30503	184678
9300	31405	30755	433256
9300	29988	29422	175582
9300	27414	26947	429634
9300	30017	29424	444562
9300	30420	29822	191761
9300	31617	30896	439638
9300	31128	30508	425164
9300	31147	30481	191493
9300	30969	30317	436009
9300	31806	31093	443290
9300	31088	30387	177562
9300	31185	30546	447962
9300	30381	29838	175033
9300	31729	31059	193440
9300	31162	30517	185488
9300	31385	30753	446168
9300	30087	29527	194792
9300	30993	30361	184172
9300	30372	29785	183510
9300	31285	30676	195226
9400	31903	31232	426193
9400	31568	30927	426206
9400	31064	30476	195319
9400	30880	30283	451458
9400	31610	30946	191422
9400	31040	30442	428141
9400	31809	31155	199601
9400	30822	30210	200449
9400	31963	31266	172905
9400	31973	31297	441279
9400	15713	15509	195773
9400	30794	30215	178272
9400	15398	15204	193089
9400	30741	30122	195826
9400	30908	30335	436896
9400	31445	30815	173785
9400	30673	30031	193320
9400	31008	30387	441653
9400	31546	30908	446377
9400	30764	30171	449033
9400	31615	30960	450527
9400	31473	30839	435222
9400	15568	15337	450564
9400	31409	30752	449009
9400	32009	31332	441938
9400	31209	30549	183677
9400	31711	31088	189320
9400	31847	31174	442507
9400	30574	29977	199352
9400	15681	15471	190027
9400	31603	30918	443663
9400	32124	31426	194496
9400	31448	30796	187878
9400	31483	30858	192917
9400	32450	31717	186744
9400	32174	31452	191761
9400	31556	30910	429687
9400	30455	29857	441924
9400	15607	15391	440977
9400	30924	30332	179594
9400	31595	30928	196148
9400	31350	30682	427089
9400	30649	30072	451003
9400	15413	15221	178403
9400	31442	30796	439538
9400	30960	30330	439610
9400	31172	30549	436205
9400	30660	30073	185466
9400	31207	30583	428220
9400	31854	31175	191016
9500	32062	31389	174992
9500	32313	31624	438544
9500	28244	27751	199702
9500	31537	30966	454092
9500	30993	30412	183798
9500	31832	31171	444256
9500	31215	30591	188046
9500	15590	15404	437614
9500	32050	31338	175170
9500	31260	30656	190426
9500	32475	31749	191307
9500	32371	31669	452349
9500	30684	30129	198636
9500	31747	31094	442081
9500	32166	31532	434751
9500	32873	32117	434276
9500	32280	31604	197317
9500	30228	29682	444608
9500	32241	31519	450275
9500	31861	31168	176880
9500	31288	30661	437552
9500	31072	30456	182419
9500	31778	31131	458597
9500	32019	31306	444434
9500	31461	30820	458259
9500	32052	31383	189503
9500	31435	30792	180910
9500	32199	31487	192223
9500	32438	31772	444424
9500	32219	31570	437040
9500	31217	30605	453462
9500	32129	31471	434474
9500	31777	31134	179707
9500	32549	31897	448370
9500	31540	30864	451522
9500	31648	30994	458294
9500	12520	12452	185600
9500	30914	30293	188194
9500	32310	31627	200156
9500	31997	31332	436224
9500	30943	30390	193625
9500	31032	30406	438377
9500	31757	31141	436657
9500	32033	31336	174464
9500	30344	29799	434417
9500	32042	31350	442417
9500	31876	31169	442817
9500	31298	30670	453812
9500	31692	31053	200305
9500	27744	27303	197947
9600	32107	31445	441326
9600	29587	29075	438453
9600	30828	30239	192729
9600	31666	30999	186629
9600	31157	30575	189150
9600	32920	32208	203681
9600	28886	28367	192135
9600	31016	30451	458110
9600	31832	31191	440391
9600	31751	31085	190511
9600	15824	15613	185544
9600	31516	30911	185237
9600	32402	31746	447494
9600	31563	30954	181458
9600	31494	30874	458090
9600	28804	28260	187307
9600	31928	31300	437532
9600	31799	31174	446430
9600	32292	31558	463544
9600	28446	27956	436674
9600	28459	27969	203597
9600	31931	31290	463167
9600	31453	30845	185480
9600	31069	30486	186514
9600	31860	31212	176767
9600	32647	31952	442097
9600	28940	28430	190764
9600	32156	31500	441680
9600	32371	31693	462084
9600	32293	31633	463760
9600	31803	31135	456862
9600	32289	31650	452447
9600	31880	31218	183650
9600	32066	31443	190116
9600	31849	31168	444510
9600	32243	31591	190871
9600	33028	32340	201896
9600	31756	31104	443946
9600	32322	31659	179868
9600	16013	15763	202926
9600	32207	31504	445993
9600	31776	31090	453417
9600	32221	31576	449126
9600	15904	15673	195196
9600	31716	31071	459053
9600	30814	30312	188924
9600	30761	30124	180320
9600	31774	31095	453527
9600	31699	31053	461179
9600	32691	31994	187572
9700	32122	31462	460300
9700	31835	31189	454156
9700	32773	32087	186966
9700	32941	32219	442255
9700	31248	30669	467861
9700	33078	32361	204707
9700	32304	31658	203825
9700	31843	31189	464113
9700	33050	32347	456238
9700	30888	30372	196833
9700	32069	31409	448286
9700	32364	31720	460900
9700	15462	15302	179261
9700	32575	31870	453601
9700	16330	16084	183952
9700	31838	31200	467673
9700	32250	31599	177842
9700	31880	31265	188072
9700	30936	30379	202523
9700	31997	31331	462207
9700	32704	32054	178879
9700	15065	14939	449221
9700	32182	31539	455895
9700	31865	31241	453765
9700	33355	32675	455649
9700	33446	32660	446002
9700	33113	32430	189780
9700	12752	12691	198525
9700	32407	31714	450829
9700	32143	31483	201549
9700	32057	31413	457157
9700	28664	28200	448220
9700	31995	31326	464318
9700	31384	30827	193084
9700	30619	30055	457906
9700	32982	32280	188766
9700	32173	31525	200327
9700	31259	30716	442010
9700	32371	31707	202963
9700	31973	31362	457204
9700	32822	32139	448185
9700	32425	31788	462113
9700	31592	30976	456601
9700	32730	32034	201424
9700	32580	31911	448290
9700	32286	31628	180903
9700	31689	31146	454044
9700	31991	31344	459715
9700	32147	31509	198224
9700	32526	31863	188841
9800	33330	32631	198059
9800	32388	31754	469621
9800	33410	32704	202509
9800	33045	32363	185937
9800	32376	31714	195876
9800	32226	31611	189958
9800	33070	32392	471212
9800	29096	28645	459528
9800	31597	30957	451917
9800	33067	32390	470823
9800	33702	32969	194826
9800	32094	31490	190617
9800	32900	32236	448023
9800	31931	31366	444890
9800	32947	32283	199006
9800	32769	32121	453920
9800	32766	32091	444718
9800	16423	16186	201057
9800	31387	30816	185724
9800	32958	32298	471490
9800	32504	31865	180026
9800	31571	30959	467160
9800	32659	31957	194437
9800	30922	30404	471013
9800	32866	32206	450714
9800	16198	15987	191022
9800	32635	31972	194141
9800	31587	30947	195984
9800	30050	29511	191390
9800	32702	32056	201349
9800	32253	31593	449611
9800	33380	32662	181346
9800	33157	32447	190065
9800	32173	31520	191606
9800	32726	32060	469689
9800	32546	31872	448116
9800	33169	32419	447959
9800	32840	32180	462382
9800	32177	31577	470937
9800	32361	31673	186932
9800	32894	32259	191374
9800	32470	31797	201635
9800	32911	32241	464030
9800	33020	32328	461592
9800	32333	31719	193940
9800	32055	31446	187434
9800	33544	32817	457270
9800	33059	32389	466902
9800	31624	31062	188316
9800	31914	31343	472192
9900	16680	16421	201990
9900	33547	32830	190788
9900	32924	32225	195813
9900	32750	32116	197608
9900	32163	31549	466715
9900	32743	32112	463233
9900	32678	32012	473136
9900	29419	28907	187039
9900	32389	31774	210583
9900	33590	32876	474073
9900	33420	32757	470074
9900	32283	31634	469163
9900	32480	31851	198973
9900	31969	31398	195419
9900	33469	32730	189458
9900	32926	32309	184136
9900	33698	32996	196026
9900	33044	32383	205701
9900	28669	28249	458022
9900	16360	16135	449680
9900	32792	32104	454483
9900	32992	32345	202744
9900	33017	32346	471674
9900	33684	32998	190267
9900	29373	28861	194729
9900	33115	32477	461543
9900	34321	33569	469851
9900	33544	32825	195694
9900	33014	32348	205835
9900	32951	32351	202547
9900	29506	29012	197609
9900	32684	32011	476622
9900	33562	32804	458090
9900	33772	33133	202426
9900	32327	31686	457634
9900	32647	32027	194865
9900	33717	33054	198560
9900	33176	32520	451153
9900	32468	31851	197419
9900	32764	32090	469688
9900	32646	32030	464035
9900	32345	31726	197331
9900	32170	31557	187302
9900	33014	32321	453101
9900	32602	31909	455828
9900	32843	32210	190643
9900	33088	32396	192360
9900	32727	32072	450049
9900	33465	32694	468988
9900	33425	32737	461423
10000	33905	33213	466039
10000	32460	31827	455719
10000	32647	32069	205553
10000	33911	33207	478118
10000	33503	32846	467068
10000	30145	29676	470995
10000	33651	32938	458108
10000	33588	32914	185110
10000	33764	33040	190730
10000	33149	32494	480311
10000	34010	33294	194873
10000	34292	33566	468246
10000	32424	31830	477561
10000	33564	32915	467571
10000	31836	31303	478783
10000	29928	29392	202762
10000	34353	33618	200117
10000	33064	32396	480864
10000	33798	33136	460329
10000	33534	32871	185104
10000	33483	32835	461813
10000	33702	32995	211959
10000	33874	33170	185339
10000	34029	33349	187001
10000	16898	16639	476395
10000	33572	32880	190098
10000	32614	31985	192419
10000	32590	32013	207911
10000	33755	33078	461164
10000	34160	33432	189716
10000	33631	32956	187763
10000	33138	32499	204531
10000	32894	32280	476065
10000	33596	32864	191519
10000	32807	32130	185571
10000	33756	33038	187607
10000	32792	32155	206480
10000	33373	32683	202786
10000	33838	33185	211655
10000	33920	33210	460294
10000	32891	32256	468047
10000	32569	31902	472720
10000	33861	33143	201318
10000	32929	32310	459366
10000	33509	32810	190161
10000	32903	32251	473564
10000	33898	33225	187612
10000	34197	33463	461091
10000	33579	32894	472302
10000	33309	32649	453745
10100	32652	32065	472938
10100	30536	29950	197319
10100	30750	30208	485377
10100	34109	33398	204076
10100	33563	32940	483511
10100	32953	32313	458096
10100	33677	32989	201722
10100	33339	32709	185946
10100	33760	33090	487515
10100	34136	33438	460636
10100	33780	33090	203711
10100	30093	29635	461744
10100	33268	32584	215287
10100	32823	32181	203859
10100	34064	33403	466292
10100	33744	33052	468021
10100	33563	32932	198473
10100	33536	32886	206143
10100	34587	33859	480342
10100	33588	32908	213682
10100	33314	32649	477393
10100	33364	32724	193721
10100	34171	33547	205592
10100	33630	32951	192188
10100	33769	33122	209230
10100	33019	32405	213893
10100	34114	33415	462974
10100	33799	33146	211366
10100	34090	33409	470700
10100	33120	32436	470312
10100	32955	32348	465815
10100	33392	32737	484467
10100	33690	33041	202996
10100	33704	33029	200801
10100	33514	32833	463999
10100	34848	34089	464801
10100	31711	31114	479286
10100	33861	33207	467991
10100	33864	33187	203104
10100	33656	33040	472122
10100	33639	32997	186431
10100	33246	32612	460974
10100	33221	32573	197179
10100	34001	33345	195173
10100	30431	29958	193942
10100	33973	33258	477197
10100	33812	33101	474910
10100	33263	32673	467130
10100	33610	32950	207202
10100	33559	32917	214675
10200	33902	33241	491023
10200	32942	32351	194702
10200	34763	34003	492305
10200	34235	33509	490724
10200	33379	32730	194361
10200	34085	33386	195534
10200	34053	33376	197375
10200	34080	33416	474464
10200	33951	33306	211299
10200	34100	33420	469836
10200	34124	33380	208631
10200	31873	31305	198907
10200	34162	33472	187388
10200	33191	32575	189090
10200	34697	33950	465486
10200	34642	33903	213651
10200	33684	33011	198885
10200	33984	33333	200324
10200	33486	32817	470101
10200	34251	33520	204626
10200	34077	33404	465816
10200	30571	30061	480694
10200	33925	33276	480700
10200	17170	16896	206953
10200	34024	33359	480656
10200	30381	29872	463286
10200	34267	33527	196797
10200	34336	33639	211921
10200	35199	34465	468201
10200	33037	32449	479339
10200	33828	33133	205097
10200	33236	32596	199968
10200	34128	33483	204601
10200	33711	33086	481240
10200	33355	32757	194099
10200	32324	31768	466537
10200	30900	30379	195437
10200	35038	34287	200885
10200	34223	33505	213587
10200	34614	33924	197441
10200	33145	32554	478081
10200	33386	32748	472196
10200	33785	33127	477821
10200	33688	33042	216394
10200	34823	34092	492069
10200	33387	32788	201960
10200	34262	33561	206724
10200	33556	32892	196749
10200	35101	34357	195711
10200	33161	32548	210033
10300	34400	33715	479402
10300	34085	33448	490969
10300	34216	33540	210269
10300	34604	33882	485487
10300	34063	33421	489814
10300	33845	33213	492862
10300	34546	33837	215135
10300	34779	34104	470946
10300	30690	30174	478932
10300	33121	32536	475176
10300	34253	33512	484387
10300	34469	33768	191493
10300	34242	33590	472468
10300	33832	33182	198861
10300	33890	33258	212290
10300	34734	33990	474802
10300	33711	33085	485593
10300	34241	33566	488920
10300	33479	32855	486063
10300	34870	34163	494181
10300	34675	33967	476676
10300	33216	32651	469532
10300	34724	34037	486725
10300	34267	33559	476314
10300	34432	33728	210478
10300	34705	34006	497366
10300	35294	34570	199027
10300	34795	34084	497755
10300	34450	33734	493057
10300	33672	33050	196073
10300	34337	33645	190496
10300	34929	34210	492621
10300	34192	33525	479900
10300	34529	33843	204184
10300	34509	33822	472042
10300	34760	34091	488849
10300	34466	33760	468590
10300	34696	33977	194934
10300	34713	33977	214237
10300	34095	33422	196234
10300	34205	33494	201440
10300	34354	33647	203880
10300	34869	34119	474162
10300	34271	33574	489126
10300	34442	33731	205958
10300	16804	16584	197631
10300	34445	33725	485556
10300	34370	33619	219194
10300	34463	33734	203697
10300	34514	33841	481816
10400	34973	34289	499404
10400	34243	33534	201827
10400	35318	34589	214179
10400	34917	34229	215019
10400	34676	33978	496702
10400	34199	33524	497065
10400	17297	17078	473817
10400	34011	33394	498828
10400	35113	34429	486314
10400	35656	34893	218158
10400	34654	33996	211891
10400	34331	33636	208132
10400	35445	34696	482773
10400	34256	33612	478292
10400	35099	34389	481196
10400	34918	34226	196014
10400	35276	34530	471656
10400	35049	34353	500665
10400	35388	34677	198238
10400	34806	34060	217873
10400	33904	33307	208350
10400	35146	34430	492495
10400	34639	34011	215013
10400	34656	33926	208324
10400	34478	33796	213997
10400	34347	33707	215399
10400	36253	35492	220045
10400	33494	32856	196204
10400	35408	34639	221212
10400	34975	34246	193491
10400	34711	34021	206244
10400	31262	30709	475669
10400	34804	34149	214558
10400	34480	33817	500973
10400	34899	34170	501200
10400	35564	34814	210423
10400	31447	30893	497008
10400	34620	33983	483302
10400	33665	33114	203188
10400	35258	34527	196709
10400	33822	33147	205207
10400	34280	33668	191061
10400	34710	34022	216364
10400	34470	33841	210423
10400	34536	33911	200827
10400	35117	34401	488200
10400	17286	17035	197722
10400	35090	34403	205659
10400	33164	32580	210852
10400	34664	33972	492676
10500	34257	33619	476938
10500	35768	35022	208327
10500	34406	33733	497918
10500	34583	33929	205967
10500	35541	34768	192628
10500	35544	34820	490699
10500	34981	34274	204192
10500	34815	34135	496994
10500	34222	33584	209366
10500	35614	34842	484407
10500	33656	33008	201428
10500	34911	34238	210587
10500	34989	34266	491966
10500	34287	33609	481002
10500	35651	34924	482500
10500	35714	34985	500972
10500	34304	33654	208681
10500	35462	34783	499923
10500	34329	33694	210322
10500	34647	34007	495279
10500	34785	34101	492265
10500	34720	34048	221157
10500	34433	33791	207640
10500	35119	34415	205053
10500	34903	34215	220743
10500	34456	33836	485772
10500	35025	34344	203070
10500	34047	33402	476986
10500	35042	34341	493518
10500	17251	17051	211650
10500	35422	34749	196004
10500	31907	31455	489414
10500	34762	34098	505050
10500	34903	34191	202128
10500	13811	13746	504961
10500	35189	34442	488155
10500	31150	30692	483124
10500	34663	33969	199878
10500	35220	34554	495998
10500	35795	35040	483986
10500	35004	34268	479702
10500	35897	35179	504305
10500	35720	35047	219915
10500	35449	34721	477238
10500	34463	33824	214553
10500	31484	30954	205865
10500	30270	29837	492702
10500	34564	33918	493579
10500	34747	34042	493299
10500	34716	34041	486601
10600	35550	34871	511773
10600	35475	34744	481620
10600	34841	34145	211388
10600	35825	35101	487627
10600	35055	34412	502692
10600	36042	35296	194813
10600	35281	34505	482183
10600	35548	34835	500138
10600	35791	35054	507790
10600	35727	34993	219358
10600	34659	34044	222745
10600	35313	34640	493747
10600	35298	34618	224224
10600	35547	34847	196415
10600	35121	34403	501646
10600	35731	35018	226080
10600	35175	34490	503146
10600	36190	35402	215218
10600	34736	34063	223092
10600	35544	34819	496658
10600	35059	34386	501567
10600	35109	34476	491624
10600	32285	31703	221756
10600	34753	34064	212068
10600	35979	35258	197808
10600	35545	34849	492740
10600	34638	33996	195417
10600	31432	30922	221023
10600	16756	16595	495528
10600	34517	33916	500695
10600	35938	35250	502139
10600	35197	34577	490138
10600	36532	35730	503399
10600	35430	34717	199874
10600	31242	30741	207362
10600	35603	34863	212903
10600	34211	33591	205391
10600	30299	29841	487996
10600	35253	34581	504097
10600	35089	34416	507886
10600	35566	34869	221786
10600	35608	34890	490119
10600	35356	34663	219809
10600	35571	34853	197442
10600	36271	35540	200582
10600	34548	33905	215525
10600	34932	34289	195351
10600	35819	35040	214737
10600	17931	17667	495892
10600	34708	34071	202096
10700	35199	34538	211626
10700	35480	34777	500486
10700	31687	31138	494627
10700	35721	35047	223070
10700	35853	35192	503635
10700	36239	35496	211911
10700	33534	32971	198145
10700	36648	35888	491939
10700	35786	35072	497119
10700	31859	31325	503314
10700	35278	34595	486872
10700	34884	34271	215007
10700	35154	34474	495449
10700	35655	34976	505350
10700	36915	36183	496776
10700	35159	34504	497383
10700	35784	35084	227810
10700	35247	34593	512842
10700	35284	34624	211090
10700	36234	35538	214788
10700	34694	34047	504193
10700	35619	34876	227302
10700	35510	34788	493237
10700	35413	34741	517077
10700	36023	35306	497118
10700	35589	34866	197297
10700	35788	35112	197759
10700	35400	34753	505528
10700	35395	34742	509269
10700	35977	35278	213087
10700	36635	35872	507743
10700	35332	34657	512671
10700	35892	35191	227935
10700	35757	35047	491410
10700	17471	17254	219761
10700	35285	34607	517117
10700	35642	34947	502979
10700	36013	35279	206941
10700	36299	35571	511899
10700	35450	34773	503000
10700	36530	35773	219751
10700	35124	34433	493698
10700	36133	35367	202214
10700	36020	35326	219105
10700	35614	34955	505814
10700	36119	35440	214684
10700	36002	35237	510643
10700	31972	31448	511904
10700	36075	35357	507298
10700	35892	35197	213267
10800	36088	35361	204060
10800	36615	35864	198742
10800	36264	35541	508635
10800	35564	34897	216051
10800	35404	34751	213710
10800	34954	34341	217736
10800	35894	35173	202052
10800	36676	35840	209419
10800	35917	35179	516524
10800	34407	33796	230252
10800	35769	35066	229633
10800	36277	35568	223024
10800	35409	34737	503838
10800	35817	35142	201880
10800	36661	35951	517875
10800	35114	34481	503598
10800	36425	35663	204175
10800	35350	34694	202901
10800	36610	35889	200801
10800	36085	35369	504818
10800	36173	35454	501771
10800	35817	35093	501744
10800	35557	34927	228985
10800	35493	34774	492987
10800	36087	35365	214954
10800	36241	35500	519088
10800	36703	35961	210017
10800	36327	35600	497134
10800	36971	36225	507871
10800	32812	32263	223304
10800	35919	35282	220127
10800	35696	34982	491343
10800	18068	17830	218042
10800	35392	34784	219717
10800	36072	35389	210535
10800	36865	36099	222840
10800	33098	32525	226718
10800	17887	17657	496876
10800	36914	36183	218045
10800	36488	35773	223358
10800	35145	34494	510422
10800	34799	34151	490273
10800	32394	31814	490844
10800	35968	35253	495704
10800	35348	34652	494279
10800	35806	35115	520915
10800	36873	36159	499706
10800	35966	35221	510953
10800	35849	35148	206294
10800	35028	34382	517999
10900	36603	35873	496770
10900	36821	36105	230520
10900	37154	36445	502363
10900	32947	32327	200224
10900	18175	17948	514258
10900	35727	35096	525195
10900	36322	35629	523832
10900	37075	36332	506646
10900	36586	35867	517129
10900	36525	35752	514413
10900	35856	35163	509873
10900	37125	36347	221621
10900	36178	35482	500576
10900	36629	35899	499231
10900	36307	35567	223772
10900	35617	34938	230612
10900	18063	17821	216177
10900	34088	33547	219256
10900	36137	35441	215732
10900	36054	35353	227136
10900	36449	35744	222348
10900	36265	35591	203995
10900	36605	35845	215027
10900	17638	17432	209088
10900	36216	35491	231983
10900	36226	35535	526567
10900	37842	37024	495269
10900	36006	35360	501518
10900	37417	36592	227235
10900	36637	35934	505204
10900	35784	35117	205000
10900	36227	35509	505670
10900	35415	34845	494976
10900	36863	36075	203137
10900	36145	35451	204140
10900	36233	35577	511191
10900	37269	36460	502912
10900	32775	32263	524890
10900	35440	34803	519416
10900	36513	35805	504092
10900	37209	36457	221428
10900	36796	36110	501395
10900	36343	35648	226060
10900	36288	35619	517293
10900	37099	36377	210188
10900	35495	34808	227739
10900	36943	36228	513154
10900	32926	32354	519649
10900	36231	35537	503160
10900	35732	35026	213324
11000	36897	36181	510502
11000	36535	35824	529735
11000	37562	36795	216310
11000	37198	36433	206773
11000	37049	36328	207343
11000	36774	36060	211289
11000	36666	35953	520617
11000	37281	36508	502082
11000	36199	35484	225044
11000	36482	35819	205034
11000	36246	35560	221361
11000	36720	35934	210452
11000	36178	35519	219049
11000	36611	35871	499645
11000	36961	36309	500104
11000	36286	35570	516651
11000	36375	35618	512570
11000	32400	31937	204050
11000	18259	18021	228505
11000	32768	32222	506764
11000	36124	35393	223116
11000	36530	35823	522249
11000	35566	34954	514339
11000	36903	36181	507254
11000	37095	36345	511145
11000	36787	36032	526712
11000	35835	35207	520252
11000	35752	35125	522954
11000	36653	35960	519808
11000	36258	35556	220117
11000	36168	35489	513582
11000	37823	37028	229679
11000	37950	37139	213467
11000	37082	36312	218677
11000	36495	35769	202475
11000	35430	34817	227457
11000	36650	35925	214656
11000	36527	35847	525393
11000	37053	36296	503803
11000	36406	35647	521103
11000	33225	32669	203628
11000	36167	35508	529095
11000	32828	32303	511997
11000	37001	36307	519938
11000	36151	35463	520581
11000	37251	36513	514784
11000	36400	35714	527826
11000	36321	35676	510783
11000	37562	36814	502190
11000	36443	35717	506680
11100	38037	37299	516474
11100	37145	36390	514620
11100	37186	36484	517477
11100	36390	35679	511254
11100	37142	36427	509287
11100	32744	32265	507824
11100	37360	36628	534276
11100	37668	36975	208919
11100	37072	36358	222342
11100	36803	36090	509190
11100	36708	35990	522156
11100	36902	36224	229803
11100	37184	36426	504887
11100	36960	36206	213958
11100	36699	36031	509911
11100	36127	35400	215535
11100	32448	31965	533033
11100	35428	34815	220898
11100	37536	36762	506829
11100	36676	35987	503316
11100	37800	37006	221192
11100	36404	35707	224338
11100	37173	36470	211651
11100	36816	36122	234928
11100	37015	36288	206181
11100	37391	36688	519848
11100	37281	36574	211128
11100	37329	36560	232022
11100	37358	36582	521915
11100	37079	36356	227619
11100	37439	36674	217009
11100	37142	36449	207047
11100	35542	34952	526899
11100	36635	35940	223235
11100	36556	35872	203688
11100	37191	36489	529178
11100	38140	37358	234768
11100	36977	36227	529529
11100	37071	36384	525493
11100	37168	36439	209362
11100	36921	36215	227776
11100	36562	35870	506932
11100	36595	35895	524616
11100	37411	36656	227285
11100	37547	36793	526637
11100	36486	35793	505755
11100	36886	36158	513824
11100	36465	35738	523979
11100	37134	36411	536001
11100	37448	36693	513523
11200	37183	36509	528707
11200	37476	36751	216597
11200	37294	36585	230600
11200	37011	36297	524918
11200	36938	36288	226582
11200	38295	37510	230400
11200	37826	37059	218777
11200	36184	35527	528386
11200	37219	36442	211997
11200	35954	35358	511891
11200	37575	36877	520143
11200	37615	36902	514283
11200	37183	36536	519244
11200	38016	37251	205660
11200	37616	36845	532252
11200	37357	36651	226010
11200	37307	36592	237376
11200	37178	36465	537217
11200	37787	37064	215608
11200	37409	36730	230842
11200	37890	37131	238181
11200	38031	37274	226159
11200	37195	36450	226292
11200	36312	35683	223895
11200	37009	36339	212397
11200	38015	37293	212100
11200	18450	18216	221597
11200	36873	36232	225961
11200	37375	36625	529201
11200	36833	36120	221157
11200	35439	34835	213236
11200	37156	36408	214233
11200	36417	35746	224522
11200	18291	18066	216981
11200	37376	36642	221049
11200	37953	37219	225946
11200	37452	36744	537125
11200	36643	35985	212980
11200	38303	37514	233338
11200	36849	36219	218489
11200	37728	37001	514364
11200	37219	36505	518225
11200	37211	36494	205532
11200	37778	36991	214902
11200	37592	36845	533392
11200	18601	18363	512194
11200	36963	36231	209670
11200	37154	36471	526771
11200	37100	36364	541294
11200	36986	36358	541179
11300	33610	33043	535246
11300	37710	36970	532939
11300	38432	37698	212979
11300	38122	37378	533503
11300	37622	36862	533446
11300	37851	37118	219287
11300	38613	37824	536444
11300	38168	37404	238912
11300	37984	37246	538205
11300	37656	36912	531174
11300	38364	37587	215183
11300	38241	37467	514119
11300	38225	37525	233564
11300	36823	36196	228719
11300	37097	36411	536779
11300	33649	33090	533545
11300	37075	36376	514259
11300	38432	37675	233635
11300	38819	38041	539407
11300	38952	38124	232800
11300	33820	33213	223672
11300	37009	36356	514930
11300	36990	36278	543380
11300	37084	36379	543664
11300	37986	37255	540070
11300	38563	37792	523234
11300	37071	36380	224618
11300	37320	36578	209684
11300	36903	36289	533994
11300	36832	36211	231898
11300	35918	35292	519898
11300	37319	36636	518311
11300	37641	36978	212469
11300	37120	36449	232666
11300	37937	37183	234241
11300	33495	32938	240433
11300	33564	33045	540614
11300	37301	36640	228432
11300	37601	36867	545290
11300	38382	37626	214644
11300	37261	36522	527594
11300	38467	37736	512561
11300	37644	36916	524140
11300	37646	36923	514440
11300	36412	35797	222599
11300	34368	33784	526730
11300	37487	36813	540072
11300	37690	36977	217305
11300	37865	37084	223182
11300	37969	37241	533773
11400	38286	37516	549776
11400	37546	36921	213655
11400	37064	36344	525616
11400	37957	37275	219355
11400	35133	34567	210881
11400	38147	37415	538971
11400	38684	37935	521902
11400	39092	38244	210451
11400	38108	37432	518256
11400	37941	37213	235973
11400	38801	38028	212867
11400	37662	36988	238660
11400	39578	38786	535319
11400	38935	38223	243104
11400	37770	37049	236738
11400	34442	33929	230195
11400	36990	36338	538165
11400	37988	37221	527188
11400	37479	36773	518218
11400	37384	36678	523054
11400	37758	37093	523121
11400	39089	38263	214294
11400	37209	36522	528414
11400	38481	37738	535586
11400	33843	33325	232268
11400	37837	37137	532246
11400	38122	37371	221140
11400	38950	38154	532856
11400	39223	38417	519255
11400	38271	37511	529321
11400	37586	36942	541938
11400	37172	36517	223224
11400	38766	38054	537115
11400	37508	36748	549726
11400	37369	36691	224722
11400	37823	37081	528614
11400	37965	37213	223160
11400	37915	37151	519679
11400	38671	37876	218402
11400	19037	18762	227240
11400	38047	37309	523346
11400	37838	37143	520065
11400	37951	37223	228948
11400	38003	37305	223579
11400	38788	37973	533778
11400	39192	38410	547539
11400	37427	36740	222798
11400	38075	37390	212550
11400	34699	34112	237776
11400	38123	37396	238179
11500	38144	37399	240009
11500	38658	37908	229347
11500	38199	37487	230279
11500	39402	38623	532408
11500	37468	36775	549032
11500	38937	38172	530600
11500	39249	38526	225339
11500	37572	36902	241354
11500	37769	37102	553062
11500	37458	36817	233375
11500	37624	36960	548978
11500	39094	38338	537691
11500	38940	38212	243120
11500	38754	38009	548205
11500	37093	36504	244482
11500	38447	37726	239027
11500	36992	36336	226636
11500	38649	37923	522059
11500	38017	37325	221564
11500	39062	38285	233770
11500	38744	38023	237491
11500	38536	37791	524196
11500	37620	36921	227520
11500	37717	36970	237669
11500	34185	33626	538758
11500	38850	38042	216471
11500	38780	38037	554611
11500	38318	37606	540602
11500	37652	36993	537099
11500	38329	37598	220225
11500	38364	37652	522208
11500	34319	33747	551302
11500	34979	34354	236738
11500	38255	37548	244752
11500	38396	37663	239437
11500	38468	37730	523403
11500	39172	38388	533004
11500	38890	38113	228390
11500	38108	37421	231070
11500	38440	37707	232227
11500	38176	37416	534359
11500	37726	37021	244436
11500	35407	34772	235120
11500	18832	18638	550938
11500	39195	38457	217487
11500	38450	37750	224482
11500	38610	37854	229929
11500	38722	37985	220547
11500	38213	37502	241710
11500	38134	37428	525341
11600	37082	36443	535303
11600	38711	37989	228375
11600	38704	37949	216921
11600	38937	38173	229130
11600	37914	37212	224787
11600	38830	38095	554626
11600	39452	38634	216965
11600	39464	38685	240925
11600	38568	37844	214389
11600	38015	37314	235721
11600	38779	38054	550074
11600	34465	33916	220478
11600	37875	37179	528060
11600	37371	36752	542238
11600	38888	38124	231523
11600	39116	38326	239425
11600	38267	37539	554208
11600	39261	38471	218785
11600	37972	37307	233525
11600	39312	38493	539041
11600	38529	37833	245825
11600	39147	38386	559947
11600	39616	38850	244035
11600	38870	38114	552146
11600	37466	36750	550344
11600	38679	37905	235099
11600	35403	34779	541530
11600	38979	38251	244159
11600	38742	38016	538046
11600	37770	37106	228414
11600	37925	37234	557483
11600	39122	38375	559236
11600	39540	38756	525892
11600	37724	37072	532956
11600	38748	38008	547726
11600	39533	38712	235399
11600	37594	36945	550625
11600	39111	38301	558995
11600	39078	38346	531400
11600	39615	38761	558284
11600	38572	37838	227555
11600	37422	36768	531113
11600	37763	37107	545777
11600	38653	37936	533626
11600	39044	38255	215682
11600	38980	38210	551409
11600	34795	34265	559846
11600	39192	38441	557806
11600	39212	38464	527599
11600	38144	37472	540800
11700	38771	38059	219500
11700	38339	37694	246526
11700	38703	38003	222389
11700	38112	37386	237218
11700	36852	36254	537426
11700	19163	18931	240769
11700	35323	34724	215367
11700	38801	38057	548040
11700	38578	37878	241796
11700	39322	38602	537426
11700	39123	38382	231530
11700	38187	37504	222178
11700	39003	38236	546783
11700	38982	38255	551905
11700	39659	38921	248191
11700	38552	37900	548988
11700	39330	38527	241347
11700	39420	38628	243881
11700	39180	38441	231192
11700	34539	34036	534062
11700	35368	34799	243348
11700	39244	38482	553050
11700	39039	38323	226661
11700	39507	38751	243763
11700	38774	38097	559616
11700	39584	38846	558776
11700	39896	39102	219411
11700	38436	37688	243700
11700	36229	35595	538249
11700	39180	38470	564600
11700	39145	38438	539446
11700	19161	18934	536845
11700	39188	38420	548248
11700	38935	38166	216646
11700	38958	38219	552763
11700	39014	38307	247621
11700	39079	38352	219714
11700	37870	37229	541866
11700	38571	37841	246278
11700	38444	37770	549558
11700	38104	37449	553375
11700	39864	39066	233620
11700	39387	38625	538386
11700	39073	38336	224205
11700	39273	38514	225305
11700	39815	39024	217818
11700	38994	38253	549954
11700	38318	37601	544117
11700	38725	38004	557800
11700	39090	38356	548341
11800	38625	37948	245511
11800	38435	37769	559490
11800	38797	38103	543297
11800	39028	38304	219032
11800	40420	39572	562660
11800	38954	38248	535207
11800	39171	38449	234776
11800	38477	37806	536071
11800	39426	38707	228316
11800	39772	39051	568681
11800	39195	38463	249109
11800	39850	39123	243389
11800	39443	38716	543812
11800	38660	37978	539544
11800	39125	38393	546188
11800	40306	39503	549368
11800	40029	39255	537116
11800	40108	39322	567838
11800	39218	38521	544172
11800	39652	38895	537946
11800	39321	38586	536611
11800	39894	39149	236244
11800	39932	39166	561600
11800	39369	38585	251301
11800	39083	38360	549479
11800	38649	37911	560904
11800	38889	38163	541901
11800	39770	38938	544404
11800	39396	38636	545232
11800	38810	38093	217417
11800	38036	37373	539633
11800	35486	34909	227039
11800	40023	39231	552284
11800	39273	38549	549015
11800	39230	38504	563681
11800	39693	38926	219948
11800	39587	38792	245135
11800	39681	38973	233472
11800	39818	39078	233517
11800	39197	38483	231123
11800	38792	38078	224368
11800	38091	37416	549553
11800	39784	39003	238533
11800	37963	37326	244995
11800	39718	38932	535461
11800	40274	39486	549043
11800	39214	38493	542068
11800	39723	38973	229344
11800	19322	19097	565999
11800	39069	38325	237417
11900	39799	39087	225459
11900	39718	38957	551751
11900	40465	39690	237750
11900	39807	39078	539489
11900	39952	39220	224721
11900	39534	38753	551485
11900	40568	39762	565953
11900	39296	38558	557078
11900	39817	39050	231129
11900	39733	38964	242892
11900	38435	37711	242806
11900	19893	19627	252436
11900	39959	39201	545570
11900	40387	39605	240449
11900	40583	39835	220983
11900	39681	38916	228224
11900	39915	39201	549945
11900	39713	38996	240790
11900	19615	19392	545091
11900	39959	39208	543202
11900	40366	39605	561405
11900	39581	38828	543174
11900	39916	39118	567085
11900	40537	39776	547035
11900	35956	35342	243844
11900	38890	38144	227661
11900	39308	38570	250866
11900	39378	38634	250196
11900	35178	34691	540017
11900	38760	38013	559072
11900	39607	38876	242805
11900	40049	39258	244807
11900	39205	38526	550656
11900	36840	36242	568784
11900	40086	39331	552809
11900	36110	35503	219961
11900	40515	39732	562089
11900	40566	39743	240140
11900	40747	39941	555052
11900	40334	39476	231172
11900	40353	39528	228988
11900	39708	38921	563000
11900	38239	37615	252874
11900	39587	38860	238907
11900	39675	38902	223155
11900	39903	39178	228282
11900	39261	38599	564313
11900	38928	38207	237722
11900	39837	39089	549361
11900	38968	38313	220909
12000	20148	19865	563508
12000	39180	38442	572719
12000	40273	39504	571009
12000	20233	19940	228031
12000	40759	40003	255723
12000	39287	38575	579892
12000	39964	39257	238269
12000	39606	38845	249233
12000	39034	38284	565573
12000	39598	38862	252008
12000	40262	39496	235427
12000	38679	37981	572513
12000	40339	39562	242848
12000	39685	38999	250842
12000	19979	19727	255563
12000	40791	40005	242095
12000	40250	39465	227479
12000	40378	39650	224780
12000	40750	39945	223132
12000	40372	39648	569478
12000	39719	39012	224110
12000	40335	39535	242408
12000	40832	40019	237167
12000	40328	39584	544049
12000	40677	39841	548260
12000	40053	39287	573954
12000	39552	38843	248640
12000	41481	40616	554174
12000	40360	39604	239597
12000	40298	39538	568126
12000	38815	38131	570244
12000	40405	39626	569143
12000	40474	39726	567787
12000	40296	39509	566249
12000	40432	39651	565013
12000	39793	39058	224201
12000	19493	19270	243441
12000	39227	38522	244853
12000	39666	38964	559775
12000	38882	38256	227198
12000	39716	39009	249872
12000	39889	39141	252152
12000	36321	35698	234896
12000	40268	39484	550410
12000	40254	39519	233195
12000	35292	34758	222401
12000	40153	39422	553685
12000	39457	38721	545821
12000	40522	39707	551568
12000	39329	38697	248999
12100	39428	38779	557826
12100	39561	38833	253065
12100	39937	39244	555621
12100	40677	39911	564311
12100	40573	39810	557778
12100	40432	39708	563962
12100	38575	37940	571654
12100	40145	39387	574621
12100	40549	39759	557258
12100	40948	40208	557583
12100	40078	39396	239371
12100	40310	39524	246905
12100	39239	38567	576205
12100	40075	39324	234146
12100	39268	38570	235586
12100	40792	40020	583524
12100	36077	35499	223359
12100	35927	35380	253700
12100	41131	40362	557987
12100	40812	40056	235376
12100	40606	39877	225356
12100	41415	40583	552481
12100	40135	39404	223293
12100	39396	38768	248307
12100	40907	40083	229847
12100	40156	39386	246112
12100	40620	39843	581898
12100	41154	40384	572718
12100	39714	38947	247975
12100	40571	39844	249000
12100	39612	38864	258094
12100	41030	40228	226440
12100	41093	40303	245075
12100	40032	39316	248953
12100	40721	39921	257167
12100	40685	39905	240864
12100	40754	39957	241001
12100	39180	38484	246966
12100	41499	40621	251878
12100	38802	38161	254088
12100	40067	39360	552584
12100	39082	38439	237896
12100	39629	38947	568481
12100	40173	39454	579877
12100	41021	40240	222942
12100	40963	40145	559555
12100	39140	38452	257417
12100	38793	38110	228661
12100	40598	39793	228657
12100	39763	39041	242800
12200	40771	40003	581100
12200	40276	39527	585319
12200	40185	39491	585551
12200	40366	39651	231360
12200	40831	40063	587161
12200	40065	39353	570145
12200	40530	39710	225196
12200	41576	40787	579792
12200	41388	40636	226071
12200	40299	39517	554454
12200	40128	39414	233455
12200	40612	39855	230209
12200	38323	37711	231337
12200	36975	36372	236482
12200	40603	39839	230059
12200	39596	38857	230230
12200	40663	39876	575149
12200	40200	39470	566560
12200	40339	39619	574613
12200	40844	40094	240451
12200	40861	40095	588280
12200	40825	40055	580515
12200	40136	39399	556701
12200	40188	39487	255420
12200	40698	39897	254133
12200	41045	40211	555117
12200	40664	39914	567827
12200	41502	40691	253341
12200	40682	39955	570666
12200	38024	37402	586780
12200	41569	40735	572379
12200	40391	39660	226076
12200	40176	39448	260155
12200	41280	40487	565798
12200	41236	40468	250161
12200	39819	39090	581555
12200	41031	40286	554167
12200	40928	40181	554916
12200	36933	36321	235273
12200	20416	20156	228872
12200	40921	40113	570747
12200	39998	39283	259132
12200	39510	38826	574958
12200	40434	39673	241881
12200	41327	40557	581672
12200	40791	40058	252985
12200	41010	40242	227987
12200	40340	39601	561316
12200	40416	39707	587295
12200	40556	39812	247917
12300	41254	40440	262158
12300	41125	40310	588341
12300	41363	40580	583103
12300	39718	39095	561523
12300	41082	40335	258414
12300	41624	40783	560509
12300	41155	40328	251733
12300	41072	40275	558623
12300	40440	39773	557689
12300	41552	40778	570349
12300	40844	40088	233937
12300	40738	39996	249753
12300	41521	40757	589839
12300	40724	39967	241160
12300	36697	36105	566678
12300	41112	40364	229899
12300	40907	40157	559957
12300	40964	40227	590173
12300	41479	40671	565763
12300	40245	39599	251362
12300	41137	40325	583159
12300	41794	41010	237798
12300	41167	40427	242367
12300	41741	40898	592000
12300	41942	41134	582366
12300	20344	20084	254525
12300	40843	40126	242673
12300	41290	40556	579201
12300	41908	41097	246506
12300	41198	40403	567813
12300	40569	39840	256225
12300	40667	39905	567351
12300	40709	40034	255757
12300	41572	40794	255165
12300	40956	40213	585038
12300	40946	40147	233238
12300	41552	40810	228935
12300	41029	40281	563576
12300	40548	39875	229916
12300	20529	20263	591461
12300	40968	40240	252540
12300	20493	20200	235844
12300	41695	40855	250100
12300	37276	36671	577759
12300	40437	39714	228722
12300	41185	40355	566115
12300	41319	40552	580653
12300	40674	39965	257425
12300	40375	39637	584738
12300	41486	40712	240922
12400	40572	39848	575713
12400	41061	40281	589994
12400	41200	40431	253826
12400	41523	40732	570896
12400	40909	40167	582084
12400	41329	40593	564412
12400	41820	41034	246493
12400	41239	40468	569086
12400	41275	40531	574773
12400	40971	40286	574238
12400	41724	40949	236015
12400	41566	40820	571149
12400	42086	41343	264213
12400	36628	36088	585867
12400	39618	38963	230380
12400	41007	40232	579481
12400	41742	40944	242187
12400	41411	40657	234957
12400	41939	41181	595498
12400	41980	41170	242876
12400	41790	41031	239719
12400	41678	40902	563832
12400	41262	40511	596725
12400	41085	40349	587220
12400	41921	41121	564254
12400	41523	40750	241519
12400	41123	40322	263189
12400	40740	40006	239831
12400	41731	40941	575019
12400	42107	41315	574472
12400	41881	41036	581218
12400	40789	40066	569479
12400	40978	40268	259613
12400	42567	41785	238897
12400	41665	40918	588713
12400	41247	40436	574427
12400	41688	40916	254489
12400	41391	40642	596478
12400	41890	41060	578867
12400	41130	40416	572385
12400	41603	40863	594807
12400	39897	39235	569981
12400	41862	41068	578752
12400	37943	37290	245014
12400	40370	39636	236484
12400	16403	16322	566532
12400	40839	40083	568880
12400	41104	40343	231749
12400	36952	36414	254243
12400	36716	36139	248169
12500	36265	35745	238198
12500	41819	41004	573916
12500	41494	40752	263905
12500	35531	35086	231589
12500	41947	41221	240934
12500	41038	40342	586104
12500	39997	39336	585378
12500	43082	42185	262912
12500	41884	41135	591046
12500	37723	37117	250036
12500	41383	40659	241259
12500	41712	40906	575412
12500	41233	40553	250390
12500	42523	41717	249062
12500	42366	41584	596306
12500	43173	42305	586504
12500	20758	20484	244374
12500	20706	20448	595602
12500	40799	40052	243175
12500	42269	41454	248821
12500	41827	41016	263408
12500	41711	40930	245649
12500	41770	41016	260959
12500	40539	39813	600427
12500	41713	40910	589535
12500	41576	40780	579099
12500	36965	36438	249525
12500	42831	41991	241573
12500	20568	20318	255727
12500	36585	36033	266312
12500	42205	41411	588730
12500	41297	40577	254040
12500	41406	40682	253258
12500	41969	41170	236119
12500	37338	36746	237758
12500	42114	41298	238479
12500	42174	41326	235553
12500	41952	41169	253895
12500	42069	41287	245618
12500	41790	41012	238130
12500	40544	39785	569286
12500	42114	41321	238381
12500	42382	41578	251078
12500	40963	40295	596331
12500	42446	41629	596547
12500	43300	42411	575508
12500	20847	20567	253084
12500	41284	40561	233237
12500	42254	41488	583615
12500	42610	41759	244900
12600	42020	41230	576759
12600	40764	40009	592001
12600	42770	41969	252967
12600	41260	40496	600152
12600	42117	41351	587888
12600	41577	40853	252579
12600	43202	42392	584503
12600	42702	41911	248104
12600	37755	37190	572557
12600	43046	42206	250845
12600	42131	41396	572986
12600	42931	42133	247558
12600	42290	41499	594068
12600	16523	16442	246706
12600	41769	40994	581018
12600	41936	41168	235796
12600	42796	41971	590814
12600	42125	41430	578076
12600	41816	41035	249528
12600	42029	41218	590207
12600	42624	41841	605965
12600	43028	42144	592156
12600	41762	41034	259478
12600	37730	37190	254538
12600	41333	40620	593510
12600	42572	41746	601125
12600	40825	40059	251710
12600	41070	40401	241841
12600	42148	41386	234096
12600	41703	40973	239920
12600	41365	40637	263273
12600	42062	41294	604139
12600	40680	39993	264571
12600	42562	41801	608700
12600	42171	41394	256990
12600	41595	40862	589959
12600	41640	40924	236331
12600	42075	41226	583090
12600	41864	41117	595367
12600	40951	40259	590826
12600	41587	40854	249261
12600	40912	40207	582868
12600	41925	41162	585283
12600	42275	41478	593047
12600	42110	41378	237686
12600	41677	40963	243617
12600	41769	41019	252072
12600	42318	41503	239626
12600	42090	41335	235247
12600	41967	41212	265575
12700	43148	42325	594951
12700	42374	41584	258196
12700	42596	41833	577755
12700	41737	41028	590507
12700	42092	41334	256126
12700	37845	37253	613147
12700	40257	39604	589451
12700	42594	41831	263835
12700	42995	42179	238385
12700	41946	41187	589903
12700	41994	41253	578578
12700	44241	43441	258636
12700	43461	42616	607435
12700	42592	41773	259018
12700	42115	41386	242777
12700	42559	41808	262688
12700	42339	41579	264918
12700	41583	40819	582944
12700	42520	41687	233444
12700	40702	40079	235565
12700	42573	41782	597716
12700	42566	41795	263145
12700	42484	41750	258143
12700	42516	41686	239894
12700	41918	41170	602735
12700	42293	41539	609035
12700	42513	41732	259396
12700	41699	40897	248209
12700	40591	39897	239419
12700	41208	40524	257679
12700	43399	42560	608101
12700	42910	42129	255793
12700	42323	41543	595270
12700	39545	38855	235742
12700	43642	42790	576165
12700	42771	41962	579205
12700	42262	41530	613750
12700	41680	40947	606267
12700	42081	41361	612260
12700	42010	41254	262630
12700	42216	41520	596543
12700	37668	37120	266852
12700	41566	40876	592235
12700	42910	42069	590299
12700	43224	42383	260112
12700	41867	41147	583984
12700	42635	41837	605473
12700	42380	41574	255943
12700	41966	41272	256964
12700	43001	42202	239426
12800	40817	40136	256513
12800	42358	41624	243498
12800	37519	36965	254343
12800	42267	41509	605571
12800	43429	42591	617590
12800	43396	42572	610367
12800	21262	20992	263964
12800	21035	20786	614552
12800	43447	42642	609779
12800	42981	42138	262533
12800	42778	41979	588233
12800	43292	42476	244247
12800	42955	42151	241032
12800	42236	41451	606978
12800	42756	41949	235577
12800	42920	42098	598809
12800	42134	41414	590193
12800	43176	42394	602971
12800	42384	41612	272504
12800	42954	42130	605968
12800	41894	41215	250850
12800	43630	42801	586687
12800	42771	41969	266539
12800	43283	42378	236772
12800	41926	41189	580714
12800	21306	21020	585298
12800	43698	42852	267995
12800	42482	41742	594558
12800	43467	42588	244046
12800	41871	41139	586850
12800	41538	40832	586159
12800	42081	41309	253035
12800	43268	42508	253521
12800	43510	42658	580665
12800	41564	40844	264140
12800	43064	42247	237777
12800	43630	42745	582537
12800	42573	41831	615093
12800	43080	42266	248433
12800	38377	37721	265241
12800	42994	42224	253608
12800	42777	41987	271886
12800	42979	42188	612686
12800	40373	39702	604441
12800	42593	41806	603268
12800	43442	42593	259204
12800	42192	41462	616422
12800	43658	42793	272668
12800	43198	42367	257451
12800	42668	41940	600089
12900	43129	42344	589096
12900	43122	42355	267968
12900	42639	41864	261529
12900	42514	41762	271261
12900	43306	42516	244789
12900	43411	42590	260914
12900	42483	41760	271706
12900	43510	42654	256784
12900	42398	41586	269303
12900	44099	43241	589366
12900	43299	42424	611142
12900	42449	41689	591906
12900	21107	20870	609061
12900	42276	41539	266289
12900	43602	42817	613055
12900	42738	42026	255247
12900	42899	42058	273560
12900	42810	42036	236624
12900	42643	41854	262012
12900	43269	42479	239067
12900	42601	41831	622562
12900	42773	42021	618875
12900	43141	42359	271116
12900	43057	42266	238231
12900	43324	42528	243260
12900	43261	42429	243868
12900	43203	42422	259073
12900	43964	43102	257458
12900	42849	42056	614339
12900	42999	42191	269179
12900	44248	43363	247794
12900	21384	21125	602168
12900	43132	42307	621653
12900	42186	41438	609292
12900	42608	41869	249886
12900	42332	41641	246018
12900	43005	42220	245934
12900	42625	41873	271467
12900	42721	41898	602639
12900	43239	42453	587908
12900	43152	42311	604652
12900	44081	43226	614787
12900	43207	42380	591038
12900	42476	41690	597459
12900	38090	37563	598322
12900	42229	41502	587465
12900	43334	42526	594230
12900	43954	43138	587666
12900	42922	42084	262085
12900	42710	41975	260105
13000	43357	42628	622875
13000	42033	41331	606045
13000	42345	41606	608266
13000	42939	42159	615232
13000	21285	21044	622941
13000	42440	41703	617287
13000	43194	42399	623841
13000	42819	42062	257533
13000	43510	42701	589502
13000	43251	42501	618037
13000	43707	42876	593137
13000	43207	42421	608579
13000	42230	41503	625640
13000	37943	37385	596440
13000	43142	42335	612522
13000	43621	42778	619541
13000	21612	21307	620617
13000	43589	42761	260498
13000	43155	42407	619420
13000	43409	42614	270718
13000	43349	42587	618476
13000	42933	42219	625160
13000	43926	43097	620320
13000	43599	42849	250681
13000	21577	21284	625024
13000	43622	42824	269120
13000	43345	42571	250057
13000	43743	42903	616032
13000	43511	42740	246736
13000	38949	38364	592876
13000	43061	42301	601892
13000	42659	41945	250780
13000	42532	41812	264207
13000	21702	21379	602564
13000	42571	41821	615676
13000	43628	42818	240933
13000	44002	43182	271010
13000	42359	41675	275735
13000	43045	42286	615472
13000	42929	42178	251765
13000	43167	42436	626898
13000	43055	42213	258626
13000	43883	43023	613435
13000	43290	42482	258378
13000	43141	42342	605702
13000	43440	42659	592099
13000	43643	42822	246268
13000	43353	42568	251753
13000	43119	42300	620784
13000	43672	42851	618240
13100	43298	42556	624597
13100	44545	43695	595850
13100	44061	43229	275907
13100	43571	42802	258516
13100	44394	43513	263075
13100	43510	42676	602533
13100	43464	42728	243486
13100	43880	43073	596700
13100	44566	43735	627256
13100	44627	43775	250785
13100	44178	43330	261067
13100	44018	43222	624818
13100	43005	42225	595041
13100	42436	41778	269712
13100	44672	43837	599083
13100	44493	43670	626202
13100	42848	42114	279388
13100	42995	42276	264879
13100	43816	43033	267358
13100	41209	40489	266980
13100	43764	42978	259593
13100	39928	39265	596360
13100	22214	21901	618717
13100	44512	43703	594430
13100	42322	41627	629683
13100	43907	43125	594105
13100	43687	42888	271443
13100	44462	43633	615610
13100	43322	42598	619967
13100	43683	42857	270677
13100	40277	39617	270769
13100	43894	43103	623209
13100	43366	42622	620556
13100	44032	43236	253012
13100	44776	43909	623348
13100	38513	37915	260087
13100	44372	43515	607844
13100	43142	42354	619370
13100	43492	42671	613299
13100	43873	43058	262301
13100	43289	42475	629338
13100	43643	42796	600306
13100	43484	42754	618956
13100	43194	42411	594047
13100	43213	42474	614692
13100	44366	43549	601097
13100	44368	43487	269623
13100	42892	42161	613210
13100	21082	20849	267177
13100	43502	42688	264430
13200	43896	43146	636471
13200	44240	43456	617913
13200	44156	43389	628938
13200	44540	43681	636218
13200	44042	43215	621686
13200	43780	42995	253392
13200	45003	44136	630569
13200	43261	42534	274930
13200	39794	39125	600104
13200	44149	43396	266245
13200	43625	42882	270753
13200	45173	44326	603234
13200	43948	43178	626080
13200	44036	43181	609389
13200	44047	43282	266955
13200	43783	43013	266966
13200	44102	43299	275688
13200	43142	42449	600011
13200	44518	43687	607714
13200	43933	43112	260860
13200	44124	43326	277675
13200	44545	43723	242285
13200	43689	42913	604462
13200	43280	42532	619847
13200	44146	43286	624990
13200	39383	38842	628557
13200	44384	43570	609407
13200	45268	44352	277983
13200	43256	42470	618908
13200	43533	42817	266514
13200	43648	42895	633173
13200	43835	42984	258519
13200	43860	43102	280471
13200	43705	42947	257586
13200	44314	43557	266521
13200	43965	43121	620775
13200	44393	43584	243268
13200	44018	43216	261727
13200	43231	42520	621697
13200	43884	43114	265017
13200	43753	42960	268957
13200	43178	42445	605992
13200	44548	43702	629561
13200	44239	43445	637686
13200	44656	43762	252527
13200	42233	41594	251318
13200	43880	43107	636425
13200	21291	21066	273766
13200	43867	43059	613509
13200	21610	21348	601386
13300	44535	43711	282803
13300	44530	43716	607166
13300	43744	42966	261938
13300	45526	44640	268235
13300	43347	42647	245856
13300	44224	43419	273939
13300	44460	43673	250612
13300	44040	43240	636434
13300	44278	43437	637885
13300	22098	21804	625929
13300	44087	43311	268202
13300	43775	43042	281378
13300	44035	43250	278724
13300	44782	43962	634226
13300	42791	42116	272486
13300	44645	43840	277199
13300	43016	42326	638273
13300	44588	43810	624590
13300	44420	43656	252134
13300	44279	43527	638567
13300	44379	43548	264864
13300	44674	43881	607081
13300	44985	44146	261241
13300	43360	42553	616434
13300	39958	39312	632169
13300	43425	42678	256263
13300	45024	44190	613421
13300	44692	43838	642776
13300	43293	42620	612269
13300	44694	43846	604773
13300	44501	43741	273270
13300	40333	39699	610368
13300	43379	42662	257199
13300	44127	43315	282733
13300	44204	43379	263155
13300	44435	43628	275956
13300	44810	44004	257993
13300	44548	43725	275928
13300	43803	43016	252467
13300	44181	43448	632736
13300	44313	43545	260434
13300	45655	44790	626909
13300	39848	39235	262236
13300	45066	44199	603295
13300	43498	42748	635912
13300	44666	43842	641631
13300	44568	43754	614604
13300	44918	44058	625240
13300	45050	44205	273530
13300	43591	42811	270553
13400	44832	44017	614805
13400	44647	43830	281327
13400	44086	43339	615757
13400	45327	44443	616472
13400	44685	43904	625450
13400	45685	44819	258478
13400	45073	44279	274578
13400	45504	44656	646953
13400	44562	43791	275109
13400	44909	44061	285051
13400	44362	43517	627719
13400	43562	42862	270222
13400	44888	44091	249226
13400	45182	44409	635608
13400	44276	43465	255335
13400	44576	43726	634577
13400	44227	43428	613665
13400	45432	44617	266147
13400	44408	43642	609000
13400	41011	40374	263004
13400	44521	43735	641660
13400	44578	43837	619502
13400	44232	43426	609626
13400	39399	38861	257978
13400	45034	44262	646601
13400	44416	43679	629381
13400	40075	39436	641534
13400	44414	43618	283728
13400	43950	43235	635545
13400	44921	44076	252231
13400	45284	44458	248532
13400	43881	43039	624066
13400	45215	44413	640781
13400	44393	43604	246246
13400	45590	44730	635526
13400	39479	38905	264117
13400	45360	44490	261898
13400	45340	44530	620373
13400	44749	43973	272564
13400	22015	21770	249325
13400	44844	43982	623430
13400	44510	43740	628860
13400	44753	43976	615897
13400	43932	43127	611585
13400	44936	44108	273616
13400	43580	42803	611237
13400	43935	43197	250657
13400	44310	43556	249544
13400	22394	22122	643213
13400	45171	44302	624865
13500	45074	44308	634900
13500	45250	44439	273221
13500	45935	45102	286017
13500	45462	44610	262830
13500	44490	43737	630430
13500	40174	39599	249060
13500	44163	43414	623098
13500	45163	44380	621532
13500	41874	41265	251193
13500	44938	44074	259456
13500	46064	45200	272705
13500	44558	43784	624531
13500	45776	44958	619262
13500	43506	42817	628538
13500	45133	44321	253978
13500	45347	44560	637727
13500	44902	44071	252594
13500	45087	44258	286989
13500	44301	43604	639108
13500	45401	44528	637654
13500	45255	44461	259427
13500	45249	44413	616752
13500	45727	44860	646370
13500	44932	44110	248577
13500	44093	43320	254013
13500	45487	44625	275468
13500	45669	44868	640559
13500	44765	44010	257777
13500	45489	44684	249946
13500	44467	43639	266244
13500	45138	44353	276242
13500	45176	44389	280824
13500	44927	44164	285457
13500	43704	42959	629207
13500	40643	40007	621588
13500	45264	44442	634048
13500	41105	40365	253871
13500	40243	39630	628527
13500	45048	44217	632177
13500	45849	44953	617807
13500	40156	39576	263513
13500	44199	43395	651266
13500	44777	44000	248846
13500	45312	44436	630405
13500	22306	22032	643245
13500	44342	43586	253850
13500	44833	44021	282421
13500	44267	43483	257549
13500	39936	39356	257997
13500	44870	44085	274259
13600	44539	43828	281883
13600	44799	43997	267176
13600	41053	40397	263546
13600	45285	44494	263927
13600	45634	44821	649069
13600	45959	45138	289758
13600	45207	44403	632900
13600	45027	44246	636011
13600	45854	44981	251426
13600	44944	44149	276707
13600	46187	45312	271644
13600	45798	44982	250660
13600	45815	44967	259091
13600	45753	44917	264545
13600	44149	43437	259439
13600	22540	22277	269554
13600	46307	45428	259493
13600	46097	45255	640636
13600	44758	43989	648071
13600	45174	44369	250434
13600	17865	17794	618226
13600	45615	44747	636466
13600	45159	44368	655928
13600	44826	44075	616772
13600	22375	22102	262773
13600	45599	44757	280659
13600	44579	43818	258620
13600	45450	44667	652974
13600	44706	43935	289415
13600	45861	45010	263988
13600	44718	43905	652674
13600	46017	45156	272834
13600	44444	43696	262465
13600	45253	44374	264778
13600	44775	43954	644694
13600	46172	45312	627056
13600	44765	43987	650887
13600	41583	40920	284899
13600	45186	44331	282298
13600	45347	44532	648891
13600	44498	43765	265766
13600	45898	45064	269242
13600	45606	44756	260122
13600	45511	44717	289036
13600	44665	43908	257685
13600	45026	44249	622486
13600	45470	44660	257455
13600	45734	44865	255812
13600	44909	44155	633921
13600	45638	44816	625464
13700	45614	44807	650660
13700	45758	44910	654453
13700	45535	44660	629794
13700	22588	22336	252904
13700	45669	44862	626909
13700	46225	45427	268509
13700	45383	44550	253830
13700	46757	45914	658318
13700	45715	44828	656157
13700	45166	44380	279967
13700	45983	45129	631803
13700	45663	44856	645278
13700	47031	46148	286403
13700	45776	44997	278209
13700	45376	44614	637064
13700	45611	44782	260802
13700	45402	44655	625002
13700	40953	40317	623390
13700	46908	46041	655619
13700	45158	44361	273916
13700	40740	40118	284914
13700	43265	42558	288282
13700	46144	45300	273747
13700	46159	45342	622689
13700	46127	45300	284984
13700	46773	45906	638388
13700	46465	45587	268275
13700	45732	44901	267607
13700	46296	45438	625227
13700	45769	44936	660958
13700	45754	44911	655989
13700	45967	45177	256828
13700	45135	44398	655947
13700	45950	45063	625332
13700	42840	42159	644774
13700	45288	44495	269897
13700	45176	44436	263599
13700	47211	46250	258509
13700	45575	44774	276927
13700	45213	44396	263601
13700	45214	44476	257317
13700	46075	45253	646666
13700	45521	44742	640205
13700	45424	44617	634806
13700	46251	45446	624720
13700	46436	45583	258697
13700	45419	44638	257183
13700	45444	44597	643553
13700	45693	44857	272660
13700	44584	43845	258518
13800	45851	45061	279180
13800	46237	45428	640241
13800	45200	44432	276554
13800	45459	44683	636641
13800	46208	45330	635397
13800	45583	44759	630919
13800	45650	44841	659696
13800	46293	45423	263931
13800	46682	45806	662964
13800	45778	45042	287541
13800	45052	44335	276383
13800	45291	44547	258087
13800	45361	44557	289671
13800	45986	45135	641442
13800	44783	44028	656453
13800	46292	45419	283928
13800	22462	22239	271737
13800	45770	44932	652239
13800	45931	45113	656895
13800	43901	43214	642315
13800	45648	44845	632439
13800	46460	45572	637516
13800	46648	45757	651957
13800	46484	45581	637496
13800	46570	45691	655055
13800	45543	44740	290537
13800	45626	44779	662889
13800	45449	44696	656768
13800	46312	45472	277413
13800	45547	44714	270614
13800	46333	45476	637476
13800	46513	45733	265546
13800	46516	45663	643484
13800	45483	44719	258255
13800	45031	44333	260070
13800	46140	45309	277321
13800	46016	45192	627566
13800	22422	22213	257982
13800	46523	45640	654988
13800	46479	45602	664220
13800	46025	45149	278229
13800	46043	45180	644621
13800	45445	44675	637779
13800	46240	45373	291254
13800	45554	44817	281442
13800	46112	45295	648919
13800	45850	45064	646241
13800	22627	22375	280824
13800	45420	44615	664958
13800	45545	44769	628876
13900	45833	45064	663428
13900	45905	45117	292424
13900	46441	45563	671160
13900	46562	45729	256965
13900	42839	42160	671385
13900	47043	46192	647789
13900	45759	44982	649344
13900	46399	45566	638470
13900	46157	45361	274391
13900	46379	45531	292711
13900	46479	45664	265846
13900	45594	44843	655798
13900	45960	45081	639048
13900	45749	44981	653591
13900	40493	39941	638947
13900	46574	45702	292898
13900	46281	45508	266238
13900	46825	45956	285244
13900	46091	45329	283477
13900	45863	45109	283821
13900	46577	45738	664088
13900	46027	45225	653297
13900	47165	46294	277746
13900	46488	45664	648720
13900	41134	40554	260666
13900	46895	46077	668894
13900	46917	46096	657458
13900	47160	46262	282632
13900	47450	46560	633057
13900	41097	40469	646926
13900	46518	45713	659315
13900	45529	44807	275292
13900	46477	45626	280387
13900	47006	46183	276445
13900	44537	43817	670457
13900	46882	45988	659611
13900	46659	45863	642382
13900	47645	46731	639548
13900	46720	45889	644038
13900	40945	40378	659514
13900	46857	45964	286908
13900	45742	44923	637155
13900	46766	45919	668196
13900	47488	46557	632057
13900	41211	40641	264507
13900	45008	44304	257376
13900	46088	45299	637773
13900	45986	45266	281468
13900	46239	45457	630135
13900	46951	46095	642870
14000	47083	46194	285291
14000	45744	44956	278302
14000	42162	41479	298314
14000	47015	46157	281901
14000	40981	40411	278852
14000	46374	45617	668166
14000	23625	23290	296173
14000	46279	45482	297851
14000	47125	46295	282429
14000	45861	45015	659322
14000	47256	46381	665442
14000	47039	46217	635185
14000	46913	46057	648589
14000	46598	45806	670847
14000	46725	45905	287879
14000	47344	46444	657866
14000	46420	45607	640306
14000	46886	46071	664560
14000	47535	46671	647622
14000	41824	41163	654491
14000	46404	45593	647652
14000	46252	45453	283958
14000	46534	45796	652451
14000	46456	45659	282938
14000	46413	45578	646649
14000	47181	46311	260550
14000	46681	45899	260713
14000	46540	45713	658720
14000	46904	46073	258234
14000	42473	41822	262279
14000	46286	45490	648479
14000	44848	44199	646227
14000	42733	42045	674250
14000	46749	45873	272598
14000	45434	44707	282364
14000	46673	45840	669129
14000	46381	45637	638441
14000	45971	45205	275200
14000	46690	45880	640258
14000	46212	45376	279872
14000	46811	45919	665364
14000	46880	46078	649009
14000	47924	47030	638159
14000	46145	45354	652374
14000	42640	41989	288497
14000	46396	45641	675754
14000	46776	45964	290097
14000	46290	45488	259475
14000	46309	45502	260261
14000	47316	46498	639185
14100	46595	45813	261128
14100	47789	46909	296179
14100	48014	47065	681398
14100	46849	46064	656894
14100	48109	47162	669148
14100	47426	46557	676957
14100	47273	46422	261541
14100	46783	45991	286583
14100	47883	47020	260988
14100	46397	45628	645310
14100	47690	46836	665833
14100	46229	45486	661025
14100	46367	45587	275454
14100	47174	46343	656418
14100	47770	46933	272106
14100	46913	46123	285347
14100	47415	46571	284058
14100	46842	46009	285373
14100	47936	47032	262686
14100	47512	46657	654386
14100	41038	40493	639419
14100	46206	45431	676061
14100	47198	46351	264581
14100	47399	46507	678495
14100	46692	45833	650459
14100	46531	45732	284070
14100	46637	45850	276042
14100	47042	46175	299804
14100	46772	45947	292046
14100	46677	45897	657342
14100	48377	47421	649263
14100	46700	45854	647433
14100	46756	45949	286203
14100	41668	41125	289175
14100	46170	45385	671315
14100	42663	41977	283340
14100	46354	45605	285167
14100	46965	46177	645692
14100	47718	46844	262233
14100	41560	40964	678770
14100	48212	47287	662109
14100	18701	18613	297680
14100	47373	46545	277326
14100	47998	47118	268606
14100	46636	45851	661320
14100	47338	46460	270227
14100	47356	46469	287871
14100	47508	46658	673776
14100	47387	46499	296764
14100	42520	41867	672358
14200	47733	46812	674625
14200	46485	45790	288456
14200	23371	23088	669605
14200	47914	47030	675674
14200	48157	47262	274332
14200	47115	46254	660113
14200	47322	46521	301009
14200	43052	42391	651092
14200	48486	47638	660283
14200	46985	46198	662897
14200	48739	47869	295682
14200	47470	46602	288617
14200	47333	46485	651388
14200	47189	46316	679445
14200	47608	46725	678757
14200	47183	46366	289348
14200	46929	46167	267159
14200	47747	46902	265643
14200	47092	46243	270387
14200	47761	46900	279328
14200	47441	46622	645445
14200	47074	46254	682602
14200	47484	46633	262240
14200	47948	47137	283335
14200	47793	46893	669478
14200	47239	46391	673993
14200	47250	46429	676190
14200	46832	46017	659587
14200	46619	45822	667396
14200	42609	41990	650152
14200	45284	44459	659535
14200	47373	46545	674074
14200	46841	46021	299103
14200	48068	47182	283283
14200	47233	46350	280299
14200	48016	47156	649859
14200	47784	46999	661951
14200	47431	46602	272149
14200	46331	45605	670984
14200	47863	47006	300408
14200	46769	45986	274616
14200	45211	44504	647431
14200	46459	45633	668831
14200	23744	23436	279117
14200	47077	46286	299284
14200	47444	46600	275443
14200	48501	47567	672146
14200	47681	46783	286520
14200	47874	47012	282107
14200	42170	41589	675188
14300	47733	46934	297071
14300	48495	47554	656984
14300	47670	46805	294888
14300	46180	45404	684921
14300	48042	47193	281474
14300	48063	47157	304931
14300	47177	46326	292864
14300	43758	43062	679581
14300	47337	46543	274698
14300	48013	47195	274603
14300	48197	47385	662313
14300	47146	46360	660228
14300	48158	47264	651856
14300	47414	46575	277868
14300	47300	46486	288830
14300	48046	47150	264536
14300	43136	42450	279742
14300	48748	47850	293529
14300	47122	46342	684367
14300	47641	46822	674122
14300	47719	46871	690652
14300	48261	47389	651232
14300	47142	46359	669427
14300	47943	46989	289954
14300	48363	47501	686129
14300	47441	46615	299189
14300	47479	46619	666759
14300	47579	46705	297284
14300	48583	47695	268380
14300	47426	46587	691085
14300	47334	46529	279038
14300	47431	46603	672546
14300	48095	47192	657016
14300	48409	47575	687974
14300	46977	46207	293864
14300	46962	46193	675713
14300	47084	46309	293879
14300	47487	46650	685124
14300	46936	46170	663235
14300	48254	47353	263280
14300	24182	23861	690482
14300	47940	47069	279650
14300	43682	42968	304616
14300	47514	46634	685911
14300	44500	43795	672620
14300	47742	46935	689684
14300	47894	46978	298819
14300	46978	46197	269309
14300	47763	46921	679049
14300	48492	47667	271911
14400	47502	46680	671130
14400	47819	46987	684909
14400	48255	47405	653330
14400	48301	47428	290636
14400	47578	46730	300165
14400	48685	47804	672547
14400	47815	47020	676020
14400	47342	46540	305895
14400	48108	47228	290695
14400	48828	47947	289689
14400	43070	42451	689706
14400	48147	47398	659917
14400	48198	47314	288991
14400	23983	23722	659716
14400	48830	47926	296390
14400	48072	47219	688179
14400	48981	48072	283009
14400	48587	47750	667695
14400	47206	46469	304378
14400	47585	46815	282050
14400	47952	47098	684974
14400	47798	46959	663995
14400	48011	47176	691962
14400	44069	43426	687766
14400	43706	43008	656657
14400	47958	47146	280340
14400	48487	47663	291451
14400	48378	47567	670879
14400	48344	47483	275716
14400	48414	47567	297957
14400	46435	45687	300823
14400	47904	47096	681736
14400	46066	45361	664134
14400	48751	47839	665513
14400	48868	47947	285865
14400	48179	47314	682265
14400	48338	47500	301647
14400	47505	46674	270966
14400	47224	46384	303900
14400	48341	47472	275177
14400	48842	47893	681780
14400	48304	47483	657710
14400	48656	47740	276446
14400	23849	23544	301911
14400	48794	47887	670490
14400	48541	47681	678404
14400	48274	47439	656830
14400	43941	43289	278915
14400	48639	47778	673818
14400	48307	47419	297959
14500	47966	47198	281317
14500	49251	48387	298446
14500	48423	47573	283394
14500	48525	47630	658975
14500	48043	47249	286621
14500	47648	46847	691659
14500	49285	48352	670623
14500	47659	46830	660293
14500	48423	47587	285348
14500	48486	47604	282309
14500	44820	44102	301341
14500	48809	47934	662925
14500	47862	47059	700265
14500	48900	47999	304915
14500	47689	46848	662654
14500	47940	47088	294917
14500	49658	48740	664312
14500	47972	47106	681033
14500	48617	47723	698457
14500	48966	48094	674450
14500	49842	48950	285601
14500	48227	47411	292367
14500	44057	43366	301888
14500	48467	47632	686166
14500	47545	46778	681686
14500	49042	48086	660464
14500	47682	46868	284874
14500	48415	47641	305319
14500	24271	23956	272440
14500	47689	46852	700197
14500	48372	47454	272856
14500	49579	48690	271612
14500	47917	47084	699725
14500	43753	43120	270609
14500	48100	47246	267364
14500	47288	46551	683057
14500	48845	47998	278947
14500	47268	46536	681344
14500	49961	49059	667782
14500	47484	46701	268970
14500	48143	47302	308604
14500	48971	48088	281454
14500	49477	48544	279125
14500	48709	47875	695940
14500	48354	47471	663695
14500	49275	48363	296486
14500	43745	43123	681023
14500	49619	48707	664173
14500	49566	48532	695332
14500	49105	48174	686813
14600	48556	47666	667388
14600	48675	47781	683619
14600	48448	47647	268013
14600	48780	47881	664594
14600	23995	23713	269175
14600	48210	47381	695403
14600	48581	47748	665499
14600	48193	47376	672737
14600	49312	48461	294673
14600	47491	46705	678246
14600	47123	46388	304422
14600	43726	43001	702230
14600	43614	42968	684663
14600	49371	48437	691637
14600	48278	47446	669131
14600	48850	48012	288390
14600	48787	47934	699454
14600	49871	48934	700911
14600	48980	48141	298990
14600	48914	48049	700048
14600	49289	48394	688771
14600	48347	47530	662489
14600	49001	48133	300396
14600	48920	48068	299445
14600	48071	47214	304255
14600	49863	48918	269328
14600	47908	47098	303493
14600	47948	47139	675578
14600	48737	47906	694334
14600	44239	43526	305761
14600	50087	49219	311252
14600	49645	48724	692627
14600	48546	47669	693087
14600	47254	46448	288850
14600	48747	47866	294263
14600	49212	48378	292445
14600	49629	48660	269667
14600	48576	47728	677853
14600	48604	47689	278497
14600	48406	47560	695175
14600	48188	47298	663892
14600	49198	48294	689581
14600	49573	48702	702790
14600	43189	42560	667805
14600	23973	23703	663878
14600	49085	48222	306232
14600	48791	47985	311106
14600	48930	48092	295233
14600	48261	47444	701939
14600	49100	48196	673109
14700	49230	48371	686451
14700	48829	48014	699760
14700	47084	46290	273539
14700	49275	48429	294794
14700	49373	48448	684145
14700	49017	48171	312646
14700	49161	48332	681759
14700	50375	49475	277024
14700	48660	47819	690155
14700	48669	47864	686803
14700	24208	23950	307778
14700	44339	43657	299102
14700	49183	48363	705739
14700	48221	47446	276151
14700	49747	48839	269824
14700	47476	46776	686337
14700	49116	48231	274102
14700	49190	48349	689878
14700	50078	49170	666698
14700	48344	47582	708437
14700	50229	49306	307356
14700	48708	47865	301714
14700	49703	48782	273777
14700	50756	49815	275937
14700	50266	49295	283012
14700	50238	49304	310150
14700	49356	48471	703232
14700	42000	41454	686529
14700	49371	48527	288398
14700	48773	47930	684623
14700	43471	42855	688556
14700	48975	48116	692203
14700	49141	48301	679575
14700	49638	48710	687425
14700	50340	49387	282866
14700	48271	47458	294049
14700	48991	48099	678751
14700	49574	48711	680366
14700	49003	48108	680271
14700	24568	24259	695934
14700	49593	48746	668661
14700	48676	47840	680436
14700	49534	48648	705458
14700	44000	43336	309708
14700	48979	48083	682963
14700	49423	48560	286382
14700	49427	48518	276505
14700	48251	47462	291848
14700	48476	47674	685312
14700	48804	47943	666897
14800	49778	48888	684810
14800	49389	48549	700651
14800	48483	47636	681245
14800	49921	49013	312733
14800	49644	48785	695636
14800	43993	43370	300214
14800	49366	48522	681245
14800	48817	47982	682308
14800	50247	49284	671738
14800	49341	48473	701061
14800	43033	42418	302032
14800	49425	48514	297787
14800	44295	43622	675805
14800	49089	48241	305172
14800	47978	47226	311656
14800	49285	48439	312392
14800	49637	48712	311231
14800	49199	48355	681635
14800	49217	48393	671877
14800	48761	47963	700384
14800	50797	49842	292479
14800	49046	48150	689994
14800	50175	49279	712305
14800	50061	49175	689802
14800	49590	48687	308301
14800	49249	48393	710433
14800	49706	48848	709773
14800	48305	47450	700960
14800	49553	48738	686303
14800	49263	48443	679928
14800	49067	48216	687531
14800	49994	49079	703603
14800	44333	43624	683508
14800	49844	48970	689139
14800	49141	48325	299968
14800	49753	48846	276025
14800	48652	47835	697668
14800	43069	42464	675878
14800	24283	23983	285864
14800	48533	47762	678723
14800	49673	48803	288365
14800	50438	49560	678228
14800	50332	49442	284458
14800	49746	48904	301777
14800	48599	47814	713730
14800	49230	48350	687136
14800	50109	49211	283103
14800	48985	48116	286215
14800	49907	48971	701076
14800	49548	48723	275633
14900	50163	49273	317050
14900	49975	49184	276492
14900	50647	49650	699315
14900	49446	48565	292906
14900	45563	44848	709451
14900	50842	50016	314084
14900	49922	49044	304500
14900	49585	48696	677007
14900	49933	49068	710464
14900	49637	48755	699781
14900	49660	48765	283729
14900	48780	47963	708515
14900	50336	49460	287610
14900	48969	48139	305706
14900	49804	48982	285711
14900	49187	48343	291174
14900	50318	49347	676446
14900	49386	48490	317370
14900	49313	48529	685391
14900	45667	44923	287127
14900	51446	50455	715460
14900	47570	46833	691865
14900	49063	48227	719811
14900	50154	49311	294467
14900	49754	48881	685428
14900	48961	48121	681785
14900	50679	49693	287432
14900	50307	49425	719819
14900	49188	48354	312861
14900	44334	43640	683306
14900	49782	48949	307261
14900	50799	49832	314767
14900	50713	49750	307754
14900	49764	48873	292239
14900	48983	48219	675479
14900	50305	49402	314424
14900	23889	23670	279132
14900	49763	48959	701715
14900	44267	43581	685587
14900	49629	48748	703780
14900	48926	48186	712996
14900	44381	43719	280740
14900	49455	48582	317658
14900	50696	49781	678003
14900	49374	48552	704628
14900	42745	42166	697477
14900	45029	44351	715921
14900	48960	48085	295922
14900	49527	48729	693174
14900	24758	24480	710198
15000	49930	49038	684665
15000	49131	48329	682138
15000	49543	48702	689460
15000	49980	49097	282834
15000	49727	48819	281422
15000	50269	49366	301492
15000	50077	49282	310358
15000	50517	49598	279740
15000	50664	49755	288901
15000	51120	50138	301109
15000	47310	46633	293297
15000	49648	48832	295281
15000	49773	48909	309016
15000	50158	49322	703915
15000	48977	48185	292170
15000	50242	49335	699588
15000	49754	48860	708397
15000	50100	49194	288083
15000	49460	48584	303698
15000	45720	45016	299657
15000	50427	49521	680380
15000	50209	49388	311196
15000	48994	48234	298314
15000	50697	49800	699823
15000	51103	50203	704905
15000	50840	49913	709585
15000	47542	46824	282423
15000	51217	50270	305376
15000	50321	49486	683149
15000	49154	48377	721340
15000	49874	49067	710221
15000	50801	49908	724166
15000	50304	49435	710580
15000	49581	48773	694170
15000	50496	49574	294785
15000	50069	49177	696812
15000	49232	48424	713501
15000	50055	49219	276000
15000	48865	48065	702456
15000	49341	48502	316724
15000	50482	49563	695199
15000	50740	49864	689030
15000	49178	48357	689469
15000	49697	48861	713044
15000	50553	49644	301590
15000	25377	25018	301313
15000	50746	49884	276718
15000	49916	49024	278404
15000	24660	24410	702022
15000	50192	49318	312545
15100	50929	50050	278600
15100	50234	49351	699117
15100	45603	44891	299743
15100	49436	48606	311891
15100	19033	19002	719801
15100	51021	50119	710419
15100	50804	49836	280615
15100	50757	49848	285638
15100	49685	48887	305265
15100	50348	49482	281955
15100	51047	50094	289003
15100	46738	46000	316769
15100	51810	50805	291182
15100	50114	49279	724921
15100	50645	49771	693853
15100	50689	49777	727005
15100	49527	48738	717613
15100	44957	44310	704523
15100	49675	48844	292129
15100	51396	50462	280836
15100	49772	48937	717585
15100	48976	48205	315437
15100	50029	49205	689705
15100	50002	49170	698584
15100	48885	48125	718473
15100	50348	49489	716870
15100	49827	48936	691196
15100	49920	49107	697685
15100	49957	49115	296313
15100	49615	48742	687134
15100	49477	48703	303146
15100	49895	49075	686241
15100	51298	50322	291320
15100	49680	48905	714554
15100	51504	50572	297613
15100	49507	48673	704081
15100	25028	24740	292726
15100	50847	49933	302178
15100	45082	44365	702989
15100	50299	49430	316938
15100	49254	48450	290147
15100	50876	50006	700059
15100	49884	49140	698964
15100	50591	49722	296385
15100	50492	49627	728097
15100	50518	49581	317453
15100	46301	45646	303230
15100	50066	49230	723354
15100	50509	49645	723916
15100	50092	49218	315458
15200	51296	50380	693499
15200	51201	50298	716046
15200	51750	50774	702324
15200	45876	45186	732155
15200	25149	24825	285868
15200	49825	49045	699396
15200	50977	50032	312211
15200	50818	49927	315018
15200	49913	49067	724185
15200	50191	49351	721669
15200	50454	49543	278803
15200	50442	49612	710247
15200	49730	48844	281454
15200	47947	47267	727328
15200	49043	48262	309503
15200	50474	49636	726842
15200	24647	24378	700689
15200	50933	50040	303681
15200	50980	50040	722326
15200	51046	50211	722716
15200	50323	49496	286704
15200	50853	50007	280627
15200	51291	50376	297705
15200	49196	48401	287757
15200	46298	45594	728720
15200	49546	48734	309994
15200	50956	50090	290818
15200	51375	50405	695382
15200	51376	50490	311209
15200	49951	49144	728529
15200	50222	49389	306537
15200	51139	50225	324198
15200	45511	44821	730134
15200	50445	49550	285806
15200	50728	49897	289158
15200	49992	49197	282161
15200	50841	49952	698923
15200	50358	49537	298604
15200	25040	24757	706794
15200	50045	49210	708172
15200	51867	50927	726456
15200	50705	49817	711980
15200	25400	25081	305906
15200	50074	49219	294347
15200	50087	49253	734113
15200	50206	49351	719219
15200	45257	44620	713187
15200	45184	44530	697751
15200	50371	49528	311081
15200	51200	50265	314347
15300	49495	48723	699271
15300	51061	50187	703827
15300	50930	50022	726423
15300	50583	49718	324978
15300	51874	50964	292531
15300	50683	49867	318866
15300	50939	50051	302586
15300	49770	49001	714967
15300	50934	50041	318006
15300	51828	50938	702861
15300	51736	50804	726183
15300	50131	49250	724679
15300	51571	50676	288917
15300	51041	50141	728258
15300	25417	25091	314691
15300	50639	49785	285111
15300	50648	49776	293543
15300	50213	49360	299779
15300	50254	49480	700813
15300	51032	50180	313621
15300	50937	50116	711358
15300	51609	50727	737812
15300	48225	47518	707088
15300	51569	50678	304649
15300	45717	45102	325793
15300	51179	50306	300817
15300	25269	24955	724022
15300	49978	49155	734486
15300	51836	50923	291778
15300	50767	49920	319089
15300	51622	50679	305770
15300	50171	49283	315237
15300	52043	51107	287824
15300	51032	50172	305237
15300	50677	49836	300123
15300	46133	45474	694759
15300	51247	50330	319043
15300	51298	50385	704840
15300	50554	49748	287757
15300	51094	50191	725943
15300	51222	50350	289474
15300	50740	49884	719491
15300	51397	50511	290837
15300	51776	50853	303389
15300	51639	50736	305604
15300	50771	49895	708064
15300	50702	49827	699994
15300	50740	49889	281175
15300	50788	49934	715541
15300	50996	50103	712841
15400	51539	50586	720834
15400	51336	50418	312758
15400	51114	50178	706336
15400	50463	49634	733767
15400	51702	50783	308961
15400	51506	50626	718952
15400	51533	50656	288178
15400	51083	50169	726992
15400	50842	50082	708392
15400	51817	50860	713488
15400	51421	50504	322228
15400	51363	50451	705565
15400	52052	51109	734081
15400	51826	50923	298204
15400	52538	51562	702187
15400	50905	50043	312923
15400	52374	51424	308040
15400	51853	50913	292442
15400	51040	50213	723499
15400	46226	45538	722646
15400	51294	50413	736413
15400	51110	50210	709857
15400	51495	50637	287249
15400	25393	25099	291012
15400	50860	49986	290483
15400	51544	50646	316952
15400	51301	50404	721187
15400	52174	51263	712790
15400	45457	44824	715371
15400	45560	44898	315417
15400	51110	50233	740532
15400	51482	50587	731496
15400	52264	51310	286290
15400	50483	49701	288446
15400	52389	51447	723497
15400	51253	50365	735802
15400	51040	50203	293805
15400	51876	50971	728734
15400	51814	50888	284757
15400	50360	49579	297957
15400	51602	50724	727838
15400	50503	49703	300909
15400	52004	51105	708286
15400	51735	50864	289047
15400	45344	44786	742838
15400	19253	19244	326350
15400	51668	50755	732252
15400	52216	51254	321204
15400	52387	51401	312385
15400	52168	51283	717622
15500	52287	51314	735214
15500	52320	51348	704142
15500	52187	51296	706073
15500	51385	50594	302411
15500	52036	51116	325410
15500	52405	51528	743467
15500	25656	25371	302188
15500	25773	25438	724899
15500	50636	49760	706162
15500	25025	24777	726871
15500	51752	50888	287725
15500	53338	52325	748216
15500	51711	50813	310822
15500	51750	50889	317485
15500	51717	50829	304368
15500	52613	51726	748838
15500	50118	49316	723193
15500	49842	49144	309886
15500	52401	51546	723067
15500	52102	51211	287373
15500	53629	52673	747284
15500	52121	51197	286756
15500	52211	51314	708458
15500	50404	49606	714575
15500	47363	46621	712871
15500	51390	50557	291761
15500	51760	50840	732936
15500	52146	51244	748451
15500	51349	50526	309029
15500	51966	51048	301140
15500	50874	49980	284488
15500	51115	50244	303446
15500	51568	50677	714829
15500	51490	50656	742364
15500	51957	51091	705579
15500	51078	50201	307111
15500	52421	51422	737523
15500	52154	51285	311385
15500	51495	50659	312851
15500	51826	50933	727500
15500	52402	51496	748938
15500	51484	50628	312945
15500	48838	48077	707843
15500	50625	49788	703827
15500	50497	49725	740833
15500	51490	50591	300978
15500	52094	51176	314293
15500	50756	49896	326663
15500	47186	46513	291229
15500	52032	51147	712183
15600	51399	50575	303441
15600	52462	51521	321957
15600	52229	51385	733360
15600	51865	51006	329234
15600	53537	52536	727846
15600	52042	51134	716976
15600	52610	51641	739957
15600	50191	49376	746682
15600	25747	25468	286617
15600	51315	50464	323204
15600	47002	46306	721747
15600	51720	50876	289025
15600	52226	51347	707339
15600	52344	51385	299866
15600	51662	50814	736915
15600	51824	50951	320381
15600	51794	50915	300771
15600	50674	49917	306386
15600	52181	51333	717860
15600	51894	51067	326561
15600	51346	50481	731759
15600	51996	51162	298416
15600	52535	51651	327189
15600	50925	50055	720981
15600	51342	50502	328092
15600	49907	49131	313108
15600	52741	51825	308183
15600	52198	51307	314474
15600	52255	51349	320676
15600	50793	50017	317205
15600	52799	51831	751570
15600	52765	51891	324642
15600	51182	50314	720427
15600	52068	51173	749722
15600	50903	50053	721063
15600	51990	51136	319047
15600	47508	46809	324167
15600	51961	51138	322522
15600	52072	51182	727165
15600	52163	51272	718255
15600	52769	51789	722131
15600	52107	51238	736765
15600	51723	50836	709100
15600	51422	50593	726966
15600	45675	45042	725601
15600	51770	50894	289044
15600	46707	45986	321614
15600	51977	51097	298184
15600	51864	50979	741286
15600	52026	51129	739542
15700	52671	51715	732389
15700	51856	51012	290680
15700	52051	51197	746270
15700	52401	51511	298991
15700	52952	51999	301104
15700	52357	51424	298179
15700	52708	51842	314356
15700	52095	51244	320436
15700	52546	51681	714699
15700	52845	51931	729256
15700	52441	51570	748164
15700	51709	50821	735902
15700	52892	51951	721278
15700	52543	51651	294606
15700	52392	51534	298494
15700	53326	52411	295137
15700	52146	51238	726611
15700	52645	51790	301618
15700	53652	52673	326331
15700	48907	48164	722880
15700	46756	46110	753689
15700	52218	51325	310163
15700	51929	51045	300304
15700	51775	50900	290433
15700	52323	51419	333746
15700	52654	51745	312952
15700	52024	51173	300342
15700	53202	52261	308706
15700	25912	25623	737231
15700	53120	52126	289550
15700	52498	51607	736521
15700	51981	51123	755094
15700	53042	52158	301059
15700	51723	50893	332766
15700	47900	47162	318045
15700	52411	51541	732594
15700	52532	51568	331440
15700	47597	46889	733378
15700	51280	50458	747436
15700	52749	51852	726325
15700	51501	50639	740180
15700	51601	50786	716292
15700	52358	51474	325335
15700	52224	51393	742048
15700	51899	51035	735818
15700	52560	51619	306905
15700	52931	52025	323840
15700	51983	51121	331035
15700	52366	51511	733441
15700	52716	51812	313934
15800	52808	51915	723350
15800	53344	52447	729162
15800	53242	52361	748549
15800	45598	44994	317952
15800	53227	52321	334358
15800	52951	52099	752256
15800	52364	51514	744135
15800	51678	50803	744380
15800	53037	52106	730929
15800	53033	52088	291690
15800	51798	50994	723136
15800	53345	52391	300731
15800	50906	50129	761003
15800	52203	51313	763641
15800	54001	53017	744721
15800	52307	51452	755204
15800	52499	51626	301226
15800	53372	52428	294537
15800	52962	52034	749309
15800	52721	51781	723420
15800	52493	51640	302663
15800	54120	53132	720085
15800	51815	50972	290744
15800	54356	53347	294067
15800	53252	52374	318163
15800	52467	51567	748759
15800	52713	51854	294891
15800	51998	51191	746531
15800	52546	51646	744603
15800	52546	51683	736252
15800	53495	52554	321886
15800	52000	51208	750771
15800	48273	47511	320089
15800	52928	52049	746221
15800	53339	52371	329830
15800	52542	51656	752436
15800	51578	50757	740571
15800	52764	51824	294855
15800	51831	50989	747637
15800	52864	51963	326734
15800	52787	51916	716546
15800	52216	51350	325821
15800	26340	26015	736819
15800	52410	51521	306932
15800	51534	50727	289949
15800	51809	50962	323642
15800	46990	46288	322726
15800	51536	50672	335109
15800	53673	52737	719671
15800	52358	51418	329251
15900	51627	50819	292188
15900	51636	50840	756330
15900	52473	51618	298305
15900	52864	51980	298954
15900	52577	51771	740709
15900	52818	51915	310935
15900	47905	47177	330462
15900	52291	51498	761835
15900	52868	52022	731225
15900	53171	52182	745296
15900	52451	51601	756678
15900	54127	53145	333136
15900	48037	47270	742125
15900	54022	53088	758691
15900	52618	51766	740750
15900	53270	52361	332278
15900	52731	51853	748488
15900	26636	26298	327307
15900	52272	51428	306955
15900	50746	49987	766530
15900	52199	51316	743531
15900	52892	52065	296603
15900	26843	26497	318918
15900	51527	50739	319886
15900	54161	53211	336181
15900	53015	52170	761059
15900	47809	47096	301732
15900	52836	52017	317555
15900	51967	51100	300658
15900	53017	52102	320213
15900	52326	51515	302548
15900	53434	52518	296278
15900	52612	51738	739005
15900	52788	51909	739139
15900	53555	52600	757719
15900	53530	52604	751550
15900	53087	52146	756900
15900	52872	51981	731309
15900	52545	51643	319417
15900	52925	51982	759468
15900	53778	52871	747219
15900	53862	52958	735412
15900	50625	49841	324947
15900	52230	51365	300555
15900	52130	51313	747231
15900	53066	52216	725645
15900	53342	52440	759882
15900	53440	52461	314314
15900	54068	53069	744386
15900	52760	51837	308543
16000	48145	47392	307825
16000	51978	51144	741392
16000	53237	52325	294502
16000	53393	52541	762435
16000	53880	52936	314788
16000	52694	51841	769838
16000	53038	52168	730083
16000	53136	52250	737856
16000	53589	52704	310659
16000	53296	52364	306946
16000	52809	51962	764716
16000	53905	52977	759479
16000	54469	53508	762810
16000	54549	53554	331301
16000	53121	52252	312655
16000	53764	52814	760338
16000	53659	52788	730256
16000	53354	52530	756583
16000	48618	47892	751588
16000	53343	52428	768020
16000	54265	53320	747558
16000	54000	53077	323086
16000	53194	52277	298853
16000	53396	52504	311330
16000	47462	46832	731633
16000	52890	52015	338425
16000	25811	25585	760782
16000	52947	52047	750877
16000	53766	52866	313567
16000	52914	52003	323857
16000	52874	51995	294432
16000	53501	52574	733597
16000	53521	52615	744315
16000	52462	51569	730217
16000	53823	52893	743755
16000	54060	53096	331350
16000	53639	52714	297064
16000	52839	51989	766850
16000	53597	52699	314324
16000	54180	53248	729741
16000	54032	53068	314405
16000	48008	47322	335629
16000	53880	52914	336568
16000	52556	51703	744686
16000	53045	52098	329349
16000	53336	52445	752619
16000	27009	26644	755161
16000	54361	53415	739596
16000	47195	46534	328908
16000	51833	51018	734434
16100	53547	52684	340391
16100	54556	53590	732486
16100	53000	52112	319172
16100	52557	51755	755672
16100	54504	53597	302741
16100	54299	53313	336881
16100	48321	47580	753016
16100	53638	52745	733949
16100	53857	52903	319033
16100	53470	52571	300124
16100	53152	52311	732780
16100	48464	47784	741777
16100	54897	53932	743639
16100	54577	53686	305652
16100	53423	52530	736161
16100	54161	53249	343426
16100	48125	47491	764093
16100	52586	51749	309640
16100	52917	52099	317711
16100	53818	52906	755371
16100	53117	52305	756632
16100	54148	53181	773464
16100	53979	53080	750730
16100	53678	52736	326581
16100	54034	53129	777731
16100	54558	53539	328448
16100	52931	52110	738834
16100	55263	54240	330369
16100	52972	52115	749632
16100	54182	53282	755310
16100	56170	55161	333432
16100	54384	53376	761518
16100	48074	47372	765021
16100	53570	52684	317866
16100	52929	52055	341363
16100	54530	53558	741063
16100	54322	53290	763590
16100	53064	52228	313513
16100	48335	47646	758108
16100	53974	53049	762098
16100	53132	52269	751076
16100	53163	52277	312898
16100	53840	52931	762458
16100	54375	53447	316568
16100	52357	51513	764165
16100	54319	53412	328278
16100	54895	53962	329814
16100	54752	53758	326071
16100	52695	51835	755384
16100	52839	52003	754496
16200	53090	52288	304129
16200	54405	53438	329878
16200	47827	47143	322051
16200	53864	52968	343375
16200	53951	53079	330214
16200	54408	53555	749340
16200	53512	52588	744653
16200	52387	51644	297585
16200	51084	50311	750628
16200	55514	54490	342186
16200	47050	46442	313380
16200	48758	48092	326747
16200	53626	52687	748807
16200	26718	26432	302554
16200	54139	53227	326339
16200	53606	52750	342523
16200	54129	53243	313031
16200	53208	52383	343050
16200	54499	53534	340970
16200	54084	53200	317693
16200	51685	50933	337260
16200	54721	53816	760323
16200	53897	52954	773977
16200	27077	26756	319957
16200	54184	53266	758069
16200	53019	52148	306595
16200	54906	53994	315838
16200	53388	52549	781189
16200	54270	53359	758276
16200	50946	50218	299829
16200	55809	54773	299727
16200	54209	53292	770361
16200	49192	48418	779159
16200	54589	53688	761259
16200	26765	26487	755407
16200	53903	53023	334269
16200	53834	52972	764445
16200	53768	52862	323363
16200	53957	52999	752149
16200	54143	53240	772398
16200	52916	52134	331296
16200	54163	53275	738189
16200	52734	51922	775841
16200	48972	48257	329894
16200	54754	53823	760870
16200	54377	53454	303133
16200	54891	53969	780047
16200	53848	52897	340282
16200	54686	53724	768052
16200	54261	53334	765435
16300	53435	52572	334518
16300	54852	53955	753999
16300	54113	53221	336302
16300	54615	53683	319748
16300	54460	53538	315057
16300	54922	54028	311080
16300	53810	52907	300293
16300	53726	52792	778732
16300	54254	53378	758797
16300	54298	53429	346919
16300	53857	52964	775726
16300	54058	53192	327904
16300	53786	52864	344623
16300	53237	52373	761721
16300	54257	53303	782161
16300	54600	53666	324077
16300	55471	54496	301168
16300	53843	52973	774236
16300	54750	53900	779540
16300	54671	53729	300703
16300	54691	53818	753611
16300	48863	48190	749303
16300	53856	52973	313756
16300	54116	53191	319759
16300	54561	53694	771748
16300	55195	54250	332539
16300	55420	54457	750628
16300	54305	53373	346944
16300	49110	48395	739048
16300	55453	54429	317824
16300	54980	54034	748828
16300	54477	53585	344504
16300	55029	54097	770481
16300	54683	53765	774340
16300	53191	52365	763097
16300	54125	53203	778730
16300	54220	53339	778096
16300	54197	53303	754208
16300	54222	53323	307234
16300	54547	53683	345688
16300	55136	54200	753832
16300	53673	52805	768482
16300	54433	53529	745274
16300	52775	51973	782822
16300	54476	53559	338508
16300	54866	53900	751464
16300	54193	53254	764879
16300	53934	53011	783644
16300	55724	54791	324245
16300	54508	53603	334614
16400	55262	54268	325522
16400	55276	54275	755514
16400	55644	54626	320326
16400	54877	53955	744649
16400	54799	53950	346749
16400	54946	53966	773307
16400	56070	55083	306831
16400	53717	52876	324386
16400	54843	53944	776917
16400	54048	53170	333814
16400	48678	48056	308639
16400	54447	53530	775260
16400	54298	53437	752576
16400	55832	54875	754948
16400	56394	55403	758732
16400	55492	54572	764023
16400	53942	53100	789888
16400	53161	52369	751439
16400	55069	54130	761339
16400	54870	53925	772826
16400	54885	54020	758097
16400	54209	53310	781715
16400	54954	54043	343764
16400	54200	53277	751987
16400	49580	48792	754318
16400	55401	54493	349679
16400	50059	49367	766997
16400	49179	48452	772306
16400	55226	54261	762189
16400	55267	54321	324644
16400	49771	48996	314800
16400	55308	54382	772531
16400	55101	54215	335694
16400	54602	53720	760419
16400	49049	48387	304210
16400	53900	53108	767758
16400	54695	53799	787964
16400	55839	54887	316643
16400	47818	47224	790060
16400	55068	54198	310490
16400	54662	53724	760844
16400	52483	51674	754305
16400	54172	53322	788944
16400	54691	53785	769254
16400	54849	53918	749439
16400	55493	54561	743599
16400	55269	54311	329999
16400	54664	53740	324923
16400	48767	48071	790103
16400	55334	54341	323414
16500	55012	54050	325006
16500	54289	53403	317939
16500	55375	54445	771331
16500	55294	54401	330339
16500	55002	54087	775496
16500	54035	53215	346472
16500	55452	54587	775630
16500	55880	54912	316450
16500	53826	52991	317731
16500	55476	54579	768998
16500	49582	48850	768610
16500	55311	54384	321715
16500	54186	53313	758303
16500	55297	54343	335100
16500	55342	54395	781403
16500	55529	54558	330599
16500	54551	53604	773776
16500	54174	53297	791703
16500	55093	54071	339953
16500	56284	55336	325254
16500	54345	53481	311097
16500	54691	53784	339895
16500	55812	54842	305094
16500	49572	48888	326873
16500	55968	55023	763478
16500	49795	49073	323583
16500	53759	52937	318989
16500	54441	53587	322829
16500	54629	53735	310145
16500	54994	54080	757160
16500	54541	53685	332820
16500	55303	54349	307883
16500	54791	53839	327469
16500	48628	47937	766667
16500	55894	54911	772875
16500	21792	21701	305870
16500	54327	53488	304444
16500	54840	53973	755065
16500	54507	53669	306740
16500	27852	27491	793984
16500	53246	52446	337798
16500	55971	54993	750004
16500	54567	53719	347994
16500	54969	54070	341708
16500	55369	54457	794771
16500	55594	54600	767091
16500	54782	53902	749042
16500	55630	54686	795263
16500	56215	55296	313350
16500	55587	54644	751865
16600	27822	27487	796350
16600	55548	54557	763528
16600	54678	53831	321252
16600	50952	50185	756510
16600	49915	49211	341418
16600	56105	55183	315053
16600	53812	52957	348585
16600	55080	54205	339225
16600	55335	54498	341197
16600	55633	54712	351481
16600	55940	54975	775449
16600	55466	54538	326628
16600	55102	54219	317916
16600	54707	53849	337303
16600	56091	55146	792399
16600	55199	54276	333322
16600	53898	53114	794875
16600	53102	52335	761658
16600	54787	53890	328323
16600	55056	54152	758552
16600	55368	54423	317762
16600	54758	53884	779614
16600	54485	53569	762422
16600	56693	55670	784426
16600	55945	54950	329993
16600	55765	54799	315050
16600	55622	54667	314561
16600	54341	53511	795664
16600	53530	52734	770578
16600	55250	54399	323528
16600	55760	54848	341029
16600	56467	55512	780921
16600	55056	54142	762860
16600	53828	53009	759776
16600	55250	54281	319138
16600	56418	55418	762816
16600	54841	53924	345697
16600	53713	52883	786369
16600	56249	55248	754188
16600	54649	53780	775233
16600	56210	55235	310154
16600	54930	54006	755172
16600	55786	54870	340016
16600	55034	54150	340216
16600	55838	54888	322628
16600	55306	54390	308815
16600	54834	53924	339987
16600	56346	55300	339767
16600	54492	53619	337617
16600	55811	54896	797001
16700	57078	56068	328041
16700	55361	54454	336875
16700	50350	49656	795284
16700	54593	53670	806908
16700	54632	53768	319473
16700	55956	55049	805597
16700	55707	54846	787920
16700	55892	55006	802890
16700	55996	55046	794585
16700	56027	55076	798042
16700	55683	54803	334873
16700	55825	54868	350403
16700	56148	55207	309724
16700	55866	54890	324331
16700	55576	54659	805237
16700	55623	54760	310027
16700	55495	54512	323482
16700	56371	55400	340820
16700	55925	54980	772955
16700	56090	55166	327858
16700	56155	55224	764461
16700	55469	54597	770407
16700	55649	54690	334615
16700	26940	26675	337354
16700	55685	54789	330068
16700	54772	53932	804720
16700	28389	28004	345937
16700	56425	55406	796576
16700	56112	55167	322329
16700	56755	55819	771829
16700	55776	54834	794102
16700	56045	55105	764088
16700	56083	55124	344140
16700	55584	54703	763065
16700	55849	54961	805684
16700	55993	55061	319436
16700	56006	55056	336660
16700	55562	54672	353775
16700	54070	53213	318683
16700	57227	56199	801067
16700	47815	47231	783252
16700	56685	55760	321809
16700	55154	54240	785602
16700	54700	53916	794667
16700	56828	55835	329002
16700	55679	54773	775022
16700	54884	54049	307932
16700	55433	54497	324926
16700	56458	55494	774610
16700	55326	54355	332749
16800	56459	55516	331003
16800	56174	55287	331439
16800	56022	55127	350247
16800	55409	54477	767581
16800	56071	55136	785160
16800	55383	54457	321083
16800	57018	55991	323670
16800	56219	55319	332423
16800	55904	55001	767843
16800	55299	54445	792554
16800	54563	53700	333097
16800	56654	55700	336949
16800	56036	55075	794443
16800	55337	54484	766975
16800	56002	55117	766455
16800	55913	54969	317592
16800	56118	55162	801136
16800	57367	56346	315653
16800	55607	54663	338688
16800	56325	55391	312289
16800	55175	54331	343470
16800	56291	55372	777747
16800	55835	54906	788581
16800	55896	55064	352383
16800	57088	56110	335753
16800	55481	54546	319851
16800	55825	54960	338254
16800	55835	54937	355954
16800	56999	55969	773347
16800	55877	54964	336160
16800	56293	55296	351821
16800	55093	54259	774005
16800	49979	49280	357362
16800	56338	55404	791953
16800	57227	56219	784264
16800	56592	55611	796198
16800	56446	55523	331916
16800	56179	55227	779144
16800	55503	54596	785168
16800	55763	54819	347608
16800	55490	54573	356147
16800	56266	55300	803569
16800	56433	55464	350288
16800	56163	55201	776720
16800	56901	55923	779419
16800	55268	54391	810326
16800	56582	55631	779331
16800	56212	55227	775876
16800	55502	54581	329212
16800	56120	55250	774639
16900	56564	55606	325913
16900	56575	55560	335546
16900	55828	54924	801809
16900	57546	56454	328013
16900	56172	55234	312554
16900	56845	55907	805665
16900	56338	55422	337221
16900	57344	56354	358297
16900	55821	54923	355790
16900	52703	51945	768106
16900	51359	50588	780042
16900	57743	56676	334041
16900	57018	56013	768620
16900	56706	55691	322570
16900	56415	55443	316066
16900	55210	54332	785058
16900	55466	54623	777980
16900	56574	55627	349120
16900	27865	27548	343244
16900	55021	54167	780080
16900	56517	55641	330494
16900	57611	56596	316220
16900	55557	54662	785991
16900	49549	48898	810524
16900	55679	54778	353112
16900	56338	55387	790806
16900	57199	56225	325062
16900	55161	54328	310268
16900	55991	55006	351386
16900	56757	55790	766860
16900	55984	55063	337104
16900	57462	56437	770027
16900	56160	55234	809208
16900	56310	55325	783065
16900	56308	55353	334122
16900	50826	50142	780816
16900	56343	55414	798090
16900	50734	50043	313885
16900	56922	55970	776616
16900	57245	56270	767362
16900	57238	56242	359351
16900	55237	54380	786176
16900	57023	56084	766977
16900	49780	49097	311674
16900	57202	56233	809683
16900	51014	50265	312770
16900	57013	56059	783708
16900	50192	49510	766690
16900	55948	55043	338961
16900	49612	48956	779840
17000	51440	50659	339135
17000	57362	56378	327304
17000	57655	56713	331041
17000	56436	55506	787832
17000	57016	56033	795958
17000	56225	55337	781010
17000	56899	55962	322555
17000	55550	54717	813217
17000	52898	52171	356446
17000	51168	50445	811113
17000	51011	50342	315301
17000	54833	54029	342591
17000	57490	56491	331819
17000	56487	55539	785156
17000	56593	55664	335327
17000	57356	56348	360799
17000	56555	55659	820276
17000	55819	54908	805887
17000	57924	57005	354992
17000	55664	54792	359593
17000	53602	52859	321011
17000	57049	56129	322123
17000	56946	55998	817068
17000	55642	54785	329190
17000	57468	56469	332627
17000	55425	54570	793737
17000	57023	56053	335735
17000	57108	56152	797974
17000	57256	56251	343873
17000	27959	27650	362548
17000	56249	55309	806035
17000	57447	56429	796815
17000	57027	56092	357967
17000	56868	55913	360584
17000	57754	56761	322184
17000	56250	55349	817620
17000	56417	55485	350920
17000	55857	54974	314707
17000	55708	54891	343313
17000	56737	55878	318866
17000	56690	55701	779484
17000	57430	56447	323907
17000	57323	56349	784830
17000	57367	56366	358326
17000	56385	55445	802652
17000	57511	56529	813928
17000	56833	55892	802830
17000	51393	50659	779823
17000	55384	54587	783178
17000	54685	53922	336013
17100	51697	50963	779038
17100	56918	56010	317712
17100	57158	56217	784678
17100	58546	57565	348594
17100	56862	55938	783098
17100	57468	56493	337279
17100	56820	55941	326716
17100	58013	57002	351404
17100	55808	54913	346243
17100	57745	56825	314488
17100	56536	55639	328055
17100	56572	55666	785065
17100	56939	55949	787540
17100	57302	56297	357109
17100	58536	57514	797906
17100	54827	54055	364490
17100	57070	56183	358647
17100	56996	56105	794324
17100	57296	56389	811057
17100	57128	56184	776572
17100	51348	50615	338600
17100	57400	56421	794328
17100	58105	57077	351460
17100	56617	55770	331055
17100	52086	51318	802963
17100	56558	55696	780987
17100	58463	57468	322636
17100	56427	55526	776771
17100	57488	56523	782878
17100	56765	55835	777854
17100	56706	55792	811010
17100	56764	55885	801692
17100	56753	55840	344594
17100	57199	56253	328218
17100	57899	56965	801689
17100	56995	56099	341270
17100	57391	56460	335087
17100	51611	50800	349626
17100	56703	55813	330924
17100	56839	55902	778185
17100	53312	52530	331026
17100	57730	56730	818441
17100	57044	56117	788831
17100	56627	55655	360714
17100	58534	57505	813601
17100	56940	56029	344845
17100	57810	56823	346452
17100	57506	56561	349336
17100	55961	55065	795381
17100	56510	55594	342202
17200	57728	56788	809284
17200	55244	54433	364156
17200	56882	55956	798216
17200	57843	56855	809004
17200	58078	57123	337556
17200	56834	55990	316280
17200	57257	56318	812138
17200	57719	56760	326791
17200	57456	56556	811636
17200	56905	56000	790388
17200	57863	56919	827816
17200	58000	57028	824036
17200	57118	56168	351643
17200	52696	51877	320071
17200	56569	55729	331608
17200	51143	50466	829663
17200	57178	56246	801950
17200	57237	56300	320260
17200	57612	56656	337182
17200	56896	55950	357588
17200	57311	56406	361249
17200	28943	28625	804971
17200	57942	57074	825590
17200	57827	56866	827057
17200	57731	56765	352854
17200	57778	56871	822769
17200	57399	56444	341123
17200	56619	55728	785017
17200	56015	55143	321634
17200	57251	56258	814819
17200	58057	57118	794981
17200	58104	57126	321335
17200	57004	56084	824832
17200	57307	56394	811318
17200	56671	55767	800282
17200	57948	56978	353613
17200	57667	56739	339721
17200	57114	56177	817682
17200	56603	55662	343409
17200	57146	56251	321539
17200	57887	56924	335801
17200	57953	56984	343679
17200	58520	57479	801372
17200	28801	28487	344043
17200	56744	55823	781122
17200	57977	56997	822333
17200	56414	55517	795017
17200	56540	55683	359163
17200	56850	55963	343910
17200	57804	56807	346298
17300	51317	50686	339769
17300	56589	55679	816940
17300	57032	56166	328200
17300	58877	57854	350817
17300	57443	56528	323138
17300	58804	57817	827001
17300	57887	56910	798547
17300	58358	57360	362162
17300	58569	57585	830249
17300	57444	56456	815651
17300	58402	57373	801160
17300	57640	56707	366092
17300	28908	28558	789986
17300	56772	55910	331889
17300	58791	57777	355506
17300	58061	57149	366648
17300	56994	56072	830696
17300	51306	50622	799336
17300	57895	56898	328089
17300	29252	28887	788040
17300	57486	56588	821550
17300	58219	57244	835286
17300	57484	56525	800862
17300	57573	56641	348313
17300	57691	56684	817697
17300	56209	55347	823412
17300	58462	57463	331526
17300	56906	55941	317324
17300	51930	51224	367344
17300	57313	56385	366585
17300	58305	57285	347913
17300	57075	56198	819730
17300	57396	56561	318754
17300	56679	55758	352986
17300	57935	57064	835605
17300	57584	56661	343948
17300	57633	56663	820393
17300	58642	57643	366108
17300	58211	57237	328983
17300	58076	57010	318522
17300	57091	56124	818907
17300	59475	58415	363277
17300	57540	56538	822703
17300	58239	57259	339022
17300	58804	57772	336286
17300	56972	56053	790215
17300	58104	57106	321198
17300	57680	56724	317391
17300	57639	56706	802970
17300	56793	55945	800985
17400	57149	56234	329083
17400	58817	57811	322897
17400	57169	56196	319559
17400	59112	58177	343320
17400	55565	54780	348929
17400	58742	57757	788831
17400	57364	56407	822491
17400	57267	56349	802048
17400	58247	57339	355125
17400	59057	57997	368003
17400	56707	55810	812063
17400	52679	51917	805890
17400	58202	57218	790569
17400	57698	56755	808581
17400	58908	57925	348012
17400	57992	57013	324807
17400	58862	57864	795643
17400	57227	56343	811695
17400	58411	57494	370889
17400	58390	57392	817321
17400	58783	57774	828084
17400	57059	56179	354444
17400	51455	50784	364848
17400	58222	57222	832507
17400	58468	57500	319648
17400	58690	57741	356652
17400	57796	56892	825871
17400	52703	51927	347247
17400	58385	57436	801695
17400	58088	57131	368280
17400	58448	57482	795013
17400	57967	57002	356023
17400	58901	57902	814710
17400	58143	57133	825056
17400	58010	57037	338258
17400	57752	56782	805956
17400	58558	57557	342195
17400	59043	58029	370095
17400	57936	56940	329612
17400	58085	57226	354259
17400	56967	56115	820822
17400	57854	56895	351999
17400	57546	56633	794230
17400	58563	57615	351034
17400	58574	57569	342496
17400	58556	57581	814930
17400	58537	57532	810682
17400	58261	57238	365043
17400	58748	57746	368867
17400	59015	58022	369053
17500	51944	51251	826299
17500	58170	57243	806958
17500	28913	28574	360273
17500	59605	58608	793495
17500	57805	56844	828269
17500	58925	57948	843324
17500	59620	58619	820183
17500	56858	56050	340196
17500	52295	51606	795893
17500	58199	57218	840986
17500	58176	57219	341789
17500	57712	56778	355258
17500	58625	57636	370742
17500	57723	56821	794364
17500	58556	57530	352793
17500	57799	56939	809617
17500	57322	56385	844473
17500	58820	57893	818296
17500	56802	55971	800135
17500	57393	56434	804532
17500	58623	57712	825626
17500	58306	57354	334377
17500	57376	56470	818161
17500	59044	58049	817811
17500	58236	57279	812635
17500	57283	56372	371091
17500	57747	56814	322413
17500	57277	56406	366431
17500	59250	58285	809400
17500	58643	57706	799886
17500	58704	57729	329835
17500	58680	57731	841179
17500	58151	57189	342492
17500	58510	57575	345907
17500	57667	56733	336795
17500	58625	57679	815040
17500	58961	57959	332713
17500	57142	56306	344615
17500	58420	57490	359376
17500	57161	56287	351946
17500	59260	58269	803480
17500	58682	57719	369670
17500	58127	57266	330049
17500	58618	57611	832794
17500	59331	58332	325214
17500	58835	57824	331607
17500	28092	27841	324666
17500	52712	52015	331470
17500	58310	57379	366281
17500	58532	57546	330849
17600	58510	57583	340486
17600	59298	58282	374578
17600	58621	57646	817751
17600	55508	54707	844321
17600	57764	56885	323648
17600	58576	57625	801616
17600	58919	57962	361055
17600	58532	57601	369539
17600	58212	57263	838764
17600	57769	56824	803714
17600	58968	57958	803641
17600	59191	58221	839149
17600	58402	57470	827597
17600	58957	57941	339815
17600	58213	57265	325882
17600	58934	57992	812035
17600	58714	57760	812415
17600	59131	58202	370212
17600	58094	57168	373133
17600	53632	52874	326273
17600	58606	57579	832135
17600	58338	57412	809533
17600	58379	57419	836452
17600	56225	55390	813972
17600	58826	57837	820485
17600	58850	57915	371383
17600	59246	58258	801141
17600	57846	56941	803191
17600	58996	58010	329498
17600	58872	57862	346301
17600	58288	57330	803879
17600	58730	57765	805166
17600	58753	57758	367437
17600	58691	57760	826495
17600	58415	57522	355228
17600	55897	55086	803447
17600	59731	58808	337085
17600	59737	58775	346583
17600	59278	58343	366728
17600	57886	57039	368263
17600	59268	58278	323694
17600	59687	58665	341029
17600	58330	57368	842379
17600	59058	58091	340303
17600	60411	59292	844129
17600	53056	52255	823351
17600	56813	55909	813813
17600	59313	58240	829615
17600	59164	58174	348115
17600	58819	57856	816451
17700	59105	58146	816301
17700	58383	57429	354068
17700	59145	58194	828270
17700	59409	58441	833329
17700	58745	57802	357459
17700	57207	56372	377227
17700	59793	58781	346392
17700	58784	57879	821629
17700	58426	57439	358032
17700	59221	58322	376099
17700	58422	57452	326031
17700	58500	57573	340655
17700	59010	58073	340200
17700	58979	57942	327649
17700	58512	57573	815513
17700	53539	52772	374401
17700	58492	57533	352242
17700	58877	57943	813973
17700	58514	57604	346904
17700	59303	58313	344963
17700	60088	59083	330740
17700	58931	57989	347471
17700	60131	59112	344914
17700	29500	29158	823658
17700	57754	56889	376782
17700	58234	57305	808064
17700	60277	59231	328338
17700	58071	57152	854254
17700	57943	56978	816145
17700	58756	57837	836665
17700	59263	58307	827326
17700	59059	58077	822378
17700	57695	56822	350200
17700	58602	57686	819520
17700	59882	58880	335410
17700	53986	53207	347875
17700	58852	57931	854778
17700	59679	58714	351595
17700	57162	56358	331257
17700	59224	58218	358315
17700	58839	57885	332140
17700	60699	59632	854705
17700	59390	58401	337332
17700	59460	58456	843050
17700	60056	59068	358548
17700	59066	58069	837619
17700	59675	58660	820401
17700	60025	58942	814208
17700	58143	57250	331708
17700	53291	52523	331902
17800	59121	58217	836959
17800	59734	58760	829655
17800	58036	57167	356141
17800	58592	57673	328833
17800	58689	57821	856801
17800	60365	59348	829627
17800	29664	29331	814852
17800	58558	57606	814837
17800	59823	58803	855637
17800	60221	59222	327181
17800	60051	59024	345884
17800	59760	58765	816602
17800	59226	58230	342620
17800	58721	57827	841481
17800	59298	58302	348906
17800	58454	57508	338186
17800	59529	58593	349878
17800	59317	58349	822546
17800	60557	59577	829258
17800	60168	59222	362101
17800	59282	58270	361589
17800	59426	58384	347881
17800	60204	59204	846789
17800	59587	58609	364080
17800	59658	58769	818311
17800	29769	29389	810850
17800	58644	57736	345779
17800	59643	58580	833129
17800	58950	58049	355601
17800	59374	58402	346302
17800	59041	58171	812834
17800	60975	59941	827594
17800	58981	58070	833884
17800	59689	58659	834114
17800	58997	58033	367074
17800	59568	58584	371393
17800	59258	58308	825397
17800	58646	57763	837539
17800	60327	59336	348201
17800	59986	59053	327065
17800	57467	56587	809244
17800	60128	59103	815166
17800	54115	53326	845784
17800	59130	58200	374452
17800	59591	58569	344031
17800	59505	58535	848400
17800	58527	57652	373061
17800	59094	58094	375331
17800	60178	59194	350803
17800	59229	58297	809502
17900	29453	29148	335040
17900	58603	57691	828871
17900	59738	58723	362072
17900	60134	59216	833466
17900	60978	59902	847969
17900	60545	59524	381806
17900	59841	58879	828601
17900	60742	59688	365023
17900	60078	59061	862046
17900	60118	59135	819541
17900	59580	58591	380497
17900	58779	57842	362083
17900	53262	52518	843769
17900	60347	59346	862358
17900	57537	56740	839406
17900	58817	57898	355132
17900	60001	58940	819273
17900	59551	58628	837434
17900	59375	58413	360523
17900	58939	58038	837243
17900	60345	59337	367812
17900	59087	58153	848870
17900	59885	58904	334484
17900	60498	59488	367254
17900	59162	58224	832340
17900	59804	58778	380531
17900	54328	53514	842815
17900	30214	29861	335800
17900	60829	59734	354276
17900	58490	57601	340011
17900	60494	59495	842126
17900	59837	58873	369409
17900	59221	58337	343047
17900	60854	59816	374985
17900	61253	60185	334457
17900	60994	59912	814265
17900	60043	59069	825240
17900	58491	57590	374090
17900	59019	58145	368820
17900	60173	59165	381532
17900	59338	58438	830885
17900	60502	59494	860818
17900	59397	58494	331669
17900	59606	58679	830590
17900	60775	59813	351485
17900	60002	59050	836854
17900	59806	58805	339943
17900	58853	57936	830365
17900	58747	57826	343352
17900	59112	58103	372321
18000	58625	57797	832216
18000	60658	59705	827716
18000	60494	59422	363036
18000	60002	59044	849783
18000	59698	58762	868348
18000	60601	59592	361530
18000	59814	58824	349302
18000	59438	58505	364477
18000	59927	58944	338223
18000	60432	59454	841734
18000	58969	58057	858380
18000	59641	58689	334304
18000	59359	58389	832418
18000	59082	58140	360091
18000	61546	60458	355465
18000	60602	59579	836817
18000	59771	58718	364868
18000	60640	59621	350250
18000	60427	59390	358526
18000	61363	60351	841446
18000	60413	59397	383548
18000	60357	59377	849928
18000	60982	59904	383940
18000	60481	59446	852730
18000	54401	53618	378511
18000	60988	59963	341072
18000	60467	59425	331557
18000	59763	58807	355141
18000	60575	59552	849359
18000	59859	58917	369795
18000	60669	59644	376605
18000	54649	53890	816964
18000	60172	59181	370477
18000	59979	59015	379135
18000	59706	58709	835214
18000	60200	59222	354594
18000	59872	58925	347923
18000	59183	58269	361689
18000	59227	58399	837357
18000	60102	59096	843679
18000	60348	59379	839031
18000	60510	59507	842556
18000	60572	59521	364244
18000	60109	59129	856384
18000	60369	59356	816082
18000	59494	58582	852346
18000	61003	59948	847109
18000	60766	59752	837901
18000	60155	59204	352511
18000	60197	59177	338776
18100	60099	59120	846732
18100	58867	58045	359110
18100	60910	59889	367102
18100	59837	58873	823747
18100	60700	59656	827849
18100	58626	57773	377052
18100	59740	58812	374884
18100	59265	58384	346717
18100	60757	59806	356629
18100	61271	60207	350674
18100	59704	58770	854241
18100	51754	51221	367908
18100	60463	59473	343775
18100	61542	60475	385317
18100	59813	58849	365015
18100	60604	59653	828287
18100	29659	29329	345426
18100	60783	59777	367620
18100	61633	60611	859977
18100	59484	58557	865378
18100	61231	60189	820617
18100	30274	29909	357888
18100	59937	59029	372201
18100	60530	59554	862240
18100	54757	53965	848268
18100	60831	59846	852048
18100	60902	59931	826235
18100	61052	60004	368370
18100	60403	59437	352667
18100	60973	59930	350070
18100	61245	60217	353617
18100	52706	52058	857236
18100	60469	59524	869488
18100	60316	59356	350770
18100	55129	54292	383775
18100	60236	59199	376932
18100	60306	59335	859256
18100	60441	59464	357150
18100	60494	59584	852229
18100	60411	59415	373370
18100	60612	59588	333858
18100	60578	59627	368215
18100	60647	59701	841182
18100	60548	59605	334740
18100	59227	58348	865486
18100	29794	29478	380460
18100	30417	30057	825953
18100	57559	56751	381045
18100	61213	60205	342546
18100	60956	59932	836235
18200	60250	59328	833539
18200	60985	59921	344542
18200	61545	60504	368893
18200	59163	58239	348009
18200	60898	60012	829708
18200	61258	60273	354635
18200	30064	29746	341966
18200	60799	59837	366575
18200	59821	58873	866723
18200	61449	60429	340713
18200	61227	60155	374970
18200	60575	59617	849048
18200	60749	59842	875089
18200	61383	60392	844667
18200	59546	58626	852979
18200	60930	59999	334700
18200	60769	59757	377991
18200	60706	59714	373467
18200	61319	60257	352377
18200	59836	58956	374079
18200	59474	58556	835561
18200	59894	58984	352503
18200	60831	59797	826596
18200	60644	59592	384850
18200	60824	59839	829268
18200	60196	59223	845609
18200	60509	59543	380310
18200	61469	60447	363907
18200	60635	59622	378307
18200	61075	60076	849757
18200	54047	53311	349340
18200	60727	59784	841386
18200	61863	60861	379792
18200	61611	60537	834587
18200	55719	55003	374938
18200	60788	59782	870850
18200	60010	59060	879092
18200	54411	53739	837892
18200	61340	60298	862159
18200	61575	60486	346107
18200	60671	59692	345760
18200	61377	60346	337861
18200	61022	59981	877057
18200	61233	60216	846391
18200	30545	30194	875854
18200	60701	59689	827635
18200	60846	59826	384923
18200	61763	60726	871696
18200	61327	60369	345976
18200	61010	59992	848351
18300	59214	58339	370828
18300	61577	60538	874239
18300	61945	60823	881244
18300	60657	59742	360497
18300	61008	60047	856955
18300	60598	59671	847535
18300	28898	28648	349231
18300	30583	30256	379246
18300	61740	60716	840345
18300	61416	60447	352426
18300	60609	59625	846313
18300	61000	60003	359941
18300	61107	60109	841819
18300	55019	54225	853026
18300	60574	59612	355299
18300	62394	61336	355291
18300	60187	59333	346971
18300	60985	60005	844084
18300	61749	60737	870697
18300	61458	60455	342897
18300	60485	59556	356724
18300	61027	60037	353144
18300	60694	59643	380265
18300	54547	53826	374152
18300	59905	58993	377411
18300	60436	59465	865438
18300	53498	52799	385913
18300	61018	60023	871227
18300	61845	60816	832193
18300	55256	54495	359063
18300	61941	60909	378151
18300	60326	59433	872663
18300	59380	58471	379139
18300	62147	61111	342615
18300	61242	60265	360134
18300	61633	60613	364440
18300	60276	59333	873534
18300	30670	30307	831316
18300	60996	59987	354861
18300	60109	59238	382629
18300	61421	60397	851591
18300	61577	60561	371823
18300	61802	60732	859297
18300	60193	59298	841102
18300	60919	59963	846771
18300	59961	59022	378631
18300	60089	59169	365267
18300	61199	60210	882500
18300	61087	60183	840606
18300	60634	59683	379735
18400	61243	60278	371106
18400	61995	60956	844677
18400	61821	60795	834823
18400	62702	61693	374739
18400	60917	59926	856574
18400	61406	60439	371282
18400	60927	59983	384601
18400	61159	60224	380283
18400	62122	61107	838605
18400	56059	55209	359769
18400	61988	60945	864634
18400	61212	60203	364874
18400	60625	59701	349392
18400	61073	60128	846575
18400	61203	60262	860075
18400	62686	61600	337449
18400	61685	60660	847243
18400	61780	60825	382855
18400	61377	60356	345380
18400	61393	60436	836681
18400	61236	60310	378339
18400	61190	60211	362657
18400	61778	60758	849287
18400	60559	59629	339850
18400	61695	60668	353809
18400	60815	59868	350295
18400	61650	60572	360623
18400	60692	59756	843421
18400	61645	60624	345344
18400	61635	60629	877025
18400	62169	61110	388484
18400	61973	60947	872329
18400	59629	58750	356400
18400	60533	59597	855436
18400	61123	60182	851972
18400	61030	59998	855569
18400	61352	60439	348655
18400	61153	60254	852633
18400	61594	60597	868446
18400	62023	60988	341782
18400	60750	59764	359638
18400	60591	59660	382201
18400	62282	61213	841886
18400	60643	59658	350170
18400	60528	59667	354166
18400	62203	61178	884585
18400	60557	59664	361032
18400	61109	60122	834871
18400	61140	60119	368945
18400	61277	60325	884658
18500	59737	58916	844322
18500	62035	61064	394213
18500	61070	60132	841185
18500	61851	60894	851932
18500	60679	59702	347129
18500	62073	61071	890166
18500	56085	55291	388203
18500	62274	61235	882064
18500	63045	61945	361360
18500	60791	59856	839175
18500	61714	60715	356226
18500	61978	60968	353279
18500	61689	60712	886330
18500	62502	61445	362262
18500	62215	61202	877987
18500	62949	61957	362268
18500	30727	30394	858931
18500	63259	62185	381572
18500	62337	61348	874301
18500	61826	60813	877758
18500	59614	58738	883486
18500	61133	60208	362146
18500	62083	61141	367500
18500	61309	60310	885398
18500	61450	60450	884042
18500	60368	59477	875493
18500	62456	61454	843898
18500	60811	59904	879339
18500	61541	60601	371493
18500	62523	61411	386900
18500	62444	61362	864237
18500	62241	61257	365971
18500	62465	61408	884485
18500	54818	54146	849181
18500	62399	61392	380071
18500	61212	60228	366226
18500	59301	58400	860426
18500	61642	60632	847317
18500	61782	60777	360350
18500	62409	61396	364156
18500	60458	59583	345501
18500	61292	60325	392756
18500	61914	60953	876430
18500	61777	60756	369012
18500	61945	60963	876454
18500	62872	61819	869289
18500	60743	59851	372798
18500	61923	60950	345605
18500	61866	60826	853791
18500	60731	59794	841493
18600	61325	60338	395505
18600	63893	62863	362890
18600	63211	62105	850410
18600	62230	61288	394924
18600	61955	60979	890819
18600	61019	60031	853882
18600	61713	60757	863599
18600	60636	59749	878425
18600	61985	61066	894942
18600	62537	61493	881857
18600	61813	60894	363053
18600	60191	59335	360657
18600	61229	60284	882184
18600	60995	60054	389771
18600	60225	59382	876518
18600	61505	60542	849036
18600	61904	60955	370615
18600	62430	61444	387531
18600	62455	61409	896687
18600	61956	61017	373836
18600	31047	30672	341934
18600	60892	59965	370006
18600	62349	61372	845142
18600	62365	61405	898478
18600	62703	61671	873849
18600	61317	60349	382104
18600	62586	61516	875667
18600	62334	61250	392189
18600	62262	61231	848966
18600	62553	61555	371913
18600	63187	62171	344728
18600	61832	60855	365152
18600	60830	60008	853800
18600	62717	61758	371071
18600	61475	60545	851229
18600	61587	60646	356554
18600	62409	61399	855952
18600	61980	61004	868242
18600	62283	61295	374747
18600	62808	61774	860473
18600	62216	61203	853116
18600	61804	60856	366610
18600	23589	23533	865966
18600	61468	60515	386779
18600	63080	62087	362226
18600	31111	30733	854118
18600	54343	53659	341966
18600	62435	61404	379017
18600	62349	61326	866829
18600	60737	59886	384476
18700	62378	61406	354402
18700	62887	61843	847781
18700	63088	62001	855040
18700	62840	61837	894252
18700	63368	62292	902473
18700	63053	62017	348998
18700	62192	61175	398258
18700	59176	58335	379851
18700	62856	61836	377062
18700	62818	61777	343375
18700	61825	60929	851195
18700	55852	55136	895745
18700	63190	62156	893690
18700	63755	62695	353225
18700	61544	60620	368524
18700	62329	61311	373818
18700	62122	61116	356950
18700	63195	62132	859518
18700	61862	60914	390571
18700	62066	61093	371802
18700	62288	61248	889066
18700	61140	60292	345568
18700	62393	61393	849672
18700	62845	61850	375255
18700	62842	61813	877115
18700	62744	61739	890977
18700	62114	61088	888812
18700	61939	61009	883406
18700	61599	60701	354803
18700	63226	62113	869411
18700	63546	62494	855157
18700	63378	62344	853655
18700	61380	60455	368829
18700	62589	61563	902431
18700	62564	61566	347095
18700	62404	61390	377432
18700	62495	61489	365213
18700	31209	30893	389387
18700	62665	61632	361426
18700	62395	61341	870743
18700	61698	60692	891314
18700	62676	61647	370691
18700	63521	62504	900884
18700	62281	61273	882328
18700	61646	60653	898965
18700	61600	60619	894581
18700	62363	61384	350170
18700	62026	61052	368752
18700	63187	62104	889740
18700	61536	60498	380809
18800	62897	61896	856837
18800	63308	62304	872220
18800	61073	60224	380805
18800	63376	62340	357717
18800	64548	63393	362368
18800	30080	29799	364778
18800	63302	62283	871982
18800	62427	61450	373377
18800	61908	60932	886678
18800	61781	60812	892239
18800	63362	62316	894236
18800	61789	60875	351081
18800	62785	61751	869764
18800	60581	59745	391725
18800	63090	62073	374398
18800	62512	61451	900235
18800	62964	61952	906773
18800	63115	62067	381103
18800	61466	60583	889338
18800	64510	63419	379166
18800	62369	61328	888396
18800	63450	62429	881305
18800	24927	24810	397245
18800	62086	61086	879643
18800	63322	62269	865339
18800	62305	61340	905435
18800	56555	55829	357569
18800	56685	55913	350362
18800	62261	61308	873791
18800	62662	61674	868820
18800	62495	61521	886563
18800	62033	61090	888741
18800	61042	60101	355918
18800	62986	62014	353093
18800	62671	61678	354108
18800	64125	62987	902717
18800	62899	61858	908481
18800	62983	61964	394400
18800	62875	61864	382150
18800	61906	60942	346001
18800	63032	61965	896997
18800	29895	29604	370943
18800	61068	60175	873525
18800	62873	61881	886320
18800	63348	62231	901224
18800	62584	61656	394436
18800	61802	60890	356839
18800	62782	61767	876607
18800	62576	61589	355224
18800	59184	58313	371746
18900	62864	61860	885645
18900	62869	61838	357555
18900	62120	61176	375224
18900	62378	61400	904938
18900	62538	61546	903193
18900	63360	62394	867323
18900	62688	61709	395163
18900	62653	61663	866126
18900	55495	54821	898562
18900	62019	61039	374135
18900	63145	62203	901105
18900	62489	61531	875984
18900	62249	61303	871434
18900	62101	61185	897753
18900	63584	62583	363514
18900	63559	62562	396369
18900	63522	62527	893167
18900	63332	62357	352905
18900	63772	62671	877129
18900	62276	61276	858834
18900	62920	61882	387002
18900	62369	61409	392403
18900	64475	63406	374634
18900	62989	62035	882495
18900	56399	55679	362140
18900	63734	62691	862046
18900	62572	61524	873673
18900	62726	61713	398088
18900	31325	30965	896911
18900	63025	62084	857318
18900	64444	63448	858044
18900	64462	63362	863366
18900	62335	61391	896792
18900	62780	61805	386123
18900	63053	62033	348018
18900	63892	62820	889800
18900	61971	61080	888636
18900	63590	62569	901091
18900	56260	55540	361292
18900	63528	62474	368173
18900	63440	62439	396619
18900	62652	61709	384422
18900	61300	60429	360844
18900	64170	63082	383982
18900	63349	62411	888475
18900	62828	61865	385802
18900	62569	61597	903767
18900	63590	62551	875082
18900	62654	61645	892636
18900	63438	62375	904704
19000	63953	62886	864046
19000	63589	62567	883381
19000	63283	62318	402299
19000	63469	62479	863032
19000	57467	56610	870765
19000	63361	62356	880257
19000	63028	62120	362666
19000	64131	63058	363610
19000	63172	62204	372576
19000	57384	56543	902574
19000	62488	61469	862381
19000	64684	63595	861429
19000	63062	62105	878392
19000	63635	62643	398637
19000	63026	62073	885091
19000	64340	63278	906493
19000	63972	62911	878787
19000	63396	62376	899462
19000	63120	62168	403739
19000	63251	62263	889393
19000	57321	56486	355497
19000	61959	61146	916233
19000	63789	62821	908811
19000	63229	62226	355876
19000	63920	62873	889073
19000	62263	61360	387053
19000	57574	56733	365352
19000	63863	62797	905965
19000	61590	60669	388004
19000	63794	62748	369854
19000	62896	61975	358729
19000	64602	63499	370926
19000	61803	60900	394685
19000	63696	62619	377546
19000	55799	55067	891567
19000	62752	61830	913047
19000	63813	62754	898788
19000	63278	62291	390171
19000	62384	61399	875514
19000	64221	63067	390511
19000	64334	63289	915215
19000	63268	62222	875240
19000	64340	63273	354599
19000	63231	62326	914633
19000	62010	61076	352797
19000	62755	61777	908291
19000	62329	61404	405135
19000	63737	62707	393189
19000	56992	56196	898616
19000	63279	62265	401850
19100	64795	63664	363413
19100	63838	62860	379226
19100	64006	62981	404491
19100	64221	63197	874389
19100	62105	61223	400557
19100	64819	63766	359698
19100	63213	62237	372872
19100	64319	63273	362240
19100	64036	63000	891571
19100	63122	62166	389272
19100	64123	63104	381419
19100	62136	61192	898685
19100	61049	60224	396842
19100	64347	63303	373412
19100	63834	62779	354020
19100	62152	61146	355566
19100	57216	56414	370363
19100	61902	61023	876428
19100	64293	63264	367475
19100	63461	62475	909202
19100	63676	62723	911279
19100	64417	63411	360550
19100	62443	61478	373313
19100	64317	63313	397638
19100	63994	62996	906665
19100	64308	63281	915082
19100	63731	62735	363795
19100	64941	63877	368749
19100	63466	62443	388267
19100	63364	62421	920802
19100	63753	62753	885626
19100	63823	62792	356863
19100	63212	62223	383085
19100	64523	63518	884286
19100	63598	62597	922040
19100	63206	62251	869793
19100	63526	62506	379049
19100	63919	62864	878043
19100	64750	63703	400163
19100	63572	62556	405704
19100	64582	63478	893338
19100	62764	61823	364104
19100	57315	56519	379187
19100	63503	62511	383876
19100	62640	61711	367348
19100	63868	62815	355189
19100	65036	63941	875338
19100	63395	62350	900339
19100	64430	63374	886743
19100	63467	62470	407358
19200	65023	63976	355887
19200	64663	63569	366338
19200	63476	62520	916951
19200	62087	61176	894065
19200	32006	31643	365560
19200	64919	63880	918192
19200	64076	63079	922574
19200	63194	62197	913456
19200	63393	62383	899143
19200	64604	63594	882547
19200	64589	63557	924822
19200	63077	62038	884608
19200	63729	62759	400191
19200	63388	62408	910394
19200	58581	57751	901572
19200	64831	63796	909696
19200	65353	64287	913797
19200	64635	63586	400291
19200	63214	62259	899857
19200	63262	62322	904914
19200	63226	62274	915538
19200	64370	63326	899141
19200	64290	63305	878141
19200	64533	63472	918969
19200	63458	62539	895811
19200	63427	62384	377998
19200	63781	62818	896774
19200	32119	31766	891942
19200	63155	62170	376011
19200	63021	62130	409444
19200	58348	57498	904387
19200	64604	63500	884933
19200	62917	61957	923384
19200	58553	57703	878314
19200	56689	55961	921171
19200	63096	62128	377338
19200	64390	63367	927172
19200	63369	62465	385986
19200	63833	62806	899927
19200	63565	62585	891064
19200	64539	63460	895197
19200	64462	63387	406903
19200	64607	63540	899862
19200	64749	63728	386676
19200	64383	63350	920913
19200	65906	64781	925505
19200	64397	63435	378217
19200	64765	63645	876461
19200	58581	57719	904658
19200	58044	57260	886269
19300	64417	63446	374788
19300	65049	63950	405710
19300	63533	62568	879288
19300	63007	62103	917372
19300	56881	56174	370605
19300	65601	64495	883668
19300	64011	63019	927285
19300	64957	63876	891482
19300	64034	63014	902138
19300	64768	63762	882588
19300	64424	63369	875587
19300	65541	64481	914324
19300	63743	62802	376653
19300	64628	63593	875182
19300	64701	63675	378923
19300	64859	63823	370484
19300	64699	63696	384161
19300	64087	63040	386703
19300	65080	64051	892957
19300	31957	31611	355950
19300	65205	64125	395272
19300	58410	57582	374744
19300	63797	62785	878916
19300	64422	63371	928886
19300	65028	63988	384945
19300	65290	64295	899481
19300	62615	61692	399682
19300	62532	61636	923853
19300	63281	62336	926038
19300	57268	56505	374636
19300	63618	62644	890048
19300	64990	63953	912579
19300	31412	31147	354476
19300	63607	62631	411714
19300	64177	63164	919875
19300	64965	63875	411329
19300	64675	63669	401486
19300	64209	63194	394599
19300	63261	62407	408167
19300	64237	63241	886583
19300	64153	63171	905878
19300	65634	64586	378093
19300	64897	63912	397834
19300	63748	62796	391096
19300	64692	63617	362038
19300	63624	62726	890309
19300	64922	63852	374726
19300	58194	57373	894452
19300	63295	62323	363076
19300	63306	62297	906678
19400	64935	63962	387622
19400	64638	63597	367361
19400	64632	63648	397198
19400	64313	63310	894681
19400	65255	64185	361090
19400	64689	63686	382122
19400	63604	62631	895565
19400	64787	63799	372046
19400	65478	64387	928398
19400	65066	64007	387686
19400	64282	63260	901273
19400	66364	65218	918066
19400	65308	64217	899818
19400	65875	64769	393928
19400	65093	64026	397648
19400	65006	63908	384960
19400	65603	64508	398844
19400	63656	62647	364469
19400	63540	62600	377802
19400	65862	64713	929250
19400	59018	58177	380016
19400	64678	63664	900184
19400	65205	64170	911989
19400	65549	64479	880452
19400	65321	64257	927418
19400	62569	61599	390505
19400	58427	57626	931033
19400	64713	63719	405160
19400	63479	62553	378504
19400	65259	64195	887529
19400	64563	63485	883875
19400	65336	64300	403056
19400	63736	62798	928967
19400	65011	63899	895833
19400	65019	64022	916687
19400	63551	62568	387100
19400	64938	63905	915054
19400	57781	57030	918399
19400	65459	64408	356915
19400	64004	62995	368524
19400	65002	63990	379718
19400	63806	62841	410849
19400	64937	63919	396363
19400	32546	32193	361777
19400	65085	64015	891479
19400	62912	62012	397831
19400	57642	56860	406327
19400	63573	62616	894347
19400	63923	62972	371146
19400	65088	64103	927577
19500	63977	62979	938056
19500	66722	65618	390586
19500	64756	63780	902487
19500	64650	63647	387602
19500	65440	64323	932276
19500	59455	58628	404183
19500	65435	64353	403553
19500	58841	58031	359118
19500	64879	63926	937911
19500	65300	64203	932886
19500	64013	63036	373266
19500	58387	57602	891472
19500	65045	63994	898399
19500	63397	62449	938123
19500	66081	64981	939161
19500	32466	32096	379166
19500	64682	63657	896621
19500	65634	64619	389447
19500	65743	64701	905232
19500	65815	64764	927550
19500	64851	63807	894868
19500	65344	64298	926164
19500	64277	63291	940041
19500	65495	64385	376205
19500	63910	62970	896590
19500	64940	63995	374811
19500	65311	64265	899106
19500	65236	64244	887560
19500	65330	64297	895132
19500	64737	63734	371528
19500	65327	64300	941322
19500	62849	61965	923998
19500	65547	64541	395056
19500	65262	64245	905606
19500	65249	64121	889056
19500	64894	63902	414897
19500	64657	63641	387633
19500	65035	64036	890961
19500	65814	64704	402712
19500	65825	64818	908236
19500	65439	64413	922315
19500	64957	63941	911565
19500	63516	62581	396218
19500	66121	65083	386088
19500	65303	64369	909982
19500	64667	63594	907351
19500	65127	64018	409066
19500	64309	63312	917630
19500	64538	63529	918759
19500	65479	64446	935677
19600	64780	63732	381907
19600	65798	64740	932976
19600	65709	64665	928098
19600	65519	64504	891062
19600	66868	65786	392112
19600	67006	65882	408325
19600	65922	64839	893758
19600	67197	66007	921391
19600	65360	64337	930409
19600	66118	65089	941107
19600	65301	64295	382851
19600	64748	63738	946201
19600	65765	64692	894856
19600	65057	64036	908879
19600	64358	63405	409352
19600	64507	63485	926863
19600	64584	63610	391729
19600	58432	57669	931920
19600	64870	63904	918706
19600	66867	65722	403030
19600	65516	64463	392859
19600	66090	65010	391045
19600	64868	63898	904996
19600	67018	65860	895299
19600	65288	64255	906442
19600	64749	63683	891183
19600	65592	64522	924684
19600	65378	64367	942883
19600	64157	63194	894076
19600	66503	65424	362408
19600	65531	64546	938963
19600	65834	64817	913540
19600	66115	65074	414029
19600	65066	64070	895603
19600	64352	63341	902786
19600	32443	32078	400788
19600	65314	64227	895841
19600	66406	65375	414704
19600	65549	64515	392708
19600	65042	64015	363005
19600	65338	64282	941289
19600	66351	65273	402306
19600	66377	65315	919879
19600	65713	64674	922927
19600	66227	65116	384923
19600	31642	31353	925346
19600	65490	64487	917774
19600	66198	65084	901866
19600	26124	25996	933767
19600	65565	64539	889001
19700	66758	65704	899367
19700	66493	65407	365487
19700	65037	64104	918796
19700	67109	65977	927894
19700	65334	64360	923549
19700	66796	65713	896224
19700	64999	63963	396918
19700	65829	64807	900310
19700	66059	64993	402879
19700	65151	64154	375512
19700	65747	64719	939329
19700	66067	65028	948963
19700	66348	65240	390808
19700	64612	63664	951724
19700	65379	64452	918842
19700	64935	63888	946852
19700	66087	64996	374600
19700	58871	58094	410618
19700	65912	64897	943529
19700	65543	64525	905407
19700	65387	64375	394767
19700	64291	63348	413363
19700	63582	62634	948126
19700	66268	65225	391946
19700	63265	62356	920207
19700	65903	64901	912335
19700	59522	58706	365142
19700	64193	63323	945996
19700	65029	63974	926573
19700	66200	65096	394389
19700	64206	63262	943581
19700	65080	64111	399813
19700	65861	64844	371078
19700	65328	64382	931733
19700	66333	65274	913410
19700	33137	32765	398171
19700	64716	63689	941502
19700	64807	63809	375612
19700	59529	58719	395645
19700	32136	31828	943035
19700	65656	64538	899992
19700	66209	65136	417098
19700	65832	64712	399956
19700	65227	64194	386049
19700	65266	64295	895245
19700	65709	64711	906084
19700	66114	65064	394501
19700	65448	64445	368899
19700	66371	65302	362545
19700	65837	64786	375571
19800	65787	64752	903007
19800	64710	63763	369097
19800	66567	65421	912305
19800	66162	65131	400593
19800	65475	64399	924837
19800	65515	64531	924094
19800	66238	65223	906773
19800	63812	62930	953829
19800	66343	65324	377947
19800	32786	32429	372737
19800	66767	65667	952769
19800	65189	64172	404800
19800	59484	58614	369860
19800	67364	66281	413583
19800	66904	65814	379455
19800	67209	66044	379600
19800	66182	65156	417891
19800	64641	63674	418847
19800	66547	65486	417285
19800	60029	59163	404884
19800	66433	65375	419783
19800	65210	64204	954785
19800	67737	66579	951069
19800	66286	65269	921441
19800	65266	64242	395665
19800	66864	65841	954161
19800	66173	65170	397831
19800	66578	65570	382389
19800	66306	65191	930562
19800	65175	64140	405784
19800	66377	65395	927655
19800	65436	64468	372697
19800	65795	64799	384250
19800	66021	64963	380986
19800	67132	65996	373441
19800	66264	65131	926172
19800	66146	65077	953684
19800	67384	66274	938248
19800	67813	66584	411609
19800	65953	64936	919484
19800	32872	32499	396810
19800	66331	65229	372785
19800	32890	32526	905905
19800	66543	65464	925266
19800	65992	64967	421628
19800	66598	65598	388033
19800	65809	64803	367249
19800	65906	64841	939519
19800	67238	66161	403080
19800	67824	66713	403390
19900	64429	63567	940355
19900	66480	65461	944482
19900	66141	65160	931854
19900	65955	65017	397978
19900	65889	64904	923873
19900	67603	66504	374315
19900	66640	65605	923378
19900	67873	66734	397232
19900	66311	65240	399076
19900	67190	66101	378539
19900	66009	65014	413257
19900	66391	65353	940294
19900	65984	64951	373124
19900	67113	66036	946954
19900	64434	63516	950219
19900	60357	59529	939026
19900	66660	65594	401716
19900	66726	65617	904057
19900	67222	66126	402747
19900	66288	65231	391933
19900	66660	65569	906531
19900	66608	65509	923914
19900	65088	64125	376088
19900	65599	64586	406820
19900	32760	32408	902576
19900	66940	65851	388403
19900	67702	66586	393759
19900	66159	65218	961432
19900	66110	65077	381882
19900	66913	65792	918312
19900	66395	65413	423600
19900	67157	66057	387337
19900	66205	65129	929194
19900	66657	65538	924155
19900	65468	64463	957715
19900	66498	65513	961776
19900	66357	65368	422399
19900	66294	65227	401919
19900	67162	66118	405110
19900	33224	32838	910157
19900	65116	64158	397814
19900	67623	66477	375372
19900	65386	64426	386112
19900	65660	64625	405512
19900	67046	65996	421276
19900	67353	66249	365086
19900	67554	66499	919604
19900	66597	65534	424071
19900	66817	65747	416077
19900	67484	66313	373118
20000	67557	66465	953122
20000	67496	66404	424656
20000	67607	66468	953525
20000	64887	63941	934526
20000	65104	64164	943971
20000	66398	65377	955088
20000	67480	66404	911668
20000	65727	64729	939275
20000	67510	66435	418860
20000	64789	63843	910104
20000	66227	65239	405447
20000	66564	65537	416659
20000	66346	65323	418744
20000	66731	65663	937740
20000	64055	63262	393679
20000	66710	65672	390603
20000	65760	64791	938535
20000	67451	66347	398222
20000	67160	66079	424730
20000	67336	66241	940865
20000	67233	66197	371873
20000	66448	65414	412473
20000	66131	65173	373903
20000	59614	58800	370346
20000	67011	65955	928350
20000	66379	65322	933589
20000	66030	65119	369765
20000	66739	65693	412202
20000	66890	65854	919639
20000	67058	66060	395219
20000	67544	66511	378199
20000	66801	65784	935699
20000	66433	65373	960355
20000	67250	66145	962960
20000	65667	64651	944336
20000	65473	64519	374622
20000	65008	64064	932286
20000	65939	64899	393951
20000	67662	66556	386437
20000	59632	58848	961752
20000	66924	65874	426494
20000	61053	60159	370454
20000	68127	67073	373734
20000	67561	66455	423336
20000	66415	65390	965061
20000	66938	65827	939093
20000	65987	64929	407780
20000	65423	64472	382130
20000	66291	65296	954040
20000	66466	65436	368109
20100	60929	60078	418532
20100	68896	67731	965354
20100	67094	66005	918530
20100	67878	66838	956745
20100	67688	66620	971447
20100	66281	65254	422199
20100	66976	65948	913037
20100	67580	66477	409790
20100	67726	66657	922333
20100	67402	66342	384501
20100	67153	66117	950127
20100	33623	33250	397543
20100	67828	66713	969387
20100	65602	64639	391788
20100	66973	65943	928407
20100	67827	66751	963953
20100	67716	66650	964774
20100	67635	66634	948775
20100	65797	64809	421215
20100	67096	66138	967564
20100	60647	59787	955003
20100	66953	65879	420866
20100	64974	64021	417477
20100	66700	65645	969359
20100	62575	61741	411522
20100	67453	66429	412139
20100	67107	66111	968427
20100	66261	65292	957455
20100	64406	63501	948989
20100	59347	58570	419971
20100	68068	66994	388355
20100	67263	66145	949793
20100	67112	66082	946375
20100	59568	58740	382760
20100	66685	65652	373498
20100	66416	65382	372316
20100	66620	65587	968767
20100	66889	65855	939650
20100	61367	60570	919855
20100	66700	65733	917717
20100	62926	62050	424614
20100	61042	60205	917469
20100	66669	65654	936062
20100	66665	65646	428441
20100	66267	65209	932478
20100	66675	65616	946654
20100	66857	65803	400227
20100	67326	66219	945353
20100	33269	32905	375539
20100	67866	66795	937929
20200	67649	66552	384816
20200	67504	66450	424874
20200	67389	66295	923337
20200	67832	66807	974191
20200	67665	66626	417400
20200	67306	66226	940604
20200	67255	66242	396855
20200	68199	67124	921935
20200	68080	66955	935382
20200	68340	67254	388710
20200	68055	66917	943330
20200	65551	64605	429633
20200	67319	66237	965593
20200	66580	65619	961536
20200	33616	33294	920552
20200	66416	65432	379451
20200	66432	65449	425548
20200	67680	66672	375991
20200	66872	65857	972066
20200	66578	65577	420655
20200	65014	64173	425846
20200	66997	65949	404181
20200	67916	66826	381403
20200	66468	65505	382284
20200	67944	66874	390454
20200	66674	65643	918227
20200	66390	65393	931106
20200	68780	67613	387590
20200	67660	66585	947426
20200	66977	65982	375464
20200	68005	66898	414988
20200	67202	66176	947988
20200	67228	66154	422641
20200	67318	66278	381018
20200	67393	66431	428825
20200	67261	66231	417897
20200	68211	67099	948392
20200	66910	65930	391173
20200	66409	65342	396491
20200	67723	66662	411849
20200	68020	66904	915924
20200	66954	65972	393241
20200	68438	67277	372591
20200	67193	66142	963834
20200	66458	65412	927036
20200	26833	26713	407932
20200	67176	66167	933659
20200	68763	67674	928156
20200	67463	66395	415970
20200	67578	66548	951660
20300	68112	67082	430937
20300	66379	65432	956956
20300	65674	64783	924789
20300	68521	67435	407083
20300	67351	66430	980524
20300	68035	66951	427873
20300	69078	67999	972249
20300	67738	66731	974426
20300	68370	67291	979053
20300	67256	66243	372837
20300	66942	65951	938573
20300	34168	33793	965855
20300	61141	60346	954103
20300	67415	66343	921085
20300	67263	66272	376415
20300	68677	67573	950870
20300	67618	66573	939563
20300	67672	66608	921286
20300	68123	67069	923989
20300	67379	66285	934964
20300	67411	66418	392304
20300	66417	65443	980505
20300	68701	67628	980136
20300	67513	66469	389427
20300	67988	66930	425184
20300	68536	67413	418199
20300	67446	66360	957348
20300	67905	66895	946085
20300	68096	67050	411958
20300	67565	66595	380825
20300	67499	66392	383454
20300	67030	66039	926252
20300	68120	67001	376064
20300	68081	66963	929916
20300	67378	66326	979712
20300	68699	67562	400329
20300	66964	65885	427358
20300	68113	66982	373914
20300	68158	67072	953128
20300	67805	66758	427031
20300	68495	67315	387956
20300	67025	66065	963907
20300	67027	66021	976092
20300	68226	67181	396761
20300	67278	66233	408413
20300	67273	66237	428385
20300	68369	67243	973301
20300	66956	65911	923804
20300	67551	66569	967403
20300	68382	67300	936873
20400	68723	67601	943687
20400	67619	66570	396133
20400	67061	65996	959859
20400	67514	66488	926084
20400	61612	60778	946356
20400	68291	67264	955825
20400	66857	65917	978983
20400	68268	67213	927335
20400	66880	65965	981232
20400	66394	65470	433362
20400	67327	66368	953743
20400	68571	67506	944327
20400	68060	67026	973035
20400	68287	67227	426020
20400	62020	61204	431857
20400	68319	67236	924989
20400	68042	66972	413545
20400	69451	68338	975035
20400	66975	65949	405776
20400	61477	60662	392844
20400	68686	67619	926535
20400	68377	67300	970813
20400	67480	66512	961754
20400	67564	66543	392550
20400	68310	67302	425368
20400	68955	67852	417807
20400	67674	66644	390188
20400	68076	67051	927366
20400	68333	67308	957956
20400	68165	67160	424748
20400	66824	65818	428256
20400	65616	64655	947307
20400	67972	66920	389146
20400	68339	67241	950504
20400	68133	67074	977744
20400	67884	66809	424234
20400	67922	66918	400746
20400	66851	65840	941403
20400	67639	66645	935664
20400	25793	25744	419222
20400	68353	67312	430717
20400	67771	66730	425848
20400	68180	67160	431046
20400	68422	67322	949937
20400	68721	67668	387896
20400	67961	66952	429739
20400	69097	68019	381240
20400	68951	67825	374129
20400	68183	67096	394170
20400	67640	66586	954275
20500	69381	68281	401533
20500	61821	61025	379425
20500	66874	65863	412035
20500	67907	66897	982068
20500	68224	67193	388938
20500	66669	65712	984156
20500	68714	67589	410568
20500	67940	66900	389369
20500	68612	67550	427110
20500	66951	65987	942253
20500	69604	68512	417721
20500	68661	67580	979587
20500	67607	66639	423583
20500	67885	66876	419890
20500	67668	66669	976627
20500	69258	68190	382588
20500	68721	67714	956345
20500	68040	66963	398471
20500	60720	59980	944677
20500	67747	66628	411656
20500	66002	65082	405849
20500	68298	67242	953012
20500	68269	67199	960131
20500	68653	67533	988085
20500	68153	67134	410204
20500	69169	68064	963975
20500	67381	66437	984816
20500	60630	59893	388441
20500	68747	67646	430759
20500	68619	67603	940586
20500	68336	67216	380858
20500	68476	67339	434118
20500	68185	67168	396909
20500	68476	67403	424419
20500	68778	67724	403451
20500	70467	69336	960952
20500	68737	67682	983254
20500	68864	67777	376389
20500	27420	27266	930179
20500	67099	66146	984492
20500	68199	67047	935305
20500	68817	67757	414874
20500	68806	67680	933056
20500	68784	67705	958962
20500	68654	67642	436545
20500	67038	66021	382551
20500	68978	67861	957526
20500	67992	67029	973556
20500	67740	66739	942649
20500	61209	60492	940260
20600	68544	67483	404605
20600	70014	68944	424267
20600	65196	64277	962287
20600	67994	66936	408412
20600	68982	67841	994775
20600	69046	67962	945976
20600	69037	67932	935992
20600	68095	67071	379116
20600	68194	67198	432218
20600	68092	67077	391549
20600	67632	66662	994773
20600	69362	68271	418177
20600	68295	67268	387263
20600	68871	67796	950500
20600	69594	68461	966072
20600	68974	67894	434289
20600	69591	68525	400551
20600	68508	67452	408400
20600	67800	66820	414422
20600	69103	67956	426468
20600	69027	68016	977982
20600	68241	67235	944861
20600	69487	68373	383431
20600	68745	67728	989748
20600	69684	68566	381527
20600	69079	68060	974549
20600	69341	68233	955308
20600	68493	67461	987309
20600	67905	66936	975581
20600	66571	65698	426417
20600	67231	66210	944545
20600	69508	68432	423228
20600	61292	60498	390229
20600	68338	67316	405501
20600	34402	33988	427241
20600	70044	68895	421360
20600	67842	66782	963090
20600	69114	68022	962236
20600	68466	67417	958962
20600	67903	66886	966472
20600	70081	68968	962188
20600	67733	66755	431510
20600	69515	68463	983076
20600	69175	68015	380999
20600	67034	66014	936169
20600	69128	68041	943528
20600	69991	68876	968233
20600	68431	67387	940926
20600	68799	67729	416154
20600	69067	68066	415824
20700	68496	67483	422188
20700	68439	67454	430699
20700	69550	68421	954521
20700	68685	67639	965629
20700	69817	68795	985559
20700	71203	69987	422935
20700	70309	69194	939828
20700	68107	67110	420183
20700	68894	67859	387421
20700	68968	67881	390919
20700	69746	68727	972782
20700	68808	67804	962164
20700	69629	68488	952259
20700	66696	65795	978107
20700	70325	69302	412475
20700	68881	67857	440668
20700	68183	67156	386153
20700	68406	67375	969666
20700	68425	67421	416399
20700	69564	68461	424019
20700	69009	67898	952478
20700	68820	67795	984664
20700	70001	68808	391721
20700	69882	68783	963564
20700	69301	68184	972544
20700	70205	69071	385151
20700	34526	34141	410436
20700	69016	67905	402490
20700	67362	66404	394431
20700	68636	67594	389159
20700	70134	69010	387333
20700	68642	67626	981988
20700	69992	68916	385537
20700	68644	67586	984455
20700	69307	68214	409155
20700	69805	68691	383699
20700	70213	69034	390867
20700	69433	68357	396355
20700	68473	67461	399714
20700	69141	68085	426519
20700	70684	69476	999285
20700	69219	68121	408312
20700	68116	67156	968405
20700	69152	68121	396996
20700	69710	68599	982480
20700	66232	65385	412274
20700	69799	68712	413618
20700	67814	66793	386086
20700	68650	67595	418664
20700	69577	68546	997321
20800	69864	68732	385989
20800	69590	68471	980822
20800	69781	68758	396763
20800	69343	68231	975421
20800	68595	67549	1000994
20800	69168	68074	970622
20800	67644	66687	436466
20800	69966	68883	960201
20800	68694	67626	401821
20800	69860	68809	961073
20800	69673	68569	986098
20800	70495	69321	431868
20800	69850	68801	425303
20800	63061	62167	965303
20800	70460	69363	998521
20800	69311	68174	443719
20800	69309	68231	997495
20800	69472	68369	422940
20800	70859	69753	438078
20800	68422	67416	1004333
20800	70525	69387	426376
20800	69618	68536	403526
20800	68602	67638	387682
20800	69808	68665	993658
20800	69900	68784	994364
20800	69549	68460	433551
20800	69194	68191	984122
20800	69869	68801	964327
20800	67681	66657	983635
20800	70552	69479	960579
20800	69388	68344	405661
20800	62035	61166	399942
20800	69793	68750	1001671
20800	69010	67998	434136
20800	69304	68227	390879
20800	69323	68186	962234
20800	69415	68348	950897
20800	69810	68714	944305
20800	69412	68380	1000010
20800	69447	68382	424099
20800	62627	61810	950581
20800	70166	69074	1000616
20800	69992	68866	402095
20800	69136	68125	432288
20800	69590	68465	440588
20800	68946	67909	387438
20800	69833	68734	392364
20800	69153	68144	420646
20800	69215	68113	944865
20800	70712	69541	386703
20900	70613	69489	966805
20900	70316	69216	988265
20900	61580	60840	984556
20900	69991	68882	994526
20900	69130	68107	402055
20900	70082	69024	387378
20900	63273	62374	395935
20900	70942	69790	437167
20900	69657	68659	419929
20900	34530	34174	987455
20900	70271	69231	384003
20900	70149	69012	435961
20900	67958	66996	985614
20900	69659	68567	403571
20900	69583	68506	950045
20900	69320	68243	400728
20900	71212	70096	422801
20900	67799	66843	435226
20900	69202	68176	967154
20900	61326	60636	951313
20900	69879	68770	969237
20900	70256	69173	425153
20900	69912	68837	965822
20900	70769	69654	950589
20900	71016	69866	984303
20900	67584	66633	987409
20900	70675	69548	947681
20900	69820	68768	994866
20900	70442	69349	959585
20900	68638	67587	1005885
20900	70408	69284	438481
20900	69415	68399	432730
20900	70655	69557	991155
20900	69503	68388	417471
20900	69566	68545	951958
20900	67999	67117	429824
20900	70679	69568	401294
20900	34866	34467	408930
20900	70292	69182	431543
20900	70180	69073	1006619
20900	69263	68158	414141
20900	69409	68394	959148
20900	62661	61773	1004561
20900	70670	69653	445102
20900	70496	69419	412465
20900	70787	69683	998636
20900	70215	69132	409471
20900	68860	67845	955769
20900	70478	69408	953717
20900	70022	69011	404350
21000	68057	67050	419503
21000	70322	69221	414322
21000	63116	62281	970472
21000	70334	69257	423580
21000	34638	34286	996980
21000	69680	68612	424513
21000	68576	67575	447655
21000	70054	68940	986941
21000	69298	68190	987092
21000	69305	68237	414831
21000	34898	34515	954271
21000	71796	70646	1000603
21000	70959	69861	385047
21000	69705	68577	952372
21000	70070	69013	440765
21000	68846	67807	400683
21000	70895	69854	386378
21000	69184	68226	445194
21000	70662	69634	447823
21000	69839	68788	390505
21000	69667	68585	979922
21000	70201	69107	971196
21000	69777	68744	441593
21000	71154	70047	447978
21000	69576	68530	435429
21000	69322	68250	1010688
21000	69925	68908	973913
21000	70254	69152	1009953
21000	70793	69665	436655
21000	69593	68541	426066
21000	63648	62799	984141
21000	70817	69663	399442
21000	67018	66098	386474
21000	34527	34197	429544
21000	69818	68761	440982
21000	69817	68789	999741
21000	70855	69736	980692
21000	69943	68851	1010974
21000	71257	70125	1014286
21000	70685	69601	971547
21000	70013	68973	437006
21000	70123	69075	394020
21000	68140	67148	445396
21000	69964	68925	437501
21000	69755	68759	984738
21000	70531	69485	404106
21000	70911	69806	978077
21000	69839	68758	970324
21000	69513	68395	973618
21000	70369	69256	415475
21100	69835	68804	398214
21100	62916	62110	399754
21100	71562	70307	444227
21100	69424	68371	445004
21100	68506	67462	435501
21100	70297	69203	419752
21100	69617	68544	396552
21100	69374	68350	414262
21100	70499	69468	987979
21100	70467	69367	409887
21100	34983	34642	441190
21100	69481	68423	387535
21100	69632	68589	420935
21100	70980	69856	443348
21100	71086	70009	412134
21100	71349	70203	430918
21100	67624	66728	981424
21100	70972	69843	999960
21100	71360	70252	412761
21100	71265	70169	989902
21100	63044	62218	437369
21100	68947	67956	964660
21100	69603	68570	447214
21100	69669	68640	392648
21100	35116	34725	995157
21100	33679	33379	970310
21100	70642	69514	958071
21100	68782	67859	999339
21100	71117	70016	989128
21100	70952	69804	439281
21100	71222	70091	408721
21100	69991	68964	961792
21100	70308	69234	998965
21100	71179	70034	409894
21100	70562	69410	1001202
21100	70627	69526	437008
21100	70435	69318	1018379
21100	72025	70919	972233
21100	70614	69506	415987
21100	69188	68200	984111
21100	70850	69734	391248
21100	70596	69487	416538
21100	70487	69386	414219
21100	71515	70367	983437
21100	70130	69052	438007
21100	35249	34882	972692
21100	67117	66190	429132
21100	70508	69413	1000879
21100	70478	69354	430866
21100	70635	69605	1016856
21200	70223	69241	423211
21200	69944	68893	412109
21200	65983	65193	427213
21200	70089	69035	965644
21200	70294	69233	1019228
21200	71783	70640	409975
21200	70383	69293	429465
21200	70785	69716	419632
21200	70331	69275	400676
21200	70272	69172	399411
21200	70473	69319	1022070
21200	64393	63575	390569
21200	71435	70308	396132
21200	70968	69885	429024
21200	71755	70598	1010541
21200	70268	69323	438070
21200	70780	69793	996004
21200	71774	70604	972602
21200	70941	69803	961985
21200	63077	62307	1013005
21200	71680	70576	963160
21200	70088	69005	1017700
21200	70397	69311	963603
21200	71161	70093	422990
21200	69720	68696	417314
21200	70361	69316	994941
21200	70583	69554	401223
21200	70591	69563	997276
21200	70191	69173	445159
21200	69403	68444	443886
21200	71149	70053	432739
21200	70079	69000	1013110
21200	70203	69117	1008401
21200	72038	70808	424878
21200	71863	70706	977495
21200	70835	69800	1009137
21200	71694	70597	984772
21200	70966	69920	392849
21200	71039	69958	449517
21200	63445	62597	420272
21200	70568	69497	1013830
21200	70724	69638	970002
21200	70062	69084	969826
21200	71587	70452	418287
21200	71250	70165	1019259
21200	69752	68711	411856
21200	71167	70094	428917
21200	69910	68889	433276
21200	70769	69737	418013
21200	71694	70488	1021051
21300	71919	70746	1018380
21300	71089	70011	436900
21300	70488	69491	431093
21300	69396	68456	410332
21300	71072	70002	967625
21300	72058	70918	981702
21300	71604	70482	1018106
21300	70053	69046	1018508
21300	70359	69322	1012427
21300	63531	62706	1003800
21300	71793	70669	1015630
21300	71596	70470	444791
21300	71126	70039	1009919
21300	71218	70177	968568
21300	71183	70089	1002851
21300	72435	71304	1024361
21300	35512	35147	408111
21300	72205	71145	411383
21300	65142	64234	403798
21300	71689	70600	445410
21300	69993	69005	1005434
21300	71309	70290	995803
21300	71699	70611	440354
21300	71157	70075	394113
21300	71731	70648	991263
21300	70859	69710	982764
21300	71259	70307	988768
21300	64269	63447	399659
21300	70563	69595	411507
21300	71487	70399	992515
21300	69896	68849	446693
21300	72231	71040	453234
21300	70942	69914	437107
21300	70920	69826	1017001
21300	71016	70008	418711
21300	71630	70525	968262
21300	71843	70711	401157
21300	71210	70112	991603
21300	71289	70185	1017218
21300	64565	63713	432407
21300	71475	70298	1009285
21300	71442	70361	404082
21300	71138	70036	427463
21300	68738	67789	428560
21300	69787	68797	977697
21300	71680	70559	414912
21300	71982	70790	429528
21300	70714	69738	395301
21300	70915	69838	409543
21300	71960	70856	442413
21400	71768	70717	973504
21400	71284	70215	991261
21400	72874	71660	408235
21400	72398	71253	400270
21400	70890	69829	1012852
21400	64714	63859	420056
21400	72526	71446	440305
21400	71454	70335	1026377
21400	71896	70803	983906
21400	72191	71103	996374
21400	71212	70089	1007356
21400	71965	70853	446766
21400	70368	69413	1003993
21400	71859	70767	448189
21400	72009	70841	983091
21400	72721	71583	410618
21400	71765	70639	992351
21400	71765	70647	403060
21400	71521	70440	1024788
21400	72462	71332	396765
21400	70308	69292	398613
21400	71082	69981	976124
21400	70885	69822	978117
21400	72104	70983	423373
21400	68761	67852	1012322
21400	72015	70965	1015391
21400	70717	69631	395093
21400	71594	70460	415211
21400	70980	69909	434058
21400	71047	70001	435889
21400	71138	70057	1003436
21400	71316	70213	1033309
21400	71805	70660	407987
21400	71118	70023	429598
21400	71514	70407	429694
21400	70943	69863	1028157
21400	67162	66253	988438
21400	71603	70494	450551
21400	71258	70172	397409
21400	71893	70810	424729
21400	70089	69116	417631
21400	70860	69790	1003694
21400	70895	69815	448469
21400	71028	69923	1028451
21400	70677	69630	417674
21400	70062	69083	393585
21400	70776	69729	1002544
21400	71031	69981	999102
21400	72464	71364	394962
21400	72246	71128	1032513
21500	35993	35593	428152
21500	71747	70647	1030215
21500	71682	70626	417929
21500	71960	70858	983789
21500	71361	70286	410294
21500	71064	70027	982072
21500	72309	71199	417196
21500	65271	64378	1007652
21500	70676	69576	456362
21500	72311	71191	978678
21500	72399	71319	423442
21500	65536	64639	1030049
21500	70977	69934	1023586
21500	71854	70794	400388
21500	72524	71399	1038007
21500	71894	70728	395141
21500	71704	70615	425243
21500	71596	70533	981936
21500	73473	72267	446839
21500	71986	70914	1025659
21500	72431	71294	418577
21500	72047	70965	1028054
21500	71480	70396	1018559
21500	72588	71447	422408
21500	71099	70043	981836
21500	72905	71671	1001124
21500	72598	71446	1022728
21500	72170	71081	996318
21500	72898	71825	451301
21500	71942	70849	976616
21500	72718	71535	408019
21500	71306	70211	451828
21500	71325	70351	1008452
21500	70927	69871	435000
21500	72961	71852	407422
21500	71875	70731	1024918
21500	70820	69815	1002356
21500	71515	70430	455926
21500	70816	69831	1017804
21500	72231	71074	445951
21500	72570	71457	999894
21500	71599	70511	996425
21500	71591	70589	419156
21500	36322	35863	986144
21500	73079	71881	992127
21500	71830	70795	410711
21500	72055	70933	1003440
21500	71156	70061	1002661
21500	70928	69871	1003244
21500	71164	70122	431412
21600	72853	71738	1023961
21600	73603	72424	1038302
21600	73204	72063	1023782
21600	73623	72447	448602
21600	73110	71953	417622
21600	72519	71424	402326
21600	70794	69797	402428
21600	72034	70948	452058
21600	71651	70586	1002218
21600	72697	71571	997956
21600	71950	70886	998682
21600	71890	70867	985193
21600	71951	70895	420145
21600	71734	70673	396092
21600	73663	72432	411283
21600	72155	71059	411549
21600	73013	71856	402615
21600	70070	69162	448565
21600	72964	71833	1034143
21600	72272	71160	1027379
21600	70285	69382	415870
21600	71896	70805	998804
21600	72257	71139	1018593
21600	71312	70258	1012722
21600	70058	69088	454996
21600	73243	72095	401444
21600	72571	71493	1003727
21600	71871	70775	436994
21600	72672	71584	414763
21600	71049	69992	1032691
21600	71668	70561	425150
21600	73555	72406	983519
21600	71668	70653	447840
21600	71757	70712	1035210
21600	72150	71027	436952
21600	70703	69675	424345
21600	69846	68880	445325
21600	72124	70987	1042719
21600	69796	68903	457685
21600	71209	70143	432200
21600	72061	70982	451515
21600	71141	70102	457334
21600	71530	70510	1006876
21600	73741	72488	424910
21600	71984	70921	1008645
21600	72221	71167	1027571
21600	72453	71360	1034691
21600	64754	63885	1018596
21600	72710	71612	400447
21600	72100	71049	996320
21700	71865	70813	1026803
21700	66644	65765	425301
21700	72608	71457	1027711
21700	71936	70837	997930
21700	71289	70289	425190
21700	66367	65504	428430
21700	72851	71709	1022291
21700	72684	71626	993697
21700	72480	71337	1019382
21700	36020	35616	988731
21700	71196	70271	444109
21700	73415	72250	454046
21700	71898	70849	460958
21700	71802	70736	999376
21700	72061	71063	1032005
21700	71914	70842	1033686
21700	72643	71520	1041356
21700	72816	71675	985156
21700	72641	71534	1035160
21700	71815	70759	1005250
21700	72213	71093	999697
21700	73006	71858	988936
21700	72242	71221	447562
21700	72804	71658	417119
21700	72619	71488	457158
21700	70816	69799	1039765
21700	71521	70475	1001413
21700	73205	72066	411279
21700	71983	70956	434667
21700	64687	63893	990793
21700	72040	70970	428555
21700	72188	71149	417714
21700	71917	70810	1039525
21700	72449	71371	434235
21700	65639	64819	458416
21700	72344	71256	1008085
21700	72940	71809	996169
21700	72925	71825	1047281
21700	72062	70960	430209
21700	72930	71885	1004458
21700	73173	72028	459615
21700	72990	71901	447689
21700	71653	70611	446389
21700	72564	71415	453457
21700	72727	71645	1008527
21700	72223	71163	422829
21700	73209	72004	1001901
21700	71825	70739	1032981
21700	72318	71220	992250
21700	73862	72674	425051
21800	72475	71394	1046008
21800	72884	71785	401267
21800	73098	71972	434232
21800	72008	70975	425804
21800	72755	71655	427780
21800	73352	72231	1013310
21800	72061	71001	462576
21800	71969	70941	420325
21800	71750	70682	993584
21800	72890	71778	430913
21800	74677	73462	1028801
21800	72965	71796	1038816
21800	74317	73125	1046045
21800	72384	71298	445071
21800	62978	62275	1037554
21800	72607	71535	437090
21800	71195	70197	1013628
21800	73426	72305	456422
21800	73133	72004	1010701
21800	72241	71159	454604
21800	73287	72146	428708
21800	70851	69933	438256
21800	73864	72709	442021
21800	70266	69296	448224
21800	72357	71322	434900
21800	72598	71482	444636
21800	74268	73094	1052092
21800	72968	71862	1051404
21800	65504	64671	404530
21800	72894	71835	1026181
21800	66102	65316	457946
21800	72275	71221	1034071
21800	73982	72793	1042016
21800	73111	72051	437593
21800	72173	71109	1031119
21800	72656	71594	1017290
21800	73774	72632	426483
21800	72774	71644	457487
21800	34858	34571	402170
21800	73317	72227	1020869
21800	72936	71838	1052340
21800	66664	65791	1003614
21800	72452	71465	1014152
21800	73172	72041	419390
21800	72142	71154	434589
21800	74513	73347	1017094
21800	71789	70745	423609
21800	64037	63241	408920
21800	64954	64156	435368
21800	73628	72431	1051519
21900	73373	72252	1050110
21900	74418	73258	997118
21900	36379	36008	999767
21900	73304	72213	1024540
21900	71963	70888	448537
21900	65340	64490	437566
21900	73955	72793	461507
21900	71129	70108	1018236
21900	66735	65838	1053205
21900	73567	72456	1011786
21900	74608	73434	412624
21900	73815	72639	433304
21900	72084	71039	1020503
21900	73358	72240	1038432
21900	73245	72144	425811
21900	73925	72739	440107
21900	74129	72944	1052794
21900	72727	71596	424338
21900	71939	70906	446221
21900	73062	71917	434156
21900	73156	72043	437133
21900	73548	72355	1006475
21900	72596	71616	1049689
21900	73225	72142	407952
21900	73886	72775	410162
21900	72487	71471	437840
21900	72768	71736	1050367
21900	74308	73210	440616
21900	72989	71907	1041732
21900	65591	64768	418597
21900	73530	72404	1000991
21900	72664	71629	1046542
21900	72993	71917	1027298
21900	74109	72927	441723
21900	66655	65814	402689
21900	73337	72187	1047912
21900	72211	71111	1039599
21900	72471	71294	1026629
21900	65748	64863	1048142
21900	73644	72513	450147
21900	74275	73068	1040679
21900	73308	72171	1040464
21900	73478	72358	433251
21900	36256	35887	402616
21900	74969	73764	407542
21900	73143	72129	1043212
21900	66290	65427	450456
21900	73598	72526	1008545
21900	72719	71658	1036160
21900	73297	72188	993655
22000	74008	72799	453140
22000	71529	70541	1026952
22000	73018	71885	436617
22000	73999	72901	451791
22000	73182	72101	1044232
22000	73091	72046	433142
22000	73210	72145	1042947
22000	74528	73316	1034501
22000	73985	72917	448476
22000	72379	71304	1030686
22000	72881	71799	439332
22000	72691	71632	441169
22000	72637	71533	439533
22000	73446	72407	1008951
22000	73581	72440	432085
22000	66683	65705	414636
22000	73316	72209	1040507
22000	73520	72414	1012962
22000	73131	72033	1053019
22000	72737	71678	1006186
22000	71729	70700	1026342
22000	74147	73062	440968
22000	72382	71359	432573
22000	72875	71834	406036
22000	73910	72796	1027049
22000	73761	72641	1055636
22000	72875	71825	1059447
22000	73716	72612	449431
22000	73948	72786	1008119
22000	66033	65162	460836
22000	64175	63444	1012356
22000	73888	72783	468290
22000	36674	36290	1002593
22000	73601	72404	441528
22000	36513	36146	1046778
22000	73651	72517	431723
22000	74390	73213	428582
22000	74008	72852	414107
22000	72078	71069	1034557
22000	74390	73153	440560
22000	73544	72428	1049401
22000	70513	69603	1042588
22000	74032	72863	419076
22000	73948	72841	1027291
22000	72595	71491	460259
22000	74440	73299	454948
22000	73723	72630	1031954
22000	73961	72804	425578
22000	72922	71879	1018890
22000	73318	72210	464528
22100	74285	73171	1050925
22100	74208	73124	1018750
22100	74630	73409	1053607
22100	73643	72530	439322
22100	75309	74122	424482
22100	74114	72980	1062174
22100	73501	72425	1067988
22100	73182	72088	1042547
22100	71920	70888	442869
22100	74141	73002	1025956
22100	72997	71924	416848
22100	37257	36846	1016939
22100	74537	73358	1037378
22100	73592	72498	407036
22100	73646	72569	1037024
22100	73237	72160	1040194
22100	74312	73130	1035531
22100	73319	72240	1005547
22100	73135	72097	1002113
22100	73790	72679	442209
22100	72765	71687	1032548
22100	74185	72980	1025763
22100	73540	72404	1023424
22100	74392	73328	1066781
22100	72608	71493	432190
22100	72723	71668	1061351
22100	73825	72793	1011328
22100	72558	71569	415532
22100	29373	29244	408916
22100	73940	72901	1062109
22100	36465	36092	1047355
22100	73343	72265	435959
22100	74148	73007	430630
22100	71299	70295	434845
22100	74103	72982	1060585
22100	73722	72578	467166
22100	74479	73310	1046625
22100	73842	72779	436570
22100	74469	73278	459011
22100	66687	65799	1036407
22100	66616	65744	1058854
22100	75358	74158	416961
22100	74680	73473	454181
22100	67430	66522	1006378
22100	74248	73055	1065285
22100	74031	72837	1067703
22100	66490	65602	1044256
22100	65952	65100	1037116
22100	73979	72875	450551
22100	74242	73118	416341
22200	71724	70817	1033313
22200	75090	73898	1062529
22200	74949	73883	1051225
22200	75112	73996	1040363
22200	66812	65900	1024754
22200	75822	74662	1023031
22200	74528	73376	1050734
22200	74747	73655	441226
22200	73141	72041	454732
22200	74744	73562	440467
22200	75070	73873	412229
22200	74059	72902	1052267
22200	70044	69139	417241
22200	73203	72084	448147
22200	73509	72410	1023316
22200	73629	72489	1042015
22200	71368	70401	1026866
22200	74517	73412	428152
22200	72443	71423	1027466
22200	74514	73350	409222
22200	36495	36130	1025567
22200	75526	74359	472439
22200	37047	36632	1021923
22200	74342	73161	440321
22200	73263	72196	466250
22200	73640	72471	469805
22200	74234	73134	444865
22200	73873	72792	412806
22200	74303	73206	443826
22200	73269	72267	417271
22200	74848	73660	449952
22200	73771	72646	1021826
22200	67083	66187	410199
22200	74289	73193	413558
22200	73535	72424	418444
22200	73706	72708	1049628
22200	73937	72829	1052902
22200	71706	70688	1015047
22200	72863	71821	415691
22200	73582	72536	1037813
22200	73619	72605	1040725
22200	74356	73259	1037548
22200	73258	72194	410459
22200	73850	72672	1047430
22200	74593	73477	1069996
22200	73753	72615	455460
22200	74967	73807	440894
22200	73869	72783	451318
22200	73656	72626	420450
22200	37356	36911	1018669
22300	75179	74069	1037417
22300	73783	72809	1023656
22300	74433	73377	409055
22300	74927	73837	1023196
22300	74906	73714	1048121
22300	76419	75268	1016813
22300	74313	73186	1069400
22300	75071	73906	1046584
22300	74453	73379	1057879
22300	74113	73002	1013249
22300	75406	74245	1069040
22300	73660	72608	456584
22300	74501	73397	418093
22300	74036	72919	1039196
22300	74218	73069	1049538
22300	74870	73715	1068130
22300	74171	73058	440531
22300	74503	73329	443015
22300	75532	74415	1053572
22300	74699	73561	457161
22300	74882	73723	410773
22300	72119	71179	443125
22300	74821	73675	1071252
22300	74124	73086	1060355
22300	75855	74703	1076965
22300	74056	72908	1038620
22300	75052	73985	1054141
22300	75041	73919	1034675
22300	75907	74673	444807
22300	75151	74014	1056622
22300	74354	73224	423242
22300	75079	73935	1075737
22300	74641	73512	1033749
22300	75117	73958	427308
22300	74704	73556	414029
22300	73620	72657	1071487
22300	75806	74596	464167
22300	75250	74075	431663
22300	74531	73398	413485
22300	73214	72127	418077
22300	74759	73621	1015314
22300	75471	74358	1011710
22300	74957	73764	420980
22300	74788	73584	1047250
22300	37723	37274	1016873
22300	73297	72233	1060879
22300	73864	72801	472172
22300	75410	74232	1061561
22300	73583	72495	429093
22300	65814	64991	473050
22400	68063	67151	428464
22400	75896	74679	455388
22400	74164	73026	1044147
22400	74585	73483	1044351
22400	74927	73743	441248
22400	74566	73475	1062605
22400	74581	73471	1068424
22400	37483	37087	421077
22400	74926	73832	419362
22400	75839	74697	1069838
22400	73290	72254	1072768
22400	75541	74385	431366
22400	74644	73640	1021494
22400	74905	73776	1038888
22400	73083	72173	462697
22400	73636	72611	1069391
22400	74653	73541	469093
22400	73904	72814	1041965
22400	74656	73552	1070110
22400	75535	74384	460240
22400	37414	37025	476050
22400	74387	73232	438292
22400	68103	67205	453892
22400	75207	74026	1071242
22400	29892	29752	1082581
22400	75148	74019	437774
22400	75271	74073	1045984
22400	74698	73542	413836
22400	76138	74958	445784
22400	75376	74210	1058722
22400	73445	72431	433167
22400	74201	73115	1019294
22400	75050	73922	1025969
22400	74385	73272	1031598
22400	74246	73146	463276
22400	76862	75655	1045573
22400	74459	73299	416131
22400	66922	66104	1058406
22400	67366	66458	1023390
22400	75166	74066	1034902
22400	74299	73128	432293
22400	66672	65884	418082
22400	76217	75072	1032375
22400	75102	73924	1043701
22400	75846	74660	477243
22400	74974	73834	1041409
22400	74738	73613	1063465
22400	74156	73073	1034324
22400	73548	72484	1050569
22400	74322	73252	463271
22500	75207	74131	1043483
22500	74206	73066	416326
22500	75778	74608	466184
22500	73924	72824	1061567
22500	74945	73864	464850
22500	75897	74675	434489
22500	76144	75013	1037631
22500	74244	73159	1087373
22500	75732	74535	458497
22500	75627	74466	440511
22500	75910	74711	1034926
22500	75517	74382	423153
22500	75217	74127	1050915
22500	74856	73719	1035027
22500	75508	74332	1020583
22500	73365	72356	1020481
22500	76013	74819	453943
22500	37269	36900	437061
22500	75477	74311	465485
22500	74451	73379	1022256
22500	74809	73680	1032559
22500	73788	72736	461617
22500	75463	74324	468370
22500	74968	73921	1036002
22500	76744	75517	454117
22500	76143	75014	460019
22500	74427	73407	1029257
22500	74990	73870	474078
22500	75492	74345	434700
22500	74857	73698	479528
22500	75090	74004	1057179
22500	76248	75062	466927
22500	73490	72447	1058446
22500	74837	73748	1062675
22500	76127	74932	434925
22500	72244	71263	441741
22500	75481	74358	1024219
22500	75184	74016	425977
22500	75457	74303	454557
22500	75165	74058	1045575
22500	75492	74367	1085862
22500	74543	73502	458963
22500	76020	74850	433860
22500	75744	74582	1049117
22500	66910	66147	414689
22500	74882	73706	1028721
22500	76087	74934	426578
22500	37473	37088	442700
22500	67061	66227	423506
22500	75990	74878	479834
22600	76017	74838	464610
22600	74289	73256	1078596
22600	68444	67543	465392
22600	76154	75038	478907
22600	73765	72722	1029039
22600	75545	74428	442251
22600	75014	73933	477924
22600	75971	74858	426049
22600	75546	74417	1088003
22600	75602	74456	471964
22600	75027	73852	468053
22600	77048	75774	434043
22600	76019	74844	415550
22600	73572	72568	1041710
22600	76910	75726	461076
22600	67161	66329	417615
22600	75525	74344	1046113
22600	75877	74675	1073535
22600	37837	37439	424959
22600	75977	74824	459260
22600	75511	74342	433244
22600	36101	35820	1040649
22600	76009	74853	459374
22600	76882	75664	472149
22600	76212	75089	434795
22600	75972	74824	1059113
22600	75227	74121	440492
22600	74786	73776	441818
22600	74625	73566	455232
22600	74118	73014	1059171
22600	76177	74910	1038296
22600	75456	74359	1026902
22600	74922	73792	1088506
22600	67719	66910	429637
22600	75069	74005	1083440
22600	75621	74466	1060880
22600	75321	74189	1086675
22600	75566	74384	417486
22600	75801	74632	440363
22600	77237	76044	1025844
22600	75793	74674	1056916
22600	67921	67027	480308
22600	73895	72798	1073949
22600	75708	74571	477029
22600	74891	73844	1059597
22600	75377	74271	418682
22600	76011	74887	473270
22600	74242	73202	1055427
22600	76225	75052	421532
22600	75535	74403	440564
22700	75291	74118	454172
22700	75231	74096	432921
22700	74273	73198	430040
22700	76460	75293	1081013
22700	76723	75553	484041
22700	76062	74906	1056351
22700	75197	74065	483827
22700	68507	67663	1036367
22700	74650	73536	1094326
22700	75521	74407	1051214
22700	76103	74997	1029794
22700	76395	75238	453224
22700	75879	74763	473191
22700	75886	74711	425642
22700	75969	74892	437669
22700	75157	74071	1038455
22700	76491	75347	458095
22700	76518	75291	447357
22700	74966	73845	440916
22700	76042	74895	1074960
22700	74997	73894	445452
22700	76834	75618	1087444
22700	37884	37505	479274
22700	75489	74341	1060959
22700	75722	74630	434343
22700	73618	72605	1031503
22700	76264	75028	431069
22700	68188	67354	1061410
22700	76347	75122	1059904
22700	75831	74760	1050323
22700	76855	75607	460835
22700	74077	73056	451574
22700	76813	75617	435438
22700	76515	75399	1077767
22700	75366	74299	436516
22700	75294	74161	1030550
22700	76650	75509	458365
22700	74807	73726	1049460
22700	74704	73628	1040296
22700	66926	66111	1061942
22700	74944	73893	444552
22700	75252	74165	1071524
22700	76371	75201	484019
22700	75931	74817	464745
22700	75290	74172	436649
22700	73681	72690	451835
22700	77147	76015	1044998
22700	74731	73633	1067089
22700	68831	67908	1039887
22700	76086	74878	1048546
22800	75227	74194	470595
22800	75552	74451	459978
22800	76721	75491	455183
22800	74731	73719	473617
22800	74942	73870	428216
22800	76825	75654	1054366
22800	74322	73256	1066564
22800	76142	74919	453088
22800	69827	68885	464281
22800	75119	73994	428257
22800	76180	75036	1066454
22800	76627	75408	1046497
22800	76880	75704	1041242
22800	75139	74043	1040706
22800	77502	76343	467346
22800	75408	74305	461723
22800	76344	75228	448991
22800	76391	75285	1051687
22800	75327	74242	477843
22800	75631	74524	1059242
22800	76063	74931	430772
22800	76513	75374	1073671
22800	76486	75299	467768
22800	76997	75813	1087457
22800	75814	74589	1033992
22800	76798	75626	1095054
22800	76153	75023	1087625
22800	76166	75014	1093688
22800	75984	74862	484714
22800	76404	75279	1095032
22800	74929	73906	429324
22800	76462	75359	481094
22800	77179	75949	1095050
22800	76517	75304	1100038
22800	67120	66305	437851
22800	77063	75947	1101435
22800	76729	75517	1085356
22800	76993	75819	1093438
22800	76856	75764	426798
22800	77072	75970	1101678
22800	76438	75261	1094614
22800	76163	75026	1042207
22800	76741	75529	426737
22800	74528	73489	1087619
22800	75633	74513	1039821
22800	75179	74119	1054858
22800	77035	75845	471300
22800	75390	74260	1089515
22800	76113	74902	419796
22800	76362	75254	1062808
22900	75439	74346	1083091
22900	76363	75268	1086211
22900	72511	71598	463466
22900	77559	76369	458542
22900	74054	73188	1055996
22900	76926	75817	453830
22900	76779	75543	1086285
22900	76270	75169	1084916
22900	76048	74944	1069742
22900	76614	75409	478340
22900	78441	77171	471407
22900	76087	74956	1094096
22900	75761	74703	1100462
22900	76200	75101	428486
22900	76942	75836	1084112
22900	76380	75256	430260
22900	77578	76316	432087
22900	76176	75132	1104992
22900	76702	75561	1077171
22900	77221	76035	1073272
22900	77050	75839	1102621
22900	76551	75447	1083264
22900	76660	75566	1059316
22900	76787	75629	447106
22900	76087	75054	464441
22900	76793	75621	451720
22900	75583	74550	466685
22900	77960	76731	1043507
22900	75981	74849	1100471
22900	76380	75201	483033
22900	75734	74568	1106064
22900	75578	74598	1075991
22900	76574	75463	1097175
22900	75617	74511	468988
22900	76068	74892	1054284
22900	76658	75563	1066610
22900	75854	74798	1068911
22900	77424	76270	422743
22900	76193	75103	1096143
22900	77012	75850	1063631
22900	78337	77121	1049518
22900	76612	75467	429417
22900	76834	75754	440467
22900	76403	75346	1078249
22900	76681	75562	443655
22900	76866	75763	1105772
22900	76924	75758	1100199
22900	77801	76590	428268
22900	76173	75083	1087465
22900	75820	74669	461701
23000	77976	76780	481148
23000	76244	75147	447006
23000	77222	76067	1081134
23000	76024	74936	427275
23000	75966	74928	475985
23000	68962	68103	1059671
23000	77755	76600	1071116
23000	77135	75981	427866
23000	74832	73806	1093047
23000	76709	75600	1061145
23000	75301	74267	1100477
23000	74376	73384	1078112
23000	77336	76153	445892
23000	76414	75298	1106245
23000	77378	76174	1066813
23000	77703	76512	450359
23000	76167	75012	1080578
23000	76383	75308	436566
23000	69796	68856	1047788
23000	77771	76590	1049547
23000	77516	76310	443951
23000	76199	75024	436414
23000	76466	75357	1079744
23000	76884	75647	480380
23000	64766	64128	487939
23000	76840	75716	468832
23000	74666	73649	443020
23000	76676	75578	1082143
23000	75995	74879	448630
23000	77335	76124	456189
23000	76591	75498	1070531
23000	75674	74606	1100114
23000	77167	75950	1052015
23000	76200	75102	446562
23000	77467	76294	451957
23000	77774	76604	423261
23000	75406	74295	483369
23000	68315	67575	1063540
23000	77254	76093	445506
23000	75622	74525	465592
23000	76020	74896	1067626
23000	75916	74930	444804
23000	78222	76979	1082697
23000	76334	75232	1065190
23000	76743	75638	423726
23000	76295	75246	439295
23000	76197	75095	424179
23000	77770	76531	1106099
23000	76699	75484	421874
23000	68280	67422	466647
23100	76457	75323	1116064
23100	77298	76162	1110092
23100	77500	76330	1088209
23100	77380	76194	1068076
23100	72526	71595	1079985
23100	77695	76532	1056840
23100	77817	76601	445203
23100	77494	76333	444624
23100	76447	75255	468982
23100	76580	75531	459687
23100	77687	76509	481541
23100	78946	77717	438604
23100	38565	38154	425587
23100	78149	76933	426061
23100	76652	75525	1052371
23100	76647	75540	428969
23100	77914	76762	458623
23100	76178	75115	480607
23100	77967	76737	485998
23100	38597	38210	1075696
23100	76653	75542	1100849
23100	76369	75267	432065
23100	75586	74534	435738
23100	75568	74493	436105
23100	76598	75585	457399
23100	75648	74666	1110576
23100	74449	73459	1093748
23100	75489	74407	1098434
23100	76728	75651	1054578
23100	76037	75062	429141
23100	68886	68046	425250
23100	75452	74475	424078
23100	75452	74444	470829
23100	77847	76611	1060374
23100	77292	76211	490311
23100	38553	38108	458234
23100	77742	76549	446184
23100	76073	74929	482834
23100	69166	68229	442439
23100	77116	75941	469252
23100	76516	75441	1095734
23100	77176	75962	1100549
23100	77463	76314	1060722
23100	76719	75661	1108106
23100	76807	75668	473008
23100	77605	76460	1091328
23100	77107	75967	479809
23100	78437	77319	426087
23100	75905	74866	465608
23100	77087	75995	1081033
23200	77393	76266	1113391
23200	68695	67893	456569
23200	78557	77367	446496
23200	76905	75830	1089098
23200	75729	74693	456294
23200	75519	74478	1120350
23200	77500	76302	1054044
23200	78278	77090	494251
23200	79251	78062	441099
23200	76694	75613	426489
23200	78966	77826	1120338
23200	75253	74170	1110169
23200	77902	76738	436699
23200	78224	77088	1101285
23200	77009	75900	444465
23200	77648	76537	432215
23200	77889	76688	491785
23200	76454	75363	455883
23200	70122	69200	1109243
23200	77302	76228	1073857
23200	77257	76178	455234
23200	78247	77030	485146
23200	75482	74461	457850
23200	77287	76101	474662
23200	77839	76657	1053901
23200	77472	76269	1104575
23200	77261	76090	458133
23200	77955	76766	1095914
23200	77070	75977	1053716
23200	77573	76390	453565
23200	76811	75747	1061503
23200	38459	38074	1103278
23200	70466	69560	463246
23200	77714	76558	1115453
23200	76807	75742	1105026
23200	77775	76601	462266
23200	69865	68978	1064189
23200	77447	76242	490831
23200	78543	77355	438631
23200	77442	76320	465841
23200	77207	76108	1100814
23200	76784	75624	1068795
23200	77171	76036	427570
23200	78004	76832	1076631
23200	77654	76510	432301
23200	76406	75343	1077417
23200	77377	76209	1059589
23200	76930	75761	466739
23200	77666	76507	1076880
23200	38737	38337	466494
23300	77672	76611	481207
23300	76891	75753	440869
23300	78187	77052	493194
23300	78718	77543	442475
23300	78320	77098	485542
23300	79059	77807	487819
23300	78518	77285	1068790
23300	77543	76393	1106066
23300	77163	76021	1076599
23300	78320	77106	1097347
23300	78533	77358	1109292
23300	79203	78043	444123
23300	78816	77574	1087026
23300	79362	78041	433350
23300	79074	77900	1102769
23300	75756	74763	446716
23300	77262	76155	433484
23300	76492	75429	449561
23300	77004	75889	432356
23300	78722	77549	1074535
23300	73180	72163	440171
23300	78594	77383	452395
23300	77309	76119	1091389
23300	77933	76707	1097254
23300	77705	76518	1121714
23300	77525	76365	1092284
23300	77889	76687	466067
23300	76804	75756	1111049
23300	77518	76377	1075667
23300	78222	77067	480140
23300	77671	76568	1119031
23300	78519	77364	1074339
23300	78434	77241	428159
23300	77973	76874	474255
23300	69547	68706	1121722
23300	77787	76651	485596
23300	78012	76749	431149
23300	77340	76226	438757
23300	78710	77553	479790
23300	77712	76583	487674
23300	76149	75094	470739
23300	78338	77158	1061005
23300	77086	75952	458036
23300	77867	76680	1073900
23300	75092	74133	1078055
23300	77461	76367	430172
23300	77660	76419	1074763
23300	77448	76307	1120808
23300	76775	75700	438140
23300	78124	76911	466935
23400	76991	75968	1065754
23400	76533	75441	458496
23400	78932	77713	1121835
23400	78097	76989	1061861
23400	78235	77100	1069406
23400	76155	75115	454947
23400	78382	77209	1104153
23400	68002	67233	1122631
23400	77685	76531	471157
23400	78426	77269	1114882
23400	77816	76658	1086843
23400	77477	76340	1124597
23400	77752	76662	1085341
23400	78939	77744	1096764
23400	77765	76693	444606
23400	78562	77456	1096263
23400	79846	78644	489874
23400	79081	77918	1065774
23400	76914	75789	451096
23400	76822	75721	460407
23400	77969	76861	481522
23400	77639	76617	467327
23400	77951	76774	1094199
23400	78074	76926	1127705
23400	78829	77605	495211
23400	77738	76576	438796
23400	78670	77521	497972
23400	78571	77399	459582
23400	38421	38074	458171
23400	78535	77373	1120599
23400	76850	75790	1103927
23400	77421	76296	1069225
23400	77154	76124	1063887
23400	77786	76630	448205
23400	78225	77141	1095531
23400	79045	77818	443199
23400	77681	76600	469690
23400	77908	76697	1112172
23400	78995	77750	1117268
23400	73798	72780	485371
23400	78280	77182	433728
23400	77556	76396	1104767
23400	79221	78042	498442
23400	78542	77347	1096747
23400	77769	76595	1061732
23400	78006	76860	1087637
23400	77494	76334	433657
23400	79018	77842	1068906
23400	78511	77374	1126622
23400	78484	77258	1122030
23500	69605	68794	1082323
23500	78945	77753	1074862
23500	78784	77615	1123040
23500	79512	78247	1098704
23500	77846	76785	490333
23500	79466	78288	1093870
23500	68758	67998	456739
23500	70988	70127	451407
23500	79084	77865	1118172
23500	79423	78170	1076838
23500	78706	77521	467527
23500	78694	77524	493999
23500	75942	74921	485593
23500	79412	78211	466206
23500	79092	77885	447083
23500	38562	38190	1076565
23500	77654	76556	493461
23500	76978	75848	479649
23500	79855	78613	467263
23500	77440	76415	481806
23500	78505	77379	434275
23500	78512	77356	465018
23500	78915	77747	1100222
23500	39858	39382	1065375
23500	77746	76699	1085876
23500	77160	76140	459367
23500	78284	77175	465768
23500	76597	75542	1121376
23500	78044	76912	1114472
23500	79367	78179	483434
23500	80334	79034	1120617
23500	77855	76787	461576
23500	79191	77943	1085426
23500	79192	77972	1131525
23500	78559	77357	464402
23500	79126	77938	446781
23500	78136	77054	432672
23500	77085	75983	1110655
23500	79087	77911	454765
23500	76304	75319	488918
23500	77897	76760	438646
23500	78289	77177	476271
23500	79017	77830	498225
23500	77719	76628	1110388
23500	78649	77476	482707
23500	78912	77802	1127361
23500	76209	75202	1071751
23500	78518	77335	1105888
23500	79508	78291	465763
23500	79236	78010	1091894
23600	78283	77157	471578
23600	79207	78048	432992
23600	77113	76050	1136399
23600	79543	78389	455651
23600	72263	71306	462118
23600	79703	78555	1136748
23600	80187	78983	1077786
23600	71472	70534	1139174
23600	79689	78532	1120331
23600	78503	77306	442448
23600	68968	68191	1071232
23600	79625	78387	479660
23600	80360	79133	451595
23600	78950	77737	1104506
23600	79009	77849	1080063
23600	77751	76692	474976
23600	75916	74894	467952
23600	78490	77354	1093299
23600	77555	76489	498170
23600	71464	70573	450208
23600	79509	78341	496165
23600	78278	77175	1079093
23600	70401	69555	500391
23600	78252	77136	1110088
23600	79453	78271	457464
23600	69755	68943	503120
23600	78071	76912	1084279
23600	77977	76904	1103894
23600	79802	78598	1105875
23600	78773	77623	1129974
23600	78943	77772	1099348
23600	79813	78620	1111694
23600	78840	77589	1090683
23600	71712	70704	1125665
23600	79058	77877	434915
23600	79107	77908	1088258
23600	80308	79094	1103365
23600	79080	77935	449216
23600	78408	77274	455612
23600	78003	76936	1095571
23600	39455	39027	460958
23600	78266	77095	1133813
23600	80257	79073	1133581
23600	79739	78569	467256
23600	79352	78157	457034
23600	79160	78078	465162
23600	79411	78211	442910
23600	78482	77325	501819
23600	68565	67799	1113712
23600	79781	78580	478883
23700	77978	76882	1090830
23700	71945	71028	1108632
23700	77655	76641	436716
23700	80089	78928	473383
23700	79314	78128	455857
23700	79337	78126	1122461
23700	71407	70506	464526
23700	80542	79332	499802
23700	79809	78652	463562
23700	78418	77308	437296
23700	78887	77718	496559
23700	80217	79017	1099181
23700	77053	75911	491105
23700	77569	76477	1141681
23700	79496	78292	1124039
23700	78775	77642	470081
23700	79186	78058	472164
23700	80158	78940	449890
23700	76752	75728	1139807
23700	78782	77626	442740
23700	80110	78879	1124581
23700	78852	77773	1136844
23700	78557	77440	457241
23700	81251	79979	445606
23700	79831	78673	453383
23700	79116	77951	1086006
23700	78723	77583	478045
23700	79699	78485	1101201
23700	80476	79241	448999
23700	78997	77864	441407
23700	79339	78141	1135079
23700	79530	78289	504593
23700	79350	78140	1116749
23700	80413	79202	490300
23700	79846	78661	499481
23700	77361	76269	501157
23700	77790	76664	483263
23700	79353	78178	466695
23700	78646	77486	1136175
23700	37727	37431	500651
23700	79941	78750	1114079
23700	79693	78586	1133903
23700	78810	77628	1105385
23700	76940	75925	1119163
23700	80234	79026	446794
23700	78078	76938	1091884
23700	80868	79638	1130990
23700	79116	77938	1135620
23700	79044	77864	1112701
23700	80251	79079	480555
23800	79037	77863	479487
23800	79212	78058	1135306
23800	79566	78419	1098525
23800	80129	78979	498524
23800	69212	68411	505880
23800	79152	78043	1100963
23800	79719	78567	507676
23800	79557	78341	1090843
23800	79927	78707	1086097
23800	76585	75589	461071
23800	80408	79185	1080375
23800	78853	77676	440617
23800	78144	77054	1120059
23800	79197	78008	456518
23800	79912	78671	452033
23800	78262	77121	455507
23800	39435	39028	440418
23800	79966	78770	1118312
23800	78591	77506	1142960
23800	80276	79037	1125920
23800	81510	80189	1134693
23800	80082	78889	1129176
23800	79529	78332	1144698
23800	79630	78527	1125095
23800	80287	79049	460616
23800	77758	76729	472855
23800	76428	75479	437378
23800	72016	71105	1146835
23800	78707	77557	1141783
23800	77925	76837	1095381
23800	79628	78516	1080754
23800	78124	77005	1138682
23800	78620	77514	481518
23800	80605	79396	482627
23800	40045	39636	1099119
23800	79019	77896	445129
23800	78957	77808	1144221
23800	40366	39938	441899
23800	79686	78436	1147765
23800	79697	78649	464916
23800	77771	76735	475786
23800	79443	78298	469631
23800	77716	76617	505936
23800	78215	77171	1148315
23800	81354	80086	436620
23800	79105	77936	483658
23800	78121	76965	1129915
23800	79317	78196	1099034
23800	78939	77816	1137812
23800	79978	78768	1109965
23900	80071	78840	1103397
23900	80408	79212	1113578
23900	80362	79080	1131732
23900	80163	78953	476466
23900	79735	78465	1119936
23900	80170	78876	452217
23900	79135	78030	462884
23900	79897	78700	490049
23900	79852	78697	1085410
23900	79476	78299	464752
23900	79664	78551	1151250
23900	79684	78591	1126439
23900	80628	79347	498702
23900	80411	79187	1119446
23900	79812	78628	500639
23900	81239	80050	453585
23900	79439	78268	1154944
23900	80261	79126	1147536
23900	80354	79211	1151031
23900	79928	78744	1098043
23900	80671	79484	449887
23900	79792	78688	469695
23900	81135	79917	459226
23900	80277	79038	438651
23900	80232	79070	1090406
23900	79954	78778	448498
23900	79211	78061	1089271
23900	79992	78848	446375
23900	79666	78447	457928
23900	80207	79032	1090222
23900	79285	78123	1103219
23900	81001	79766	1144548
23900	78508	77435	1130072
23900	80309	79095	483929
23900	80736	79508	1118148
23900	80485	79342	506497
23900	80394	79225	476014
23900	79959	78830	1123810
23900	72097	71197	468992
23900	80136	78884	452116
23900	79965	78811	470383
23900	80644	79471	485048
23900	80080	78934	496899
23900	80619	79409	478238
23900	79127	78053	505088
23900	78085	77006	1106666
23900	80203	79022	1118611
23900	80700	79542	1132309
23900	78348	77237	449353
23900	79433	78238	498792
24000	79682	78515	1112957
24000	80723	79557	444929
24000	78582	77477	1155285
24000	80292	79097	502092
24000	79305	78216	1105187
24000	80587	79343	1127339
24000	78642	77630	495769
24000	81117	79852	482852
24000	79337	78291	1128197
24000	79755	78678	496844
24000	81008	79782	1140059
24000	79872	78710	1149809
24000	79253	78123	1150708
24000	40102	39678	1152626
24000	79891	78750	489220
24000	79551	78411	1144492
24000	79516	78312	492335
24000	79781	78588	1124516
24000	80972	79737	488091
24000	80796	79581	1093266
24000	79802	78618	1159039
24000	80535	79345	452499
24000	79839	78719	458235
24000	78879	77700	1114193
24000	80657	79492	1142759
24000	80136	78939	506302
24000	80059	78906	1128198
24000	79706	78524	447350
24000	80398	79262	1096588
24000	80213	79089	500137
24000	80617	79436	1095657
24000	80705	79508	451914
24000	79670	78605	1130682
24000	79937	78765	1112800
24000	81498	80232	1146110
24000	81141	79932	458641
24000	80747	79561	443131
24000	81105	79896	495728
24000	81532	80271	1147794
24000	79234	78159	1144169
24000	79821	78721	1113974
24000	81230	80033	1114256
24000	79911	78759	460771
24000	80149	78953	502097
24000	78625	77541	451747
24000	77334	76284	1135228
24000	77889	76836	1100303
24000	71506	70616	1103248
24000	79448	78298	471970
24000	80472	79334	458280
24100	80128	78968	1121847
24100	81194	80064	447213
24100	80408	79275	444759
24100	81084	79885	469722
24100	79454	78261	1121718
24100	78653	77572	1145625
24100	80993	79818	1132666
24100	80097	79006	1125435
24100	81295	80113	1133840
24100	79743	78612	489007
24100	39950	39567	1116517
24100	81024	79865	1144636
24100	81266	80036	468116
24100	79890	78743	499225
24100	80570	79387	450749
24100	79312	78150	1100083
24100	81120	79880	1113286
24100	80473	79360	1138044
24100	78009	76944	1159994
24100	80910	79728	452834
24100	81643	80425	1121104
24100	80294	79146	1101566
24100	79565	78480	459563
24100	80969	79817	1104855
24100	79801	78658	1120002
24100	81655	80407	506650
24100	79280	78175	513253
24100	72625	71663	487870
24100	79179	78041	1109710
24100	79297	78184	1150503
24100	80576	79405	506739
24100	80157	78966	482626
24100	80038	78863	1098520
24100	80343	79185	485182
24100	80966	79808	487046
24100	80642	79519	1144857
24100	79662	78497	494245
24100	80897	79747	1120952
24100	80632	79472	1122829
24100	78122	77121	467375
24100	81337	80192	451396
24100	81129	79963	1151838
24100	80574	79448	462008
24100	81042	79851	510675
24100	81247	80015	512484
24100	81319	80060	1131602
24100	81266	79987	1142344
24100	80828	79674	508128
24100	80672	79427	1128191
24100	80769	79588	490543
24200	81211	79997	1167518
24200	72787	71886	1123343
24200	80684	79524	1125841
24200	80290	79152	1163762
24200	81144	79933	479603
24200	79075	77999	476228
24200	81617	80356	1110333
24200	83082	81769	1124885
24200	81057	79904	484184
24200	81610	80377	454120
24200	79848	78752	1157738
24200	82365	81174	512215
24200	79747	78561	489107
24200	81612	80415	1119343
24200	81293	80098	1111834
24200	81763	80558	468960
24200	81896	80656	1150763
24200	81385	80220	1099247
24200	78745	77659	1117960
24200	81190	79959	492898
24200	81612	80360	1137852
24200	79680	78585	509661
24200	80486	79374	513232
24200	81684	80449	491007
24200	79928	78873	1126749
24200	80896	79754	514903
24200	82341	81134	444360
24200	81957	80677	1126493
24200	79676	78558	510184
24200	78493	77462	1117296
24200	80138	79025	1148997
24200	81128	79939	511999
24200	80010	78936	1139402
24200	81378	80155	1110356
24200	78286	77331	1135431
24200	80713	79497	1141379
24200	80601	79487	467396
24200	80730	79548	446663
24200	81371	80176	451262
24200	81289	80128	1131549
24200	81277	80049	1144436
24200	80366	79250	503517
24200	81186	80000	1154518
24200	81640	80392	492598
24200	81900	80675	1106738
24200	80817	79695	1102540
24200	81428	80222	1117664
24200	79089	78055	1113920
24200	81263	80061	1114270
24200	80553	79370	1097841
24300	82426	81179	1158493
24300	70742	69967	1132063
24300	79157	78155	475846
24300	80929	79784	1132969
24300	80471	79376	501735
24300	81340	80131	1158900
24300	77300	76307	490119
24300	80974	79802	516708
24300	81811	80625	1133680
24300	81115	79901	502961
24300	80959	79809	488582
24300	80931	79769	497517
24300	80930	79753	1171661
24300	82469	81195	492801
24300	40607	40181	516604
24300	78967	77865	481314
24300	82218	81173	1163186
24300	79942	78793	1131507
24300	82005	80788	515991
24300	81385	80235	499758
24300	80443	79365	1152514
24300	79568	78550	1169325
24300	72339	71447	1134207
24300	81141	80033	491682
24300	40491	40051	477803
24300	81017	79877	515763
24300	80256	79117	1134133
24300	81297	80072	481905
24300	81614	80381	488490
24300	77136	76146	514540
24300	80853	79695	468850
24300	79792	78705	456909
24300	80854	79729	1108110
24300	80919	79771	484994
24300	80615	79488	491418
24300	81539	80399	509789
24300	76640	75597	1147618
24300	80711	79532	497344
24300	74410	73408	1151135
24300	81623	80387	446600
24300	81807	80558	1158130
24300	80514	79360	456404
24300	81310	80090	470200
24300	78507	77544	1110279
24300	81413	80248	503443
24300	80668	79504	1141761
24300	82110	80939	1139861
24300	80861	79723	466314
24300	80769	79548	1113153
24300	80378	79268	1174361
24400	81503	80309	473431
24400	81018	79893	1131543
24400	81261	80141	509392
24400	80748	79599	1169599
24400	82187	80989	491650
24400	82417	81144	1136790
24400	82555	81371	495485
24400	81454	80238	1167266
24400	80840	79710	474318
24400	81725	80550	467454
24400	73093	72245	453513
24400	78895	77842	1108746
24400	81740	80595	1120926
24400	82405	81239	511262
24400	73887	72989	499162
24400	82595	81324	1114774
24400	40247	39885	483855
24400	81454	80344	454191
24400	81645	80410	1159762
24400	81928	80753	1132323
24400	81112	79943	507271
24400	81301	80132	1155175
24400	81607	80472	1118227
24400	81190	80002	474382
24400	40434	40032	1107089
24400	72350	71442	1156355
24400	81982	80837	1122336
24400	80319	79270	455121
24400	81007	79878	516284
24400	81302	80114	477247
24400	80589	79439	513541
24400	80636	79469	1142064
24400	81744	80503	447987
24400	80995	79823	1169979
24400	81038	79920	448994
24400	80966	79815	484717
24400	81159	80004	1122493
24400	81082	79961	1148698
24400	81827	80689	1126727
24400	81872	80670	1142306
24400	80283	79211	499692
24400	82775	81529	1155850
24400	82251	81042	469360
24400	80802	79687	487522
24400	80986	79815	1127390
24400	82501	81228	512901
24400	82107	80844	459347
24400	81773	80633	480509
24400	81866	80627	504895
24400	81654	80441	515415
24500	81121	79963	521923
24500	80938	79892	471436
24500	80895	79786	499458
24500	80938	79803	455291
24500	82606	81382	471405
24500	79639	78523	1150716
24500	81497	80293	473595
24500	80875	79754	501277
24500	81366	80201	468182
24500	81759	80546	490678
24500	80461	79314	472534
24500	82537	81316	463197
24500	83263	81968	1117615
24500	82579	81379	512180
24500	81022	79934	469831
24500	78282	77200	508418
24500	81635	80504	482796
24500	83171	81957	1176123
24500	76545	75592	1119382
24500	80762	79584	486552
24500	81461	80305	512934
24500	82375	81218	1149614
24500	81067	79957	1183161
24500	82331	81106	469824
24500	80765	79636	518015
24500	81851	80661	462646
24500	81798	80591	505062
24500	82933	81690	514653
24500	80915	79737	501929
24500	81215	80096	1159799
24500	81452	80291	1122324
24500	82512	81235	508029
24500	82182	80984	1124538
24500	82434	81146	1163350
24500	81209	80068	1178542
24500	80861	79766	1174520
24500	81555	80387	1133253
24500	80987	79850	1127294
24500	73811	72827	516801
24500	79996	78960	1147660
24500	80866	79777	518080
24500	80682	79578	1160601
24500	78764	77786	454527
24500	39270	38944	513686
24500	81009	79916	480998
24500	79525	78504	1125914
24500	81043	79815	457568
24500	82855	81640	1139327
24500	82568	81360	1121706
24500	73423	72528	465168
24600	82564	81358	456307
24600	70515	69783	499872
24600	80857	79753	1158344
24600	82063	80830	470335
24600	82543	81396	467291
24600	82979	81805	503823
24600	81163	80052	1124195
24600	82254	81047	1155319
24600	82404	81169	517428
24600	81930	80769	1169138
24600	82640	81490	516056
24600	81241	80132	460179
24600	82703	81498	471313
24600	83020	81768	1174571
24600	83338	82069	1133117
24600	83372	82089	488481
24600	82154	80929	517783
24600	82280	81021	515751
24600	82198	80992	1187148
24600	82344	81155	1157996
24600	82897	81753	509304
24600	82587	81370	481114
24600	83050	81823	1173274
24600	82405	81192	1182187
24600	80421	79292	1132158
24600	74690	73738	485911
24600	82732	81468	472435
24600	83174	81871	1118242
24600	83441	82129	514716
24600	41316	40888	520943
24600	82802	81613	451386
24600	82671	81421	462023
24600	82380	81201	1141461
24600	79798	78699	1143389
24600	82388	81205	1151151
24600	74316	73326	1140698
24600	81510	80370	1144737
24600	79839	78823	460914
24600	81654	80493	1154516
24600	80248	79198	1148527
24600	81736	80550	1165374
24600	81860	80692	516302
24600	81284	80083	480717
24600	81930	80737	1153580
24600	83478	82229	489718
24600	82222	81037	454993
24600	81418	80285	1152680
24600	81032	79930	1168605
24600	81942	80726	1156557
24600	80727	79599	474218
24700	81423	80284	496512
24700	82461	81337	460597
24700	75113	74171	1165357
24700	82514	81288	1153900
24700	83506	82224	1192927
24700	83931	82665	463827
24700	41031	40598	490254
24700	83671	82382	1178424
24700	82046	80916	1167161
24700	82474	81242	478843
24700	80952	79843	471873
24700	82491	81369	1193500
24700	81472	80360	1133516
24700	82427	81287	502557
24700	82389	81327	498777
24700	83395	82154	491618
24700	82970	81781	502165
24700	80200	79249	1130905
24700	81697	80528	1175819
24700	82855	81665	496876
24700	82454	81253	455367
24700	81243	80086	1125604
24700	82477	81229	498501
24700	83016	81798	504658
24700	82664	81478	1132265
24700	73212	72318	463374
24700	82604	81426	482108
24700	82860	81601	1175135
24700	82210	81040	487379
24700	80767	79664	1167222
24700	82178	81024	1161034
24700	81230	80045	521990
24700	82156	80984	506828
24700	82144	80991	525626
24700	83646	82363	1176932
24700	82374	81233	456872
24700	83292	82041	1146610
24700	74808	73872	501710
24700	82951	81691	484655
24700	83843	82528	526597
24700	83236	81958	1174172
24700	82602	81390	483721
24700	83834	82629	1137874
24700	83377	82079	488754
24700	81789	80654	1181700
24700	83064	81845	524153
24700	81646	80533	1144962
24700	83785	82528	1120548
24700	82664	81499	1176820
24700	81682	80600	473279
24800	81399	80316	521145
24800	80900	79750	1197463
24800	80635	79570	465224
24800	84138	82823	1177097
24800	83646	82417	465563
24800	83273	81997	1144009
24800	82310	81133	459121
24800	82483	81213	1193679
24800	83141	81912	1187027
24800	81752	80615	470592
24800	41840	41369	494429
24800	83477	82248	1133027
24800	82774	81587	473147
24800	82399	81236	1192975
24800	83006	81810	1174229
24800	83119	81918	481182
24800	72067	71270	497510
24800	83884	82647	1139674
24800	80808	79718	465297
24800	75122	74173	1126827
24800	82492	81343	502160
24800	83232	82066	1189615
24800	84398	83100	495223
24800	82164	80933	1147479
24800	81614	80539	495070
24800	82127	81067	477391
24800	81601	80530	490473
24800	83825	82579	510122
24800	83606	82348	502890
24800	81291	80158	462922
24800	82740	81547	518364
24800	81051	79981	469271
24800	82193	81063	470879
24800	79578	78605	1126405
24800	80736	79670	488566
24800	73988	73144	517029
24800	84096	82860	1146637
24800	83531	82238	463247
24800	82493	81351	482181
24800	82927	81692	506004
24800	81601	80524	510590
24800	82380	81171	475975
24800	82279	81057	516098
24800	80565	79441	1130796
24800	83411	82239	1173507
24800	82823	81589	493224
24800	82191	81053	1141636
24800	82677	81511	1126197
24800	82627	81376	1183282
24800	82835	81641	1154635
24900	82849	81672	1138252
24900	84233	82999	1131414
24900	84935	83604	1179959
24900	83401	82196	472876
24900	83360	82240	1174518
24900	83601	82400	1148875
24900	83783	82567	523707
24900	81320	80232	1160517
24900	81199	80121	457752
24900	83099	81849	1136095
24900	83515	82303	1136858
24900	83750	82534	519974
24900	83238	82006	1138535
24900	83364	82216	1139548
24900	82880	81697	485217
24900	82465	81304	1131076
24900	83501	82212	1159973
24900	83731	82519	464274
24900	83931	82699	1186419
24900	83588	82341	1169319
24900	83866	82673	491930
24900	83448	82271	457583
24900	82272	81024	490505
24900	82107	81011	1147827
24900	83549	82420	1181854
24900	82972	81783	1171647
24900	83623	82361	468241
24900	82246	81196	477977
24900	79105	78044	1202972
24900	84632	83304	1128944
24900	82935	81722	501848
24900	82076	80934	489959
24900	83308	82094	1151384
24900	83745	82470	500582
24900	83354	82198	485425
24900	83099	81962	529160
24900	83242	81998	481507
24900	79720	78714	494151
24900	73158	72344	500031
24900	83838	82645	1185445
24900	83822	82557	1189127
24900	82940	81777	503733
24900	81638	80477	528980
24900	82117	80999	491133
24900	84620	83399	1159426
24900	76285	75287	1179532
24900	74042	73147	1136943
24900	82676	81466	463319
24900	84059	82887	510735
24900	75090	74139	1136510
25000	85377	84140	1187125
25000	83565	82350	1173389
25000	81157	80122	1149157
25000	81988	80928	1163821
25000	83552	82351	490776
25000	82250	81101	477702
25000	40350	39987	500420
25000	83720	82475	488683
25000	84073	82822	1172169
25000	83747	82484	1140009
25000	84430	83173	1150810
25000	84760	83532	481118
25000	83394	82223	460512
25000	41628	41238	479726
25000	83219	82037	1168327
25000	82980	81807	1163073
25000	82290	81197	1185796
25000	82975	81739	1154722
25000	81222	80199	509981
25000	74819	73937	1146944
25000	83720	82514	501587
25000	81356	80307	473116
25000	83631	82371	1163969
25000	84669	83408	482518
25000	84111	82905	1171078
25000	82281	81084	1194547
25000	83478	82296	510149
25000	82766	81625	1147201
25000	84726	83456	465747
25000	82632	81494	522889
25000	83553	82405	1176400
25000	83870	82632	493082
25000	83084	81989	458709
25000	81328	80281	498865
25000	83709	82571	1148927
25000	84628	83336	1173870
25000	83256	82113	1136152
25000	83175	81983	1183609
25000	83042	81911	1159696
25000	83429	82216	492456
25000	82877	81791	1171296
25000	83172	81948	511566
25000	83867	82605	1138966
25000	84351	83116	1135705
25000	83459	82310	1170859
25000	75604	74681	483084
25000	83236	82081	1160407
25000	82437	81268	1175589
25000	84869	83592	471701
25000	82541	81378	1188700
25100	82662	81503	1200611
25100	83318	82201	509758
25100	84787	83619	512430
25100	81671	80568	518137
25100	83518	82313	506022
25100	84091	82868	499273
25100	74763	73909	1209136
25100	75907	74965	514071
25100	83831	82623	487045
25100	83812	82524	1179802
25100	83900	82707	495628
25100	83992	82761	505454
25100	84035	82828	510536
25100	84766	83551	1178543
25100	41726	41332	1158949
25100	85126	83802	1191980
25100	85041	83787	1205965
25100	83622	82364	501810
25100	82224	81110	511046
25100	83313	82124	1193221
25100	84230	82984	1152164
25100	83679	82464	1193672
25100	84207	82943	1154122
25100	82161	81055	1187145
25100	82863	81784	490793
25100	82466	81297	1171171
25100	85235	83935	1158804
25100	41873	41435	1184683
25100	84376	83108	1167581
25100	84636	83376	1145470
25100	84429	83243	520325
25100	83595	82413	1164326
25100	85299	83970	503122
25100	83370	82253	474356
25100	82702	81511	1172465
25100	82868	81603	1145903
25100	85574	84200	1152703
25100	83134	81901	463266
25100	81945	80833	487771
25100	83265	82090	475634
25100	83947	82715	1200890
25100	82789	81631	484540
25100	82422	81277	1173930
25100	84658	83395	1148590
25100	84110	82909	472422
25100	82746	81649	1212309
25100	81964	80814	526310
25100	76124	75159	1190523
25100	83811	82597	1144803
25100	81941	80871	506568
25200	84776	83589	476404
25200	84142	82977	473268
25200	83364	82259	1186115
25200	84794	83459	1211441
25200	83881	82701	520442
25200	84918	83678	1170895
25200	84916	83656	480680
25200	84403	83174	497940
25200	83862	82685	475922
25200	84500	83244	1144259
25200	86059	84733	1142935
25200	85782	84394	518404
25200	76124	75183	1158356
25200	84517	83336	535561
25200	86519	85262	499378
25200	82864	81755	519096
25200	82703	81640	481020
25200	84437	83156	1196247
25200	84298	83045	511299
25200	75829	74917	510363
25200	84062	82859	1158881
25200	83492	82287	524689
25200	84809	83624	1175503
25200	84183	82926	1156652
25200	84131	82986	1153345
25200	84072	82946	476363
25200	84572	83325	1164622
25200	82574	81510	1152731
25200	83891	82705	470912
25200	84589	83282	1180570
25200	83361	82270	1187115
25200	83854	82678	1159753
25200	83827	82639	527738
25200	84051	82912	1200302
25200	83296	82179	1174707
25200	84919	83640	530023
25200	84151	82903	1187358
25200	85702	84436	1148806
25200	85169	83876	1158295
25200	84376	83082	1202063
25200	83616	82395	514519
25200	84809	83520	505027
25200	84243	83016	495265
25200	85733	84497	504056
25200	83775	82591	535392
25200	84052	82859	504596
25200	84271	83052	509294
25200	84393	83118	533874
25200	82878	81638	477560
25200	83938	82734	1199504
25300	84819	83661	516475
25300	85032	83773	515294
25300	85818	84554	1159462
25300	84239	82977	535148
25300	84915	83657	1152412
25300	85244	83990	528160
25300	85140	83950	488520
25300	83941	82809	1209765
25300	85389	84118	1159860
25300	84839	83549	504994
25300	82697	81612	1197115
25300	83645	82500	1173938
25300	86060	84745	1211344
25300	83401	82216	504809
25300	85656	84450	1186701
25300	84655	83427	1161229
25300	82910	81808	514784
25300	83928	82766	1147708
25300	86068	84790	533970
25300	84000	82844	1158864
25300	83092	82021	1177242
25300	85222	83957	494893
25300	76889	75831	1157012
25300	84932	83699	1208078
25300	83594	82429	1162358
25300	83771	82629	530949
25300	84783	83512	501338
25300	84853	83586	1176191
25300	85438	84182	1153293
25300	42597	42140	1167053
25300	84454	83199	486445
25300	84097	82866	475224
25300	74684	73851	465406
25300	75169	74341	483395
25300	85280	83943	478210
25300	85098	83851	1202851
25300	84792	83517	1182046
25300	84817	83547	1149314
25300	85700	84412	508374
25300	85277	84024	518585
25300	83719	82523	1152868
25300	76318	75419	536954
25300	85608	84315	463851
25300	85666	84424	1175343
25300	84438	83158	514711
25300	84440	83219	473074
25300	85161	83865	503416
25300	84265	83086	475138
25300	86092	84798	1189938
25300	84616	83416	1160889
25400	85860	84613	508150
25400	85177	83991	522167
25400	85315	84068	476927
25400	84673	83537	1174005
25400	86938	85663	1173946
25400	84256	83054	513249
25400	85030	83834	1175807
25400	84735	83499	471378
25400	83751	82667	511771
25400	85045	83869	513668
25400	82986	81881	482512
25400	84918	83653	1219125
25400	84889	83665	1227137
25400	83513	82340	479342
25400	83891	82705	530179
25400	84895	83667	1164502
25400	84610	83363	537844
25400	84925	83696	1155064
25400	85093	83791	482975
25400	85589	84281	1183988
25400	85429	84196	486478
25400	84414	83273	498717
25400	84037	82880	1210226
25400	85042	83875	504954
25400	75816	74820	1152208
25400	83265	82062	1152773
25400	84993	83724	537143
25400	84071	82928	501086
25400	84246	83047	529471
25400	86255	84961	1210680
25400	85200	83946	472564
25400	84296	83115	1160990
25400	85630	84363	1207092
25400	84463	83333	1151829
25400	75041	74136	1190192
25400	83416	82260	1183675
25400	76357	75397	527731
25400	83530	82457	1187492
25400	85562	84356	1193003
25400	85055	83855	1184760
25400	84290	83027	509645
25400	83482	82338	1212082
25400	75063	74242	1153981
25400	86377	85078	533005
25400	84653	83449	1196726
25400	82424	81312	1161130
25400	86491	85213	467907
25400	85894	84587	470448
25400	85598	84346	495081
25400	84224	83002	528580
25500	85204	83989	1169436
25500	84601	83453	1176856
25500	84414	83250	1200847
25500	85883	84627	1221510
25500	76141	75204	510359
25500	84688	83547	1164519
25500	85991	84714	532875
25500	84506	83278	1166762
25500	84697	83558	1182078
25500	85200	84041	522839
25500	84310	83179	527078
25500	86421	85120	1174137
25500	85527	84327	523849
25500	84596	83409	1211590
25500	85877	84606	1229644
25500	86091	84789	540154
25500	85914	84676	1180760
25500	82467	81415	520327
25500	42215	41783	1156186
25500	85524	84232	526496
25500	85141	83946	526526
25500	84966	83791	468213
25500	85960	84688	1205608
25500	84408	83237	1157273
25500	86286	84963	1167419
25500	84515	83295	513915
25500	84304	83138	1165668
25500	86609	85362	1167243
25500	83855	82687	484693
25500	83674	82528	1183240
25500	84787	83604	1162307
25500	85787	84543	469807
25500	85353	84145	1218879
25500	85605	84380	1212253
25500	83996	82899	1229737
25500	76076	75194	1206704
25500	86789	85534	471254
25500	84405	83285	477314
25500	42828	42396	519855
25500	33564	33441	505324
25500	83880	82743	534587
25500	84434	83322	1198994
25500	84215	83088	517954
25500	87015	85636	469100
25500	85233	84017	531865
25500	85192	83903	1225516
25500	84830	83691	1223700
25500	76785	75830	1163547
25500	85158	83949	1170761
25500	83608	82484	1190334
25600	86050	84747	1204960
25600	85802	84591	526106
25600	86874	85641	523471
25600	42762	42345	1163108
25600	85511	84377	1205604
25600	76553	75632	470151
25600	82226	81174	533569
25600	87065	85818	523063
25600	82999	81956	545683
25600	84850	83639	491281
25600	86796	85531	498414
25600	86155	84845	532290
25600	85674	84469	544013
25600	84677	83520	1170820
25600	86041	84812	540636
25600	85827	84640	1210193
25600	86379	85155	490360
25600	83158	82049	1178914
25600	85592	84353	1176886
25600	84403	83288	533951
25600	84965	83776	1176955
25600	85831	84568	1226795
25600	76487	75600	1217117
25600	86356	85102	522520
25600	85595	84429	1231174
25600	78092	77082	1199595
25600	84731	83584	1203256
25600	85782	84539	526428
25600	86301	85052	539827
25600	85586	84298	544597
25600	84240	82999	505106
25600	84807	83603	473517
25600	85257	84024	1172755
25600	85704	84455	480502
25600	85521	84291	1217408
25600	85692	84496	1184672
25600	82930	81844	1165505
25600	84037	82930	1189245
25600	84785	83622	1164896
25600	85556	84320	503767
25600	85286	84109	1202725
25600	85584	84396	1188742
25600	84560	83393	1169674
25600	85499	84309	529016
25600	83379	82289	1202362
25600	83545	82426	517872
25600	85350	84158	523293
25600	85957	84662	1160597
25600	84126	82916	541391
25600	82674	81583	1203801
25700	86103	84780	1179320
25700	85535	84380	1212509
25700	86092	84881	1186174
25700	85905	84748	540380
25700	86479	85182	1189727
25700	86056	84854	525463
25700	87170	85858	1196394
25700	85133	83979	1215786
25700	84737	83583	1219519
25700	85877	84671	1173136
25700	85795	84616	485645
25700	86468	85252	1205417
25700	84978	83802	1229203
25700	85413	84203	528432
25700	84000	82907	1221362
25700	42829	42421	1192339
25700	86251	85060	1190782
25700	76902	75957	1217001
25700	86661	85377	1228048
25700	85238	84085	1182070
25700	42931	42487	505973
25700	84913	83681	1213255
25700	85860	84539	514607
25700	84438	83247	1177492
25700	86638	85434	1213994
25700	79710	78749	512641
25700	85852	84654	1175183
25700	84190	83024	1171280
25700	85450	84223	1189673
25700	86231	85019	1185556
25700	85605	84445	1192080
25700	85999	84746	519887
25700	76732	75838	500836
25700	85339	84166	503634
25700	85494	84277	539818
25700	85048	83828	483482
25700	87677	86409	508589
25700	85905	84648	538971
25700	86395	85171	1171409
25700	77928	76964	502904
25700	87162	85878	1205408
25700	85754	84565	528424
25700	86594	85417	1210414
25700	85969	84686	1182961
25700	86270	85041	491251
25700	85794	84647	1219884
25700	85165	83996	1214128
25700	85679	84463	1208632
25700	85481	84315	1182790
25700	84967	83694	1180236
25800	87070	85838	1206003
25800	86436	85146	1177394
25800	86982	85768	1201638
25800	85790	84545	1211629
25800	86391	85125	1241762
25800	87081	85802	1213515
25800	84462	83343	1205980
25800	85639	84497	1172686
25800	85955	84765	532024
25800	86931	85692	1186458
25800	77770	76785	1172597
25800	86514	85311	1177685
25800	85662	84436	1246783
25800	85960	84800	1214778
25800	84989	83889	1193872
25800	86436	85241	1231731
25800	86488	85294	1242203
25800	86140	84881	495768
25800	77071	76172	1203245
25800	85835	84596	545314
25800	86764	85441	1180893
25800	85830	84686	532970
25800	86044	84804	500000
25800	87257	85905	1234544
25800	85675	84481	530686
25800	85805	84662	1235647
25800	85330	84091	518563
25800	86298	85010	482580
25800	85933	84758	1192328
25800	86425	85222	489320
25800	83565	82513	1187692
25800	87259	85997	535239
25800	86666	85402	1238539
25800	87739	86408	1185063
25800	84092	82948	480148
25800	87319	86085	481202
25800	77880	76937	1225578
25800	86199	84978	1197885
25800	43463	43014	522454
25800	85636	84427	487772
25800	86276	85016	1216742
25800	84957	83809	486884
25800	42926	42504	482176
25800	85057	83937	1221434
25800	85801	84597	521638
25800	86572	85442	479708
25800	86533	85264	1229940
25800	87038	85821	1189075
25800	85438	84288	484057
25800	86954	85685	541151
25900	87379	86102	1214549
25900	86718	85446	518963
25900	86929	85703	492639
25900	87444	86138	551701
25900	43216	42751	496176
25900	84848	83661	511246
25900	86812	85542	536775
25900	87181	85891	484172
25900	85813	84641	519877
25900	86874	85610	1243645
25900	78237	77325	547549
25900	86692	85421	549976
25900	87409	86160	1241272
25900	86639	85359	1208517
25900	85545	84331	1228765
25900	87426	86097	1220561
25900	84073	82960	1215792
25900	86902	85664	1222158
25900	85467	84327	532826
25900	86406	85117	1239465
25900	85931	84752	488207
25900	85301	84119	1194757
25900	85763	84552	1203574
25900	85408	84186	502099
25900	86466	85234	1238442
25900	85758	84541	530947
25900	86024	84798	1232072
25900	87095	85851	1193927
25900	86110	84917	1222157
25900	78034	77102	485395
25900	85530	84345	1243554
25900	77574	76654	539686
25900	87521	86188	479784
25900	87389	86118	546410
25900	87961	86672	1243868
25900	86871	85626	520067
25900	85681	84565	508781
25900	85026	83895	512390
25900	85660	84502	1180911
25900	87260	85952	539417
25900	87042	85809	1194439
25900	86451	85252	1195017
25900	87702	86402	1176990
25900	87337	86159	516317
25900	86169	84967	478857
25900	86900	85646	517698
25900	85152	84066	504812
25900	86187	85009	1190382
25900	86404	85177	1220089
25900	86634	85413	479831
26000	85059	83946	543883
26000	86393	85139	527398
26000	85924	84764	1231091
26000	85492	84323	1228881
26000	86309	85088	1242508
26000	77022	76104	1204108
26000	86753	85524	1222871
26000	84050	83031	479222
26000	85095	84013	1207166
26000	85010	83848	500490
26000	87816	86591	1243020
26000	87276	85976	1236158
26000	86539	85323	1207721
26000	86783	85583	519691
26000	87796	86497	1207719
26000	87375	86221	528885
26000	87679	86425	484686
26000	88279	86952	1235150
26000	86949	85732	536294
26000	87067	85807	1186542
26000	85731	84545	1196523
26000	78138	77202	1253970
26000	87326	86115	492018
26000	41649	41347	532602
26000	88695	87334	1251384
26000	86612	85407	518671
26000	87171	85886	1225343
26000	86963	85731	1239250
26000	42868	42459	1239857
26000	86296	85111	1247643
26000	87094	85812	1204191
26000	87556	86284	503126
26000	86144	84958	499015
26000	86002	84849	1243149
26000	86739	85493	1217123
26000	86990	85695	533826
26000	86726	85522	553125
26000	86186	84954	534607
26000	86332	85159	1225078
26000	87043	85865	523231
26000	43059	42622	504948
26000	87004	85827	493166
26000	86723	85483	1190929
26000	88163	86859	1188379
26000	84382	83284	487900
26000	78910	77900	1251883
26000	86482	85241	1202638
26000	85355	84225	508097
26000	42706	42317	538608
26000	86079	84961	499727
26100	86572	85340	478890
26100	88128	86857	524828
26100	88410	87116	1211655
26100	87858	86542	520206
26100	87667	86430	1261176
26100	87183	85976	1194267
26100	87329	86032	1205180
26100	87369	86111	531666
26100	88292	87015	522439
26100	76986	76165	531562
26100	88031	86751	1213012
26100	77871	76978	1200547
26100	87991	86693	1226014
26100	83981	82896	1203195
26100	87311	86043	1237525
26100	87554	86219	507620
26100	87419	86128	543935
26100	86382	85180	1195413
26100	87965	86666	1255003
26100	86075	84977	504074
26100	78159	77269	534494
26100	43721	43238	1246773
26100	87462	86191	491360
26100	85330	84297	492208
26100	86164	85023	510149
26100	86728	85587	556110
26100	85695	84564	517464
26100	85910	84738	493133
26100	85389	84281	1199188
26100	88370	87103	1191930
26100	87277	85993	1235885
26100	86907	85740	1207708
26100	87446	86195	1242183
26100	87482	86224	509012
26100	86086	84836	1253665
26100	78036	77134	500307
26100	86654	85471	524682
26100	84972	83823	1243536
26100	87751	86484	513012
26100	88621	87336	1191367
26100	75470	74678	1196264
26100	86447	85218	1200784
26100	88276	87011	537634
26100	86773	85656	1190625
26100	87090	85904	1195625
26100	87325	86038	1261177
26100	85838	84701	513136
26100	85789	84660	1260659
26100	86155	84988	1219799
26100	78343	77371	482100
26200	78329	77383	1228477
26200	89074	87751	541617
26200	78569	77712	554292
26200	88518	87235	493845
26200	79034	78045	509473
26200	87023	85840	1203372
26200	87877	86605	1234859
26200	87106	85929	487393
26200	87432	86156	1219275
26200	87898	86682	1209386
26200	43714	43280	1225238
26200	86365	85170	1254231
26200	88205	86957	1253372
26200	87300	86104	497234
26200	87225	86059	1204702
26200	87537	86322	1214144
26200	88656	87412	1257646
26200	87547	86292	1205658
26200	86164	85052	1243905
26200	88231	86906	1235408
26200	87800	86504	1264231
26200	87655	86403	1200958
26200	88216	86918	529801
26200	88057	86768	1210620
26200	87985	86685	1202090
26200	88054	86720	541980
26200	87446	86165	1244087
26200	86952	85706	1191022
26200	87107	85776	1230298
26200	87857	86644	1223005
26200	86199	85065	543523
26200	87604	86384	511126
26200	86071	84893	1193645
26200	86651	85553	549057
26200	86704	85470	1256925
26200	87808	86579	520532
26200	87953	86728	482424
26200	88254	86996	1262999
26200	86643	85447	1211695
26200	87922	86689	1265099
26200	87651	86391	1255991
26200	87393	86108	1253946
26200	43149	42733	524700
26200	87432	86159	484779
26200	86705	85572	1212451
26200	86626	85382	540953
26200	84594	83455	1250920
26200	87410	86165	520632
26200	86265	85043	505306
26200	87539	86228	520379
26300	43768	43327	527755
26300	89176	87825	1233136
26300	87874	86601	1216195
26300	86624	85386	558318
26300	87988	86672	494313
26300	44053	43580	1240786
26300	85805	84737	499390
26300	85926	84786	509092
26300	87775	86509	511579
26300	88235	87009	1205343
26300	89188	87912	1268023
26300	87791	86585	1236437
26300	43671	43285	1237168
26300	86261	85128	1265426
26300	88748	87475	1236847
26300	84750	83629	495591
26300	86915	85755	1246409
26300	86460	85269	498007
26300	89260	87937	507071
26300	87355	86085	1243929
26300	88631	87296	1215488
26300	88029	86698	495713
26300	86482	85333	492064
26300	88411	87133	1262039
26300	87403	86139	1260556
26300	87344	86127	1224606
26300	88565	87256	499752
26300	87576	86397	1256572
26300	87964	86745	1204630
26300	90056	88725	1202588
26300	88082	86837	524248
26300	87172	86039	1206846
26300	88538	87216	1230146
26300	85000	83912	539653
26300	85655	84577	1204116
26300	87402	86165	548013
26300	77164	76268	540196
26300	88570	87243	1245132
26300	43560	43140	553252
26300	87932	86761	491993
26300	87229	86008	1268422
26300	89244	87962	532892
26300	89156	87908	1243055
26300	88167	86867	1242138
26300	87131	85968	502018
26300	87540	86309	1192388
26300	87541	86321	1194111
26300	88581	87250	555013
26300	88624	87348	499978
26300	86915	85751	1214532
26400	88930	87624	1266427
26400	88375	87143	531598
26400	89355	88019	1202286
26400	87407	86245	507263
26400	88516	87288	543908
26400	88055	86826	1249964
26400	87911	86689	486978
26400	87993	86729	1203646
26400	86498	85414	530696
26400	88000	86739	1266069
26400	89136	87775	513562
26400	88555	87307	502927
26400	87046	85906	1235328
26400	87797	86682	1234125
26400	87376	86187	1197383
26400	89155	87861	1207252
26400	35301	35107	556173
26400	86694	85524	1244341
26400	88622	87364	528314
26400	89383	88014	512084
26400	86647	85472	1224122
26400	78612	77730	1217364
26400	87603	86323	1263727
26400	44375	43910	489037
26400	89536	88165	1235211
26400	87723	86493	513954
26400	88864	87576	489401
26400	88165	86928	1243898
26400	87130	85956	516238
26400	87178	85986	526439
26400	89280	88044	1201035
26400	87528	86261	533065
26400	88811	87538	492404
26400	87537	86366	491803
26400	79874	78864	1246401
26400	88342	87074	505180
26400	87364	86196	1270883
26400	86801	85740	1262363
26400	87999	86762	1209591
26400	87978	86731	1224588
26400	88810	87493	489861
26400	88890	87626	1198964
26400	89127	87793	1214154
26400	79651	78686	507098
26400	88119	86890	515329
26400	87892	86705	1243791
26400	87912	86708	1224350
26400	87267	86067	1207243
26400	88876	87597	526304
26400	88576	87333	1237829
26500	88527	87213	558967
26500	85440	84428	1235221
26500	89303	87976	534485
26500	87006	85887	1239566
26500	87861	86674	1239172
26500	88302	87149	1246883
26500	88275	87015	496418
26500	87846	86720	539642
26500	87760	86548	526647
26500	88496	87258	487972
26500	88602	87403	565088
26500	87650	86478	1272417
26500	89039	87752	517528
26500	88984	87714	558638
26500	88210	86985	1227668
26500	86627	85492	1216487
26500	88963	87673	1233880
26500	88980	87764	560492
26500	90262	88923	548550
26500	88956	87716	1255943
26500	89436	88120	554042
26500	89479	88188	1264586
26500	87823	86694	1244472
26500	89820	88484	505342
26500	77186	76310	558992
26500	88056	86920	1270121
26500	42153	41847	1212483
26500	87701	86448	1277649
26500	88157	86897	523125
26500	89313	87967	505363
26500	87974	86735	1201454
26500	90309	88935	554969
26500	87845	86643	1228327
26500	89577	88292	544871
26500	89460	88111	1222837
26500	87903	86760	525420
26500	88581	87303	1256346
26500	90103	88831	534997
26500	88387	87136	531822
26500	86945	85738	1280270
26500	88680	87483	495113
26500	89665	88368	546085
26500	88083	86938	1252059
26500	88508	87222	1215069
26500	88376	87132	491912
26500	86713	85495	531203
26500	86057	84882	513385
26500	89441	88271	1270980
26500	89294	88116	509470
26500	86872	85677	1238675
26600	87753	86598	520652
26600	89377	88110	1241386
26600	87663	86514	499359
26600	88049	86793	493333
26600	88571	87329	534907
26600	86194	85057	1245855
26600	89460	88158	1266648
26600	89363	88094	1241236
26600	88535	87352	506739
26600	87500	86461	1237731
26600	89874	88544	1248272
26600	89194	87954	548471
26600	89319	88075	508497
26600	89311	88092	1229858
26600	86262	85145	513044
26600	87255	86141	535490
26600	88708	87516	564878
26600	89718	88344	528612
26600	90845	89510	1282712
26600	88446	87337	1267448
26600	86743	85596	1226609
26600	89035	87831	527097
26600	86485	85427	530215
26600	88821	87597	1223831
26600	87528	86305	518243
26600	88802	87610	492760
26600	81442	80434	515940
26600	89615	88366	510667
26600	89230	87899	1213350
26600	88986	87641	1268417
26600	89166	87931	549899
26600	88286	87105	489462
26600	89089	87901	1251826
26600	89145	87945	1225024
26600	89434	88139	509180
26600	89455	88187	506880
26600	88757	87495	1271856
26600	89129	87888	1238386
26600	88825	87577	559565
26600	89044	87754	508297
26600	88656	87425	494713
26600	89171	87858	555852
26600	87843	86637	1280105
26600	88849	87579	1216475
26600	88858	87595	1253278
26600	85579	84566	496253
26600	88781	87540	1254202
26600	89973	88720	1277526
26600	89285	88032	503787
26600	88184	86955	536620
26700	88717	87522	527150
26700	88875	87592	514392
26700	88194	87025	1215810
26700	88630	87431	559948
26700	89584	88319	544819
26700	89528	88312	522739
26700	78334	77445	1243756
26700	87477	86318	514219
26700	80163	79250	553725
26700	80329	79300	1272167
26700	86348	85273	520435
26700	88371	87174	1279780
26700	89243	87929	513377
26700	90269	88937	1287890
26700	90132	88800	1210969
26700	90115	88867	522810
26700	44616	44156	559016
26700	89769	88499	560001
26700	79017	78099	526399
26700	89977	88646	1275289
26700	88743	87466	1257266
26700	90001	88683	557487
26700	87858	86641	531020
26700	88910	87652	1279410
26700	89687	88490	1224773
26700	87286	86131	1214275
26700	90038	88761	493779
26700	87495	86307	1240281
26700	80173	79188	540872
26700	89598	88351	1280950
26700	90298	88972	1279712
26700	86682	85622	1217411
26700	89340	88157	1232273
26700	89910	88580	540807
26700	88849	87580	1269668
26700	87851	86743	543480
26700	80055	79170	505637
26700	86793	85755	1278710
26700	44719	44258	526571
26700	86765	85724	1216863
26700	88821	87567	1259916
26700	88284	87082	521849
26700	89004	87739	541087
26700	80189	79148	559180
26700	80409	79475	1287728
26700	88803	87563	1230000
26700	44483	44036	548463
26700	89662	88405	535567
26700	90092	88799	1218687
26700	89923	88584	1280858
26800	89278	88001	1274409
26800	89587	88386	1215796
26800	88049	86827	512407
26800	88153	86931	1291870
26800	89743	88427	1257394
26800	89330	88040	1282088
26800	88722	87568	1250297
26800	87167	86014	563633
26800	90586	89261	1261841
26800	89923	88654	553958
26800	88615	87373	563671
26800	88436	87240	1240785
26800	86713	85661	531849
26800	88951	87685	547880
26800	87058	85978	499654
26800	89872	88570	1258544
26800	89723	88477	496130
26800	89669	88425	1256511
26800	87947	86788	1250062
26800	89787	88584	524630
26800	89183	87886	494898
26800	89164	87876	1228471
26800	90048	88787	556031
26800	88364	87177	1277337
26800	89271	87984	1270833
26800	88426	87188	552813
26800	88976	87693	503916
26800	88953	87668	1255743
26800	88989	87766	518467
26800	89235	87940	497864
26800	90496	89184	567062
26800	88237	87088	557695
26800	86525	85456	570233
26800	87689	86576	494205
26800	89318	88052	548587
26800	89106	87879	1284823
26800	89582	88294	1217223
26800	88218	87009	504855
26800	80323	79339	1257671
26800	89161	87946	492559
26800	89741	88424	1275583
26800	88360	87122	525459
26800	89165	87989	1247974
26800	89427	88165	1228008
26800	89212	88038	496823
26800	88798	87642	548676
26800	91568	90167	1291037
26800	89643	88461	1273576
26800	88632	87430	1292517
26800	89322	88063	532962
26900	85497	84387	539544
26900	90366	89094	1234646
26900	90531	89200	1282211
26900	89976	88698	1278422
26900	36005	35829	1276375
26900	91646	90304	1296565
26900	89925	88655	1248275
26900	89994	88737	499242
26900	84478	83519	527679
26900	90898	89609	513864
26900	90202	88933	528866
26900	90964	89667	1253146
26900	88908	87687	1220523
26900	89621	88428	512794
26900	88846	87615	1289744
26900	91089	89788	1281855
26900	90947	89634	502699
26900	89984	88725	508192
26900	88995	87764	550520
26900	80392	79391	1259800
26900	89870	88634	1227596
26900	89279	88048	1264382
26900	90154	88859	546007
26900	88412	87292	1286292
26900	89761	88564	539118
26900	89024	87774	1264720
26900	89720	88510	557023
26900	89615	88334	546474
26900	87872	86815	1224081
26900	80263	79356	550706
26900	90224	88996	568083
26900	91063	89693	1266535
26900	89278	88037	541123
26900	90239	88937	1232152
26900	91206	89866	554113
26900	88968	87757	1255053
26900	90126	88784	1252559
26900	88619	87339	1238935
26900	89900	88586	524952
26900	89471	88310	1250670
26900	89580	88379	1235242
26900	88661	87463	543023
26900	88973	87791	560191
26900	90213	88970	1272827
26900	90881	89543	497978
26900	90443	89122	555420
26900	88816	87632	1289828
26900	81948	80940	507871
26900	90081	88793	1294962
26900	88277	87139	556139
27000	90277	89080	521032
27000	85973	84862	556350
27000	90330	89030	1227229
27000	89699	88588	1246934
27000	91061	89728	501912
27000	90271	88977	555845
27000	88733	87551	500294
27000	89443	88209	1268550
27000	90017	88747	545314
27000	89195	88020	1250553
27000	90794	89519	515722
27000	90881	89610	496897
27000	89002	87810	546805
27000	90397	89141	1278786
27000	91869	90500	1236180
27000	90043	88805	1235010
27000	89888	88670	554594
27000	91325	90047	519947
27000	90265	89048	1240784
27000	80337	79443	1245664
27000	91138	89741	1258302
27000	90195	88990	540912
27000	90240	88922	1302925
27000	89848	88586	570492
27000	91620	90362	1279900
27000	90038	88761	1278593
27000	90934	89620	1275913
27000	89548	88368	574951
27000	87960	86808	553353
27000	89177	87958	1275703
27000	90129	88874	534137
27000	90605	89310	1257467
27000	89899	88696	501706
27000	88969	87746	1266411
27000	90414	89132	529439
27000	88946	87674	501497
27000	91188	89898	1292437
27000	87973	86778	1225192
27000	89278	88113	1275608
27000	90572	89385	1225360
27000	91113	89826	1264274
27000	89733	88551	1226096
27000	89820	88560	532686
27000	90008	88811	1254702
27000	88867	87664	1286358
27000	89014	87801	1286866
27000	90383	89110	549695
27000	92362	90960	1224598
27000	89891	88677	1288000
27000	89055	87855	1298526
27100	88300	87204	545701
27100	86201	85122	540302
27100	90487	89260	1252984
27100	88878	87700	1285152
27100	89346	88139	572736
27100	89669	88434	516867
27100	85289	84260	1240505
27100	90785	89534	517715
27100	90213	88956	1278338
27100	90983	89742	502044
27100	90943	89717	565004
27100	90075	88820	536568
27100	90979	89670	1296199
27100	80503	79641	1281989
27100	91494	90220	547702
27100	90257	89005	547874
27100	90340	89101	533626
27100	90293	89036	1249185
27100	90060	88827	1297796
27100	90731	89502	1257626
27100	89410	88205	552286
27100	89352	88134	528725
27100	90822	89524	498443
27100	45348	44863	558796
27100	90652	89335	1305051
27100	90393	89165	1251428
27100	91536	90201	1282040
27100	92461	91091	569924
27100	87659	86494	543863
27100	89865	88592	562580
27100	91275	89950	1244868
27100	90028	88785	565632
27100	91009	89780	1238718
27100	92795	91413	564003
27100	90661	89349	1236143
27100	90456	89153	1295336
27100	90246	89028	1232129
27100	89027	87869	1255712
27100	81276	80362	1297314
27100	90316	89037	499227
27100	90588	89359	566848
27100	90023	88839	563424
27100	90541	89253	568497
27100	89359	88203	528532
27100	91156	89867	1269866
27100	89762	88520	1242454
27100	90560	89272	545392
27100	85912	84851	1284679
27100	88953	87757	1245851
27100	88481	87336	1283964
27200	91319	90041	1268924
27200	91441	90080	574908
27200	91311	89990	1311150
27200	90581	89336	1239178
27200	89870	88601	1240832
27200	90867	89541	519915
27200	91384	90159	575612
27200	90036	88849	1267619
27200	91600	90314	1266816
27200	91993	90681	549181
27200	91553	90236	1310940
27200	46183	45660	1256198
27200	81366	80453	549903
27200	90705	89477	503337
27200	90895	89631	573227
27200	91486	90132	560752
27200	91648	90321	577980
27200	90498	89282	544132
27200	92045	90752	1255847
27200	91420	90119	520662
27200	88900	87679	1248475
27200	90390	89141	513433
27200	90794	89455	1264411
27200	80899	79974	545249
27200	82392	81384	529499
27200	90811	89558	1274649
27200	90085	88835	540280
27200	90368	89072	1300689
27200	90817	89616	538467
27200	81801	80757	562635
27200	81249	80289	549658
27200	90232	88956	1293897
27200	91751	90452	578752
27200	89740	88527	1269416
27200	81085	80168	1304746
27200	91279	89991	501426
27200	89405	88216	503790
27200	79550	78657	1264899
27200	90127	88908	1245688
27200	90875	89624	1260385
27200	91520	90242	577566
27200	91057	89792	1272793
27200	90328	89106	1302558
27200	90667	89412	501311
27200	90686	89476	1283420
27200	81658	80653	1308674
27200	89509	88305	1249089
27200	92144	90866	1281768
27200	92282	90933	531112
27200	90593	89447	1280501
27300	90703	89477	1317895
27300	90233	88979	540341
27300	89412	88302	552761
27300	91111	89836	1313038
27300	91762	90471	1305314
27300	92032	90748	1247391
27300	89370	88207	1251354
27300	81580	80571	523672
27300	89766	88612	502661
27300	92495	91136	507840
27300	92776	91425	529833
27300	91831	90521	543190
27300	90879	89643	549113
27300	92281	90947	507507
27300	90795	89553	557600
27300	90680	89483	1268840
27300	90442	89288	533619
27300	90560	89304	1247473
27300	91959	90651	1286559
27300	90877	89632	1268006
27300	90465	89239	1247897
27300	91000	89727	1301623
27300	91087	89779	543107
27300	90949	89634	1268937
27300	90961	89669	500841
27300	89933	88714	503898
27300	91482	90239	1287078
27300	91775	90469	519198
27300	91829	90543	1255592
27300	91225	89924	546464
27300	91012	89716	1315855
27300	92221	90898	1309978
27300	91581	90228	525556
27300	90631	89411	1286456
27300	90823	89632	552677
27300	90822	89526	523954
27300	90231	88994	515890
27300	92073	90737	1247720
27300	89748	88556	523569
27300	90199	89001	516107
27300	91802	90439	1268483
27300	90293	89056	546917
27300	89932	88711	1273818
27300	90233	88997	517995
27300	90516	89218	553455
27300	88369	87344	1260130
27300	91969	90661	1249752
27300	91847	90557	567291
27300	91370	90055	1295870
27300	92083	90741	1316059
27400	92986	91683	571368
27400	91616	90341	1244744
27400	91433	90104	509716
27400	90604	89420	1261226
27400	91451	90229	1299844
27400	91173	89966	1273381
27400	91995	90723	1278120
27400	89882	88768	516234
27400	91468	90192	576925
27400	87739	86675	560739
27400	89985	88821	1279778
27400	92114	90791	544500
27400	82871	81894	1301267
27400	92798	91372	523996
27400	92625	91211	1285725
27400	92116	90834	1324099
27400	90538	89283	1320921
27400	91775	90569	558825
27400	45333	44851	1256378
27400	92057	90706	569534
27400	90951	89615	1280384
27400	91729	90437	529809
27400	90970	89712	1299545
27400	91036	89707	1301084
27400	92482	91104	1318704
27400	90902	89688	512857
27400	91417	90204	514037
27400	92198	90871	582603
27400	91499	90245	1312069
27400	91357	90022	1277771
27400	90629	89423	1271655
27400	91484	90172	1275513
27400	91820	90567	512334
27400	91048	89776	1295670
27400	91116	89869	1266546
27400	90844	89581	564828
27400	90059	88906	1304526
27400	91907	90580	1298946
27400	90368	89157	503498
27400	92171	90882	561675
27400	91801	90487	509672
27400	90652	89460	511734
27400	90736	89497	557288
27400	91511	90232	1285989
27400	89533	88392	559956
27400	90193	89013	1291117
27400	92739	91385	569960
27400	92391	91078	1310787
27400	92516	91211	1259823
27400	90916	89692	519177
27500	91826	90515	1280828
27500	91472	90229	1272119
27500	90459	89276	1268700
27500	92353	91092	1286839
27500	45498	45079	586220
27500	91272	90039	570215
27500	90963	89749	578558
27500	92966	91547	1319800
27500	92588	91240	560700
27500	92070	90670	1322469
27500	91562	90323	1264643
27500	90643	89450	583634
27500	92003	90765	1256829
27500	91348	90061	1325142
27500	92092	90855	1294926
27500	90615	89424	1267570
27500	91946	90737	566357
27500	91889	90712	1292291
27500	91356	90093	580939
27500	91893	90648	522885
27500	89284	88086	528954
27500	90247	89033	586535
27500	91407	90096	1326361
27500	92281	91013	515769
27500	91536	90294	1282064
27500	90338	89186	1274714
27500	91020	89774	547373
27500	92706	91375	1257590
27500	91047	89812	577737
27500	91246	89968	520093
27500	89940	88821	511249
27500	92988	91753	561579
27500	92391	91103	519667
27500	93013	91615	540487
27500	82475	81510	529539
27500	91250	90075	581701
27500	91464	90154	1263129
27500	91206	90055	1293595
27500	90655	89320	1264728
27500	93653	92264	1260566
27500	93504	92149	568265
27500	90882	89553	519524
27500	92317	91025	1255084
27500	89896	88774	1260979
27500	92086	90721	524832
27500	91104	89924	568867
27500	92292	90975	506265
27500	93218	91880	1264125
27500	92640	91220	1261868
27500	89621	88479	1299369
27600	94701	93360	1333255
27600	92252	90925	514391
27600	92508	91219	509528
27600	93241	91822	1276226
27600	91758	90553	568542
27600	91837	90568	1322435
27600	92213	90908	534467
27600	90331	89138	585687
27600	92233	90946	536534
27600	93113	91756	557016
27600	89968	88781	509212
27600	91545	90229	1256158
27600	92221	90913	1332548
27600	89755	88564	1256791
27600	83130	82084	1324916
27600	89261	88190	1270430
27600	91557	90278	1274672
27600	91157	89968	1332578
27600	91044	89891	538573
27600	91263	90032	1276688
27600	91437	90164	573634
27600	93149	91833	1255223
27600	46094	45614	586936
27600	92225	90924	1263112
27600	93382	92031	558892
27600	92093	90820	562803
27600	91668	90358	506934
27600	90229	89074	588261
27600	91851	90651	1275784
27600	92232	90905	1277678
27600	92899	91599	586909
27600	91185	90011	524815
27600	90932	89747	1276431
27600	93252	92001	548742
27600	93149	91857	1328257
27600	82791	81762	558765
27600	92320	91069	573662
27600	92061	90789	522815
27600	91680	90406	1262058
27600	92319	91009	1296637
27600	83059	82093	1320729
27600	93168	91856	1331081
27600	93254	91946	1288296
27600	92089	90823	1330288
27600	46073	45632	517560
27600	90869	89721	1261927
27600	92168	90877	536957
27600	92627	91351	512290
27600	91154	89977	525527
27600	91840	90627	580646
27700	92902	91624	1288360
27700	93680	92332	1300042
27700	92283	90996	528684
27700	91838	90534	1268594
27700	90813	89595	1323509
27700	91825	90682	523350
27700	92636	91308	578939
27700	93614	92317	570156
27700	93111	91821	571059
27700	93081	91722	533577
27700	92784	91471	514092
27700	93304	91960	1282123
27700	92895	91606	1301581
27700	92646	91311	511307
27700	91645	90401	551224
27700	91671	90444	1338263
27700	92391	91158	508407
27700	91714	90449	1313780
27700	92448	91072	1272093
27700	92663	91393	1260607
27700	92031	90765	530781
27700	92664	91435	1295710
27700	91136	89903	565706
27700	92242	90956	1282052
27700	89981	88812	1275651
27700	92513	91256	510822
27700	94610	93226	1273287
27700	92910	91581	1262392
27700	92198	90852	545833
27700	90478	89301	586278
27700	90809	89594	1322986
27700	93264	91918	1268481
27700	92375	91091	524474
27700	45982	45535	1307911
27700	92814	91506	587828
27700	94539	93126	1334572
27700	81634	80767	515803
27700	93298	91952	1257217
27700	93318	91976	1320707
27700	93877	92423	1305392
27700	82634	81675	1273267
27700	82094	81190	1274855
27700	91612	90368	1335990
27700	91618	90408	1308167
27700	93045	91752	543569
27700	93563	92254	509582
27700	89228	88186	1326512
27700	93076	91722	531172
27700	93222	91900	1320676
27700	92669	91290	1331686
27800	91171	89992	1289762
27800	93262	92007	1308202
27800	92218	91054	552027
27800	92964	91646	1297108
27800	93082	91802	584486
27800	92582	91375	585789
27800	91988	90796	543837
27800	92478	91192	1298937
27800	93222	91926	1338647
27800	93070	91816	1326235
27800	93161	91869	1329525
27800	92961	91657	1319620
27800	91742	90468	547689
27800	93120	91885	550951
27800	93719	92441	1292644
27800	93063	91724	1277943
27800	93356	92042	530333
27800	92406	91141	574656
27800	93570	92259	516512
27800	92298	90992	1340281
27800	93472	92121	543718
27800	93777	92478	587876
27800	93311	92063	538769
27800	92784	91525	552747
27800	92997	91685	1287124
27800	93465	92233	1304598
27800	92142	90825	569781
27800	92615	91320	575367
27800	90149	88971	1333915
27800	93545	92272	1286303
27800	93513	92258	573493
27800	92123	90851	1290539
27800	92648	91422	513158
27800	94293	92960	1282903
27800	92210	90966	1311253
27800	92171	90894	1300766
27800	93046	91723	551620
27800	92004	90837	577940
27800	93806	92486	568272
27800	93453	92122	1297705
27800	93767	92349	1268881
27800	93626	92346	1265853
27800	92654	91363	521413
27800	94150	92816	523249
27800	92696	91495	1289531
27800	93097	91824	518103
27800	92956	91632	1321862
27800	91269	90068	1270371
27800	92643	91297	590935
27800	92258	90926	1297023
27900	93432	92189	1344088
27900	93287	92053	569015
27900	91904	90812	513434
27900	90834	89677	557622
27900	93113	91815	539488
27900	93067	91723	1298373
27900	91797	90563	594717
27900	92335	91106	1337978
27900	93075	91825	525070
27900	93235	91970	1331831
27900	92832	91600	1323235
27900	91632	90438	1329758
27900	92439	91175	1291696
27900	92216	90945	586518
27900	93766	92412	588495
27900	93795	92526	535620
27900	93459	92184	1322933
27900	92081	90827	1269227
27900	92524	91262	518101
27900	93292	92054	513575
27900	90327	89178	559008
27900	91764	90556	1328965
27900	93825	92612	518048
27900	93108	91792	571114
27900	93528	92143	1329237
27900	92905	91601	593041
27900	81925	81035	1344427
27900	92433	91239	1296631
27900	93093	91798	1332532
27900	91842	90630	1323521
27900	91950	90657	526264
27900	94262	92976	534805
27900	91773	90541	540425
27900	91703	90436	1308506
27900	94381	93046	512976
27900	94844	93439	1283569
27900	93751	92451	1280242
27900	92797	91571	1285944
27900	93989	92726	529853
27900	93138	91878	574465
27900	91078	89982	551202
27900	94420	93042	554425
27900	92087	90838	525721
27900	92911	91670	1283115
27900	92918	91708	560516
27900	93438	92144	575627
27900	93232	91947	1308353
27900	93752	92459	585629
27900	92667	91408	568757
27900	92980	91597	567802
28000	92724	91535	1319592
28000	93891	92554	551601
28000	93667	92368	541611
28000	93324	92140	1283285
28000	92935	91611	530433
28000	92793	91459	1283947
28000	94211	92897	1294532
28000	93311	92039	1310572
28000	91705	90656	1320498
28000	93495	92170	566784
28000	95761	94334	1315851
28000	93225	91958	577525
28000	91803	90578	1274996
28000	93842	92493	549727
28000	93682	92400	544803
28000	94444	93085	590975
28000	46874	46420	522492
28000	94085	92644	539816
28000	91656	90541	556334
28000	94163	92811	1336851
28000	37197	37049	596244
28000	94145	92845	520569
28000	93533	92178	513337
28000	93832	92491	1332339
28000	94195	92929	1305795
28000	92959	91665	1281404
28000	92109	90803	579506
28000	94944	93599	541218
28000	92997	91720	524662
28000	94260	92900	1312862
28000	93992	92625	522283
28000	84538	83562	1343872
28000	93945	92599	1310480
28000	84596	83570	580121
28000	92913	91656	560230
28000	93869	92594	562560
28000	94459	93144	585597
28000	93938	92700	516282
28000	93196	91881	1284612
28000	93774	92425	1321710
28000	93545	92199	1306477
28000	92153	90965	1317902
28000	93524	92327	1336057
28000	93330	92077	593299
28000	95071	93799	595088
28000	94156	92857	579668
28000	93699	92417	554837
28000	93159	91911	1330923
28000	93476	92210	582298
28000	94718	93402	1280665
28100	94373	93013	1350184
28100	93987	92683	1348281
28100	94171	92823	1331363
28100	93785	92459	1309253
28100	93413	92090	553758
28100	95097	93736	589110
28100	93056	91795	1283995
28100	94811	93478	546636
28100	92596	91363	517040
28100	47267	46745	1308251
28100	93825	92483	584822
28100	92898	91646	574899
28100	93309	92047	1339526
28100	92993	91744	1331489
28100	95138	93798	1329758
28100	94357	93065	1337890
28100	92755	91527	1315044
28100	94808	93513	530243
28100	96747	95283	583552
28100	93979	92639	1300239
28100	95589	94141	1319108
28100	91398	90186	1345485
28100	83602	82664	578466
28100	93683	92354	1282039
28100	92781	91551	555144
28100	90903	89809	563938
28100	94646	93347	535321
28100	92341	91161	1339292
28100	95725	94421	535125
28100	93852	92566	1318237
28100	93667	92379	1332238
28100	46781	46322	1277103
28100	46472	46075	546114
28100	92396	91170	555138
28100	92975	91731	550558
28100	91825	90674	1311361
28100	94222	92916	543084
28100	93235	91906	1319927
28100	46283	45849	1306581
28100	92804	91604	536825
28100	94644	93283	591044
28100	91570	90401	595961
28100	93586	92303	1354231
28100	91671	90421	1298394
28100	84432	83401	1304726
28100	94090	92813	585013
28100	93629	92350	581348
28100	89818	88813	1309552
28100	93271	92080	1337178
28100	93467	92182	1307120
28200	93124	91884	1310971
28200	93134	91929	1290303
28200	92972	91723	600977
28200	94377	93087	1354548
28200	95940	94557	1311602
28200	94592	93291	1334236
28200	93386	92221	1357592
28200	94883	93512	590568
28200	94304	93028	1309813
28200	93694	92461	1278706
28200	94391	93084	524381
28200	47119	46683	565272
28200	95278	93926	1317397
28200	93063	91836	529906
28200	93099	91890	580209
28200	94064	92811	1352144
28200	92695	91456	1290903
28200	94374	93047	1331098
28200	94259	92956	541942
28200	83410	82488	588047
28200	94377	93056	1319286
28200	95217	93845	1314472
28200	94742	93412	590397
28200	92701	91438	1341118
28200	93538	92196	1305182
28200	92883	91619	593653
28200	95325	93930	586789
28200	94094	92800	575721
28200	92724	91523	1338462
28200	94080	92726	563869
28200	93855	92521	555476
28200	92324	91173	1311248
28200	95021	93752	1359691
28200	94939	93540	1343292
28200	93034	91829	1339377
28200	94207	92948	1280771
28200	93103	91911	1321978
28200	96040	94609	577158
28200	94722	93410	1311047
28200	94715	93409	534032
28200	93988	92690	590097
28200	94535	93276	1311116
28200	94296	92939	1304001
28200	85150	84128	1303740
28200	96104	94669	1341016
28200	93723	92462	1334509
28200	94076	92784	1321674
28200	83718	82737	526028
28200	94927	93519	528175
28200	92944	91739	538868
28300	94896	93593	551103
28300	94296	92988	1299624
28300	95033	93715	567606
28300	93472	92324	592339
28300	95792	94466	1319889
28300	95733	94358	537485
28300	95840	94502	583099
28300	94045	92721	1299818
28300	92454	91240	593624
28300	94386	93005	535209
28300	94366	93069	539098
28300	95652	94320	543933
28300	93259	92030	1340855
28300	94542	93235	556468
28300	95193	93909	1326218
28300	94651	93399	588982
28300	94525	93187	1346224
28300	95555	94190	525186
28300	94690	93364	1344812
28300	94999	93698	1308797
28300	93985	92753	1310871
28300	95841	94482	1283816
28300	93991	92651	520765
28300	94654	93357	581383
28300	94617	93408	1310901
28300	96120	94777	539092
28300	92340	91152	539592
28300	94727	93353	1304751
28300	95856	94462	582392
28300	95057	93707	535211
28300	91361	90243	1314576
28300	94420	93160	568097
28300	83969	82986	551866
28300	93296	92087	1365638
28300	93767	92516	1297100
28300	93444	92250	554284
28300	94698	93319	1295820
28300	94594	93289	1319375
28300	94856	93585	589120
28300	93588	92308	1301084
28300	94251	92905	549685
28300	94669	93340	527490
28300	93792	92578	557828
28300	93512	92295	560308
28300	95147	93827	541885
28300	93679	92439	521880
28300	92215	91017	560639
28300	94772	93380	543233
28300	94940	93661	1337281
28300	93415	92142	1306746
28400	96694	95285	1290790
28400	94451	93195	1317366
28400	96217	94837	595050
28400	94382	93115	546224
28400	94555	93277	1319011
28400	94808	93481	1307436
28400	95706	94295	1368868
28400	94980	93703	567385
28400	94094	92764	1290505
28400	95236	93890	536813
28400	95378	94066	593101
28400	93505	92247	1349577
28400	95226	93894	1304395
28400	95869	94490	576014
28400	92638	91457	1360217
28400	94281	92965	556103
28400	95714	94374	581501
28400	93289	92112	601273
28400	96219	94870	1314370
28400	96926	95628	554067
28400	89902	88867	533582
28400	94286	93079	1312016
28400	96008	94636	1290796
28400	94438	93135	567450
28400	94311	93060	1342974
28400	85186	84206	558380
28400	93519	92252	582072
28400	84141	83151	597339
28400	95602	94244	592581
28400	95087	93803	1360206
28400	94404	93115	593737
28400	95035	93690	594209
28400	91451	90354	533455
28400	46850	46417	543668
28400	94848	93612	1298590
28400	85288	84293	549061
28400	93988	92649	1335991
28400	97242	95810	1312346
28400	47086	46642	1338547
28400	94499	93185	586356
28400	95068	93791	563471
28400	95247	93894	1315679
28400	94836	93507	1304824
28400	96116	94726	1297020
28400	94570	93281	548108
28400	94062	92848	1305829
28400	95767	94489	558703
28400	94881	93625	532921
28400	94954	93648	601401
28400	86520	85457	521813
28500	95632	94337	1320931
28500	95088	93777	1329054
28500	96818	95392	1336998
28500	94749	93538	1366686
28500	84293	83366	564983
28500	94937	93592	573598
28500	93445	92194	1350381
28500	97118	95690	1306657
28500	95903	94554	599665
28500	96102	94787	1305142
28500	95892	94550	1333778
28500	85848	84804	578970
28500	96303	94961	1309100
28500	95296	93963	552738
28500	95458	94158	525442
28500	95171	93900	553853
28500	96236	94910	1329357
28500	95901	94571	542850
28500	95068	93741	600919
28500	96148	94799	1292289
28500	94049	92822	564710
28500	94548	93271	546332
28500	93387	92216	1362803
28500	95140	93733	1336661
28500	95722	94350	1297328
28500	94902	93633	1306390
28500	96172	94849	1342619
28500	94546	93339	523620
28500	91059	89904	1326092
28500	95510	94152	1297971
28500	94057	92805	1326573
28500	95458	94238	1324133
28500	93426	92218	578683
28500	96489	95112	557932
28500	94538	93308	587383
28500	95441	94102	589653
28500	92831	91673	1296071
28500	47151	46668	553646
28500	96426	95070	1297977
28500	94868	93609	1306401
28500	95457	94147	1367663
28500	94872	93562	562166
28500	94393	93147	1375460
28500	95697	94360	1311323
28500	96084	94752	567483
28500	95199	93931	544845
28500	94413	93037	1334029
28500	94328	93065	1292128
28500	95502	94274	579613
28500	94192	92888	1372398
28600	94067	92760	1334832
28600	95869	94575	561070
28600	97360	95865	1352212
28600	47118	46698	575985
28600	96619	95201	598615
28600	94673	93372	1343871
28600	95933	94634	526602
28600	94361	93136	552676
28600	85443	84490	1312411
28600	95221	93962	1338503
28600	93847	92655	527772
28600	94830	93517	525923
28600	96843	95531	537973
28600	95358	94115	584521
28600	94239	92974	529431
28600	95461	94198	1325877
28600	96094	94858	1379108
28600	96043	94702	1374509
28600	93933	92664	532404
28600	93904	92684	1377274
28600	96578	95178	1331280
28600	95732	94430	591591
28600	93793	92628	589247
28600	95761	94459	1360691
28600	96845	95376	587923
28600	86069	85074	1375864
28600	85818	84819	1327557
28600	94825	93516	592774
28600	96192	94773	568469
28600	97182	95790	562668
28600	94619	93391	594025
28600	96627	95281	1365102
28600	94666	93415	589679
28600	95503	94263	608581
28600	94626	93359	1306396
28600	95173	93898	537320
28600	95169	93910	526805
28600	96079	94742	560523
28600	95230	93946	568094
28600	95360	94039	1374213
28600	95524	94233	1348483
28600	44869	44582	1364014
28600	96095	94837	562707
28600	95145	93827	532624
28600	93614	92362	1314768
28600	94863	93663	1301809
28600	96906	95627	1298825
28600	45996	45659	539689
28600	95877	94622	567240
28600	94777	93555	530324
28700	96870	95452	1304607
28700	96031	94664	1316465
28700	96519	95140	1355687
28700	96576	95215	601540
28700	96097	94702	1376940
28700	95099	93857	547663
28700	96655	95274	1314191
28700	97471	96052	1376932
28700	94286	93034	603532
28700	96541	95226	1313156
28700	96262	94963	1366257
28700	93063	91940	1347601
28700	94958	93632	1351595
28700	97142	95762	540925
28700	86629	85614	1322504
28700	95488	94176	1349900
28700	93751	92524	1376701
28700	93892	92677	526815
28700	96862	95521	582202
28700	95426	94167	583243
28700	93975	92770	576927
28700	97169	95838	1307855
28700	97234	95856	573359
28700	96792	95480	572866
28700	86794	85752	1338636
28700	96024	94686	565026
28700	94083	92946	607238
28700	96332	95036	1309615
28700	94719	93410	1351369
28700	38374	38188	606789
28700	96771	95385	1305199
28700	94511	93300	595277
28700	94583	93374	604081
28700	97424	95961	1350066
28700	95180	93946	1333298
28700	96026	94685	552513
28700	95070	93843	1338730
28700	96685	95327	543104
28700	95897	94545	1314823
28700	96528	95120	596196
28700	96168	94927	610941
28700	96965	95665	1308610
28700	96281	94957	1365696
28700	95274	94020	1369503
28700	95932	94640	576257
28700	96522	95129	596832
28700	96386	95085	1325789
28700	95599	94330	1380357
28700	96925	95500	1327804
28700	94553	93269	1312926
28800	94236	93015	1366762
28800	95331	94044	545000
28800	96464	95049	1349992
28800	96468	95109	549617
28800	95208	94006	1340606
28800	97135	95745	1335813
28800	96956	95600	1317927
28800	97096	95741	1333625
28800	97761	96452	543457
28800	95664	94383	596305
28800	96663	95318	1381763
28800	95063	93788	574081
28800	95750	94493	1383250
28800	96202	94864	1359369
28800	86326	85343	1384742
28800	47623	47154	558835
28800	86957	85915	576889
28800	96747	95446	542631
28800	97408	95961	1382742
28800	95782	94522	1341531
28800	97293	95806	1332702
28800	96554	95283	572269
28800	95141	93893	1338537
28800	95850	94547	1327653
28800	96942	95652	546967
28800	94870	93616	609979
28800	96347	95016	1381197
28800	95949	94643	530025
28800	96020	94624	585148
28800	96481	95160	585721
28800	95052	93850	575636
28800	96133	94818	1335942
28800	94695	93484	1367424
28800	95407	94186	1336984
28800	97362	95979	1358822
28800	97538	96193	1376372
28800	95610	94363	1313529
28800	87527	86495	566270
28800	94493	93346	579021
28800	96453	95147	1318176
28800	95900	94613	567258
28800	94622	93307	581112
28800	95516	94230	1336353
28800	96046	94756	1347639
28800	96280	94955	550349
28800	95208	93948	576375
28800	96311	95003	560158
28800	97128	95736	1311457
28800	95285	94091	1332959
28800	96173	94896	1387907
28900	97184	95827	594101
28900	96817	95444	573042
28900	96225	94889	1346678
28900	95377	94231	591790
28900	48911	48363	1325757
28900	97084	95689	591515
28900	96265	94907	568172
28900	97262	95874	1326386
28900	97095	95751	565194
28900	87297	86342	1335363
28900	97086	95758	1367425
28900	95096	93876	1351513
28900	97341	96038	610432
28900	95135	93927	582309
28900	97599	96191	1357378
28900	95869	94647	542893
28900	96825	95417	1321767
28900	95709	94425	571936
28900	96118	94891	1376649
28900	96260	94973	597192
28900	98019	96616	569908
28900	96853	95420	597847
28900	96319	95006	1367785
28900	97286	95930	551165
28900	96448	95152	1337974
28900	96432	95141	1316391
28900	95568	94330	546734
28900	95823	94576	1356615
28900	97007	95629	1351875
28900	95739	94449	557379
28900	96116	94837	1341562
28900	97123	95703	574745
28900	95225	93982	599307
28900	97973	96591	547912
28900	47873	47452	571700
28900	95386	94147	1323770
28900	96983	95632	571739
28900	95613	94377	532554
28900	95699	94460	1391044
28900	96486	95139	1338593
28900	86194	85225	1365158
28900	96295	95008	612624
28900	96862	95501	1310471
28900	96014	94700	544507
28900	87113	86084	545932
28900	97161	95818	1356855
28900	97435	96074	1352645
28900	96372	95060	606743
28900	87443	86384	1365967
28900	95365	94100	543084
29000	95580	94366	540013
29000	86785	85728	1359745
29000	97054	95734	1382826
29000	96365	95096	1387718
29000	48002	47539	1357217
29000	48051	47606	557964
29000	96106	94731	1397814
29000	97712	96347	597766
29000	96989	95659	1368015
29000	97803	96457	1363155
29000	97154	95876	1333728
29000	96321	94969	548679
29000	95638	94471	1364405
29000	48160	47735	1390815
29000	97229	95872	558482
29000	95080	93839	1339056
29000	96220	94949	553184
29000	98617	97181	553962
29000	97081	95827	535057
29000	95404	94184	547734
29000	86456	85470	1320217
29000	97052	95740	1372332
29000	48090	47663	583620
29000	97850	96518	1357157
29000	95129	93890	1330428
29000	96684	95394	1314879
29000	97331	96084	577538
29000	95345	94161	1363669
29000	97656	96315	609120
29000	96995	95685	570997
29000	96005	94693	1336524
29000	96282	95099	1357300
29000	97471	96157	583612
29000	96544	95208	1324557
29000	48636	48142	1342533
29000	96689	95304	537358
29000	95380	94105	554778
29000	48520	47995	1352459
29000	95624	94325	592028
29000	96918	95620	1398707
29000	97593	96204	575710
29000	96779	95479	561633
29000	96393	95133	1367051
29000	96700	95355	1373070
29000	95305	94073	552548
29000	97064	95730	1330458
29000	96589	95257	1396567
29000	96876	95549	608902
29000	97020	95631	1331377
29000	95116	93885	590572
29100	47946	47527	1397424
29100	96692	95377	1383732
29100	96610	95330	1403769
29100	91168	90066	597284
29100	94929	93786	603351
29100	96944	95636	1399663
29100	95967	94664	560810
29100	97462	96101	1346804
29100	96185	94907	1325564
29100	96921	95675	1394337
29100	48147	47733	537693
29100	97335	95991	582364
29100	96941	95668	588951
29100	94910	93753	606243
29100	95172	93905	546616
29100	97868	96533	1321894
29100	97439	96120	1389882
29100	97683	96368	1384366
29100	97126	95785	1403771
29100	98086	96698	589463
29100	99034	97563	568899
29100	95459	94212	1332053
29100	95881	94596	1390332
29100	96519	95215	595502
29100	98070	96636	1385448
29100	87273	86210	1387943
29100	98455	97033	1319290
29100	97252	95944	1333707
29100	97390	96096	547712
29100	95834	94552	590747
29100	97644	96326	1361379
29100	87927	86923	1398724
29100	86100	85192	549030
29100	97185	95835	566682
29100	87290	86247	1349608
29100	97372	96039	1399004
29100	99297	97864	1369632
29100	97144	95838	1320330
29100	96962	95695	578087
29100	97820	96472	552698
29100	97780	96454	557453
29100	47996	47565	1342033
29100	86450	85449	590751
29100	95337	94115	556419
29100	96931	95712	552429
29100	95234	94032	1325422
29100	97592	96288	1363302
29100	94728	93630	1335061
29100	96373	95047	1398631
29100	95776	94545	1346250
29200	87312	86298	1407823
29200	95775	94580	592046
29200	97252	95991	1392332
29200	98633	97228	581940
29200	98996	97663	544318
29200	97920	96524	580147
29200	94802	93656	1373813
29200	97592	96269	1405213
29200	97126	95852	1400875
29200	97664	96344	581620
29200	98136	96801	1374753
29200	87349	86301	581633
29200	97496	96249	1351496
29200	96061	94811	601689
29200	48047	47615	1349172
29200	96763	95521	581191
29200	97920	96677	550468
29200	97533	96254	584545
29200	88196	87184	1384027
29200	88156	87029	554921
29200	96822	95572	1402476
29200	97808	96438	1368720
29200	98190	96835	585120
29200	97485	96207	551366
29200	95245	94000	1409131
29200	97721	96430	1324702
29200	96126	94877	602095
29200	96593	95307	583577
29200	99966	98528	616423
29200	98192	96755	553252
29200	98339	96995	1356594
29200	96575	95298	552308
29200	96131	94946	547359
29200	97728	96398	579279
29200	97667	96269	591407
29200	94113	92913	596460
29200	97369	96078	598564
29200	97623	96286	555484
29200	97723	96394	604965
29200	95648	94362	541004
29200	98026	96676	585994
29200	96930	95715	581684
29200	97254	95953	1350289
29200	98556	97155	560626
29200	97586	96282	1352015
29200	98572	97161	611069
29200	97952	96618	595293
29200	97894	96536	562295
29200	96189	94970	611998
29200	97607	96311	1344573
29300	97342	96084	1356903
29300	97343	96094	561206
29300	98605	97225	1342244
29300	98270	96880	1366794
29300	97624	96276	614628
29300	97472	96099	550148
29300	97111	95797	1414538
29300	97929	96571	1345989
29300	96960	95668	1395625
29300	96758	95469	1375462
29300	36981	36932	587682
29300	98831	97526	571048
29300	95593	94426	1351776
29300	98283	96881	601677
29300	98001	96704	1397018
29300	99404	98033	1376299
29300	96543	95285	1352405
29300	96952	95631	543951
29300	97104	95830	615218
29300	95308	94122	1336889
29300	96165	94903	541089
29300	98073	96674	590059
29300	98001	96610	546492
29300	96300	95056	1355788
29300	98204	96924	564263
29300	98525	97117	563343
29300	98063	96644	1394545
29300	97941	96570	611940
29300	95397	94225	1355715
29300	97711	96389	1374039
29300	96962	95655	1377813
29300	97478	96131	600717
29300	97539	96223	603108
29300	97652	96383	1329152
29300	97456	96144	617542
29300	97633	96278	580425
29300	98134	96823	555124
29300	97000	95679	570990
29300	86895	85953	572451
29300	98741	97438	1368444
29300	49158	48642	570698
29300	99308	97874	591382
29300	99994	98507	558634
29300	97337	96007	1394048
29300	94752	93587	1414402
29300	98931	97624	540987
29300	97904	96559	579838
29300	96958	95689	1347759
29300	97358	96104	622406
29300	97392	96117	578388
29400	96325	95108	576050
29400	97728	96457	1401225
29400	97828	96540	566456
29400	98575	97211	558149
29400	98612	97246	1356011
29400	99255	97893	1346002
29400	98486	97238	540126
29400	99121	97724	570575
29400	95371	94189	1344326
29400	98446	97171	618200
29400	99104	97678	1337418
29400	97186	95840	611974
29400	97256	96102	575886
29400	97630	96308	1385788
29400	99173	97847	1387414
29400	98065	96764	566884
29400	96615	95454	559130
29400	97009	95794	1388756
29400	97362	96070	1345149
29400	99255	97839	604354
29400	89169	88119	1343884
29400	99086	97738	1408099
29400	89043	88020	1337107
29400	48740	48251	562097
29400	88653	87655	1354189
29400	99288	97845	554994
29400	98333	97001	1362228
29400	94253	93065	1379249
29400	98978	97489	602558
29400	98677	97314	1354393
29400	98260	96975	1378933
29400	97320	96021	586384
29400	97921	96655	1389658
29400	96288	95078	1420515
29400	97980	96638	591768
29400	94651	93509	1416976
29400	99328	98009	551031
29400	96901	95664	1340961
29400	98770	97331	619901
29400	98373	97030	611484
29400	98238	96906	626292
29400	97800	96483	570538
29400	94981	93810	1345298
29400	98196	96775	598625
29400	99762	98443	609582
29400	98555	97112	1361218
29400	49574	49038	627155
29400	98008	96675	1400098
29400	98825	97467	1403261
29400	97200	95890	1381901
29500	97583	96341	597685
29500	99458	98050	563081
29500	98096	96676	605229
29500	97438	96148	1366083
29500	98701	97370	566345
29500	100597	99230	1395753
29500	98090	96850	555075
29500	98659	97318	545513
29500	49304	48846	1390754
29500	98388	97100	593461
29500	99238	97885	1340929
29500	99834	98458	1377660
29500	99249	97839	606244
29500	99846	98451	588913
29500	96805	95526	1358770
29500	96471	95316	618013
29500	49555	49046	622667
29500	98347	96907	598840
29500	99452	98019	624927
29500	97671	96375	1399029
29500	99142	97738	1390216
29500	98666	97267	1417319
29500	97806	96467	1395590
29500	99123	97792	1349982
29500	99393	98036	583156
29500	97941	96657	554360
29500	99199	97829	563969
29500	49656	49141	575204
29500	98262	96944	1407074
29500	97141	95916	593447
29500	98922	97562	1402687
29500	98599	97259	606743
29500	99443	98093	1365427
29500	96162	94984	546823
29500	98312	97014	1424936
29500	98896	97554	1383234
29500	99124	97796	1415849
29500	97048	95857	619527
29500	98100	96791	1372927
29500	97697	96396	629263
29500	99268	97851	576723
29500	99443	98099	1339279
29500	99080	97827	606200
29500	96466	95207	595165
29500	96390	95179	1372645
29500	97617	96270	587929
29500	97259	95989	1351668
29500	98011	96673	585026
29500	98193	96891	1338168
29500	99077	97685	1412362
29600	99665	98212	577877
29600	87737	86687	1397562
29600	100992	99573	544380
29600	99084	97754	1350519
29600	98288	97042	1427353
29600	88397	87365	583292
29600	100338	98900	582895
29600	99282	97961	587353
29600	96478	95246	597076
29600	99649	98300	1411120
29600	99297	97943	629249
29600	99519	98184	625890
29600	97503	96251	1392641
29600	99771	98315	616364
29600	95860	94664	595158
29600	98102	96784	609890
29600	88354	87372	1395821
29600	99360	98073	1366042
29600	98891	97608	1396046
29600	98689	97408	1351446
29600	97978	96671	557325
29600	89108	88069	1404767
29600	100174	98746	1344687
29600	99967	98589	1395565
29600	98961	97597	1380748
29600	100307	98914	1367075
29600	92669	91591	1356380
29600	98069	96789	547799
29600	97941	96647	552880
29600	95654	94438	1354141
29600	97794	96530	624452
29600	98498	97168	611561
29600	98849	97520	597303
29600	99210	97852	1382467
29600	99510	98155	1374177
29600	97871	96642	590483
29600	98874	97571	560468
29600	99913	98529	1370792
29600	98393	97091	1369516
29600	96636	95416	559952
29600	98498	97157	1393967
29600	99241	97858	1401249
29600	98977	97628	1397466
29600	99753	98369	1382736
29600	99486	98156	551061
29600	86099	85212	1402031
29600	98603	97301	1398265
29600	98782	97483	596411
29600	98967	97645	598000
29600	98721	97408	1370745
29700	99126	97757	1379039
29700	99460	98129	1394649
29700	99270	97890	578297
29700	99364	97998	1411124
29700	98311	96992	563937
29700	98479	97164	1366335
29700	102304	100791	598840
29700	99674	98322	573171
29700	99368	98024	1381832
29700	97401	96174	1353123
29700	97911	96708	1366167
29700	88048	87107	1419189
29700	100334	98917	1370855
29700	98195	96951	628319
29700	97975	96702	1361013
29700	99829	98482	561465
29700	99622	98275	556640
29700	100689	99226	1386130
29700	100174	98786	1362418
29700	100522	99169	560124
29700	99516	98166	547816
29700	100156	98726	580597
29700	99721	98344	564385
29700	89382	88305	1372693
29700	99611	98212	580230
29700	100618	99146	1354403
29700	99791	98408	1351550
29700	99648	98229	1350721
29700	99947	98525	1364368
29700	100255	98885	631614
29700	98408	97113	550728
29700	98228	96983	624855
29700	99492	98147	626390
29700	98438	97124	574667
29700	99765	98410	579340
29700	98679	97332	574617
29700	93973	92864	612659
29700	90095	89005	597842
29700	98870	97462	587264
29700	99795	98468	1408529
29700	98718	97413	592853
29700	99683	98332	1373623
29700	99883	98517	603519
29700	99823	98454	1346420
29700	99840	98470	621213
29700	97836	96555	1357079
29700	99495	98098	633099
29700	89539	88512	1348771
29700	98438	97193	562403
29700	49098	48615	1364699
29800	98712	97399	1390414
29800	99674	98368	594409
29800	99306	97993	605703
29800	99344	97956	570784
29800	100035	98672	577328
29800	101486	100027	595940
29800	96592	95374	1385431
29800	99230	97895	549183
29800	89305	88244	1355338
29800	100296	98947	611011
29800	96681	95504	1437959
29800	100716	99357	1364185
29800	95834	94666	1399771
29800	99728	98416	1405248
29800	96499	95347	547083
29800	99388	98007	599770
29800	98318	96993	1396624
29800	100250	98907	1353296
29800	100125	98735	600430
29800	98614	97392	566919
29800	98835	97459	571111
29800	98366	97125	616584
29800	39737	39585	555595
29800	98559	97296	559204
29800	99990	98672	603899
29800	101220	99773	1400040
29800	87979	87047	1362508
29800	98887	97606	548422
29800	97780	96524	611334
29800	100338	98956	1436535
29800	98942	97610	1382359
29800	99012	97774	1400966
29800	89684	88653	1402551
29800	98889	97662	585537
29800	101754	100263	1429608
29800	99165	97794	1408127
29800	97484	96299	1393355
29800	98910	97591	632194
29800	100415	99008	1412869
29800	98336	97091	566432
29800	99112	97726	1436301
29800	100123	98762	611798
29800	99515	98184	563599
29800	97963	96769	557604
29800	100321	98890	620154
29800	89003	87954	612932
29800	98550	97362	1370723
29800	100515	99086	1384587
29800	98846	97492	1354603
29800	98836	97567	546865
29900	99993	98610	591949
29900	97016	95848	1438216
29900	100897	99586	627250
29900	100774	99459	1396781
29900	99575	98294	598515
29900	99126	97945	1377363
29900	50218	49693	1436847
29900	99464	98135	614085
29900	98846	97598	1425129
29900	50304	49786	1413408
29900	99671	98309	573535
29900	50225	49748	600151
29900	99799	98391	621757
29900	99293	97948	626910
29900	99068	97920	1366338
29900	99764	98380	570252
29900	100824	99397	632781
29900	100497	99155	1425324
29900	99153	97851	1421358
29900	99280	97974	1433542
29900	101975	100510	632869
29900	92951	91910	1428697
29900	100438	99005	1360044
29900	99309	97972	604725
29900	99162	97823	580907
29900	99864	98505	576917
29900	100732	99329	577658
29900	99042	97655	601126
29900	100007	98704	1442416
29900	100240	98867	1361661
29900	99280	97916	1442276
29900	100905	99501	577486
29900	101517	100041	554583
29900	100630	99268	555686
29900	100630	99327	1361385
29900	98340	97120	1436719
29900	101178	99772	1366446
29900	99796	98405	1408276
29900	98825	97475	565370
29900	99514	98222	563392
29900	98514	97293	1358109
29900	99345	97973	572868
29900	100439	99021	1418613
29900	100713	99369	1396428
29900	99341	98125	605205
29900	100672	99271	560829
29900	99276	97965	598230
29900	99452	98081	634436
29900	101293	99896	586038
29900	100636	99174	584802
30000	98778	97445	1444912
30000	101030	99621	1367985
30000	99957	98581	607249
30000	99927	98663	559862
30000	100469	99032	1419898
30000	100578	99191	1404763
30000	97715	96570	587843
30000	97853	96621	608068
30000	100239	98891	1422642
30000	98648	97390	1407475
30000	98935	97585	625859
30000	101299	99922	594446
30000	99493	98120	1373057
30000	100946	99551	551155
30000	100324	99006	634913
30000	98511	97164	1427328
30000	87055	86191	612546
30000	99048	97756	597268
30000	102016	100606	608572
30000	100790	99435	1381854
30000	101288	99969	1393732
30000	100236	98895	592186
30000	99732	98367	622229
30000	100655	99238	581837
30000	90436	89347	586342
30000	98221	97027	1422469
30000	99070	97755	581287
30000	91306	90260	585127
30000	100021	98662	571364
30000	101333	99933	1369424
30000	98941	97648	1373568
30000	99997	98705	1379185
30000	99345	98067	1412538
30000	101612	100218	1439740
30000	100597	99220	1385199
30000	102471	101035	1410260
30000	101138	99749	1410117
30000	90109	89053	579756
30000	100658	99288	581014
30000	96902	95659	1411940
30000	101134	99731	1424196
30000	99334	98140	554032
30000	100789	99381	550570
30000	99954	98640	587674
30000	99680	98378	1410948
30000	101507	100027	1362296
30000	98884	97660	1423844
30000	101043	99601	595953
30000	101605	100209	1400606
30000	100993	99638	608612
30100	101086	99779	633709
30100	100466	99153	1447052
30100	102401	101016	1412944
30100	101308	99948	1435529
30100	100643	99317	1445305
30100	101132	99692	1421736
30100	99410	98097	1399949
30100	99108	97801	603177
30100	100061	98764	1433739
30100	101142	99781	1429928
30100	98909	97683	1387991
30100	99905	98588	620731
30100	90060	88960	1376763
30100	101606	100209	1414872
30100	99752	98479	1439069
30100	100335	98970	597404
30100	90140	89149	635228
30100	100309	98988	572137
30100	100117	98802	638478
30100	101005	99632	554680
30100	100924	99498	1421353
30100	100722	99358	1426447
30100	100073	98826	1408603
30100	101440	100027	1403489
30100	101324	99958	611724
30100	100527	99177	563460
30100	97901	96727	1450034
30100	100754	99385	589489
30100	99208	97996	611256
30100	100092	98734	572775
30100	101585	100132	607983
30100	101148	99809	593066
30100	99916	98598	1440910
30100	99623	98349	630727
30100	99988	98640	589871
30100	101844	100427	569001
30100	100480	99185	1397936
30100	50508	50033	1453280
30100	100310	98948	1379809
30100	99310	98040	1443389
30100	99974	98716	553560
30100	99564	98295	590068
30100	99874	98559	599619
30100	100491	99170	1418901
30100	99791	98413	635170
30100	98083	96889	1409697
30100	101339	99988	557413
30100	100371	98986	1448314
30100	91204	90097	588667
30100	101520	100158	1438034
30200	93878	92823	580070
30200	99297	98019	619964
30200	100833	99467	1391939
30200	49977	49495	1412923
30200	96794	95675	612698
30200	102067	100627	1458098
30200	101108	99762	1381357
30200	100562	99242	617216
30200	101771	100467	1393005
30200	100235	98857	1397958
30200	99791	98492	1456297
30200	101018	99625	566636
30200	101316	99932	1448019
30200	99053	97787	1418703
30200	90683	89600	1381414
30200	100527	99277	558307
30200	99551	98345	574557
30200	92194	91111	1426544
30200	100403	99066	1398472
30200	90733	89607	1394801
30200	101311	99913	1418900
30200	100535	99139	565581
30200	101936	100483	1425029
30200	100995	99636	1373125
30200	101286	99897	593394
30200	102054	100684	1396403
30200	100805	99422	1449648
30200	101595	100204	570067
30200	102293	100947	1390034
30200	100967	99616	1436661
30200	100782	99404	1453896
30200	100737	99419	1423963
30200	91212	90055	1404161
30200	98633	97365	1458104
30200	101281	99894	623285
30200	100451	99192	603865
30200	101759	100355	1431444
30200	100489	99099	1439267
30200	99192	97942	1434088
30200	100474	99095	1416977
30200	101418	100142	1448081
30200	99522	98243	600992
30200	50340	49894	594017
30200	101712	100272	1375555
30200	99929	98692	559981
30200	102180	100720	642471
30200	91122	90006	1414139
30200	101379	99962	582553
30200	88108	87170	1386355
30200	102303	100857	1394096
30300	102296	100850	589465
30300	102461	100992	639817
30300	101027	99695	1391068
30300	100130	98837	1381492
30300	101337	99957	571032
30300	91098	90052	566777
30300	101628	100248	1381161
30300	100824	99479	1434488
30300	99831	98470	1376337
30300	100657	99397	1461548
30300	100885	99629	1413037
30300	101677	100294	1429571
30300	50167	49717	591443
30300	102024	100590	1376143
30300	101474	100079	1440815
30300	101516	100167	1387205
30300	100048	98758	577679
30300	102302	100899	1400219
30300	101042	99693	573758
30300	101602	100231	559566
30300	50518	50009	630315
30300	101051	99688	600448
30300	101230	99930	619686
30300	102125	100769	1410172
30300	91666	90545	623610
30300	100794	99452	633154
30300	101349	99966	1463967
30300	102151	100768	1408637
30300	99225	98007	1413704
30300	99332	98081	1392787
30300	100480	99140	1445935
30300	99403	98114	564713
30300	101413	100017	1416839
30300	101417	100032	1447704
30300	99857	98598	1453674
30300	99793	98536	1449011
30300	90722	89671	1389052
30300	50866	50377	622943
30300	91178	90069	618129
30300	91550	90455	1390723
30300	101154	99750	601006
30300	99862	98509	640634
30300	101828	100509	594846
30300	102474	100954	1390093
30300	100332	99019	622500
30300	100664	99321	1390403
30300	101366	99945	1415935
30300	101129	99805	1419146
30300	91878	90766	605941
30300	99220	97928	1408556
30400	102245	100871	629577
30400	102658	101288	618014
30400	103206	101745	1450660
30400	101289	99965	1436451
30400	100669	99333	1379753
30400	100969	99629	566183
30400	100738	99363	1395925
30400	102177	100830	625908
30400	100723	99362	615432
30400	100635	99351	628220
30400	101404	100072	601071
30400	99398	98120	557375
30400	40408	40247	623291
30400	101374	99917	593541
30400	101871	100499	563990
30400	100723	99380	579378
30400	101291	99987	580454
30400	100989	99640	582155
30400	100521	99320	603640
30400	100782	99507	633236
30400	101320	100009	1413456
30400	101976	100547	1460723
30400	102741	101287	1449507
30400	101136	99803	1403430
30400	49557	49098	590908
30400	101314	99911	614222
30400	102132	100783	600090
30400	101917	100459	1450091
30400	99375	98124	1461129
30400	100637	99369	1458752
30400	101756	100368	562491
30400	102364	100932	637822
30400	102680	101222	583895
30400	50047	49569	564251
30400	98757	97555	562669
30400	102632	101221	1404671
30400	100966	99659	1442705
30400	102218	100832	1426579
30400	101434	100086	1390699
30400	100127	98844	579960
30400	100706	99390	1384239
30400	100202	98911	1433612
30400	101804	100450	1414799
30400	50783	50286	577160
30400	99612	98397	606112
30400	101531	100273	600266
30400	100743	99469	1399490
30400	102534	101061	584285
30400	102141	100669	1398462
30400	97233	96080	1389912
30500	102639	101211	617177
30500	102444	101066	1407649
30500	100834	99461	1403303
30500	92443	91353	613673
30500	101269	99906	624348
30500	101858	100576	1385503
30500	101854	100468	1433215
30500	102630	101201	1410631
30500	99302	98173	635611
30500	103171	101735	647884
30500	101784	100424	612927
30500	103280	101828	1466351
30500	92722	91727	620809
30500	102619	101258	1443326
30500	100137	98840	1406719
30500	100391	99129	1473725
30500	101129	99794	1412298
30500	86436	85558	1392536
30500	101357	100030	609758
30500	99544	98267	635169
30500	101947	100604	1421342
30500	101241	99857	1406230
30500	91609	90587	650473
30500	101963	100554	1441871
30500	101219	99859	634041
30500	102323	101020	1406634
30500	100006	98718	1423774
30500	102842	101380	1455578
30500	102557	101168	603305
30500	102469	101041	649398
30500	103499	102060	597186
30500	101191	99811	1434021
30500	100993	99718	577121
30500	99903	98633	1427799
30500	101713	100347	622971
30500	90139	89084	611418
30500	101444	100003	1402871
30500	101270	99922	626477
30500	92198	91126	582949
30500	103598	102141	1397634
30500	102725	101360	1455189
30500	101661	100228	632617
30500	102220	100903	1402406
30500	99104	97850	562664
30500	101010	99718	634708
30500	101823	100415	1422055
30500	101302	99893	1402140
30500	102732	101413	590518
30500	101516	100117	1443697
30500	102165	100811	621270
30600	102267	100892	644317
30600	101556	100242	1413403
30600	102221	100909	611279
30600	98594	97454	1447023
30600	102567	101210	1401921
30600	103440	102056	1419728
30600	101326	99982	1443939
30600	91360	90334	1422703
30600	101677	100299	623680
30600	102539	101184	580086
30600	50948	50483	1457948
30600	103239	101748	646082
30600	101204	99877	1424990
30600	100615	99316	587365
30600	102288	100982	1417352
30600	90701	89741	1455760
30600	100229	99021	1410359
30600	102023	100695	581042
30600	101145	99822	1434277
30600	102780	101379	608227
30600	99380	98077	1433259
30600	101887	100526	645967
30600	102615	101215	1439423
30600	102028	100667	1400094
30600	101725	100424	633148
30600	100216	99009	612119
30600	100734	99408	579687
30600	91927	90858	1414114
30600	101553	100145	1414639
30600	101493	100185	634353
30600	99720	98544	643176
30600	49358	48961	1410395
30600	91408	90370	649327
30600	102555	101161	1478177
30600	101918	100592	1409512
30600	100883	99614	1467041
30600	101922	100628	594777
30600	102829	101458	1457393
30600	101125	99866	616890
30600	103601	102200	1457057
30600	101309	99899	561407
30600	100479	99202	1459126
30600	101527	100214	1423534
30600	103382	101923	621333
30600	102600	101187	1408544
30600	91552	90531	1411800
30600	104225	102676	1407755
30600	50875	50350	575775
30600	102081	100610	1397773
30600	91440	90409	624515
30700	101075	99848	1424439
30700	50855	50431	645336
30700	50920	50476	590408
30700	100616	99343	598301
30700	102194	100835	609030
30700	102377	101001	1399911
30700	103587	102078	1446961
30700	102441	101066	1469582
30700	91945	90839	623840
30700	102069	100727	1458284
30700	103062	101634	1476530
30700	102393	101101	1459487
30700	104482	103055	569197
30700	102550	101151	1411957
30700	104517	103009	605212
30700	102197	100784	609811
30700	102602	101294	577053
30700	103106	101662	607661
30700	51677	51119	1458525
30700	101852	100515	637379
30700	103167	101816	606185
30700	102782	101476	571872
30700	103210	101816	1473964
30700	102754	101437	1460608
30700	103415	101990	607104
30700	103437	102052	1416644
30700	101332	100050	1409341
30700	101277	99997	618917
30700	103710	102309	1460974
30700	100174	98899	1402525
30700	101253	100000	621667
30700	103198	101823	1469180
30700	97546	96412	1468162
30700	100478	99244	1476667
30700	103274	101837	1473142
30700	50775	50324	621348
30700	102879	101469	1436664
30700	102578	101180	1431023
30700	101999	100659	1423831
30700	93082	92021	620836
30700	104163	102789	650092
30700	103731	102287	654628
30700	102254	100896	1470353
30700	102652	101236	643421
30700	103695	102326	563145
30700	101248	99966	599305
30700	103664	102185	1392743
30700	103156	101819	597115
30700	102112	100841	1473062
30700	103405	101974	1478867
30800	103403	102074	617627
30800	102845	101500	1465202
30800	103457	101973	646290
30800	103880	102455	641949
30800	103715	102323	653689
30800	92785	91665	603453
30800	103080	101674	578602
30800	102835	101548	611279
30800	102040	100614	1402250
30800	102749	101360	1488241
30800	102231	100919	1423321
30800	102048	100783	1424180
30800	104116	102647	586063
30800	102824	101378	647599
30800	51390	50921	610717
30800	104337	102963	1454396
30800	102782	101443	576078
30800	102919	101562	1426136
30800	102262	100888	1416315
30800	103324	101906	594004
30800	103286	101885	643504
30800	102733	101370	645406
30800	103654	102264	1399510
30800	104004	102496	565164
30800	102320	100902	1428522
30800	102191	100893	1400904
30800	103932	102574	569254
30800	50980	50501	588032
30800	103675	102252	635114
30800	102756	101415	568009
30800	101078	99798	623910
30800	41095	40927	1470474
30800	101218	99961	1475466
30800	102404	101051	1449071
30800	92265	91271	609638
30800	103585	102172	571901
30800	102643	101180	1403100
30800	103466	102107	603433
30800	103258	101864	1469419
30800	104024	102551	608573
30800	103016	101623	650065
30800	101682	100368	579570
30800	101827	100528	592144
30800	100538	99302	621635
30800	104007	102532	590786
30800	102847	101379	1413878
30800	102938	101641	1419137
30800	103048	101640	1427266
30800	102669	101310	605933
30800	105086	103652	1451067
30900	103058	101690	1442964
30900	104003	102609	1449934
30900	103743	102363	605780
30900	91961	90898	595247
30900	104240	102856	640682
30900	103011	101588	1424728
30900	101871	100532	571440
30900	102949	101606	1416324
30900	105236	103736	651109
30900	105441	103930	1438240
30900	103803	102424	626090
30900	103959	102518	644963
30900	103377	101956	649575
30900	102279	100928	1424602
30900	93578	92513	595462
30900	104424	102988	590973
30900	105039	103577	617355
30900	103388	102042	612027
30900	102475	101127	1420079
30900	99554	98429	583105
30900	50764	50364	1484296
30900	104712	103286	1401821
30900	103161	101719	589835
30900	104875	103438	595699
30900	103915	102515	1451726
30900	92904	91949	1457565
30900	103150	101794	1442490
30900	102607	101172	1476228
30900	103289	101934	618552
30900	103075	101777	1423310
30900	104255	102806	1480389
30900	102676	101316	1453471
30900	103289	101869	581113
30900	102949	101597	645160
30900	103933	102420	1438604
30900	103412	101943	640240
30900	102458	101059	1485313
30900	103031	101680	1417162
30900	102979	101492	631502
30900	103111	101697	617560
30900	104828	103295	616680
30900	103817	102473	1400983
30900	103200	101824	656345
30900	101406	100157	628795
30900	52030	51511	1440774
30900	103661	102207	619596
30900	102445	101075	603432
30900	103146	101754	1483621
30900	100790	99504	629189
30900	103706	102275	638631
31000	104878	103408	1477235
31000	103467	102022	1427495
31000	104432	103054	610703
31000	104013	102599	1450005
31000	102863	101548	568764
31000	93578	92461	1424359
31000	103851	102432	1464518
31000	103475	102192	574285
31000	101890	100640	1446894
31000	103437	102086	1421631
31000	102278	100960	1467820
31000	102962	101626	1486308
31000	103138	101778	574500
31000	101993	100637	605452
31000	102902	101542	1428925
31000	104643	103222	602121
31000	104003	102540	1415590
31000	103586	102268	1406260
31000	102790	101404	603864
31000	103576	102157	609787
31000	101971	100682	1496562
31000	102522	101263	1454294
31000	100507	99288	583404
31000	103402	102029	570399
31000	102528	101217	613723
31000	103988	102511	1455129
31000	93046	91934	575387
31000	105213	103765	1493122
31000	102633	101288	658580
31000	101002	99688	595724
31000	104869	103367	594696
31000	104167	102681	1464535
31000	102781	101476	619250
31000	102978	101599	587195
31000	103022	101685	1455433
31000	102160	100846	1457963
31000	103203	101846	1484028
31000	102070	100725	638375
31000	104608	103177	590423
31000	103916	102426	621234
31000	103333	101989	1463071
31000	104331	102920	1463159
31000	103305	101963	603234
31000	91725	90743	1437918
31000	103071	101659	1487928
31000	102163	100827	626954
31000	104784	103353	1405731
31000	102775	101481	1424110
31000	103701	102258	1447664
31000	105543	104081	1426430
31100	101950	100654	1489856
31100	102482	101208	601228
31100	105542	104049	1477824
31100	103405	102065	649140
31100	104435	103049	594441
31100	101327	100171	597550
31100	102971	101602	1456252
31100	103922	102512	617565
31100	103738	102332	606432
31100	103889	102472	659688
31100	103643	102344	644271
31100	102513	101254	623166
31100	104999	103587	610258
31100	102321	101029	1478111
31100	103096	101793	649497
31100	103057	101714	610773
31100	104003	102538	1494263
31100	103609	102230	1412536
31100	104322	102935	653747
31100	102888	101514	1455874
31100	91174	90242	621828
31100	102793	101459	644269
31100	92747	91786	654145
31100	103906	102550	1451756
31100	51565	51100	613342
31100	103799	102440	1467561
31100	103983	102596	634791
31100	103536	102182	1464443
31100	101811	100551	1444638
31100	102839	101502	652353
31100	103153	101769	1448686
31100	103073	101688	582481
31100	103852	102486	651705
31100	103931	102494	1442743
31100	104156	102742	1493517
31100	104607	103237	1472586
31100	103727	102302	575843
31100	103639	102202	633989
31100	105505	104070	641993
31100	103827	102474	606833
31100	98579	97402	1477388
31100	103425	102029	1410561
31100	103740	102394	1419147
31100	103259	101863	1483290
31100	103691	102315	1453424
31100	103601	102271	608263
31100	100986	99804	644779
31100	103173	101807	593071
31100	104279	102908	1439198
31100	100847	99704	629200
31200	101633	100392	657468
31200	104500	103038	1451685
31200	105040	103651	574448
31200	104120	102796	659340
31200	102682	101479	1483612
31200	103225	101928	1468257
31200	104086	102714	1441145
31200	102248	100940	1427678
31200	105332	103899	639523
31200	103888	102564	1454972
31200	104647	103128	1421947
31200	104058	102686	574909
31200	103160	101835	594280
31200	102902	101544	1491778
31200	104116	102725	626880
31200	104918	103458	1443446
31200	103623	102291	620215
31200	105337	103902	1417607
31200	103610	102187	1436581
31200	102507	101227	1477796
31200	104644	103175	1471154
31200	104586	103179	578519
31200	104549	103115	1422793
31200	104823	103365	643316
31200	94341	93234	642981
31200	101524	100173	618508
31200	104684	103325	617332
31200	103971	102530	587283
31200	104324	102928	631198
31200	104019	102577	1460908
31200	52065	51547	1458140
31200	104063	102730	635151
31200	103938	102612	1440971
31200	103576	102196	1419583
31200	105958	104445	1442194
31200	52254	51741	1478010
31200	105527	104031	1499940
31200	106078	104654	1442180
31200	104202	102824	648586
31200	104584	103204	1427439
31200	104741	103364	1435300
31200	103157	101819	1426571
31200	105603	104057	641207
31200	104386	102995	1425378
31200	104003	102608	619796
31200	105016	103586	1452278
31200	103974	102600	591103
31200	102574	101277	662225
31200	104022	102684	582386
31200	104749	103356	1470965
31300	104885	103542	639791
31300	105481	104007	603644
31300	104261	102933	586459
31300	103478	102126	659579
31300	105687	104294	587592
31300	105335	103790	662805
31300	105029	103587	1487346
31300	104181	102832	1505542
31300	94253	93199	1432685
31300	104902	103536	593984
31300	104625	103220	616548
31300	104130	102792	617479
31300	94583	93456	625707
31300	103364	102068	600605
31300	106487	105103	574085
31300	105575	104199	645554
31300	94642	93606	1470151
31300	105848	104381	1439243
31300	101668	100422	1497012
31300	103023	101695	580367
31300	106075	104628	1486800
31300	103909	102611	611126
31300	103717	102388	1503206
31300	104974	103470	1460548
31300	94295	93210	654081
31300	105345	103847	583206
31300	105092	103647	637100
31300	104943	103629	611581
31300	104381	103002	1512464
31300	104264	102907	1462372
31300	103972	102593	616089
31300	105345	103917	1495759
31300	104505	103058	581845
31300	102849	101558	665121
31300	105135	103712	580716
31300	106508	105013	1421863
31300	105849	104361	1444591
31300	102834	101467	1443853
31300	104908	103568	1440083
31300	105468	104049	617745
31300	104345	102979	656082
31300	104651	103175	588701
31300	104340	103016	643815
31300	104474	103129	643685
31300	105403	103853	593752
31300	104203	102843	609878
31300	104815	103393	626487
31300	104559	103155	630574
31300	104931	103533	649510
31300	105618	104247	1430318
31400	105767	104350	1450518
31400	104434	103050	596713
31400	104846	103465	606600
31400	104293	102974	1434111
31400	105601	104134	655312
31400	104782	103492	651631
31400	105674	104298	1443293
31400	105263	103906	604704
31400	105810	104435	1488811
31400	105055	103608	633629
31400	105361	103982	1479121
31400	104185	102877	591246
31400	94707	93603	667199
31400	105664	104214	601986
31400	105489	104037	614316
31400	103773	102439	1429952
31400	103822	102478	1510558
31400	106536	105107	1444960
31400	104530	103133	1501617
31400	51648	51269	1487788
31400	105277	103882	1459679
31400	104458	103116	600697
31400	103921	102552	611254
31400	105220	103852	645776
31400	52582	52072	1476081
31400	105033	103527	1470656
31400	99448	98152	1481349
31400	105073	103666	1494013
31400	105187	103750	1448993
31400	105771	104312	641013
31400	102299	101049	620587
31400	104643	103346	645856
31400	104222	102867	629517
31400	105759	104267	625175
31400	105054	103672	634531
31400	103794	102432	603657
31400	105152	103716	1506375
31400	103271	101878	1496035
31400	103859	102516	624714
31400	91989	91061	1496390
31400	104740	103394	654422
31400	105680	104283	659598
31400	105372	103940	666001
31400	103745	102418	1469769
31400	105104	103672	598986
31400	105857	104403	1511574
31400	104754	103295	606738
31400	105516	104137	1423915
31400	105787	104282	652704
31400	104015	102714	1508343
31500	104755	103349	1457010
31500	107072	105566	652275
31500	105378	103967	663628
31500	102824	101498	642885
31500	106043	104629	1483985
31500	104974	103615	1492902
31500	106213	104793	591310
31500	105820	104378	1461208
31500	94688	93672	1489489
31500	106883	105464	652916
31500	103241	101932	1482372
31500	105422	104081	661844
31500	104801	103426	598699
31500	106645	105193	652936
31500	105661	104221	594848
31500	91583	90589	664374
31500	103198	101877	583956
31500	106460	105025	593771
31500	104001	102673	602575
31500	103879	102582	665544
31500	105298	103956	649270
31500	105962	104512	1435625
31500	104476	103154	1476738
31500	103666	102369	617204
31500	106029	104589	635454
31500	106450	105032	590453
31500	106109	104730	1434746
31500	104796	103444	1483405
31500	105888	104397	1487103
31500	105906	104508	651247
31500	106639	105177	1466496
31500	105348	104014	1454384
31500	106368	104895	614583
31500	104485	103139	1458813
31500	103153	101874	1477847
31500	104032	102700	1431631
31500	93401	92366	1448010
31500	105332	104016	668521
31500	103638	102387	1434976
31500	104599	103239	1437164
31500	104456	103166	670582
31500	104391	103038	622510
31500	103899	102538	1439483
31500	105932	104565	1502188
31500	104130	102862	646983
31500	101837	100667	587577
31500	94488	93437	1501271
31500	95314	94227	594807
31500	104391	103056	1503871
31500	106649	105129	659181
31600	53028	52520	646012
31600	105008	103602	649336
31600	102878	101630	635759
31600	104323	103100	1435224
31600	92584	91656	1483723
31600	104474	103151	631008
31600	106637	105222	1434502
31600	52200	51744	668309
31600	104085	102780	1445559
31600	103848	102507	1519659
31600	105539	104111	582440
31600	105644	104269	1508084
31600	105993	104571	1503261
31600	105395	104010	1463285
31600	104871	103568	1496598
31600	106327	104893	595633
31600	104778	103424	673870
31600	105458	104090	1489893
31600	105880	104500	1485643
31600	104835	103550	1469188
31600	96038	94925	1526995
31600	105208	103859	629288
31600	92677	91682	637515
31600	103871	102479	593136
31600	105483	104129	626149
31600	52187	51714	626177
31600	102396	101165	671549
31600	104263	102940	1492883
31600	102015	100855	650214
31600	50747	50384	1440850
31600	102017	100853	657979
31600	106140	104774	1451549
31600	94421	93396	639128
31600	105270	103860	1511561
31600	105058	103649	1484161
31600	105686	104265	595264
31600	104568	103251	647965
31600	105715	104266	1441464
31600	102643	101363	1512827
31600	105021	103665	1433253
31600	106489	105053	672635
31600	105157	103844	1442461
31600	103463	102126	1464828
31600	105812	104346	1433993
31600	104816	103442	668224
31600	106343	104917	614489
31600	106422	105065	667958
31600	106110	104680	1510412
31600	105283	103990	584291
31600	104437	103121	1452672
31700	104997	103592	1519140
31700	107497	106090	601184
31700	107200	105863	640076
31700	104874	103541	1501974
31700	106053	104663	1461543
31700	106019	104636	1443750
31700	53198	52662	660491
31700	106756	105321	664551
31700	106531	105135	1469129
31700	105091	103735	1450464
31700	105623	104264	602910
31700	106581	105168	656483
31700	106506	105122	647991
31700	104449	103152	1512149
31700	105834	104515	1455719
31700	104136	102855	1503551
31700	103768	102488	1478777
31700	103904	102622	1447503
31700	103319	102062	592448
31700	105173	103789	650135
31700	107651	106191	1511015
31700	107399	105859	652710
31700	105710	104246	644244
31700	105844	104449	645424
31700	106051	104652	601237
31700	105979	104511	620479
31700	105456	104103	1495691
31700	104353	103126	605147
31700	104971	103695	1471217
31700	105949	104548	1496918
31700	106907	105485	1477820
31700	105952	104568	657768
31700	105848	104498	1467850
31700	105266	103872	645150
31700	104852	103482	663166
31700	103980	102680	1487712
31700	104223	103044	1497549
31700	106630	105176	1446613
31700	105670	104341	644380
31700	105135	103796	657229
31700	105756	104369	586698
31700	52353	51910	1500125
31700	104524	103200	1450717
31700	105548	104195	669894
31700	95162	94027	596248
31700	102507	101280	1471923
31700	105220	103883	668011
31700	95125	94072	621195
31700	106894	105432	624644
31700	105348	104007	1437537
31800	94963	93875	602443
31800	103179	101905	654990
31800	105294	103999	613082
31800	107447	105981	672977
31800	107406	105923	1513832
31800	106634	105175	625092
31800	103682	102403	1533602
31800	106635	105163	1527047
31800	106304	104911	647054
31800	106751	105429	1458169
31800	105933	104525	1490682
31800	105721	104266	631868
31800	105900	104536	1500440
31800	104421	103085	1457511
31800	107067	105643	624712
31800	106422	105060	590128
31800	104018	102746	1482172
31800	106731	105291	635128
31800	104486	103191	1490370
31800	105494	104103	644998
31800	106462	104967	624117
31800	107270	105883	1516342
31800	105562	104134	1491488
31800	106505	105087	666779
31800	106209	104814	596075
31800	106946	105506	1529564
31800	106651	105156	1524972
31800	106089	104748	587537
31800	106732	105285	1472903
31800	104477	103192	1519475
31800	106443	104997	1496051
31800	106153	104850	1516662
31800	107190	105770	665111
31800	94707	93659	1463310
31800	104445	103103	1448229
31800	107366	105918	611484
31800	106929	105529	1449026
31800	105888	104461	1523449
31800	105500	104148	586919
31800	102604	101378	1531642
31800	107525	106114	608714
31800	105175	103841	592817
31800	107146	105632	1519035
31800	106455	105102	668565
31800	105748	104363	1492060
31800	106797	105324	1536613
31800	107792	106397	1461376
31800	106147	104745	595057
31800	105055	103687	604268
31800	106830	105453	1481190
31900	106815	105406	1451887
31900	104051	102769	649149
31900	105612	104263	629802
31900	106713	105304	1447723
31900	103217	102044	1459723
31900	106587	105125	608381
31900	106162	104792	596117
31900	106474	105074	591814
31900	106540	105130	1505733
31900	106207	104762	675995
31900	106212	104827	627446
31900	106756	105384	1475185
31900	107510	105967	585775
31900	107372	105938	1467432
31900	53021	52530	1495812
31900	108234	106719	1503698
31900	107518	106089	1491769
31900	106293	104939	606853
31900	106009	104630	1456224
31900	94270	93241	653562
31900	106926	105447	641292
31900	106569	105189	625801
31900	106358	104952	620790
31900	106517	105111	606491
31900	107904	106429	605989
31900	106038	104611	662434
31900	107656	106228	1526282
31900	107824	106378	1490723
31900	106523	105098	1479826
31900	106079	104721	585039
31900	108390	106910	594942
31900	106594	105218	1472128
31900	105583	104247	618679
31900	104377	103132	632160
31900	104272	103091	1506528
31900	94293	93370	613466
31900	106986	105575	1495503
31900	105684	104359	633416
31900	107801	106279	1459763
31900	106963	105574	645185
31900	105047	103665	1516763
31900	107579	106153	1504284
31900	107588	106157	1523289
31900	105715	104399	585659
31900	106515	105158	625590
31900	107624	106129	1531110
31900	92775	91861	1512095
31900	108341	106785	1486853
31900	53346	52837	1495818
31900	105314	104013	1464932
32000	107934	106449	631186
32000	107271	105791	1469830
32000	108310	106898	1498552
32000	107452	105985	1468772
32000	105789	104354	651143
32000	107299	105904	589868
32000	106974	105591	1506288
32000	95304	94243	1519907
32000	105969	104588	1523784
32000	107192	105708	680061
32000	105510	104204	627133
32000	108417	106875	1523897
32000	52670	52211	1495392
32000	109078	107554	1520025
32000	105656	104304	634711
32000	107013	105631	1541723
32000	106487	105235	680343
32000	105881	104592	1487762
32000	106452	105002	679762
32000	53398	52890	1493283
32000	51531	51123	615858
32000	106237	104913	1496761
32000	106786	105315	646382
32000	108125	106691	1546028
32000	106296	104844	662444
32000	106970	105564	674860
32000	107037	105673	1476885
32000	106484	105097	603701
32000	104686	103456	602244
32000	106381	105061	679388
32000	107869	106438	1517680
32000	94925	93902	1500014
32000	106499	105050	1546223
32000	97198	96126	1533643
32000	105906	104551	1529957
32000	106416	105072	593614
32000	106608	105167	593999
32000	106881	105390	626007
32000	104814	103538	622473
32000	106686	105307	606713
32000	106897	105517	638805
32000	106708	105348	1544161
32000	107671	106301	640925
32000	108013	106624	607925
32000	108745	107348	623882
32000	107476	106048	651795
32000	106709	105325	1486584
32000	106486	105097	1490825
32000	107065	105678	675813
32000	104321	103043	677049
32100	107313	105978	1491836
32100	106282	104926	1529829
32100	108146	106675	661014
32100	107800	106387	612580
32100	104540	103259	1503974
32100	107251	105859	1506501
32100	107252	105875	1469694
32100	107047	105659	1502945
32100	109311	107790	1484871
32100	107436	105999	639727
32100	106478	105038	1527351
32100	105884	104573	1477774
32100	107463	105963	651036
32100	107093	105698	1551253
32100	106426	104942	637437
32100	108068	106621	677926
32100	106966	105517	645819
32100	107281	105849	1505265
32100	109210	107687	666382
32100	107331	105977	621318
32100	108039	106495	1509649
32100	106389	105011	609116
32100	108283	106769	1492103
32100	105512	104226	1531012
32100	109023	107484	635512
32100	107596	106133	631431
32100	107214	105798	1546534
32100	106574	105165	1456193
32100	106842	105474	1549264
32100	107141	105734	1532729
32100	104866	103582	1491340
32100	107415	106052	1464656
32100	105815	104471	636076
32100	106764	105414	1465032
32100	96988	95876	1505796
32100	106702	105387	1542669
32100	105109	103830	662861
32100	107058	105597	1477455
32100	106936	105537	618192
32100	107684	106280	1502907
32100	108582	107116	656168
32100	108582	107175	630451
32100	105839	104503	609010
32100	51510	51125	600196
32100	106390	105034	670049
32100	107501	106035	1510062
32100	106430	105074	672838
32100	97275	96106	1473189
32100	107090	105739	1541941
32100	107028	105588	1476162
32200	107253	105862	1531271
32200	108769	107301	1520014
32200	107681	106256	1482848
32200	109460	107966	596219
32200	107319	105848	1499073
32200	106953	105613	1465366
32200	106703	105327	615344
32200	104991	103748	661596
32200	106936	105606	1491684
32200	107831	106316	642310
32200	104650	103408	1540893
32200	107750	106337	1465784
32200	108096	106718	1478364
32200	106000	104683	618742
32200	108694	107157	630114
32200	109428	107884	1500424
32200	106327	104899	1515924
32200	106723	105393	1526083
32200	53280	52823	1468023
32200	95639	94567	666209
32200	107120	105816	1475590
32200	95173	94181	1467074
32200	106409	105101	1550188
32200	107563	106134	605294
32200	96315	95285	1503093
32200	107176	105789	1527661
32200	106833	105481	644293
32200	105244	103874	1539931
32200	106686	105362	683968
32200	108047	106597	625306
32200	94901	93920	665759
32200	107579	106107	1531397
32200	108923	107444	627070
32200	106943	105586	1554685
32200	109546	108068	601824
32200	107672	106302	1511521
32200	106596	105182	1544778
32200	108219	106778	685787
32200	107090	105652	1551310
32200	106048	104733	638651
32200	108099	106696	1485797
32200	108402	107028	660163
32200	107248	105853	631040
32200	109967	108538	1550253
32200	105442	104076	640442
32200	107508	106071	1539243
32200	108912	107442	1500758
32200	53378	52917	654464
32200	106114	104767	621297
32200	107371	105977	1507811
32300	108112	106740	1544030
32300	107538	106218	626944
32300	107495	106114	1502002
32300	105395	104080	628563
32300	108036	106577	661805
32300	108583	107198	653595
32300	94358	93396	666293
32300	107822	106394	632616
32300	108102	106688	672344
32300	53923	53442	1487468
32300	107774	106386	1556668
32300	107813	106428	595548
32300	96634	95598	639078
32300	106725	105455	651524
32300	105505	104201	656619
32300	107895	106522	1466121
32300	108922	107394	621793
32300	108455	107023	619502
32300	108268	106868	675939
32300	108242	106844	1526279
32300	107264	105844	1471957
32300	109182	107757	1505741
32300	106692	105406	612461
32300	108153	106774	1506635
32300	106757	105360	1548226
32300	107752	106360	621679
32300	107875	106383	1534751
32300	108001	106654	661602
32300	108751	107318	680281
32300	107052	105707	647432
32300	106971	105574	1524909
32300	108118	106732	1542050
32300	106297	104993	1541285
32300	106331	105007	1474573
32300	108374	107004	626199
32300	106929	105626	595398
32300	107534	106169	614880
32300	107261	105853	1540063
32300	108963	107500	1518680
32300	108072	106711	665401
32300	108121	106734	656655
32300	108750	107281	1536177
32300	103883	102682	672725
32300	107868	106555	1557679
32300	107997	106580	1467188
32300	106829	105491	1481452
32300	107804	106446	666471
32300	108730	107220	613301
32300	109188	107728	1548765
32300	109595	108126	616692
32400	108522	107026	1474222
32400	107616	106193	1488209
32400	108460	107051	1526950
32400	106882	105486	661339
32400	109940	108425	595173
32400	107580	106188	1468991
32400	108355	106972	1532340
32400	108546	107160	626901
32400	109117	107758	1499632
32400	108723	107261	1536733
32400	107991	106597	1564562
32400	108403	106993	1492089
32400	108794	107329	643418
32400	107855	106511	1549066
32400	107814	106382	1523228
32400	108037	106636	1483225
32400	106081	104771	1485378
32400	108181	106709	629420
32400	108522	107172	654835
32400	109321	107815	687337
32400	108380	106955	1483418
32400	109621	108114	641499
32400	106952	105551	1562716
32400	108261	106890	626402
32400	109073	107566	682774
32400	106978	105558	597051
32400	107965	106640	667324
32400	109547	108043	653052
32400	110172	108613	625496
32400	108355	106918	662013
32400	108545	107143	683627
32400	107995	106647	1544948
32400	98445	97336	1474168
32400	108579	107108	1527494
32400	107923	106564	1562136
32400	106443	105122	1532146
32400	108224	106847	1551281
32400	108473	107081	651268
32400	54266	53747	678529
32400	109390	107945	683898
32400	107162	105836	626513
32400	108782	107364	646689
32400	107297	105935	1501768
32400	108486	106983	1521921
32400	106966	105573	1554753
32400	107117	105806	1480212
32400	98089	96963	1562896
32400	107035	105730	1481472
32400	107073	105761	623184
32400	108433	106998	1540260
32500	109600	108121	675609
32500	109009	107591	669530
32500	109538	108085	658092
32500	105859	104539	616161
32500	109137	107699	1493811
32500	108943	107531	669925
32500	109563	108122	1474873
32500	109184	107716	1534679
32500	107248	105905	650053
32500	105399	104165	604956
32500	108404	107041	1552841
32500	99130	98015	627348
32500	107935	106505	614741
32500	107740	106379	633698
32500	108564	107129	623657
32500	108013	106661	673105
32500	108676	107250	1506282
32500	109373	107910	1531235
32500	107960	106625	1480222
32500	108520	107054	615544
32500	108383	106919	655377
32500	106322	104888	1503582
32500	94876	93930	609225
32500	108982	107513	1496612
32500	108446	107061	1504460
32500	108910	107528	669941
32500	110637	109133	689830
32500	107435	106023	1534178
32500	109485	107962	1536056
32500	108403	106968	1545636
32500	108422	106998	1473615
32500	109003	107597	1476380
32500	108217	106740	682860
32500	109954	108483	1563478
32500	108197	106713	1568158
32500	108187	106847	611887
32500	109187	107746	1494343
32500	109710	108229	628390
32500	109176	107745	1538509
32500	108997	107573	656086
32500	108960	107527	1491094
32500	108742	107214	1498030
32500	107932	106623	632880
32500	108637	107172	1529823
32500	108244	106874	692713
32500	109223	107716	1526284
32500	106947	105637	1519982
32500	109820	108338	1486720
32500	108532	107112	648674
32500	108725	107251	1519632
32600	108616	107221	1528767
32600	107568	106240	1556075
32600	109658	108160	1563260
32600	109839	108443	667504
32600	108753	107310	680143
32600	109534	108048	693693
32600	107803	106402	678737
32600	109125	107667	1568993
32600	109120	107602	1547022
32600	110051	108607	1566447
32600	108023	106592	1503545
32600	110270	108824	1553127
32600	107786	106419	684233
32600	108301	106907	609163
32600	108230	106789	1550252
32600	109839	108351	661637
32600	104105	102869	632624
32600	106710	105377	605183
32600	107167	105781	1528911
32600	109421	107877	1496131
32600	52364	51970	1500255
32600	108835	107347	662504
32600	98167	97012	619152
32600	92275	91361	1547049
32600	110354	108909	1572184
32600	108284	106937	608798
32600	109747	108345	683215
32600	109833	108345	1544063
32600	54161	53652	1500283
32600	109566	108068	656765
32600	107742	106407	1512876
32600	109373	107947	1568291
32600	109077	107667	1573793
32600	110066	108577	1484255
32600	108999	107563	1481856
32600	53883	53429	609528
32600	97476	96425	1547777
32600	106968	105644	616417
32600	109588	108074	660882
32600	108536	107061	1536420
32600	109829	108348	1575589
32600	108612	107264	1573731
32600	110624	109103	1482405
32600	109260	107833	659230
32600	107295	105892	1533301
32600	108557	107169	637221
32600	108590	107159	1533543
32600	111442	109917	1490611
32600	103246	102181	1554756
32600	109206	107767	651166
32700	109530	108101	1522415
32700	97567	96451	619874
32700	108548	107158	599810
32700	54301	53837	1578413
32700	107010	105746	622197
32700	110056	108577	658190
32700	109525	108087	1537887
32700	109394	107937	619109
32700	109615	108181	641987
32700	110874	109410	678402
32700	110704	109242	633961
32700	108664	107329	1546998
32700	109594	108086	642040
32700	110522	109070	1544874
32700	108912	107511	694686
32700	109348	107862	1508123
32700	108577	107204	608079
32700	108400	107021	1551583
32700	109219	107849	1577295
32700	110054	108615	1550790
32700	109742	108262	600232
32700	109040	107616	680417
32700	109370	107915	1549738
32700	110031	108556	1536806
32700	109341	107930	1527972
32700	109018	107633	634325
32700	109560	108144	1563830
32700	97638	96655	606440
32700	109020	107634	696556
32700	107058	105887	1510907
32700	110052	108629	1495582
32700	54534	54046	655293
32700	109345	107908	630721
32700	108968	107513	654535
32700	110280	108823	1484578
32700	109447	108018	691148
32700	104654	103434	1509589
32700	109637	108235	1553285
32700	110101	108591	1543124
32700	109862	108392	1493604
32700	109926	108395	1495880
32700	108998	107597	650156
32700	54448	53900	687412
32700	108403	107029	1517545
32700	104108	102944	636401
32700	109006	107582	667347
32700	109074	107646	608051
32700	108987	107577	693762
32700	108686	107353	1529377
32700	106471	105188	1508234
32800	108836	107449	655650
32800	109932	108508	1573544
32800	109429	107919	621099
32800	108836	107443	1556629
32800	109295	107891	694105
32800	54386	53909	640888
32800	110155	108748	1563604
32800	99002	97890	1536214
32800	110121	108663	605023
32800	109965	108563	678260
32800	52136	51768	679573
32800	107740	106391	1508936
32800	110421	109008	1502730
32800	110016	108624	697992
32800	110517	109074	628581
32800	109919	108424	1579295
32800	110749	109197	1541580
32800	110501	108978	649496
32800	107201	105932	1527373
32800	98963	97839	1495837
32800	108777	107396	1510836
32800	107064	105835	1575502
32800	108723	107418	1540413
32800	107033	105738	1493974
32800	111313	109735	1537833
32800	108875	107433	609450
32800	109742	108318	672990
32800	109663	108270	1501381
32800	110251	108771	693410
32800	111910	110403	1492585
32800	96407	95391	1518886
32800	108743	107324	637476
32800	109077	107691	625906
32800	54036	53591	1522115
32800	108953	107571	696206
32800	110960	109489	670264
32800	107485	106191	1537503
32800	53640	53245	647149
32800	108059	106705	610157
32800	109179	107815	683878
32800	105006	103763	1565785
32800	109296	107826	683073
32800	108847	107514	1523717
32800	109653	108263	679408
32800	109852	108428	638230
32800	110124	108656	1512642
32800	109486	108083	1493619
32800	55013	54510	656778
32800	109109	107712	697246
32800	109438	107968	649690
32900	109494	108034	643288
32900	109922	108495	1524475
32900	111031	109565	1584729
32900	108879	107525	1518616
32900	107274	105928	617631
32900	110078	108558	649496
32900	108933	107557	699181
32900	109749	108354	1581425
32900	109578	108248	1526552
32900	109820	108303	1536779
32900	109240	107837	615006
32900	54680	54227	1523520
32900	110423	108953	679793
32900	110691	109274	676745
32900	109556	108136	1497513
32900	109553	108116	1573747
32900	110902	109440	1567766
32900	54072	53613	1584405
32900	109267	107857	1552157
32900	110180	108793	1589245
32900	105047	103782	1520558
32900	107062	105762	1514731
32900	109634	108211	700372
32900	109584	108237	1507991
32900	110104	108611	1559603
32900	110236	108808	1577755
32900	109322	107979	1544610
32900	110363	108898	1575732
32900	109916	108474	1548447
32900	111256	109801	1583246
32900	108617	107204	626694
32900	107389	106135	607727
32900	110167	108753	1498261
32900	110232	108739	1500806
32900	53938	53521	1512506
32900	110805	109300	609529
32900	109907	108510	1533218
32900	109710	108309	607338
32900	111033	109578	665793
32900	109808	108332	1493117
32900	109904	108528	692774
32900	109547	108112	604269
32900	109342	107956	610623
32900	110319	108809	604618
32900	109005	107713	625530
32900	110861	109405	1539268
32900	108455	107044	1524317
32900	109924	108557	1519156
32900	109963	108537	669671
32900	109364	107933	647786
33000	107758	106531	696229
33000	112644	111064	1511289
33000	99819	98716	1544028
33000	109742	108248	663826
33000	110365	108971	1557797
33000	111056	109601	649241
33000	108636	107292	1557678
33000	109494	108216	1553017
33000	110871	109373	665387
33000	111619	110037	1542800
33000	109748	108365	1575322
33000	110075	108673	1502084
33000	100048	98871	1539929
33000	98936	97850	1518980
33000	109885	108444	654861
33000	110181	108770	1515391
33000	111486	109982	699687
33000	110713	109196	701056
33000	110338	108884	666562
33000	108479	107073	1540923
33000	99880	98776	1508307
33000	107268	105967	1497534
33000	110309	108814	1501301
33000	108302	107021	1569361
33000	108253	106931	694432
33000	108806	107465	1524884
33000	109054	107711	1545111
33000	111133	109630	1507827
33000	54697	54214	680712
33000	98596	97556	666230
33000	108410	107069	1532197
33000	111167	109703	1565242
33000	99334	98218	1548606
33000	111575	110066	655128
33000	110692	109243	1542348
33000	108408	107064	1559006
33000	111205	109698	1561129
33000	108144	106899	1498745
33000	111619	110138	1572007
33000	109777	108308	687337
33000	109697	108239	653350
33000	108249	106921	698507
33000	111504	109997	682338
33000	110676	109232	610629
33000	109421	107976	1498235
33000	109208	107764	1586204
33000	109072	107678	701366
33000	111647	110142	658286
33000	109955	108585	607266
33000	108303	106879	692198
33100	110316	108900	1502745
33100	109308	107982	1523613
33100	109678	108387	1593271
33100	109670	108230	1508966
33100	109058	107738	663476
33100	109901	108544	670874
33100	107725	106429	1582871
33100	98423	97393	1574604
33100	110654	109169	1598905
33100	110562	109201	660939
33100	111933	110440	612795
33100	110396	108983	1538323
33100	99199	98147	690305
33100	110862	109461	1547175
33100	112132	110598	1543002
33100	110350	108876	629358
33100	110968	109604	681934
33100	110799	109372	1551635
33100	110367	108926	1553474
33100	109995	108562	1573266
33100	110378	108984	1573166
33100	110877	109342	609528
33100	109206	107843	674995
33100	111455	109970	609985
33100	111245	109763	682222
33100	111724	110191	1534251
33100	111042	109590	1551123
33100	111860	110420	627647
33100	110304	108922	1586537
33100	110455	109003	625469
33100	109043	107714	1591136
33100	110975	109500	674885
33100	112083	110591	687403
33100	111113	109671	629108
33100	111867	110448	1516124
33100	109237	107799	651237
33100	111656	110185	1524265
33100	110008	108608	613497
33100	109876	108479	622910
33100	107714	106415	702523
33100	109614	108289	1569553
33100	110351	108943	623319
33100	110538	109104	638198
33100	112032	110467	687644
33100	108690	107382	1519493
33100	109818	108428	688560
33100	111165	109697	1577929
33100	111210	109808	1550703
33100	109706	108277	1537411
33100	110742	109265	643542
33200	111171	109699	656444
33200	111406	110027	678335
33200	111277	109829	633940
33200	112244	110766	1523139
33200	110652	109250	1563230
33200	111185	109726	665582
33200	110101	108691	1529369
33200	111472	110029	643654
33200	111419	109958	632148
33200	110926	109422	1579051
33200	108757	107362	655427
33200	110731	109291	610796
33200	99004	97934	1596400
33200	111872	110332	1570619
33200	112407	110971	668869
33200	108287	107061	1515399
33200	111111	109678	1510614
33200	111212	109764	1536136
33200	110180	108737	615687
33200	110167	108796	663311
33200	99154	98050	673446
33200	110319	108873	648765
33200	111140	109704	657828
33200	108310	107093	681138
33200	113104	111554	706856
33200	110253	108833	1591889
33200	112466	110882	637103
33200	109216	107797	1556063
33200	110720	109285	1574963
33200	112743	111130	1515993
33200	110556	109151	1576930
33200	109893	108612	1548792
33200	111949	110479	1518834
33200	109553	108233	1565651
33200	106447	105249	691756
33200	111336	109892	1548623
33200	110437	109008	1604446
33200	111817	110277	1524384
33200	100757	99671	1511947
33200	55114	54626	646290
33200	107537	106255	684944
33200	109479	108089	622592
33200	111871	110444	1508706
33200	110275	108872	1556087
33200	99947	98833	644663
33200	111342	109876	639268
33200	110271	108842	670757
33200	111481	109945	1569410
33200	112554	111018	1596513
33200	100088	98977	661530
33300	112703	111212	656604
33300	99762	98722	667803
33300	109323	107982	676530
33300	98019	97003	613236
33300	111327	109878	1601275
33300	109355	108023	695117
33300	110650	109322	666008
33300	112371	110860	632821
33300	100541	99409	1527636
33300	112194	110667	618108
33300	111444	109953	1511487
33300	111303	109877	1576366
33300	109387	108068	671979
33300	111990	110568	1555044
33300	110618	109236	698824
33300	111954	110513	698317
33300	111249	109819	669533
33300	107154	105972	1538211
33300	109540	108207	696974
33300	110819	109338	618463
33300	110545	109129	642520
33300	110466	109141	685322
33300	112828	111269	654066
33300	109948	108637	1575371
33300	110328	108948	1521381
33300	111960	110475	1572853
33300	111913	110488	645147
33300	111668	110143	667581
33300	109596	108262	659315
33300	98297	97306	705523
33300	110796	109389	1517667
33300	110949	109486	686226
33300	109126	107829	645721
33300	111742	110293	694182
33300	109314	107984	662472
33300	112653	111249	1582774
33300	112644	111174	1529416
33300	111475	110050	677660
33300	113108	111648	1583474
33300	110029	108571	1549251
33300	111952	110436	709729
33300	98821	97728	1517347
33300	109066	107760	1593107
33300	54449	54030	1532117
33300	108995	107705	698257
33300	110239	108833	684941
33300	56031	55461	616144
33300	112034	110515	655471
33300	111300	109867	704654
33300	112784	111226	1575174
33400	110846	109410	624370
33400	111991	110536	1551113
33400	110282	108928	1526827
33400	111985	110503	1553775
33400	110793	109404	1598841
33400	111707	110327	704636
33400	100813	99683	634703
33400	109691	108403	667622
33400	112691	111226	615114
33400	111481	110059	660919
33400	111533	110121	1594832
33400	113733	112133	1569440
33400	100117	99052	1543559
33400	111321	109937	1608438
33400	111941	110483	1610945
33400	112161	110637	688958
33400	113831	112252	698250
33400	111522	110106	1584571
33400	111503	110132	1531747
33400	110758	109377	1588080
33400	111240	109888	650009
33400	55564	55058	703972
33400	112478	111033	708615
33400	110968	109543	710766
33400	111395	109981	661554
33400	111708	110314	667807
33400	111917	110480	629347
33400	111299	109938	1569640
33400	112314	110838	628715
33400	112111	110654	1610619
33400	111878	110407	1546289
33400	112297	110897	651421
33400	111558	110124	1552158
33400	111499	110035	1553125
33400	112699	111269	655638
33400	110595	109221	1605497
33400	112036	110600	1577357
33400	111008	109628	692673
33400	111272	109880	1605523
33400	109528	108160	1524556
33400	110940	109481	646960
33400	111592	110160	699397
33400	112477	110983	1537197
33400	111726	110249	1591717
33400	112781	111315	647675
33400	111985	110517	1601486
33400	111248	109815	617139
33400	112067	110614	1578810
33400	55539	55033	703467
33400	56226	55693	1528194
33500	100990	99901	1597598
33500	110911	109609	706240
33500	111549	110161	1585462
33500	111452	110008	1550171
33500	111723	110280	1534150
33500	112457	111019	627846
33500	112195	110750	1612652
33500	111633	110171	670467
33500	110723	109398	625699
33500	111302	109865	674289
33500	111670	110254	1607234
33500	110416	109062	695142
33500	112997	111563	1534519
33500	112326	110823	640036
33500	109779	108405	1579579
33500	112443	110943	1562139
33500	112663	111136	651944
33500	110263	108896	1573278
33500	112799	111303	686575
33500	110706	109322	624355
33500	112770	111291	1589243
33500	110971	109553	1604436
33500	113350	111824	665905
33500	112333	110843	1555986
33500	111111	109621	650470
33500	112808	111239	1613904
33500	113370	111902	1565749
33500	99959	98905	667443
33500	113305	111730	706674
33500	105867	104579	1533019
33500	112707	111245	1565688
33500	112223	110797	644037
33500	112065	110623	1532920
33500	112218	110683	622842
33500	112003	110691	616740
33500	112236	110812	1589786
33500	111357	109824	1530475
33500	112245	110784	696526
33500	110557	109170	634276
33500	111893	110498	1526045
33500	99846	98785	1546748
33500	106754	105519	1591019
33500	113491	111902	672706
33500	109030	107794	699954
33500	112354	110920	706374
33500	111766	110307	633875
33500	112118	110705	1576838
33500	56548	55999	1594666
33500	101608	100455	1607222
33500	110253	108925	616007
33600	109180	107869	710028
33600	111546	110147	1613334
33600	113070	111617	1606156
33600	110267	108991	634221
33600	112411	110914	1579433
33600	109947	108625	638900
33600	113184	111772	662295
33600	114660	113110	1572513
33600	111437	110056	1608481
33600	112209	110762	680970
33600	109564	108301	657967
33600	111913	110436	1611771
33600	101476	100300	655799
33600	112990	111521	1562579
33600	99140	98067	617396
33600	111495	110135	645325
33600	111533	110085	1620373
33600	111344	109912	695402
33600	113343	111888	1526912
33600	112918	111464	678555
33600	113680	112124	632370
33600	99481	98399	705825
33600	111386	109993	696440
33600	111277	109873	1574087
33600	110987	109645	1578331
33600	110418	109069	644753
33600	112023	110665	616156
33600	109618	108246	664868
33600	112737	111268	631897
33600	109416	108218	1620611
33600	111578	110159	636434
33600	110912	109526	636562
33600	111665	110277	1597070
33600	109707	108417	684453
33600	111825	110391	1523955
33600	113154	111683	1578607
33600	112906	111470	1616079
33600	108504	107276	1591099
33600	113242	111708	646066
33600	112023	110581	1572738
33600	112223	110784	626002
33600	113873	112345	1527046
33600	110999	109680	711667
33600	111047	109638	660156
33600	111606	110140	1573422
33600	112712	111244	658832
33600	112005	110496	1594319
33600	112118	110678	1575434
33600	112975	111556	634920
33600	112712	111271	1561980
33700	113876	112312	687678
33700	111284	109847	632835
33700	113085	111598	669410
33700	111517	110182	1601639
33700	114188	112646	683540
33700	111733	110319	651157
33700	110920	109589	1555402
33700	112153	110809	688745
33700	110143	108853	1558467
33700	110813	109464	1583026
33700	113390	111892	1554451
33700	112198	110785	667826
33700	112457	110964	663005
33700	101952	100713	658426
33700	112667	111221	1580404
33700	111211	109830	1596901
33700	112102	110710	689876
33700	113554	112074	623571
33700	112248	110909	1550982
33700	111915	110495	1612909
33700	113116	111696	1586887
33700	112945	111428	1529117
33700	112483	111041	700006
33700	113169	111660	1532054
33700	112247	110775	618562
33700	110881	109457	1538728
33700	113840	112339	701372
33700	113659	112172	692329
33700	112610	111098	1554411
33700	112688	111190	691986
33700	112008	110614	1562768
33700	112082	110654	627752
33700	112684	111185	669017
33700	113366	111921	711973
33700	112113	110689	685226
33700	111067	109647	1609075
33700	112413	110966	1623413
33700	113040	111547	677976
33700	110865	109498	1565000
33700	112414	111077	1585263
33700	113362	111833	1617391
33700	113442	111952	1538440
33700	112468	110992	620784
33700	112551	111084	622641
33700	113683	112179	634567
33700	111503	110130	676497
33700	112837	111342	667983
33700	113519	111976	1560921
33700	110174	108827	625115
33700	112809	111394	718250
33800	114114	112632	1624938
33800	114400	112869	1540442
33800	113922	112429	1611866
33800	112704	111241	1546099
33800	112923	111446	1590261
33800	113435	112033	634357
33800	113691	112158	688972
33800	112845	111381	1542408
33800	112984	111517	1596472
33800	113024	111535	665681
33800	111929	110515	650022
33800	113878	112350	703684
33800	113709	112187	1547868
33800	112745	111355	1626966
33800	112990	111526	646040
33800	112182	110809	710945
33800	112041	110646	1625942
33800	112388	110994	1545098
33800	113581	112115	621483
33800	111417	110000	693823
33800	113424	111944	1575553
33800	112440	111035	702621
33800	111506	110119	1554858
33800	112654	111270	628782
33800	110683	109351	1602139
33800	111083	109744	1565562
33800	113549	112061	703025
33800	113975	112472	1561541
33800	106708	105411	1571815
33800	113069	111621	679498
33800	113159	111618	1578229
33800	113622	112160	673627
33800	112109	110630	671298
33800	113856	112258	696893
33800	113090	111575	719640
33800	113745	112196	675681
33800	111572	110178	1587782
33800	114836	113226	625950
33800	113692	112210	687403
33800	114079	112476	1629008
33800	112899	111438	692018
33800	113402	111901	1572324
33800	113819	112289	630756
33800	110206	108907	1615715
33800	112358	111060	1608200
33800	101313	100221	659543
33800	112043	110536	685329
33800	101593	100508	1610300
33800	113175	111727	1599092
33800	113006	111602	627434
33900	112097	110707	630305
33900	114455	112884	654329
33900	112712	111294	714232
33900	113454	111912	721028
33900	110941	109632	666712
33900	113194	111680	694159
33900	112479	111130	1631645
33900	111782	110421	1555087
33900	112664	111285	701864
33900	102187	101016	1626529
33900	112793	111422	1620890
33900	112903	111521	636105
33900	114763	113234	685164
33900	112067	110665	1613173
33900	113464	112018	658507
33900	112874	111379	683417
33900	111075	109733	681102
33900	113718	112260	675109
33900	114288	112755	680130
33900	109127	107841	1574136
33900	113743	112268	642654
33900	113145	111692	1613307
33900	111791	110413	637194
33900	55631	55178	1594959
33900	113521	112054	1576276
33900	113079	111641	1637411
33900	113092	111610	653440
33900	112853	111444	1630474
33900	115146	113558	1599536
33900	113612	112156	691616
33900	106100	104815	1565765
33900	101172	100009	1636534
33900	113617	112163	674123
33900	114037	112595	638814
33900	113242	111790	627647
33900	112671	111291	630472
33900	113358	111973	1616516
33900	114223	112667	717774
33900	113540	112117	634368
33900	112119	110709	679068
33900	114612	113033	1631526
33900	113538	112117	1598641
33900	114281	112788	1608910
33900	113750	112306	717455
33900	113780	112240	1575415
33900	113409	111906	644402
33900	114374	112836	1570035
33900	114202	112669	1612587
33900	114784	113183	1601334
33900	112282	110928	708062
34000	56653	56142	1610187
34000	113101	111677	1605514
34000	114124	112658	1580062
34000	112832	111372	700048
34000	113651	112093	649973
34000	113562	112135	1594781
34000	56805	56297	683564
34000	113498	112010	1585792
34000	111820	110422	677407
34000	113090	111651	643546
34000	113276	111883	1569229
34000	112648	111290	1577367
34000	114912	113396	659389
34000	113994	112556	1606518
34000	114174	112628	1606605
34000	101974	100897	713005
34000	113446	111872	675629
34000	114425	112879	1541655
34000	56426	55943	723354
34000	114067	112613	639222
34000	114951	113384	1623520
34000	114263	112768	1624470
34000	101697	100631	1565434
34000	113657	112209	673824
34000	113651	112220	678388
34000	98047	97163	643596
34000	113413	112026	693101
34000	115004	113511	1564605
34000	113487	112065	697365
34000	114971	113420	627448
34000	113985	112553	1595886
34000	101641	100582	687123
34000	102447	101265	1632184
34000	113241	111728	647511
34000	114453	112898	666516
34000	112398	110945	723440
34000	113741	112286	663699
34000	113913	112480	1602049
34000	114131	112679	660188
34000	114675	113104	709340
34000	113206	111754	1622526
34000	114337	112756	652064
34000	113611	112112	671653
34000	113884	112409	630970
34000	111930	110564	644494
34000	113291	111807	1599616
34000	114292	112761	645326
34000	110927	109513	704093
34000	102212	101116	1643189
34000	111832	110564	1598810
34100	112721	111348	715257
34100	115531	114016	661408
34100	113757	112302	671640
34100	111378	110006	1620384
34100	110505	109156	629293
34100	114093	112662	692405
34100	113678	112221	1613793
34100	113521	112055	1566619
34100	114331	112900	1588424
34100	114246	112708	687233
34100	113860	112382	724900
34100	102378	101243	1638088
34100	111698	110398	1594974
34100	114515	112941	1582934
34100	109648	108382	672229
34100	111538	110198	629618
34100	111811	110368	1647672
34100	114052	112603	1644483
34100	113865	112429	1591570
34100	113686	112146	658540
34100	113436	112017	680335
34100	113656	112150	1608527
34100	101509	100468	1597189
34100	115087	113572	1610719
34100	110658	109352	713446
34100	112841	111471	1573255
34100	115101	113531	1585759
34100	113738	112276	1557666
34100	113493	112042	1640295
34100	114015	112536	1588407
34100	102277	101152	694348
34100	113700	112133	1609650
34100	113382	111964	662963
34100	114984	113526	685460
34100	114859	113341	1562181
34100	114919	113408	644992
34100	113825	112341	1592054
34100	114358	112836	644283
34100	114388	112901	1554923
34100	114479	113035	1557253
34100	114209	112871	688606
34100	112160	110773	687076
34100	113866	112435	1622236
34100	115635	114102	1550935
34100	113256	111743	1631949
34100	114173	112662	632316
34100	56435	55949	643227
34100	113572	112157	1615507
34100	102450	101375	722920
34100	115118	113589	682241
34200	103018	101902	695582
34200	113884	112395	652174
34200	114606	113114	1634516
34200	104345	103120	1628469
34200	113596	112164	714354
34200	114656	113164	1606955
34200	115226	113694	677446
34200	102761	101587	705191
34200	114587	113052	1554785
34200	112598	111212	1628908
34200	111451	110175	635947
34200	114878	113345	1625683
34200	114386	112795	1593417
34200	113071	111655	1615389
34200	114417	112917	718233
34200	114486	113045	653130
34200	113974	112620	627639
34200	114981	113490	1625121
34200	113607	112177	636102
34200	113784	112380	683947
34200	113752	112329	1586656
34200	113982	112553	1565857
34200	114116	112639	630327
34200	111240	109967	1559485
34200	115268	113837	644771
34200	115537	113943	707388
34200	114441	112884	1560339
34200	116588	114981	645253
34200	112917	111575	1602031
34200	112646	111233	646523
34200	114101	112693	1606690
34200	113836	112360	1581568
34200	115792	114249	665005
34200	115055	113567	1652590
34200	115841	114274	657334
34200	114560	113143	1615421
34200	114194	112782	1614947
34200	114967	113450	1597656
34200	114828	113272	1575026
34200	115184	113701	642794
34200	115260	113646	1611971
34200	115911	114381	671993
34200	113839	112352	645010
34200	113688	112260	1579071
34200	113996	112630	1551665
34200	114154	112710	672465
34200	115711	114207	1556775
34200	114048	112702	1569703
34200	115049	113664	1635500
34200	110976	109726	703015
34300	115903	114398	678251
34300	115559	114088	643095
34300	114847	113351	650404
34300	116194	114648	710996
34300	115699	114088	1597147
34300	115272	113731	1638925
34300	114616	113094	635287
34300	115465	113956	686308
34300	114061	112547	724768
34300	113867	112362	1651503
34300	114882	113343	1627598
34300	115530	114038	640826
34300	115051	113627	1618265
34300	114534	113092	1656314
34300	114023	112583	694927
34300	114263	112810	1627982
34300	115155	113734	1613767
34300	114200	112725	665779
34300	112931	111551	688323
34300	117160	115572	713576
34300	114243	112756	705379
34300	114806	113408	1650799
34300	113677	112285	726216
34300	109633	108372	688736
34300	113023	111592	663467
34300	115044	113553	640111
34300	113317	112021	1617397
34300	114656	113158	725252
34300	114046	112565	1637878
34300	114484	113050	654566
34300	115623	114061	1614088
34300	114213	112768	1646980
34300	114890	113429	629386
34300	114684	113131	695813
34300	113841	112419	1655772
34300	114608	113170	1561049
34300	114482	112992	1646149
34300	115290	113819	1606292
34300	114428	113017	632386
34300	114650	113176	730711
34300	113506	112116	644514
34300	111359	110067	639082
34300	101437	100360	648413
34300	104272	103073	709215
34300	112079	110725	1557449
34300	114793	113360	671064
34300	114475	113019	1595148
34300	57142	56612	1579051
34300	114648	113232	648528
34300	101594	100548	1653148
34400	114107	112665	1605947
34400	114310	112910	1592098
34400	114341	112955	1662190
34400	115263	113786	689229
34400	115532	114061	1577289
34400	116101	114640	1641704
34400	114484	113067	644267
34400	114842	113363	661587
34400	114082	112588	664470
34400	114441	112941	676550
34400	116250	114715	658893
34400	116117	114470	711064
34400	113287	111858	671268
34400	114943	113497	686710
34400	114709	113232	1559774
34400	114112	112666	1585803
34400	117387	115774	662221
34400	114957	113519	1651588
34400	114223	112781	682833
34400	115677	114203	692675
34400	115280	113830	1599358
34400	116406	114846	667908
34400	115052	113548	661607
34400	115729	114180	646787
34400	114059	112602	1570196
34400	114188	112678	637371
34400	114446	113062	677809
34400	104953	103682	666220
34400	115947	114459	1629456
34400	115899	114389	1603684
34400	116413	114928	1635562
34400	116546	114950	707910
34400	115527	114019	1641181
34400	114596	113247	673682
34400	113326	111941	694828
34400	103586	102469	646876
34400	113451	112072	639601
34400	115264	113826	1650343
34400	113721	112346	683880
34400	110657	109434	1651735
34400	114569	113055	698098
34400	116453	114871	1585287
34400	113788	112382	655004
34400	114979	113507	648529
34400	114628	113234	1649599
34400	115574	113994	721989
34400	114962	113489	1614513
34400	104496	103254	1628696
34400	113778	112356	1640764
34400	116025	114515	1563556
34500	115167	113743	716845
34500	114795	113353	1587520
34500	115756	114290	687786
34500	115792	114340	1627362
34500	113446	112043	1577483
34500	114931	113554	1663617
34500	116219	114713	1588958
34500	104117	102951	714876
34500	115115	113632	699272
34500	99356	98447	661092
34500	116341	114820	1606959
34500	117009	115410	1654941
34500	104296	103147	692261
34500	116481	114893	1616093
34500	102175	101120	701438
34500	57545	57019	716918
34500	114407	113004	663223
34500	113977	112565	695642
34500	114906	113511	715861
34500	57961	57400	1596423
34500	114091	112638	1654481
34500	114320	112876	1645035
34500	114791	113368	1623190
34500	115001	113591	1587589
34500	115020	113625	650820
34500	114374	112970	1651041
34500	116644	115029	1639020
34500	115714	114223	1626644
34500	114609	113165	657299
34500	57454	56956	662116
34500	114623	113120	1662290
34500	115262	113765	1627469
34500	115427	113912	683714
34500	103750	102577	1567954
34500	113590	112208	1574209
34500	115748	114273	1650547
34500	115697	114191	699001
34500	115870	114361	668993
34500	116122	114595	678410
34500	113963	112548	1579653
34500	115078	113676	674968
34500	116023	114488	1648336
34500	115004	113540	1579833
34500	116009	114501	1593182
34500	114656	113243	717596
34500	114052	112594	1611803
34500	114668	113170	1633073
34500	115971	114487	645122
34500	114931	113452	1642222
34500	114466	113131	1667070
34600	116777	115242	1643743
34600	113867	112535	710605
34600	116331	114867	712947
34600	115880	114432	677280
34600	114408	113058	696925
34600	115616	114116	1589216
34600	116859	115347	669853
34600	113877	112575	712131
34600	116375	114958	729649
34600	116888	115321	636167
34600	114097	112745	726874
34600	115371	113973	701816
34600	57369	56836	712971
34600	115270	113736	695550
34600	112815	111452	704122
34600	116663	115143	640081
34600	114728	113325	709095
34600	114802	113290	695711
34600	115292	113844	689249
34600	116607	115050	1625069
34600	116590	115005	1582921
34600	113018	111658	1588892
34600	113744	112376	1579166
34600	116219	114686	1568995
34600	115963	114450	730814
34600	116043	114564	1577289
34600	115330	113907	708713
34600	114888	113495	709629
34600	116779	115260	708967
34600	112995	111647	1584972
34600	114745	113341	680090
34600	115460	113989	1644164
34600	115805	114316	706946
34600	115596	114074	1603432
34600	115096	113589	688867
34600	115699	114145	705817
34600	115012	113512	718214
34600	115451	113964	1671527
34600	115563	114127	720771
34600	115975	114462	1619028
34600	116778	115256	695469
34600	116567	115047	1620749
34600	115008	113557	1663147
34600	115152	113744	677532
34600	115545	114126	1645080
34600	117161	115555	695138
34600	116029	114519	708098
34600	116031	114503	672617
34600	115048	113596	1658330
34600	115137	113620	668178
34700	116675	115131	724491
34700	115478	113932	1671248
34700	115391	113967	736041
34700	114919	113527	678394
34700	117157	115589	679826
34700	116285	114773	705375
34700	117874	116249	659731
34700	115975	114559	734918
34700	114944	113497	730781
34700	116197	114681	1654590
34700	116169	114720	1598130
34700	116744	115263	725402
34700	116530	114993	1633343
34700	116321	114839	1594126
34700	116123	114643	1671870
34700	117408	115852	1589524
34700	116383	114845	717343
34700	115789	114291	707767
34700	115916	114448	1635163
34700	115507	114077	1590488
34700	117143	115557	1636302
34700	116713	115194	714802
34700	117310	115734	729915
34700	117301	115742	639382
34700	115700	114246	1653135
34700	115806	114404	1636657
34700	116079	114550	731382
34700	117244	115747	710893
34700	114477	113114	1648564
34700	116882	115362	1597358
34700	116107	114574	1590489
34700	116237	114757	677064
34700	117257	115716	640616
34700	116389	114975	1656597
34700	117268	115708	1655900
34700	114789	113319	1646191
34700	116562	115051	729493
34700	115119	113768	1579125
34700	114631	113199	689232
34700	116648	115103	1579273
34700	103815	102699	1669041
34700	115991	114598	1652037
34700	116682	115072	1603706
34700	115938	114467	714806
34700	115362	113891	651894
34700	113735	112380	1606172
34700	116959	115352	659512
34700	58176	57608	731083
34700	116201	114774	1642025
34700	114312	112964	640531
34800	102555	101532	1602351
34800	114187	112870	672256
34800	115754	114299	1634355
34800	115504	114094	739356
34800	116026	114606	1647109
34800	116235	114832	734770
34800	115777	114402	1649905
34800	115209	113811	1622515
34800	116562	115045	1586025
34800	113265	111940	725308
34800	117323	115777	677726
34800	116130	114673	654754
34800	118304	116648	1653337
34800	57662	57143	1637825
34800	117036	115489	704931
34800	103457	102409	728936
34800	114999	113571	1581550
34800	116297	114763	717250
34800	115748	114259	675701
34800	116948	115462	658065
34800	116810	115327	1675864
34800	115220	113820	734710
34800	116582	115053	694911
34800	114374	112897	1665168
34800	117280	115700	706074
34800	115645	114227	661766
34800	117079	115511	662231
34800	115553	114163	1635572
34800	115880	114395	674212
34800	117087	115613	699447
34800	117266	115794	1606008
34800	103428	102355	724669
34800	116440	114934	1607454
34800	116428	114973	1584551
34800	117675	116115	667236
34800	117146	115599	648917
34800	117159	115742	1679212
34800	116428	114887	1577653
34800	116753	115233	723321
34800	114957	113502	639846
34800	115046	113675	690764
34800	115713	114312	676947
34800	116723	115225	705078
34800	116648	115068	1580474
34800	115852	114342	1649027
34800	117230	115626	740481
34800	101316	100301	1590602
34800	116467	114996	664777
34800	116885	115319	733420
34800	116799	115324	1642506
34900	115883	114415	736693
34900	115224	113789	681317
34900	116406	114937	1630819
34900	118690	117087	1634787
34900	115357	113924	693802
34900	115244	113870	664207
34900	115591	114090	1590499
34900	116216	114785	664000
34900	116700	115157	717236
34900	115495	114034	662373
34900	115937	114462	705225
34900	116976	115485	694164
34900	117272	115826	1631394
34900	117837	116328	1677508
34900	115708	114309	724057
34900	116705	115178	1666315
34900	118011	116507	724207
34900	114925	113564	727847
34900	116981	115464	736649
34900	116919	115391	1682039
34900	115612	114095	659833
34900	117795	116253	1640432
34900	115849	114451	704801
34900	116023	114516	734124
34900	117963	116422	1648743
34900	105641	104496	725343
34900	116266	114685	731911
34900	116185	114729	1604211
34900	116731	115268	684143
34900	115968	114546	1674963
34900	115833	114254	1663303
34900	115830	114469	1634008
34900	115249	113784	729117
34900	116370	114841	1662376
34900	105587	104444	724696
34900	117285	115821	744126
34900	102699	101732	717917
34900	116487	115024	1589104
34900	117101	115501	707794
34900	116820	115263	1666110
34900	117625	116053	1647214
34900	116808	115381	1586294
34900	117285	115757	1602624
34900	113581	112290	1635783
34900	118390	116745	642696
34900	116781	115337	1678474
34900	116662	115145	732274
34900	115126	113741	1624048
34900	104639	103463	1621328
34900	114087	112774	704033
35000	119387	117737	1631781
35000	111445	110172	1639080
35000	116314	114818	1617120
35000	117466	115949	1611574
35000	117643	116111	1668806
35000	117937	116375	734830
35000	117785	116267	684197
35000	117142	115693	735919
35000	117609	116099	654742
35000	116614	115158	655907
35000	117348	115854	1620436
35000	116989	115542	733513
35000	116617	115180	738679
35000	116739	115280	1669808
35000	104521	103443	1690329
35000	115314	113878	1642003
35000	114547	113227	1623152
35000	117407	115952	711067
35000	117427	115940	720437
35000	118307	116831	675824
35000	116812	115317	726306
35000	117999	116321	651073
35000	116746	115259	1642056
35000	117020	115567	653392
35000	117109	115677	1667942
35000	117768	116285	1664340
35000	116865	115426	744675
35000	116740	115265	721568
35000	118133	116531	666395
35000	113804	112340	1625565
35000	117158	115693	1599890
35000	117013	115487	699037
35000	117535	116007	1668732
35000	115330	113862	1676144
35000	117108	115619	690703
35000	117838	116268	712870
35000	116200	114746	684705
35000	115687	114165	709281
35000	105943	104750	735930
35000	118034	116468	1682992
35000	117300	115826	1597198
35000	117258	115749	721323
35000	116202	114709	738085
35000	116755	115316	722080
35000	117266	115813	1670682
35000	117544	115945	698822
35000	117218	115697	1631671
35000	118161	116571	1635920
35000	118643	117110	671238
35000	117256	115821	697399
35100	115258	113925	649262
35100	115228	113803	1656649
35100	116238	114793	661648
35100	118654	117056	1604123
35100	116586	115157	1618662
35100	117271	115767	657024
35100	118403	116901	1627464
35100	119133	117532	694861
35100	118460	116908	1640691
35100	116143	114648	1610592
35100	116816	115402	741460
35100	117720	116185	672783
35100	116577	115040	1622863
35100	117303	115853	1617695
35100	118243	116660	722918
35100	118304	116763	1676192
35100	118330	116811	645043
35100	114957	113620	645724
35100	117198	115671	654286
35100	118659	117132	1685919
35100	106333	105064	684395
35100	116911	115401	1630488
35100	117575	116087	1630944
35100	118028	116517	730483
35100	112190	110872	699961
35100	116603	115041	679674
35100	117590	116079	688406
35100	114949	113626	1653852
35100	117781	116236	1644860
35100	114689	113320	1646666
35100	118566	117027	1663931
35100	117547	116048	1629904
35100	117951	116351	679250
35100	115065	113730	1593584
35100	116566	115157	1596317
35100	117651	116069	701944
35100	114805	113418	701619
35100	115800	114393	673224
35100	117301	115888	745052
35100	115798	114362	725067
35100	116588	115012	651178
35100	103547	102504	718180
35100	116215	114754	1661761
35100	117009	115551	686496
35100	114331	112974	1672646
35100	117019	115535	1652350
35100	118267	116612	1650405
35100	118612	117067	742708
35100	117580	116026	1594122
35100	118137	116638	1684454
35200	117984	116496	740236
35200	117585	116069	1666445
35200	115143	113853	733765
35200	118633	117045	669744
35200	117382	115898	1657400
35200	117180	115680	732793
35200	117709	116266	1655731
35200	116552	115128	1653456
35200	114668	113359	668869
35200	59143	58574	1678970
35200	118790	117200	1658542
35200	117462	115998	656678
35200	118080	116543	1659486
35200	116923	115402	700100
35200	117638	116134	1602938
35200	115677	114360	1662131
35200	117069	115549	1680098
35200	118385	116849	727495
35200	117712	116216	1672005
35200	118182	116722	645359
35200	116922	115506	1640885
35200	110570	109428	696812
35200	117132	115610	649511
35200	115622	114307	1637891
35200	118241	116774	1649681
35200	106367	105166	684373
35200	117346	115862	1694848
35200	117069	115634	1640894
35200	117749	116243	720366
35200	118134	116613	1643900
35200	117359	115883	668065
35200	117752	116242	1638937
35200	117639	116119	1611503
35200	115403	114053	692181
35200	118020	116468	1650447
35200	117459	116008	1642822
35200	118779	117106	1655275
35200	116857	115414	707040
35200	118412	116874	673554
35200	117402	115886	1605920
35200	116912	115484	1632228
35200	118220	116706	674015
35200	117799	116259	1691397
35200	118421	116951	656081
35200	117520	116083	696947
35200	116170	114673	743266
35200	118527	117045	745884
35200	116730	115250	743496
35200	116706	115189	1618804
35200	116686	115268	680600
35300	114799	113488	682926
35300	118336	116826	1628533
35300	117939	116410	654961
35300	118259	116691	1633910
35300	118126	116631	706760
35300	117476	116041	1704694
35300	116429	115022	1644489
35300	117914	116363	725872
35300	106121	105014	654009
35300	119418	117841	741462
35300	116427	114926	1653901
35300	118525	116968	664561
35300	119153	117561	690014
35300	115965	114597	1625472
35300	58805	58269	1651073
35300	117068	115526	676075
35300	121226	119573	1614761
35300	118263	116786	724887
35300	118005	116488	1625253
35300	119228	117686	723092
35300	116212	114747	1680944
35300	118575	117029	1660120
35300	116207	114836	718829
35300	116095	114656	1662475
35300	118730	117169	726696
35300	117796	116241	667880
35300	118448	116902	1646208
35300	118276	116749	1652487
35300	117508	115998	676494
35300	117506	116000	716634
35300	117535	116063	1667106
35300	117775	116383	656850
35300	119355	117735	1615948
35300	118897	117288	718384
35300	118995	117404	1614944
35300	114828	113522	1644477
35300	118367	116745	678699
35300	119017	117411	1628340
35300	117927	116493	1695882
35300	117996	116573	680826
35300	112085	110769	1637528
35300	119509	117929	687417
35300	118275	116770	649537
35300	118948	117452	1664497
35300	117970	116548	663838
35300	119019	117454	1645719
35300	118403	116848	1705928
35300	119069	117486	724808
35300	58302	57818	1655915
35300	118392	116876	691154
35400	58500	57968	1661423
35400	118179	116669	708056
35400	117599	116165	1642578
35400	118483	116951	1686658
35400	107449	106229	1695932
35400	117915	116399	691557
35400	117856	116423	1652653
35400	119400	117754	1618322
35400	118116	116679	1619270
35400	115588	114234	675375
35400	119879	118314	721421
35400	117789	116269	657184
35400	58990	58443	1697294
35400	116391	114992	1645754
35400	118173	116781	1629816
35400	119186	117614	1638898
35400	118387	116892	1688300
35400	114622	113384	747360
35400	118707	117241	1683681
35400	118793	117206	1687168
35400	106167	105035	748993
35400	119248	117684	1695110
35400	115854	114524	670601
35400	105385	104328	674985
35400	119360	117812	715762
35400	118473	116923	719254
35400	118300	116787	1709471
35400	117732	116244	746626
35400	116939	115553	1660384
35400	60107	59537	741615
35400	118446	116987	700764
35400	112588	111289	1665862
35400	117843	116317	1649110
35400	113347	112104	700855
35400	117439	115882	700757
35400	116959	115504	1670979
35400	107546	106365	1611347
35400	117550	116010	754254
35400	117488	116023	736475
35400	118707	117270	741694
35400	116722	115348	1663524
35400	59278	58757	1688097
35400	118581	117118	709005
35400	118341	116770	1629172
35400	119326	117791	1610637
35400	106688	105582	706038
35400	118535	117071	707835
35400	105140	104033	1690040
35400	118860	117226	752165
35400	117759	116211	1631624
35500	117460	116041	1634900
35500	119097	117564	1633148
35500	117540	116108	1656893
35500	118994	117504	1630288
35500	119098	117574	1613221
35500	118394	116960	1629739
35500	118366	116934	743609
35500	119172	117617	743350
35500	118924	117524	1706212
35500	116268	114918	1690361
35500	118708	117155	732355
35500	117975	116503	714186
35500	118990	117498	666214
35500	118343	116914	687151
35500	59145	58593	695667
35500	118854	117340	711095
35500	117544	116143	745308
35500	118219	116749	734622
35500	120125	118492	708142
35500	120152	118585	694426
35500	118450	116861	715523
35500	118246	116735	705884
35500	119069	117563	696010
35500	118204	116752	703253
35500	112422	111088	684675
35500	116405	115052	739994
35500	118530	117067	745731
35500	119430	117928	726320
35500	115071	113747	1702020
35500	106103	105017	1706500
35500	112794	111460	1616884
35500	118750	117238	1618528
35500	119997	118366	737307
35500	119568	118037	1688392
35500	118192	116708	751186
35500	119375	117803	1663424
35500	118385	116934	665248
35500	119438	117854	1655506
35500	119100	117563	1627543
35500	114963	113707	732749
35500	118162	116750	667176
35500	119479	117890	741773
35500	118787	117312	1693311
35500	119381	117897	1615583
35500	116780	115335	722063
35500	118084	116581	685865
35500	117039	115569	748816
35500	118134	116673	696509
35500	117703	116311	1621424
35500	118934	117388	1667920
35600	118799	117293	1692146
35600	120224	118596	1634875
35600	119240	117784	1665581
35600	118873	117433	755302
35600	58288	57889	655208
35600	119445	117891	1692792
35600	116293	114984	708616
35600	119004	117502	710051
35600	59521	58957	752905
35600	118030	116601	1667230
35600	119658	118122	1630489
35600	120621	119021	725626
35600	60021	59485	721057
35600	118386	116893	722897
35600	117601	116079	1621532
35600	118335	116848	1673571
35600	118037	116549	750007
35600	105754	104714	1720544
35600	118356	116914	711553
35600	120157	118594	688903
35600	105420	104291	1676327
35600	117072	115608	743823
35600	108332	107104	738211
35600	118194	116635	1632098
35600	119944	118397	1623430
35600	118217	116759	686925
35600	119864	118328	688285
35600	58498	58041	1630750
35600	119735	118173	661004
35600	115946	114466	1615855
35600	117129	115733	692443
35600	118713	117169	1678402
35600	119277	117794	655743
35600	118501	116932	1635619
35600	120064	118538	674581
35600	119107	117666	712893
35600	118420	116911	716620
35600	118187	116724	1685411
35600	118605	117143	719592
35600	118120	116688	1633322
35600	118442	116904	1717709
35600	119034	117509	676640
35600	119965	118424	1655023
35600	122723	121040	1660510
35600	118391	117011	704354
35600	118527	117057	1630522
35600	117365	116002	670047
35600	119841	118269	755111
35600	116953	115495	1679555
35600	119473	117948	683122
35700	117283	115880	1629086
35700	119201	117630	711848
35700	117342	115890	1695961
35700	116861	115452	750419
35700	117847	116445	758691
35700	119641	118136	675331
35700	117407	116026	1723641
35700	119321	117833	1696744
35700	120414	118879	1659976
35700	119271	117709	706773
35700	118456	116995	667877
35700	118598	117092	693734
35700	118041	116577	687217
35700	120295	118661	1640758
35700	119117	117637	1714299
35700	120591	119065	1659594
35700	118951	117470	758217
35700	108329	107109	1637746
35700	117231	115813	1715588
35700	119286	117771	1671451
35700	117077	115627	1703298
35700	118645	117135	1626513
35700	118092	116619	663449
35700	118936	117425	1664320
35700	116851	115457	1709852
35700	118109	116649	754447
35700	118655	117236	674801
35700	120145	118654	705196
35700	117081	115626	691288
35700	119869	118351	1700843
35700	118550	117138	1668691
35700	119074	117642	1701827
35700	119682	118170	731257
35700	119297	117841	657822
35700	118980	117487	740811
35700	118300	116901	746609
35700	119195	117753	1708995
35700	116105	114807	700635
35700	119838	118310	1702500
35700	119578	118096	704792
35700	119089	117594	1629546
35700	120013	118489	717714
35700	104968	103943	1682909
35700	110017	108780	696926
35700	118075	116618	716372
35700	120007	118452	658680
35700	120639	119091	758052
35700	119457	117905	748684
35700	120581	119035	747344
35700	119017	117532	1680475
35800	114196	112975	666669
35800	119567	118077	1669690
35800	119337	117898	683029
35800	59559	59030	721849
35800	120001	118451	1674805
35800	119036	117522	1650255
35800	120216	118718	752112
35800	117876	116462	1660390
35800	59914	59386	1710665
35800	119937	118441	1689416
35800	119969	118487	762630
35800	59718	59219	1651104
35800	118925	117471	750767
35800	116787	115410	1708803
35800	120575	119066	666308
35800	119088	117588	762854
35800	117556	116128	720780
35800	119133	117578	663253
35800	120202	118671	724394
35800	107617	106455	746683
35800	118389	116936	696781
35800	120267	118729	660416
35800	117893	116510	728137
35800	120175	118575	749310
35800	119430	117946	1727082
35800	103257	102300	1639168
35800	119387	117891	688339
35800	120177	118667	1684169
35800	120166	118611	724099
35800	117034	115741	720801
35800	118716	117201	724057
35800	119088	117581	717204
35800	118889	117466	683489
35800	119070	117586	667270
35800	120383	118809	1644793
35800	116856	115481	1712071
35800	107785	106637	1635675
35800	116503	115153	1712327
35800	120801	119261	690932
35800	121764	120205	1678916
35800	117664	116238	711409
35800	118392	116939	1657955
35800	117958	116592	1626014
35800	120330	118760	688938
35800	121151	119539	1724092
35800	120296	118692	752921
35800	119382	117856	1644620
35800	120999	119484	699407
35800	117638	116246	666127
35800	113295	111982	726694
35900	118774	117451	1732775
35900	119995	118534	1642427
35900	59476	58986	1720577
35900	106070	104976	1727979
35900	120304	118745	1647950
35900	120402	118863	712353
35900	118989	117463	1649391
35900	118726	117216	663206
35900	119388	117875	1694681
35900	59629	59147	740297
35900	119945	118429	669006
35900	118383	117024	744440
35900	119735	118265	1653562
35900	119961	118487	1641853
35900	120449	118951	669967
35900	121082	119516	1685762
35900	119006	117482	667973
35900	121206	119674	692918
35900	120262	118730	1667538
35900	120015	118512	674486
35900	120396	118832	1672739
35900	118720	117357	1731700
35900	122793	121212	678829
35900	121052	119590	701742
35900	119981	118428	710341
35900	120520	118886	675601
35900	119696	118140	668696
35900	119017	117544	1662258
35900	120019	118498	662580
35900	120565	119020	1670540
35900	119597	118100	1677569
35900	119026	117544	684469
35900	121839	120205	1662505
35900	119147	117726	723884
35900	107076	106041	1699818
35900	120464	118918	1688235
35900	119183	117665	1713007
35900	119053	117605	1667846
35900	113476	112248	723647
35900	121241	119749	1657826
35900	118608	117053	1689769
35900	119476	117964	677203
35900	120857	119279	1636778
35900	121457	119842	1678261
35900	118655	117230	704431
35900	109543	108310	760008
35900	119922	118391	723755
35900	120684	119087	695327
35900	59253	58733	669547
35900	117823	116463	736742
36000	119261	117846	1730069
36000	59787	59228	1713892
36000	109315	108102	751353
36000	120328	118814	763499
36000	120884	119332	1700487
36000	109607	108397	759019
36000	120466	118895	1724854
36000	119835	118286	1712440
36000	120325	118752	1706399
36000	59618	59114	715281
36000	120282	118745	1667155
36000	120125	118660	762470
36000	120877	119325	677445
36000	121263	119691	697171
36000	121115	119525	1711730
36000	120287	118825	1642403
36000	106783	105723	1641994
36000	119638	118180	685071
36000	119670	118165	682662
36000	121458	119905	684746
36000	119066	117607	1637804
36000	121747	120193	751862
36000	107204	106043	1662488
36000	117788	116400	1664162
36000	121924	120329	707242
36000	120205	118586	681466
36000	119630	118132	1658846
36000	108421	107235	1668911
36000	120563	119038	1696091
36000	121508	119850	665901
36000	119936	118474	715128
36000	109035	107828	684142
36000	121471	119906	735088
36000	123259	121634	1647146
36000	120187	118592	749136
36000	113439	112201	1714785
36000	120129	118715	1701186
36000	121504	120000	727399
36000	120632	119129	708158
36000	120700	119196	1682399
36000	119891	118359	1659161
36000	120624	119013	1687940
36000	120004	118503	692783
36000	121205	119638	712424
36000	119946	118382	742907
36000	114964	113675	707650
36000	119961	118340	721914
36000	121275	119701	683360
36000	121269	119727	1657812
36000	119562	118055	1683817
36100	121246	119668	694608
36100	120698	119197	714256
36100	120078	118555	1707066
36100	120067	118561	724991
36100	121197	119673	1663594
36100	120330	118816	754804
36100	121506	120001	768528
36100	121372	119766	1728386
36100	120429	118908	1639856
36100	121225	119611	755585
36100	60200	59600	1658328
36100	108496	107314	671507
36100	120263	118736	1707704
36100	117040	115736	760166
36100	120354	118763	683666
36100	119641	118097	769183
36100	119235	117828	1734013
36100	120747	119190	688158
36100	121425	119820	719816
36100	120775	119222	1699526
36100	119578	118121	742111
36100	119970	118487	1663822
36100	102512	101580	1677026
36100	121476	119880	685792
36100	120651	119154	740041
36100	122230	120604	1735835
36100	120699	119198	752404
36100	117405	116113	716423
36100	119827	118434	1681228
36100	120664	119207	1740378
36100	121046	119479	693384
36100	119536	118014	767693
36100	119930	118537	1678676
36100	121168	119645	1672054
36100	118025	116649	1703062
36100	122201	120608	1686458
36100	119415	118004	1642304
36100	119744	118231	1667354
36100	121969	120412	1654441
36100	118998	117490	1697105
36100	121364	119735	1699536
36100	119969	118409	1727715
36100	119947	118487	752014
36100	121069	119575	725934
36100	120806	119205	1678870
36100	119540	118085	712339
36100	118802	117433	716564
36100	120232	118726	1738801
36100	120574	119051	1738439
36100	121994	120411	691717
36200	120771	119226	1658074
36200	109997	108811	756177
36200	121016	119491	666618
36200	121581	119948	744150
36200	121334	119791	772250
36200	122613	121079	716078
36200	122539	120955	746506
36200	122788	121117	686931
36200	120142	118660	762040
36200	120884	119336	702768
36200	122224	120649	696767
36200	120985	119412	687859
36200	120631	119183	748623
36200	121391	119777	1748632
36200	122238	120625	733334
36200	120684	119135	717886
36200	120338	118781	1700820
36200	120329	118869	1737693
36200	121667	120109	1670790
36200	121619	120025	765308
36200	120971	119386	1676992
36200	120206	118793	1720462
36200	120746	119100	685881
36200	120988	119514	701924
36200	120867	119359	729736
36200	48142	47965	1743122
36200	122101	120569	1748047
36200	120344	118923	671708
36200	120700	119206	1661607
36200	119973	118419	1717425
36200	60764	60215	708030
36200	119610	118221	742774
36200	120087	118575	744646
36200	121777	120213	1670906
36200	121346	119806	1693661
36200	119276	117831	1648144
36200	114547	113239	694335
36200	121694	120166	1697469
36200	122224	120646	1641468
36200	119843	118403	673575
36200	61027	60506	751272
36200	121411	119883	679333
36200	120583	119052	1746599
36200	120695	119188	1692308
36200	110046	108885	1717941
36200	122271	120716	698042
36200	119378	117969	686208
36200	121763	120144	760200
36200	120338	118899	1664105
36200	120756	119215	1643768
36300	122026	120438	1676902
36300	121088	119574	676805
36300	120879	119430	1690934
36300	120246	118767	1670975
36300	119233	117813	669529
36300	122241	120644	1734798
36300	119837	118360	1674974
36300	120419	118911	1720645
36300	121788	120180	1720333
36300	120831	119282	1748587
36300	122475	120868	1736508
36300	121701	120214	765129
36300	121539	119976	702973
36300	122504	120855	738011
36300	121550	119973	1708806
36300	120865	119378	1719250
36300	121974	120398	669455
36300	121862	120373	742881
36300	121992	120460	696031
36300	121578	120065	693313
36300	121216	119688	686831
36300	121401	119899	1727663
36300	118280	116831	742048
36300	122189	120635	716679
36300	122281	120689	724921
36300	120763	119285	672935
36300	119606	118146	1654495
36300	121354	119790	755101
36300	121476	119920	1689486
36300	117953	116598	692165
36300	119489	118083	1666921
36300	59995	59475	711987
36300	120899	119356	719999
36300	121182	119665	673875
36300	109867	108654	738924
36300	121111	119620	694515
36300	117620	116265	711722
36300	121113	119568	1750566
36300	121667	120113	727535
36300	121388	119803	1725879
36300	122101	120549	772742
36300	121606	120086	1726544
36300	114311	113076	759879
36300	120947	119382	766742
36300	122507	120931	687061
36300	120714	119175	1654461
36300	122212	120632	700331
36300	121241	119763	1727565
36300	121222	119655	1653809
36300	121323	119815	1646541
36400	122238	120717	1755437
36400	121242	119825	1718595
36400	120963	119555	741271
36400	58090	57687	728079
36400	108569	107498	1721920
36400	121905	120264	1720631
36400	121770	120270	1726770
36400	121380	119901	1723101
36400	122085	120465	1717806
36400	120836	119306	743142
36400	122354	120698	670348
36400	122031	120463	678284
36400	122688	121115	751948
36400	122638	121083	1717905
36400	120634	119207	1689880
36400	122965	121354	742444
36400	119576	118217	1730549
36400	121719	120174	697454
36400	119110	117697	1745612
36400	120375	118894	1702452
36400	120970	119495	1728225
36400	122573	120966	1686958
36400	122205	120648	733318
36400	120537	119075	762527
36400	120103	118649	1665418
36400	120737	119238	693974
36400	120657	119111	719841
36400	108564	107372	716526
36400	120342	118887	751620
36400	122399	120739	1741482
36400	120985	119492	707735
36400	119909	118508	1733995
36400	120077	118571	677771
36400	122121	120554	1748753
36400	110805	109598	1677464
36400	118774	117403	771407
36400	120894	119384	768519
36400	120909	119374	697319
36400	119312	117950	769825
36400	122303	120813	702898
36400	121184	119818	722755
36400	119861	118421	1715302
36400	122390	120766	751409
36400	121239	119759	711253
36400	121770	120235	1668735
36400	122165	120541	679704
36400	122477	120900	1758602
36400	123002	121351	701392
36400	122602	121100	1742808
36400	120594	119131	1663638
36500	119670	118322	1742668
36500	121141	119542	686916
36500	120866	119377	1729415
36500	120145	118653	677210
36500	123266	121737	749030
36500	122628	121083	1727469
36500	123456	121857	1667547
36500	122643	121004	1746781
36500	121760	120231	1739802
36500	121229	119838	1712242
36500	123070	121472	1725131
36500	123093	121468	672860
36500	121026	119519	1757000
36500	122766	121275	729187
36500	120486	118935	742683
36500	122707	121127	735639
36500	120717	119335	699145
36500	121475	119870	1747968
36500	122637	121065	772933
36500	122368	120809	1674633
36500	121888	120356	743131
36500	122783	121211	727334
36500	123008	121505	1687653
36500	121168	119654	1669741
36500	121794	120320	695566
36500	122587	121007	1749417
36500	121847	120285	674284
36500	121470	119965	724657
36500	122632	121052	1689354
36500	121733	120231	1672113
36500	123381	121715	714321
36500	122004	120470	1710029
36500	120485	118901	1732243
36500	60207	59704	674119
36500	120690	119289	698128
36500	61359	60811	729449
36500	121232	119740	704667
36500	123488	121838	1714302
36500	120908	119467	1727682
36500	121846	120357	728126
36500	121197	119706	1701097
36500	120628	119100	767066
36500	122269	120698	1721151
36500	60145	59714	1683788
36500	121481	119996	1738286
36500	118819	117359	694159
36500	120940	119482	754662
36500	122365	120828	763435
36500	122376	120859	1719264
36500	123005	121325	1675852
36600	122843	121336	1725529
36600	122790	121216	741352
36600	121470	120012	768707
36600	121155	119693	1687456
36600	121248	119752	762565
36600	121625	120174	707373
36600	121147	119718	1699020
36600	122943	121351	1697242
36600	124039	122524	771811
36600	121659	120190	779877
36600	121394	119888	724924
36600	121084	119559	730955
36600	122053	120500	1664952
36600	122976	121391	1727985
36600	122415	120853	1674652
36600	122007	120485	1693383
36600	123175	121603	1696237
36600	120470	119100	725933
36600	121388	119947	750046
36600	122204	120699	706075
36600	120290	118805	775466
36600	118863	117443	682054
36600	121874	120347	1750678
36600	109763	108573	1719471
36600	119013	117679	775275
36600	122714	121159	1709634
36600	122507	120970	715132
36600	120196	118760	735235
36600	121539	120065	1685939
36600	122150	120654	1765649
36600	119790	118391	1664753
36600	122355	120797	1677918
36600	123286	121635	1749700
36600	122160	120609	725401
36600	122528	120974	752889
36600	121733	120272	1674125
36600	60988	60455	1690108
36600	122372	120815	1672744
36600	58231	57839	729221
36600	120769	119307	763512
36600	121994	120448	726395
36600	60628	60098	1719149
36600	120659	119237	686707
36600	121644	120108	723860
36600	121997	120530	1678188
36600	124004	122366	701069
36600	123040	121516	1690512
36600	120175	118763	722988
36600	120769	119320	767679
36600	122306	120730	769099
36700	123335	121727	1739215
36700	123847	122248	1755289
36700	123381	121876	771728
36700	123070	121498	710448
36700	123073	121583	1724371
36700	122922	121350	1732044
36700	120783	119329	695762
36700	111512	110265	1710918
36700	121511	120003	1681336
36700	124648	123105	753520
36700	122742	121185	767284
36700	122140	120618	1734094
36700	59026	58571	677123
36700	122607	121010	747880
36700	122713	121216	721079
36700	122618	121109	726637
36700	122495	120929	1756463
36700	122362	120813	1710524
36700	122362	120805	1759520
36700	122724	121104	1697640
36700	123555	122042	1759770
36700	110303	109076	782771
36700	121744	120278	1768621
36700	123026	121434	715157
36700	122459	120875	1755679
36700	110443	109322	721104
36700	123270	121717	773270
36700	123094	121638	1671415
36700	122039	120533	1766740
36700	121923	120446	1672071
36700	123945	122383	1714368
36700	122569	121029	723370
36700	120353	118936	685506
36700	124408	122835	776311
36700	122566	120997	733079
36700	123973	122363	1757661
36700	122671	121144	713067
36700	122967	121398	736964
36700	124695	123066	688989
36700	122579	121043	766017
36700	121643	120171	780557
36700	122127	120622	689015
36700	122184	120722	1711096
36700	122075	120638	762966
36700	121483	119928	709243
36700	124185	122554	1728688
36700	120963	119419	769924
36700	122954	121419	728593
36700	118173	116818	1748299
36700	121617	120131	1690945
36800	120759	119231	1762566
36800	122310	120747	1672599
36800	122819	121283	1776903
36800	122889	121317	782441
36800	123876	122299	728588
36800	120148	118768	747145
36800	122224	120800	1724632
36800	123227	121629	1703555
36800	122405	120883	1773200
36800	123671	122141	1706908
36800	123536	121963	773847
36800	123534	121920	1772642
36800	123531	121966	1751502
36800	121788	120293	1750524
36800	123506	121906	763292
36800	122775	121287	681978
36800	123443	121825	1729071
36800	122110	120649	1691600
36800	123229	121670	711052
36800	122307	120785	772797
36800	122432	120905	755803
36800	122864	121310	694613
36800	123361	121867	779195
36800	122871	121314	726147
36800	124252	122636	1773838
36800	123745	122197	699053
36800	121804	120381	1761123
36800	123652	122117	731824
36800	122860	121328	1715403
36800	121878	120401	727833
36800	124395	122797	1733631
36800	120076	118731	691408
36800	123991	122349	1705594
36800	122703	121116	765684
36800	109127	108054	715484
36800	122424	120807	1702339
36800	125868	124234	774289
36800	123470	121856	1702745
36800	124163	122659	1703672
36800	121034	119541	1701396
36800	124097	122405	693613
36800	123197	121647	726499
36800	125276	123642	707845
36800	122948	121446	1741497
36800	120939	119548	716720
36800	122969	121500	686862
36800	122586	121048	714817
36800	122236	120770	763478
36800	123266	121654	1757370
36800	124026	122395	733540
36900	123669	122071	1674838
36900	122976	121386	1705208
36900	123708	122073	1751993
36900	123905	122348	757033
36900	123733	122128	683448
36900	109593	108414	1747097
36900	122764	121213	1723277
36900	124517	122888	715914
36900	122918	121499	707703
36900	111097	109941	1780375
36900	122132	120569	778739
36900	123658	122100	1680735
36900	61831	61250	700253
36900	123314	121754	1681861
36900	124928	123406	1746536
36900	122299	120683	748696
36900	123855	122340	742626
36900	123714	122143	1683796
36900	121529	120091	715523
36900	123383	121819	690923
36900	124628	123016	739149
36900	122214	120768	1754050
36900	122144	120704	679462
36900	123537	122005	1727235
36900	123176	121603	1783279
36900	123834	122310	682477
36900	123157	121617	1752852
36900	123236	121709	740366
36900	123750	122179	776592
36900	123346	121782	735701
36900	122601	121085	1674857
36900	119393	118026	1712128
36900	123999	122353	1778295
36900	123897	122277	718247
36900	122624	121021	1693506
36900	123905	122346	1678239
36900	123714	122039	760057
36900	110942	109788	1738434
36900	111415	110259	758075
36900	123339	121884	745278
36900	122903	121334	680946
36900	124806	123257	1712154
36900	123337	121814	1720455
36900	112169	110876	1715555
36900	123682	122114	761734
36900	122106	120640	761887
36900	123247	121790	1709010
36900	121903	120380	1754087
36900	111956	110654	690716
36900	120265	118862	1741956
37000	124180	122591	689192
37000	123719	122113	754432
37000	123333	121769	1717202
37000	123225	121750	1738920
37000	119343	117996	1761182
37000	123076	121614	691544
37000	123850	122292	1781718
37000	122045	120679	731800
37000	122807	121341	1730572
37000	124072	122539	786626
37000	125097	123456	1774429
37000	125747	124136	744800
37000	121295	119845	706860
37000	123528	122101	1714222
37000	121794	120461	1683094
37000	124982	123347	753580
37000	61034	60568	1687350
37000	122216	120654	1728985
37000	124331	122754	755731
37000	119443	118103	726541
37000	123894	122311	768197
37000	124326	122749	687801
37000	123375	121909	706946
37000	121439	120001	1694267
37000	121213	119766	729312
37000	124716	123181	1778237
37000	122493	120983	683223
37000	122723	121273	1730491
37000	124896	123324	699029
37000	124549	122961	1734794
37000	124002	122458	1745603
37000	122402	120893	781365
37000	125777	124075	1784984
37000	123156	121720	718808
37000	123047	121520	769219
37000	123689	122171	1691554
37000	121334	119924	687597
37000	122710	121211	1758971
37000	124484	122838	1755469
37000	123080	121457	1717455
37000	122253	120795	1697051
37000	124593	123069	780639
37000	124772	123169	686871
37000	124058	122456	774822
37000	112275	111033	1689701
37000	124618	123022	727889
37000	124510	122824	1728474
37000	123880	122401	1786302
37000	123206	121671	709580
37000	125530	123953	703272
37100	123154	121628	682468
37100	122743	121229	713950
37100	122686	121200	1755572
37100	122636	121168	1782300
37100	124090	122522	1747971
37100	122725	121301	1767514
37100	123774	122132	1786153
37100	123550	122070	723336
37100	123573	122121	726066
37100	122434	120937	699441
37100	122655	121220	1690652
37100	123839	122292	1768403
37100	122330	120878	731468
37100	120871	119437	680223
37100	123702	122093	1716629
37100	124134	122573	1744570
37100	122211	120796	1775022
37100	122771	121227	697643
37100	123743	122171	1744616
37100	123841	122252	1743259
37100	109425	108343	779413
37100	122158	120651	775202
37100	123011	121451	681313
37100	123727	122133	699768
37100	123085	121602	1722861
37100	125326	123680	727500
37100	124348	122788	770203
37100	108677	107630	751096
37100	62342	61737	743599
37100	124358	122787	737325
37100	124623	123073	1709689
37100	119273	117918	1694686
37100	126339	124633	779518
37100	125634	123992	705402
37100	121068	119685	1735202
37100	122914	121463	687609
37100	124795	123177	704797
37100	125288	123699	1700365
37100	120389	118979	1787293
37100	125026	123400	1760132
37100	121388	119874	1772272
37100	123736	122159	1726343
37100	121909	120431	1739371
37100	124539	122959	683348
37100	125107	123459	702553
37100	110854	109674	749160
37100	127088	125309	1737871
37100	123254	121683	784328
37100	124032	122474	737127
37100	124749	123244	1713622
37200	124472	123086	1730669
37200	124755	123155	740194
37200	118577	117305	776611
37200	125166	123655	1691598
37200	124881	123338	1758918
37200	124073	122495	1705088
37200	121721	120304	1724725
37200	126064	124448	693689
37200	124865	123242	730184
37200	121955	120491	751523
37200	126859	125198	1700035
37200	122708	121244	704793
37200	124965	123365	1780979
37200	123761	122260	705951
37200	124069	122577	1731617
37200	119107	117809	1797284
37200	124334	122735	692202
37200	125158	123530	793405
37200	124663	123122	1725324
37200	124625	123019	699496
37200	124053	122599	1746360
37200	124238	122591	730789
37200	123524	121989	733908
37200	123629	122060	1742079
37200	124826	123265	1786994
37200	125273	123610	1772025
37200	123730	122201	765272
37200	125845	124157	1761269
37200	122905	121333	767486
37200	124300	122773	1787879
37200	125663	124030	1735008
37200	123811	122233	1769625
37200	125044	123419	1703092
37200	123899	122489	1734766
37200	124774	123254	1787944
37200	125974	124336	721771
37200	123290	121706	1735193
37200	122036	120690	1744907
37200	124356	122813	1766767
37200	124404	122868	686652
37200	62582	62005	776462
37200	62676	62083	1712570
37200	124679	123189	1697442
37200	123658	122089	707006
37200	125079	123524	1796624
37200	124498	123004	1728195
37200	124665	123113	1721588
37200	125246	123575	1794764
37200	124464	122878	1711921
37200	123580	122011	1697356
37300	124277	122764	703538
37300	124056	122481	1736104
37300	124669	123135	700119
37300	125379	123793	1756519
37300	123853	122349	701883
37300	49527	49355	1800608
37300	125283	123662	735378
37300	122945	121464	762217
37300	123301	121920	1775849
37300	123984	122411	1789891
37300	125015	123421	1780693
37300	123871	122340	1757186
37300	125214	123604	1764005
37300	124148	122613	729210
37300	125690	124013	778574
37300	124605	123019	1800241
37300	123696	122184	1696486
37300	125326	123680	1757361
37300	126251	124682	762535
37300	124823	123256	775671
37300	122764	121345	1748530
37300	122139	120645	1781112
37300	124714	123155	714868
37300	61369	60917	718455
37300	123966	122439	1703615
37300	125258	123649	1780541
37300	124148	122645	761419
37300	124384	122801	794783
37300	122546	121035	759206
37300	121285	119865	739212
37300	125379	123835	1801856
37300	125983	124400	746454
37300	124482	122906	1762704
37300	125498	123924	716606
37300	122638	121247	685867
37300	122905	121473	1762239
37300	123489	122014	770256
37300	124406	122831	773492
37300	124471	122915	1795724
37300	125548	123968	1714413
37300	122997	121578	776994
37300	125316	123709	688974
37300	121911	120589	1765823
37300	125312	123640	1752448
37300	124312	122674	1795056
37300	111812	110647	716745
37300	124294	122719	1758752
37300	122860	121425	742949
37300	123331	121896	722836
37300	122780	121260	788505
37400	123946	122507	781422
37400	125143	123519	738140
37400	126634	124971	1803802
37400	126005	124408	1759388
37400	62497	61931	1794787
37400	123491	121972	743666
37400	125213	123583	722684
37400	124913	123302	711494
37400	124563	122982	796696
37400	127746	126070	1734231
37400	126388	124760	1716105
37400	123234	121712	1701858
37400	124767	123240	792690
37400	125924	124315	764022
37400	124692	123227	1706164
37400	126527	124926	707848
37400	123180	121736	712294
37400	124855	123398	732956
37400	126468	124793	788617
37400	125162	123456	753144
37400	125101	123528	1748951
37400	123908	122395	712921
37400	124135	122675	782625
37400	123966	122521	757920
37400	123539	121970	1717180
37400	61458	60957	1802509
37400	124581	123009	1705811
37400	124402	122848	1719592
37400	125988	124372	1759417
37400	123660	122151	760286
37400	123623	122107	1777903
37400	126130	124561	1806900
37400	124612	123076	720522
37400	125277	123735	703995
37400	124785	123310	1699026
37400	126876	125182	1797489
37400	62965	62319	1750608
37400	124611	123074	728731
37400	122946	121423	701678
37400	124817	123370	709042
37400	112587	111395	1751944
37400	127588	125930	1728170
37400	125313	123735	768366
37400	126478	124806	1730290
37400	123444	121998	1728776
37400	125562	123955	1735295
37400	125229	123683	741608
37400	126610	125036	1717227
37400	126044	124468	710684
37400	126062	124421	1782552
37500	125233	123682	708997
37500	124056	122491	1744458
37500	123639	122286	1786489
37500	123706	122228	768801
37500	124817	123204	1772489
37500	125617	124030	1730212
37500	126439	124792	1718184
37500	123324	121858	705348
37500	126140	124493	1744078
37500	126320	124737	1749401
37500	123806	122339	765992
37500	125603	124075	1736994
37500	124685	123144	1770016
37500	126153	124561	1808508
37500	125494	123916	1798023
37500	125490	123851	773041
37500	124255	122731	1793298
37500	124676	123155	768083
37500	125063	123570	1747321
37500	125921	124218	768057
37500	124860	123332	1728331
37500	126391	124840	706160
37500	127607	125952	761888
37500	125857	124319	1790462
37500	123935	122490	698276
37500	123823	122419	796623
37500	118987	117681	706370
37500	122624	121135	741060
37500	126262	124650	745434
37500	126213	124611	741044
37500	125446	123871	725414
37500	123792	122360	722910
37500	124866	123275	1811631
37500	123595	122135	1802103
37500	125908	124328	1792944
37500	125407	123860	1788797
37500	126056	124404	699747
37500	122687	121253	1742226
37500	122084	120631	1756891
37500	59639	59251	753340
37500	126896	125324	786838
37500	123268	121804	799362
37500	123605	122182	694844
37500	124679	123175	777753
37500	125275	123647	746537
37500	126035	124459	717785
37500	125976	124410	1772362
37500	122620	121126	735676
37500	126319	124722	1778147
37500	125093	123554	737579
37600	125669	124045	752037
37600	127057	125444	764764
37600	124989	123479	1801104
37600	61900	61419	691626
37600	108889	107969	1776680
37600	124806	123344	752082
37600	127618	126043	1787372
37600	125702	124197	759280
37600	60112	59678	739064
37600	125693	124084	1720415
37600	126481	124994	702479
37600	124176	122744	1760393
37600	125811	124174	755765
37600	124815	123326	1727177
37600	126158	124513	762883
37600	125516	123981	1740884
37600	123759	122307	759780
37600	127635	126005	1707253
37600	122676	121297	701280
37600	125697	124058	751880
37600	125420	123903	1716194
37600	124299	122796	700357
37600	126871	125266	765144
37600	124998	123385	705904
37600	110336	109266	713678
37600	123697	122229	782818
37600	122670	121191	757942
37600	125739	124165	1805203
37600	124501	123031	1763866
37600	126635	124953	1814443
37600	125576	124032	1791039
37600	61553	61079	1735087
37600	123490	122059	737222
37600	126174	124576	722492
37600	125276	123754	701166
37600	126316	124809	692850
37600	124444	122893	1731538
37600	124429	122920	1741801
37600	127088	125451	1729073
37600	125559	123959	1747171
37600	127229	125543	785619
37600	126395	124832	752764
37600	127321	125635	700034
37600	126432	124818	1780257
37600	110599	109495	1794127
37600	110094	109090	759220
37600	125776	124140	721386
37600	127648	125959	1811498
37600	125258	123663	696520
37600	125897	124350	1804918
37700	126348	124730	1775427
37700	126776	125207	1716575
37700	125353	123783	1785556
37700	126513	124868	728742
37700	126377	124814	1752519
37700	112669	111487	1752351
37700	127240	125665	744815
37700	126143	124576	795798
37700	112899	111674	723137
37700	127792	126120	1814438
37700	125699	124128	1739751
37700	126052	124381	1709498
37700	128347	126708	713791
37700	125661	124118	793445
37700	125999	124454	725285
37700	124647	123180	1773344
37700	124515	123037	1744403
37700	125776	124181	1731357
37700	126381	124799	1776151
37700	127273	125720	738477
37700	124151	122662	773322
37700	125478	123989	1808119
37700	127593	125993	1741539
37700	125666	124040	1777220
37700	126167	124609	1734777
37700	121850	120489	793231
37700	125790	124204	790406
37700	126386	124746	1776793
37700	125154	123596	780148
37700	125129	123602	1804393
37700	127010	125452	1821987
37700	125233	123737	791762
37700	127003	125389	698889
37700	124265	122701	741636
37700	126183	124582	1719306
37700	126403	124830	1802399
37700	125378	123777	778510
37700	126319	124780	710101
37700	126259	124664	726023
37700	125176	123673	1814999
37700	127358	125720	1729665
37700	125788	124208	1717149
37700	125910	124302	786528
37700	127785	126119	1777292
37700	126183	124646	1769999
37700	126683	125105	1731034
37700	127037	125430	1804936
37700	125498	123950	709799
37700	128051	126389	1743528
37700	124791	123285	764554
37800	127035	125469	1752325
37800	126422	124810	1821621
37800	126648	125092	1779741
37800	127571	125965	782841
37800	127897	126285	805776
37800	125416	123936	1724758
37800	125848	124318	1733718
37800	125258	123710	780456
37800	126080	124530	704120
37800	127832	126210	775420
37800	125631	124017	722437
37800	127168	125540	1724176
37800	125665	124046	805025
37800	125209	123707	1766082
37800	113723	112496	788479
37800	125257	123704	1798735
37800	127208	125543	746828
37800	126298	124660	1791136
37800	123720	122273	733924
37800	126901	125350	1744230
37800	126655	124996	1779519
37800	127450	125852	1794879
37800	126287	124667	1726058
37800	123085	121723	793338
37800	126455	124934	760458
37800	124149	122705	786669
37800	126218	124654	747872
37800	126340	124769	1783137
37800	126521	124908	802862
37800	126536	124991	1762383
37800	126638	125081	1804642
37800	126669	125086	758120
37800	125150	123685	725209
37800	127179	125603	794826
37800	126335	124884	776941
37800	127424	125755	801855
37800	126772	125159	802050
37800	122706	121355	779243
37800	111649	110512	1721418
37800	114160	112978	1754271
37800	125901	124330	1780389
37800	124750	123259	733512
37800	113272	112040	1718227
37800	126193	124546	1773424
37800	124173	122737	1823296
37800	126532	125019	693224
37800	126043	124520	743906
37800	126206	124633	755427
37800	126064	124439	1761405
37800	125982	124470	753995
37900	126694	125103	1771985
37900	126759	125181	760034
37900	125663	124172	785323
37900	126823	125283	731613
37900	123680	122257	1805102
37900	125683	124174	742310
37900	125972	124383	1750729
37900	112709	111601	756704
37900	126947	125338	734068
37900	126891	125290	1802941
37900	127318	125838	700787
37900	126560	125051	1738581
37900	127456	125829	703213
37900	127092	125455	781416
37900	126504	124847	720259
37900	127893	126210	1820118
37900	119262	117949	1806299
37900	125654	124095	775869
37900	126227	124673	1806973
37900	125427	123846	1770560
37900	126840	125270	1809131
37900	126161	124691	797679
37900	125107	123652	767834
37900	127835	126139	778971
37900	126631	125043	706602
37900	127104	125476	1805960
37900	127313	125640	1788755
37900	125465	123957	1757249
37900	127880	126291	765034
37900	127355	125772	1781103
37900	127271	125638	1772619
37900	126971	125317	779880
37900	127040	125410	744511
37900	127227	125702	744005
37900	126594	124926	786512
37900	127142	125550	722575
37900	127125	125576	1724340
37900	50338	50153	1825513
37900	127536	125915	761008
37900	127322	125671	780170
37900	124626	123178	1762266
37900	118903	117716	762749
37900	62967	62435	804814
37900	126488	124931	775580
37900	124862	123412	1774741
37900	127554	125957	792362
37900	124674	123203	749280
37900	125918	124339	719624
37900	126331	124852	1831477
37900	125571	124008	724210
38000	122301	121004	795950
38000	126434	124870	1784108
38000	111570	110518	1809380
38000	125874	124270	1781139
38000	126701	125135	1806350
38000	128429	126671	704188
38000	125451	123983	1782901
38000	126483	124972	1760623
38000	126911	125481	1779049
38000	127186	125623	741849
38000	126460	124862	1816209
38000	127407	125812	1831263
38000	128913	127221	758872
38000	127551	125976	1805621
38000	128989	127305	721543
38000	127685	126118	753431
38000	124700	123285	807716
38000	63366	62820	736342
38000	125552	124085	1775027
38000	126308	124729	1829901
38000	127216	125586	1780719
38000	123212	121823	743740
38000	126712	125201	1813288
38000	126640	125104	1802209
38000	127955	126232	744194
38000	62947	62433	719429
38000	128117	126433	718518
38000	128668	127043	797155
38000	126684	125102	779904
38000	62670	62194	1786669
38000	126698	125177	771090
38000	125476	123992	1774532
38000	128594	126879	1761943
38000	127168	125649	719025
38000	122492	121170	782424
38000	125867	124251	1745195
38000	126644	125121	1825695
38000	126604	125085	1726560
38000	126949	125322	1832483
38000	128085	126463	1734648
38000	128315	126676	713434
38000	127719	126074	1831556
38000	127990	126410	730160
38000	124970	123535	1731669
38000	126945	125396	707024
38000	126616	125076	1762853
38000	127379	125813	698102
38000	128144	126535	1834832
38000	127529	125870	785045
38000	126954	125373	715040
38100	125116	123640	794553
38100	127515	125916	1749943
38100	126908	125369	1749049
38100	126630	125091	753448
38100	125404	123936	1824820
38100	126983	125432	1771387
38100	63489	62916	781815
38100	126174	124640	1803415
38100	123936	122568	1791234
38100	123533	122159	752452
38100	124419	122988	759580
38100	127510	125901	1782162
38100	128143	126550	741205
38100	127035	125472	783570
38100	125286	123709	1765905
38100	127734	126183	1835495
38100	127935	126343	717797
38100	127746	126174	1761244
38100	127783	126260	772690
38100	128117	126539	1833759
38100	128867	127165	1737690
38100	125971	124529	732818
38100	124402	122934	811924
38100	125878	124399	1839323
38100	126610	125145	1807414
38100	124792	123293	711198
38100	126782	125240	1731698
38100	122300	120931	756487
38100	127820	126231	789741
38100	126105	124652	745060
38100	124839	123334	1802878
38100	127589	126007	1728002
38100	126848	125359	1747512
38100	125762	124303	1727456
38100	124554	123118	763804
38100	128501	126878	1833873
38100	124839	123411	1820756
38100	127200	125550	774236
38100	127356	125751	718657
38100	127149	125533	1783585
38100	126649	125154	1799123
38100	126514	125060	1756579
38100	112556	111421	1798824
38100	127325	125767	781251
38100	127367	125843	701104
38100	127046	125501	1798624
38100	126822	125252	704945
38100	127693	126121	1761267
38100	127932	126414	1772066
38100	124248	122805	1793352
38200	127401	125835	804913
38200	126772	125273	731275
38200	128784	127114	744862
38200	127108	125567	1791405
38200	127063	125584	736475
38200	128644	127051	806429
38200	128141	126535	752549
38200	126271	124715	738214
38200	128960	127391	1794280
38200	125934	124432	1800419
38200	126052	124550	779748
38200	127912	126239	762598
38200	128423	126798	773089
38200	128517	126875	746939
38200	128017	126405	707052
38200	127960	126392	776066
38200	124934	123482	1755602
38200	128235	126486	1811618
38200	127507	125914	1768255
38200	128228	126550	790903
38200	127733	126160	737565
38200	126045	124490	799032
38200	128053	126459	730359
38200	120928	119563	1843417
38200	126535	124946	760177
38200	124806	123388	701083
38200	128420	126738	1846094
38200	126757	125241	1815284
38200	127410	125768	758980
38200	127719	126230	797206
38200	127434	125901	730744
38200	127404	125815	1820520
38200	129053	127493	1816043
38200	126334	124782	763962
38200	127243	125724	788178
38200	128835	127175	745858
38200	129154	127521	1786672
38200	123961	122536	700729
38200	126693	125231	1776009
38200	124885	123467	705496
38200	127247	125685	1770713
38200	126446	124970	735920
38200	129515	127895	1754494
38200	126611	125006	778567
38200	115539	114219	794198
38200	126567	125019	1773419
38200	114515	113269	1825433
38200	126182	124684	778053
38200	129948	128189	1779162
38200	128445	126848	1831830
38300	129500	127731	1752250
38300	64554	63967	1758181
38300	126196	124772	748621
38300	127723	126128	730355
38300	123750	122333	1758982
38300	128448	126882	1736288
38300	127023	125512	1738302
38300	127430	125924	1840987
38300	127542	126052	1769027
38300	126788	125335	732586
38300	127583	126097	794650
38300	128078	126547	1758191
38300	126924	125475	1819803
38300	128111	126571	1816158
38300	129400	127778	725944
38300	123535	122126	1768208
38300	127961	126384	1834472
38300	126726	125201	730955
38300	126750	125268	719988
38300	128484	126863	1813493
38300	129420	127778	1741329
38300	128102	126513	1802082
38300	129015	127410	1797625
38300	127082	125542	741628
38300	128870	127265	1758426
38300	128796	127263	810417
38300	128550	126978	1838833
38300	128902	127261	795944
38300	127492	125942	1835940
38300	128965	127327	1803571
38300	127298	125826	1765193
38300	128966	127308	717517
38300	129934	128257	1755097
38300	129059	127466	742513
38300	129124	127490	1758337
38300	112978	111882	1748880
38300	128146	126551	707796
38300	127679	126101	1777450
38300	127237	125683	1848098
38300	124535	123088	766237
38300	126564	125100	765893
38300	127969	126344	705614
38300	126917	125436	1844779
38300	127225	125670	1774780
38300	126951	125413	704601
38300	128000	126413	808967
38300	128575	126987	1738279
38300	127687	126150	1775576
38300	128585	126992	1768297
38300	128302	126709	1818856
38400	127934	126219	785873
38400	128936	127370	1784572
38400	129424	127768	712510
38400	128188	126643	722709
38400	128968	127330	1834769
38400	128167	126571	1849306
38400	127492	125915	805173
38400	127343	125764	768949
38400	128237	126676	1752663
38400	127287	125757	804908
38400	128855	127176	1815760
38400	126773	125273	774633
38400	128450	126860	1827639
38400	129332	127678	780747
38400	126050	124653	747399
38400	128369	126797	1847624
38400	128890	127251	1829501
38400	128214	126688	1849919
38400	128560	126913	1844277
38400	129901	128186	747467
38400	126019	124525	1788502
38400	129546	127867	730345
38400	128104	126457	720634
38400	128012	126472	1773044
38400	129186	127561	1761501
38400	126498	124999	1807418
38400	129310	127608	1815650
38400	64133	63582	1840976
38400	128096	126441	1742689
38400	128695	127088	1836894
38400	127919	126318	1801731
38400	129327	127782	754092
38400	127465	125876	1823064
38400	126413	124935	1748611
38400	127599	126159	1758384
38400	126366	124850	1812110
38400	128793	127147	807134
38400	128777	127097	1769615
38400	127773	126144	721231
38400	128387	126816	1852335
38400	127693	126089	783328
38400	128090	126496	1821467
38400	127254	125610	797843
38400	127401	125862	781743
38400	127482	125922	735303
38400	115073	113960	760879
38400	128367	126768	1848015
38400	128703	127107	1853962
38400	125785	124305	1759984
38400	128254	126656	737035
38500	129280	127593	706787
38500	128323	126714	1763628
38500	129783	128098	771815
38500	127408	125918	1832277
38500	116107	114920	1780540
38500	127575	125921	1840853
38500	131352	129637	1800336
38500	128843	127357	1846402
38500	127849	126265	787075
38500	64532	63935	1830335
38500	127882	126349	1759251
38500	127458	125917	801324
38500	128930	127274	1772712
38500	129343	127762	1767015
38500	128263	126623	1860747
38500	129140	127479	759577
38500	116181	114888	1805512
38500	128824	127297	730317
38500	128522	126966	816892
38500	128845	127243	707825
38500	115705	114432	717293
38500	126359	124869	1761316
38500	128597	126975	759865
38500	128442	126983	742839
38500	130003	128371	1802017
38500	128925	127309	744883
38500	128666	127107	769566
38500	130251	128657	780970
38500	130080	128405	1753476
38500	126683	125122	762996
38500	117377	116047	1770137
38500	128608	127056	772900
38500	127771	126251	1766919
38500	127760	126192	1750951
38500	130850	129098	768127
38500	129734	128131	737934
38500	127911	126338	734579
38500	129633	128048	1848597
38500	114844	113719	1796545
38500	129445	127843	737454
38500	128313	126700	1811333
38500	127990	126376	1841125
38500	127994	126494	774418
38500	128382	126848	1830905
38500	128980	127373	1752755
38500	127795	126181	1813435
38500	127485	126023	761772
38500	127791	126334	1825110
38500	113938	112857	792826
38500	129381	127749	796063
38600	128883	127258	1818997
38600	128814	127186	1796837
38600	130175	128475	740538
38600	131006	129350	716765
38600	129170	127593	1844960
38600	114401	113298	747676
38600	129349	127761	1755470
38600	128677	127035	1814816
38600	129922	128311	1808396
38600	127390	125892	780827
38600	129886	128188	1818336
38600	129239	127691	805839
38600	130541	128869	715171
38600	130227	128624	764564
38600	129747	128105	1827579
38600	128958	127337	807441
38600	127390	125862	1793354
38600	128848	127268	1841034
38600	129183	127624	1863391
38600	130134	128572	717510
38600	114885	113714	789598
38600	127711	126089	787650
38600	128402	126805	712504
38600	129340	127691	804936
38600	129194	127682	1778898
38600	128717	127083	1765313
38600	128229	126668	782759
38600	127455	125969	1773268
38600	128760	127131	781346
38600	129561	127954	1802318
38600	128854	127241	728034
38600	128629	126974	1864537
38600	117131	115846	762443
38600	128507	126914	717619
38600	129829	128243	1835570
38600	130060	128383	1808866
38600	126587	125038	1860293
38600	130052	128406	747953
38600	129558	127825	1815161
38600	128346	126811	710501
38600	129048	127416	803934
38600	129489	127907	745906
38600	128799	127207	1819684
38600	127826	126323	1825243
38600	126008	124606	810833
38600	127116	125604	1813079
38600	128698	127087	1771314
38600	129338	127690	790492
38600	64428	63796	1828626
38600	128582	126990	720655
38700	129937	128267	1793979
38700	130762	129061	1826814
38700	128968	127437	783368
38700	129102	127597	767102
38700	129647	128145	1772942
38700	129016	127430	1822698
38700	130438	128794	1860078
38700	128644	127099	1812439
38700	128862	127326	732507
38700	51354	51155	753153
38700	128978	127462	1757666
38700	127313	125867	1811901
38700	126491	125052	1755608
38700	129508	127972	1863135
38700	128979	127379	1758354
38700	129010	127395	1761483
38700	130925	129248	800437
38700	130203	128590	713187
38700	129366	127872	1762796
38700	127759	126275	817613
38700	128679	127057	1865488
38700	128412	126910	1803364
38700	130826	129205	730555
38700	128358	126780	732866
38700	129158	127565	1814258
38700	129968	128394	1865952
38700	131997	130296	809507
38700	128759	127087	776249
38700	125578	124203	742390
38700	129962	128371	1779961
38700	116658	115405	1773952
38700	129797	128182	1857983
38700	129885	128229	748697
38700	130807	129167	822202
38700	130209	128524	1776048
38700	129209	127667	1861625
38700	117325	116061	711991
38700	130201	128566	1844549
38700	127218	125765	1865479
38700	130622	128995	1777052
38700	129015	127423	732023
38700	131371	129676	1763821
38700	128998	127416	771195
38700	116523	115356	1777811
38700	128392	126882	1835023
38700	127303	125826	819584
38700	126485	125052	777047
38700	123240	121903	711370
38700	130270	128619	1820501
38700	128332	126805	773230
38800	130064	128399	1846289
38800	130100	128506	792411
38800	128868	127256	1861424
38800	130409	128736	1851965
38800	130681	129057	1809706
38800	133040	131319	796346
38800	127963	126450	1830269
38800	127733	126231	1772015
38800	128327	126703	800005
38800	127108	125554	1815450
38800	130526	128842	1795576
38800	129602	127973	1795185
38800	130180	128588	764464
38800	128184	126681	781408
38800	130420	128798	1872481
38800	128188	126662	736757
38800	131292	129642	712253
38800	128069	126500	778464
38800	129066	127468	790598
38800	132622	130936	820164
38800	130932	129322	722259
38800	129998	128409	1846161
38800	128806	127273	1791160
38800	129300	127737	1839693
38800	131075	129428	1835150
38800	130019	128289	797402
38800	129797	128201	1856033
38800	129729	128057	1824171
38800	129716	127986	1782420
38800	130217	128583	1851444
38800	128971	127391	1805050
38800	123393	122125	1871727
38800	130752	129197	1810209
38800	130147	128486	1804358
38800	127521	126007	760490
38800	131466	129747	1852772
38800	129765	128134	801579
38800	129152	127567	721026
38800	129220	127642	1804419
38800	128055	126613	1804409
38800	129255	127709	790894
38800	129529	127988	734629
38800	116552	115258	771709
38800	130398	128734	1768822
38800	130222	128635	754608
38800	128755	127119	741587
38800	129055	127545	1774956
38800	129495	127957	1788358
38800	129727	128185	1840852
38800	132598	130882	812119
38900	130724	129084	1869269
38900	128359	126837	739137
38900	130753	129103	1843539
38900	129999	128427	719277
38900	130630	129054	1766614
38900	129729	128126	1782386
38900	129978	128437	774207
38900	129902	128279	808590
38900	64429	63917	828391
38900	129583	127974	812228
38900	129392	127862	1871961
38900	129483	127864	780633
38900	128765	127175	738088
38900	130720	129051	1863959
38900	127016	125585	817865
38900	130146	128574	809079
38900	129913	128262	769019
38900	126712	125295	733071
38900	129813	128322	1818480
38900	128615	127038	817421
38900	129737	128212	826055
38900	131169	129536	1816446
38900	125011	123706	753482
38900	130756	129156	764674
38900	130221	128562	730799
38900	129317	127688	1863756
38900	129576	128036	1812865
38900	130299	128765	729001
38900	130112	128477	782457
38900	128881	127431	768323
38900	126921	125577	1801723
38900	129535	127961	742597
38900	130094	128493	1805015
38900	129685	128126	771426
38900	129016	127517	1775887
38900	131400	129768	1827944
38900	129820	128251	1826528
38900	129776	128199	1834179
38900	132083	130348	1849544
38900	129312	127811	769232
38900	129620	128118	1837921
38900	130756	129120	1778630
38900	128036	126478	752604
38900	131859	130151	779929
38900	130629	128962	1869015
38900	129651	128038	1862766
38900	129184	127659	1795509
38900	130366	128770	1850025
38900	126646	125249	1794409
38900	128177	126656	1839930
39000	128229	126765	768871
39000	126821	125326	766004
39000	129826	128246	1791836
39000	129165	127562	791977
39000	130432	128889	818641
39000	130427	128815	821096
39000	127352	125951	1790302
39000	130106	128534	1838239
39000	116536	115311	794376
39000	129500	128007	735326
39000	130719	129112	757073
39000	130693	129064	724538
39000	131604	129969	813457
39000	131147	129474	715899
39000	130910	129288	806888
39000	130037	128442	817515
39000	129782	128216	791410
39000	129459	128003	1831666
39000	116459	115219	1806900
39000	130774	129148	745102
39000	130703	129108	831459
39000	130433	128809	747316
39000	127195	125726	1873622
39000	127659	126174	1870872
39000	130276	128709	1842515
39000	130777	129114	1845461
39000	131024	129393	1783714
39000	131826	130120	826685
39000	130463	128856	1823364
39000	130676	129036	731381
39000	131211	129621	794056
39000	127511	126028	750195
39000	131880	130174	719939
39000	128865	127421	729603
39000	130033	128449	1829833
39000	118408	117028	1851324
39000	129907	128401	730944
39000	130705	129107	1839188
39000	130311	128704	1858474
39000	130608	129002	1795229
39000	130395	128852	1846477
39000	129600	128045	1772588
39000	131265	129655	785011
39000	130671	129040	804795
39000	130620	128973	1881339
39000	117563	116389	729591
39000	131678	130021	1866821
39000	129303	127775	1853654
39000	130396	128865	788822
39000	129895	128314	716915
39100	131377	129695	1820279
39100	130292	128651	738600
39100	131720	130118	787092
39100	128303	126800	1818425
39100	128638	127177	758226
39100	64706	64189	1851085
39100	130334	128686	826913
39100	129979	128429	1871037
39100	128447	126910	768114
39100	128502	127083	1832113
39100	126434	125072	1842519
39100	128245	126869	1824565
39100	131092	129431	1796651
39100	128101	126601	743552
39100	130747	129153	804524
39100	129678	128090	767517
39100	128798	127266	1837984
39100	130047	128432	1887878
39100	64716	64174	1828947
39100	129923	128306	1821158
39100	127842	126397	1850362
39100	131009	129345	1885777
39100	131164	129523	720481
39100	131011	129423	1792472
39100	131227	129584	1830503
39100	133249	131465	1869469
39100	131288	129610	1819881
39100	130184	128619	1856103
39100	130608	128997	800218
39100	126940	125350	816979
39100	130387	128798	1830558
39100	131728	130125	789757
39100	130606	129001	767758
39100	111474	110575	821353
39100	128404	126950	725060
39100	130009	128446	1802766
39100	129140	127566	1859788
39100	129819	128163	824573
39100	128695	127195	786457
39100	130146	128527	831838
39100	130482	128968	1868700
39100	131782	130169	1823763
39100	131444	129680	818152
39100	130357	128790	1874401
39100	129812	128283	808164
39100	132121	130493	1856330
39100	130386	128768	1811891
39100	131905	130324	1798562
39100	130538	128988	1781789
39100	132342	130591	1823626
39200	64659	64139	784162
39200	130825	129178	1789218
39200	131443	129824	1839200
39200	129445	127853	1889912
39200	131374	129748	1791415
39200	131210	129654	1853751
39200	65307	64746	801208
39200	129584	127980	1830712
39200	130376	128863	1825203
39200	133378	131704	1816149
39200	130553	128991	1862173
39200	129885	128265	791663
39200	130509	128908	1863000
39200	129582	127951	787159
39200	132277	130576	806808
39200	129465	127883	831679
39200	133173	131458	752531
39200	131332	129726	1887458
39200	131280	129586	1871353
39200	131577	130055	792509
39200	131626	129890	793365
39200	130743	129127	747187
39200	129338	127865	1892934
39200	129606	128079	1887529
39200	129232	127703	748060
39200	127202	125775	1810383
39200	128345	126900	725549
39200	130821	129294	828720
39200	130896	129299	1801863
39200	130746	129140	753036
39200	131789	130205	1858495
39200	131515	129878	1892970
39200	65204	64639	764611
39200	128602	127194	804822
39200	129847	128336	732546
39200	129608	128177	1874060
39200	130739	129160	1777907
39200	129852	128451	785005
39200	130295	128673	739631
39200	129977	128420	1879408
39200	130030	128448	1862470
39200	129410	127829	742026
39200	129899	128318	1794369
39200	132445	130745	812109
39200	116359	115252	1804891
39200	130941	129325	794211
39200	131420	129814	834554
39200	129822	128263	1881964
39200	128481	127019	1837129
39200	129845	128284	1784553
39300	131323	129669	1850673
39300	131095	129542	803163
39300	127094	125669	1782434
39300	128567	127152	1783725
39300	132385	130761	775132
39300	130998	129390	1817487
39300	133244	131588	803650
39300	131348	129703	1871068
39300	130789	129219	1865024
39300	65534	65003	1793529
39300	131112	129450	1894063
39300	132069	130431	1791880
39300	118082	116866	1898805
39300	131618	130005	1898424
39300	130426	128909	762940
39300	132452	130775	1857679
39300	131484	129954	1794683
39300	131540	129951	762727
39300	131139	129425	1859269
39300	131090	129447	1861079
39300	131065	129375	761036
39300	131049	129491	786728
39300	130072	128532	1878916
39300	130443	129033	1834058
39300	131893	130246	730033
39300	128761	127297	1888605
39300	131501	129948	1853210
39300	64708	64198	805559
39300	131015	129483	805187
39300	133225	131517	733182
39300	132448	130875	1872334
39300	132339	130680	1807795
39300	130541	128987	1803980
39300	132289	130551	798767
39300	130143	128624	781573
39300	132165	130591	807514
39300	118555	117271	747561
39300	129773	128248	1796580
39300	130965	129439	782350
39300	130694	129079	777282
39300	131220	129605	1836797
39300	131248	129652	724650
39300	131748	130154	812142
39300	132664	130926	781726
39300	132122	130413	1854302
39300	130155	128668	733905
39300	120506	119207	1835614
39300	130522	128991	1791335
39300	131791	130195	1841409
39300	129739	128111	799462
39400	131311	129691	819171
39400	132286	130680	1859480
39400	65975	65391	1810459
39400	132390	130726	1867205
39400	118808	117558	736635
39400	131035	129493	799503
39400	129427	127999	727458
39400	132450	130809	1885943
39400	119089	117797	837690
39400	125981	124600	1819575
39400	131894	130275	1810019
39400	133996	132381	1811985
39400	133040	131405	824056
39400	129373	127829	1815023
39400	133604	131916	1855851
39400	132462	130749	1884948
39400	130606	129039	1899839
39400	131993	130365	803721
39400	132247	130629	820503
39400	130324	128757	1814819
39400	130296	128742	813643
39400	131086	129481	733725
39400	129833	128376	813747
39400	133222	131570	778877
39400	118261	117045	789862
39400	130416	128826	1817102
39400	132606	130925	1852607
39400	130523	128958	1857021
39400	134172	132471	1872871
39400	131499	129936	1811895
39400	131441	129739	1797778
39400	130444	128834	1808629
39400	133537	131735	822982
39400	130268	128694	1825287
39400	129815	128234	1802964
39400	131547	129911	1850928
39400	131670	130092	1805403
39400	130615	129093	1853898
39400	133790	132084	1810351
39400	132082	130429	1886768
39400	119291	117959	1800132
39400	132112	130367	1859268
39400	131471	129813	1836102
39400	130667	129073	1888122
39400	131514	129894	737980
39400	132354	130710	1806162
39400	131910	130293	1829006
39400	132634	130961	1812895
39400	131734	130068	791653
39400	119425	118105	1797698
39500	132393	130720	1801499
39500	131230	129684	749134
39500	130042	128528	801264
39500	132211	130569	1896357
39500	132262	130625	1838348
39500	132229	130629	745573
39500	131481	129898	755497
39500	131076	129513	810667
39500	132228	130590	810159
39500	131254	129739	1873552
39500	131935	130344	1825804
39500	134427	132696	1804231
39500	133305	131589	1890953
39500	131771	130147	774357
39500	129804	128315	1900420
39500	133015	131413	807074
39500	63773	63327	837987
39500	131244	129662	790622
39500	131219	129599	842256
39500	132698	131078	817719
39500	131266	129696	1837242
39500	132878	131240	737208
39500	132565	130927	831886
39500	127644	126248	809307
39500	131930	130321	1870153
39500	130511	128985	829788
39500	132284	130678	1874625
39500	131974	130247	1897011
39500	131184	129623	1822832
39500	129049	127470	789596
39500	133401	131814	769389
39500	131409	129869	818081
39500	132537	130816	1895208
39500	132095	130414	798593
39500	132059	130424	1878949
39500	132582	130964	1808429
39500	132286	130660	731696
39500	127750	126275	1808793
39500	131022	129577	798462
39500	52530	52357	811772
39500	119111	117808	796532
39500	52677	52464	790252
39500	127872	126335	832342
39500	131371	129835	1871804
39500	132893	131254	1820125
39500	132116	130533	797726
39500	131971	130484	736866
39500	133251	131588	1906767
39500	132156	130499	773548
39500	132212	130723	769989
39600	65137	64640	1889534
39600	132834	131195	802896
39600	130731	129242	1886109
39600	134022	132344	757016
39600	131778	130172	781092
39600	131369	129828	824436
39600	133006	131347	817588
39600	133393	131658	1836724
39600	133013	131387	1862454
39600	132890	131250	1806718
39600	132202	130514	1848988
39600	132910	131141	778554
39600	130689	129130	831798
39600	134180	132535	1832760
39600	133187	131520	1856902
39600	132799	131134	781442
39600	130989	129442	1814180
39600	128606	127224	1892940
39600	126252	124921	1855615
39600	131898	130238	732430
39600	134119	132340	829548
39600	133322	131659	728225
39600	133098	131493	830678
39600	66036	65477	1841815
39600	132744	131147	1910591
39600	129590	128099	787461
39600	130036	128550	748926
39600	131648	130101	805902
39600	133982	132253	1887824
39600	129375	127870	817520
39600	130896	129475	1863493
39600	131038	129502	834227
39600	129079	127578	1877383
39600	132086	130532	1862126
39600	130813	129242	1850799
39600	131968	130419	1843814
39600	131801	130135	1852817
39600	132610	130979	787393
39600	132854	131240	763257
39600	134192	132410	1871084
39600	130557	129078	812374
39600	133431	131757	1889503
39600	131017	129486	738974
39600	132943	131278	1874762
39600	132962	131313	803239
39600	118847	117644	756525
39600	131843	130253	1892209
39600	130521	128938	828808
39600	130486	128942	1911204
39600	133811	132129	1811519
39700	132423	130749	1840542
39700	133931	132181	1868905
39700	133839	132233	742392
39700	130071	128499	1877171
39700	133356	131750	842869
39700	133170	131458	792484
39700	134724	133042	825144
39700	132698	131136	775758
39700	132661	131098	737107
39700	134118	132348	1873240
39700	132746	131206	1847219
39700	133587	131968	1872302
39700	134226	132536	1887411
39700	131893	130286	1855249
39700	131224	129604	1839489
39700	133445	131721	783335
39700	132355	130694	1833235
39700	132031	130464	1815818
39700	66320	65751	1847754
39700	132338	130718	733963
39700	120476	119123	806533
39700	133321	131633	816610
39700	132782	131116	790556
39700	132866	131257	1833375
39700	133821	132222	750982
39700	133740	132094	1863213
39700	133342	131717	1899676
39700	119795	118523	774604
39700	132804	131098	1882498
39700	118313	117145	1800332
39700	130376	128840	1812197
39700	134018	132362	753621
39700	133407	131779	1916147
39700	111919	110960	782695
39700	133399	131817	1868161
39700	132671	130998	1863723
39700	65906	65361	834091
39700	131823	130307	819000
39700	134460	132810	802096
39700	132561	130976	825358
39700	115961	114835	1813121
39700	120163	118865	1889825
39700	132669	131031	1886460
39700	132665	131060	818631
39700	132360	130679	1865128
39700	134106	132408	1813570
39700	132013	130484	834895
39700	132259	130575	746389
39700	133802	132194	824463
39700	131459	129897	767886
39800	134456	132734	1807625
39800	134754	133075	794233
39800	133172	131422	1900729
39800	133822	132108	752523
39800	135553	133775	746347
39800	131288	129799	789613
39800	132531	130929	820807
39800	132935	131311	783758
39800	131927	130368	843292
39800	134157	132412	1915435
39800	133670	132016	1838386
39800	134190	132522	809927
39800	132769	131177	1884824
39800	134086	132391	799873
39800	131800	130230	1856814
39800	132335	130760	836428
39800	133442	131807	733166
39800	132015	130444	846317
39800	133170	131587	1909990
39800	132919	131320	1868832
39800	130346	128919	780081
39800	132252	130579	1843342
39800	133989	132293	802749
39800	134190	132471	798914
39800	134295	132534	1845959
39800	119726	118413	755369
39800	133012	131420	1897382
39800	131293	129797	826453
39800	131216	129681	1849697
39800	132724	131128	1839351
39800	131818	130239	763993
39800	133523	131802	1813671
39800	125448	124122	1897526
39800	133943	132296	822805
39800	134109	132478	1874227
39800	134454	132679	804311
39800	133842	132208	1872064
39800	133322	131705	1896642
39800	132558	130833	1848488
39800	132625	131014	1807200
39800	132069	130476	1903220
39800	121687	120313	807531
39800	133291	131629	1921323
39800	128938	127534	1859579
39800	132722	131104	823179
39800	133128	131464	840203
39800	132258	130602	1920780
39800	133429	131722	782383
39800	131730	130185	1918134
39800	133228	131611	828444
39900	133379	131762	1918465
39900	133140	131499	1812926
39900	133907	132153	1856591
39900	133657	132019	748928
39900	133850	132248	832329
39900	119596	118411	1853533
39900	133539	131939	839060
39900	135245	133588	1832251
39900	135189	133545	1915239
39900	133535	131838	764316
39900	133287	131701	1904907
39900	121229	119872	1867702
39900	132349	130878	1809796
39900	134231	132513	1822907
39900	134783	133119	847533
39900	132111	130669	1837330
39900	134224	132559	1912933
39900	134469	132733	769801
39900	133833	132216	1905130
39900	136013	134211	1869655
39900	131127	129679	1812272
39900	133721	132108	1877628
39900	134046	132428	1850045
39900	133162	131522	1861653
39900	133310	131714	797370
39900	117473	116246	1900419
39900	133105	131482	1855623
39900	133347	131748	832883
39900	133924	132302	1914296
39900	133567	131851	1880033
39900	131243	129702	1864456
39900	131718	130171	1850604
39900	127653	126345	1827891
39900	132832	131189	818341
39900	133370	131733	1901670
39900	134114	132470	1895724
39900	131986	130371	1913326
39900	132551	131061	1903319
39900	134073	132519	840468
39900	133620	131860	1894276
39900	134716	132967	772132
39900	134763	133122	752043
39900	119290	118144	1841451
39900	133903	132266	745606
39900	134251	132594	734752
39900	133786	132117	1820122
39900	134265	132529	769929
39900	133563	131888	1908278
39900	131764	130227	746159
39900	134015	132402	801316
40000	132838	131153	1887297
40000	134342	132608	836749
40000	132060	130459	1908145
40000	132423	130816	1915587
40000	133342	131709	827760
40000	121272	119987	1818892
40000	122235	120900	1868898
40000	133990	132367	831089
40000	129854	128381	1831323
40000	130325	128782	1904922
40000	129583	128155	1919102
40000	131404	129886	1855022
40000	134031	132413	744803
40000	133688	132094	1856069
40000	121051	119738	1877828
40000	133655	132023	1851541
40000	134043	132521	1866606
40000	134185	132543	1841524
40000	131398	129889	1903062
40000	134937	133190	1831314
40000	125050	123707	1852322
40000	133675	131985	1908097
40000	134553	132855	1823035
40000	132366	130870	1829023
40000	132463	130912	736694
40000	132292	130756	828048
40000	132715	131121	749829
40000	133182	131586	843812
40000	134203	132462	1832194
40000	132133	130576	1900802
40000	119847	118614	758849
40000	132667	131141	1880513
40000	134077	132386	766041
40000	132922	131361	1877498
40000	133820	132157	825817
40000	132918	131363	1927839
40000	133147	131599	772199
40000	135108	133436	1853873
40000	131411	129802	1919388
40000	132306	130680	1841687
40000	131823	130253	1824957
40000	134646	132932	1841927
40000	135579	133978	1892109
40000	133788	132102	772272
40000	133091	131499	772460
40000	131898	130379	847944
40000	134402	132750	1919090
40000	131495	129903	801541
40000	132628	131006	1862923
40000	135198	133416	816434
40100	119971	118728	1928956
40100	133054	131462	1914999
40100	133140	131587	1824155
40100	134837	133105	1933328
40100	132956	131382	1932295
40100	132754	131180	1908588
40100	121133	119802	780201
40100	134097	132467	1849207
40100	134152	132520	1855153
40100	132615	131104	1822282
40100	134181	132515	752229
40100	133772	132124	834619
40100	134685	133076	781176
40100	133837	132284	779278
40100	127347	125978	764298
40100	135245	133629	844412
40100	133814	132232	781506
40100	134213	132544	757716
40100	131652	130140	754307
40100	134153	132474	1827706
40100	134709	133086	818816
40100	134331	132681	1862898
40100	64595	64091	1861718
40100	135018	133341	752329
40100	132466	130863	1881055
40100	135341	133623	1830763
40100	134448	132830	794110
40100	135061	133424	817422
40100	132341	130733	789011
40100	131023	129513	1902544
40100	132862	131278	1888315
40100	134517	132796	799579
40100	131779	130329	736761
40100	129030	127731	831202
40100	135122	133433	1848267
40100	133404	131935	737790
40100	133858	132270	1819900
40100	121084	119869	1865390
40100	135353	133578	791135
40100	133213	131605	803803
40100	135356	133603	1894963
40100	133313	131742	789004
40100	131174	129686	1831111
40100	133708	132044	1882915
40100	133546	131948	766153
40100	133742	132200	1921288
40100	130838	129347	1910088
40100	133357	131781	853495
40100	133099	131471	748830
40100	132969	131342	1921960
40200	133396	131797	819905
40200	134046	132355	1903675
40200	133311	131667	1912030
40200	131701	130174	1901736
40200	134095	132415	1829750
40200	136497	134801	786130
40200	135400	133746	1901691
40200	134839	133168	1927695
40200	133887	132241	1900710
40200	121160	119901	851751
40200	137234	135521	1888524
40200	133495	131804	763793
40200	133939	132241	1896405
40200	134316	132731	1935665
40200	135127	133366	779734
40200	131999	130450	1891412
40200	135903	134181	831588
40200	134156	132602	1849581
40200	135672	134014	809922
40200	134291	132624	756267
40200	131706	130279	1920033
40200	131963	130561	840085
40200	133150	131588	1833843
40200	134040	132427	777977
40200	134662	133044	750433
40200	132353	130835	1908042
40200	133596	131919	785698
40200	135306	133716	737519
40200	135332	133685	843398
40200	134536	132822	742771
40200	132951	131378	1882836
40200	135492	133751	755749
40200	134281	132730	778870
40200	121577	120298	842379
40200	134238	132600	1859138
40200	133055	131361	1913653
40200	131145	129686	738245
40200	135275	133604	816874
40200	132566	130997	1930692
40200	136104	134392	817451
40200	115278	114281	1857488
40200	135995	134213	809180
40200	135903	134253	740378
40200	134993	133320	770905
40200	134239	132593	820672
40200	134552	132931	753099
40200	134590	132905	1826819
40200	132107	130670	799263
40200	135478	133775	1847382
40200	118425	117288	1844889
40300	136459	134620	1857585
40300	134346	132713	1939761
40300	132925	131321	1922192
40300	121405	120176	761008
40300	135059	133406	803460
40300	132173	130654	794006
40300	67451	66853	750893
40300	135862	134192	793723
40300	133084	131509	1847917
40300	135645	133917	1860877
40300	135327	133635	1834055
40300	135192	133495	1859404
40300	133453	131829	1844917
40300	133431	131885	796642
40300	133239	131685	1916322
40300	67577	66934	1903753
40300	134717	133206	1849150
40300	134072	132589	1912114
40300	130206	128880	852672
40300	134825	133193	1861521
40300	134978	133341	774845
40300	134417	132797	1917943
40300	133178	131614	1873805
40300	135334	133647	1911410
40300	134421	132719	1837753
40300	132674	131120	741873
40300	135794	134064	1878331
40300	134505	132860	789954
40300	136025	134336	1913609
40300	135540	133756	749952
40300	133048	131551	1918826
40300	135588	133946	741543
40300	135376	133715	767401
40300	134060	132441	840692
40300	135461	133748	748472
40300	135273	133579	849750
40300	133981	132400	858942
40300	134821	133257	1913366
40300	119900	118720	1915870
40300	135380	133792	1827671
40300	135743	134074	821041
40300	134139	132583	1862490
40300	133817	132242	842783
40300	134000	132426	752226
40300	135383	133645	1905640
40300	135977	134306	1925888
40300	134762	133118	1837665
40300	132765	131226	838385
40300	121400	120140	1915620
40300	134508	132888	774406
40400	135427	133804	1853107
40400	131388	129942	834833
40400	136671	135010	778790
40400	137447	135628	1940105
40400	67027	66454	1879472
40400	136638	134907	773683
40400	135320	133700	1885429
40400	135073	133456	1871192
40400	136847	135153	793186
40400	135058	133534	1831566
40400	131012	129667	786431
40400	135068	133425	1897192
40400	135569	133953	856765
40400	135497	133922	847487
40400	121008	119682	1935115
40400	134793	133188	790097
40400	134903	133314	1844291
40400	127952	126591	820298
40400	130634	129181	1837847
40400	134333	132724	755118
40400	136730	134989	745702
40400	133692	132209	1831745
40400	133392	131957	1865071
40400	134368	132771	759045
40400	135113	133448	796508
40400	134197	132676	1930334
40400	133745	132178	1951635
40400	134845	133246	1918822
40400	136767	134985	856709
40400	136226	134528	858011
40400	136414	134758	1863179
40400	134515	132922	1922992
40400	135430	133816	1907440
40400	137325	135632	1872859
40400	135913	134244	784440
40400	134813	133123	830725
40400	134903	133187	835166
40400	134508	132837	1930150
40400	134567	132960	814269
40400	134920	133213	1935230
40400	131937	130424	1921886
40400	134217	132648	762470
40400	135081	133422	819301
40400	135507	134000	838604
40400	134940	133417	784898
40400	134042	132513	1881362
40400	135188	133558	767195
40400	135018	133419	802637
40400	134564	132964	826147
40400	136048	134336	1864822
40500	135273	133649	1926242
40500	133683	132156	1880996
40500	134681	133108	773301
40500	135369	133789	1922063
40500	135632	133974	816585
40500	134203	132685	1852404
40500	121884	120637	766539
40500	133619	132055	848660
40500	135702	134061	1857026
40500	127183	125803	780334
40500	136381	134683	801810
40500	131805	130318	1888671
40500	137260	135523	1869049
40500	134190	132596	745229
40500	135772	134111	826335
40500	136118	134516	794497
40500	134359	132841	1910845
40500	134347	132789	744223
40500	132907	131405	1850786
40500	135423	133751	844364
40500	135831	134117	1920693
40500	136150	134514	1919907
40500	135358	133640	762602
40500	136007	134454	1946183
40500	135070	133387	848060
40500	137057	135393	1849264
40500	137099	135313	1941621
40500	134967	133443	773530
40500	134867	133277	1844465
40500	135187	133477	799695
40500	136114	134384	757444
40500	136520	134786	811463
40500	135034	133442	1851561
40500	134692	133065	1847225
40500	133631	132082	1860362
40500	136176	134476	1925470
40500	135898	134304	857753
40500	136269	134562	822345
40500	135837	134203	1917979
40500	136011	134401	758652
40500	135220	133645	808731
40500	135435	133780	761309
40500	134640	133040	1885798
40500	135291	133620	1895907
40500	134990	133432	1862310
40500	136388	134677	1848910
40500	134602	132982	1943931
40500	135914	134310	770794
40500	132565	131176	862501
40500	138220	136432	1909558
40600	135760	134053	778317
40600	135304	133682	857926
40600	135791	134135	1859492
40600	122017	120799	802718
40600	136711	135086	1955640
40600	135905	134283	794146
40600	133649	132045	1853621
40600	136221	134559	1868815
40600	135115	133533	766539
40600	137304	135617	1945961
40600	134775	133121	856561
40600	132706	131167	746735
40600	125191	123988	1895537
40600	134906	133199	794535
40600	135661	134012	815213
40600	132840	131373	806740
40600	135431	133837	847096
40600	135765	134148	771641
40600	134468	132839	828675
40600	134659	133078	776355
40600	135247	133633	821167
40600	136140	134439	1960951
40600	137489	135760	782792
40600	136675	134989	775270
40600	135341	133696	1932133
40600	136439	134777	1955586
40600	134855	133266	865344
40600	133561	131978	1872314
40600	128492	127065	848453
40600	134211	132610	744452
40600	118937	117869	840553
40600	135339	133721	1926255
40600	133426	131849	1850986
40600	135785	134122	1890820
40600	122744	121478	765654
40600	134602	132974	1845563
40600	134864	133317	1939935
40600	136416	134727	1938339
40600	134700	133108	798137
40600	136434	134805	852710
40600	68608	67966	1941615
40600	123449	122125	1849623
40600	136003	134328	1899818
40600	134120	132491	843983
40600	136419	134723	1951448
40600	135812	134103	756581
40600	135418	133753	783946
40600	136698	135068	839357
40600	135765	134204	827407
40600	135530	133915	783054
40700	136219	134544	1956125
40700	134609	133061	753851
40700	137158	135482	763801
40700	136980	135265	1958740
40700	67040	66526	1869056
40700	135431	133867	813429
40700	132272	130695	855257
40700	136740	135044	850403
40700	132490	131072	1884238
40700	133682	132130	814212
40700	119766	118596	815664
40700	136484	134820	768334
40700	137790	136010	859929
40700	137107	135465	813586
40700	134395	132855	814231
40700	134751	133179	828728
40700	137671	135946	827578
40700	134520	132982	856618
40700	135534	133923	763625
40700	138196	136528	749152
40700	135120	133546	828646
40700	137299	135559	1908931
40700	122252	121028	867824
40700	135954	134304	858208
40700	132921	131428	1848880
40700	134705	133128	1918711
40700	135934	134335	1911587
40700	136753	135113	834771
40700	137060	135380	786855
40700	122976	121661	768536
40700	136440	134867	777067
40700	133437	131878	858110
40700	136460	134768	1920215
40700	135389	133834	806795
40700	136765	135006	808086
40700	135163	133566	1940654
40700	136545	134913	1923479
40700	133861	132317	866923
40700	134788	133173	770937
40700	135829	134263	826837
40700	134436	132860	1865305
40700	137211	135536	860128
40700	136378	134810	1955036
40700	135533	133951	1855065
40700	135810	134148	817168
40700	136627	134928	861144
40700	135805	134178	1911405
40700	136797	135173	839440
40700	135990	134345	800207
40700	133256	131732	1872569
40800	133109	131577	812415
40800	136236	134630	1861949
40800	137054	135309	1862943
40800	67436	66880	767786
40800	136271	134661	775493
40800	122882	121653	768596
40800	135585	133948	836978
40800	135030	133445	1894343
40800	133948	132477	1905687
40800	136242	134513	1870883
40800	138365	136595	1956507
40800	136696	134995	809425
40800	136903	135122	845200
40800	134213	132586	805886
40800	135984	134541	859235
40800	137100	135388	1921274
40800	135435	133857	775929
40800	134324	132822	1895523
40800	135276	133727	1927102
40800	134927	133345	796708
40800	138219	136441	773545
40800	136211	134489	788664
40800	136015	134393	760669
40800	137958	136282	854717
40800	135820	134224	1874893
40800	135512	133880	750240
40800	136238	134608	844737
40800	123480	122129	829118
40800	135000	133453	1914170
40800	138280	136540	1907795
40800	67395	66860	1967167
40800	67279	66773	748936
40800	132572	131048	830033
40800	135411	133856	1962817
40800	135509	133859	1895542
40800	66646	66173	795867
40800	134445	132940	1932201
40800	136099	134460	1925511
40800	137131	135437	822857
40800	137193	135432	1860553
40800	135088	133516	1952874
40800	137490	135825	864759
40800	136133	134521	804914
40800	134916	133362	822579
40800	136536	134896	1920654
40800	136340	134708	821988
40800	136920	135246	749434
40800	135541	133947	829739
40800	137034	135245	1959201
40800	122528	121254	1860870
40900	137845	136123	843656
40900	122537	121284	1962156
40900	136598	134874	792795
40900	138650	136853	781896
40900	136083	134465	1964518
40900	136965	135240	820100
40900	137091	135412	862532
40900	136658	134935	1933606
40900	137003	135326	1946470
40900	136183	134583	859225
40900	136506	134869	1939290
40900	137072	135421	805556
40900	137842	136194	1943060
40900	135612	134054	1971684
40900	136996	135297	768166
40900	135653	134136	757432
40900	136694	135122	825703
40900	137402	135662	780908
40900	136844	135150	1927431
40900	134552	133022	861219
40900	123043	121708	1863402
40900	138814	137162	1862019
40900	137185	135479	1876118
40900	136515	134808	750253
40900	136321	134687	768553
40900	136715	135090	1903288
40900	134359	132873	1953317
40900	132955	131517	864766
40900	136597	134854	858123
40900	137919	136161	753613
40900	139249	137432	1947345
40900	136210	134556	835301
40900	138486	136811	864572
40900	137767	136037	800947
40900	136133	134564	834584
40900	137757	136106	830020
40900	136683	135010	847234
40900	68484	67897	1885584
40900	136694	134992	1898433
40900	136142	134520	1955911
40900	138065	136387	784083
40900	136123	134487	829017
40900	138129	136352	1884810
40900	136149	134509	1911808
40900	136396	134871	809039
40900	134186	132559	802514
40900	133935	132354	1976508
40900	136909	135368	759579
40900	137019	135365	766430
40900	136529	134905	1889219
41000	136814	135108	782227
41000	135328	133768	817995
41000	136160	134531	844506
41000	137348	135701	852584
41000	135483	133841	1908276
41000	136725	135153	836554
41000	134725	133270	789433
41000	136961	135283	1922268
41000	138456	136686	1907702
41000	136250	134624	1944344
41000	138461	136621	822441
41000	138421	136673	1864820
41000	138342	136601	854766
41000	139064	137346	827158
41000	137774	136086	812399
41000	136172	134645	1903749
41000	135582	134050	1875688
41000	137332	135756	1973897
41000	135264	133629	820964
41000	136319	134732	1877457
41000	136423	134773	861552
41000	133891	132390	1966225
41000	136962	135371	861679
41000	136836	135125	824258
41000	137147	135444	783848
41000	137746	136060	1926569
41000	137633	135917	837315
41000	137757	136119	857086
41000	137975	136333	868100
41000	137716	136012	1877602
41000	136304	134656	867509
41000	137518	135863	1946651
41000	137084	135420	823702
41000	138194	136467	857978
41000	136585	134950	818819
41000	135579	134020	1961042
41000	137111	135439	1888207
41000	137660	135942	1905965
41000	136407	134819	1926135
41000	138304	136586	867512
41000	137617	135876	1948724
41000	136574	135028	753111
41000	135125	133558	836493
41000	135611	133992	804176
41000	68750	68114	850184
41000	135806	134192	768307
41000	138099	136384	867797
41000	122983	121767	774543
41000	138182	136522	764326
41000	68615	68040	1907987
41100	138472	136799	1904564
41100	137053	135409	771229
41100	134056	132513	1952565
41100	139259	137472	769127
41100	138085	136297	1948033
41100	133249	131902	1917133
41100	136005	134503	1871714
41100	137940	136322	787655
41100	136378	134778	1978443
41100	138311	136654	1946000
41100	134435	132882	803155
41100	136258	134637	1867903
41100	68431	67847	1974363
41100	137310	135678	800180
41100	136897	135255	824779
41100	135446	133921	1868021
41100	138051	136340	820798
41100	135156	133641	825976
41100	137794	136133	1953479
41100	138780	137007	1909345
41100	136435	134717	1953785
41100	137202	135558	1876888
41100	138450	136765	760504
41100	137927	136172	828343
41100	137537	135971	850412
41100	138247	136501	829741
41100	138891	137030	1902622
41100	135184	133664	818264
41100	134796	133282	809393
41100	137177	135465	1976615
41100	138062	136379	805650
41100	137828	136196	787830
41100	137711	136054	1972442
41100	135387	133811	761281
41100	136759	135070	863298
41100	138746	136997	1922517
41100	136285	134569	873740
41100	137259	135593	1877808
41100	137950	136311	836337
41100	139084	137413	771561
41100	135462	133898	1944768
41100	136925	135365	1931014
41100	133925	132378	764030
41100	137153	135510	867776
41100	134688	133066	789875
41100	136333	134734	1872249
41100	136980	135341	859675
41100	138588	136865	799591
41100	139030	137279	1957444
41100	137176	135496	1928751
41200	138199	136566	1870567
41200	133606	132147	1920123
41200	137084	135440	764502
41200	138275	136566	1972388
41200	137278	135686	1972744
41200	138665	136907	1914983
41200	136489	135015	1891871
41200	137006	135424	852405
41200	137435	135824	766885
41200	137399	135683	1949123
41200	137351	135628	854713
41200	129119	127865	1956913
41200	138643	136922	862998
41200	124104	122789	847371
41200	137548	135921	814475
41200	137091	135495	1896838
41200	138468	136801	1925743
41200	123706	122437	778295
41200	137008	135405	852541
41200	138454	136711	773190
41200	139173	137499	1969834
41200	137430	135780	1880591
41200	137356	135769	802891
41200	139171	137504	874357
41200	135397	133845	848130
41200	138788	137150	1906635
41200	135260	133684	1927665
41200	138161	136595	845140
41200	134503	133021	1974381
41200	138422	136782	1897781
41200	136575	134966	810732
41200	139051	137247	776391
41200	138682	136990	1903177
41200	138246	136595	1868688
41200	67472	66961	861131
41200	137477	135821	850117
41200	134247	132728	1917955
41200	135831	134358	818258
41200	137014	135452	857589
41200	136823	135174	1978187
41200	137569	135880	1906936
41200	138069	136292	1874728
41200	134424	132900	1935836
41200	137856	136203	1957496
41200	137473	135732	1920233
41200	137189	135527	804302
41200	137990	136303	1989680
41200	140011	138259	1872117
41200	137464	135793	806636
41200	138882	137185	1921476
41300	138830	137163	860450
41300	133766	132365	1879715
41300	139916	138070	864948
41300	137056	135450	1950970
41300	132702	131269	867198
41300	126196	124813	1915088
41300	138604	136945	1922318
41300	136713	135133	861214
41300	137764	136102	1876206
41300	133668	132256	1946620
41300	136825	135265	798296
41300	138698	137043	831724
41300	138150	136464	797959
41300	137342	135769	1889031
41300	137768	136184	1951228
41300	137557	135851	1920553
41300	139207	137484	772854
41300	124061	122855	1990169
41300	138594	136882	813671
41300	138813	137203	871674
41300	136084	134522	1899459
41300	134780	133332	771994
41300	138203	136428	1911300
41300	137179	135539	863558
41300	137763	136104	781749
41300	139111	137416	1975356
41300	136857	135305	786975
41300	138866	137187	817918
41300	139130	137390	799955
41300	138031	136448	876105
41300	135337	133830	1959916
41300	139051	137314	1904189
41300	136903	135340	761694
41300	138141	136416	767389
41300	137607	136014	1948045
41300	137862	136259	825471
41300	137475	135892	763512
41300	138551	136895	785795
41300	138726	137055	1925926
41300	138263	136547	1988752
41300	139258	137558	878332
41300	138035	136405	834722
41300	137799	136123	1888700
41300	137311	135676	789546
41300	135248	133618	1879785
41300	137399	135744	1877386
41300	134555	133141	1948936
41300	137609	136038	838264
41300	126255	124946	791180
41300	139718	137949	867878
41400	138787	137010	868462
41400	124724	123515	2000046
41400	137746	136157	850266
41400	139532	137770	1922917
41400	135820	134288	836522
41400	138033	136401	1994247
41400	138708	137114	825446
41400	138398	136783	872143
41400	138055	136358	858087
41400	139382	137626	846431
41400	138876	137161	1896106
41400	139700	138068	785563
41400	137419	135784	836265
41400	138980	137211	1899593
41400	139926	138185	1909247
41400	137668	136042	853169
41400	138704	137124	1964726
41400	137942	136219	858282
41400	138503	136767	837098
41400	138323	136752	789320
41400	140262	138562	775221
41400	136625	135142	1964805
41400	123446	122258	791124
41400	133834	132433	1919171
41400	138891	137149	806368
41400	139654	137955	777097
41400	138021	136433	861078
41400	137466	135887	792444
41400	136835	135255	1932122
41400	139153	137496	1913318
41400	137308	135692	1979000
41400	138689	136934	1899908
41400	138027	136333	1914125
41400	136890	135271	795368
41400	138269	136591	1931026
41400	135115	133504	797855
41400	136268	134716	1903309
41400	137622	136023	792265
41400	135699	134252	1939622
41400	129188	127942	881780
41400	140185	138432	1902768
41400	138320	136649	772414
41400	138836	137230	839031
41400	137819	136296	860159
41400	138583	136822	1987511
41400	136922	135294	841837
41400	138115	136448	1920376
41400	137753	136216	1945271
41400	137511	135885	1964826
41400	139000	137271	762540
41500	135790	134297	1940049
41500	140555	138835	834485
41500	137991	136346	1883040
41500	138620	136929	881810
41500	138170	136507	830262
41500	137915	136272	1916369
41500	136071	134560	876149
41500	134433	132950	1995077
41500	138806	137157	1941700
41500	138980	137258	1946483
41500	138036	136418	829833
41500	137153	135482	1971576
41500	139383	137662	1982490
41500	140185	138458	865252
41500	138989	137326	1961594
41500	139492	137699	1976445
41500	138288	136602	861444
41500	139386	137819	884344
41500	138855	137172	1969331
41500	138290	136722	777785
41500	138331	136596	1949847
41500	138687	137091	1953923
41500	138079	136518	849097
41500	137624	135977	1981534
41500	137970	136392	808546
41500	134349	132928	1910792
41500	120771	119787	2001432
41500	139140	137431	836624
41500	137256	135646	1901919
41500	139173	137433	840264
41500	136890	135245	776368
41500	138463	136814	1893296
41500	126925	125561	1895625
41500	139841	138073	851749
41500	136990	135431	768930
41500	140113	138381	1949819
41500	139027	137400	1926669
41500	139907	138110	812410
41500	138371	136740	1888361
41500	139377	137687	838807
41500	139489	137817	1944814
41500	137816	136174	1902875
41500	138726	137016	778262
41500	137927	136395	1935097
41500	123587	122423	869460
41500	124610	123309	865157
41500	140214	138343	2003075
41500	138951	137268	770881
41500	137490	135850	793258
41500	139406	137721	775837
41600	125395	124048	806750
41600	122077	120863	1915881
41600	138580	136939	822225
41600	135473	133923	1971035
41600	139951	138312	1934346
41600	139614	137843	868058
41600	138887	137205	873989
41600	140600	138919	1914948
41600	139539	137898	841905
41600	136489	134986	854588
41600	136046	134484	2007418
41600	124547	123296	1918024
41600	138494	136829	1948260
41600	138500	136864	823051
41600	138908	137260	1940884
41600	138134	136571	1938321
41600	138022	136504	766385
41600	138828	137269	877326
41600	140319	138699	762727
41600	138379	136773	1914669
41600	139049	137387	778818
41600	137825	136263	785603
41600	139180	137441	2001705
41600	137950	136361	2000339
41600	139410	137784	1993980
41600	133824	132368	1912341
41600	138206	136570	1966385
41600	135190	133734	844888
41600	139648	137952	1968015
41600	138299	136670	1934819
41600	136177	134681	1956243
41600	137221	135720	1901305
41600	138749	137158	1946472
41600	138592	136920	1931457
41600	138481	136848	858964
41600	138041	136523	1898520
41600	139546	137894	1901635
41600	136512	134886	1912050
41600	140490	138715	1914382
41600	140011	138311	808775
41600	139313	137587	2006133
41600	139579	137861	2000523
41600	139659	137930	812227
41600	138994	137311	841135
41600	138771	137181	843062
41600	138872	137221	1899407
41600	139419	137777	794271
41600	138306	136701	811337
41600	136709	135158	866766
41600	138052	136442	867906
41700	138475	136868	1987995
41700	138186	136593	827103
41700	139706	138052	845225
41700	139099	137470	1907526
41700	138489	136726	2011254
41700	140552	138786	827794
41700	139799	138059	1917822
41700	140634	138957	2002504
41700	137058	135417	835306
41700	138380	136763	807499
41700	139216	137576	831840
41700	138556	136962	822831
41700	125036	123824	886280
41700	139563	137926	877327
41700	139221	137576	1948641
41700	138823	137236	776088
41700	136763	135248	1970995
41700	138786	137173	1897254
41700	138317	136697	2004898
41700	139819	138167	1977640
41700	123890	122676	2012741
41700	122752	121617	777136
41700	68878	68345	850232
41700	138945	137272	770761
41700	136530	134910	1917415
41700	124892	123652	819605
41700	141139	139420	1903546
41700	139147	137400	1906964
41700	139310	137711	1897131
41700	138083	136512	888626
41700	137530	135926	768269
41700	138750	137074	1920098
41700	69799	69186	831489
41700	139302	137521	1941807
41700	136731	135191	857547
41700	139839	138109	1906993
41700	141043	139180	794175
41700	141541	139815	1908062
41700	140799	139100	1932330
41700	139668	137958	1918278
41700	138274	136646	837669
41700	141211	139442	1935014
41700	141172	139473	2005394
41700	140852	139205	1968737
41700	141126	139431	853977
41700	139082	137420	865656
41700	142215	140377	810044
41700	136767	135238	1997350
41700	134247	132859	2013252
41700	139826	138164	1932903
41800	140294	138682	812566
41800	140533	138902	1927945
41800	138532	136876	872027
41800	139068	137462	1910898
41800	140741	139046	1952880
41800	138504	136809	854166
41800	138454	136933	1908177
41800	141041	139307	1924637
41800	122283	121118	1908392
41800	140329	138632	870761
41800	139950	138230	888716
41800	137061	135511	836820
41800	139409	137735	831138
41800	139305	137713	1975145
41800	139242	137541	1946266
41800	126813	125480	1985557
41800	139449	137862	882324
41800	139130	137531	868451
41800	137782	136330	1992319
41800	138067	136496	2016371
41800	138119	136487	843333
41800	137531	135977	786418
41800	140592	138909	1972443
41800	139895	138191	786386
41800	138805	137147	1947881
41800	138696	137064	1985527
41800	123747	122533	1959732
41800	139681	137976	787643
41800	136622	135038	796016
41800	136205	134667	784392
41800	138434	136758	1902597
41800	140881	139127	1961386
41800	137034	135530	781198
41800	139195	137480	1956709
41800	140408	138628	2015123
41800	138607	136992	1945528
41800	139187	137511	1963931
41800	125817	124503	1981219
41800	139116	137561	1997585
41800	140376	138755	862597
41800	140485	138747	837483
41800	138855	137242	855784
41800	140273	138528	1907456
41800	136773	135238	865341
41800	124950	123727	788006
41800	140014	138368	1929868
41800	140788	139162	1982408
41800	141019	139291	805998
41800	140812	139059	846738
41800	132112	130692	767270
41900	139342	137666	837737
41900	138338	136656	1935899
41900	139744	138149	1969433
41900	141825	140018	1983340
41900	140082	138430	1921063
41900	139108	137489	1998200
41900	137828	136284	1992732
41900	139992	138375	1996221
41900	138910	137269	799047
41900	138679	137115	869509
41900	140148	138414	1974450
41900	140700	139000	862301
41900	140744	139072	1921627
41900	140558	138837	855929
41900	140865	139158	786938
41900	140276	138646	845733
41900	70521	69902	878963
41900	141610	139860	1923089
41900	139615	137980	812949
41900	139825	138111	1902156
41900	137570	136021	2008853
41900	141387	139584	813151
41900	142040	140266	876325
41900	139831	138109	885318
41900	139296	137632	1938464
41900	141641	139852	889507
41900	139734	138075	1930158
41900	141995	140151	1988660
41900	141382	139611	1912893
41900	138110	136535	889893
41900	141314	139506	2018810
41900	139270	137699	2023933
41900	139501	137965	857641
41900	140630	138970	778958
41900	141514	139734	1899493
41900	141327	139523	1955951
41900	139217	137546	789106
41900	137306	135798	850209
41900	139540	137909	874938
41900	139141	137478	1944555
41900	140500	138754	1930128
41900	140766	139110	1946804
41900	139530	137920	875572
41900	138298	136816	2013293
41900	140203	138542	816051
41900	137958	136324	2023841
41900	142375	140623	889299
41900	141532	139712	877595
41900	140107	138380	784583
41900	139513	137931	856655
42000	142907	141069	2028990
42000	139804	138187	1971976
42000	141200	139435	1919983
42000	140584	138919	849632
42000	139811	138286	772701
42000	66192	65793	1939261
42000	126112	124821	793306
42000	140663	138975	1954775
42000	139904	138186	869493
42000	139790	138144	1936603
42000	140244	138621	874076
42000	141265	139528	887972
42000	139958	138244	2026948
42000	141565	139816	1982918
42000	140300	138553	880601
42000	140459	138904	860781
42000	138874	137329	1989308
42000	139601	138017	814514
42000	139825	138195	864671
42000	141148	139488	888003
42000	142936	141159	829267
42000	140836	139116	1984276
42000	140528	138801	789733
42000	125177	123897	798892
42000	139090	137469	2006438
42000	140403	138724	819350
42000	139687	138015	1913491
42000	140768	139064	1916162
42000	140752	139085	891152
42000	138684	137104	814509
42000	141026	139329	867881
42000	139305	137678	1989865
42000	136652	135162	801818
42000	138785	137245	2015139
42000	139489	137909	1961496
42000	140780	139083	857322
42000	141328	139670	1956719
42000	126055	124773	1982336
42000	140453	138741	823018
42000	140237	138625	2018131
42000	140403	138808	1925283
42000	141569	139860	1918374
42000	139819	138153	892363
42000	139702	138121	2027431
42000	138985	137364	1950912
42000	140113	138493	805545
42000	139849	138167	832894
42000	138892	137233	1969430
42000	142422	140640	866968
42000	141527	139732	1904214
42100	141742	139970	2015288
42100	140920	139252	1965101
42100	139313	137758	1915802
42100	140051	138386	1999138
42100	141873	140096	783940
42100	137206	135653	1998284
42100	143346	141486	1979469
42100	139610	137948	1940164
42100	140875	139198	1978734
42100	141752	139949	835585
42100	138402	136772	866861
42100	138784	137157	874344
42100	139038	137594	850081
42100	141036	139351	838958
42100	140155	138527	2028336
42100	138972	137411	877296
42100	140252	138610	781194
42100	140271	138691	2022600
42100	141118	139366	1910933
42100	140108	138416	1919129
42100	139871	138173	1980508
42100	138529	136972	858474
42100	138690	137173	1938127
42100	142614	140862	844678
42100	141239	139558	865797
42100	139233	137540	866647
42100	139790	138103	1938123
42100	126070	124798	779193
42100	141802	140118	1937174
42100	142852	141099	2033260
42100	139741	138158	1950303
42100	138348	136791	847995
42100	142092	140386	1946456
42100	140524	138882	845554
42100	127401	126081	1984335
42100	139343	137667	814581
42100	140398	138668	783217
42100	141320	139563	780786
42100	141667	139848	867772
42100	142349	140645	803956
42100	141546	139796	1958803
42100	69993	69467	2003387
42100	136971	135554	798120
42100	142381	140609	779544
42100	140560	138908	775731
42100	138753	137135	863446
42100	136845	135304	803176
42100	138028	136472	893989
42100	141039	139396	775619
42100	140115	138455	2020365
42200	142380	140590	1935040
42200	141528	139799	1930196
42200	140944	139217	2034207
42200	125466	124240	859304
42200	138920	137393	807212
42200	141529	139820	884179
42200	126557	125250	801524
42200	140578	138996	788284
42200	141593	139921	837191
42200	139854	138239	1994319
42200	126884	125597	2024009
42200	126692	125359	876763
42200	141245	139496	861860
42200	140922	139169	1935458
42200	142327	140633	1959111
42200	141848	140115	1919473
42200	141106	139491	822976
42200	139360	137696	873342
42200	142448	140791	1926286
42200	140764	139059	1990265
42200	139698	138000	864872
42200	137638	135957	802648
42200	141771	140069	840487
42200	141922	140292	2037220
42200	140139	138506	1971737
42200	140964	139280	2016057
42200	140103	138465	1928771
42200	140190	138579	882974
42200	140230	138539	894469
42200	142007	140332	1997648
42200	141116	139428	1979588
42200	139887	138290	1994783
42200	140275	138659	1985479
42200	141838	140109	832649
42200	139165	137501	1989658
42200	140901	139296	1955433
42200	141314	139564	1950118
42200	141689	140059	831394
42200	126481	125139	1952216
42200	141342	139702	775944
42200	128156	126827	839760
42200	141184	139485	2019607
42200	140966	139181	867239
42200	143464	141739	1965455
42200	126495	125207	830536
42200	132222	130817	2017115
42200	140475	138825	1953765
42200	140429	138712	884815
42200	141442	139768	2027955
42200	142261	140594	844827
42300	140122	138506	784807
42300	142470	140718	780695
42300	70641	70059	2014714
42300	142712	141003	2029346
42300	141470	139742	2021216
42300	141914	140172	840940
42300	142153	140393	834339
42300	138185	136647	1997441
42300	141497	139855	1964965
42300	141372	139696	2033692
42300	139595	138029	786602
42300	139208	137674	2026669
42300	141465	139824	860257
42300	143281	141532	2037114
42300	125330	124097	788502
42300	141524	139845	1944457
42300	140165	138568	877470
42300	142500	140824	1921480
42300	140028	138414	1944735
42300	139314	137740	1931166
42300	141614	139874	839457
42300	140503	138860	861110
42300	142505	140799	2019673
42300	142612	140931	853137
42300	141113	139467	1982436
42300	139599	137872	845619
42300	141426	139709	885701
42300	139506	137789	887720
42300	140113	138492	1949114
42300	141011	139349	2004438
42300	142915	141159	800893
42300	136004	134493	883676
42300	139813	138198	1994917
42300	127440	126163	2001330
42300	142957	141099	841211
42300	137731	136201	838567
42300	140095	138415	2044181
42300	142172	140468	1923042
42300	141506	139765	1957456
42300	142704	140941	788521
42300	71138	70488	786774
42300	142340	140550	2041370
42300	141140	139423	2021971
42300	140958	139264	887885
42300	138221	136658	804742
42300	139778	138107	787569
42300	140808	139028	799277
42300	142201	140405	833030
42300	140725	139108	2009407
42300	140903	139246	849583
42400	143299	141567	1958299
42400	141568	139991	1995606
42400	141452	139837	816859
42400	141464	139713	833965
42400	142805	141073	1992204
42400	141142	139510	2043145
42400	141494	139788	1994469
42400	141369	139712	1989691
42400	143127	141375	1931046
42400	140417	138787	783038
42400	144105	142320	1924961
42400	141954	140310	839772
42400	140269	138772	899783
42400	141768	140046	861799
42400	126968	125663	882324
42400	142039	140298	869920
42400	142508	140793	821263
42400	142239	140642	1981037
42400	139927	138259	1954183
42400	142765	141069	1969263
42400	141415	139763	880868
42400	143178	141377	2048792
42400	140918	139306	828989
42400	141880	140101	873272
42400	141710	140005	866527
42400	143216	141461	2038338
42400	141028	139406	1956667
42400	141345	139623	890662
42400	140901	139227	1950503
42400	140809	139134	843001
42400	141282	139549	1978659
42400	141033	139361	840592
42400	141980	140315	882676
42400	141008	139352	899996
42400	141119	139535	1967887
42400	141627	139955	778891
42400	141401	139683	884599
42400	142294	140687	882215
42400	140884	139181	846521
42400	142032	140418	835130
42400	142203	140540	2044994
42400	141585	139879	843874
42400	141424	139662	2019342
42400	142982	141258	885635
42400	127084	125719	1990746
42400	142948	141185	1936117
42400	142046	140426	841696
42400	140644	139083	857131
42400	142300	140525	1949416
42400	142808	141010	2036725
42500	140094	138542	1938342
42500	139126	137586	1988869
42500	143293	141501	2024022
42500	128348	127049	2027506
42500	140642	138986	2039155
42500	140987	139433	810327
42500	70610	70001	797870
42500	142820	141090	2032966
42500	142553	140824	1940051
42500	143157	141368	789996
42500	143343	141553	1930379
42500	141311	139714	1943020
42500	142411	140668	785991
42500	142281	140524	818209
42500	143025	141276	2048537
42500	142052	140340	2025832
42500	142439	140778	869486
42500	142859	141092	845594
42500	141213	139594	862696
42500	141058	139409	882697
42500	142008	140330	800104
42500	142439	140785	804978
42500	142393	140711	828618
42500	141022	139391	882550
42500	142575	140901	789627
42500	138431	136834	2032022
42500	138263	136854	1965902
42500	141239	139499	2021622
42500	141684	140043	844444
42500	140682	139075	1962175
42500	139392	137866	810767
42500	142495	140805	798595
42500	140764	139157	1953330
42500	142703	140997	2025847
42500	139316	137737	854831
42500	141368	139660	847501
42500	142792	141046	1951729
42500	142225	140542	1933776
42500	142188	140499	809844
42500	142430	140732	1962226
42500	141849	140221	1968785
42500	139530	138019	2049835
42500	143178	141445	829253
42500	143177	141361	853017
42500	141505	139829	1994263
42500	142481	140682	2011683
42500	142103	140360	1962274
42500	142030	140373	823666
42500	141831	140130	802151
42500	143580	141726	813097
42600	142844	141240	783048
42600	142418	140669	906268
42600	69915	69362	871959
42600	142285	140667	902405
42600	138817	137296	809853
42600	129545	128223	1949212
42600	142594	140886	2043190
42600	141728	140044	797599
42600	142604	140834	2009522
42600	141816	140156	785493
42600	142573	140858	859434
42600	142019	140276	2001105
42600	143103	141407	2047643
42600	140277	138652	799554
42600	142317	140532	2013525
42600	141881	140175	1995721
42600	143361	141543	1940229
42600	144043	142232	2032361
42600	143856	142128	1942580
42600	143288	141503	2056673
42600	142806	141117	807230
42600	139329	137856	869592
42600	142320	140647	2032022
42600	141033	139457	897465
42600	143052	141278	863216
42600	129411	128045	2019602
42600	139009	137512	812298
42600	71394	70773	1932974
42600	140803	139178	2041960
42600	142791	141054	792958
42600	70859	70282	1974184
42600	141098	139497	1988023
42600	142839	141137	888209
42600	70570	70014	863950
42600	144114	142410	2023720
42600	143173	141426	877677
42600	143388	141738	2026287
42600	143253	141452	1933588
42600	140835	139214	1975695
42600	142048	140405	823408
42600	143197	141441	817752
42600	142321	140657	882229
42600	142059	140367	899442
42600	141767	140162	806397
42600	141708	140024	1956176
42600	125844	124605	2047452
42600	145744	143840	823481
42600	141515	139863	868016
42600	141862	140111	2015434
42600	143153	141382	828394
42700	139542	138052	2019674
42700	139473	138007	814995
42700	140515	138966	2019707
42700	142844	141165	1996727
42700	69304	68822	843186
42700	143633	141841	818283
42700	142434	140720	857427
42700	143860	142097	1974674
42700	143681	141994	2010631
42700	130443	129003	2054736
42700	141978	140373	1965721
42700	143060	141357	878872
42700	139637	138130	1980990
42700	141012	139428	804935
42700	144572	142749	1941532
42700	128368	127009	840761
42700	140147	138551	1947834
42700	71155	70556	894601
42700	142705	141078	2012483
42700	143264	141511	838218
42700	138390	136848	833693
42700	142046	140416	820634
42700	142741	141059	2005660
42700	141408	139870	853255
42700	142792	140991	1941210
42700	140703	139180	2047268
42700	142506	140794	818407
42700	143888	142223	784009
42700	142195	140564	861903
42700	143393	141634	2043865
42700	141511	139913	847760
42700	141317	139683	822477
42700	141945	140277	847257
42700	142877	141116	2022583
42700	143377	141604	811685
42700	143098	141278	2023289
42700	139418	137918	2062303
42700	144033	142220	866181
42700	144081	142287	885537
42700	70736	70141	2053276
42700	141199	139572	2054926
42700	142200	140500	894960
42700	141892	140279	784024
42700	141929	140330	861546
42700	137031	135732	903197
42700	145520	143669	787888
42700	142369	140641	856226
42700	142052	140391	2047142
42700	144734	142993	1942869
42700	143513	141814	2053394
42800	141959	140354	811819
42800	140732	139167	829940
42800	141539	139891	820695
42800	143618	141915	801232
42800	142571	140898	1990497
42800	143871	142177	2026084
42800	142983	141348	2060127
42800	143440	141698	897008
42800	142912	141267	863909
42800	142726	141067	1941060
42800	142744	141167	2007188
42800	143894	142141	849174
42800	142146	140503	2014587
42800	143642	141929	1981750
42800	142346	140683	2017152
42800	142975	141216	787758
42800	142801	141158	840506
42800	127372	126171	796245
42800	136985	135497	877956
42800	143946	142339	876821
42800	140134	138595	1991105
42800	142638	140959	2009852
42800	143349	141617	2004491
42800	142812	141156	809093
42800	143584	141883	2068275
42800	144136	142424	906270
42800	144473	142698	884228
42800	141505	139882	2066111
42800	143349	141590	793478
42800	144614	142782	899612
42800	140418	138830	1984987
42800	143274	141499	834183
42800	144540	142807	909806
42800	143675	141955	910949
42800	143156	141491	859780
42800	144159	142436	827441
42800	142815	141167	899691
42800	144138	142475	2005477
42800	144885	143065	1966433
42800	143993	142315	806718
42800	142588	140905	2006869
42800	142602	140914	797998
42800	142062	140417	1962706
42800	142470	140717	787905
42800	129953	128579	2030983
42800	143968	142171	828457
42800	143257	141486	1983174
42800	141743	140152	1942667
42800	144990	143292	823092
42800	143812	142086	851523
42900	143438	141753	2019989
42900	144066	142408	824104
42900	143267	141656	866100
42900	129912	128494	887365
42900	143326	141605	889759
42900	144516	142767	2064760
42900	142200	140559	2054384
42900	142764	141065	2039725
42900	141526	139907	1957880
42900	142634	140978	2011533
42900	143502	141828	2031756
42900	142646	140924	1984989
42900	142061	140514	896286
42900	128903	127608	850752
42900	142877	141243	2019489
42900	141412	139746	2019572
42900	142546	140903	2019526
42900	139435	137885	2018873
42900	143645	141878	814946
42900	141590	139990	830152
42900	142503	140821	2011111
42900	141795	140162	1960462
42900	129215	127958	1987882
42900	144622	142905	871851
42900	142704	141070	895320
42900	143018	141428	2058583
42900	143461	141739	1994747
42900	144998	143269	840138
42900	143279	141610	905411
42900	144520	142741	876774
42900	142233	140616	2060726
42900	142984	141268	2003958
42900	142747	140998	1957162
42900	142073	140423	1971396
42900	129547	128134	881349
42900	142677	140973	873024
42900	143279	141626	836743
42900	143441	141770	839173
42900	142643	140928	889189
42900	143191	141456	869544
42900	143036	141365	839445
42900	143778	142105	849617
42900	71729	71131	883035
42900	144785	143027	816627
42900	142518	140905	815701
42900	140554	139064	852924
42900	145349	143561	2002224
42900	143224	141641	911229
42900	128953	127675	860966
42900	143408	141712	857030
43000	143938	142223	891431
43000	144067	142343	2046646
43000	144396	142715	899208
43000	145348	143566	895896
43000	145669	143909	822950
43000	143547	141838	825231
43000	142887	141232	808735
43000	136870	135461	1977704
43000	143506	141722	2049363
43000	143132	141380	1994908
43000	142116	140461	845728
43000	144353	142642	2051336
43000	143414	141662	1985065
43000	144702	142943	2059716
43000	143231	141513	2066454
43000	144669	142933	912964
43000	143391	141753	862098
43000	145631	143848	2029608
43000	143832	142115	2034434
43000	143726	142020	1969860
43000	143012	141287	909956
43000	142598	140895	811302
43000	144042	142217	2029870
43000	141015	139418	2035981
43000	121240	120172	809635
43000	142413	140710	915769
43000	141743	140139	870457
43000	145119	143303	1992863
43000	144848	143048	2046146
43000	143081	141381	1972096
43000	142484	140870	818319
43000	141145	139488	2014258
43000	142815	141173	842151
43000	143816	142133	790111
43000	144172	142444	1989569
43000	144625	142892	879457
43000	143364	141671	2064987
43000	143367	141704	888643
43000	141955	140419	2040871
43000	143479	141790	2071209
43000	144335	142586	839347
43000	139193	137673	2069760
43000	144037	142349	2065260
43000	144394	142737	890987
43000	129466	128188	812030
43000	143574	141845	2064177
43000	145047	143208	793134
43000	143414	141781	828116
43000	129853	128519	1963330
43000	142754	141069	812382
43100	144310	142666	907345
43100	144892	143131	895847
43100	143728	142061	834662
43100	141718	140166	2004499
43100	130396	129067	809387
43100	141293	139637	2072958
43100	141822	140147	812213
43100	143968	142278	2052274
43100	142666	141032	2031394
43100	144762	143066	2065690
43100	145715	143866	2079403
43100	143922	142213	2032576
43100	145632	143843	2077933
43100	144008	142221	2004474
43100	144286	142470	2073908
43100	146480	144544	797494
43100	71656	71068	2069339
43100	144704	142959	2063192
43100	143830	142132	852120
43100	143509	141898	1965322
43100	146070	144330	1990513
43100	143791	142030	1977171
43100	141500	139939	843650
43100	142108	140544	1962550
43100	144804	143037	1987354
43100	142744	141101	895816
43100	142972	141285	845977
43100	143700	142034	1958637
43100	144519	142815	1966306
43100	143796	142099	890696
43100	143997	142284	875562
43100	143420	141766	838249
43100	145121	143242	849558
43100	129312	127973	1959861
43100	144336	142613	882682
43100	144692	142993	850153
43100	141911	140251	1968301
43100	143359	141725	875129
43100	143423	141783	1969846
43100	144147	142365	2063269
43100	146234	144327	2082505
43100	142797	141193	797277
43100	143640	141947	816193
43100	144242	142464	897576
43100	143649	141938	2024710
43100	143544	141867	1981177
43100	140437	138902	860207
43100	144290	142598	1958101
43100	141052	139476	2027388
43100	131247	129836	886520
43200	144607	142864	1988983
43200	144123	142367	2036692
43200	142206	140634	793795
43200	143091	141420	1986957
43200	144181	142505	2035157
43200	144732	142917	1962306
43200	144463	142669	865503
43200	144673	142977	882461
43200	144204	142476	2065643
43200	145573	143853	812644
43200	144789	143077	797554
43200	145385	143656	1972031
43200	144183	142536	914777
43200	143243	141512	1981310
43200	143843	142094	829798
43200	142999	141341	2038408
43200	142677	141089	2014526
43200	145845	144031	2030191
43200	144874	143239	2065096
43200	145602	143906	832675
43200	141471	139972	1981330
43200	144021	142319	2057435
43200	144680	142860	882698
43200	144439	142716	837886
43200	143695	141950	868035
43200	144781	143083	801286
43200	143714	141940	2003143
43200	145070	143330	891244
43200	144189	142499	866240
43200	144053	142352	888721
43200	144569	142852	2020272
43200	141411	139894	842835
43200	71076	70568	2005900
43200	143916	142259	2067634
43200	143119	141438	850314
43200	144729	142999	819899
43200	145989	144234	2051593
43200	143557	141807	1986540
43200	145012	143307	830217
43200	145268	143619	2056824
43200	146529	144763	2031872
43200	143937	142228	907932
43200	143902	142202	1984304
43200	145923	144192	800019
43200	129250	127954	909639
43200	145959	144130	2047887
43200	144674	142920	2014801
43200	145217	143504	840348
43200	144372	142618	1992464
43200	145108	143334	883300
43300	145745	144026	2050842
43300	145593	143720	866706
43300	143784	142178	2080963
43300	143590	141889	1993946
43300	145806	144049	2006719
43300	142990	141294	2081294
43300	146408	144643	2052443
43300	144204	142409	845176
43300	144848	143186	864151
43300	145308	143609	2000382
43300	144934	143235	877513
43300	129908	128583	822900
43300	143656	142101	871703
43300	142389	140896	811874
43300	146493	144721	1989544
43300	144466	142696	2047681
43300	129304	128027	2054899
43300	144616	142901	2018091
43300	143520	141873	882129
43300	143338	141642	1982211
43300	72122	71531	830642
43300	146831	145023	853903
43300	71862	71307	2039539
43300	145823	143997	1977111
43300	141608	140057	1990038
43300	128522	127281	2090289
43300	144678	142988	885280
43300	144997	143247	815274
43300	145798	144028	898904
43300	145167	143438	922367
43300	144372	142700	2045299
43300	145297	143538	2037441
43300	143945	142282	841266
43300	131236	129886	850580
43300	143827	142098	893619
43300	146225	144365	2032089
43300	145846	144086	1978590
43300	143865	142227	2063097
43300	143031	141370	888929
43300	144654	142996	2030116
43300	145798	144047	805647
43300	142330	140704	2015773
43300	128869	127563	849140
43300	143863	142229	900236
43300	144409	142774	1963929
43300	142741	141159	863323
43300	144494	142809	2021436
43300	143925	142148	2044877
43300	72399	71838	2032078
43300	145959	144080	835674
43400	146375	144561	2081915
43400	146468	144613	2064469
43400	143568	141875	2068534
43400	145180	143452	2080190
43400	143751	142137	2081049
43400	144980	143346	863450
43400	141294	139767	2075691
43400	143673	142028	815140
43400	146007	144227	2019684
43400	145574	143877	2019092
43400	144972	143283	807734
43400	144937	143292	825691
43400	145261	143622	911944
43400	144075	142310	2030066
43400	143515	141959	1995082
43400	144651	143021	803620
43400	142485	140772	2044067
43400	130930	129597	846236
43400	142838	141204	852698
43400	126648	125536	2038794
43400	144934	143319	2064189
43400	147274	145442	873700
43400	143037	141439	2042035
43400	144568	142848	2036022
43400	145599	143831	2079525
43400	146268	144435	796294
43400	144318	142584	2031115
43400	145870	144081	2047229
43400	145585	143874	1971276
43400	144908	143163	811372
43400	145577	143812	826806
43400	142610	140929	2086816
43400	144785	143033	861224
43400	144781	143108	876257
43400	145252	143635	876216
43400	144894	143169	807134
43400	138105	136617	2050737
43400	144995	143276	820068
43400	143156	141515	2069428
43400	146999	145218	814705
43400	145704	143974	906201
43400	146200	144368	797608
43400	145624	143821	800798
43400	146314	144545	893126
43400	141774	140272	886738
43400	145784	144012	2006658
43400	145313	143586	2088373
43400	144080	142397	1993068
43400	146559	144819	814920
43400	144641	142911	2063629
43500	145298	143622	2085714
43500	143935	142291	843574
43500	146171	144311	2020076
43500	141114	139571	879384
43500	145583	143857	2051909
43500	145999	144220	2054033
43500	146603	144823	2080193
43500	145696	144011	914919
43500	146985	145234	893726
43500	147868	146028	819677
43500	146726	145009	882662
43500	146394	144623	2020965
43500	145221	143529	880653
43500	146139	144317	905385
43500	146191	144465	2061200
43500	72372	71808	816983
43500	140150	138713	2067189
43500	145318	143572	2013373
43500	144334	142648	2014828
43500	145193	143514	2053712
43500	146168	144420	2068765
43500	144326	142606	2029623
43500	146597	144804	798856
43500	141706	140214	902778
43500	146736	144909	844280
43500	146164	144435	1978149
43500	147271	145433	903622
43500	144877	143174	2083468
43500	145085	143334	920566
43500	146725	145016	2083376
43500	141275	139727	880593
43500	143742	142139	878220
43500	144739	143115	2024150
43500	148181	146339	851110
43500	145796	144104	879988
43500	145635	143917	834828
43500	144394	142793	892735
43500	145603	143900	802378
43500	146750	145023	2031391
43500	142646	141038	912602
43500	145057	143409	2069059
43500	72051	71514	2003600
43500	146234	144557	2087439
43500	143805	142121	2034193
43500	143772	142210	2045560
43500	145189	143515	809684
43500	144784	143058	819593
43500	144910	143170	2040775
43500	142793	141204	1992784
43500	146406	144660	798140
43600	144988	143300	868219
43600	145480	143738	2050279
43600	146610	144897	842333
43600	142593	141086	1987252
43600	143622	141974	1985828
43600	146455	144686	894278
43600	146763	144964	2043619
43600	143822	142224	883931
43600	144223	142729	2071946
43600	146127	144400	2053209
43600	143314	141667	866916
43600	146536	144859	2067238
43600	145832	144075	2011031
43600	72657	72016	804158
43600	147696	145874	898429
43600	146023	144245	2031327
43600	146417	144671	859509
43600	144418	142731	844001
43600	145664	143946	867157
43600	147017	145181	2020326
43600	145638	143931	918785
43600	146418	144746	897306
43600	147522	145714	2059818
43600	145632	143870	831020
43600	145718	143881	2039322
43600	131624	130306	2027562
43600	148300	146520	847787
43600	147738	145827	929496
43600	141483	139974	912464
43600	145740	144031	2031259
43600	146064	144282	2050322
43600	145873	144175	877804
43600	146688	145013	2019117
43600	141671	140112	2006916
43600	145111	143392	845406
43600	142253	140764	915158
43600	145167	143454	2007322
43600	144422	142788	2039460
43600	147020	145334	818074
43600	145320	143542	2040070
43600	142152	140600	1997723
43600	145668	143989	843517
43600	145529	143741	806386
43600	145356	143692	1984671
43600	147367	145537	811246
43600	145592	143919	839790
43600	145059	143365	922213
43600	143704	142141	890454
43600	72544	71943	822461
43600	144467	142821	1998506
43700	145312	143719	807985
43700	146485	144708	2110312
43700	145950	144262	1985279
43700	144261	142664	2027896
43700	142703	141104	833545
43700	146826	145104	887205
43700	146837	145126	2044247
43700	146871	145139	831923
43700	147044	145259	891395
43700	144622	142917	2101763
43700	145824	144083	916636
43700	146040	144205	886213
43700	144050	142405	815866
43700	148419	146598	2076291
43700	146524	144810	927022
43700	145763	144001	882737
43700	145047	143414	860972
43700	143753	142212	2053196
43700	144993	143374	882133
43700	148133	146377	2003044
43700	143562	141983	2029895
43700	72794	72217	2002070
43700	146672	144909	2101271
43700	145243	143580	822130
43700	145545	143805	927142
43700	142211	140693	1986078
43700	147143	145348	2072534
43700	144638	143070	2073839
43700	72625	72026	895105
43700	145567	143889	2012479
43700	143965	142318	804294
43700	147145	145447	2009093
43700	146048	144428	2002439
43700	146140	144367	2095954
43700	146565	144872	913590
43700	145397	143764	2098914
43700	146610	144801	823987
43700	143546	142059	2019843
43700	131230	129892	2039556
43700	147102	145219	2068418
43700	147607	145783	2040979
43700	142355	140870	907104
43700	145354	143582	2051373
43700	145124	143530	1995380
43700	147658	145825	915264
43700	131330	130061	878404
43700	145546	143903	2044425
43700	145157	143437	2078220
43700	145622	143972	2071072
43700	146123	144298	2070551
43800	141094	139618	2074302
43800	144337	142659	859194
43800	146009	144296	2044035
43800	148106	146240	2066561
43800	132094	130732	2041236
43800	145092	143440	2076500
43800	146612	144798	903205
43800	147406	145666	2080901
43800	144537	142930	2082547
43800	139336	138052	2071078
43800	147585	145845	931867
43800	146981	145230	2106364
43800	145967	144288	2109495
43800	147309	145548	865152
43800	146077	144397	930973
43800	144815	143209	2020877
43800	144930	143210	2005292
43800	147958	146232	838482
43800	72849	72238	2078838
43800	145473	143733	2021285
43800	146191	144492	2098865
43800	72625	72029	2104390
43800	144808	143139	910382
43800	143866	142291	2104194
43800	145319	143627	2108415
43800	72013	71475	852359
43800	148528	146778	1993456
43800	143620	141979	825270
43800	143363	141742	2063145
43800	148042	146207	829915
43800	146432	144697	816778
43800	147890	146131	869087
43800	147264	145512	905613
43800	147194	145443	2005860
43800	146103	144384	912832
43800	145165	143515	834503
43800	146274	144464	886025
43800	147583	145800	2041489
43800	147136	145252	2099229
43800	146952	145196	860919
43800	146985	145193	2035490
43800	131962	130610	885999
43800	142983	141464	808995
43800	144598	142976	2065884
43800	146973	145091	2004514
43800	146688	144906	2014368
43800	147311	145595	2099312
43800	147532	145786	2101386
43800	72600	71997	2020218
43800	146142	144379	865691
43900	72924	72324	2111665
43900	146605	144849	2024745
43900	147965	146183	932125
43900	146559	144818	933466
43900	144873	143276	2008891
43900	146301	144633	2055303
43900	146535	144955	2033421
43900	146670	144883	804908
43900	145599	143911	1999103
43900	147726	145965	2044732
43900	147875	146176	852958
43900	130254	128921	2051599
43900	142632	141112	2056344
43900	147159	145382	928231
43900	132504	131124	2039701
43900	144338	142680	2029265
43900	146805	145092	2048763
43900	131879	130593	2074565
43900	148179	146313	824610
43900	145710	143974	2004168
43900	73663	72971	850468
43900	58228	58023	924966
43900	147216	145359	900075
43900	146354	144594	2032944
43900	147658	145854	871017
43900	148344	146586	926937
43900	145811	144184	2045482
43900	145940	144228	841625
43900	146914	145152	912394
43900	145499	143833	876106
43900	146810	145059	2069091
43900	146544	144857	2049285
43900	145745	144006	806617
43900	72252	71748	2073538
43900	146903	145189	2062472
43900	147212	145483	930601
43900	147142	145355	871007
43900	145266	143679	2118725
43900	148211	146395	2033678
43900	145265	143585	2069983
43900	147939	146118	831711
43900	146309	144675	2003393
43900	146296	144549	901644
43900	147807	146115	1991174
43900	144938	143314	2017849
43900	147854	146091	2041817
43900	144547	142910	2035395
43900	147653	145923	807522
43900	148287	146584	843870
43900	148091	146351	2007696
44000	148268	146504	813492
44000	147421	145719	883686
44000	144165	142519	2038430
44000	146914	145143	829883
44000	141904	140394	818826
44000	147656	145987	877457
44000	147178	145398	2029260
44000	146608	144907	842018
44000	146806	145115	889196
44000	145850	144221	918423
44000	131623	130280	914696
44000	146644	144944	817697
44000	146912	145155	817150
44000	147494	145804	816863
44000	146365	144681	2032963
44000	148346	146631	807185
44000	147241	145516	2081820
44000	143485	141939	919361
44000	147525	145749	881725
44000	145579	143953	839284
44000	145091	143535	2039059
44000	149094	147367	2113284
44000	148271	146518	924963
44000	143052	141466	866177
44000	144672	143159	2045856
44000	146863	145167	2084517
44000	146528	144770	2119219
44000	145903	144281	840386
44000	148111	146340	2054898
44000	144272	142739	880272
44000	147339	145460	838812
44000	146339	144692	936288
44000	147155	145420	2116207
44000	147509	145729	842166
44000	146128	144436	897457
44000	147025	145222	2031524
44000	145952	144272	2118624
44000	148401	146549	856829
44000	143592	142001	813332
44000	147702	145926	2088135
44000	146420	144588	859468
44000	148120	146400	831786
44000	147666	145845	875725
44000	145720	144055	880510
44000	139751	138450	822612
44000	145857	144177	820658
44000	142803	141308	912973
44000	142324	140882	2097093
44000	147664	145890	2041615
44000	73969	73330	921682
44100	148751	146933	2100418
44100	147570	145851	935491
44100	145372	143723	931775
44100	144588	142969	2007155
44100	146940	145244	842801
44100	149178	147335	2002742
44100	145326	143783	880962
44100	147615	145825	860250
44100	147840	146130	2126986
44100	147740	145968	876742
44100	143585	141980	2125032
44100	145588	143959	835215
44100	146598	145011	2119286
44100	147539	145908	903175
44100	148542	146693	2019367
44100	132618	131264	865762
44100	146954	145224	2024751
44100	146988	145310	2127429
44100	129229	128053	2094570
44100	146856	145100	818676
44100	147266	145440	940552
44100	146996	145310	937196
44100	147446	145687	2130502
44100	144861	143232	890537
44100	147807	146055	2036068
44100	148310	146521	2031573
44100	73848	73235	2119666
44100	147754	145957	888858
44100	148445	146719	837164
44100	146108	144413	837217
44100	146322	144699	934970
44100	147437	145740	926101
44100	146265	144599	926795
44100	147767	146079	861014
44100	144928	143340	816574
44100	147895	146187	910011
44100	147615	145899	2015537
44100	147849	146083	2088766
44100	148150	146507	840807
44100	148056	146297	2023924
44100	149036	147211	816463
44100	145337	143736	2021011
44100	147563	145881	917527
44100	147237	145472	927406
44100	147425	145643	2033409
44100	73492	72871	837685
44100	148588	146729	2118192
44100	147826	146067	934263
44100	148967	147194	2016061
44100	147004	145200	897703
44200	148182	146385	933329
44200	131814	130549	850822
44200	146891	145128	2028870
44200	147750	146016	2040970
44200	149542	147702	845037
44200	148672	146857	2122854
44200	148149	146286	2095506
44200	149352	147611	856515
44200	147419	145720	2069568
44200	149185	147400	840718
44200	147195	145530	2093690
44200	148567	146828	903280
44200	148753	146900	925661
44200	143213	141667	820621
44200	146409	144812	941656
44200	148864	147148	2113543
44200	147578	145839	2095025
44200	148230	146469	2096264
44200	147417	145702	2104261
44200	148216	146423	901280
44200	134160	132767	2087587
44200	147276	145558	2070072
44200	144379	142852	2038045
44200	147605	145883	818160
44200	145902	144182	2004743
44200	146576	144832	826713
44200	148555	146850	911362
44200	147949	146142	2029939
44200	147757	146012	851272
44200	144863	143294	2009127
44200	147600	145789	892955
44200	147781	146078	935262
44200	146916	145259	2010589
44200	146934	145263	866715
44200	146124	144460	2029804
44200	147927	146194	811955
44200	148726	146940	2040432
44200	148168	146396	920991
44200	147849	146095	2018258
44200	146674	144971	928909
44200	147642	145952	2039438
44200	147501	145804	2077842
44200	148003	146289	862186
44200	147643	145932	891349
44200	145877	144218	2130585
44200	146918	145260	2025810
44200	146475	144767	2076961
44200	147570	145866	848368
44200	147306	145499	909696
44200	143957	142375	2074248
44300	147444	145770	2113703
44300	148342	146618	2130715
44300	149242	147524	944540
44300	148769	146993	2075400
44300	141217	139659	934791
44300	150545	148705	822158
44300	128129	126974	2035965
44300	148693	146959	2018532
44300	146859	145231	902421
44300	148565	146832	2129848
44300	148420	146725	2109613
44300	146644	144962	917708
44300	147709	146004	2104216
44300	149031	147129	2099363
44300	145466	143771	2014796
44300	146365	144773	833162
44300	148156	146443	2013174
44300	149153	147403	2065199
44300	148157	146422	872447
44300	148277	146534	869523
44300	147036	145421	2134426
44300	148241	146526	2071609
44300	148997	147158	817360
44300	146438	144866	2046592
44300	145075	143492	2109876
44300	145233	143591	943206
44300	146155	144500	875552
44300	147527	145814	904766
44300	129412	128217	2036151
44300	148805	147103	883730
44300	133686	132358	909308
44300	147197	145514	2121941
44300	148313	146612	816329
44300	148107	146357	929293
44300	146980	145347	2096772
44300	148324	146578	838222
44300	145932	144279	2042195
44300	147759	145971	2071917
44300	149689	147948	2053758
44300	148175	146375	822530
44300	144459	142935	2014102
44300	149670	147777	822612
44300	131651	130372	840741
44300	148092	146329	2096104
44300	148112	146313	2052390
44300	147334	145607	2081617
44300	149277	147411	832664
44300	146269	144608	910284
44300	146610	144973	2074600
44300	148048	146253	895482
44400	148807	147066	902255
44400	150570	148681	2129693
44400	148210	146498	2129462
44400	134217	132881	838499
44400	146971	145200	863251
44400	73303	72766	2141586
44400	132073	130761	915764
44400	150415	148563	839643
44400	150081	148316	819498
44400	148747	146989	2066911
44400	143526	142058	861200
44400	148035	146357	832895
44400	148999	147149	888913
44400	146642	144952	2109602
44400	148026	146296	2075026
44400	149182	147483	816524
44400	132713	131396	930209
44400	147769	146036	939049
44400	148700	146970	860851
44400	148325	146648	2115881
44400	147277	145601	2132803
44400	148087	146338	2078755
44400	148881	147140	2092324
44400	144957	143377	2061903
44400	148217	146483	2116433
44400	148591	146848	2048193
44400	148575	146720	2063997
44400	70825	70361	891284
44400	150473	148638	877502
44400	151477	149710	2030906
44400	132627	131322	917381
44400	149658	147851	865942
44400	148665	146819	2063629
44400	147394	145702	2130254
44400	147705	145994	2112816
44400	150004	148140	2040822
44400	148796	147110	2071027
44400	148070	146336	2082451
44400	148942	147292	885524
44400	149408	147612	821235
44400	149090	147279	858748
44400	148255	146475	2016071
44400	147535	145880	922898
44400	148546	146906	893969
44400	148962	147235	937537
44400	146719	145115	2053734
44400	148929	147142	848927
44400	147877	146086	926172
44400	132174	130902	881219
44400	147122	145511	901858
44500	148711	146908	2138547
44500	149432	147620	885822
44500	148617	146789	2058628
44500	147647	145951	886211
44500	150015	148144	895623
44500	147418	145730	844160
44500	148498	146764	2018065
44500	148964	147221	914367
44500	149564	147788	947671
44500	147917	146207	874580
44500	148959	147233	2108552
44500	147538	145835	944109
44500	148285	146527	944580
44500	148457	146695	848916
44500	147891	146160	2065647
44500	147662	145956	931984
44500	148139	146354	939825
44500	147332	145566	830925
44500	150643	148826	895449
44500	149045	147319	926225
44500	147292	145599	2119869
44500	148006	146270	849337
44500	148915	147161	922537
44500	149179	147331	934972
44500	151080	149219	871468
44500	148809	147110	930443
44500	148554	146754	901137
44500	147624	145928	854860
44500	147394	145732	2034674
44500	148705	146924	2140197
44500	149211	147422	2088358
44500	148336	146579	2072650
44500	148487	146645	830645
44500	147366	145694	829768
44500	148994	147263	2019470
44500	147673	146017	2018524
44500	144773	143222	2022897
44500	146544	144956	887725
44500	146589	144985	834937
44500	148975	147224	923523
44500	149792	148055	881406
44500	150483	148641	2096020
44500	149532	147708	2056761
44500	148644	146951	857764
44500	149604	147809	2058404
44500	147951	146183	2144149
44500	147381	145744	2105436
44500	148475	146828	893200
44500	147427	145761	895142
44500	149280	147528	864043
44600	148038	146369	2055368
44600	149517	147767	920538
44600	147810	146055	938748
44600	149065	147347	2105997
44600	149358	147594	875531
44600	145860	144191	2098821
44600	146951	145291	948863
44600	149160	147464	2023715
44600	149642	147976	2142294
44600	149701	147973	854364
44600	145553	143959	938626
44600	151871	150000	2066406
44600	149541	147773	2060693
44600	149430	147666	2147435
44600	149940	148122	2143686
44600	148056	146356	2135715
44600	149473	147707	940662
44600	143863	142335	2143727
44600	74769	74148	835125
44600	147145	145511	865833
44600	149006	147220	2051799
44600	145839	144300	877369
44600	144801	143308	850481
44600	148138	146461	2154663
44600	148781	147028	933574
44600	148223	146574	923655
44600	149509	147676	900890
44600	146678	145074	825570
44600	149397	147574	2067526
44600	146446	144900	2066242
44600	149268	147568	835388
44600	131986	130765	2033986
44600	151040	149221	2141357
44600	149859	148070	892391
44600	148402	146732	2050470
44600	149810	148043	928984
44600	149468	147721	929224
44600	149224	147486	930448
44600	74286	73662	2096116
44600	73983	73395	2121173
44600	70994	70520	945554
44600	150280	148457	914784
44600	151788	149964	841477
44600	148620	146870	857702
44600	149857	148091	2033244
44600	149561	147792	823599
44600	148811	147125	870807
44600	148965	147225	2063050
44600	149796	147973	834684
44600	74863	74178	2057183
44700	149344	147603	848840
44700	148749	147127	2051269
44700	148221	146521	2076844
44700	150540	148769	884199
44700	150826	148923	842044
44700	150130	148309	858434
44700	147851	146190	2112410
44700	147517	145927	2072464
44700	150583	148763	2085869
44700	151514	149637	930165
44700	148532	146792	2079406
44700	149306	147527	2160453
44700	132684	131455	838236
44700	149140	147498	2040384
44700	148087	146425	829798
44700	150664	148915	2066740
44700	150371	148614	921339
44700	149150	147400	936476
44700	150701	148944	2052204
44700	149550	147904	2122546
44700	147615	145961	927722
44700	74309	73699	836026
44700	146347	144673	944802
44700	150533	148729	915959
44700	149552	147870	824415
44700	148860	147160	2121840
44700	149765	148065	2107619
44700	134737	133343	2112478
44700	147061	145413	893778
44700	150036	148351	866168
44700	149523	147731	2114278
44700	148725	147032	2059424
44700	149676	147910	855609
44700	149583	147886	2128196
44700	149141	147436	2151348
44700	147265	145672	2028551
44700	149388	147607	942850
44700	74101	73524	939943
44700	150661	148879	910509
44700	146121	144520	2079417
44700	150778	148914	876865
44700	148281	146510	892742
44700	73958	73333	2048229
44700	147693	145966	832523
44700	148916	147101	883147
44700	150421	148594	2078688
44700	146325	144712	2068574
44700	149966	148152	935012
44700	149405	147539	849158
44700	150258	148388	887370
44800	150634	148833	2075628
44800	150881	149030	878304
44800	150659	148862	2085926
44800	151299	149474	911027
44800	149823	148001	949885
44800	148669	146995	931192
44800	149532	147801	2074266
44800	149933	148209	891588
44800	151670	149724	2055009
44800	147816	146118	845807
44800	149850	148160	2079048
44800	149308	147596	900142
44800	148959	147208	927795
44800	150058	148324	896697
44800	151688	149895	2142200
44800	149901	148161	858570
44800	147658	146026	2044048
44800	149405	147755	2104341
44800	136046	134678	2044157
44800	150129	148456	840473
44800	150294	148637	2086348
44800	144744	143280	2121105
44800	147810	146151	2051788
44800	149104	147395	942995
44800	150071	148287	831806
44800	149998	148174	2095821
44800	151093	149228	2112508
44800	147961	146311	890213
44800	149494	147703	840281
44800	56139	56109	2041245
44800	151596	149866	2098694
44800	150881	149096	895183
44800	151039	149189	2108977
44800	150522	148794	2120395
44800	150386	148598	2057671
44800	150066	148314	2039870
44800	134980	133668	2117474
44800	148150	146455	888822
44800	147416	145873	2086776
44800	148600	146937	852990
44800	150366	148668	948357
44800	150698	148892	2046037
44800	149696	147982	951661
44800	148650	147026	901964
44800	149880	148201	2124520
44800	151371	149481	887387
44800	150422	148632	867030
44800	132150	130914	2048746
44800	149269	147597	2077110
44800	149615	147865	2084451
44900	149938	148229	2084938
44900	149259	147440	2071869
44900	147322	145743	888419
44900	149142	147480	2056445
44900	150036	148309	862630
44900	147678	146054	2084774
44900	135203	133878	823279
44900	145817	144210	2101475
44900	148111	146370	860134
44900	150984	149265	2068387
44900	150246	148548	2160429
44900	150593	148830	834028
44900	150656	148884	873564
44900	149469	147692	2146622
44900	149966	148228	911361
44900	152382	150616	890904
44900	147657	146095	894257
44900	149087	147343	2131136
44900	148322	146705	2103888
44900	150191	148438	2075219
44900	150382	148593	873496
44900	149776	148068	863006
44900	151915	149963	2156913
44900	148744	147080	2169475
44900	151170	149233	937231
44900	149711	147919	2042423
44900	150592	148757	2039761
44900	149516	147877	2052837
44900	149471	147650	906794
44900	133098	131796	2058239
44900	135087	133762	2165167
44900	135053	133683	2118760
44900	152213	150373	2165735
44900	133879	132690	880931
44900	75066	74452	831071
44900	149395	147701	956761
44900	149230	147563	930763
44900	150399	148526	883336
44900	148754	147095	2114736
44900	151377	149600	882000
44900	150236	148534	2136417
44900	149682	147962	834423
44900	149251	147580	2052323
44900	149820	148001	2063115
44900	149462	147794	953097
44900	136267	134919	947846
44900	147525	145881	2112699
44900	149554	147802	848822
44900	150174	148480	899855
44900	150253	148544	2081169
45000	147639	145973	936620
45000	146855	145281	2111575
45000	150205	148457	2100651
45000	151961	150154	908698
45000	136633	135176	933222
45000	151431	149656	858758
45000	151991	150108	2099452
45000	149472	147809	2167384
45000	151231	149397	2050752
45000	150140	148374	839791
45000	147661	145932	945521
45000	145770	144211	933553
45000	149783	148072	945512
45000	152231	150387	2099677
45000	150455	148713	847202
45000	152374	150505	855539
45000	150897	149092	858651
45000	148424	146745	853637
45000	153158	151279	2091208
45000	148472	146825	855517
45000	149974	148250	900522
45000	150321	148634	2068917
45000	150681	148878	2114033
45000	149980	148170	2053120
45000	149341	147695	849292
45000	149428	147708	2174269
45000	150211	148536	898874
45000	149619	147858	2110730
45000	152448	150636	923070
45000	152149	150261	2119368
45000	150905	149127	858103
45000	149514	147780	953590
45000	74304	73741	2130703
45000	145154	143605	911910
45000	150954	149125	2043493
45000	150644	148936	2058964
45000	150970	149199	896878
45000	148860	147160	2070222
45000	149567	147822	921137
45000	150693	148943	860691
45000	150993	149181	2047590
45000	151514	149707	902553
45000	149503	147730	2122332
45000	149351	147528	2166662
45000	146824	145272	851040
45000	149487	147838	889635
45000	151199	149430	903258
45000	150910	149050	2098531
45000	151029	149216	920901
45000	147644	146014	2074426
45100	151972	150137	837424
45100	148125	146466	2105834
45100	135932	134523	905359
45100	75070	74438	2177091
45100	151763	149846	2050121
45100	152626	150751	909789
45100	151926	150132	2074780
45100	151637	149851	860376
45100	152067	150220	2176547
45100	152265	150409	2179580
45100	151147	149437	909848
45100	150227	148530	2153453
45100	136835	135406	913563
45100	152611	150764	896346
45100	141351	139914	928883
45100	150244	148473	927612
45100	147855	146244	2146534
45100	151018	149317	831446
45100	148995	147230	959660
45100	148877	147287	904679
45100	151314	149501	2144272
45100	151919	150115	2096516
45100	152222	150399	892864
45100	149363	147669	2170347
45100	147495	145914	826848
45100	149723	148008	858896
45100	151689	149836	2178667
45100	139273	137971	2127953
45100	151207	149347	879719
45100	152085	150223	2142951
45100	149618	147984	2130256
45100	151025	149189	876192
45100	152817	150938	2138022
45100	146835	145334	2053127
45100	151368	149498	2091765
45100	146127	144614	2052042
45100	151810	149965	2130265
45100	150762	148951	838855
45100	150456	148710	831935
45100	150612	148868	902351
45100	149813	148069	946535
45100	150542	148812	2132446
45100	75652	74974	917325
45100	151525	149727	914004
45100	151616	149786	2081855
45100	149145	147549	2150780
45100	152015	150155	2112666
45100	152792	150916	2095566
45100	148296	146656	2102854
45100	150953	149095	929936
45200	135192	133892	831174
45200	151603	149816	959593
45200	149624	147908	895982
45200	150881	149249	2083091
45200	152076	150250	833076
45200	151017	149223	2178152
45200	151079	149346	900471
45200	150867	149092	2082376
45200	150597	148810	2179070
45200	148160	146672	2119686
45200	150220	148514	868186
45200	150523	148753	905360
45200	150815	149080	902826
45200	152403	150634	846127
45200	150037	148328	925851
45200	151537	149710	856398
45200	150218	148512	955147
45200	150767	149092	873674
45200	149998	148253	834147
45200	150661	148962	903857
45200	150543	148916	895887
45200	151963	150096	2160001
45200	150209	148468	881279
45200	75549	74945	2170946
45200	150023	148381	2070906
45200	150639	148968	2166114
45200	151550	149758	2056947
45200	153298	151490	852349
45200	135203	133958	932207
45200	151248	149461	2069041
45200	151652	149766	2055177
45200	151149	149371	858961
45200	148574	146953	907211
45200	150544	148852	830120
45200	150297	148539	850132
45200	151993	150249	2098270
45200	150402	148726	964041
45200	147129	145563	2096605
45200	149911	148267	2130968
45200	152330	150455	2162561
45200	152815	151003	2086434
45200	151501	149750	830977
45200	150307	148546	873051
45200	150760	149024	2049525
45200	150872	149221	2088789
45200	151347	149612	884174
45200	152562	150749	2060433
45200	153090	151280	2099400
45200	150789	149123	844007
45200	151623	149958	2126165
45300	151146	149522	2127103
45300	151184	149370	2067000
45300	151310	149510	2163354
45300	151103	149349	2095115
45300	150739	148933	2187400
45300	152884	151125	2061156
45300	153677	151825	2164010
45300	152325	150567	2133836
45300	152627	150809	911069
45300	150675	148959	921258
45300	152569	150654	2107953
45300	151155	149527	944188
45300	150915	149176	2080994
45300	153046	151067	2055565
45300	148789	147209	2163484
45300	151627	149853	2183533
45300	150073	148448	2171008
45300	148249	146694	872801
45300	152149	150384	2141366
45300	152540	150700	2091341
45300	151462	149746	862954
45300	151781	149954	862568
45300	152231	150563	932377
45300	151157	149380	954945
45300	150730	148949	2084300
45300	132527	131337	2154193
45300	151784	150022	2145285
45300	151366	149617	900699
45300	152180	150455	2149903
45300	151107	149308	2150483
45300	151218	149549	2163515
45300	151181	149457	2170296
45300	148936	147300	2145795
45300	152080	150346	854217
45300	150317	148659	2167438
45300	151760	149948	2169478
45300	151845	150063	899951
45300	152103	150405	935320
45300	151993	150259	2087746
45300	149918	148203	856256
45300	150786	149097	2073135
45300	152479	150705	914369
45300	134953	133608	2079302
45300	150283	148653	2096429
45300	148643	147056	2135155
45300	151050	149339	947278
45300	152325	150550	2167287
45300	151034	149193	2055410
45300	152326	150555	2155472
45300	154134	152234	2147885
45400	146912	145406	921977
45400	151230	149497	2135941
45400	153388	151574	890753
45400	148962	147266	2162275
45400	150768	149055	2147433
45400	152064	150310	844785
45400	152190	150409	932684
45400	152377	150611	2154128
45400	151459	149743	2136590
45400	152256	150468	2068579
45400	150803	149073	875646
45400	153843	151842	963900
45400	152046	150315	2161358
45400	151434	149726	925686
45400	151602	149933	2125757
45400	151391	149642	920831
45400	151154	149405	902712
45400	151796	150001	2064195
45400	150427	148671	907080
45400	148960	147376	2127747
45400	152897	151112	843197
45400	152793	150970	939545
45400	153069	151140	962299
45400	151501	149845	2146817
45400	148556	146946	2184542
45400	152567	150764	917172
45400	150404	148694	2105775
45400	153136	151363	933521
45400	149530	147823	926701
45400	152896	151104	914156
45400	147756	146226	886451
45400	151826	150085	833596
45400	151714	149895	2073509
45400	151303	149538	2087306
45400	150746	149111	853864
45400	148643	147007	871131
45400	152099	150312	2070227
45400	149769	148175	2193507
45400	151826	150043	850741
45400	152133	150300	871138
45400	151602	149819	2117963
45400	149616	147994	2136955
45400	152954	151115	905505
45400	151316	149653	906511
45400	151211	149495	898498
45400	152625	150855	865102
45400	152665	150895	2111226
45400	151253	149546	893934
45400	152143	150313	958725
45400	151153	149461	2126327
45500	150600	148856	2117869
45500	151493	149728	958007
45500	147422	145965	2073024
45500	152381	150619	854340
45500	152637	150752	852328
45500	150467	148778	2088850
45500	75171	74593	924170
45500	150732	149041	2190106
45500	138414	137014	2128789
45500	151275	149569	2081567
45500	155077	153216	922284
45500	152298	150488	2181801
45500	148637	147028	2151217
45500	154646	152814	888659
45500	152773	150949	893604
45500	154029	152277	912763
45500	151633	149928	864424
45500	151322	149699	886540
45500	150538	148875	866436
45500	150811	149097	2174888
45500	153658	151793	2088606
45500	150856	149096	2167236
45500	153307	151530	2095046
45500	148508	146937	841606
45500	73766	73295	2067232
45500	152783	150922	2198272
45500	153035	151261	932921
45500	151584	149860	2094198
45500	152433	150692	952313
45500	152302	150434	889199
45500	152202	150398	922146
45500	150849	149070	2175105
45500	151257	149568	949895
45500	152987	151157	869854
45500	150548	148845	2160575
45500	151555	149839	937330
45500	150487	148708	914839
45500	151427	149731	2126166
45500	153076	151320	2092615
45500	151830	150150	2075182
45500	152559	150652	839356
45500	148836	147180	934853
45500	76488	75847	946985
45500	151053	149382	2087660
45500	151266	149521	2144353
45500	152388	150668	2162409
45500	153223	151484	2110111
45500	150395	148763	873151
45500	152381	150566	895468
45500	151152	149484	954660
45600	152553	150757	921363
45600	138155	136766	2129914
45600	152839	151056	2082331
45600	137913	136613	972618
45600	74780	74249	918852
45600	153173	151404	866375
45600	152798	151008	2105785
45600	153869	152054	912137
45600	150186	148581	948243
45600	135558	134205	2123334
45600	147858	146343	2185793
45600	153147	151404	2203405
45600	76561	75879	837093
45600	76634	75912	2067658
45600	152532	150701	2102694
45600	152504	150735	949289
45600	154712	152867	2168906
45600	154274	152442	2089165
45600	151913	150201	932270
45600	150622	148907	937441
45600	148129	146531	968896
45600	152090	150332	2112734
45600	153499	151636	961392
45600	152921	151067	2076864
45600	136866	135445	2186748
45600	152954	151174	963979
45600	153106	151273	851145
45600	143486	142079	883947
45600	153049	151260	2157822
45600	152473	150643	906398
45600	153021	151158	961899
45600	149296	147724	2068277
45600	136815	135432	2124156
45600	152422	150725	940750
45600	152996	151219	2180016
45600	151755	150077	869039
45600	152959	151142	923406
45600	151591	149808	864569
45600	153369	151533	862136
45600	152487	150688	884494
45600	151935	150185	888480
45600	150564	148820	972311
45600	152949	151196	2170559
45600	153344	151571	2155516
45600	152075	150289	2201877
45600	153012	151243	2193461
45600	152906	151088	2190002
45600	149601	147979	927931
45600	152892	151101	871415
45600	151451	149779	950329
45700	153727	151965	870876
45700	151696	150070	968996
45700	152462	150663	2146992
45700	153958	152088	2161246
45700	151679	149999	966983
45700	138463	137123	942951
45700	151317	149699	866574
45700	153452	151712	2208714
45700	139017	137635	901484
45700	152092	150375	2191564
45700	154564	152809	2144704
45700	151071	149461	920445
45700	153785	151998	2165811
45700	137676	136304	2184176
45700	150444	148741	2156026
45700	152556	150769	959800
45700	151256	149660	874934
45700	137450	136079	2078332
45700	152016	150230	2103220
45700	149489	147871	849298
45700	152778	151076	843745
45700	154005	152113	2171504
45700	152049	150324	2087567
45700	152462	150762	842974
45700	152591	150819	925535
45700	152697	150957	858591
45700	152428	150648	971880
45700	153452	151602	905630
45700	151657	149931	925991
45700	153069	151292	941971
45700	152271	150368	2142175
45700	150496	148860	894010
45700	151540	149713	2123706
45700	153764	151998	2089418
45700	152232	150470	2201132
45700	152991	151212	2095182
45700	152787	151120	841807
45700	155173	153319	864939
45700	152542	150736	842859
45700	153344	151635	922443
45700	152698	150962	895051
45700	153138	151342	2135392
45700	149948	148314	906797
45700	73405	72904	2079034
45700	152915	151115	2103104
45700	149939	148321	2161171
45700	154349	152478	937686
45700	154429	152486	954633
45700	151842	150123	878841
45700	152483	150737	2133704
45800	153085	151293	882144
45800	153550	151773	961552
45800	146362	144876	2188719
45800	153713	151884	2150514
45800	152912	151066	2124524
45800	153708	151949	902413
45800	152284	150489	2143711
45800	151604	149836	2126229
45800	153644	151812	865065
45800	151324	149604	882896
45800	153210	151469	921959
45800	152890	151075	939928
45800	152718	150986	2094494
45800	76044	75441	937659
45800	138235	136868	855749
45800	152584	150859	2105530
45800	151683	149941	2128211
45800	153590	151719	2141049
45800	150810	149152	2145391
45800	152367	150652	2161967
45800	153796	152050	2166525
45800	153866	152055	2160137
45800	151327	149678	919199
45800	76493	75827	934216
45800	154316	152502	918249
45800	153115	151323	2178273
45800	76488	75859	918962
45800	152515	150793	2147734
45800	152875	151165	2195990
45800	152766	151035	949124
45800	152610	150845	900973
45800	151744	150061	2205517
45800	150486	148888	910748
45800	153620	151854	2143146
45800	150572	148904	2122844
45800	153914	152082	2183589
45800	153463	151651	882874
45800	151970	150286	2081873
45800	152868	151097	2111831
45800	134777	133502	958607
45800	151377	149640	2111331
45800	150590	148922	2171570
45800	153355	151555	932206
45800	151761	149994	2135860
45800	149327	147821	2178968
45800	149654	147990	855698
45800	153504	151624	893947
45800	153161	151387	2188384
45800	151793	150195	892181
45800	153735	151978	926782
45900	153551	151761	947603
45900	153073	151332	2099742
45900	149673	148023	913496
45900	153424	151635	954740
45900	152558	150878	2096677
45900	150316	148708	841681
45900	152565	150900	2080886
45900	156193	154295	2122372
45900	155161	153263	2172441
45900	155194	153283	2097012
45900	153675	151907	895449
45900	152419	150712	2132456
45900	149253	147644	2098326
45900	153728	151981	2154193
45900	152177	150481	2119080
45900	154719	152855	922205
45900	152284	150665	2177275
45900	152496	150785	935638
45900	154358	152636	2181806
45900	154861	153023	2099954
45900	153747	151972	2112046
45900	150243	148574	2203700
45900	153486	151636	907547
45900	152368	150585	2150822
45900	153003	151335	897402
45900	152846	151153	949284
45900	150193	148743	2131057
45900	153886	152205	2130993
45900	153932	152067	2115219
45900	154063	152224	2147766
45900	153111	151384	944241
45900	154104	152264	2206350
45900	154088	152295	2185713
45900	153129	151322	2190775
45900	153869	152101	919869
45900	153898	152115	2116599
45900	154131	152433	902911
45900	153726	151980	2137566
45900	149633	148118	884102
45900	152852	151121	915752
45900	153728	151983	2121717
45900	152659	150885	861598
45900	152575	150823	2181805
45900	154451	152626	2188377
45900	149998	148350	851840
45900	149618	147958	2140778
45900	155226	153408	2087520
45900	152927	151264	2088550
45900	154433	152670	2202604
45900	153055	151284	2171340
46000	150954	149298	872790
46000	152140	150389	2128819
46000	153889	152121	918887
46000	137049	135720	944821
46000	154724	152865	886082
46000	154569	152764	844941
46000	153707	151897	2172652
46000	154704	152886	857147
46000	151330	149589	954857
46000	154940	153109	2098406
46000	152883	151076	969125
46000	153586	151806	2210743
46000	152520	150767	2210631
46000	153112	151364	2211320
46000	152453	150732	2153125
46000	75958	75388	2105646
46000	154551	152670	936023
46000	154451	152684	920986
46000	139088	137587	2198784
46000	154489	152693	2198644
46000	152457	150727	969722
46000	154646	152804	2111748
46000	152958	151212	858155
46000	155008	153217	2139578
46000	154042	152192	973311
46000	152250	150524	889724
46000	134938	133737	2203259
46000	153656	151885	932860
46000	154881	153009	964540
46000	152111	150413	911018
46000	153583	151900	899962
46000	155746	153870	2121579
46000	154066	152234	909458
46000	151838	150157	2090615
46000	154820	152935	874329
46000	152608	150854	2116858
46000	153676	151923	891586
46000	153183	151381	974197
46000	153970	152204	2167458
46000	153316	151517	2184898
46000	151134	149413	878253
46000	152719	150956	2214438
46000	153157	151414	2210143
46000	154389	152572	954799
46000	153934	152104	2186151
46000	154033	152195	857884
46000	153366	151653	2105630
46000	155196	153340	856154
46000	154728	152889	977435
46000	154669	152929	956342
46100	153477	151619	2143523
46100	154429	152624	874494
46100	151702	150128	2108500
46100	154530	152767	2142305
46100	153898	152160	900039
46100	75913	75331	2170067
46100	149446	147867	2169837
46100	152680	150944	886471
46100	155064	153163	903441
46100	76730	76106	902740
46100	154637	152880	2116975
46100	154139	152356	2197851
46100	139163	137786	971481
46100	151940	150254	954409
46100	152961	151233	2132768
46100	152973	151215	885943
46100	155891	154072	892047
46100	155083	153226	958773
46100	151130	149490	926600
46100	154770	153065	2100728
46100	156415	154548	866975
46100	134936	133770	2210595
46100	151339	149670	883913
46100	154432	152673	889761
46100	155049	153318	2093409
46100	153430	151621	914708
46100	152857	151213	2187344
46100	154806	152893	2220359
46100	153315	151535	2202683
46100	77063	76424	916853
46100	154654	152947	2161645
46100	154206	152357	2114749
46100	153785	152057	2095722
46100	154865	153068	2213425
46100	149078	147567	928243
46100	153479	151656	2225557
46100	154371	152608	907555
46100	155031	153176	958576
46100	154433	152661	965405
46100	153813	152100	976708
46100	155193	153364	900256
46100	154107	152376	977359
46100	153872	152105	956462
46100	153761	152025	2104796
46100	154167	152373	858854
46100	155964	154080	2109674
46100	152242	150556	906469
46100	155656	153889	963993
46100	149977	148408	858765
46100	152268	150576	894708
46200	155246	153414	2164194
46200	153623	151799	2152068
46200	153365	151655	2231868
46200	155958	154061	886031
46200	151535	149912	2108154
46200	153288	151624	905294
46200	151256	149622	2168352
46200	151530	149892	907462
46200	77185	76526	865185
46200	137750	136376	956172
46200	153544	151817	937187
46200	155179	153411	879652
46200	155685	153921	2173094
46200	157480	155574	2179512
46200	153223	151477	2112630
46200	154012	152246	2197635
46200	151222	149611	2105695
46200	155487	153615	860850
46200	154015	152261	2143206
46200	150798	149192	2182192
46200	155165	153333	2168510
46200	157317	155458	888005
46200	152465	150846	2163991
46200	155064	153283	896482
46200	150337	148819	951514
46200	154295	152458	984489
46200	155553	153765	2191977
46200	155283	153470	2172282
46200	153849	152038	2165045
46200	155129	153271	2115911
46200	153841	152128	959895
46200	154403	152598	851057
46200	153453	151737	903577
46200	154454	152640	2096265
46200	154210	152423	910988
46200	154847	153087	944800
46200	155513	153741	2127215
46200	155522	153682	948583
46200	76861	76264	960077
46200	155206	153393	2218227
46200	149677	148078	946978
46200	154230	152319	2216552
46200	155979	154097	2152778
46200	156545	154609	2208538
46200	150505	148836	870398
46200	151824	150145	851721
46200	154345	152576	2120447
46200	152851	151107	2231677
46200	155290	153393	890664
46200	155591	153741	956526
46300	154377	152567	918565
46300	154301	152480	2122714
46300	153292	151590	849487
46300	155286	153451	2151622
46300	153595	151815	2182609
46300	157024	155129	2107810
46300	155590	153809	900245
46300	139740	138401	927471
46300	153881	152197	856519
46300	154260	152468	2107234
46300	152488	150855	2121393
46300	153331	151688	862373
46300	154104	152327	2158933
46300	158045	156186	933388
46300	147624	146193	2175752
46300	154957	153119	2111447
46300	154598	152752	888355
46300	156142	154260	904700
46300	154110	152432	960929
46300	155340	153463	2167000
46300	155172	153431	969812
46300	154477	152719	853174
46300	141387	139934	871278
46300	156608	154758	2168332
46300	151442	149859	2112898
46300	154014	152233	2144725
46300	157494	155608	2147574
46300	156409	154589	2209207
46300	153545	151831	916361
46300	139959	138623	2144702
46300	152801	151050	2229133
46300	154130	152428	890936
46300	155199	153332	930073
46300	150916	149383	2148147
46300	138848	137446	984774
46300	153481	151788	2209146
46300	156588	154658	887370
46300	153843	152004	2228196
46300	150857	149305	2132890
46300	156499	154667	938683
46300	155714	153917	2186993
46300	153731	151851	2115351
46300	154142	152308	987391
46300	154411	152583	947644
46300	153757	151938	2192518
46300	155346	153559	2231839
46300	157761	155881	2190388
46300	154031	152374	2106042
46300	147029	145597	2228650
46300	151603	149935	850989
46400	153989	152187	912859
46400	147232	145704	2115278
46400	155489	153651	892691
46400	155956	154118	981222
46400	155781	154015	962432
46400	154184	152470	2220377
46400	148717	147178	877976
46400	155953	154102	876100
46400	156727	154862	2167441
46400	139352	137999	938737
46400	154001	152268	2203284
46400	156413	154572	2185958
46400	156118	154378	954894
46400	77802	77196	976057
46400	154950	153143	2152972
46400	155062	153290	2152313
46400	154347	152597	921885
46400	154900	153157	909180
46400	154578	152861	897656
46400	150866	149256	2151445
46400	155854	154000	850850
46400	154559	152751	2173300
46400	153951	152246	986931
46400	155030	153282	938277
46400	139498	138126	865679
46400	154890	153100	2219200
46400	153184	151489	922907
46400	154555	152806	2150546
46400	153625	151923	2216329
46400	140068	138700	2176956
46400	155719	153971	2170314
46400	154424	152662	868195
46400	156201	154379	915404
46400	154415	152564	956831
46400	151886	150319	2104736
46400	154910	153193	2152757
46400	154455	152737	2155453
46400	154640	152747	2140423
46400	154992	153299	861932
46400	153654	151882	914902
46400	154075	152430	873622
46400	152917	151221	2185884
46400	154323	152552	985013
46400	155655	153807	862593
46400	150978	149394	883454
46400	153599	151846	879462
46400	153445	151805	919753
46400	155875	153963	891426
46400	152339	150733	980465
46400	155731	153992	865245
46500	155000	153362	958583
46500	155942	154049	916861
46500	155134	153417	941142
46500	156011	154271	917772
46500	154301	152557	2114807
46500	136840	135638	883231
46500	155617	153911	2135895
46500	154195	152453	2225208
46500	155843	154008	887788
46500	154552	152773	985557
46500	155613	153893	2177807
46500	151713	150061	2239251
46500	156228	154413	964188
46500	156761	154946	867308
46500	140145	138747	2192910
46500	155709	153897	2119387
46500	155891	154058	2122854
46500	154512	152836	943601
46500	155399	153557	2114236
46500	155886	154059	962082
46500	149493	147941	2136078
46500	155071	153255	881231
46500	154808	153001	2144579
46500	140180	138827	886810
46500	156323	154521	922710
46500	151758	150166	911975
46500	151494	149825	914057
46500	77191	76617	2111144
46500	138599	137294	990419
46500	154022	152348	2136152
46500	155022	153243	2240124
46500	156672	154721	955213
46500	140604	139215	947239
46500	155597	153889	2154089
46500	156345	154498	895168
46500	153537	151819	981774
46500	154066	152437	2115197
46500	156030	154211	2110924
46500	156854	154949	941999
46500	153849	152151	929760
46500	153256	151605	2154048
46500	155256	153460	2116724
46500	153343	151674	2171482
46500	77789	77124	2237564
46500	156598	154765	870719
46500	156799	154982	2227785
46500	154895	153182	957890
46500	154470	152690	2139095
46500	155191	153471	926710
46500	155972	154119	895734
46600	155483	153675	2143175
46600	155799	153974	937034
46600	154578	152961	936256
46600	156516	154722	860047
46600	156900	155024	2156225
46600	154414	152620	2243798
46600	74744	74236	2225149
46600	156111	154355	875762
46600	156555	154629	904814
46600	155971	154287	885293
46600	156001	154188	2231568
46600	156480	154650	2148430
46600	156004	154175	2140489
46600	157140	155288	961604
46600	156033	154130	956452
46600	155751	153979	2244811
46600	156616	154751	870921
46600	62167	61930	959383
46600	154992	153258	932681
46600	155657	153827	878390
46600	154374	152587	955777
46600	152851	151273	920960
46600	156009	154202	865314
46600	141302	139931	977079
46600	156196	154298	2165338
46600	158065	156221	2178481
46600	139576	138253	924641
46600	157181	155335	2177625
46600	155754	154015	910951
46600	152810	151252	974481
46600	156253	154411	2139044
46600	155634	153835	879873
46600	156529	154630	2158783
46600	154723	152936	2195110
46600	157308	155449	2243262
46600	156107	154292	2143299
46600	156395	154526	893379
46600	157272	155413	2137003
46600	155771	154014	2131741
46600	156469	154657	2220695
46600	155990	154158	970119
46600	156927	155116	862983
46600	155251	153492	2161310
46600	156029	154343	2216030
46600	156862	155110	865001
46600	155039	153266	914068
46600	141133	139735	946700
46600	154442	152762	917312
46600	151744	150090	2244072
46600	139396	138053	944294
46700	156706	154783	2219085
46700	157167	155291	988036
46700	155573	153790	2241249
46700	155561	153814	946767
46700	155172	153468	985582
46700	155257	153581	953704
46700	153453	151772	976881
46700	157116	155312	2125648
46700	156532	154749	947854
46700	153432	151745	2133596
46700	153653	151975	2179841
46700	156881	155125	970560
46700	157847	156082	2160555
46700	158155	156224	2217324
46700	157063	155191	925099
46700	77410	76756	976175
46700	156304	154458	2237043
46700	158147	156190	966107
46700	154950	153204	2121053
46700	156194	154408	2252934
46700	77982	77308	929210
46700	150986	149388	915679
46700	151643	150066	2210071
46700	152296	150684	870830
46700	154417	152696	2172067
46700	154204	152498	866313
46700	153559	151888	2194497
46700	154721	153003	898469
46700	154386	152705	996046
46700	156758	154981	2213358
46700	156215	154407	907059
46700	156279	154446	2152491
46700	156370	154700	2144369
46700	155827	153983	883405
46700	156522	154695	878941
46700	153618	151981	2130075
46700	155428	153700	862971
46700	155724	153919	898250
46700	156365	154499	892959
46700	156318	154523	899100
46700	154866	153189	941385
46700	153073	151408	946797
46700	140141	138708	890486
46700	156555	154774	927244
46700	155846	154069	2177678
46700	156977	155072	863564
46700	157022	155067	858747
46700	152814	151087	2145472
46700	150167	148683	2247769
46700	157691	155789	2217329
46800	157662	155685	2247082
46800	154530	152735	2133423
46800	155534	153729	993485
46800	154834	153058	2139701
46800	77972	77324	2187601
46800	155735	153926	961894
46800	156793	154942	884726
46800	152084	150513	984659
46800	151871	150352	2146331
46800	154451	152729	2236713
46800	157001	155168	2196652
46800	156541	154895	994826
46800	141121	139748	880034
46800	157597	155798	930084
46800	156339	154535	2133123
46800	155286	153558	985156
46800	156461	154572	2199194
46800	155531	153748	901189
46800	158328	156535	911105
46800	154372	152563	864482
46800	154712	153060	2140266
46800	156961	155128	2210516
46800	155996	154189	870169
46800	156143	154378	976302
46800	156700	154875	2139198
46800	155977	154137	2219125
46800	157907	155969	904214
46800	157517	155591	2233863
46800	155879	154078	2179363
46800	141201	139801	2168564
46800	155314	153569	984908
46800	154121	152424	2216033
46800	153612	151967	929195
46800	157970	156090	2191365
46800	158651	156792	902963
46800	157121	155276	2165900
46800	155955	154183	937395
46800	156968	155140	2167289
46800	155339	153625	927496
46800	152910	151294	952381
46800	157519	155658	920123
46800	155970	154224	2224753
46800	155157	153392	938201
46800	155589	153844	931483
46800	156842	154990	889257
46800	156317	154691	2178526
46800	155925	154123	861538
46800	157356	155551	975195
46800	155237	153506	910100
46800	154667	153008	2249456
46900	154775	153183	891985
46900	156116	154377	908558
46900	156211	154481	2258362
46900	155878	154168	987139
46900	155830	153956	905616
46900	154305	152589	971655
46900	157216	155455	896830
46900	156800	155064	891659
46900	156086	154286	933666
46900	158195	156208	884540
46900	156782	154943	2141814
46900	156714	154960	913706
46900	155806	154093	2177323
46900	155784	154030	987974
46900	157443	155602	876359
46900	154981	153317	2128414
46900	156409	154483	2162759
46900	141949	140536	900651
46900	156883	155112	978833
46900	155907	154113	2173890
46900	155890	154163	2201860
46900	157109	155328	2148860
46900	75249	74757	948286
46900	155758	154059	2166951
46900	157228	155500	937417
46900	157800	156031	2163706
46900	157847	156016	2223703
46900	157061	155311	921841
46900	157317	155472	2165132
46900	156477	154599	2256160
46900	156506	154732	929069
46900	157720	155833	863836
46900	157442	155581	893577
46900	157072	155214	899817
46900	155597	153841	2233353
46900	157788	156010	2231825
46900	157101	155313	2247287
46900	77207	76685	2168082
46900	158038	156207	893561
46900	153829	152127	969952
46900	155994	154220	2219205
46900	154738	153032	2147953
46900	157725	155772	2212381
46900	156448	154675	2212511
46900	157318	155501	937183
46900	158036	156210	2260194
46900	157597	155756	2164898
46900	155015	153359	929204
46900	155691	153959	2197468
46900	157203	155418	2168859
47000	158547	156761	890337
47000	157862	155933	869673
47000	139381	138065	2214639
47000	158346	156516	865501
47000	156534	154718	978719
47000	157282	155461	882064
47000	156383	154658	909209
47000	159874	157939	2141654
47000	156403	154608	900102
47000	151071	149581	990066
47000	139850	138465	976267
47000	156439	154729	961305
47000	155648	153938	1002292
47000	156921	155078	984791
47000	156108	154281	2157775
47000	138358	137055	2170474
47000	155526	153791	949254
47000	155930	154221	867375
47000	157833	156033	922197
47000	158680	156825	2207225
47000	153921	152319	976600
47000	153356	151858	996247
47000	153090	151562	870517
47000	154510	152794	904712
47000	157928	156146	871801
47000	155934	154132	2258613
47000	158047	156172	883302
47000	156812	154964	2147256
47000	157693	156024	2136264
47000	157529	155752	872994
47000	157804	155935	937521
47000	155354	153573	2185046
47000	156890	155141	978800
47000	78609	77971	894107
47000	156835	155092	2181158
47000	160538	158530	988163
47000	158530	156617	2226493
47000	154364	152634	927529
47000	156335	154650	969843
47000	157072	155266	930547
47000	157859	156066	956545
47000	157056	155305	901147
47000	155671	153978	2131390
47000	157823	156021	929881
47000	157465	155600	2212989
47000	158253	156388	2180979
47000	156711	154943	2208867
47000	157466	155705	2263587
47000	157459	155644	910414
47000	156000	154153	924009
47100	156375	154652	2201224
47100	157217	155447	882881
47100	157992	156221	875341
47100	78522	77906	1002606
47100	142291	140845	2203220
47100	156610	154855	2273630
47100	155559	153809	2189751
47100	156826	154970	2139545
47100	157921	156072	2259630
47100	157382	155653	2209946
47100	158246	156293	2263526
47100	157844	155993	2259623
47100	155440	153673	2136254
47100	141018	139657	962633
47100	159089	157241	949816
47100	159166	157312	871263
47100	158198	156439	1002520
47100	154602	152956	913382
47100	157595	155800	2178741
47100	158882	157011	2256891
47100	157369	155542	894077
47100	156328	154569	2141346
47100	160277	158450	937639
47100	142179	140696	2184861
47100	156086	154260	868486
47100	157609	155793	978689
47100	153586	151953	2154129
47100	157886	156070	868846
47100	155884	154159	989251
47100	156873	155134	974523
47100	156786	154994	2190291
47100	78512	77841	2206866
47100	156726	154959	2237400
47100	156568	154755	2271174
47100	158529	156720	959395
47100	156416	154690	986684
47100	154681	152987	2162832
47100	157139	155293	911920
47100	158241	156412	2150701
47100	156119	154452	2206948
47100	140589	139188	970028
47100	156887	155118	2153819
47100	140984	139644	914748
47100	157592	155748	870929
47100	157617	155862	1003223
47100	75127	74642	2135909
47100	155398	153645	898756
47100	158294	156511	904573
47100	154602	152950	2169358
47100	158043	156196	2203642
47200	160056	158168	2180082
47200	153377	151772	2230955
47200	157217	155320	2199062
47200	154779	153147	2228541
47200	158058	156274	2251334
47200	158622	156791	887083
47200	150089	148493	874288
47200	157236	155414	2164551
47200	157888	156007	957340
47200	155556	153854	2150635
47200	158513	156663	2246267
47200	159481	157642	2205988
47200	157131	155272	2273026
47200	157296	155519	912149
47200	156196	154493	979551
47200	158822	156930	2274992
47200	158199	156325	988678
47200	156061	154314	2165599
47200	159449	157592	944187
47200	158192	156397	2194477
47200	158290	156400	944835
47200	159338	157456	2222390
47200	155516	153797	971674
47200	158827	156977	2186583
47200	156480	154874	2266912
47200	142199	140807	2192377
47200	158263	156403	2191225
47200	156697	155037	889255
47200	157050	155264	2163325
47200	157749	155868	2187838
47200	154488	152784	2174683
47200	157646	155783	958461
47200	158460	156688	2222916
47200	142229	140804	892020
47200	158753	156885	958431
47200	156680	154930	2167212
47200	157315	155534	2200054
47200	157849	156084	957799
47200	157051	155352	975084
47200	154944	153331	2181133
47200	159931	158065	2201609
47200	158345	156480	2146021
47200	156647	154836	932580
47200	155882	154078	2192221
47200	158694	156828	2217764
47200	158373	156562	2270183
47200	156298	154575	957101
47200	159561	157625	910478
47200	156814	155137	2234310
47200	157001	155212	917239
47300	160018	158174	1001698
47300	158420	156586	2234321
47300	159351	157508	2201402
47300	152988	151442	944205
47300	158097	156405	909246
47300	157589	155841	2226501
47300	157685	155924	2246420
47300	157872	156091	966350
47300	143341	141935	931402
47300	157895	156140	2219376
47300	157260	155531	2259184
47300	157891	155993	925523
47300	158126	156235	2255923
47300	156042	154307	870689
47300	158340	156472	875631
47300	158079	156242	2223471
47300	157084	155309	930354
47300	156106	154331	2230674
47300	140773	139472	2154054
47300	158266	156385	2255682
47300	158404	156548	894032
47300	155714	154031	2267929
47300	157634	155850	2281855
47300	79382	78714	2183173
47300	157678	155867	2166244
47300	159079	157234	989759
47300	158878	157095	2227640
47300	159588	157729	2178579
47300	159012	157153	894316
47300	156722	155027	983600
47300	156225	154450	930422
47300	159556	157697	2153167
47300	155149	153489	908881
47300	156788	155085	952513
47300	157212	155471	2180888
47300	159371	157462	2188102
47300	157581	155818	924647
47300	158281	156459	2274081
47300	158292	156542	880817
47300	158013	156194	2206333
47300	157400	155615	904839
47300	156945	155247	2279357
47300	158514	156713	951746
47300	157673	155850	921945
47300	157621	155891	961539
47300	155155	153521	2241341
47300	153935	152269	936560
47300	158737	156891	975455
47300	158902	157011	942085
47300	155775	154109	953707
47400	158340	156590	930309
47400	159549	157704	2287814
47400	160143	158203	980133
47400	160048	158198	2175300
47400	157886	156014	945474
47400	155841	154139	871669
47400	158154	156377	926788
47400	156600	154898	923394
47400	154642	152945	972067
47400	158233	156418	2177849
47400	160521	158535	2214410
47400	157076	155342	2220667
47400	159484	157572	2251852
47400	158276	156438	884738
47400	158434	156581	932445
47400	157933	156119	992580
47400	157507	155754	2255536
47400	159540	157679	2254997
47400	158887	157038	2232720
47400	158458	156621	887095
47400	142306	140952	2152858
47400	153344	151919	976570
47400	78710	78106	926774
47400	157948	156147	904044
47400	158685	156769	2246192
47400	78788	78134	2159832
47400	158806	157011	2216090
47400	158961	157199	2232327
47400	158852	157066	2241148
47400	155078	153460	884559
47400	159576	157614	2224746
47400	157929	156029	871347
47400	158479	156648	2222654
47400	158774	156980	914264
47400	158326	156566	911519
47400	75700	75254	2244219
47400	159274	157489	2167071
47400	157817	156072	1006255
47400	158507	156712	2234812
47400	158549	156738	2178367
47400	140609	139309	1003998
47400	159343	157439	970360
47400	157757	155897	990202
47400	158031	156281	970050
47400	158040	156111	2199661
47400	159273	157351	922244
47400	157920	156168	2159001
47400	160222	158287	2264809
47400	158837	157025	2275527
47400	157526	155783	1003786
47500	158666	156827	2289214
47500	157837	156026	940032
47500	142198	140771	952510
47500	157326	155652	943231
47500	158658	156800	983301
47500	159083	157361	2294608
47500	154942	153315	2250616
47500	158929	157036	2227946
47500	158896	157162	2280825
47500	158196	156406	1012814
47500	158227	156393	2182276
47500	158442	156737	925583
47500	153218	151695	2252728
47500	158627	156807	955873
47500	159122	157310	909058
47500	159258	157466	939452
47500	157809	156105	2285788
47500	154749	153110	886636
47500	158024	156181	2268322
47500	157245	155520	1004125
47500	158991	157166	2224190
47500	158351	156551	2283508
47500	157927	156125	918944
47500	157830	156045	2276791
47500	154530	152823	917401
47500	158575	156778	981096
47500	160006	158102	1013015
47500	159952	158063	949531
47500	159981	158172	2254769
47500	159247	157478	1005175
47500	158033	156248	925741
47500	159809	157894	2185248
47500	141812	140488	2248419
47500	143114	141722	2164519
47500	157736	155924	2229104
47500	158278	156448	999020
47500	158202	156519	928202
47500	158170	156371	910933
47500	158981	157162	949531
47500	159004	157053	982864
47500	159914	158082	2253340
47500	158072	156316	2205762
47500	159854	157950	2177872
47500	159682	157904	898613
47500	159603	157701	1000640
47500	158671	156842	897999
47500	157338	155497	900847
47500	155744	154128	908510
47500	155651	154007	2224018
47500	141756	140480	2272387
47600	158518	156780	2239940
47600	157480	155816	914784
47600	159076	157213	2222316
47600	159128	157415	941770
47600	157754	155858	2272854
47600	159175	157343	2299546
47600	156241	154543	2252738
47600	159503	157693	955558
47600	158804	157000	988201
47600	159525	157626	2267580
47600	159888	158008	995471
47600	158659	156787	2296581
47600	155528	153927	2232653
47600	157892	156095	2190374
47600	78863	78286	2285683
47600	161096	159164	911730
47600	160278	158420	2218647
47600	161308	159421	874900
47600	160341	158642	899845
47600	159004	157169	2187807
47600	160586	158667	994664
47600	157296	155555	2192166
47600	160362	158535	978988
47600	158946	157121	2260545
47600	159169	157292	985446
47600	160967	159041	901466
47600	160159	158219	950828
47600	160285	158340	930362
47600	159075	157393	885139
47600	80120	79445	887665
47600	159766	157916	880639
47600	159294	157510	981525
47600	159533	157755	985314
47600	158872	157101	905180
47600	156363	154647	873775
47600	159181	157348	2190665
47600	158929	157238	887372
47600	158327	156610	985535
47600	79490	78820	2268619
47600	159838	157969	2213322
47600	160014	158221	898672
47600	156501	154764	2228364
47600	158901	156959	2183388
47600	160482	158564	908207
47600	159418	157659	2294713
47600	79804	79147	2187356
47600	160467	158499	2236763
47600	160105	158201	2236332
47600	157288	155471	2184894
47600	158542	156764	2232544
47700	143033	141597	2192501
47700	159967	158072	2251643
47700	159486	157610	983676
47700	156026	154433	1011584
47700	155721	154019	2196772
47700	159335	157566	980468
47700	160265	158399	904695
47700	161062	159105	958673
47700	159061	157174	1001010
47700	159651	157816	880756
47700	79550	78911	990997
47700	159261	157420	2254805
47700	159399	157615	2166251
47700	158591	156872	880145
47700	159176	157348	2168168
47700	156391	154776	996524
47700	80328	79609	2278068
47700	155322	153643	937322
47700	159154	157400	978391
47700	158619	156887	2279385
47700	156046	154376	2219050
47700	158623	156793	1009649
47700	159535	157679	914522
47700	158390	156612	973132
47700	160750	158878	967169
47700	158718	156971	2280634
47700	157830	156109	900653
47700	158880	157123	891563
47700	159921	158105	2249842
47700	160364	158516	2196670
47700	159363	157606	928776
47700	158914	157213	986861
47700	161031	159131	2305470
47700	156633	155025	2276059
47700	159317	157584	2250070
47700	159123	157385	906982
47700	145200	143788	910616
47700	158641	156856	2266478
47700	159201	157361	2206760
47700	160221	158375	2305036
47700	159976	158132	884860
47700	140407	139122	962707
47700	156960	155251	991667
47700	143879	142379	2294499
47700	162404	160413	901494
47700	160646	158744	2279440
47700	160110	158269	2273101
47700	79542	78907	2271591
47700	159378	157490	892439
47700	159565	157738	2278678
47800	159683	157896	931894
47800	159009	157201	2255154
47800	161664	159767	2254123
47800	160678	158765	2255156
47800	79735	79093	876455
47800	160015	158123	1000890
47800	160695	158829	982290
47800	159872	158025	2179826
47800	156858	155246	891348
47800	159227	157451	878838
47800	159919	158100	2272649
47800	158203	156546	2309862
47800	160346	158544	2281213
47800	158998	157124	2303087
47800	158784	157121	982111
47800	158962	157163	914262
47800	160406	158495	1016175
47800	143408	141977	2231514
47800	161486	159491	976218
47800	160569	158643	2200757
47800	161742	159820	996511
47800	158050	156270	897695
47800	160278	158461	993294
47800	161000	159176	2303872
47800	158020	156207	2212648
47800	161559	159673	2290614
47800	160577	158715	1004561
47800	160342	158440	900041
47800	158278	156562	897155
47800	159238	157450	2235144
47800	159186	157347	2170893
47800	159800	157841	921716
47800	160095	158310	2288425
47800	158913	157051	2264943
47800	158872	157265	887841
47800	158564	156783	2253195
47800	159699	157965	2173204
47800	160130	158364	2244067
47800	156227	154590	1007786
47800	158164	156480	2255750
47800	155861	154178	2174744
47800	160495	158589	2229725
47800	160294	158394	2305312
47800	157672	155969	934625
47800	159605	157816	2177166
47800	160568	158736	897276
47800	159916	158077	1007089
47800	162312	160339	1010637
47800	160306	158461	906556
47800	158198	156399	2179890
47900	160649	158866	953397
47900	145072	143557	2251568
47900	160020	158146	2178186
47900	159392	157707	2312064
47900	160695	158871	2241401
47900	159247	157554	987411
47900	159668	157853	1020877
47900	163270	161339	2258530
47900	159024	157211	2227426
47900	158712	157017	971805
47900	159800	157987	929790
47900	154346	152822	2205059
47900	159461	157722	984955
47900	159565	157780	2203143
47900	155267	153666	2196303
47900	162992	161093	944666
47900	160714	158804	2211127
47900	159820	157925	2243831
47900	161256	159452	2232857
47900	158954	157223	2226762
47900	158711	157004	910591
47900	158334	156678	2294296
47900	160626	158768	2185668
47900	160899	159144	992915
47900	144979	143598	929294
47900	159188	157455	2239836
47900	143645	142252	878541
47900	159914	158085	2245000
47900	160241	158432	2238746
47900	161407	159529	897455
47900	158075	156377	900046
47900	163109	161046	2236949
47900	159029	157191	2312369
47900	156944	155203	2284325
47900	159226	157392	1014333
47900	79747	79110	2305713
47900	160434	158603	999874
47900	160771	158847	2225794
47900	162266	160511	986516
47900	154157	152685	896173
47900	160876	159035	991330
47900	157984	156337	2206743
47900	163412	161374	893336
47900	159088	157321	919774
47900	155732	154089	913103
47900	158989	157212	971748
47900	156142	154494	2204465
47900	159627	157851	894835
47900	161131	159313	919359
47900	153377	151867	923566
48000	143609	142309	903946
48000	158618	156853	2247597
48000	161118	159292	2213353
48000	159994	158181	2209796
48000	161787	159845	2191041
48000	160663	158743	930007
48000	161523	159675	2242617
48000	160099	158270	913531
48000	143640	142316	1019248
48000	159362	157562	2242441
48000	80473	79795	2285442
48000	158570	156846	899596
48000	159674	157905	2240771
48000	160374	158479	2256920
48000	156696	155097	2292280
48000	160662	158807	946235
48000	158500	156875	974930
48000	160119	158370	1014671
48000	160706	158896	2243525
48000	157301	155628	943510
48000	158115	156339	2195339
48000	159968	158181	926429
48000	160444	158597	989228
48000	80078	79423	2233959
48000	160506	158626	2220631
48000	161032	159178	937827
48000	160344	158556	2259713
48000	161379	159541	910737
48000	144347	142946	921319
48000	161198	159343	959799
48000	161629	159784	2288802
48000	159850	158133	995992
48000	143673	142332	2220346
48000	80096	79425	2250897
48000	162477	160573	2223512
48000	160390	158643	2282218
48000	161581	159681	2211170
48000	159537	157749	916225
48000	160098	158289	2311355
48000	160549	158755	942944
48000	160863	158993	947456
48000	160692	158911	2247642
48000	159999	158192	2182361
48000	159649	157731	942823
48000	159178	157402	2193292
48000	160204	158408	2185530
48000	160096	158288	942293
48000	161657	159691	2314540
48000	163433	161535	2301387
48000	158050	156280	992895
48100	160914	159071	1006869
48100	160090	158263	2215280
48100	158910	157093	932822
48100	160574	158786	885053
48100	160376	158572	1010412
48100	159212	157421	2324683
48100	157743	155972	2221405
48100	161387	159576	1007303
48100	161423	159486	2294484
48100	159432	157617	2267146
48100	159643	157826	977141
48100	161529	159644	2217311
48100	162348	160444	960525
48100	159583	157790	2276856
48100	159501	157802	1005228
48100	143366	142014	2238908
48100	157476	155820	2200715
48100	159207	157498	1010981
48100	158122	156380	2308611
48100	143968	142602	2225053
48100	159984	158122	2295367
48100	160656	158791	2233650
48100	160263	158403	2202099
48100	159778	158018	1012096
48100	160638	158800	2210727
48100	158635	156955	2187526
48100	161825	159998	912042
48100	144227	142793	2280236
48100	162045	160258	2270752
48100	160654	158910	882086
48100	160840	158884	988088
48100	154291	152736	2247959
48100	160611	158874	986820
48100	160724	158928	906812
48100	159209	157442	948691
48100	146277	144746	2227399
48100	160158	158407	2256029
48100	159029	157321	2279136
48100	160528	158593	2263201
48100	155773	154245	2232910
48100	158346	156599	2260591
48100	162484	160597	2181975
48100	160417	158614	2215834
48100	161770	159921	896808
48100	155850	154258	2296497
48100	159870	158059	995977
48100	144984	143570	984205
48100	160347	158500	2280137
48100	160232	158444	2224938
48100	160773	158962	2260546
48200	161578	159710	2288889
48200	162573	160694	2233698
48200	160379	158578	974070
48200	161004	159145	908333
48200	161771	159843	891338
48200	162513	160652	973178
48200	162333	160451	2206187
48200	162178	160343	956902
48200	160650	158792	2264924
48200	156842	155166	929532
48200	162829	160875	909676
48200	160994	159136	2233018
48200	160750	158946	972148
48200	158169	156555	2197221
48200	158233	156602	921250
48200	80389	79751	905835
48200	161662	159833	2212412
48200	160436	158697	2251069
48200	161301	159413	925272
48200	160702	158889	2203483
48200	158073	156394	938533
48200	158703	157096	885164
48200	158626	156920	1010701
48200	162319	160384	2217503
48200	161284	159470	962984
48200	161744	159861	962806
48200	161689	159810	2210531
48200	161434	159595	2305817
48200	159844	158044	958016
48200	161261	159434	2321110
48200	160372	158512	2293515
48200	143857	142477	886162
48200	162189	160278	2253419
48200	160079	158280	886898
48200	162083	160182	2227144
48200	160168	158409	942119
48200	160667	158770	2312551
48200	161721	159888	2210471
48200	161800	159980	957987
48200	77413	76900	949912
48200	160610	158722	938250
48200	161106	159186	894287
48200	160581	158772	2229693
48200	159257	157613	993989
48200	160501	158669	2277746
48200	162698	160828	947064
48200	163722	161751	887817
48200	162185	160360	982958
48200	159174	157388	1010287
48200	158039	156440	2239866
48300	159985	158190	944262
48300	77041	76559	957108
48300	162190	160288	920837
48300	161767	159905	2279810
48300	163613	161735	2241387
48300	160898	159074	2259954
48300	158295	156607	1027296
48300	160547	158798	2210551
48300	156782	155129	914729
48300	157973	156254	2278513
48300	161091	159269	2280548
48300	157626	155889	2241981
48300	162606	160816	2291934
48300	162039	160131	937713
48300	161486	159667	982933
48300	144798	143441	2224055
48300	158791	157103	2190602
48300	161662	159856	2271827
48300	161743	160003	966667
48300	145110	143717	951886
48300	162612	160790	2296602
48300	160642	158983	896233
48300	161262	159377	2309630
48300	160764	158879	973735
48300	163822	161886	894931
48300	162010	160156	2272014
48300	161807	160042	976088
48300	163111	161232	960912
48300	162731	160829	907884
48300	162762	160801	2266183
48300	162588	160692	2198948
48300	161383	159477	2334353
48300	161340	159488	2258555
48300	162500	160600	2238480
48300	161733	159753	918142
48300	163583	161662	2288031
48300	161533	159698	915867
48300	156326	154690	2229280
48300	161114	159324	923361
48300	161738	159860	1024975
48300	80944	80259	988632
48300	163434	161592	989557
48300	160866	158999	2322224
48300	160127	158461	974146
48300	160767	159023	2293448
48300	160852	159174	901001
48300	159551	157865	2258935
48300	162152	160366	1003016
48300	161499	159761	941020
48300	161181	159421	2294559
48400	160480	158714	890461
48400	161363	159628	2235811
48400	163020	161059	2338230
48400	159125	157382	968077
48400	162085	160184	2235127
48400	162627	160684	985053
48400	161810	159878	923270
48400	162067	160240	2234048
48400	162673	160858	1016274
48400	64837	64596	2325889
48400	162477	160637	921380
48400	160826	158990	1013123
48400	162319	160480	2260653
48400	162038	160194	2198631
48400	161446	159638	892626
48400	162283	160406	899356
48400	161599	159781	2333629
48400	142704	141396	2301966
48400	159868	158077	1004256
48400	161676	159868	1011917
48400	162673	160708	1011044
48400	160333	158570	970694
48400	160926	159106	2318487
48400	159753	157992	966994
48400	162293	160447	2257483
48400	160272	158602	990716
48400	160371	158492	950396
48400	160907	159142	924333
48400	162020	160095	2215678
48400	163280	161293	948268
48400	158036	156411	2265776
48400	162969	161061	888139
48400	162649	160858	1024434
48400	161869	160077	954529
48400	160559	158797	2238187
48400	162197	160321	2319164
48400	163194	161330	2261453
48400	161060	159259	909922
48400	161788	159906	2289413
48400	146492	145101	2223878
48400	162594	160637	2216344
48400	161228	159448	892529
48400	160795	159025	940085
48400	161605	159746	2294188
48400	164173	162297	905117
48400	162570	160606	907531
48400	163209	161367	2297015
48400	162229	160360	948645
48400	164112	162201	912805
48400	161568	159710	1003603
48500	162541	160648	2265691
48500	161605	159868	2201878
48500	160728	158946	928503
48500	159646	157994	2202311
48500	161575	159804	2299069
48500	161012	159189	890381
48500	161719	159883	911487
48500	146321	144954	2208138
48500	162031	160214	913260
48500	162256	160313	2343503
48500	163539	161548	934548
48500	160712	158958	903334
48500	160423	158650	891043
48500	163424	161487	903550
48500	163003	161087	977133
48500	159846	158038	931525
48500	146589	145143	889628
48500	161658	159745	969416
48500	158669	157000	2298784
48500	163973	162023	969940
48500	163949	161993	934840
48500	163154	161366	2325112
48500	162684	160781	945940
48500	162062	160230	2236457
48500	159999	158340	922671
48500	162738	160858	2317179
48500	161567	159706	2220860
48500	162567	160659	2315002
48500	162305	160371	949035
48500	162929	161004	2239810
48500	161705	159930	2284031
48500	146522	145023	2214479
48500	161991	160107	994496
48500	161318	159485	2316208
48500	161206	159419	2283956
48500	161799	159970	2223720
48500	161882	160131	989497
48500	145595	144176	2254197
48500	162547	160674	2222275
48500	162321	160519	2320269
48500	141759	140556	2245337
48500	161616	159841	889627
48500	159109	157402	1026864
48500	162502	160616	970880
48500	162532	160761	919251
48500	159272	157627	955400
48500	162460	160635	966637
48500	162812	160966	2246066
48500	164263	162425	2326023
48500	161621	159793	2287765
48600	162402	160581	937336
48600	157480	155869	2208961
48600	159186	157462	2221154
48600	159911	158168	893925
48600	161955	160148	2290118
48600	162361	160508	973400
48600	164410	162530	985438
48600	165044	163093	2335661
48600	161923	160152	945938
48600	162682	160935	2327899
48600	160121	158362	1032544
48600	163184	161286	968051
48600	163112	161259	903065
48600	161219	159464	967006
48600	160239	158385	1017383
48600	163663	161751	1034596
48600	161828	160077	2213454
48600	161296	159472	2327178
48600	161642	159822	2331506
48600	160780	158970	2267350
48600	162098	160267	1026514
48600	163596	161695	2306743
48600	162850	160877	940590
48600	162632	160878	2277128
48600	162762	160858	2283895
48600	162820	160985	2302096
48600	145392	144010	2267619
48600	162236	160394	2205135
48600	163395	161626	973339
48600	163557	161667	2248323
48600	142645	141433	2297115
48600	158663	156962	998700
48600	163579	161790	2284926
48600	147340	145929	2236366
48600	147278	145782	2315266
48600	161407	159645	2237228
48600	162216	160431	2330434
48600	162485	160588	2230162
48600	161156	159410	912962
48600	162988	161150	2227650
48600	159439	157682	2274134
48600	161149	159407	2280809
48600	163512	161677	909910
48600	163117	161196	2273356
48600	162797	161001	2222447
48600	163612	161760	896304
48600	163488	161646	1034517
48600	160995	159276	971635
48600	161179	159372	2312540
48600	162351	160462	914639
48700	161434	159615	2277128
48700	160610	158794	1011527
48700	161237	159470	950136
48700	158819	157178	2321897
48700	162862	161078	2220396
48700	165355	163410	947213
48700	165520	163586	2334666
48700	161627	159791	2259186
48700	158787	157122	2341104
48700	160806	158977	2276007
48700	160553	158858	2209846
48700	158218	156585	2243239
48700	162649	160888	898407
48700	161133	159346	1029737
48700	162701	160880	2295350
48700	163862	162035	2224065
48700	163512	161592	1012494
48700	164260	162364	2239462
48700	163487	161632	2326797
48700	163935	162104	1020416
48700	162378	160520	990504
48700	163655	161741	1033229
48700	162425	160709	1029924
48700	163948	162014	2226859
48700	163020	161211	2252224
48700	163279	161418	899276
48700	162169	160304	2344972
48700	161972	160215	930864
48700	162421	160587	2234338
48700	163247	161382	977139
48700	160151	158403	986343
48700	163171	161306	929328
48700	163137	161290	898610
48700	164399	162465	1002116
48700	163842	161930	1021693
48700	163570	161713	2284574
48700	163381	161448	2272877
48700	162041	160298	995924
48700	161353	159610	1001982
48700	164104	162270	1007333
48700	162012	160131	2250219
48700	162068	160220	2271620
48700	162085	160206	1020739
48700	163282	161345	2219271
48700	161734	160001	2307116
48700	162810	160919	918080
48700	162771	160950	2260591
48700	143583	142332	2294985
48700	161917	160141	934256
48700	163482	161647	2254768
48800	160954	159263	2252050
48800	163018	161226	2242703
48800	164793	162874	941914
48800	163102	161184	2260916
48800	163188	161350	2319031
48800	160637	158963	1000073
48800	163108	161187	2269762
48800	162563	160723	2245563
48800	165310	163453	2289923
48800	164836	162812	930228
48800	162216	160433	913141
48800	162230	160524	2216231
48800	163005	161144	2299868
48800	147378	145874	1033418
48800	165154	163204	1016103
48800	163606	161738	934997
48800	163967	162129	2262634
48800	162767	160921	977521
48800	162730	160977	1006883
48800	164667	162814	1040202
48800	165002	163099	1031695
48800	163391	161435	995892
48800	163173	161281	1024043
48800	163350	161488	1010291
48800	159939	158239	991393
48800	162273	160388	2306438
48800	161699	159894	2222540
48800	162374	160610	922256
48800	163090	161236	2341417
48800	162531	160636	2253295
48800	161825	160084	936336
48800	160139	158434	915273
48800	163003	161234	1017220
48800	163019	161229	984002
48800	162423	160553	988202
48800	161392	159630	965372
48800	161909	160233	1039550
48800	162980	161114	2346715
48800	164467	162548	1021629
48800	161348	159526	2226645
48800	163985	162142	2328070
48800	161835	160086	906126
48800	166187	164202	2272142
48800	162594	160767	958154
48800	162768	160932	930830
48800	82312	81594	2338790
48800	163621	161674	2351530
48800	163042	161197	895080
48800	161911	160211	2247447
48800	163605	161758	953306
48900	162975	161105	2304650
48900	163718	161939	2315368
48900	165398	163500	2275349
48900	164611	162766	2353044
48900	163723	161897	927285
48900	162904	161148	2251332
48900	164729	162872	2291730
48900	164815	162939	955803
48900	163837	161984	2279571
48900	164207	162303	902382
48900	162133	160436	1012606
48900	162471	160703	2293228
48900	163375	161530	904101
48900	163085	161189	2233861
48900	148497	146905	954534
48900	160372	158737	2275414
48900	163607	161797	962701
48900	163802	161907	2266520
48900	165204	163302	2358042
48900	161485	159738	955151
48900	165041	163102	919774
48900	162514	160749	2297602
48900	162497	160649	934550
48900	147078	145676	2298339
48900	162130	160395	960598
48900	161495	159700	2223759
48900	164157	162296	2323844
48900	163900	162036	2254745
48900	162617	160741	2309096
48900	81414	80774	897530
48900	161223	159457	1022668
48900	148293	146832	957509
48900	146336	144915	2348682
48900	164469	162501	950269
48900	81324	80651	921351
48900	160573	158887	2248565
48900	160259	158570	2223464
48900	162904	161129	2269100
48900	166069	164209	2253559
48900	164664	162728	2222736
48900	161219	159429	2340544
48900	162774	160944	1012026
48900	162555	160847	913918
48900	162620	160867	2289936
48900	163207	161348	2266430
48900	165638	163667	947236
48900	142718	141523	2328481
48900	163236	161409	1007502
48900	163109	161171	2223661
48900	164565	162676	1010605
49000	164483	162652	991715
49000	163947	162137	926044
49000	162519	160682	2235832
49000	164545	162622	988177
49000	164626	162681	931701
49000	162982	161232	955491
49000	161068	159365	2332114
49000	164991	163091	2312967
49000	162930	161159	2236388
49000	164110	162251	990951
49000	146269	144822	966484
49000	162675	160885	977084
49000	165662	163817	2273351
49000	163012	161204	1011912
49000	164821	162896	2290640
49000	162573	160810	1037328
49000	161871	160101	2364128
49000	163598	161724	2367347
49000	163640	161741	1010735
49000	167727	165697	1016862
49000	164491	162563	952560
49000	165524	163531	2366505
49000	159730	158061	957802
49000	163873	162037	2269695
49000	161918	160157	948695
49000	165089	163109	1000512
49000	164920	163138	905356
49000	164599	162574	995141
49000	163107	161174	2365840
49000	147970	146575	2340836
49000	165354	163448	2332312
49000	165194	163201	933309
49000	165299	163407	2237732
49000	164389	162583	2279564
49000	162737	161058	2298346
49000	165337	163379	988612
49000	165168	163245	2228654
49000	163747	161936	2368228
49000	82411	81727	2366332
49000	165587	163628	2245586
49000	163187	161379	1022369
49000	162249	160482	901129
49000	162685	160972	968179
49000	162454	160686	942939
49000	161822	159964	1015226
49000	147801	146332	2360972
49000	163072	161251	2349984
49000	147068	145696	929536
49000	163720	161850	915746
49000	162442	160644	2261493
49100	165315	163353	2227754
49100	163801	161988	912722
49100	164033	162241	2296390
49100	165393	163463	2237035
49100	82203	81535	1042322
49100	163938	162034	919152
49100	164711	162794	912571
49100	163508	161697	2276178
49100	162419	160671	978664
49100	165684	163781	2253653
49100	160188	158477	2253918
49100	163410	161622	991858
49100	163299	161519	947325
49100	162670	160986	2311857
49100	165002	163160	2318701
49100	160769	159047	2280247
49100	163416	161586	2300869
49100	164637	162762	2325065
49100	161396	159666	2360877
49100	164305	162573	962561
49100	148885	147274	2343540
49100	163044	161233	953308
49100	162011	160354	2341281
49100	162388	160566	1030119
49100	161310	159668	929503
49100	165488	163607	2287197
49100	163179	161333	2364009
49100	164442	162616	2298185
49100	165108	163172	945589
49100	164856	162956	2323868
49100	164405	162527	957503
49100	165002	163095	906410
49100	164714	162884	2244166
49100	165486	163664	973528
49100	164097	162317	2297021
49100	163800	161922	1025956
49100	164971	163128	950237
49100	81019	80439	906948
49100	164194	162312	2351003
49100	165497	163533	2321380
49100	165852	163981	2263004
49100	164182	162306	1015471
49100	163501	161764	2243323
49100	164554	162738	926065
49100	162944	161154	933511
49100	164735	162838	912782
49100	164018	162192	1037056
49100	165448	163375	919447
49100	162963	161190	964122
49100	166001	164075	926742
49200	164172	162266	2330146
49200	165446	163495	2262239
49200	166654	164671	2375620
49200	164627	162822	955179
49200	163615	161839	2309749
49200	164266	162563	2254393
49200	161297	159570	1048435
49200	162227	160449	2348873
49200	164828	162908	915630
49200	166155	164203	938402
49200	166229	164322	2242757
49200	163044	161266	2278363
49200	163865	162088	937981
49200	166416	164519	954493
49200	81592	81005	2321216
49200	165077	163105	2314719
49200	165003	163129	1001183
49200	164308	162462	903087
49200	165426	163563	939632
49200	163522	161705	906317
49200	164133	162336	2252502
49200	150161	148685	2242070
49200	164586	162734	919091
49200	164982	163098	2234958
49200	163956	162231	2249738
49200	165046	163197	982983
49200	163807	161982	1035042
49200	166283	164336	1005934
49200	163702	162030	2270008
49200	166882	164938	985869
49200	165346	163406	1046091
49200	164392	162541	1014637
49200	165267	163347	2262589
49200	163698	161892	2274465
49200	162968	161326	2280486
49200	162757	160981	2303582
49200	164353	162523	2297295
49200	164690	162869	2270414
49200	164852	162866	2356570
49200	163201	161417	2329372
49200	165122	163135	979804
49200	82100	81450	1023646
49200	163938	162163	998298
49200	164226	162325	2290362
49200	165104	163208	919062
49200	164018	162229	2325603
49200	164578	162727	983261
49200	164796	162934	2356279
49200	163311	161449	1036143
49200	81574	80979	2330774
49300	165842	163943	936730
49300	164239	162303	910356
49300	160481	158805	2310031
49300	164956	163147	969758
49300	165767	163901	2376326
49300	163474	161611	924611
49300	165045	163149	2363775
49300	165185	163202	916256
49300	165232	163387	2307660
49300	165626	163746	931194
49300	164691	162877	2378347
49300	164961	163086	944998
49300	163309	161549	1030638
49300	165587	163685	969087
49300	165132	163260	2262454
49300	164545	162681	1024156
49300	165556	163645	2329751
49300	164689	162900	2378655
49300	164749	162858	2266889
49300	142688	141512	931513
49300	163962	162207	2371934
49300	164901	163072	1044045
49300	165845	163843	2360595
49300	165640	163788	925601
49300	149110	147584	987923
49300	164649	162826	2253266
49300	165779	163904	976869
49300	163076	161264	1017896
49300	164318	162492	908293
49300	147418	146043	2327119
49300	167025	165020	938763
49300	164752	162964	1038936
49300	163098	161293	906432
49300	164043	162195	2279317
49300	165931	163965	2351523
49300	166030	164095	2266026
49300	161739	159998	1003626
49300	81742	81122	2247601
49300	147731	146299	2249439
49300	164970	163050	2372658
49300	164633	162724	2336014
49300	161725	160010	2356967
49300	164269	162403	2339651
49300	164534	162686	2312768
49300	165732	163793	920778
49300	164137	162335	965981
49300	150147	148618	2258219
49300	165217	163331	1021325
49300	163882	162130	2328199
49300	167614	165639	2352983
49400	164752	162847	2363987
49400	165911	164055	1022524
49400	161811	160115	1050096
49400	166509	164519	2261473
49400	148452	147086	1008143
49400	82109	81442	1050171
49400	165274	163469	2275240
49400	168167	166246	1035174
49400	166374	164405	2275300
49400	162218	160543	2271692
49400	162240	160461	2350701
49400	165003	163187	2282638
49400	165432	163532	2259370
49400	164949	163105	2240187
49400	165497	163665	1050280
49400	163715	161921	2309395
49400	161803	160120	2372017
49400	166333	164548	1021953
49400	148656	147129	960776
49400	166514	164493	1044951
49400	165575	163625	2274587
49400	164788	162958	2244560
49400	163596	161889	2308083
49400	161196	159679	1012143
49400	165321	163474	2314933
49400	165106	163199	2252913
49400	165212	163415	971926
49400	165671	163773	2321689
49400	165869	163965	907919
49400	163807	162117	2251979
49400	165496	163674	1038034
49400	162851	161100	911979
49400	165445	163411	2344244
49400	167532	165675	2251302
49400	147624	146202	915696
49400	165877	163885	951949
49400	165673	163855	987322
49400	163609	161909	2279798
49400	162855	161085	1041411
49400	164986	163096	2356226
49400	165019	163110	2353611
49400	162479	160824	998880
49400	163903	162082	2350834
49400	149048	147634	2283082
49400	165605	163622	2242845
49400	166325	164428	2384071
49400	164640	162723	2356563
49400	164741	162894	2347690
49400	165766	163858	995595
49400	162984	161289	2296072
49500	165071	163144	1025371
49500	165208	163307	2352440
49500	164547	162709	1006257
49500	165549	163641	2372048
49500	163472	161798	2352942
49500	165293	163417	920952
49500	166308	164288	999593
49500	163299	161473	993958
49500	82218	81519	977134
49500	166377	164525	1013750
49500	166604	164690	1021283
49500	164227	162389	2359472
49500	166054	164149	1013300
49500	165403	163555	923834
49500	163500	161786	1022957
49500	165415	163624	914670
49500	165143	163297	1044437
49500	161843	160139	907511
49500	164513	162646	1040673
49500	165229	163470	2300655
49500	164682	162834	2253700
49500	82920	82203	955924
49500	165628	163714	1027669
49500	164559	162884	1012640
49500	167868	165829	1007775
49500	165115	163186	1001411
49500	166297	164459	2291612
49500	79080	78579	1029098
49500	164250	162570	2249765
49500	166404	164461	1037089
49500	164800	162957	930837
49500	165412	163637	933415
49500	164336	162564	920929
49500	166991	165052	2357157
49500	163973	162207	2336487
49500	161395	159715	912151
49500	165170	163331	1006492
49500	161844	160182	2356558
49500	165214	163318	2265727
49500	164601	162875	2258880
49500	165255	163412	940665
49500	165887	163996	2314233
49500	164462	162626	924199
49500	165915	164037	2340435
49500	166588	164719	982513
49500	167106	165192	944326
49500	163860	162035	2275356
49500	165611	163758	928138
49500	166107	164175	2311016
49500	165441	163659	2327363
49600	162817	161160	931012
49600	166115	164312	909642
49600	149390	148012	2389862
49600	167347	165511	983306
49600	82502	81861	2264991
49600	166118	164224	2282244
49600	166729	164825	981801
49600	164962	163077	2264428
49600	163404	161618	1008724
49600	165924	163986	1054903
49600	167075	165048	2346131
49600	166590	164659	2337854
49600	166938	165002	2274294
49600	162369	160631	2353180
49600	167910	165979	956027
49600	166119	164153	2371936
49600	162972	161230	2335716
49600	160667	158949	2263629
49600	164887	163044	953878
49600	163680	161954	2316847
49600	165205	163359	2253970
49600	167358	165329	1049073
49600	162921	161193	2367568
49600	163273	161566	1023196
49600	165760	163917	1037943
49600	165987	164144	1053341
49600	166858	164901	921735
49600	168045	166094	2356414
49600	164848	162953	945045
49600	166399	164598	2306929
49600	166977	165026	921162
49600	164667	162792	918923
49600	167250	165176	2357985
49600	166383	164534	1041173
49600	165702	163854	999279
49600	167304	165411	1045357
49600	164321	162623	1045104
49600	162314	160578	996895
49600	167020	165091	1057143
49600	165244	163413	1023599
49600	164947	163095	2339701
49600	165921	163949	2323641
49600	164377	162584	2366688
49600	165321	163433	993659
49600	165933	164139	2273818
49600	164940	163101	2305545
49600	162050	160388	1056600
49600	166866	165022	2369373
49600	164988	163240	1007210
49600	161967	160311	2385619
49700	165580	163696	2290134
49700	167481	165510	1018626
49700	165412	163559	2376027
49700	166290	164480	1004229
49700	167141	165303	996353
49700	148325	146950	981839
49700	165138	163309	2314276
49700	168114	166224	2255665
49700	169320	167300	1001993
49700	163892	162146	932624
49700	165382	163493	1028456
49700	165896	164034	2307018
49700	164739	162903	2304538
49700	167294	165338	986855
49700	166021	164133	2354593
49700	164820	162997	1001767
49700	166970	164998	2370878
49700	162727	161055	2360131
49700	165678	163812	2394474
49700	167837	165922	2367044
49700	165989	164207	1006057
49700	165537	163680	2276920
49700	167264	165291	1027839
49700	162896	161274	995251
49700	163373	161612	2292390
49700	166211	164237	2257213
49700	162805	161162	2390412
49700	157010	155470	2315158
49700	82891	82256	2358242
49700	164457	162622	2267379
49700	165697	163772	2381735
49700	166721	164739	2322108
49700	167606	165620	1040905
49700	166943	164912	2285038
49700	165525	163684	2346121
49700	166601	164713	2371758
49700	167503	165698	956388
49700	165690	163901	2353753
49700	165881	164087	2340347
49700	167099	165058	978587
49700	149788	148320	2393607
49700	166828	164893	2259948
49700	165802	164008	934182
49700	165013	163221	955434
49700	164713	162825	1009955
49700	168222	166339	2331912
49700	166688	164760	2311035
49700	163153	161383	951041
49700	165442	163659	2323947
49700	166362	164586	980005
49800	166446	164562	2324802
49800	147600	146251	2372181
49800	150008	148491	2303347
49800	83110	82422	988317
49800	166860	164884	1049744
49800	165471	163641	1040894
49800	168165	166135	2302593
49800	166543	164633	958790
49800	147300	146036	2320289
49800	167062	165219	1001890
49800	166387	164503	923067
49800	167441	165559	2352912
49800	164611	162798	1019363
49800	167340	165413	942580
49800	165734	164006	1024378
49800	165049	163281	1046790
49800	160585	159021	974960
49800	167774	165857	954291
49800	166092	164305	2271516
49800	83353	82657	2380357
49800	167296	165342	1029313
49800	165262	163453	1057899
49800	167245	165317	939237
49800	165994	164111	948938
49800	167618	165708	2265139
49800	164237	162514	1036611
49800	167020	165144	2344694
49800	164913	163047	926202
49800	164696	162882	1019126
49800	166034	164194	1014788
49800	166888	165056	1038075
49800	163591	161865	2330625
49800	168257	166345	2402441
49800	167019	165054	2368579
49800	164947	163225	2284572
49800	166415	164574	2295677
49800	167562	165552	2314930
49800	166610	164683	926666
49800	163313	161630	924166
49800	167504	165643	2398201
49800	163624	161937	2304972
49800	168848	166805	1034758
49800	166667	164739	946977
49800	167293	165393	2268619
49800	165448	163616	974112
49800	145689	144465	2403602
49800	163469	161686	1025479
49800	166879	165045	2286011
49800	166706	164877	968972
49800	166858	164957	924461
49900	167101	165143	936391
49900	83782	83054	1001873
49900	167260	165354	2298622
49900	170407	168397	977977
49900	162734	161076	2306344
49900	166605	164833	998821
49900	148542	147241	964121
49900	168074	166142	2344874
49900	167558	165722	988609
49900	167060	165211	2382275
49900	167979	166027	1006409
49900	164762	162904	1013390
49900	167958	166141	2263200
49900	167870	165904	2339816
49900	166895	165031	2281864
49900	166960	165096	2383451
49900	167909	166021	943269
49900	165952	164089	922220
49900	167454	165587	2374551
49900	165779	163980	2326761
49900	166711	164873	1036209
49900	167517	165567	1062316
49900	166607	164770	2335182
49900	166795	165002	2388262
49900	165962	164171	947739
49900	166216	164437	2410048
49900	167156	165269	2354106
49900	167248	165353	948474
49900	166397	164492	2390258
49900	165712	163954	1062261
49900	168375	166425	1023991
49900	83178	82529	2317669
49900	167561	165609	1020032
49900	165176	163357	993436
49900	167448	165612	1010895
49900	166784	164891	939613
49900	165795	163939	2375810
49900	165500	163722	2286922
49900	165328	163518	1048397
49900	150787	149384	920143
49900	163641	161948	2294970
49900	166973	165101	2308954
49900	167968	166010	931483
49900	167977	166036	2319059
49900	166481	164689	2407448
49900	168454	166559	1044037
49900	167277	165328	1037303
49900	168748	166808	2302625
49900	165341	163521	950651
49900	169913	167824	2334020
50000	167078	165118	1013959
50000	163723	161984	2340744
50000	167741	165921	2411493
50000	168022	166071	2271593
50000	166135	164344	917133
50000	167998	165981	2404017
50000	166307	164428	1036376
50000	167190	165277	2377626
50000	164093	162425	986211
50000	150783	149347	993684
50000	169147	167185	2399570
50000	167952	166139	2340025
50000	167104	165193	1055056
50000	168336	166396	2414605
50000	165708	163873	1065994
50000	167296	165395	2279847
50000	168330	166375	944769
50000	166742	164966	1055299
50000	83630	82979	2286320
50000	163991	162303	934741
50000	167048	165063	2347978
50000	169529	167578	1014780
50000	166576	164672	2348075
50000	168511	166530	2407233
50000	167268	165520	2270625
50000	166689	164831	937990
50000	166167	164337	2279919
50000	150558	149055	975799
50000	168233	166315	1004527
50000	165938	164055	971647
50000	169078	167164	1032366
50000	166932	165076	1042263
50000	163531	161858	998933
50000	168746	166878	2348305
50000	167951	166010	2285003
50000	169503	167543	1056844
50000	167115	165225	2325081
50000	165988	164111	2358540
50000	167423	165586	1051265
50000	163527	161817	1052352
50000	168901	166832	2351784
50000	163791	162125	2357537
50000	166816	164890	2341547
50000	167156	165281	2344971
50000	149498	148052	967317
50000	163410	161623	2284287
50000	166174	164288	2329096
50000	166789	164956	2399658
50000	167510	165589	2370386
50000	150749	149317	2267793
