100	247	216	2391
100	289	260	2281
100	393	359	940
100	293	263	2282
100	269	247	2246
100	208	190	2510
100	291	257	960
100	313	284	2559
100	253	231	2644
100	354	319	2532
100	258	237	2181
100	281	255	2209
100	363	330	2586
100	232	214	2206
100	210	194	683
100	310	278	971
100	265	240	1152
100	341	307	2582
100	257	238	2600
100	137	130	2482
100	280	252	2168
100	256	232	2292
100	295	267	730
100	400	363	672
100	349	319	959
100	257	232	1013
100	245	226	891
100	355	320	2375
100	284	259	963
100	215	197	2202
100	313	282	977
100	271	246	1153
100	251	226	2528
100	305	273	2379
100	216	200	1059
100	211	195	934
100	253	226	2422
100	275	251	775
100	276	247	2437
100	123	117	2231
100	133	125	2344
100	350	314	2258
100	248	227	2398
100	249	226	1093
100	246	222	796
100	306	276	1013
100	272	246	2215
100	273	246	2310
100	247	223	2662
100	237	218	2647
200	501	473	4448
200	321	304	5112
200	453	423	1583
200	581	537	1462
200	480	450	1557
200	549	508	1350
200	494	460	5281
200	493	460	2236
200	563	531	1686
200	501	468	4342
200	619	573	4980
200	517	480	4485
200	460	437	1364
200	521	487	1492
200	619	573	4670
200	688	638	4366
200	457	431	2185
200	580	538	5121
200	240	232	1780
200	509	471	4708
200	492	463	1766
200	428	407	4784
200	551	513	5097
200	546	509	1906
200	502	470	4535
200	505	473	1915
200	593	550	4606
200	577	534	4701
200	467	438	4957
200	578	544	2318
200	508	471	4664
200	510	477	5310
200	541	504	4666
200	259	250	4336
200	511	473	4518
200	512	477	5246
200	444	419	1687
200	516	483	5236
200	623	578	4842
200	523	490	2189
200	510	478	4859
200	500	469	1764
200	295	282	4671
200	495	463	4366
200	435	414	1336
200	438	417	4420
200	684	633	4803
200	257	249	1699
200	562	524	4861
200	462	432	5325
300	870	828	7887
300	816	771	7022
300	832	784	7371
300	917	855	7283
300	806	756	7107
300	826	775	7596
300	820	782	7452
300	897	845	6627
300	800	764	7437
300	846	789	7108
300	820	766	2284
300	861	810	7758
300	400	387	2466
300	881	828	7130
300	902	841	7147
300	993	922	2296
300	886	833	7212
300	688	657	2074
300	877	820	3008
300	840	793	7507
300	785	737	7142
300	863	812	7611
300	762	727	6575
300	728	688	3275
300	822	773	3199
300	898	840	2733
300	831	784	3068
300	923	859	2765
300	861	812	7006
300	984	921	7520
300	787	750	6908
300	803	766	7522
300	791	747	2607
300	714	678	7113
300	796	762	3198
300	795	750	7779
300	776	732	6914
300	773	727	6858
300	743	706	2313
300	939	889	7425
300	838	795	6851
300	865	815	2233
300	754	710	2861
300	788	744	7251
300	919	862	6848
300	765	725	7221
300	917	863	6545
300	765	727	3381
300	846	804	6994
300	823	772	7648
400	456	448	3924
400	1036	992	8878
400	900	867	10115
400	1180	1111	9151
400	1035	980	3533
400	901	866	3424
400	1030	989	4166
400	864	836	10105
400	1026	986	3009
400	903	869	2928
400	998	950	9022
400	1176	1113	2873
400	452	446	3166
400	1152	1096	3420
400	1197	1137	3260
400	1115	1065	8816
400	912	877	9177
400	1109	1054	9905
400	924	884	10232
400	892	852	3071
400	962	922	10595
400	1180	1129	10417
400	964	921	9572
400	1101	1041	2803
400	934	892	3690
400	1164	1106	10626
400	983	943	3707
400	457	450	3685
400	1039	991	10485
400	973	924	4291
400	911	873	9727
400	960	915	10230
400	1098	1057	9288
400	1109	1058	2667
400	978	933	9991
400	873	842	3239
400	1122	1065	4075
400	994	945	9263
400	1069	1018	9565
400	971	933	3864
400	1307	1224	8725
400	870	840	3529
400	1115	1053	9040
400	1007	970	3896
400	994	942	2686
400	1000	958	8966
400	801	776	10172
400	1000	954	3840
400	918	889	4360
400	983	936	10226
500	1133	1087	12669
500	1468	1393	11325
500	1498	1416	11364
500	650	629	12017
500	1384	1320	10945
500	1366	1312	11527
500	1440	1369	13150
500	1243	1187	12910
500	1283	1231	4250
500	1359	1294	4773
500	1428	1356	12174
500	1256	1200	5754
500	1360	1299	3345
500	1382	1311	4615
500	1434	1372	5438
500	1333	1269	5199
500	1704	1608	12668
500	1375	1312	12932
500	1494	1417	12396
500	1442	1370	12630
500	1479	1404	11292
500	1400	1332	12676
500	1290	1231	3378
500	1476	1395	3757
500	1357	1285	5512
500	1411	1340	4867
500	1233	1177	5505
500	1361	1309	13173
500	1402	1339	5059
500	1333	1270	4726
500	1420	1352	12416
500	1256	1207	13117
500	1382	1324	5734
500	1454	1381	13304
500	1583	1498	3667
500	1466	1395	13017
500	1313	1250	11406
500	1436	1355	11425
500	1571	1487	12147
500	1480	1403	11487
500	1401	1327	5500
500	1286	1227	5387
500	1323	1258	12610
500	1310	1250	12294
500	1277	1213	12394
500	1581	1499	12647
500	1451	1373	5788
500	1433	1369	3411
500	1387	1314	5018
500	1412	1343	4198
600	1650	1585	13575
600	1671	1589	4829
600	1533	1472	5851
600	1606	1543	15749
600	1636	1560	6053
600	1694	1616	14818
600	1605	1534	6857
600	1746	1667	6287
600	1614	1544	6176
600	1536	1478	5761
600	1796	1710	13351
600	1730	1647	4145
600	1351	1306	5413
600	1587	1521	13211
600	1756	1665	5572
600	1440	1381	15901
600	1442	1380	6440
600	1408	1363	14839
600	1540	1473	13395
600	1562	1495	15433
600	1894	1798	6855
600	1830	1739	15168
600	796	772	5746
600	1761	1672	5818
600	1820	1732	14247
600	1575	1501	15347
600	1497	1437	5989
600	1341	1303	14460
600	1628	1555	5101
600	1546	1476	4665
600	1635	1567	13750
600	1723	1636	4549
600	1841	1740	14830
600	1800	1711	15215
600	1666	1586	6158
600	1810	1725	6654
600	1750	1671	15930
600	1547	1483	4664
600	874	843	13577
600	1475	1421	14566
600	1590	1527	15584
600	1456	1398	14110
600	1802	1719	4476
600	1521	1453	14987
600	1582	1510	15630
600	1517	1456	15739
600	1626	1546	5891
600	1536	1470	6884
600	1606	1531	15822
600	1561	1496	13567
700	1947	1866	7850
700	2009	1914	15199
700	1732	1671	6163
700	2050	1945	4929
700	2220	2093	16064
700	1111	1068	7301
700	1913	1816	5783
700	1777	1706	15948
700	1871	1804	7819
700	1807	1738	7316
700	1843	1763	5786
700	1905	1828	5102
700	1976	1889	18554
700	1718	1654	16216
700	2021	1933	15692
700	1766	1694	16275
700	2218	2108	16763
700	1908	1836	5186
700	1992	1909	18553
700	1999	1917	15310
700	1921	1836	6408
700	2231	2117	17303
700	1706	1646	17681
700	2114	2007	7628
700	2184	2086	5508
700	1880	1806	6354
700	2072	1978	5882
700	1899	1827	6736
700	1775	1695	16974
700	2122	2024	5413
700	2086	1997	7306
700	1865	1785	6757
700	1899	1816	5445
700	1906	1820	16105
700	1984	1898	18065
700	1935	1850	7286
700	1754	1692	5837
700	1838	1758	5617
700	1873	1794	7866
700	1887	1805	16053
700	1963	1876	4793
700	2208	2099	6462
700	2077	1986	6698
700	1775	1715	17786
700	1841	1771	16771
700	1852	1780	7104
700	2106	2014	6222
700	1700	1643	15855
700	1765	1689	16603
700	1933	1860	5712
800	2222	2142	18610
800	2190	2110	18626
800	2274	2189	19098
800	2303	2200	5558
800	1033	1011	6080
800	1072	1043	7279
800	1964	1892	6202
800	2635	2517	6770
800	1052	1031	6712
800	1941	1882	6319
800	2318	2215	19951
800	2127	2054	20839
800	2063	1984	6160
800	2090	2017	19509
800	997	983	8603
800	2158	2081	20642
800	2173	2091	7232
800	1010	989	6860
800	2295	2207	19088
800	2226	2135	8318
800	2350	2252	19208
800	1031	1010	6909
800	2253	2172	19841
800	2010	1937	7545
800	2045	1978	9312
800	2086	1996	19377
800	2184	2103	20154
800	1058	1032	7951
800	2020	1951	5440
800	1123	1091	18560
800	974	960	20885
800	2107	2025	8227
800	2082	2004	21014
800	2016	1942	20843
800	2085	2005	20566
800	2088	2002	18778
800	2066	1992	6429
800	2255	2171	8926
800	2356	2257	19701
800	2238	2151	8576
800	1188	1154	7907
800	1987	1925	8650
800	996	978	19483
800	2162	2082	5355
800	2466	2338	5459
800	1997	1929	8569
800	2066	1996	20521
800	2131	2055	8007
800	1020	999	20637
800	2254	2174	20088
900	2551	2454	21601
900	2376	2286	6606
900	2534	2436	7193
900	2301	2231	8005
900	2367	2282	21215
900	2356	2271	10084
900	2543	2455	23498
900	2250	2172	20128
900	2422	2327	23742
900	2542	2438	7327
900	2457	2362	20890
900	2399	2315	20397
900	2373	2287	10125
900	2339	2272	20692
900	2256	2184	8942
900	2581	2484	21245
900	2300	2225	7147
900	2275	2197	23125
900	2356	2270	8584
900	2404	2321	19758
900	2133	2072	9230
900	2482	2398	9965
900	2257	2187	10228
900	2461	2378	7197
900	2283	2202	9770
900	2148	2082	10462
900	2429	2350	7853
900	2469	2366	6996
900	2429	2334	7734
900	2313	2235	7198
900	2501	2415	23677
900	2310	2232	8088
900	2295	2227	8424
900	2210	2140	19961
900	2417	2333	6994
900	2210	2150	7659
900	2517	2429	20891
900	2408	2322	9552
900	2269	2202	21455
900	2450	2371	8015
900	2331	2248	22101
900	2344	2263	7823
900	2590	2485	8390
900	2647	2543	20510
900	2294	2217	21050
900	2372	2289	7649
900	1137	1118	8324
900	2438	2365	10274
900	2621	2510	7225
900	2257	2181	20556
1000	2637	2544	11127
1000	2503	2425	11005
1000	2456	2387	11223
1000	2751	2653	10007
1000	2819	2716	11542
1000	1415	1375	7373
1000	2384	2308	10870
1000	2703	2607	25171
1000	2729	2633	22581
1000	2659	2573	22901
1000	2744	2650	11261
1000	2469	2394	23702
1000	2459	2383	23282
1000	2351	2290	23140
1000	2955	2851	22852
1000	2680	2584	24283
1000	2975	2867	11015
1000	2593	2509	25520
1000	2772	2663	24926
1000	2573	2485	9848
1000	2944	2841	22271
1000	2769	2673	10830
1000	3015	2909	24593
1000	2856	2746	8033
1000	2561	2474	11425
1000	2653	2564	23877
1000	2650	2563	23380
1000	2726	2640	10359
1000	2819	2726	7257
1000	2804	2687	6921
1000	2738	2635	11063
1000	2661	2570	9117
1000	2853	2741	6918
1000	2572	2484	24880
1000	2801	2697	10466
1000	2803	2701	23503
1000	2777	2677	24930
1000	2851	2749	23384
1000	2605	2515	8896
1000	2791	2680	23504
1000	2876	2768	22401
1000	2647	2548	22075
1000	2676	2586	23473
1000	2899	2789	10626
1000	2555	2465	25650
1000	2756	2656	11540
1000	1258	1238	9521
1000	2914	2810	21999
1000	2758	2661	10029
1000	2530	2445	23914
1100	2748	2661	12819
1100	2932	2841	12704
1100	2893	2801	23936
1100	3071	2967	8842
1100	3125	3019	24539
1100	2971	2875	12473
1100	3079	2969	10560
1100	2561	2493	24703
1100	2830	2741	24133
1100	2885	2797	27675
1100	2815	2729	27776
1100	2860	2779	7961
1100	2884	2794	7455
1100	3038	2929	9818
1100	2742	2652	10086
1100	2804	2727	11828
1100	3090	3005	12012
1100	3100	2987	28004
1100	2623	2550	28361
1100	3082	2968	8408
1100	1461	1436	28952
1100	3056	2953	11922
1100	2919	2818	27962
1100	2859	2777	26957
1100	3033	2929	27893
1100	2952	2856	10103
1100	2856	2758	27888
1100	2892	2799	27259
1100	2793	2699	11906
1100	2662	2574	10319
1100	2939	2829	25220
1100	2622	2544	12265
1100	3017	2917	26390
1100	3164	3044	27172
1100	1444	1416	24737
1100	2736	2660	24674
1100	1518	1483	24807
1100	2672	2592	8013
1100	2703	2621	10527
1100	3292	3176	7982
1100	2895	2788	26811
1100	2901	2796	9861
1100	3328	3211	25622
1100	3177	3054	25840
1100	2729	2645	8502
1100	3004	2910	8682
1100	2759	2675	26752
1100	2858	2767	7619
1100	2872	2782	10904
1100	2677	2603	7384
1200	2686	2623	30126
1200	3215	3113	29128
1200	2827	2757	27331
1200	2889	2815	28825
1200	2768	2703	8841
1200	2959	2869	26875
1200	2926	2837	11652
1200	2956	2875	27689
1200	2885	2809	10014
1200	3017	2940	11419
1200	1603	1569	30548
1200	3101	3011	31161
1200	2820	2747	10602
1200	3056	2981	28200
1200	2937	2868	11954
1200	3315	3194	10476
1200	3247	3158	31169
1200	2756	2689	12316
1200	3067	2970	11395
1200	3113	3027	30677
1200	2821	2744	30788
1200	2927	2841	10505
1200	3423	3298	26138
1200	2999	2897	13087
1200	3186	3088	8632
1200	3122	3030	31086
1200	3119	3023	12029
1200	3347	3215	13734
1200	3203	3107	28933
1200	3088	3003	12320
1200	2969	2892	10363
1200	3170	3075	8736
1200	3120	3026	13951
1200	3309	3208	13453
1200	3298	3211	9504
1200	3122	3037	28396
1200	2962	2888	30909
1200	2888	2814	27715
1200	3225	3136	9621
1200	3079	2990	12003
1200	3251	3161	29090
1200	3101	3009	28324
1200	3161	3072	27046
1200	2965	2892	26744
1200	3265	3166	27653
1200	1600	1564	13294
1200	3173	3076	31507
1200	2859	2803	13315
1200	3237	3123	30664
1200	2839	2773	11277
1300	3319	3221	14477
1300	3464	3365	8989
1300	3401	3313	33546
1300	3309	3211	34582
1300	3332	3233	10511
1300	3388	3284	14333
1300	3404	3292	32670
1300	3284	3196	12526
1300	3473	3380	34030
1300	3774	3643	10102
1300	3336	3238	14054
1300	3514	3398	29010
1300	3489	3391	13863
1300	3151	3068	12561
1300	3709	3595	12101
1300	3554	3435	28473
1300	3464	3363	13814
1300	3278	3179	30839
1300	3842	3721	10403
1300	1699	1664	9653
1300	3280	3198	32359
1300	3527	3408	13904
1300	3311	3205	12253
1300	3507	3392	29224
1300	3744	3620	33795
1300	3437	3319	11076
1300	1862	1813	34573
1300	3690	3573	10709
1300	3671	3557	13647
1300	3753	3627	31106
1300	3485	3384	13360
1300	3394	3294	11922
1300	3309	3215	29322
1300	3764	3635	11086
1300	3193	3124	10526
1300	3448	3337	32996
1300	3236	3151	29876
1300	3313	3213	10537
1300	3358	3244	13757
1300	3583	3462	29813
1300	1648	1621	10358
1300	3217	3123	10632
1300	3305	3200	30625
1300	3408	3311	15022
1300	3615	3490	28486
1300	3510	3394	30179
1300	3340	3241	32053
1300	3358	3244	12900
1300	3789	3651	10210
1300	3457	3357	32612
1400	3734	3623	31590
1400	3739	3638	33223
1400	3959	3824	34622
1400	3598	3501	12278
1400	3841	3722	13931
1400	3698	3582	30343
1400	3977	3857	33337
1400	3744	3650	35439
1400	3575	3488	13006
1400	4037	3902	10365
1400	3725	3611	34073
1400	3706	3602	14418
1400	3582	3485	12710
1400	3838	3731	10302
1400	3745	3624	9652
1400	3787	3667	15452
1400	3848	3734	11916
1400	3651	3541	33546
1400	4249	4096	33420
1400	3778	3675	13235
1400	3546	3456	35540
1400	4078	3920	10414
1400	3549	3443	35575
1400	3790	3674	32253
1400	3642	3535	10622
1400	4139	3981	30879
1400	3946	3819	31972
1400	3829	3705	34974
1400	3410	3322	35193
1400	3765	3668	33188
1400	3978	3839	32057
1400	3665	3562	10690
1400	3645	3542	30777
1400	3450	3356	36773
1400	3780	3668	33360
1400	3805	3694	31343
1400	3938	3823	13274
1400	4036	3892	30788
1400	3809	3693	9526
1400	3652	3540	14598
1400	3670	3568	34045
1400	3816	3702	14542
1400	3698	3607	31029
1400	3575	3483	12368
1400	3649	3559	33342
1400	3677	3567	13213
1400	3659	3554	30464
1400	4083	3945	32228
1400	3756	3645	36609
1400	3596	3497	15302
1500	4044	3933	14452
1500	4193	4072	15401
1500	3677	3588	37216
1500	4359	4232	36619
1500	1885	1861	10700
1500	4018	3917	39014
1500	3859	3748	12037
1500	3841	3743	35920
1500	4150	4039	15613
1500	4020	3916	15174
1500	1945	1917	14741
1500	3821	3719	37322
1500	3825	3722	37803
1500	3888	3790	34873
1500	4027	3933	36172
1500	3932	3830	14753
1500	1985	1949	16247
1500	1904	1881	12274
1500	3830	3730	14688
1500	4146	4031	34998
1500	3958	3849	35907
1500	3982	3881	15711
1500	3887	3793	11827
1500	3936	3826	37939
1500	1962	1929	38840
1500	3736	3643	13067
1500	3925	3820	34176
1500	4195	4060	32677
1500	1924	1898	37357
1500	4049	3960	36335
1500	1876	1852	34711
1500	4056	3940	12575
1500	4095	3983	39455
1500	3939	3844	13933
1500	3964	3855	10706
1500	3733	3647	14895
1500	3631	3548	36599
1500	3717	3625	38724
1500	3792	3702	36785
1500	3820	3731	12521
1500	1915	1891	34824
1500	3711	3608	16798
1500	3908	3798	33524
1500	4012	3886	12950
1500	4181	4064	15616
1500	3997	3885	36962
1500	3818	3725	37966
1500	3682	3598	15056
1500	3942	3839	38976
1500	3911	3791	16751
1600	4099	4000	42313
1600	4241	4130	40548
1600	4567	4427	39790
1600	4395	4268	11350
1600	4277	4162	42187
1600	4587	4452	14094
1600	3957	3859	14837
1600	4162	4045	40428
1600	4706	4559	35079
1600	3887	3788	11086
1600	4599	4464	17477
1600	4503	4383	17457
1600	4302	4192	14347
1600	4416	4304	12865
1600	4411	4289	15127
1600	4571	4440	15458
1600	4447	4309	39866
1600	4637	4505	18106
1600	4120	4019	39771
1600	4722	4585	39007
1600	3863	3776	40690
1600	4230	4121	16308
1600	4183	4078	12270
1600	4181	4066	35703
1600	4351	4224	38497
1600	4378	4257	11661
1600	4178	4052	37421
1600	4041	3941	16221
1600	4187	4072	13707
1600	4126	3999	42098
1600	4180	4073	14353
1600	4307	4190	12323
1600	4034	3932	18601
1600	4077	3978	16645
1600	4187	4062	13779
1600	4291	4178	12575
1600	3996	3891	37220
1600	4167	4058	18544
1600	4118	4007	37276
1600	4615	4464	40765
1600	4189	4065	36394
1600	2018	1993	42066
1600	4618	4472	16808
1600	3887	3796	36577
1600	4102	3986	41017
1600	4270	4167	41546
1600	4055	3952	39992
1600	4265	4156	18510
1600	3857	3767	41346
1600	4094	3986	35858
1700	4151	4060	15004
1700	4571	4456	38803
1700	2008	1991	12037
1700	1960	1949	19368
1700	4683	4564	17178
1700	4737	4603	40097
1700	3924	3832	38045
1700	4026	3940	42031
1700	4883	4729	37635
1700	4483	4366	38785
1700	3947	3867	17665
1700	1944	1934	18349
1700	4262	4179	43476
1700	4338	4242	12379
1700	1941	1932	12458
1700	4164	4079	41232
1700	4507	4388	41333
1700	4368	4254	15153
1700	4133	4048	37869
1700	4512	4397	18177
1700	4171	4083	13794
1700	4030	3942	41054
1700	4130	4043	11603
1700	1944	1935	13609
1700	4276	4161	41566
1700	1927	1920	44616
1700	4477	4379	37670
1700	4588	4464	41555
1700	1940	1930	11749
1700	4845	4717	15491
1700	4371	4271	15269
1700	4415	4298	18663
1700	4058	3989	42010
1700	4068	3984	15773
1700	4334	4238	40504
1700	1946	1935	45237
1700	4717	4559	12324
1700	4329	4213	42351
1700	1962	1950	38123
1700	1939	1929	44851
1700	4538	4422	42463
1700	4056	3980	40342
1700	1963	1951	13444
1700	1924	1917	43801
1700	4128	4037	11896
1700	2169	2137	15159
1700	4226	4129	44440
1700	1958	1946	40972
1700	1940	1930	14606
1700	4475	4366	38133
1800	5149	5021	14578
1800	4611	4507	47166
1800	4632	4525	20970
1800	4463	4366	43754
1800	4858	4728	12510
1800	4353	4247	39629
1800	4992	4885	40017
1800	4892	4782	20848
1800	4762	4645	14793
1800	4448	4338	18193
1800	4709	4593	43034
1800	4908	4761	43356
1800	4752	4625	17912
1800	4731	4607	47660
1800	4634	4521	47794
1800	4572	4467	47953
1800	4820	4693	45196
1800	4809	4664	42882
1800	4515	4420	47179
1800	4642	4509	17709
1800	4518	4413	41113
1800	4579	4474	18427
1800	4676	4558	12277
1800	2334	2297	47710
1800	4670	4533	46391
1800	4899	4771	42651
1800	5011	4863	46800
1800	4691	4571	45541
1800	4651	4550	13189
1800	4622	4511	14384
1800	4792	4679	12568
1800	4807	4676	39172
1800	4557	4447	18770
1800	5143	5002	44590
1800	5016	4867	45500
1800	4856	4734	18399
1800	4898	4781	14410
1800	4921	4795	41905
1800	5049	4911	40026
1800	4848	4730	19710
1800	4434	4338	19054
1800	4811	4670	13947
1800	4314	4230	44952
1800	4615	4498	42243
1800	4528	4415	18247
1800	5102	4954	39187
1800	2346	2310	13909
1800	4386	4282	19393
1800	4995	4860	19434
1800	5079	4957	43522
1900	5280	5139	20821
1900	5087	4960	16168
1900	5400	5253	15551
1900	4883	4778	47295
1900	4848	4733	50063
1900	5654	5495	46651
1900	5040	4932	13766
1900	5060	4943	13661
1900	4841	4716	48301
1900	4955	4830	46371
1900	5087	4958	42309
1900	5118	5006	13382
1900	4584	4490	17156
1900	4951	4830	48709
1900	4610	4508	48998
1900	4766	4655	15820
1900	5145	5009	14642
1900	4724	4632	17051
1900	4735	4638	22133
1900	4826	4712	42758
1900	5335	5180	15933
1900	4991	4877	20278
1900	4998	4876	18190
1900	4839	4722	13117
1900	4905	4786	13524
1900	4746	4640	14743
1900	5203	5065	45100
1900	4825	4709	17574
1900	5256	5093	16131
1900	4916	4795	13002
1900	5254	5118	44078
1900	4988	4856	44758
1900	5042	4929	13074
1900	4878	4774	47225
1900	5112	4984	46303
1900	4973	4852	18930
1900	4660	4563	41900
1900	4933	4804	49121
1900	4962	4829	15850
1900	4862	4752	14672
1900	4924	4826	49231
1900	5069	4934	44834
1900	5029	4905	50023
1900	4888	4764	21270
1900	5217	5074	47284
1900	5445	5289	43922
1900	4955	4829	18165
1900	5029	4901	49301
1900	4799	4697	18167
1900	5079	4939	48636
2000	5089	4958	47205
2000	2279	2266	16264
2000	5066	4939	44277
2000	5407	5281	17430
2000	5009	4905	15413
2000	5282	5148	47359
2000	5200	5081	50651
2000	5470	5311	49763
2000	5338	5215	47858
2000	5419	5291	45777
2000	5294	5158	50526
2000	5643	5490	19757
2000	5723	5561	44414
2000	4812	4711	52475
2000	5186	5067	51112
2000	2768	2709	49726
2000	5047	4950	52011
2000	2505	2479	46702
2000	5467	5332	49487
2000	5287	5180	15459
2000	5618	5472	17168
2000	5290	5157	22934
2000	5237	5100	21780
2000	5110	4990	14840
2000	2629	2591	21639
2000	5125	5012	48126
2000	5356	5224	50210
2000	5208	5099	18626
2000	5051	4943	15101
2000	5425	5290	16396
2000	5471	5356	45083
2000	5326	5206	48789
2000	5687	5530	52100
2000	5887	5729	14224
2000	5585	5433	15628
2000	5132	5017	43752
2000	5216	5100	44627
2000	5633	5491	47524
2000	5020	4899	16996
2000	5057	4947	48408
2000	5247	5127	20187
2000	5477	5342	19933
2000	5138	5012	47035
2000	5653	5499	14721
2000	5086	4971	45769
2000	5387	5259	20572
2000	5022	4920	22930
2000	5151	5050	50714
2000	5383	5253	21454
2000	5362	5241	47875
2100	5557	5418	52446
2100	5515	5395	54350
2100	5151	5033	48757
2100	5371	5264	55131
2100	5301	5179	50970
2100	5847	5698	18302
2100	5483	5339	49175
2100	5752	5618	22381
2100	5318	5199	49558
2100	5513	5372	50504
2100	5263	5167	14428
2100	5944	5772	46501
2100	5596	5478	54171
2100	5396	5272	19198
2100	5794	5636	47428
2100	5774	5604	48860
2100	5431	5302	51674
2100	5171	5058	52064
2100	5496	5353	52238
2100	5760	5606	16962
2100	2897	2847	51097
2100	5692	5549	23615
2100	5804	5645	15417
2100	5359	5239	48927
2100	5380	5264	16244
2100	5366	5238	20115
2100	5359	5257	17392
2100	5345	5225	52541
2100	5716	5568	23700
2100	5384	5253	50477
2100	5071	4988	47135
2100	5793	5638	17330
2100	5853	5702	52728
2100	5733	5591	18619
2100	5528	5395	22134
2100	5949	5808	55544
2100	5785	5622	21789
2100	5539	5392	48753
2100	5082	4986	23970
2100	5539	5408	55292
2100	5531	5397	14015
2100	5736	5612	23894
2100	5896	5737	22088
2100	5250	5129	50125
2100	5194	5081	19670
2100	5626	5490	23122
2100	5596	5451	16564
2100	5744	5587	22340
2100	5518	5386	45624
2100	5569	5436	16113
2200	5801	5649	24663
2200	6106	5979	54614
2200	5758	5632	20417
2200	5517	5397	55050
2200	5152	5073	20618
2200	5686	5561	52888
2200	5580	5456	16720
2200	6129	5975	57492
2200	5774	5655	55351
2200	5478	5362	52238
2200	5458	5350	15829
2200	5523	5413	48360
2200	6005	5846	23070
2200	5728	5605	51516
2200	5617	5502	53936
2200	5708	5568	15405
2200	5703	5571	17557
2200	5736	5601	57289
2200	5639	5502	54694
2200	5815	5684	16349
2200	6073	5936	57165
2200	5507	5394	54358
2200	5845	5711	56639
2200	5588	5453	58136
2200	5624	5505	54293
2200	5843	5698	55536
2200	5514	5390	48462
2200	3051	2996	51055
2200	5981	5833	16505
2200	5756	5632	51075
2200	5463	5341	53421
2200	6065	5921	53803
2200	5767	5633	54481
2200	5583	5461	20724
2200	5750	5618	53453
2200	5953	5791	25450
2200	5980	5824	53238
2200	6081	5934	58497
2200	5582	5451	48212
2200	6020	5855	21145
2200	2876	2834	49620
2200	5538	5423	22787
2200	2839	2801	17930
2200	5968	5819	48959
2200	5649	5500	21078
2200	6204	6043	56926
2200	5332	5228	20199
2200	5936	5800	24813
2200	5877	5733	50361
2200	6000	5860	56648
2300	6265	6107	60821
2300	6163	6015	20365
2300	5554	5453	23738
2300	6156	6003	26710
2300	6221	6066	55768
2300	6189	6030	56516
2300	5903	5771	56599
2300	6101	5963	25065
2300	6071	5941	56112
2300	5967	5832	21786
2300	5757	5646	26720
2300	5969	5836	58008
2300	6105	5968	57924
2300	5586	5489	17483
2300	6213	6071	24986
2300	6122	5978	20094
2300	6132	5986	23267
2300	6056	5926	16116
2300	6381	6201	53581
2300	6097	5949	58544
2300	6050	5913	53008
2300	5881	5751	51017
2300	5960	5828	53492
2300	2952	2915	24498
2300	6019	5893	18070
2300	5898	5774	54642
2300	6209	6060	57070
2300	5941	5820	25578
2300	6378	6230	54282
2300	6312	6157	24803
2300	6548	6369	52513
2300	5789	5666	61140
2300	6301	6158	25926
2300	6153	6001	50903
2300	6210	6061	15460
2300	5654	5535	23734
2300	6625	6432	57518
2300	6145	6000	50799
2300	6275	6115	57669
2300	6189	6026	53990
2300	5668	5547	16019
2300	6043	5905	18186
2300	6068	5930	51847
2300	6369	6199	53875
2300	6427	6288	19615
2300	6089	5948	58988
2300	2927	2896	53344
2300	5937	5801	17792
2300	5574	5461	17761
2300	6358	6187	51214
2400	6434	6283	27375
2400	6522	6375	23569
2400	6510	6352	59375
2400	3177	3131	63806
2400	6684	6530	22471
2400	6536	6376	20715
2400	6507	6336	59590
2400	6818	6635	16569
2400	6360	6239	23392
2400	6215	6059	53379
2400	6338	6174	59776
2400	6801	6629	16687
2400	3161	3121	19291
2400	6141	5998	56428
2400	3043	3011	61070
2400	3043	3010	52210
2400	5854	5741	20302
2400	6345	6199	56363
2400	6254	6126	26399
2400	5864	5751	21327
2400	6608	6438	57359
2400	6198	6058	58864
2400	6365	6224	27862
2400	6257	6130	54543
2400	6474	6315	61672
2400	6519	6368	26354
2400	6139	6008	23898
2400	6080	5951	59447
2400	6594	6439	21656
2400	5982	5866	53568
2400	6535	6378	17540
2400	6436	6285	56934
2400	3165	3117	58687
2400	6306	6168	24962
2400	3128	3086	57942
2400	6451	6284	25215
2400	6110	5979	60524
2400	6380	6227	23132
2400	6396	6244	27921
2400	6723	6552	25814
2400	6257	6116	27152
2400	6323	6185	52768
2400	6421	6258	24531
2400	6688	6525	55812
2400	6382	6230	63512
2400	6347	6192	55953
2400	6615	6459	23479
2400	6125	5983	59709
2400	6836	6655	22264
2400	6266	6117	23798
2500	6195	6067	60895
2500	3182	3143	62295
2500	6583	6432	21957
2500	6629	6495	24695
2500	6175	6049	28462
2500	7026	6862	26137
2500	5762	5670	21267
2500	6380	6230	19726
2500	6248	6119	62569
2500	6845	6685	63688
2500	6255	6128	64963
2500	7273	7065	55285
2500	6027	5912	65643
2500	3381	3324	18942
2500	6339	6208	25800
2500	6338	6198	27732
2500	6861	6718	23561
2500	5844	5748	19938
2500	6327	6201	64883
2500	6035	5935	25358
2500	6636	6495	25184
2500	6056	5928	27690
2500	6465	6327	66078
2500	6578	6426	63603
2500	6656	6498	59892
2500	6525	6367	58964
2500	5864	5741	26481
2500	6400	6281	28402
2500	6764	6613	19097
2500	6289	6161	55155
2500	6611	6450	64608
2500	5932	5828	24462
2500	6406	6272	63125
2500	6042	5930	24369
2500	7098	6932	16723
2500	6135	6033	22904
2500	6105	5993	56721
2500	6629	6471	21801
2500	7285	7116	17628
2500	5967	5874	55557
2500	6026	5927	56360
2500	6774	6612	59657
2500	6010	5897	21693
2500	5877	5789	66227
2500	5993	5882	62986
2500	6253	6132	25785
2500	6841	6673	28090
2500	5890	5789	63511
2500	6207	6095	56264
2500	6458	6324	60306
2600	6962	6793	25269
2600	6743	6607	58802
2600	7026	6871	57470
2600	6899	6765	20556
2600	6807	6669	56725
2600	6816	6646	17751
2600	6984	6821	61890
2600	3519	3459	20713
2600	7157	6991	68887
2600	3326	3282	17401
2600	6992	6837	61703
2600	6770	6627	19541
2600	7237	7069	24897
2600	6519	6379	67680
2600	6828	6661	20950
2600	6810	6647	21763
2600	7067	6899	24580
2600	6486	6363	60983
2600	7034	6864	68460
2600	3485	3434	59712
2600	6862	6714	27961
2600	3409	3371	62601
2600	6914	6758	21982
2600	7055	6913	59542
2600	7393	7223	63721
2600	3493	3440	24727
2600	7148	6976	19222
2600	7205	7029	26425
2600	3562	3507	24477
2600	6839	6678	28296
2600	6749	6636	65929
2600	6801	6642	63825
2600	3567	3512	63023
2600	6720	6599	29291
2600	6424	6310	66231
2600	6988	6838	56916
2600	6713	6559	59872
2600	6347	6248	27603
2600	6872	6707	58139
2600	6688	6551	65758
2600	7301	7124	67394
2600	7110	6942	61280
2600	7174	7028	63512
2600	7107	6939	22514
2600	6807	6662	18541
2600	6739	6602	57772
2600	3459	3409	62384
2600	6827	6684	23387
2600	6795	6641	22054
2600	3389	3342	25758
2700	7396	7224	30662
2700	7568	7400	31295
2700	7172	7015	20005
2700	7169	7014	24022
2700	6873	6731	62260
2700	7307	7149	67978
2700	7068	6925	24102
2700	7482	7302	22149
2700	7035	6897	27317
2700	6949	6810	69769
2700	7064	6911	71803
2700	6655	6532	19061
2700	7544	7365	21727
2700	6755	6616	68176
2700	6953	6807	19479
2700	7123	6974	28220
2700	7057	6927	65930
2700	6998	6869	58994
2700	6766	6636	29990
2700	7328	7173	18567
2700	7227	7061	20865
2700	7009	6848	25884
2700	7520	7339	60168
2700	6857	6736	19440
2700	7178	7016	68867
2700	7611	7434	69507
2700	6936	6804	27754
2700	7076	6920	25908
2700	7090	6935	65130
2700	7046	6895	60107
2700	7269	7105	65320
2700	7404	7219	29148
2700	3444	3410	19013
2700	7574	7390	64912
2700	7123	6994	27833
2700	7246	7080	26735
2700	6960	6803	27458
2700	7232	7076	59671
2700	6929	6773	61090
2700	6953	6802	29384
2700	7221	7084	68720
2700	6853	6708	63073
2700	7218	7058	20037
2700	7249	7095	22588
2700	6905	6790	27577
2700	7119	6958	21844
2700	6959	6817	25647
2700	6860	6716	22538
2700	7027	6885	22416
2700	7364	7193	64217
2800	7313	7137	64355
2800	7744	7576	30629
2800	6987	6855	23880
2800	7517	7366	63539
2800	7381	7217	74657
2800	7572	7386	68781
2800	3713	3666	21729
2800	7366	7213	23620
2800	7447	7305	72916
2800	7362	7208	32317
2800	7139	6995	25275
2800	7573	7398	67507
2800	7100	6977	68328
2800	7181	7040	31667
2800	6747	6634	28462
2800	7401	7239	61816
2800	7631	7475	29512
2800	7152	7006	69846
2800	7542	7376	60833
2800	7675	7492	62697
2800	6963	6839	63382
2800	7321	7205	18941
2800	7153	7001	19578
2800	7321	7160	74001
2800	7473	7318	32149
2800	7515	7349	71124
2800	7535	7378	21167
2800	7490	7341	28719
2800	7183	7042	28561
2800	7226	7074	72802
2800	7590	7418	23902
2800	7858	7689	65459
2800	7311	7156	26739
2800	7032	6898	69314
2800	7658	7482	24031
2800	7888	7716	68106
2800	7236	7115	64707
2800	7207	7081	29673
2800	7304	7170	26441
2800	7164	7021	23001
2800	7336	7165	23583
2800	7426	7276	29948
2800	7430	7268	31395
2800	7402	7232	72084
2800	7416	7261	28574
2800	7198	7057	66284
2800	7199	7048	67326
2800	7259	7126	67755
2800	7301	7137	29576
2800	7418	7254	64318
2900	8057	7855	24187
2900	7651	7507	74512
2900	7470	7324	19499
2900	7624	7465	68800
2900	7795	7654	28536
2900	7939	7764	69779
2900	7212	7075	29536
2900	3687	3650	24123
2900	7580	7420	66822
2900	7485	7316	29062
2900	7783	7619	26185
2900	7718	7579	32923
2900	7856	7672	20911
2900	7754	7573	65259
2900	3789	3740	26915
2900	7511	7365	27847
2900	3829	3782	24723
2900	7643	7480	72754
2900	7751	7600	71555
2900	7404	7254	22271
2900	7368	7207	23918
2900	7223	7093	25146
2900	8150	7957	21405
2900	7515	7370	70948
2900	7333	7198	70511
2900	8058	7877	64699
2900	7585	7448	75388
2900	7466	7300	72668
2900	7573	7435	63368
2900	7928	7737	70371
2900	7525	7358	31601
2900	8120	7949	33305
2900	7411	7266	22015
2900	7605	7451	23813
2900	7483	7348	21063
2900	7612	7438	74628
2900	7261	7121	21192
2900	8013	7854	24022
2900	7863	7675	22410
2900	8119	7936	26947
2900	7713	7563	69859
2900	7706	7531	70602
2900	7768	7606	29514
2900	7535	7375	32934
2900	7716	7513	75273
2900	7628	7455	19399
2900	3753	3718	20807
2900	7941	7771	25680
2900	7801	7650	74866
2900	7253	7124	66323
3000	7582	7454	72920
3000	8071	7893	28027
3000	7546	7409	33601
3000	8071	7928	29083
3000	7879	7736	22744
3000	7923	7769	69637
3000	8062	7863	69149
3000	8367	8161	22516
3000	8211	8029	77542
3000	7691	7541	66027
3000	7474	7347	26542
3000	7904	7727	74699
3000	7884	7747	24417
3000	7590	7439	34860
3000	8611	8416	75161
3000	8207	8033	78338
3000	7794	7640	79507
3000	7411	7279	76692
3000	7996	7818	32013
3000	7950	7784	78360
3000	7745	7601	73978
3000	8076	7890	75986
3000	7923	7770	71471
3000	7636	7513	79809
3000	8005	7827	70761
3000	8438	8240	71287
3000	7562	7423	21167
3000	7913	7735	71091
3000	7549	7418	65285
3000	7722	7542	26534
3000	8025	7878	76548
3000	7871	7719	71006
3000	7472	7333	33877
3000	7926	7768	74472
3000	8058	7893	26512
3000	8092	7908	79010
3000	7901	7755	65600
3000	8085	7916	29695
3000	7765	7611	25123
3000	7733	7585	67992
3000	7769	7620	71412
3000	7667	7519	33031
3000	7675	7530	67070
3000	7809	7643	79149
3000	7807	7652	73713
3000	7951	7806	67611
3000	7593	7454	74094
3000	7980	7812	66293
3000	3897	3850	73914
3000	7738	7569	21758
3100	4017	3969	74258
3100	7947	7790	77456
3100	8403	8231	74222
3100	7797	7645	27142
3100	8399	8229	31295
3100	8058	7887	71008
3100	8255	8093	31955
3100	7962	7799	32997
3100	7968	7805	69858
3100	8425	8252	76085
3100	8512	8339	24205
3100	8024	7878	36058
3100	8080	7931	21927
3100	8637	8441	77537
3100	8188	8019	82082
3100	8014	7850	76819
3100	8177	8009	75019
3100	8072	7926	22400
3100	7358	7247	71395
3100	7770	7643	21403
3100	7941	7775	22985
3100	7722	7574	21507
3100	8615	8431	27912
3100	8086	7928	76379
3100	8187	8030	76444
3100	8070	7923	33080
3100	7712	7561	77550
3100	7894	7735	67171
3100	8202	8053	29702
3100	8036	7885	78563
3100	8049	7903	78298
3100	8237	8042	23253
3100	8039	7903	78160
3100	8604	8402	27900
3100	7835	7683	24267
3100	8181	8026	73954
3100	7681	7536	69637
3100	7919	7754	35498
3100	8113	7949	26855
3100	8408	8226	77071
3100	7808	7662	33252
3100	8256	8064	31885
3100	8447	8293	20731
3100	8291	8131	67823
3100	8486	8332	31229
3100	8194	8043	70994
3100	8280	8122	29175
3100	8259	8082	69167
3100	8546	8362	26188
3100	8112	7957	32804
3200	8408	8228	82658
3200	8451	8300	80213
3200	8401	8248	76328
3200	8982	8769	32882
3200	8591	8432	31275
3200	8600	8414	72430
3200	8831	8664	29322
3200	9124	8918	25160
3200	8387	8216	72159
3200	8301	8143	78527
3200	8349	8191	79940
3200	8768	8578	70997
3200	8439	8258	33106
3200	8426	8266	75336
3200	4020	3985	84316
3200	8557	8381	82737
3200	8709	8525	84455
3200	8162	8012	77950
3200	8231	8093	82443
3200	8453	8273	30681
3200	8203	8062	70906
3200	8431	8266	77487
3200	8532	8372	22995
3200	8305	8123	33222
3200	8795	8594	73190
3200	8154	7993	34398
3200	8226	8095	80035
3200	9045	8844	28607
3200	8050	7898	84897
3200	4181	4127	71196
3200	8289	8136	31960
3200	8217	8064	29635
3200	8594	8427	35400
3200	8510	8348	78626
3200	8404	8245	31941
3200	8129	7988	85044
3200	8494	8328	37146
3200	8421	8265	75860
3200	9150	8966	78464
3200	8049	7906	75942
3200	8485	8313	70728
3200	8522	8372	80349
3200	8721	8550	33118
3200	8701	8523	30938
3200	8569	8400	28306
3200	8400	8227	73787
3200	8146	7994	28413
3200	8601	8429	29342
3200	9200	9009	34383
3200	8475	8307	31373
3300	4475	4406	84971
3300	9367	9154	74563
3300	8737	8583	83709
3300	7877	7772	36247
3300	8451	8296	36959
3300	9092	8878	27838
3300	8775	8615	81051
3300	8941	8742	71696
3300	8701	8535	32264
3300	8688	8507	76678
3300	8974	8792	86610
3300	9221	9043	85693
3300	8755	8575	22772
3300	8471	8300	30313
3300	8990	8818	78753
3300	8624	8439	28006
3300	9886	9641	32783
3300	8831	8679	76299
3300	8607	8438	83410
3300	8207	8081	86913
3300	8425	8283	28412
3300	8392	8255	84708
3300	3785	3769	30007
3300	8921	8749	32773
3300	8538	8390	87578
3300	8559	8383	36103
3300	9034	8858	34801
3300	8555	8400	34908
3300	8456	8318	85651
3300	8624	8460	37453
3300	8676	8479	35216
3300	8586	8416	28095
3300	9159	8961	23494
3300	9125	8934	34012
3300	8339	8202	33741
3300	8677	8508	76845
3300	9141	8955	22059
3300	8339	8198	35390
3300	8434	8275	82789
3300	8841	8679	76133
3300	8925	8758	26900
3300	9005	8821	30514
3300	8558	8392	32472
3300	9036	8843	83192
3300	9054	8880	28475
3300	8642	8490	79762
3300	8555	8370	72030
3300	8867	8704	79510
3300	8691	8527	82778
3300	9032	8838	77898
3400	8876	8693	79349
3400	8799	8637	85775
3400	9161	8999	23195
3400	9421	9215	90452
3400	8959	8799	87589
3400	8479	8352	75234
3400	9183	9003	83706
3400	8781	8635	30272
3400	8917	8735	29598
3400	8869	8709	77268
3400	8816	8652	78402
3400	8652	8485	75858
3400	8748	8564	89967
3400	8903	8726	35628
3400	9179	8988	33670
3400	8534	8402	26632
3400	9085	8917	80395
3400	8645	8510	31677
3400	9221	9021	90433
3400	8966	8770	33723
3400	8994	8802	28468
3400	8829	8670	31286
3400	9565	9359	27152
3400	8913	8753	27924
3400	8995	8823	23678
3400	9056	8908	34991
3400	8773	8618	89654
3400	8405	8254	24232
3400	8696	8534	35429
3400	8858	8677	36681
3400	8911	8755	22862
3400	9115	8908	75297
3400	9008	8844	26082
3400	8726	8550	77482
3400	8810	8646	36052
3400	8945	8774	79742
3400	8686	8536	84681
3400	8739	8568	84824
3400	9114	8950	27675
3400	8607	8452	78285
3400	8409	8280	83802
3400	9272	9081	83929
3400	9078	8907	27681
3400	8756	8597	24294
3400	8676	8491	82015
3400	8610	8477	23877
3400	9220	9036	26203
3400	9124	8946	86874
3400	9312	9104	87365
3400	9098	8913	37491
3500	9043	8885	76700
3500	4689	4631	80567
3500	4673	4615	93135
3500	9585	9373	33976
3500	9563	9365	80594
3500	9516	9325	85776
3500	9281	9099	34496
3500	9020	8849	36526
3500	4434	4387	82498
3500	8909	8755	34671
3500	8826	8672	84817
3500	4397	4364	84744
3500	9636	9437	32722
3500	8563	8419	87079
3500	4377	4341	28185
3500	9632	9430	80472
3500	9057	8894	29691
3500	8851	8689	82109
3500	9182	9009	92225
3500	9837	9625	85606
3500	9794	9603	92978
3500	9395	9203	80571
3500	4574	4523	34277
3500	9441	9254	28890
3500	9101	8929	31737
3500	9264	9073	89180
3500	9227	9071	36796
3500	9424	9261	80656
3500	4475	4426	91373
3500	8881	8740	30115
3500	9283	9105	28783
3500	8756	8582	35279
3500	9037	8874	28028
3500	9505	9331	32634
3500	9832	9633	80827
3500	4486	4442	76293
3500	9513	9346	40398
3500	8893	8739	87567
3500	9086	8929	77061
3500	9498	9315	40122
3500	9046	8870	38351
3500	8974	8827	79695
3500	9475	9281	28174
3500	4495	4453	26191
3500	9372	9185	38836
3500	10039	9836	28849
3500	9380	9165	92146
3500	8605	8455	25130
3500	4637	4584	33715
3500	9702	9503	92742
3600	9582	9404	26218
3600	9071	8919	95698
3600	9760	9570	79138
3600	9461	9302	26003
3600	9518	9346	92050
3600	9633	9420	81171
3600	9372	9205	92641
3600	9321	9160	27451
3600	8976	8824	40895
3600	9282	9150	33025
3600	9472	9318	39653
3600	10047	9842	24342
3600	9435	9263	88854
3600	9685	9500	41107
3600	9719	9539	87376
3600	9624	9439	26091
3600	9644	9456	80546
3600	9470	9324	88620
3600	9135	8991	85742
3600	9200	9018	26036
3600	9230	9064	35921
3600	9433	9272	33321
3600	10281	10036	94565
3600	9253	9102	85973
3600	9704	9546	24414
3600	8912	8774	40237
3600	9406	9245	26155
3600	9494	9347	86484
3600	9814	9621	79646
3600	9424	9272	78145
3600	9583	9412	94037
3600	9615	9455	91831
3600	9087	8947	25068
3600	9630	9437	83447
3600	9391	9207	88514
3600	9313	9139	94253
3600	9410	9232	80774
3600	4792	4724	83389
3600	9276	9104	87161
3600	9404	9246	82254
3600	9884	9686	93128
3600	9555	9394	26993
3600	9321	9174	87815
3600	9704	9524	83323
3600	9395	9233	95258
3600	10082	9873	86815
3600	9767	9568	87511
3600	9639	9456	31520
3600	9002	8859	87134
3600	9689	9494	86216
3700	9498	9327	96829
3700	9480	9341	94503
3700	9866	9685	82251
3700	9506	9331	35203
3700	9343	9166	97734
3700	9886	9713	90069
3700	9752	9554	41210
3700	9709	9540	26881
3700	9298	9141	26203
3700	9427	9275	40778
3700	9631	9456	88519
3700	9944	9760	91957
3700	9906	9719	41521
3700	10103	9886	81208
3700	10120	9921	80692
3700	9712	9521	93661
3700	9870	9690	93231
3700	10167	9961	85965
3700	9869	9693	96208
3700	9537	9357	27261
3700	10231	10022	81227
3700	9319	9162	38863
3700	9809	9609	89323
3700	9773	9586	88573
3700	9594	9414	97284
3700	4768	4714	96153
3700	9880	9698	35057
3700	9818	9611	32646
3700	9776	9603	26099
3700	10247	10024	93869
3700	9856	9656	27055
3700	9558	9376	28544
3700	9959	9768	94867
3700	9731	9557	87147
3700	9699	9506	29734
3700	9647	9473	39672
3700	9337	9188	26385
3700	9651	9466	36014
3700	9821	9638	86071
3700	9570	9405	26036
3700	4811	4756	83008
3700	9736	9572	87084
3700	9737	9561	33945
3700	9856	9672	82421
3700	10224	10008	96087
3700	9566	9402	89525
3700	9468	9292	36939
3700	9719	9537	40413
3700	9513	9334	95823
3700	9479	9321	97211
3800	10034	9842	99555
3800	9470	9336	42626
3800	9936	9745	41814
3800	10623	10387	96288
3800	9256	9106	33697
3800	10157	9956	99675
3800	9606	9439	39917
3800	9948	9767	36916
3800	10060	9891	29776
3800	9410	9258	85802
3800	9678	9534	99694
3800	9469	9328	37475
3800	10156	9960	93808
3800	10237	10042	33246
3800	9864	9681	87848
3800	9589	9427	37544
3800	5011	4948	87356
3800	9819	9654	94239
3800	9160	9037	28768
3800	10393	10197	98831
3800	9209	9062	33055
3800	9797	9641	97640
3800	9096	8969	34145
3800	9891	9730	87131
3800	10004	9809	26111
3800	10013	9831	34019
3800	9709	9539	40073
3800	9489	9316	91695
3800	9928	9764	84942
3800	10197	10001	99102
3800	9805	9631	100637
3800	10117	9935	34319
3800	9286	9135	93122
3800	10028	9839	30307
3800	10321	10094	42381
3800	9129	8988	91512
3800	9971	9803	86497
3800	10053	9876	35529
3800	10378	10193	97027
3800	10351	10146	25410
3800	10240	10021	84108
3800	8594	8490	27312
3800	9658	9515	32360
3800	10132	9955	98822
3800	9399	9262	33439
3800	9322	9195	85533
3800	9246	9115	30820
3800	9888	9716	97555
3800	10147	9952	84410
3800	9838	9671	96714
3900	10381	10175	87720
3900	10179	10007	97385
3900	9787	9625	40756
3900	9806	9652	93323
3900	10058	9878	31026
3900	9992	9829	100233
3900	10376	10162	87325
3900	9566	9432	28203
3900	9968	9797	41052
3900	9814	9656	90914
3900	10637	10434	87388
3900	10076	9898	27348
3900	9785	9632	32305
3900	9921	9743	34530
3900	9637	9489	99129
3900	10129	9978	42467
3900	10659	10417	92837
3900	10307	10147	40537
3900	10034	9859	39162
3900	11104	10865	28416
3900	10469	10260	103991
3900	10420	10232	91288
3900	10660	10460	90176
3900	10359	10165	99711
3900	10227	10040	98559
3900	9835	9664	92099
3900	9807	9653	90423
3900	10565	10345	86406
3900	10293	10089	89254
3900	9928	9752	87565
3900	10482	10299	102060
3900	10881	10634	94600
3900	10413	10237	35182
3900	10404	10182	30683
3900	10232	10048	99598
3900	10353	10171	42424
3900	9669	9508	95327
3900	9779	9600	96921
3900	9933	9764	94004
3900	10694	10470	33268
3900	10503	10306	36521
3900	10231	10054	97616
3900	10627	10413	41171
3900	10500	10316	39358
3900	10279	10061	87205
3900	10592	10371	43719
3900	10307	10129	90089
3900	10543	10336	93591
3900	10418	10202	102196
3900	9488	9321	34014
4000	10772	10572	44996
4000	10016	9853	39456
4000	10916	10681	35916
4000	10706	10515	35246
4000	10559	10371	98531
4000	10528	10343	103989
4000	10641	10439	100485
4000	10144	9964	97664
4000	10689	10499	98871
4000	10125	9975	37493
4000	10665	10479	37483
4000	10496	10307	32796
4000	10370	10196	88908
4000	10616	10430	88448
4000	10665	10450	95418
4000	10764	10558	90629
4000	11113	10863	29571
4000	5195	5139	37499
4000	10542	10364	30771
4000	10486	10309	93471
4000	10359	10171	28094
4000	9882	9743	90708
4000	10041	9859	40094
4000	10609	10402	102767
4000	10097	9949	43337
4000	10377	10182	44151
4000	11326	11077	35795
4000	10209	10031	27975
4000	10348	10162	45332
4000	10360	10176	98995
4000	10678	10490	41938
4000	10095	9926	106502
4000	10851	10663	42209
4000	10546	10349	103032
4000	10213	10031	97963
4000	9785	9626	88570
4000	10442	10270	42755
4000	10154	9980	41831
4000	10247	10071	104978
4000	10689	10503	36870
4000	10184	10015	32724
4000	10730	10525	29406
4000	10033	9872	45181
4000	10428	10260	31717
4000	10611	10436	38598
4000	10668	10455	96023
4000	11103	10894	102743
4000	9262	9133	101486
4000	5581	5500	45945
4000	5130	5081	33642
4100	10945	10750	36163
4100	10813	10628	46387
4100	10544	10350	45446
4100	9997	9850	105609
4100	10462	10293	102801
4100	10789	10601	30265
4100	10172	10006	33649
4100	10540	10373	39250
4100	10597	10430	92098
4100	9860	9722	30487
4100	10673	10486	47691
4100	10060	9904	100533
4100	10492	10315	28699
4100	11127	10918	103447
4100	10841	10642	98512
4100	11449	11213	43147
4100	10139	9993	44469
4100	10431	10262	89082
4100	10100	9943	35769
4100	10671	10476	33472
4100	10950	10737	99546
4100	10670	10478	94351
4100	11599	11349	89078
4100	10617	10446	107263
4100	10599	10436	89352
4100	11321	11095	104251
4100	10852	10657	30188
4100	11075	10862	44532
4100	11183	10982	100816
4100	11499	11282	29138
4100	10703	10492	106143
4100	11079	10873	40248
4100	10160	10013	27894
4100	9981	9824	107725
4100	10798	10606	44220
4100	10854	10646	104993
4100	11539	11306	90173
4100	10020	9887	42949
4100	11057	10851	27879
4100	11036	10817	90827
4100	10787	10579	43148
4100	11051	10845	95484
4100	10353	10182	107288
4100	11056	10852	36758
4100	10351	10191	32683
4100	10554	10375	44435
4100	9456	9347	43039
4100	10684	10518	37677
4100	10647	10480	103635
4100	10955	10757	102026
4200	10628	10442	102385
4200	10666	10489	32957
4200	10651	10496	111383
4200	10658	10467	31392
4200	10694	10518	36731
4200	5558	5492	44046
4200	11043	10842	44021
4200	10905	10714	94884
4200	11161	10941	34749
4200	10971	10775	37053
4200	10730	10545	92464
4200	11626	11390	105798
4200	10878	10684	48380
4200	11195	11007	42811
4200	11346	11114	38963
4200	10932	10742	107240
4200	10911	10721	91130
4200	11067	10865	34817
4200	10691	10517	102520
4200	10624	10450	110921
4200	10806	10622	44356
4200	11379	11191	31925
4200	10735	10569	96556
4200	10952	10754	110615
4200	10902	10703	42949
4200	11183	11000	95367
4200	11096	10887	36289
4200	10917	10723	28404
4200	11262	11058	42220
4200	11161	10946	43847
4200	10910	10736	39008
4200	10479	10353	29298
4200	11449	11230	92203
4200	10978	10811	36088
4200	11170	10967	40604
4200	11278	11093	95040
4200	10855	10647	92184
4200	10741	10540	108052
4200	5620	5551	110925
4200	10992	10810	30166
4200	5365	5316	46644
4200	11012	10824	107689
4200	11137	10921	98248
4200	11140	10940	98268
4200	10502	10307	106041
4200	11515	11302	28800
4200	11173	10987	46114
4200	10948	10772	102823
4200	10811	10639	107278
4200	10697	10507	98053
4300	11299	11121	105706
4300	11394	11196	28700
4300	11376	11185	32611
4300	11592	11383	98520
4300	11209	11023	43363
4300	11078	10899	47685
4300	11676	11429	38113
4300	12134	11899	38913
4300	11445	11238	49268
4300	10992	10833	94504
4300	11137	10968	102136
4300	11008	10821	105235
4300	11155	10968	37465
4300	11037	10847	106298
4300	11728	11526	114641
4300	11367	11169	31718
4300	11800	11568	96011
4300	11036	10861	112620
4300	10677	10516	113271
4300	11443	11249	103194
4300	11740	11523	94797
4300	11568	11355	100732
4300	11690	11471	31222
4300	11143	10958	32725
4300	11408	11215	36224
4300	11154	10925	104679
4300	11142	10982	44714
4300	11174	10994	44249
4300	11917	11694	42745
4300	11602	11403	111885
4300	11160	10975	93905
4300	11756	11519	111370
4300	11712	11484	113827
4300	11445	11233	28734
4300	11306	11090	102820
4300	11218	11026	104410
4300	11407	11186	49045
4300	11584	11377	111983
4300	11718	11478	110598
4300	10976	10814	47450
4300	11288	11098	44351
4300	11279	11090	114221
4300	11434	11223	29784
4300	11392	11199	110330
4300	11800	11580	105481
4300	11583	11358	45242
4300	11121	10953	37442
4300	11336	11137	98004
4300	11482	11269	48045
4300	11370	11180	106120
4400	11355	11163	106446
4400	11348	11173	104393
4400	11833	11591	105048
4400	11575	11373	30415
4400	11863	11665	107104
4400	5583	5527	42777
4400	11775	11573	99293
4400	11597	11399	48168
4400	12067	11827	37833
4400	11631	11462	45649
4400	11448	11258	30287
4400	10985	10828	111054
4400	11714	11540	107375
4400	11262	11069	107120
4400	5508	5463	44556
4400	11353	11160	31346
4400	5815	5742	46094
4400	12176	11938	117180
4400	5611	5561	99642
4400	11619	11396	48453
4400	11779	11549	40058
4400	11542	11351	111993
4400	5596	5544	48603
4400	11413	11223	39221
4400	11470	11267	39825
4400	11457	11244	48341
4400	5673	5615	95780
4400	11474	11266	107984
4400	11414	11199	105557
4400	11312	11115	30963
4400	5740	5684	96229
4400	11414	11221	38642
4400	5797	5728	101241
4400	11145	10972	40482
4400	11000	10810	30524
4400	11790	11571	107158
4400	12001	11784	98908
4400	12149	11919	32689
4400	10768	10601	95570
4400	12026	11834	105392
4400	11684	11481	47734
4400	11183	10998	49953
4400	5815	5745	107014
4400	5764	5692	97709
4400	5772	5707	106557
4400	11969	11746	109147
4400	5753	5683	114842
4400	11420	11226	114679
4400	5707	5651	29799
4400	11440	11237	34710
4500	11702	11513	98828
4500	12631	12376	50052
4500	11410	11216	101957
4500	11658	11479	41889
4500	11573	11371	52465
4500	12186	11934	34977
4500	11990	11772	45020
4500	11697	11505	109912
4500	11019	10867	30679
4500	11617	11445	49299
4500	5938	5875	101068
4500	11934	11729	51095
4500	6213	6119	35471
4500	5825	5771	118589
4500	11566	11375	104976
4500	12139	11907	115657
4500	11850	11648	44679
4500	13036	12798	105609
4500	11821	11618	36137
4500	12104	11867	116290
4500	11170	11011	47890
4500	12423	12183	32278
4500	11304	11135	39801
4500	12002	11810	42715
4500	11561	11340	51611
4500	12167	11940	52076
4500	12139	11927	43324
4500	12240	12005	115372
4500	11930	11691	38010
4500	11515	11324	108963
4500	11787	11592	43207
4500	11767	11581	50033
4500	12076	11846	117427
4500	11902	11697	119447
4500	12268	12015	43195
4500	11502	11292	109526
4500	11833	11629	41029
4500	11880	11642	97528
4500	11714	11533	104764
4500	11877	11703	50635
4500	12016	11790	51406
4500	5759	5703	44383
4500	11803	11582	113494
4500	12024	11816	111929
4500	11443	11271	100557
4500	12662	12397	99041
4500	11030	10867	107416
4500	12179	11956	111330
4500	11485	11294	44447
4500	5871	5810	39763
4600	12623	12381	113245
4600	11335	11183	115567
4600	11679	11472	31169
4600	11362	11195	32910
4600	10877	10715	109611
4600	11971	11781	121834
4600	12397	12212	49198
4600	11273	11108	100539
4600	11676	11492	46303
4600	12726	12473	37745
4600	12253	12052	105494
4600	11042	10895	106148
4600	12185	11995	41931
4600	12401	12149	48941
4600	12648	12399	114073
4600	11538	11362	102472
4600	11523	11353	33320
4600	12399	12179	47088
4600	11611	11418	102530
4600	11737	11536	33399
4600	12002	11787	43863
4600	12357	12157	116785
4600	11869	11655	41959
4600	11517	11343	109712
4600	12238	12027	122286
4600	12242	12021	120117
4600	11538	11357	122247
4600	11211	11061	114921
4600	12348	12121	107495
4600	12675	12453	120841
4600	12336	12098	39856
4600	12558	12332	102713
4600	12216	12023	41288
4600	12265	12041	53334
4600	12262	12048	117068
4600	11794	11601	105380
4600	11558	11388	39230
4600	12083	11876	46107
4600	11997	11783	100465
4600	11013	10851	105289
4600	12472	12250	43900
4600	12067	11855	101661
4600	12213	12015	112223
4600	12271	12071	117511
4600	12306	12121	46704
4600	12698	12457	36867
4600	11887	11696	40309
4600	10868	10733	117769
4600	11891	11683	52015
4600	11827	11651	115376
4700	12251	12039	119787
4700	12237	12030	124115
4700	11774	11598	40657
4700	11776	11599	48542
4700	11449	11281	33279
4700	11926	11747	41730
4700	12686	12461	41000
4700	12786	12562	120882
4700	12270	12041	101960
4700	12665	12433	46055
4700	12637	12403	111524
4700	12918	12708	102736
4700	12382	12169	50801
4700	11965	11781	123858
4700	12758	12505	119971
4700	12607	12357	31879
4700	12127	11911	54148
4700	11916	11763	38014
4700	12169	11969	51618
4700	12153	11936	46707
4700	6105	6044	104601
4700	12900	12635	47763
4700	11879	11701	113477
4700	12055	11854	122725
4700	12616	12351	34138
4700	6022	5968	112397
4700	12498	12267	109357
4700	12932	12670	106165
4700	13358	13106	118323
4700	12103	11896	103076
4700	12244	12027	123031
4700	11834	11650	122679
4700	11998	11800	118087
4700	12193	12002	31644
4700	12440	12207	106551
4700	11957	11748	50720
4700	12939	12714	109838
4700	12604	12399	110895
4700	12483	12268	110708
4700	12893	12664	43775
4700	6162	6099	35052
4700	12901	12659	37336
4700	12717	12472	120581
4700	12015	11820	106069
4700	11930	11739	102425
4700	12153	11959	108677
4700	12246	12032	32732
4700	12181	12009	107238
4700	12167	11969	37901
4700	11955	11749	33768
4800	13269	13028	104522
4800	12870	12644	42400
4800	12924	12705	55604
4800	13059	12801	47696
4800	12271	12075	105173
4800	13427	13179	49834
4800	12567	12348	116397
4800	12320	12094	108556
4800	12364	12158	107965
4800	12848	12623	121432
4800	13167	12936	32068
4800	12414	12209	52964
4800	11818	11662	127033
4800	12471	12247	34955
4800	12850	12622	37344
4800	12231	12029	52144
4800	12632	12429	120604
4800	13157	12947	53415
4800	12975	12754	123242
4800	13194	12936	108644
4800	12759	12530	116952
4800	13151	12904	47856
4800	12785	12544	34642
4800	12688	12477	35188
4800	12796	12579	122066
4800	12299	12097	107742
4800	12375	12182	46699
4800	13439	13207	127851
4800	12314	12130	47108
4800	12924	12680	35816
4800	12724	12517	110605
4800	12565	12356	46160
4800	13005	12784	122358
4800	12728	12521	50472
4800	12489	12287	40984
4800	12888	12634	42415
4800	13281	13032	127772
4800	12766	12574	115397
4800	12740	12519	108789
4800	12565	12372	36269
4800	12798	12573	127854
4800	12394	12178	53999
4800	12719	12499	55264
4800	12401	12196	107746
4800	12456	12258	106964
4800	12592	12363	116823
4800	13260	13028	118569
4800	12061	11874	41679
4800	12609	12397	110691
4800	12302	12094	47210
4900	12861	12640	39916
4900	12872	12658	53708
4900	12553	12371	53962
4900	13313	13071	129928
4900	12872	12647	130508
4900	13147	12912	110097
4900	12881	12649	109043
4900	13115	12871	125913
4900	12744	12540	47836
4900	12711	12519	115041
4900	13407	13194	117466
4900	12824	12600	113158
4900	12508	12304	114704
4900	13380	13134	52378
4900	12989	12785	39659
4900	12197	12028	124909
4900	6431	6358	128556
4900	6108	6065	129793
4900	13890	13596	32940
4900	12179	11983	129939
4900	12791	12575	124354
4900	12722	12526	55244
4900	13251	13005	42582
4900	13680	13435	113447
4900	13058	12814	50708
4900	13296	13055	114388
4900	12614	12399	48693
4900	6253	6206	118453
4900	13575	13310	33300
4900	12283	12095	125400
4900	12729	12513	54125
4900	13124	12907	36848
4900	13254	13022	122922
4900	12563	12377	123286
4900	13034	12777	43171
4900	12834	12622	39519
4900	12576	12378	35933
4900	12825	12614	119335
4900	6315	6259	42903
4900	12778	12577	39853
4900	12975	12759	118224
4900	13167	12947	50195
4900	13551	13300	36346
4900	13144	12923	113843
4900	13131	12897	112759
4900	12576	12357	42657
4900	13411	13169	56717
4900	13076	12858	111306
4900	13408	13163	48298
4900	13086	12879	126832
5000	13573	13345	127244
5000	12394	12237	48683
5000	12974	12752	131020
5000	13924	13665	47040
5000	13280	13036	109192
5000	13588	13325	51323
5000	13554	13310	132245
5000	12862	12641	57559
5000	13170	12959	109508
5000	13284	13049	56399
5000	6767	6684	55658
5000	13905	13627	131571
5000	12773	12576	57416
5000	13103	12868	51749
5000	13277	13062	50555
5000	13130	12923	34284
5000	12639	12458	115585
5000	13288	13060	115299
5000	13140	12938	37737
5000	12775	12570	49313
5000	13148	12921	45009
5000	13285	13051	115491
5000	13315	13113	125077
5000	14025	13750	40047
5000	6909	6818	46289
5000	13006	12771	116043
5000	11856	11717	35542
5000	12883	12659	120942
5000	13513	13275	46237
5000	13104	12897	41948
5000	12321	12141	38514
5000	13213	13003	124029
5000	12999	12769	52904
5000	12502	12324	118438
5000	13870	13619	38813
5000	13198	12981	123509
5000	13250	13032	40940
5000	12767	12581	120129
5000	12770	12585	132462
5000	12856	12639	34693
5000	13350	13117	125733
5000	12975	12757	34274
5000	13747	13519	113547
5000	13030	12799	43211
5000	13474	13231	110131
5000	12907	12734	121462
5000	12951	12751	130631
5000	12899	12694	116854
5000	12968	12736	114880
5000	13405	13173	109165
5100	6490	6447	48673
5100	12770	12614	37013
5100	12882	12731	47366
5100	12691	12515	135034
5100	12897	12714	34395
5100	13433	13213	134407
5100	12724	12546	118294
5100	12642	12481	39307
5100	5748	5738	112908
5100	12329	12175	45178
5100	11847	11711	37928
5100	13540	13329	51442
5100	11959	11810	131853
5100	13621	13398	114585
5100	13389	13184	47688
5100	12745	12574	49547
5100	5747	5737	132261
5100	13168	12979	43205
5100	12392	12233	56103
5100	13225	13018	119129
5100	12085	11955	126157
5100	12600	12420	37821
5100	12686	12540	37918
5100	12026	11895	50386
5100	13020	12801	119025
5100	12470	12305	122389
5100	12485	12319	119801
5100	6428	6379	132210
5100	12045	11902	45856
5100	13137	12930	121102
5100	13929	13668	132984
5100	13087	12886	130906
5100	12249	12090	125644
5100	12763	12597	123221
5100	12472	12344	127693
5100	13077	12880	36676
5100	12878	12717	118270
5100	5746	5735	48794
5100	13491	13275	121491
5100	14052	13774	50568
5100	13287	13079	127029
5100	12711	12549	127176
5100	13260	13052	115616
5100	13648	13451	40387
5100	12103	11953	44358
5100	12363	12207	51184
5100	12950	12777	47783
5100	12740	12580	125801
5100	13317	13096	43325
5100	12152	12028	118185
5200	13953	13705	126456
5200	14357	14101	45646
5200	13666	13444	59604
5200	13357	13147	53792
5200	13479	13266	35075
5200	13409	13208	133858
5200	13269	13057	54809
5200	13871	13645	118932
5200	14182	13955	57308
5200	13522	13323	121380
5200	13573	13381	130561
5200	13990	13764	116440
5200	12787	12636	118446
5200	13132	12930	49278
5200	13744	13505	48239
5200	13846	13636	48119
5200	13719	13485	123120
5200	13776	13555	125766
5200	13868	13638	135460
5200	13877	13645	56728
5200	13208	13012	46736
5200	13492	13287	122987
5200	13769	13512	48985
5200	13403	13187	38042
5200	14031	13816	129399
5200	13412	13223	114940
5200	14504	14239	40703
5200	14195	13964	118182
5200	13738	13514	58840
5200	12558	12382	39839
5200	14025	13772	132314
5200	13551	13316	37302
5200	13429	13232	119132
5200	13334	13140	121467
5200	13264	13049	41076
5200	13920	13675	41818
5200	13865	13607	50842
5200	13642	13387	39291
5200	14065	13831	113224
5200	14147	13901	39201
5200	13830	13583	46859
5200	13472	13276	123521
5200	13457	13252	136555
5200	14007	13780	46740
5200	14531	14244	40889
5200	14126	13886	58532
5200	14484	14208	131918
5200	13588	13381	122734
5200	13180	12975	38434
5200	13134	12940	49338
5300	13836	13636	41006
5300	7067	6986	139180
5300	14317	14091	36136
5300	13866	13668	121471
5300	14369	14130	128517
5300	13871	13658	119418
5300	6909	6839	131910
5300	13752	13543	137797
5300	14074	13830	42550
5300	13788	13570	38253
5300	6774	6714	133683
5300	13681	13477	52495
5300	14202	13978	49111
5300	13720	13517	35599
5300	13724	13502	137789
5300	13940	13706	120206
5300	13797	13578	127331
5300	13685	13466	61611
5300	13549	13344	57543
5300	13955	13713	132334
5300	13653	13444	126120
5300	13949	13715	130653
5300	6874	6807	49245
5300	6797	6735	136208
5300	13942	13704	40858
5300	14432	14197	141153
5300	13594	13357	128148
5300	13532	13308	57960
5300	13933	13702	55460
5300	13619	13406	120041
5300	14203	13969	139230
5300	6700	6649	42359
5300	14158	13895	141324
5300	14273	14017	43498
5300	7153	7064	133309
5300	13334	13154	115913
5300	6810	6747	135076
5300	6740	6685	119801
5300	14159	13928	140928
5300	13927	13708	134434
5300	14047	13786	54409
5300	6976	6895	127936
5300	13801	13582	51020
5300	13534	13319	138536
5300	6994	6916	133051
5300	6988	6916	58929
5300	6852	6791	60355
5300	14159	13907	39948
5300	14273	14055	38745
5300	13689	13481	128240
5400	14302	14053	58516
5400	13652	13470	121404
5400	14090	13876	143958
5400	13188	13018	125148
5400	13726	13531	119051
5400	14334	14090	42936
5400	14227	13974	134806
5400	13904	13685	49749
5400	13874	13660	132035
5400	13473	13274	142854
5400	13144	12967	56805
5400	14150	13933	122602
5400	14087	13893	128706
5400	13559	13365	39504
5400	13928	13718	127098
5400	14007	13796	37870
5400	14017	13808	120676
5400	14015	13809	141248
5400	14408	14179	118779
5400	14786	14523	117709
5400	14136	13900	131497
5400	13747	13563	137776
5400	14047	13828	57862
5400	13570	13366	117236
5400	14534	14274	137719
5400	14488	14251	137688
5400	13697	13501	125275
5400	14266	14003	60673
5400	14106	13874	130842
5400	7180	7095	117557
5400	14225	14023	51131
5400	13864	13628	141484
5400	14676	14414	57013
5400	14426	14185	125128
5400	14765	14485	126085
5400	13937	13737	123539
5400	14114	13886	136780
5400	14395	14166	37203
5400	13230	13051	130230
5400	14130	13913	134156
5400	14371	14143	46977
5400	14278	14050	131045
5400	6365	6322	38992
5400	14167	13925	128379
5400	13558	13363	62719
5400	14485	14254	56428
5400	13601	13430	124983
5400	14190	13991	45380
5400	13857	13604	45632
5400	14184	13944	133510
5500	7130	7066	59247
5500	14477	14253	43748
5500	14635	14390	119985
5500	14527	14290	55675
5500	14294	14056	45951
5500	14512	14294	143127
5500	14369	14144	141255
5500	15175	14864	140700
5500	14420	14178	122454
5500	14141	13926	124734
5500	14697	14476	58962
5500	13793	13623	127823
5500	13863	13680	125975
5500	14958	14666	124718
5500	14685	14435	46201
5500	14711	14450	50851
5500	14062	13866	52335
5500	13913	13703	138792
5500	14818	14570	43444
5500	15045	14789	52897
5500	14554	14292	44783
5500	14569	14320	142551
5500	15027	14778	128865
5500	6412	6377	125277
5500	14758	14522	132099
5500	14676	14425	62614
5500	14914	14659	123562
5500	14773	14515	60063
5500	14740	14476	136243
5500	14288	14057	136699
5500	13170	12995	44549
5500	14286	14056	46812
5500	13708	13519	133547
5500	14447	14213	38310
5500	14523	14294	131182
5500	14098	13876	44382
5500	14715	14471	56468
5500	14442	14214	47404
5500	14634	14387	134817
5500	14131	13914	57596
5500	14575	14328	142221
5500	7057	6992	127335
5500	14299	14071	46130
5500	13968	13770	131584
5500	14623	14404	57126
5500	15051	14777	144179
5500	14769	14525	61649
5500	14442	14224	128443
5500	13995	13787	141615
5500	14496	14273	122720
5600	14918	14643	42517
5600	6463	6432	58769
5600	13367	13215	43534
5600	7030	6983	133101
5600	15266	15049	142897
5600	15351	15078	42496
5600	13464	13306	60896
5600	14574	14370	137294
5600	14775	14551	48949
5600	14981	14778	134834
5600	14412	14183	40684
5600	14441	14230	42586
5600	7216	7154	126033
5600	15116	14880	37961
5600	15042	14795	129243
5600	14312	14124	61119
5600	14514	14286	44131
5600	14558	14347	133213
5600	14807	14549	122587
5600	14793	14540	38970
5600	14787	14516	147992
5600	14659	14460	142811
5600	6476	6446	37370
5600	15082	14814	141577
5600	14705	14504	138264
5600	14773	14510	143230
5600	13830	13664	133151
5600	14713	14478	59785
5600	14466	14253	38184
5600	13728	13556	42299
5600	15184	14946	38355
5600	15167	14886	123828
5600	14697	14417	133767
5600	14511	14270	126475
5600	14022	13832	129889
5600	6542	6503	124898
5600	14300	14083	63872
5600	13635	13453	131782
5600	14764	14501	140412
5600	14562	14309	57064
5600	15096	14859	126166
5600	14424	14206	43780
5600	14073	13873	43642
5600	14840	14597	47167
5600	14340	14138	54991
5600	14338	14152	143590
5600	15189	14930	57431
5600	14177	13999	37438
5600	14963	14732	132927
5600	14760	14536	123098
5700	14786	14564	127647
5700	15017	14780	134237
5700	14693	14473	63412
5700	15277	15022	58864
5700	15229	14992	66387
5700	15831	15564	48772
5700	14709	14480	62168
5700	14891	14667	40818
5700	14772	14534	145380
5700	14368	14199	50059
5700	15295	15052	140868
5700	14659	14417	63365
5700	15251	15033	61503
5700	15271	15037	63243
5700	13962	13778	131873
5700	15305	15050	151588
5700	15236	14997	136769
5700	15155	14897	140531
5700	15656	15359	48089
5700	14780	14558	42200
5700	15786	15525	149092
5700	15026	14778	132579
5700	15374	15128	41698
5700	15187	14954	134250
5700	14618	14420	42123
5700	14750	14523	141456
5700	14934	14694	63783
5700	14707	14462	141249
5700	14587	14362	140057
5700	14509	14315	142053
5700	14742	14524	127278
5700	15232	14989	56514
5700	14607	14394	57187
5700	13773	13625	150922
5700	14762	14553	45042
5700	15116	14879	143399
5700	14900	14670	55342
5700	14410	14194	49767
5700	15418	15139	142194
5700	15202	14958	145377
5700	15112	14881	143668
5700	15318	15062	41364
5700	14864	14652	63045
5700	15105	14848	124904
5700	14988	14752	128471
5700	15288	15049	140145
5700	15638	15359	55801
5700	14560	14327	66179
5700	15145	14900	137110
5700	15103	14901	45915
5800	15731	15473	134308
5800	15253	14997	129931
5800	7555	7474	147262
5800	15246	15024	130800
5800	15063	14847	44853
5800	15407	15158	58340
5800	14747	14532	63284
5800	15368	15125	137358
5800	15648	15407	50302
5800	15505	15253	40090
5800	15763	15516	48703
5800	15363	15105	44058
5800	15603	15370	55699
5800	15005	14772	134441
5800	15286	15061	142312
5800	15093	14855	152260
5800	14920	14697	132236
5800	14700	14502	64108
5800	15394	15147	153497
5800	16168	15903	127840
5800	15471	15234	44534
5800	15044	14796	154286
5800	14477	14268	132326
5800	15062	14809	131439
5800	14672	14464	152769
5800	15376	15131	49245
5800	15360	15111	152064
5800	15175	14949	131328
5800	15351	15113	55628
5800	7573	7496	147038
5800	15041	14821	54337
5800	7691	7598	63113
5800	15331	15089	40974
5800	15391	15152	129996
5800	14965	14773	142100
5800	15689	15439	56938
5800	15344	15079	50523
5800	15171	14918	143998
5800	7648	7572	41091
5800	15382	15117	50931
5800	15357	15114	151984
5800	15094	14880	67071
5800	15384	15134	136325
5800	15170	14953	141731
5800	15307	15067	138396
5800	14588	14373	64589
5800	15436	15200	45769
5800	15593	15360	52606
5800	16099	15824	141025
5800	15362	15134	149017
5900	15244	14984	48294
5900	13748	13593	144197
5900	15438	15197	56551
5900	15762	15524	129029
5900	15576	15335	63631
5900	14943	14755	62263
5900	14689	14484	137909
5900	15704	15458	138901
5900	15835	15589	64722
5900	16045	15770	156321
5900	14563	14402	64760
5900	14406	14229	129058
5900	15120	14887	156148
5900	15503	15230	132971
5900	16146	15904	47249
5900	14053	13875	136137
5900	15364	15122	54400
5900	15295	15052	155273
5900	15477	15241	132966
5900	15126	14917	130408
5900	15561	15333	130855
5900	15141	14918	52375
5900	15662	15411	143793
5900	15606	15369	48934
5900	14970	14775	50302
5900	14745	14536	131876
5900	14806	14603	49469
5900	15874	15633	61702
5900	15937	15684	140229
5900	14316	14124	144611
5900	15143	14936	46500
5900	14431	14239	145714
5900	15980	15739	154863
5900	15384	15155	48787
5900	14178	13977	49879
5900	15103	14867	141946
5900	14408	14244	44474
5900	15024	14814	151373
5900	15669	15445	63680
5900	14464	14285	63939
5900	15643	15392	39684
5900	14350	14177	144076
5900	14580	14384	136943
5900	15424	15157	155080
5900	15418	15199	155693
5900	15752	15512	56100
5900	16201	15965	155769
5900	15308	15113	66544
5900	15632	15383	137186
5900	15166	14956	47907
6000	16075	15798	147420
6000	15196	14960	61827
6000	16418	16128	47887
6000	7830	7748	51075
6000	16002	15777	53778
6000	16007	15766	54786
6000	15555	15348	49498
6000	7771	7707	53607
6000	15895	15679	59344
6000	15974	15751	50525
6000	16340	16068	65507
6000	15737	15482	138788
6000	15767	15543	57967
6000	16297	16055	57393
6000	8016	7935	133648
6000	16284	16001	57595
6000	15975	15743	138516
6000	15335	15092	135702
6000	16325	16038	142316
6000	16066	15803	146879
6000	16070	15819	50615
6000	16036	15760	133158
6000	16045	15818	44929
6000	15947	15685	64433
6000	15897	15669	56655
6000	15874	15618	131709
6000	16083	15832	67793
6000	15367	15150	61121
6000	15223	14998	63839
6000	15683	15437	46163
6000	15172	14942	146937
6000	15649	15422	135291
6000	15393	15166	152806
6000	16119	15834	152582
6000	15709	15465	132525
6000	16147	15896	63165
6000	7778	7700	152375
6000	15480	15258	64521
6000	15614	15389	65049
6000	15817	15578	144011
6000	16035	15771	156729
6000	15905	15648	148175
6000	16279	15981	64542
6000	16422	16139	138897
6000	16300	16028	136496
6000	15564	15353	148936
6000	15833	15619	60155
6000	16380	16118	142128
6000	7904	7823	159110
6000	7881	7799	68421
6100	16660	16376	144996
6100	16446	16173	161479
6100	16167	15931	157581
6100	16465	16189	156580
6100	15647	15410	158184
6100	15910	15671	55317
6100	15444	15223	157389
6100	14952	14769	51599
6100	15994	15747	70023
6100	16580	16301	45685
6100	16014	15789	46677
6100	15803	15569	145863
6100	16243	15986	138278
6100	16241	16020	66701
6100	16074	15820	137142
6100	16266	16014	160355
6100	16203	15974	143052
6100	16071	15838	53017
6100	16159	15923	43661
6100	16260	16039	139916
6100	16101	15841	133171
6100	15891	15658	42637
6100	16300	16045	49889
6100	15982	15739	151924
6100	16805	16528	54787
6100	15874	15605	137223
6100	16439	16183	145491
6100	16259	15983	43178
6100	16213	15985	49907
6100	15937	15717	152887
6100	16168	15910	158124
6100	16515	16266	136234
6100	7956	7883	147409
6100	16261	16007	135041
6100	15670	15453	159612
6100	15773	15517	138089
6100	15596	15399	58734
6100	15578	15333	154523
6100	15651	15426	144072
6100	7927	7852	150150
6100	16054	15823	158782
6100	15580	15352	133820
6100	16159	15918	64577
6100	15415	15196	55146
6100	16256	16012	154208
6100	16150	15908	71056
6100	15762	15524	158632
6100	16248	16003	68579
6100	16796	16523	160960
6100	15959	15720	137314
6200	16644	16369	58285
6200	16362	16139	142645
6200	17243	16964	65396
6200	16804	16543	62083
6200	16618	16381	153503
6200	16681	16413	149427
6200	16231	16021	43668
6200	16468	16208	164960
6200	8131	8055	142076
6200	16503	16249	140641
6200	16441	16192	44757
6200	15655	15430	146653
6200	16290	16044	56928
6200	15871	15671	50906
6200	16379	16131	137615
6200	16865	16589	69890
6200	7974	7905	45764
6200	16659	16408	149260
6200	16071	15841	61134
6200	16684	16412	60041
6200	15870	15652	65679
6200	16533	16294	70731
6200	16580	16302	65170
6200	16529	16318	58507
6200	16450	16212	66471
6200	16062	15839	69239
6200	16587	16320	139355
6200	16184	15940	163941
6200	8110	8032	52785
6200	7975	7920	164121
6200	16303	16068	135432
6200	16449	16214	57539
6200	15529	15291	71665
6200	16378	16119	57550
6200	16318	16079	60141
6200	16320	16068	63626
6200	16079	15854	155346
6200	16169	15917	141837
6200	16386	16116	148003
6200	17141	16873	149110
6200	8003	7937	43470
6200	15878	15660	157569
6200	15860	15648	59366
6200	16200	15968	47976
6200	16363	16122	140233
6200	16589	16317	56996
6200	16751	16478	52746
6200	8216	8137	139380
6200	8052	7968	65219
6200	15703	15483	66991
6300	16296	16041	144630
6300	16590	16325	53179
6300	15916	15701	58057
6300	16548	16336	58099
6300	16901	16628	154992
6300	17268	16966	148448
6300	16796	16547	43254
6300	17296	17012	72945
6300	16314	16088	164376
6300	16564	16308	160480
6300	16224	15987	164594
6300	16486	16243	156734
6300	17308	17035	155826
6300	16958	16678	153352
6300	16318	16092	141021
6300	15544	15345	47730
6300	16993	16737	159235
6300	16415	16139	165834
6300	16609	16350	43947
6300	16675	16408	69243
6300	15593	15392	46052
6300	16032	15785	42607
6300	16239	16006	42595
6300	16107	15889	166185
6300	15952	15743	146322
6300	16848	16567	52799
6300	16930	16682	151636
6300	16509	16279	48995
6300	16467	16213	56297
6300	16250	16005	69953
6300	16687	16419	46145
6300	16453	16204	57028
6300	16490	16257	139749
6300	16682	16437	61906
6300	16445	16175	155637
6300	16117	15912	45589
6300	16697	16436	149236
6300	16498	16269	61054
6300	16334	16066	44948
6300	16670	16426	147892
6300	16591	16313	54136
6300	15736	15555	151768
6300	16772	16536	167332
6300	16927	16652	61944
6300	16504	16253	42546
6300	16005	15779	60942
6300	16961	16701	73286
6300	15996	15773	166275
6300	17082	16809	151579
6300	16484	16234	49760
6400	16595	16365	152168
6400	16126	15921	164048
6400	15348	15178	49363
6400	17149	16849	145397
6400	17098	16838	71233
6400	16428	16180	63771
6400	16929	16683	64176
6400	16558	16305	53603
6400	16978	16735	166064
6400	15773	15600	44406
6400	15681	15484	146388
6400	16992	16750	50708
6400	15059	14871	69364
6400	16843	16582	153916
6400	16159	15929	66879
6400	17298	17020	69235
6400	16814	16579	148416
6400	17130	16884	170291
6400	16356	16122	150083
6400	16695	16435	154775
6400	16870	16621	161168
6400	8586	8481	60432
6400	16908	16663	155011
6400	17476	17180	150244
6400	17221	16975	72553
6400	16464	16214	153916
6400	16002	15789	166825
6400	7403	7370	72164
6400	16627	16397	160600
6400	16816	16568	43403
6400	16600	16364	156674
6400	15660	15505	143617
6400	15962	15777	53063
6400	15926	15740	65085
6400	15557	15350	154148
6400	16058	15857	56669
6400	16687	16435	68512
6400	16297	16079	164781
6400	16964	16708	150901
6400	16416	16205	148349
6400	8311	8230	59088
6400	17189	16958	68276
6400	15753	15564	162711
6400	16862	16608	148385
6400	16688	16420	68506
6400	15596	15416	140517
6400	17483	17215	65684
6400	16560	16330	170640
6400	15773	15583	148008
6400	15710	15515	45306
6500	17664	17361	168030
6500	17182	16926	147837
6500	17056	16799	167651
6500	17268	17019	152062
6500	8432	8351	149079
6500	17581	17288	166656
6500	16726	16513	142045
6500	16834	16611	58528
6500	16937	16707	148281
6500	16921	16654	153575
6500	17169	16929	163269
6500	17553	17261	150557
6500	17092	16851	75593
6500	8288	8226	163802
6500	17430	17123	172161
6500	16965	16720	147305
6500	17054	16765	162807
6500	16879	16671	72367
6500	16638	16396	158610
6500	16561	16328	51672
6500	17641	17363	62266
6500	17121	16865	156097
6500	16821	16564	69953
6500	17041	16798	144704
6500	16412	16220	71259
6500	17975	17671	58743
6500	16435	16176	169603
6500	16750	16531	48171
6500	17611	17335	63922
6500	17110	16859	49615
6500	16726	16480	60723
6500	15735	15578	157213
6500	16709	16461	141789
6500	17552	17261	173203
6500	16796	16570	170669
6500	17059	16815	65541
6500	17105	16870	61817
6500	17784	17499	142332
6500	16989	16746	62427
6500	17127	16882	56305
6500	17553	17286	156191
6500	17908	17631	54128
6500	17011	16777	60440
6500	17064	16837	61107
6500	16774	16532	155084
6500	17642	17327	73031
6500	17959	17674	142489
6500	16690	16466	145292
6500	16841	16570	148945
6500	17760	17463	57533
6600	17185	16958	46817
6600	17502	17245	69267
6600	17554	17332	153855
6600	18178	17884	67161
6600	17602	17350	75097
6600	16611	16395	50161
6600	17470	17218	163938
6600	17396	17147	150498
6600	17331	17086	56632
6600	17282	17037	73209
6600	18028	17763	164835
6600	17222	16972	167157
6600	17224	17004	170334
6600	17050	16805	171201
6600	17188	16971	66861
6600	17510	17268	65082
6600	16576	16406	63206
6600	17595	17305	149097
6600	16748	16537	169757
6600	17015	16774	166040
6600	16825	16594	160011
6600	18213	17916	168798
6600	17517	17256	74278
6600	16726	16493	151858
6600	17286	17053	166545
6600	17673	17407	167708
6600	17832	17540	44141
6600	17351	17096	68305
6600	17498	17248	54254
6600	17894	17609	157808
6600	16946	16716	73924
6600	16412	16234	59421
6600	17720	17461	68811
6600	17107	16890	52211
6600	17505	17242	53337
6600	17188	16932	151663
6600	8624	8550	159103
6600	17796	17559	57740
6600	17301	17057	66719
6600	16983	16754	65585
6600	17187	16960	54721
6600	16802	16589	75160
6600	17629	17366	144017
6600	16455	16256	156132
6600	16858	16637	156867
6600	17630	17366	172396
6600	17895	17629	52360
6600	17719	17451	75597
6600	16897	16667	49723
6600	17183	16900	175094
6700	17254	17042	155392
6700	17934	17672	177531
6700	17742	17498	165381
6700	18454	18200	52947
6700	16526	16302	158534
6700	17411	17146	173424
6700	17404	17190	57177
6700	17653	17395	77574
6700	17899	17634	149681
6700	17070	16836	54361
6700	17566	17322	67679
6700	16756	16529	70289
6700	17200	17003	158088
6700	17438	17195	63938
6700	17771	17524	177096
6700	17625	17377	60824
6700	16851	16633	176963
6700	17678	17431	154903
6700	8645	8581	59366
6700	16899	16700	146760
6700	17108	16881	149119
6700	17776	17508	57028
6700	16755	16570	149210
6700	17535	17305	74426
6700	17005	16794	178040
6700	18198	17934	147384
6700	17262	17039	64309
6700	17687	17458	66032
6700	17602	17325	67356
6700	18066	17799	160427
6700	17274	17037	168366
6700	16355	16130	146957
6700	17702	17458	64339
6700	17386	17145	69208
6700	17722	17468	145622
6700	17713	17485	52391
6700	8693	8625	52523
6700	17885	17643	62818
6700	18144	17868	59549
6700	18312	18041	154044
6700	17938	17693	175604
6700	17395	17178	70447
6700	16362	16197	53982
6700	18119	17837	156082
6700	17981	17706	50711
6700	17688	17460	149823
6700	18458	18182	177646
6700	17832	17573	177511
6700	17251	17019	56829
6700	17477	17237	165725
6800	18015	17797	57967
6800	17979	17727	164406
6800	17138	16943	59992
6800	17777	17511	54376
6800	18164	17906	55359
6800	18538	18240	177862
6800	17902	17627	71035
6800	18278	18004	68813
6800	17897	17657	65744
6800	17510	17302	173209
6800	17293	17077	63859
6800	17874	17623	73062
6800	16647	16452	173675
6800	8612	8558	64069
6800	18281	17973	74995
6800	17514	17283	57624
6800	17795	17532	45568
6800	18148	17907	156950
6800	18137	17888	59096
6800	17853	17586	152200
6800	17955	17721	64572
6800	17508	17280	53932
6800	18313	18067	176896
6800	17492	17260	60362
6800	17428	17199	167611
6800	17729	17468	156418
6800	17582	17385	47488
6800	17837	17596	56708
6800	17519	17285	176205
6800	16999	16785	152674
6800	17628	17403	48570
6800	18142	17851	70668
6800	17709	17455	70654
6800	17828	17556	174362
6800	17397	17147	48263
6800	18695	18374	160370
6800	18225	18005	63198
6800	17704	17466	150486
6800	18133	17870	155001
6800	17710	17478	58308
6800	17697	17443	78443
6800	18668	18388	152151
6800	17843	17606	58191
6800	17215	17021	68337
6800	8932	8849	177527
6800	18247	17963	160095
6800	18431	18180	161144
6800	17125	16903	75872
6800	18447	18130	170706
6800	18039	17785	61759
6900	17690	17477	73469
6900	17738	17526	60511
6900	18075	17802	150837
6900	18090	17865	64159
6900	18607	18315	166056
6900	18129	17872	163498
6900	18597	18298	66400
6900	17796	17592	183247
6900	18075	17821	79593
6900	17799	17580	179489
6900	18360	18087	154599
6900	18591	18303	47864
6900	19141	18815	51412
6900	18074	17810	70836
6900	18361	18067	156210
6900	8765	8699	168584
6900	9200	9112	76482
6900	17679	17452	54196
6900	18564	18313	76516
6900	18413	18141	165627
6900	18427	18154	182262
6900	17584	17370	61786
6900	8989	8906	178469
6900	18730	18434	55847
6900	18268	18016	47217
6900	18139	17883	59055
6900	17820	17538	152944
6900	18204	17936	62623
6900	18356	18086	176398
6900	18513	18240	69012
6900	18491	18219	47146
6900	18316	18041	158272
6900	18312	18044	181493
6900	17668	17438	63825
6900	17763	17542	164257
6900	18757	18472	47279
6900	8774	8714	53611
6900	18050	17787	172124
6900	17627	17390	181316
6900	17671	17454	75281
6900	18231	17949	151953
6900	17926	17688	60748
6900	8900	8839	177256
6900	17950	17710	68928
6900	18605	18344	169540
6900	17989	17761	71786
6900	8886	8815	66870
6900	18659	18382	74914
6900	17847	17616	178305
6900	18170	17942	166265
7000	17050	16849	165255
7000	17458	17225	69347
7000	18209	17978	70780
7000	18642	18371	71252
7000	18693	18416	170195
7000	17812	17604	165739
7000	18606	18355	186598
7000	18020	17811	158213
7000	18283	18030	63913
7000	18252	18028	176312
7000	17924	17684	168834
7000	18489	18217	51190
7000	18628	18369	48877
7000	9160	9081	165878
7000	18096	17875	79215
7000	18082	17814	48753
7000	18540	18293	64276
7000	19106	18812	69237
7000	18334	18063	176149
7000	17966	17723	172911
7000	18765	18475	58005
7000	18372	18106	81553
7000	18378	18136	181074
7000	18023	17786	174723
7000	18302	18049	167922
7000	18163	17907	163853
7000	8901	8837	177317
7000	18841	18575	47948
7000	18504	18260	75480
7000	18867	18583	62281
7000	17843	17608	54571
7000	18295	18037	62390
7000	18936	18654	58479
7000	18745	18457	78437
7000	18565	18299	184429
7000	19134	18811	170672
7000	17933	17694	168581
7000	18278	18028	74750
7000	17868	17669	69233
7000	18063	17801	77314
7000	19081	18766	70852
7000	18381	18131	161953
7000	18209	17973	68336
7000	18425	18176	78523
7000	18561	18290	78795
7000	18445	18184	54654
7000	18381	18142	57531
7000	18583	18300	155873
7000	18564	18307	57989
7000	18901	18616	71324
7100	19103	18823	175383
7100	19524	19237	184642
7100	9218	9148	177916
7100	17970	17712	182949
7100	18813	18534	171962
7100	17938	17720	164239
7100	18384	18147	167208
7100	18324	18114	49121
7100	18932	18675	79884
7100	19015	18759	48816
7100	18582	18326	77853
7100	19505	19192	66241
7100	18607	18380	71684
7100	18222	18002	69564
7100	8979	8920	49400
7100	18412	18194	175606
7100	19097	18822	169093
7100	18552	18283	180615
7100	9211	9141	71404
7100	9547	9445	70813
7100	18679	18440	53502
7100	18437	18172	169093
7100	18057	17840	169182
7100	9083	9030	57675
7100	18653	18389	154137
7100	18913	18659	154717
7100	18382	18134	53925
7100	18581	18345	171362
7100	18741	18502	186926
7100	18739	18462	75507
7100	18234	17978	76706
7100	18796	18534	76630
7100	18412	18172	154914
7100	18830	18567	164489
7100	9146	9078	62952
7100	19397	19117	174422
7100	9386	9307	79549
7100	18426	18176	60338
7100	19567	19279	179760
7100	19036	18736	159864
7100	9328	9249	63418
7100	18943	18657	52608
7100	17949	17707	169628
7100	18248	18003	57539
7100	18834	18589	59697
7100	9448	9348	165909
7100	9374	9298	81891
7100	18595	18351	81891
7100	18918	18646	80544
7100	18378	18121	180176
7200	18165	17963	156239
7200	18881	18632	187960
7200	18582	18325	59929
7200	8190	8172	167175
7200	17899	17691	69832
7200	19252	18947	64417
7200	17710	17489	182903
7200	8210	8191	184640
7200	19011	18734	51144
7200	18367	18120	187382
7200	18855	18645	187571
7200	8202	8183	64162
7200	18426	18191	173972
7200	18020	17793	173867
7200	17758	17565	61989
7200	17734	17541	163405
7200	8290	8264	181379
7200	17866	17659	183286
7200	17647	17449	63984
7200	17380	17175	57656
7200	18969	18722	71873
7200	18968	18698	191827
7200	17281	17104	66730
7200	18767	18513	161004
7200	18751	18502	78071
7200	19200	18945	53978
7200	17919	17723	182719
7200	17642	17453	162342
7200	18437	18212	157047
7200	18075	17865	189165
7200	19731	19447	187372
7200	17549	17377	62435
7200	8179	8164	80418
7200	19601	19315	49197
7200	17894	17690	158304
7200	19098	18835	50024
7200	19185	18890	182018
7200	17790	17577	64813
7200	18925	18663	78373
7200	17995	17761	53369
7200	18032	17820	63075
7200	19763	19467	55909
7200	19075	18800	159170
7200	18541	18276	83424
7200	18720	18469	71313
7200	18166	17970	181761
7200	18240	17987	79324
7200	18027	17808	178581
7200	17579	17393	62381
7200	18589	18337	171192
7300	18022	17847	67732
7300	18919	18659	191311
7300	19060	18811	81184
7300	17796	17594	171369
7300	19741	19476	71958
7300	17490	17340	79606
7300	17759	17581	188301
7300	8216	8211	179185
7300	18715	18489	75600
7300	17604	17431	167793
7300	18034	17841	74264
7300	17973	17762	84811
7300	18045	17855	54816
7300	17716	17560	170091
7300	19662	19313	65830
7300	17622	17469	56807
7300	19014	18786	170544
7300	18354	18141	177055
7300	19144	18921	80203
7300	19362	19092	59951
7300	9378	9314	50749
7300	19022	18790	184047
7300	17616	17431	50451
7300	18582	18385	171740
7300	17323	17144	83734
7300	19122	18912	191226
7300	19762	19499	72169
7300	18316	18094	72245
7300	18501	18274	160871
7300	8215	8209	67363
7300	18765	18528	179338
7300	18588	18377	62825
7300	18213	18018	164906
7300	17454	17247	182539
7300	9262	9205	84870
7300	18508	18297	73130
7300	19328	19032	163686
7300	18736	18496	55887
7300	18954	18733	67834
7300	17821	17625	78245
7300	17943	17758	193599
7300	17360	17173	175168
7300	17643	17470	158409
7300	18945	18713	67808
7300	17918	17727	54589
7300	17530	17367	162006
7300	19037	18800	82285
7300	18952	18702	62324
7300	19119	18870	66462
7300	18253	18008	55880
7400	20168	19892	51247
7400	20452	20138	76566
7400	19107	18861	170577
7400	19187	18931	189242
7400	9567	9485	58170
7400	18968	18730	51742
7400	19296	19070	52087
7400	9534	9469	180611
7400	19082	18805	196397
7400	19095	18842	84173
7400	19036	18794	180604
7400	19360	19075	186127
7400	19607	19335	68970
7400	19317	19064	73139
7400	19809	19535	179979
7400	18974	18724	181962
7400	18670	18455	194721
7400	20088	19806	67500
7400	19073	18839	194426
7400	19632	19370	162047
7400	19248	19017	194864
7400	19272	19015	188283
7400	20218	19934	161114
7400	19442	19199	54867
7400	18830	18615	193064
7400	19731	19442	68874
7400	20153	19878	177058
7400	19291	19046	53670
7400	19112	18877	194513
7400	19721	19430	83884
7400	19023	18803	81202
7400	19620	19349	184382
7400	19438	19167	70224
7400	18510	18325	54565
7400	19020	18757	73427
7400	19404	19149	185051
7400	19201	18937	165044
7400	19625	19357	59818
7400	19172	18915	79089
7400	18906	18670	186251
7400	19773	19500	194455
7400	19831	19564	67656
7400	9519	9446	194572
7400	19111	18894	82655
7400	19781	19483	51241
7400	19338	19066	194237
7400	19488	19230	185068
7400	19212	18994	183030
7400	19624	19355	72566
7400	19376	19116	66338
7500	20396	20079	173670
7500	19685	19423	166969
7500	19445	19182	70938
7500	19889	19603	169551
7500	19667	19402	186016
7500	19490	19231	70565
7500	19686	19407	173504
7500	19640	19366	73333
7500	18395	18190	75712
7500	19669	19413	192448
7500	19571	19308	177752
7500	20529	20208	190294
7500	18757	18546	171290
7500	19776	19507	73015
7500	9678	9609	185913
7500	18987	18720	178131
7500	19428	19183	177364
7500	20117	19830	54531
7500	20148	19838	54498
7500	19747	19470	189880
7500	9512	9438	59651
7500	19380	19140	185911
7500	18893	18668	192313
7500	19699	19443	81843
7500	19066	18813	63286
7500	18529	18314	165992
7500	19008	18758	68764
7500	19123	18898	73489
7500	19371	19100	188012
7500	19864	19602	180695
7500	20106	19819	198032
7500	19711	19432	191627
7500	19820	19550	178633
7500	18950	18741	176813
7500	19451	19178	194221
7500	19625	19377	189303
7500	19906	19646	176574
7500	19665	19374	185489
7500	19903	19632	188348
7500	19851	19573	82284
7500	20179	19899	179642
7500	18743	18536	168287
7500	19829	19555	172687
7500	19318	19081	174370
7500	19005	18773	68483
7500	17875	17678	173052
7500	19850	19585	182352
7500	19405	19140	84979
7500	19371	19111	198637
7500	19791	19534	198312
7600	20256	19964	193923
7600	20199	19945	78787
7600	20190	19926	178494
7600	20058	19784	188568
7600	19213	18996	52741
7600	20593	20273	84064
7600	20019	19749	181283
7600	19533	19266	72175
7600	20363	20070	198101
7600	19722	19475	82310
7600	19380	19083	185441
7600	19902	19633	178951
7600	19748	19492	50736
7600	19650	19364	85303
7600	20548	20238	62713
7600	18479	18297	58931
7600	20047	19783	196798
7600	19453	19226	62076
7600	20090	19769	193200
7600	19763	19502	82033
7600	19931	19657	173814
7600	20622	20323	70432
7600	9824	9751	170460
7600	20523	20247	59007
7600	20622	20346	193375
7600	20340	20078	177397
7600	19976	19708	81614
7600	20216	19919	176883
7600	19665	19474	72616
7600	9928	9841	187153
7600	19771	19501	56178
7600	19876	19600	78189
7600	20090	19800	178868
7600	20258	19975	76567
7600	19501	19239	169257
7600	20405	20091	182417
7600	19758	19475	55660
7600	20535	20276	194067
7600	20223	19935	181816
7600	19150	18951	177980
7600	20368	20101	176599
7600	20446	20165	51045
7600	20601	20297	55816
7600	19718	19444	60591
7600	20169	19882	67043
7600	18545	18339	70295
7600	20453	20164	53851
7600	19403	19160	75665
7600	20145	19852	82240
7600	19636	19362	193122
7700	20505	20209	82269
7700	20781	20487	192806
7700	19886	19625	80378
7700	20161	19866	182688
7700	20050	19799	202613
7700	19957	19691	187279
7700	20063	19801	181827
7700	20291	20053	69242
7700	20415	20174	193802
7700	19951	19671	62661
7700	20669	20374	52436
7700	20568	20258	75404
7700	18746	18572	75882
7700	19877	19654	89355
7700	20417	20145	173680
7700	20029	19768	59539
7700	18761	18575	82965
7700	19925	19700	172137
7700	20024	19776	176194
7700	20402	20104	170478
7700	19946	19701	169067
7700	20007	19767	85866
7700	21010	20672	192100
7700	20347	20073	188602
7700	19921	19648	170278
7700	18878	18653	188872
7700	20571	20320	183342
7700	21461	21134	194345
7700	20765	20473	89793
7700	20551	20255	85434
7700	20406	20111	198708
7700	20179	19908	199218
7700	20283	20002	59740
7700	20354	20082	187716
7700	20027	19787	79902
7700	20368	20079	200506
7700	19262	19038	70510
7700	21905	21530	66446
7700	19928	19679	181155
7700	20052	19802	171391
7700	20275	20015	179795
7700	18667	18467	203674
7700	20299	20026	177935
7700	19833	19548	69598
7700	19791	19524	199049
7700	19562	19308	58498
7700	19911	19666	89688
7700	20688	20380	52717
7700	20255	19964	83977
7700	19937	19706	170266
7800	9949	9876	61231
7800	9831	9768	82268
7800	20086	19811	54972
7800	20163	19913	181532
7800	20381	20116	86215
7800	20269	20019	203875
7800	20537	20269	201079
7800	20156	19923	206923
7800	20634	20375	77924
7800	10092	10016	67568
7800	20416	20141	196156
7800	10022	9950	56591
7800	21256	20933	188702
7800	19480	19267	201113
7800	21241	20941	55048
7800	20528	20242	181592
7800	21527	21236	175918
7800	20125	19891	186109
7800	21429	21111	55757
7800	20342	20094	58774
7800	20516	20230	185671
7800	20574	20292	67679
7800	19991	19744	200311
7800	20668	20367	89508
7800	20483	20249	171250
7800	20693	20395	192467
7800	10079	9990	192910
7800	19986	19728	70739
7800	21226	20923	67683
7800	20865	20566	86230
7800	20314	20039	74014
7800	20514	20186	176024
7800	20911	20603	85092
7800	20279	20029	172993
7800	10009	9949	78207
7800	20360	20127	54307
7800	20218	19941	187206
7800	20323	20047	192679
7800	20760	20499	57901
7800	21264	20941	198754
7800	20473	20211	190429
7800	20688	20373	205924
7800	21138	20807	54337
7800	19557	19330	197602
7800	20487	20211	75972
7800	20318	20064	75293
7800	19977	19730	197127
7800	20869	20592	84698
7800	19667	19415	58041
7800	19801	19542	57513
7900	20269	20042	62219
7900	21465	21127	189542
7900	21222	20941	202723
7900	21254	20970	184453
7900	20903	20638	186440
7900	20092	19834	203095
7900	20108	19846	195388
7900	20707	20447	196016
7900	20785	20503	63964
7900	20745	20491	77699
7900	20777	20509	72569
7900	21029	20740	56522
7900	20811	20548	204876
7900	20139	19906	65880
7900	19891	19655	183662
7900	20623	20364	89500
7900	19876	19630	54081
7900	20883	20628	88578
7900	20940	20656	175850
7900	20964	20705	65285
7900	21102	20823	184268
7900	20635	20334	68016
7900	21274	20950	202952
7900	20457	20186	64121
7900	20628	20368	204335
7900	20949	20686	79038
7900	20108	19882	197365
7900	19805	19596	202792
7900	20777	20518	200618
7900	20232	20013	198047
7900	19624	19420	90038
7900	19298	19128	82243
7900	20400	20161	190537
7900	20241	19971	182574
7900	10253	10170	191949
7900	20188	19928	75693
7900	20479	20195	184196
7900	20600	20329	54108
7900	20755	20471	189977
7900	20609	20355	203212
7900	20095	19857	69087
7900	21531	21238	174645
7900	19806	19574	91587
7900	20649	20389	92074
7900	20542	20294	60808
7900	20836	20546	179327
7900	20883	20623	172035
7900	21282	20978	72317
7900	21565	21215	184687
7900	20110	19891	82358
8000	20488	20248	187171
8000	10060	10008	204141
8000	21167	20884	212976
8000	20628	20358	207311
8000	20712	20461	76391
8000	20765	20537	211864
8000	21393	21110	59570
8000	21612	21301	189609
8000	20776	20508	93271
8000	20749	20471	177357
8000	20714	20488	193010
8000	21231	20933	84157
8000	21255	20963	207566
8000	20788	20538	64961
8000	20999	20711	194182
8000	21400	21111	182197
8000	20634	20377	209731
8000	10508	10418	74660
8000	20594	20342	183750
8000	20703	20460	77637
8000	20791	20536	64227
8000	10339	10272	91331
8000	20912	20647	56173
8000	20799	20540	86427
8000	10294	10213	206123
8000	20904	20628	198194
8000	20662	20402	186534
8000	10220	10161	72408
8000	19978	19747	60886
8000	21115	20849	65349
8000	20426	20165	193196
8000	10150	10086	186183
8000	19589	19388	83239
8000	20614	20360	209276
8000	20523	20283	68338
8000	19618	19432	188276
8000	21191	20909	201174
8000	20448	20219	191840
8000	10188	10124	204223
8000	20065	19839	198687
8000	10147	10083	91488
8000	21534	21221	204281
8000	20495	20277	59351
8000	21388	21107	198999
8000	21391	21059	67250
8000	21352	21097	91171
8000	10164	10106	87349
8000	21223	20913	65672
8000	20336	20135	76152
8000	10043	9983	182456
8100	21643	21375	206188
8100	22005	21683	72595
8100	20968	20736	63803
8100	20872	20633	186627
8100	21273	20995	184878
8100	21056	20822	214110
8100	21127	20848	83902
8100	20625	20364	201502
8100	21924	21655	79682
8100	21183	20923	190445
8100	21411	21116	83722
8100	21423	21131	189541
8100	20357	20123	176190
8100	10439	10356	199178
8100	21642	21330	60684
8100	21139	20862	176054
8100	20861	20612	175815
8100	21906	21598	210975
8100	21362	21053	89096
8100	21238	20952	76423
8100	21739	21433	190117
8100	20775	20509	193815
8100	21021	20728	72830
8100	20745	20513	73538
8100	20818	20593	73944
8100	21621	21342	55531
8100	21405	21118	56251
8100	21198	20914	194176
8100	20900	20670	196405
8100	21148	20859	203110
8100	20710	20482	92102
8100	21203	20956	182341
8100	21156	20891	73801
8100	21319	21082	204420
8100	21206	20918	190956
8100	21120	20842	92679
8100	20943	20676	54825
8100	21720	21420	58625
8100	21761	21440	61267
8100	21309	21020	199731
8100	21281	20995	87356
8100	21849	21520	191318
8100	20861	20598	70943
8100	21791	21514	179442
8100	22344	22052	75394
8100	21515	21174	59360
8100	21482	21192	82797
8100	20925	20665	212634
8100	21418	21118	64796
8100	20751	20486	211912
8200	21264	20992	181806
8200	21792	21487	76703
8200	21832	21543	65314
8200	10868	10766	63032
8200	21371	21086	61741
8200	21599	21345	201569
8200	21533	21217	63978
8200	21725	21411	92565
8200	21316	21064	84010
8200	21671	21420	55013
8200	21608	21301	72029
8200	22238	21914	210762
8200	21724	21455	207612
8200	21589	21263	178229
8200	21505	21218	212283
8200	21869	21557	181907
8200	21729	21456	217687
8200	21448	21172	55149
8200	20567	20339	184035
8200	21449	21160	187458
8200	21199	20925	65220
8200	21368	21092	218498
8200	22316	21991	205144
8200	10756	10663	197606
8200	21083	20824	178628
8200	21959	21676	216140
8200	21703	21403	192287
8200	21055	20795	95520
8200	21223	20971	77816
8200	21591	21309	82740
8200	21307	21034	60026
8200	21255	20941	207644
8200	21181	20951	62057
8200	21352	21104	192577
8200	21554	21300	198663
8200	21281	21004	60322
8200	21674	21384	213655
8200	21623	21343	187031
8200	21695	21412	178015
8200	21603	21306	181499
8200	21892	21576	178736
8200	21466	21165	181200
8200	21562	21285	203291
8200	21381	21098	201032
8200	22257	21928	191373
8200	21333	21019	68124
8200	22360	22051	184327
8200	21022	20764	214106
8200	21826	21535	204600
8200	21715	21401	217302
8300	21539	21274	75498
8300	21668	21412	70895
8300	22495	22166	209242
8300	21103	20824	66951
8300	21059	20776	92942
8300	22377	22083	72102
8300	22050	21726	190224
8300	21996	21675	189571
8300	22101	21796	89801
8300	20921	20655	183779
8300	21491	21225	96063
8300	10763	10673	185675
8300	22281	21968	89635
8300	22483	22136	68384
8300	22517	22213	66122
8300	21793	21502	64107
8300	21449	21201	195704
8300	21857	21554	183756
8300	22161	21848	205718
8300	22106	21778	95325
8300	21971	21678	67745
8300	21504	21222	212175
8300	22055	21770	75039
8300	22334	22029	75141
8300	21720	21442	201194
8300	21464	21191	202438
8300	22322	22021	203401
8300	21617	21324	204780
8300	21392	21155	77943
8300	22481	22194	180479
8300	21771	21503	187134
8300	22594	22277	197671
8300	21836	21544	96616
8300	22101	21799	200698
8300	21854	21555	188843
8300	21248	20998	207368
8300	22071	21777	204370
8300	21950	21659	80049
8300	22293	21996	64437
8300	21321	21086	60887
8300	21793	21536	187757
8300	21546	21287	62451
8300	20820	20582	213550
8300	22262	21966	93045
8300	22310	22013	85816
8300	21153	20909	55382
8300	21820	21536	91779
8300	21740	21436	68951
8300	22060	21750	57348
8300	21885	21584	67596
8400	22323	22088	198344
8400	21489	21241	60868
8400	22074	21767	97352
8400	21458	21206	190304
8400	20999	20765	201474
8400	22284	21967	196722
8400	22507	22184	66276
8400	21460	21194	202854
8400	21673	21415	71353
8400	21708	21439	184018
8400	22660	22371	84165
8400	21370	21114	187086
8400	22113	21832	82123
8400	22160	21898	220286
8400	21507	21231	208492
8400	22197	21916	76426
8400	22239	21937	221823
8400	21130	20876	78438
8400	22259	21969	82941
8400	22604	22314	97270
8400	21871	21632	189722
8400	21204	20959	185170
8400	21387	21115	183465
8400	21810	21532	77366
8400	21903	21591	202694
8400	22339	22026	77579
8400	21959	21666	192828
8400	22268	21955	58768
8400	22062	21805	204870
8400	22199	21910	78414
8400	21984	21699	215783
8400	21550	21306	188384
8400	22361	22058	85704
8400	23009	22673	96722
8400	21897	21629	182227
8400	20974	20724	72323
8400	21981	21670	64911
8400	22280	22019	210473
8400	22194	21913	88445
8400	21862	21632	77022
8400	23256	22888	73910
8400	22337	22025	185216
8400	22011	21680	92723
8400	22009	21762	206720
8400	22566	22263	193221
8400	21885	21585	212040
8400	22281	21963	203664
8400	21044	20788	220536
8400	22813	22520	56329
8400	22195	21915	72028
8500	21148	20930	89570
8500	21882	21590	66232
8500	10953	10878	75694
8500	23037	22685	216079
8500	21059	20835	217517
8500	20937	20729	88455
8500	20836	20609	82804
8500	20905	20698	69966
8500	20918	20683	222695
8500	22588	22229	206795
8500	20957	20751	185771
8500	22148	21887	88791
8500	22512	22206	223757
8500	21724	21487	70063
8500	21398	21147	87252
8500	21188	20948	95228
8500	21420	21183	217877
8500	20445	20232	224266
8500	21938	21662	195831
8500	22511	22219	214885
8500	20642	20426	191984
8500	20570	20365	81838
8500	9713	9689	204770
8500	21600	21326	196134
8500	21328	21082	84228
8500	20979	20749	64424
8500	21347	21071	199971
8500	20353	20160	88774
8500	22341	22051	217273
8500	22694	22359	59352
8500	21018	20777	79304
8500	10952	10873	218324
8500	20097	19920	205630
8500	20973	20777	88211
8500	20876	20638	69313
8500	20218	20025	215906
8500	21013	20800	215523
8500	9671	9653	210261
8500	20998	20793	69050
8500	21275	21032	206435
8500	21366	21116	211069
8500	21077	20856	184811
8500	21196	20934	221383
8500	9741	9712	79013
8500	21366	21102	199293
8500	20867	20630	197341
8500	20045	19860	86195
8500	20541	20327	65392
8500	9828	9797	74721
8500	21055	20794	79611
8600	22995	22703	202410
8600	22852	22551	74185
8600	22272	22013	228754
8600	22717	22426	224466
8600	21940	21656	64768
8600	22400	22119	74427
8600	21777	21540	187653
8600	22479	22192	68493
8600	23130	22807	60376
8600	22896	22587	197095
8600	22294	22004	69682
8600	22043	21802	63857
8600	22380	22136	83307
8600	22838	22512	94919
8600	22923	22589	207494
8600	22623	22317	222141
8600	22294	22009	62174
8600	22645	22378	57628
8600	22789	22466	71229
8600	22252	21996	187325
8600	22228	21951	66660
8600	22925	22598	99991
8600	22700	22416	208763
8600	22778	22507	98750
8600	22140	21885	78037
8600	22378	22111	222311
8600	22901	22598	225982
8600	21769	21529	68267
8600	22462	22181	211214
8600	22193	21919	66487
8600	21949	21671	228130
8600	21356	21106	203616
8600	22884	22577	215503
8600	23124	22781	210276
8600	21975	21737	198647
8600	23173	22866	76969
8600	21554	21304	225704
8600	22235	21948	196548
8600	23567	23204	192905
8600	22938	22610	225237
8600	10887	10831	223471
8600	22457	22195	216220
8600	22240	21975	196823
8600	23510	23182	82086
8600	23123	22818	226586
8600	22296	22001	87918
8600	22695	22388	211438
8600	22677	22417	68959
8600	22691	22370	216644
8600	23343	23023	217821
8700	11249	11169	89270
8700	22802	22515	80316
8700	22494	22245	79813
8700	23058	22782	77861
8700	11055	10994	190457
8700	22284	22052	83165
8700	22879	22580	215321
8700	22030	21787	210930
8700	22739	22446	206274
8700	22902	22607	228547
8700	22569	22263	217256
8700	22480	22190	76650
8700	23350	23002	82330
8700	23073	22781	72143
8700	22436	22177	79663
8700	23460	23137	73964
8700	11171	11086	61042
8700	22808	22537	219430
8700	22639	22349	191358
8700	21339	21107	92864
8700	22622	22322	63438
8700	21949	21703	71058
8700	22731	22416	94454
8700	11170	11079	95618
8700	23062	22780	60257
8700	23194	22892	190586
8700	23165	22892	76612
8700	22810	22512	218825
8700	22560	22301	94898
8700	22395	22136	71895
8700	11274	11188	98389
8700	23358	23024	208304
8700	22292	22020	91205
8700	22814	22510	224950
8700	22209	21948	198975
8700	22684	22407	200845
8700	22630	22338	200543
8700	22576	22286	76212
8700	22558	22272	224472
8700	22791	22491	84892
8700	22704	22440	76285
8700	22353	22059	59029
8700	23022	22718	75562
8700	23020	22721	74463
8700	23395	23074	197694
8700	10996	10927	220299
8700	22261	21996	60844
8700	22896	22599	93985
8700	22140	21876	215004
8700	22262	22000	68323
8800	23395	23048	85390
8800	23376	23070	213508
8800	22246	21975	62157
8800	22673	22378	63080
8800	23930	23586	91081
8800	23289	22995	205989
8800	22738	22482	196498
8800	23888	23560	71396
8800	23032	22708	214301
8800	22936	22658	87985
8800	23588	23271	213561
8800	22860	22559	80485
8800	21993	21737	213082
8800	22341	22110	87713
8800	23108	22843	215306
8800	23440	23128	230461
8800	22342	22089	221470
8800	22463	22213	212756
8800	22745	22459	86999
8800	11392	11303	216123
8800	22249	21961	86533
8800	23559	23239	84061
8800	21638	21418	65388
8800	23571	23211	211005
8800	23330	23038	72679
8800	22731	22451	95164
8800	23406	23099	66341
8800	24352	23997	207335
8800	23592	23286	228392
8800	23604	23282	89427
8800	22723	22451	74013
8800	22817	22565	93089
8800	23126	22843	234066
8800	22609	22344	229443
8800	23022	22725	208438
8800	23212	22908	74853
8800	21631	21424	191564
8800	23187	22869	194148
8800	22971	22686	223603
8800	22604	22347	95012
8800	22989	22696	232638
8800	22514	22229	207423
8800	22888	22610	70219
8800	23106	22827	96430
8800	23221	22942	93490
8800	23387	23109	205591
8800	22074	21822	219441
8800	23174	22857	200048
8800	22736	22466	102381
8800	23030	22747	75947
8900	24029	23728	202516
8900	23013	22725	204304
8900	23809	23497	218233
8900	23728	23387	66606
8900	24282	23952	64774
8900	23245	22989	200677
8900	11456	11378	235695
8900	23342	23065	233784
8900	23579	23305	79764
8900	23589	23281	88502
8900	22507	22280	101884
8900	23358	23069	194862
8900	23798	23465	222229
8900	23971	23650	196719
8900	23099	22821	213012
8900	22944	22684	231750
8900	23464	23182	197964
8900	24579	24245	224840
8900	23193	22904	73233
8900	22924	22657	226039
8900	23182	22868	86060
8900	23903	23595	60572
8900	23181	22895	213349
8900	11555	11464	216468
8900	23583	23265	236304
8900	23661	23361	211745
8900	23571	23257	200693
8900	23667	23349	201970
8900	23536	23239	237332
8900	22935	22629	234142
8900	24003	23675	73319
8900	23601	23288	86018
8900	23775	23437	225219
8900	24151	23819	81561
8900	23432	23126	227142
8900	23934	23567	215345
8900	11625	11540	224925
8900	24023	23701	232030
8900	23654	23335	193845
8900	23927	23620	195491
8900	23178	22912	78227
8900	23514	23221	69132
8900	23421	23101	198314
8900	23457	23179	66030
8900	23987	23650	76200
8900	22794	22525	234036
8900	24309	23985	77943
8900	24174	23818	81655
8900	22585	22307	67368
8900	24362	24024	200122
9000	23728	23441	205830
9000	23784	23480	223263
9000	23521	23178	96632
9000	23902	23602	93445
9000	11507	11437	212499
9000	24092	23763	88216
9000	23375	23088	65152
9000	24231	23922	217696
9000	23614	23315	234085
9000	23814	23528	204637
9000	23403	23098	210500
9000	23238	22951	198785
9000	22801	22533	215958
9000	23537	23257	83638
9000	23783	23466	222246
9000	24162	23867	64899
9000	23716	23417	208128
9000	23653	23363	235434
9000	23544	23223	222904
9000	24393	24076	222007
9000	23713	23398	220727
9000	23570	23297	95033
9000	23251	22980	233009
9000	23350	23042	96176
9000	24046	23763	234413
9000	23607	23284	198145
9000	23900	23577	218423
9000	23934	23640	96729
9000	23695	23397	224470
9000	23412	23082	66644
9000	23259	23001	206653
9000	23181	22885	80712
9000	24237	23920	61937
9000	23845	23557	223968
9000	24369	24063	96404
9000	23427	23149	93527
9000	23277	22989	87285
9000	23926	23638	195837
9000	22979	22751	74219
9000	24435	24095	216795
9000	24133	23794	100816
9000	23053	22813	79836
9000	24159	23835	239975
9000	23630	23311	209274
9000	23398	23097	221039
9000	23342	23052	74189
9000	23657	23337	229299
9000	23273	23003	195039
9000	23871	23543	102082
9000	23368	23059	226758
9100	23616	23333	203628
9100	23696	23383	62047
9100	23717	23413	241514
9100	24032	23732	82796
9100	23448	23165	229271
9100	23713	23403	233988
9100	24286	23975	215544
9100	24424	24128	203983
9100	24022	23725	61178
9100	24013	23691	201851
9100	24003	23692	217195
9100	23263	22984	97014
9100	23572	23277	211811
9100	24235	23949	87318
9100	23169	22916	74339
9100	23879	23574	233396
9100	22369	22153	93021
9100	24055	23753	203879
9100	23560	23294	228504
9100	23648	23359	105447
9100	23572	23277	94121
9100	24407	24105	79380
9100	24396	24101	210094
9100	23516	23217	69436
9100	22746	22496	95875
9100	24419	24069	85619
9100	11599	11530	212135
9100	24497	24170	238738
9100	23646	23338	102477
9100	23458	23180	201031
9100	23862	23540	76669
9100	23591	23319	236581
9100	23733	23438	81387
9100	24517	24204	237746
9100	11659	11582	224681
9100	23874	23574	89455
9100	23927	23617	233271
9100	23979	23711	93734
9100	24301	23997	93525
9100	23920	23633	222120
9100	23066	22826	92703
9100	24420	24067	83301
9100	23912	23595	82303
9100	11914	11820	69080
9100	23266	22999	239898
9100	23335	23090	96446
9100	24140	23843	99588
9100	23181	22927	60936
9100	11668	11589	239762
9100	24276	23975	73653
9200	23733	23479	64514
9200	24829	24489	61530
9200	25432	25036	232161
9200	24434	24136	202223
9200	24387	24073	92273
9200	24705	24374	236044
9200	24061	23782	231058
9200	23761	23492	210147
9200	22504	22270	241621
9200	23353	23104	221850
9200	24003	23742	98796
9200	24158	23860	227004
9200	25128	24781	220257
9200	24318	23992	215201
9200	24321	23994	80655
9200	24458	24091	95084
9200	24292	23969	204889
9200	24635	24353	106805
9200	11979	11889	82665
9200	24014	23732	208870
9200	25211	24885	221158
9200	24889	24509	67519
9200	23454	23191	91626
9200	12023	11930	67961
9200	24361	24070	81246
9200	24010	23715	89152
9200	22962	22715	92035
9200	11914	11838	201378
9200	24327	24028	81321
9200	23676	23381	101815
9200	24211	23909	226071
9200	24171	23858	76320
9200	24641	24315	97579
9200	24305	24038	206239
9200	24549	24246	77207
9200	23639	23375	236476
9200	23213	22968	223354
9200	24862	24539	72872
9200	23510	23255	61829
9200	24755	24470	82370
9200	23465	23224	92663
9200	23905	23602	67292
9200	24147	23863	230213
9200	23939	23633	90015
9200	24175	23853	97350
9200	24517	24176	67140
9200	11839	11759	211226
9200	24595	24262	230766
9200	23708	23424	233575
9200	24535	24226	211319
9300	23341	23088	209446
9300	25195	24824	231059
9300	23849	23596	229028
9300	23818	23537	242068
9300	22545	22325	202887
9300	24789	24511	83883
9300	24157	23860	215889
9300	22531	22306	106692
9300	22769	22536	107123
9300	22209	22009	226124
9300	22926	22699	74285
9300	24077	23788	221640
9300	24746	24457	232525
9300	24630	24315	232796
9300	24741	24427	210832
9300	24420	24122	204573
9300	23758	23465	90315
9300	24365	24069	104741
9300	23510	23272	80596
9300	25244	24882	102312
9300	22424	22186	71629
9300	24304	23988	107403
9300	25062	24731	228432
9300	25520	25128	245723
9300	22502	22259	101776
9300	24230	23949	234191
9300	25417	25051	106605
9300	23368	23107	85579
9300	25634	25305	64218
9300	24552	24215	65595
9300	24994	24645	93431
9300	24345	24016	94629
9300	23299	23060	211595
9300	24878	24573	83442
9300	24193	23898	240670
9300	24398	24117	236033
9300	22311	22111	211325
9300	23785	23511	99607
9300	25008	24654	103683
9300	22980	22706	85257
9300	25151	24814	243599
9300	22963	22741	227536
9300	22739	22516	202036
9300	24338	24027	216330
9300	22423	22221	72356
9300	23030	22792	204940
9300	23593	23345	232776
9300	23236	22981	62297
9300	23677	23428	105615
9300	22768	22524	67036
9400	25084	24784	246185
9400	24760	24437	72332
9400	24581	24280	101626
9400	22476	22261	102028
9400	22835	22628	95208
9400	25232	24927	240117
9400	24665	24375	235606
9400	24370	24079	68311
9400	24514	24251	77073
9400	12378	12265	84445
9400	24670	24359	245727
9400	24427	24164	76964
9400	12348	12246	104434
9400	11859	11783	205170
9400	24863	24544	226549
9400	24979	24662	86882
9400	24803	24475	248539
9400	25014	24683	213571
9400	24965	24676	84157
9400	23209	22965	234005
9400	24261	23961	103316
9400	23353	23101	247369
9400	23846	23580	219563
9400	25214	24932	236676
9400	24795	24526	93667
9400	23896	23643	237597
9400	24837	24558	92926
9400	24134	23861	209795
9400	23993	23731	105304
9400	23730	23462	83313
9400	25308	24972	85153
9400	24177	23887	73467
9400	24923	24600	65602
9400	24484	24200	225981
9400	24457	24191	108726
9400	24656	24321	231457
9400	22206	21974	246009
9400	24712	24361	217041
9400	25487	25153	250133
9400	24029	23745	95740
9400	24988	24654	217368
9400	24609	24327	250412
9400	23967	23696	74755
9400	23128	22881	78849
9400	25038	24732	86242
9400	24980	24637	225175
9400	24071	23812	246725
9400	24280	23999	95944
9400	12201	12118	244894
9400	24925	24614	209675
9500	25086	24781	101330
9500	25024	24704	84833
9500	24864	24569	77021
9500	24627	24377	248306
9500	24964	24655	108471
9500	24905	24599	209127
9500	24911	24618	252939
9500	24678	24419	221920
9500	24976	24712	77496
9500	24761	24435	102360
9500	24730	24437	108315
9500	24752	24423	98500
9500	24391	24105	74333
9500	12481	12367	253220
9500	24820	24548	230058
9500	25239	24943	86580
9500	24376	24110	230358
9500	25074	24733	210203
9500	25031	24703	243699
9500	24738	24413	65292
9500	24785	24523	223409
9500	25691	25342	227727
9500	25511	25154	68286
9500	25462	25143	86811
9500	25528	25170	246527
9500	25238	24920	215611
9500	24886	24597	233184
9500	24836	24536	68624
9500	24550	24244	79467
9500	25002	24657	87081
9500	25052	24749	225899
9500	24738	24455	230650
9500	25007	24686	70432
9500	12242	12156	241290
9500	23093	22878	88969
9500	25876	25496	209983
9500	25362	25018	103188
9500	24664	24373	94042
9500	25331	25018	77496
9500	24474	24136	97429
9500	24013	23763	240101
9500	24940	24653	208377
9500	24464	24180	65586
9500	23754	23508	107297
9500	25808	25455	220437
9500	24957	24680	83759
9500	25046	24728	106623
9500	25226	24891	229473
9500	24957	24631	67146
9500	25198	24876	72434
9600	12634	12523	100693
9600	25310	25025	246098
9600	25140	24850	235667
9600	24791	24487	96814
9600	24970	24676	222490
9600	25668	25298	65954
9600	12427	12337	224844
9600	25160	24864	94490
9600	12361	12280	220446
9600	25446	25119	105708
9600	25117	24817	215731
9600	25408	25082	243288
9600	12538	12441	72011
9600	25853	25508	96561
9600	12466	12370	244179
9600	25807	25475	222436
9600	25293	24995	102013
9600	12359	12271	228892
9600	25699	25374	246099
9600	25384	25051	81409
9600	24811	24485	108534
9600	25287	24968	209618
9600	24981	24679	108696
9600	26159	25831	255993
9600	25100	24777	71856
9600	25546	25226	93004
9600	25295	24981	231282
9600	24840	24514	214549
9600	24734	24454	90529
9600	25154	24866	254527
9600	25335	25013	97350
9600	25173	24883	222258
9600	24817	24512	94265
9600	12455	12363	214649
9600	24460	24187	235425
9600	24645	24355	82187
9600	25269	24937	98864
9600	25939	25555	209708
9600	23680	23436	92153
9600	12598	12492	70071
9600	24845	24532	68680
9600	25318	25028	252415
9600	25502	25174	87722
9600	12537	12445	82403
9600	24696	24409	91701
9600	25611	25269	75439
9600	25455	25112	111876
9600	25487	25188	236623
9600	12647	12540	215608
9600	25232	24956	214996
9700	25325	25008	75967
9700	24936	24668	87872
9700	26125	25783	238352
9700	25043	24706	228253
9700	25234	24912	218109
9700	25873	25540	232303
9700	25746	25418	79184
9700	25598	25308	84680
9700	25048	24766	229596
9700	25345	25044	256473
9700	25879	25528	89806
9700	25893	25534	113146
9700	24744	24459	87244
9700	24707	24389	96495
9700	26107	25744	231506
9700	25562	25277	84074
9700	26081	25739	250926
9700	25459	25169	90919
9700	25027	24739	78941
9700	25326	25036	250698
9700	25862	25506	86642
9700	25754	25448	244873
9700	25478	25175	244093
9700	25452	25132	90313
9700	25738	25402	73142
9700	25318	25001	226802
9700	25018	24714	91408
9700	25133	24872	89785
9700	26010	25666	67107
9700	25104	24804	75143
9700	25466	25162	103483
9700	12787	12674	245911
9700	25551	25231	232799
9700	25649	25336	213006
9700	25939	25619	67322
9700	26189	25784	74628
9700	25850	25498	70865
9700	24900	24636	103626
9700	25001	24717	251466
9700	25576	25250	95416
9700	25974	25671	223641
9700	25486	25219	219542
9700	25737	25394	228587
9700	25941	25654	79687
9700	11037	11014	65998
9700	25651	25336	258599
9700	26282	25937	255374
9700	25892	25570	107623
9700	25128	24861	86171
9700	24735	24486	66946
9800	26008	25729	79248
9800	24946	24658	101554
9800	11224	11195	104659
9800	12978	12862	79045
9800	25884	25538	240865
9800	24155	23903	213301
9800	25251	24979	244580
9800	25003	24713	249302
9800	25444	25103	87792
9800	12521	12441	65431
9800	25279	24968	246943
9800	24539	24251	102353
9800	25581	25305	103498
9800	11211	11184	104984
9800	25869	25524	256454
9800	26184	25870	72630
9800	12743	12637	96377
9800	11175	11150	239902
9800	11238	11209	82214
9800	26336	26013	109777
9800	23782	23563	103054
9800	25937	25635	67638
9800	26010	25684	226893
9800	24290	24041	225435
9800	24977	24709	241370
9800	11295	11256	223465
9800	25161	24872	260735
9800	12650	12567	77456
9800	23889	23659	82748
9800	26516	26166	216180
9800	25886	25578	100420
9800	23981	23725	111794
9800	24493	24233	79362
9800	25914	25581	213428
9800	26131	25774	238109
9800	25791	25490	111714
9800	24310	24041	235050
9800	26479	26132	78876
9800	25630	25301	228298
9800	25650	25334	241785
9800	23792	23561	234301
9800	24163	23926	95387
9800	26229	25882	218588
9800	23962	23748	219178
9800	23490	23266	218221
9800	25347	25050	224259
9800	24010	23731	113492
9800	24872	24585	245047
9800	25563	25257	102976
9800	24921	24656	227388
9900	26128	25811	68929
9900	26346	25976	81058
9900	26359	26047	113236
9900	26522	26153	257734
9900	25801	25477	93304
9900	25489	25204	109661
9900	25996	25692	104658
9900	25755	25437	230193
9900	25463	25166	70595
9900	26312	25966	216660
9900	26526	26176	110297
9900	26348	26008	72842
9900	25959	25656	96939
9900	25202	24917	240864
9900	26298	26018	243961
9900	26437	26100	232537
9900	26340	25978	262252
9900	25913	25588	256317
9900	24989	24736	216308
9900	26279	25950	97603
9900	25906	25573	78030
9900	26364	26041	72272
9900	26550	26239	244766
9900	25578	25265	78002
9900	24111	23895	107788
9900	26157	25825	249108
9900	26294	25997	248340
9900	25590	25287	230816
9900	25658	25341	248244
9900	26059	25727	254724
9900	25779	25479	261946
9900	26101	25766	112787
9900	25696	25404	254694
9900	26561	26230	224821
9900	26662	26338	245190
9900	26543	26196	109420
9900	25508	25218	255960
9900	26301	25959	250287
9900	25323	24997	219337
9900	25460	25174	68116
9900	25841	25519	234873
9900	25868	25538	115379
9900	25167	24898	246003
9900	24674	24399	68688
9900	25669	25337	77127
9900	26176	25856	109635
9900	26330	25993	250796
9900	26216	25869	102054
9900	26161	25830	219908
9900	26577	26203	84503
10000	26621	26260	232883
10000	26421	26102	263348
10000	26654	26306	253028
10000	26399	26075	252087
10000	26461	26121	240825
10000	26603	26234	239203
10000	26852	26551	226462
10000	26343	25988	225842
10000	26181	25884	116196
10000	26109	25801	101102
10000	12789	12699	91565
10000	25250	24988	93213
10000	12702	12639	81111
10000	26728	26372	105643
10000	26308	25982	81788
10000	26833	26469	253158
10000	25425	25110	219945
10000	25432	25156	254756
10000	25917	25629	90324
10000	26238	25908	97495
10000	25676	25401	79156
10000	26523	26128	85000
10000	27142	26762	232788
10000	25064	24825	226434
10000	25614	25342	67559
10000	26742	26385	264045
10000	26746	26414	247796
10000	26852	26504	260760
10000	26390	26065	243317
10000	24872	24610	97628
10000	26960	26607	115735
10000	26967	26604	237933
10000	25892	25596	228797
10000	25814	25493	244280
10000	26173	25855	98003
10000	27309	26955	93439
10000	26649	26290	217544
10000	26542	26205	239498
10000	26225	25875	106002
10000	25875	25557	103792
10000	26889	26499	259473
10000	26288	25984	116425
10000	25936	25655	247846
10000	26451	26140	250552
10000	25766	25440	85586
10000	25427	25144	250230
10000	26999	26669	82050
10000	24778	24498	111314
10000	26088	25791	104349
10000	26361	26044	110071
10100	25563	25280	246950
10100	26278	25957	101386
10100	26351	26077	102947
10100	25864	25559	228036
10100	26708	26397	80030
10100	26924	26600	109812
10100	26965	26593	246791
10100	26022	25703	113518
10100	26395	26120	110538
10100	26007	25688	234102
10100	26184	25871	220360
10100	13089	12980	99948
10100	26651	26322	245373
10100	26901	26565	254962
10100	24848	24595	96409
10100	26272	25952	107441
10100	26407	26069	113791
10100	25860	25575	105389
10100	26472	26174	100849
10100	26760	26422	243650
10100	25697	25411	245592
10100	26455	26106	246126
10100	26789	26434	251363
10100	25571	25302	253994
10100	26393	26075	110891
10100	26225	25920	255029
10100	25474	25183	88200
10100	25966	25675	77794
10100	26957	26601	110269
10100	26522	26235	268324
10100	26448	26139	226796
10100	26996	26646	80397
10100	27061	26731	222150
10100	12966	12871	251222
10100	26260	25963	252494
10100	26340	26038	225483
10100	25932	25658	223383
10100	25997	25706	101456
10100	26659	26306	72001
10100	25914	25621	263793
10100	26743	26411	95883
10100	26495	26147	69724
10100	26043	25771	101720
10100	26205	25879	92201
10100	26252	25956	235196
10100	25213	24960	220909
10100	27516	27168	86928
10100	26419	26084	242540
10100	26317	25978	242293
10100	26899	26544	251737
10200	27069	26752	85404
10200	27394	27051	104293
10200	25403	25120	90782
10200	25634	25359	231600
10200	26309	26019	84127
10200	27192	26864	113958
10200	26790	26492	264362
10200	26254	25972	90182
10200	28212	27847	117385
10200	27349	27002	252419
10200	27783	27398	115431
10200	26481	26174	107489
10200	26113	25833	250053
10200	25293	25028	236207
10200	26707	26408	88798
10200	27344	26976	93267
10200	27286	26961	83001
10200	27086	26734	106297
10200	26856	26519	245713
10200	27195	26858	112054
10200	27113	26782	250722
10200	26719	26379	91802
10200	27022	26643	75809
10200	26329	26032	78442
10200	25765	25494	255377
10200	27945	27557	72839
10200	26553	26251	233713
10200	26429	26093	110407
10200	26215	25932	118733
10200	27238	26896	92966
10200	26049	25723	263438
10200	27187	26837	84089
10200	27014	26681	225108
10200	26061	25727	247998
10200	27381	26991	231557
10200	27681	27312	254341
10200	27557	27201	244667
10200	26915	26595	262938
10200	27269	26913	118584
10200	26818	26510	265668
10200	26747	26398	265082
10200	26174	25864	254670
10200	26737	26414	97261
10200	27187	26853	103122
10200	26473	26192	246860
10200	26548	26227	103044
10200	26654	26318	245280
10200	26386	26070	84742
10200	26858	26516	269862
10200	26581	26263	251081
10300	27837	27451	237300
10300	26735	26436	103800
10300	27166	26832	264228
10300	27851	27529	76489
10300	27347	27022	251168
10300	27141	26813	268166
10300	27356	27010	249265
10300	26854	26567	80322
10300	27934	27600	104328
10300	27276	26959	233681
10300	27417	27116	249098
10300	27032	26706	115750
10300	26356	26048	266767
10300	27642	27287	74470
10300	27012	26724	97688
10300	26729	26443	244490
10300	26458	26171	70965
10300	26034	25733	236173
10300	13533	13426	237853
10300	27165	26857	229828
10300	26946	26650	83993
10300	25973	25680	106873
10300	26776	26476	87497
10300	25610	25339	118021
10300	26707	26413	230780
10300	26868	26563	258487
10300	26599	26272	228266
10300	27188	26908	224110
10300	26823	26515	235027
10300	26466	26196	237899
10300	26940	26614	102551
10300	11628	11617	230930
10300	26717	26377	71295
10300	27517	27172	72552
10300	26528	26228	102028
10300	26518	26200	226723
10300	13093	13018	116580
10300	11722	11701	272565
10300	13348	13259	117697
10300	28114	27735	252324
10300	27416	27091	75736
10300	26320	26067	117234
10300	28068	27675	110340
10300	26928	26620	100493
10300	27596	27223	226664
10300	26955	26649	73432
10300	26012	25743	101328
10300	27035	26732	82586
10300	27104	26801	230712
10300	27062	26757	234838
10400	27080	26796	100304
10400	27521	27208	260787
10400	27810	27440	111461
10400	27728	27365	231386
10400	27714	27364	237123
10400	27106	26763	237456
10400	27282	26960	261089
10400	26927	26594	117616
10400	26760	26425	94475
10400	26827	26531	271937
10400	27666	27376	106497
10400	27577	27222	113636
10400	26611	26354	70603
10400	13565	13449	235422
10400	27126	26832	235538
10400	27063	26755	233787
10400	25823	25541	260522
10400	25771	25468	88628
10400	27728	27418	236246
10400	27182	26866	258630
10400	26926	26657	226173
10400	26837	26574	268104
10400	27429	27090	269977
10400	26325	26066	273727
10400	27259	26951	225872
10400	27680	27313	240556
10400	26619	26356	276869
10400	27329	27018	85564
10400	27502	27163	277214
10400	27504	27140	258355
10400	27491	27150	114613
10400	25897	25662	119005
10400	26600	26293	113750
10400	27394	27055	255319
10400	26354	26083	259622
10400	27404	27072	95093
10400	27876	27542	276445
10400	27222	26916	237966
10400	27423	27074	249642
10400	26985	26675	98866
10400	27892	27553	263886
10400	27159	26847	271514
10400	27762	27400	240849
10400	26868	26562	246632
10400	26919	26631	81643
10400	27681	27346	235829
10400	27322	26998	114402
10400	27825	27484	78577
10400	27463	27121	276461
10400	26586	26303	80511
10500	27092	26811	260210
10500	27189	26882	246239
10500	27955	27609	245795
10500	27601	27287	272121
10500	26869	26595	271745
10500	27832	27508	82513
10500	26692	26376	70224
10500	27815	27490	231571
10500	27900	27531	278813
10500	27827	27455	70609
10500	28186	27834	103914
10500	27771	27446	240033
10500	28262	27923	77965
10500	26929	26620	269457
10500	28084	27732	111188
10500	27908	27574	73996
10500	27188	26857	75117
10500	27423	27109	268577
10500	26915	26609	258715
10500	28036	27656	243684
10500	27645	27320	252459
10500	26939	26664	266150
10500	27397	27054	273865
10500	27943	27600	100729
10500	27116	26800	92358
10500	27818	27447	249452
10500	27721	27371	228141
10500	28101	27753	115065
10500	13958	13828	229709
10500	13777	13672	112006
10500	27254	26924	84821
10500	26979	26710	241989
10500	27737	27393	270227
10500	27411	27065	72188
10500	27826	27470	261617
10500	28557	28167	121231
10500	27549	27214	234912
10500	28524	28170	275110
10500	27490	27144	256871
10500	27565	27232	254032
10500	27847	27522	96501
10500	13675	13578	250279
10500	27867	27553	234757
10500	27342	27037	241413
10500	27192	26873	111925
10500	27124	26798	82121
10500	27581	27225	246144
10500	28417	28098	230918
10500	27503	27204	86898
10500	28057	27750	104253
10600	28959	28630	75856
10600	27710	27383	246208
10600	27904	27559	109220
10600	27636	27283	83003
10600	26012	25725	253050
10600	25852	25620	80596
10600	28326	27956	230246
10600	28001	27646	236469
10600	28580	28217	231604
10600	27714	27385	265530
10600	27593	27291	83287
10600	27664	27332	276345
10600	25905	25683	120424
10600	28461	28065	245437
10600	25517	25267	75282
10600	26136	25847	116880
10600	28375	27995	118694
10600	12049	12029	278520
10600	28783	28402	237269
10600	28149	27826	85853
10600	26401	26111	102940
10600	26113	25864	99689
10600	13745	13640	231016
10600	27907	27580	115651
10600	27554	27200	116858
10600	26564	26308	97387
10600	27538	27226	122137
10600	28432	28073	98998
10600	27730	27397	252232
10600	27211	26911	122480
10600	28170	27823	259930
10600	26203	25933	84611
10600	26424	26132	85186
10600	28316	27974	96007
10600	28034	27728	84047
10600	28007	27653	78970
10600	28109	27730	72894
10600	26970	26683	254416
10600	26033	25795	236394
10600	28273	27922	280270
10600	26131	25884	77434
10600	26955	26668	123307
10600	25873	25656	77434
10600	26161	25917	73404
10600	26461	26197	244733
10600	28030	27675	267029
10600	12092	12065	94569
10600	28348	28037	114791
10600	24860	24696	109339
10600	27465	27158	268970
10700	27635	27328	249761
10700	28132	27789	245955
10700	27280	26984	264302
10700	28597	28250	237788
10700	28125	27794	96230
10700	27243	26938	101243
10700	28107	27788	266885
10700	13837	13745	101710
10700	13868	13769	281983
10700	28420	28060	277453
10700	27752	27435	235410
10700	28197	27850	275372
10700	28336	27953	116884
10700	14138	14025	84487
10700	28049	27702	124034
10700	13675	13595	244550
10700	28225	27884	107536
10700	28077	27751	268126
10700	28217	27871	280593
10700	28083	27762	85454
10700	13855	13754	94795
10700	27975	27645	246631
10700	28542	28188	78908
10700	14003	13895	273343
10700	27975	27653	266985
10700	28442	28081	282591
10700	28331	27958	83202
10700	27318	26998	276598
10700	28332	27973	263932
10700	25528	25301	267933
10700	13985	13877	256517
10700	28749	28329	270893
10700	27573	27267	83778
10700	28161	27818	123748
10700	13965	13855	244267
10700	28010	27670	100150
10700	13840	13743	110420
10700	27944	27621	104564
10700	28412	28052	236738
10700	14226	14104	97183
10700	28028	27695	116200
10700	29156	28793	96445
10700	14069	13954	87090
10700	27130	26829	244309
10700	27864	27557	72736
10700	27786	27452	239809
10700	27242	26972	262752
10700	27091	26829	241339
10700	27608	27306	261778
10700	28610	28261	104270
10800	28612	28264	74963
10800	28959	28605	256746
10800	29226	28835	250634
10800	28508	28131	73422
10800	27998	27663	281030
10800	28541	28226	91364
10800	28119	27771	248289
10800	29697	29297	240091
10800	28965	28610	276059
10800	28957	28621	112607
10800	29007	28662	85795
10800	28511	28175	282096
10800	29019	28682	121399
10800	27847	27537	115712
10800	28061	27737	95571
10800	28869	28479	97428
10800	28245	27966	87924
10800	29016	28643	280247
10800	27628	27331	101512
10800	27445	27159	89596
10800	28235	27879	257534
10800	27493	27192	285960
10800	28233	27914	119350
10800	27780	27498	241377
10800	27962	27626	109091
10800	27918	27599	285176
10800	13745	13671	112381
10800	27886	27594	112872
10800	28490	28154	273846
10800	28662	28344	97308
10800	28272	27971	250954
10800	28000	27692	280532
10800	28581	28206	114161
10800	28653	28313	266629
10800	28038	27690	124709
10800	28518	28189	108637
10800	29023	28701	113593
10800	27655	27364	97011
10800	26586	26362	99404
10800	28301	27990	122213
10800	28936	28617	114460
10800	28102	27799	90181
10800	28864	28466	239561
10800	28261	27947	113519
10800	27750	27404	101812
10800	28699	28322	76286
10800	28904	28537	277071
10800	27955	27605	97390
10800	27888	27587	251413
10800	27849	27541	110458
10900	28641	28295	76198
10900	28260	27972	87966
10900	26491	26212	283441
10900	28487	28166	259121
10900	26834	26579	265202
10900	26533	26259	253592
10900	28334	28034	91391
10900	28550	28223	102382
10900	29061	28713	286978
10900	26922	26689	284389
10900	28443	28092	75073
10900	28814	28465	115284
10900	27993	27726	245353
10900	28320	27992	94973
10900	27666	27414	270332
10900	29206	28848	248930
10900	27128	26873	105671
10900	27468	27175	105003
10900	28543	28212	81328
10900	28389	28090	109152
10900	28229	27902	240023
10900	28244	27916	263228
10900	27682	27403	97297
10900	28625	28296	90778
10900	28117	27793	99480
10900	27640	27343	122141
10900	28073	27746	126433
10900	29392	29020	104575
10900	27791	27461	102196
10900	27712	27381	101132
10900	28676	28315	283736
10900	28423	28098	90695
10900	26785	26562	114373
10900	28812	28455	89897
10900	28289	27983	94596
10900	26792	26517	267091
10900	28499	28227	281718
10900	28622	28271	287901
10900	28097	27793	241037
10900	28864	28526	290445
10900	29043	28691	97121
10900	28547	28233	266342
10900	29092	28741	270162
10900	28243	27905	243529
10900	28465	28174	287474
10900	26530	26284	84989
10900	27964	27674	249353
10900	14020	13915	290373
10900	27026	26768	94828
10900	28735	28380	75630
11000	28640	28316	265279
11000	28341	28051	125485
11000	29683	29317	89585
11000	27377	27085	94203
11000	28599	28288	110262
11000	29242	28889	93118
11000	29041	28746	257318
11000	28869	28534	259747
11000	29102	28734	269267
11000	27704	27420	245269
11000	28266	27923	273939
11000	29138	28802	287387
11000	29362	29020	289948
11000	28750	28426	115016
11000	28250	27957	240790
11000	28783	28442	83126
11000	28861	28518	276725
11000	26558	26317	126468
11000	29030	28689	120558
11000	29085	28721	90338
11000	29132	28752	109122
11000	29198	28864	79293
11000	28840	28521	263497
11000	28860	28510	73530
11000	28250	27928	128084
11000	28630	28298	118115
11000	28963	28599	241275
11000	28711	28422	270460
11000	28792	28457	84677
11000	29591	29254	274498
11000	29123	28760	251774
11000	29227	28897	263342
11000	27788	27482	123436
11000	29545	29189	272366
11000	28892	28562	104695
11000	27701	27425	257352
11000	28253	27938	242672
11000	28399	28044	115828
11000	28501	28189	113095
11000	29052	28686	111851
11000	28813	28488	282651
11000	14085	13996	277627
11000	28470	28133	86868
11000	28894	28556	97507
11000	28683	28331	117310
11000	29186	28866	284244
11000	29377	28987	266212
11000	28832	28488	88835
11000	28611	28276	281912
11000	28536	28227	82512
11100	29561	29222	120970
11100	29494	29171	97522
11100	29318	28992	95540
11100	28758	28408	271979
11100	29365	29028	254638
11100	29939	29547	290456
11100	27691	27419	241162
11100	29228	28890	80312
11100	29048	28703	281195
11100	29494	29116	273101
11100	29923	29537	80329
11100	29060	28722	276199
11100	28070	27745	77624
11100	28908	28596	77743
11100	28489	28179	262018
11100	29288	28929	77206
11100	28757	28425	86056
11100	29448	29090	266010
11100	29145	28761	85984
11100	29618	29293	275165
11100	28667	28343	242583
11100	28760	28439	92025
11100	28942	28609	94092
11100	29117	28787	277347
11100	29433	29052	242394
11100	29125	28793	265471
11100	12773	12737	107745
11100	29189	28890	127516
11100	29425	29099	94102
11100	30280	29875	270651
11100	29382	29056	294331
11100	30036	29647	248756
11100	29697	29323	293517
11100	28012	27715	240581
11100	29246	28874	244716
11100	29823	29471	292453
11100	29029	28680	112542
11100	28929	28596	272806
11100	28536	28215	93253
11100	28323	28013	275411
11100	29505	29153	117197
11100	28345	28033	257171
11100	28981	28674	107308
11100	29047	28688	259637
11100	29529	29159	87751
11100	29164	28838	285000
11100	29408	29039	81990
11100	28695	28378	100415
11100	29018	28657	260064
11100	29388	29068	84186
11200	14279	14185	76665
11200	29963	29641	257386
11200	28769	28481	117931
11200	29075	28760	86528
11200	29313	28970	281761
11200	28239	27979	97838
11200	29517	29194	279966
11200	29383	29008	121583
11200	28699	28341	281129
11200	14547	14454	84538
11200	30124	29737	84528
11200	29217	28861	114027
11200	28939	28621	285128
11200	30308	29933	125088
11200	30018	29657	76044
11200	28943	28609	296812
11200	30121	29767	114284
11200	29693	29339	120450
11200	29680	29335	127716
11200	29670	29295	293446
11200	28299	27996	96164
11200	29992	29672	111590
11200	29754	29424	272084
11200	30720	30318	108284
11200	28914	28578	291024
11200	28852	28529	271545
11200	29669	29315	113315
11200	29831	29449	286372
11200	28452	28168	98585
11200	14508	14406	273786
11200	29719	29372	262001
11200	28908	28593	103277
11200	14671	14565	110918
11200	29396	29058	270068
11200	29264	28892	263140
11200	28956	28672	256675
11200	29301	28951	129748
11200	29049	28698	288889
11200	30209	29844	294058
11200	14488	14386	85689
11200	29360	29000	263820
11200	29912	29544	268121
11200	30073	29660	106645
11200	30377	29946	112073
11200	29486	29142	256340
11200	29135	28791	286561
11200	29239	28891	124965
11200	29200	28883	127448
11200	28916	28588	89694
11200	29128	28796	276810
11300	29701	29400	277378
11300	29196	28827	102061
11300	29954	29595	84283
11300	28818	28521	94575
11300	31058	30678	286895
11300	29983	29625	99656
11300	29767	29414	80935
11300	29955	29582	96751
11300	30031	29699	81554
11300	30073	29722	126518
11300	29495	29191	81596
11300	29442	29111	279318
11300	30099	29738	283876
11300	30167	29785	248664
11300	29831	29504	88935
11300	27862	27589	262885
11300	30355	29963	271279
11300	28368	28069	292496
11300	29316	28983	266298
11300	28846	28505	282434
11300	29605	29272	292272
11300	29073	28729	249334
11300	30664	30278	81385
11300	29670	29334	95906
11300	14810	14704	284402
11300	30032	29645	258142
11300	27343	27092	271312
11300	29560	29197	294340
11300	29535	29161	102757
11300	29655	29314	96372
11300	29505	29170	246645
11300	29341	29031	290046
11300	29815	29441	293568
11300	30518	30137	104652
11300	29432	29096	114385
11300	30548	30142	120876
11300	29157	28836	274802
11300	29306	28959	277743
11300	29957	29612	254519
11300	29480	29147	291981
11300	29805	29477	84325
11300	29506	29128	102107
11300	28902	28590	99387
11300	29343	29045	260745
11300	28863	28587	84642
11300	29859	29514	95001
11300	29485	29147	101888
11300	30444	30096	127940
11300	29878	29531	263141
11300	29721	29379	131540
11400	28091	27811	126184
11400	29586	29241	88857
11400	29706	29347	109238
11400	30839	30473	84138
11400	30246	29832	85073
11400	30014	29723	124384
11400	27961	27697	278576
11400	29675	29374	115463
11400	15048	14930	275681
11400	28174	27924	107719
11400	28389	28090	284389
11400	29750	29385	301360
11400	29382	29084	76026
11400	29879	29516	254035
11400	30325	30005	89177
11400	29564	29265	277722
11400	28084	27829	98644
11400	29348	29026	250216
11400	14633	14540	280589
11400	30301	29962	94855
11400	30412	30085	76280
11400	29639	29283	262630
11400	29605	29320	126956
11400	29806	29441	90420
11400	29351	29035	129161
11400	29014	28730	247189
11400	29096	28785	252536
11400	30293	29927	119252
11400	30496	30164	300907
11400	29650	29309	284037
11400	29367	29064	252165
11400	30457	30113	107304
11400	31236	30811	89213
11400	14863	14749	248430
11400	30348	30008	91802
11400	29938	29605	110552
11400	29825	29494	281769
11400	30148	29806	269517
11400	30961	30527	114201
11400	29568	29231	253634
11400	13081	13048	301402
11400	30173	29836	94827
11400	29831	29533	259719
11400	29882	29570	266584
11400	30261	29923	276579
11400	30152	29786	282362
11400	29768	29441	293309
11400	29835	29479	120270
11400	30180	29817	270306
11400	29991	29658	252215
11500	29876	29599	288796
11500	29877	29533	101508
11500	31186	30781	285215
11500	30463	30122	291923
11500	30719	30398	267190
11500	29538	29249	291827
11500	30344	29944	292430
11500	29814	29477	120181
11500	28736	28426	281498
11500	29840	29532	281335
11500	29085	28774	123089
11500	30619	30240	272632
11500	28767	28487	298209
11500	29019	28714	261011
11500	30703	30355	99591
11500	29730	29399	93428
11500	30339	29968	263210
11500	30244	29896	250169
11500	30035	29691	77746
11500	30375	30050	298000
11500	30123	29798	97147
11500	30443	30143	121696
11500	30328	29936	77632
11500	29567	29252	259381
11500	28602	28347	261996
11500	30689	30329	261745
11500	30011	29672	265066
11500	30245	29842	263628
11500	30006	29693	299149
11500	30074	29714	265226
11500	30165	29817	76734
11500	30987	30679	101267
11500	30578	30261	100506
11500	29866	29508	280339
11500	30792	30458	251369
11500	30262	29913	280743
11500	29961	29618	87061
11500	30981	30551	130369
11500	30845	30448	278346
11500	29482	29146	98474
11500	14896	14783	285546
11500	29822	29451	100908
11500	29807	29485	302844
11500	30158	29815	288518
11500	30082	29729	280463
11500	29931	29596	119581
11500	30237	29934	289569
11500	30768	30387	285307
11500	30362	29993	82191
11500	29643	29316	286883
11600	30340	29969	96385
11600	15289	15168	279554
11600	29870	29545	302959
11600	30131	29826	273730
11600	30063	29747	90072
11600	29919	29570	78003
11600	30237	29917	105810
11600	30806	30425	107425
11600	30136	29780	286654
11600	30538	30212	257684
11600	30957	30568	258101
11600	30461	30133	262949
11600	31093	30744	79750
11600	30640	30308	122161
11600	29274	28982	115449
11600	30675	30283	127155
11600	15137	15033	294126
11600	30497	30201	307668
11600	30633	30267	300387
11600	15076	14970	251585
11600	30666	30298	306330
11600	30575	30233	78708
11600	31054	30700	263274
11600	29664	29357	282889
11600	14848	14759	135109
11600	30723	30380	295237
11600	30378	30011	254719
11600	30673	30307	297336
11600	30834	30449	122770
11600	31084	30706	102298
11600	30597	30265	284756
11600	30049	29707	256145
11600	30036	29726	294212
11600	31071	30707	100573
11600	30127	29795	129285
11600	31620	31210	105311
11600	30361	30009	116383
11600	30208	29865	297481
11600	30854	30496	290540
11600	30402	30066	120712
11600	15274	15165	254254
11600	30659	30295	305570
11600	15095	14987	107096
11600	30792	30416	294793
11600	14980	14881	120554
11600	14764	14682	105569
11600	30880	30533	268686
11600	31010	30677	261503
11600	29244	28971	122081
11600	30514	30171	254953
11700	30514	30148	302658
11700	29702	29394	268223
11700	30834	30449	129669
11700	31239	30892	289139
11700	15299	15180	265260
11700	31123	30770	268732
11700	15400	15272	267648
11700	31031	30683	296322
11700	31103	30724	125038
11700	31016	30624	118794
11700	30357	30011	101626
11700	31164	30802	294718
11700	30860	30517	310051
11700	30451	30103	280780
11700	30862	30443	131625
11700	31613	31256	301771
11700	31321	30971	259246
11700	30826	30466	107655
11700	15163	15078	87577
11700	30709	30341	280908
11700	32437	31960	257566
11700	29991	29645	136100
11700	30367	30025	93084
11700	30599	30236	278363
11700	30645	30277	123147
11700	30767	30434	275820
11700	32425	31999	133403
11700	30223	29913	290560
11700	31082	30697	286035
11700	30803	30391	95862
11700	30667	30329	118479
11700	31078	30726	78991
11700	30566	30257	133143
11700	30268	29932	99100
11700	30198	29873	305199
11700	29646	29366	264498
11700	31203	30845	296871
11700	30789	30443	82243
11700	30269	29954	134037
11700	30748	30386	123718
11700	31583	31228	125115
11700	31911	31495	99708
11700	30845	30483	265439
11700	30604	30250	299651
11700	30469	30115	128052
11700	31702	31315	134028
11700	30322	29990	300812
11700	30910	30543	85338
11700	30348	29995	133772
11700	30316	29975	81001
11800	31277	30921	275535
11800	31400	31032	265096
11800	31266	30895	284995
11800	29676	29375	104524
11800	30681	30334	90534
11800	30849	30509	80878
11800	29347	29078	125540
11800	31958	31570	285085
11800	30360	30040	291191
11800	31003	30618	293994
11800	31807	31455	276811
11800	31374	31024	106885
11800	30846	30527	117250
11800	30721	30355	284728
11800	31294	30932	299086
11800	31533	31151	301037
11800	31146	30766	295364
11800	30814	30493	93751
11800	30760	30436	259840
11800	30026	29711	279910
11800	31770	31383	307013
11800	31028	30665	129034
11800	30786	30442	262574
11800	30741	30406	129668
11800	30815	30455	124722
11800	30701	30376	267169
11800	30810	30500	124711
11800	30313	29979	312161
11800	31591	31232	128119
11800	31480	31114	123034
11800	30642	30314	88254
11800	31477	31119	259889
11800	31000	30639	121794
11800	31970	31568	306719
11800	31127	30812	82023
11800	30518	30188	291549
11800	29490	29217	306806
11800	30422	30080	118617
11800	30521	30174	288944
11800	31383	31041	284894
11800	31100	30749	99915
11800	30921	30529	274327
11800	31429	31069	99903
11800	31240	30923	136253
11800	31383	31019	272716
11800	30302	29982	120613
11800	30705	30350	100930
11800	31053	30706	284426
11800	30694	30318	274575
11800	31063	30710	304172
11900	29705	29479	296825
11900	31447	31091	275486
11900	30460	30155	122430
11900	30783	30460	133063
11900	28368	28202	262119
11900	29425	29143	291675
11900	31516	31139	287023
11900	29054	28780	134841
11900	29813	29505	315071
11900	31261	30918	301301
11900	29198	28926	272534
11900	29325	29081	267929
11900	29318	29049	290067
11900	31939	31518	276767
11900	31580	31230	97753
11900	31991	31583	136436
11900	30534	30213	86495
11900	30683	30335	287146
11900	30778	30482	314895
11900	30977	30662	316590
11900	29428	29133	291047
11900	30491	30139	89871
11900	31504	31140	138666
11900	29531	29239	272614
11900	31564	31166	287142
11900	29533	29273	95723
11900	29158	28885	284204
11900	31251	30920	109376
11900	28823	28571	310834
11900	31934	31559	297195
11900	29393	29115	269632
11900	31720	31319	260736
11900	30176	29848	111583
11900	29775	29497	290949
11900	30084	29780	288276
11900	29706	29423	99950
11900	13624	13597	86341
11900	31363	30985	131326
11900	31550	31221	283721
11900	31291	30928	316820
11900	31174	30845	302605
11900	29155	28866	285280
11900	30868	30518	118025
11900	29292	29078	285060
11900	15640	15522	138060
11900	31060	30711	111651
11900	31819	31457	300929
11900	31317	31006	120245
11900	29286	29033	315832
11900	29595	29308	280059
12000	29921	29649	319822
12000	32036	31672	139568
12000	32023	31666	286578
12000	32391	32028	275346
12000	29771	29477	106018
12000	31891	31542	118204
12000	30597	30270	96414
12000	31364	31005	271940
12000	31970	31585	98027
12000	31577	31232	111905
12000	31678	31306	99794
12000	31112	30772	137616
12000	31138	30824	312247
12000	31088	30809	100131
12000	30896	30588	100838
12000	31472	31126	264971
12000	31892	31526	139821
12000	31845	31454	305324
12000	31040	30706	295042
12000	31442	31071	131623
12000	30189	29879	267861
12000	15756	15653	304301
12000	31227	30900	277197
12000	31044	30674	298894
12000	31768	31407	102131
12000	31341	31001	319207
12000	31279	30929	123607
12000	31400	31055	306829
12000	30865	30528	137351
12000	32123	31747	285187
12000	31364	31050	103981
12000	31796	31419	261017
12000	32314	31964	99088
12000	29440	29161	87304
12000	29822	29520	296527
12000	31312	30987	271009
12000	31577	31245	102851
12000	31604	31245	113005
12000	30120	29858	101275
12000	31241	30899	87898
12000	31152	30775	84356
12000	32228	31881	274257
12000	32618	32234	295329
12000	31781	31381	319541
12000	31281	30917	290897
12000	31825	31478	294173
12000	31013	30635	309389
12000	31998	31601	97181
12000	30828	30483	118635
12000	30733	30430	307914
12100	31873	31515	307702
12100	32241	31842	116414
12100	32154	31765	315116
12100	32296	31861	275583
12100	15649	15548	275813
12100	31194	30852	89934
12100	32011	31661	298031
12100	15444	15362	297753
12100	32271	31869	321629
12100	32080	31723	137161
12100	30897	30557	97238
12100	31393	31058	287820
12100	32072	31705	135707
12100	32427	32043	93134
12100	31051	30681	133785
12100	32129	31791	126495
12100	32078	31696	108466
12100	31158	30849	271569
12100	31935	31575	140547
12100	32403	32026	115150
12100	32516	32120	132219
12100	31988	31616	295406
12100	30526	30197	271697
12100	31853	31481	278898
12100	31362	31005	110430
12100	32481	32069	121664
12100	31601	31236	137629
12100	32381	31999	116070
12100	31197	30880	95665
12100	32056	31708	139466
12100	31767	31389	281753
12100	32460	32068	124620
12100	31543	31217	123598
12100	32088	31750	315822
12100	33239	32825	85387
12100	31171	30866	99307
12100	31844	31524	282663
12100	32438	32055	92787
12100	30403	30075	315975
12100	31806	31457	88652
12100	32365	31985	318165
12100	32151	31777	288557
12100	31551	31223	278711
12100	32317	31934	301518
12100	31298	30973	99612
12100	31396	31097	314623
12100	30346	30056	289608
12100	15348	15275	127804
12100	31699	31372	309221
12100	31249	30853	93712
12200	32012	31624	284000
12200	31050	30799	285478
12200	32517	32122	120033
12200	32131	31758	317131
12200	31901	31541	264522
12200	32988	32568	87649
12200	32100	31742	86160
12200	32413	32053	129641
12200	31775	31412	122832
12200	31483	31155	297095
12200	29988	29697	291333
12200	32571	32181	303425
12200	32197	31857	98119
12200	31209	30893	318311
12200	30005	29721	130558
12200	32022	31684	129760
12200	32001	31655	282895
12200	32147	31793	94733
12200	32081	31692	276874
12200	31574	31251	286431
12200	15890	15777	110571
12200	31114	30760	115268
12200	31653	31350	91694
12200	31701	31358	118375
12200	31742	31398	142115
12200	32720	32375	292948
12200	31978	31656	89924
12200	30243	29972	123115
12200	29073	28809	283449
12200	32106	31706	88589
12200	31831	31438	287216
12200	31908	31547	127424
12200	31734	31430	298486
12200	31887	31543	108622
12200	32493	32100	97028
12200	31323	31009	89213
12200	31639	31323	282134
12200	32179	31796	313097
12200	31785	31414	306220
12200	30522	30174	108341
12200	31240	30912	274235
12200	32310	31952	295322
12200	32803	32431	96922
12200	32521	32161	314004
12200	31938	31550	133851
12200	32466	32098	317328
12200	32186	31840	324476
12200	15700	15599	110812
12200	32899	32499	312485
12200	15707	15605	307676
12300	30898	30596	280514
12300	32912	32533	104727
12300	32616	32256	267585
12300	15613	15533	103468
12300	16287	16174	132119
12300	31125	30824	84950
12300	32667	32284	273249
12300	32379	32015	313903
12300	31582	31222	276639
12300	33102	32726	126717
12300	31862	31499	134393
12300	32493	32139	302892
12300	31871	31529	130174
12300	33716	33270	132953
12300	32855	32511	127930
12300	32907	32514	141188
12300	32340	31978	319690
12300	33123	32701	303991
12300	32190	31848	106423
12300	32395	32043	130834
12300	33044	32625	282442
12300	31750	31414	127899
12300	31474	31160	104206
12300	31999	31641	104692
12300	32051	31672	323204
12300	32298	31923	325410
12300	15898	15792	291798
12300	32895	32484	126944
12300	31943	31588	114496
12300	32309	31964	297605
12300	32452	32051	309844
12300	31937	31598	102471
12300	32617	32216	322340
12300	31819	31502	110643
12300	32643	32282	277342
12300	31828	31442	126745
12300	32230	31885	86154
12300	32446	32089	101316
12300	32597	32201	87971
12300	31500	31216	312179
12300	32140	31804	136999
12300	33303	32931	278042
12300	32175	31790	272361
12300	32494	32138	305989
12300	32279	31929	310069
12300	31042	30744	118127
12300	32137	31800	127915
12300	31931	31558	84124
12300	31238	30920	136846
12300	31861	31492	327448
12400	32333	31959	283237
12400	32586	32216	84616
12400	32213	31874	124353
12400	32322	31985	299164
12400	33395	32977	293950
12400	31453	31148	276159
12400	31833	31505	275039
12400	32623	32254	115545
12400	31701	31349	282248
12400	15941	15840	130348
12400	32088	31781	323756
12400	32442	32102	118954
12400	32235	31902	129934
12400	31653	31334	110966
12400	32412	32041	290091
12400	16322	16196	84487
12400	32718	32364	327266
12400	33469	33087	276993
12400	31971	31602	113911
12400	32940	32561	119998
12400	32768	32407	131835
12400	32617	32274	274270
12400	33268	32846	314707
12400	31867	31553	91851
12400	32180	31801	121575
12400	31691	31373	130626
12400	33583	33184	278179
12400	31985	31611	304741
12400	33336	32983	113254
12400	32553	32193	302561
12400	32621	32251	122636
12400	32260	31887	269132
12400	32675	32321	123052
12400	31999	31671	123823
12400	31721	31365	89862
12400	32073	31715	274026
12400	32719	32312	93530
12400	32831	32457	307471
12400	32701	32334	102270
12400	31168	30897	320915
12400	32486	32101	323847
12400	32053	31695	114758
12400	33429	33052	98261
12400	31735	31448	88316
12400	33159	32772	313737
12400	33096	32689	313837
12400	32810	32432	120386
12400	32215	31872	286156
12400	33229	32852	130577
12400	33111	32758	142296
12500	32593	32272	275539
12500	33501	33086	127710
12500	33446	33036	313746
12500	33089	32719	106609
12500	16184	16091	310962
12500	32871	32521	131788
12500	32863	32475	132158
12500	34283	33860	118422
12500	16361	16229	102902
12500	32868	32499	291140
12500	32918	32580	331234
12500	16430	16309	313494
12500	33029	32694	302500
12500	33263	32891	117548
12500	32632	32259	294113
12500	33356	32979	87523
12500	15863	15780	135274
12500	16278	16170	299414
12500	32381	32023	279256
12500	33038	32655	121837
12500	32572	32220	322814
12500	33064	32659	302667
12500	32355	31996	102519
12500	16517	16390	286940
12500	32996	32648	137237
12500	33085	32631	272164
12500	32933	32577	114901
12500	33071	32702	288814
12500	16193	16101	308083
12500	32049	31685	114832
12500	33267	32892	89021
12500	33232	32884	132130
12500	16200	16101	271695
12500	32643	32297	301703
12500	32709	32371	93112
12500	32988	32640	111795
12500	32716	32387	292947
12500	16038	15939	109465
12500	32539	32207	316040
12500	33472	33057	92654
12500	33103	32756	89999
12500	32483	32130	284242
12500	30230	29951	93072
12500	33227	32849	117940
12500	32236	31895	321104
12500	33151	32814	298006
12500	16277	16167	140721
12500	31876	31542	274656
12500	32957	32582	95542
12500	16225	16125	127756
12600	32702	32324	107383
12600	33194	32805	320731
12600	32079	31750	94031
12600	33303	32948	297100
12600	34157	33770	317694
12600	32275	31975	105411
12600	32611	32293	283308
12600	32702	32345	301158
12600	32558	32160	273521
12600	33251	32866	138476
12600	32269	31950	306719
12600	32861	32518	129405
12600	33305	32912	139803
12600	33216	32863	135570
12600	32910	32588	124234
12600	33813	33424	299163
12600	32619	32260	112997
12600	32727	32410	124439
12600	34011	33590	145759
12600	33415	33010	327971
12600	33223	32835	315456
12600	33621	33271	329579
12600	33084	32702	309978
12600	32886	32533	119405
12600	33886	33461	112002
12600	32541	32149	134487
12600	32741	32401	141083
12600	32689	32350	139024
12600	32831	32463	89388
12600	32888	32497	301043
12600	32742	32377	310650
12600	16246	16144	146476
12600	32599	32305	95142
12600	31125	30825	104489
12600	33313	32896	118078
12600	33314	32977	296289
12600	33160	32752	92663
12600	33071	32687	117290
12600	32983	32576	281160
12600	33172	32798	113526
12600	33249	32897	310645
12600	32790	32445	321510
12600	32834	32500	318040
12600	33048	32681	282698
12600	33635	33267	304024
12600	32697	32342	298240
12600	32614	32271	98940
12600	33306	32920	299553
12600	32579	32247	146051
12600	32498	32135	311003
12700	34120	33715	297865
12700	34025	33591	335589
12700	31280	31016	304983
12700	32747	32398	336700
12700	33462	33110	97717
12700	31208	30934	320602
12700	33314	32973	276611
12700	33451	33070	91190
12700	32737	32438	313455
12700	31324	31045	282984
12700	33470	33098	307235
12700	32968	32630	320748
12700	34078	33669	108477
12700	31402	31122	126134
12700	33735	33343	124783
12700	33336	32973	112199
12700	33468	33080	315363
12700	31012	30758	135513
12700	30837	30583	114054
12700	33129	32788	142356
12700	33268	32874	306355
12700	33390	33060	292939
12700	33408	33042	312377
12700	34482	34054	141529
12700	31006	30707	335202
12700	33906	33511	132593
12700	33106	32768	293544
12700	32935	32596	311156
12700	33469	33060	123694
12700	30933	30622	85364
12700	34037	33690	103488
12700	33477	33135	337769
12700	33850	33500	299573
12700	32042	31738	147283
12700	33083	32742	286540
12700	33609	33243	304902
12700	31853	31573	143404
12700	31802	31495	141310
12700	30080	29827	327630
12700	31685	31348	306692
12700	32884	32567	283943
12700	32017	31691	85144
12700	33519	33172	296524
12700	34072	33688	315034
12700	31605	31309	91460
12700	33068	32704	299598
12700	33262	32934	127136
12700	33386	33013	305345
12700	33130	32753	102549
12700	31750	31431	95279
12800	33913	33547	315037
12800	30826	30553	286317
12800	33569	33257	288800
12800	30888	30622	130729
12800	33307	32960	140244
12800	32330	32016	334673
12800	33661	33273	289793
12800	34042	33668	125403
12800	33928	33563	91507
12800	33479	33077	144465
12800	32995	32695	100397
12800	33357	33030	279327
12800	31303	31000	292328
12800	33052	32709	296788
12800	34054	33720	86759
12800	33123	32793	305290
12800	34416	33997	329640
12800	31858	31547	132520
12800	31504	31203	117915
12800	34017	33619	296278
12800	31812	31529	334340
12800	31706	31437	136036
12800	32815	32509	97587
12800	32779	32447	327895
12800	33574	33188	94088
12800	33776	33410	324639
12800	31078	30787	128359
12800	32034	31722	103312
12800	33440	33076	121206
12800	34554	34165	286496
12800	31495	31184	103868
12800	33266	32891	279094
12800	32772	32475	142400
12800	34438	34053	87799
12800	32846	32571	100244
12800	34550	34128	296232
12800	33330	32961	328908
12800	34084	33652	280087
12800	33712	33341	277352
12800	34052	33678	120556
12800	33633	33240	333513
12800	33236	32915	114696
12800	33928	33568	96045
12800	34097	33715	340094
12800	33647	33283	330831
12800	33586	33246	114423
12800	33592	33192	146442
12800	34050	33658	286074
12800	32807	32474	90170
12800	33405	33017	305150
12900	33921	33537	98513
12900	31570	31254	86852
12900	33800	33454	305443
12900	34205	33874	298314
12900	33216	32878	142398
12900	33324	32945	312633
12900	33918	33555	146294
12900	34473	34079	142036
12900	34248	33825	323421
12900	34319	33923	314529
12900	33188	32850	126394
12900	34614	34219	324351
12900	33977	33648	301590
12900	34015	33694	125554
12900	33276	32950	338934
12900	34186	33841	284600
12900	33586	33210	290802
12900	33724	33372	295523
12900	34625	34235	94801
12900	16779	16677	293397
12900	33967	33606	86253
12900	34615	34195	109141
12900	34460	34060	286312
12900	33965	33637	285500
12900	34514	34120	121279
12900	34847	34442	283120
12900	33385	33057	108531
12900	33659	33326	329291
12900	33546	33202	298849
12900	33387	33031	329441
12900	34557	34146	319928
12900	32404	32083	127109
12900	33427	33082	293330
12900	33880	33532	103804
12900	33534	33182	89286
12900	33808	33456	303449
12900	33337	32978	334715
12900	33512	33192	113066
12900	33791	33439	144256
12900	33415	33084	339596
12900	33921	33531	287101
12900	34688	34305	89148
12900	33816	33429	128464
12900	34278	33921	126735
12900	34818	34420	304650
12900	32704	32383	117625
12900	16427	16333	291810
12900	34137	33780	294657
12900	34135	33781	338136
12900	34130	33757	134480
13000	34335	33982	289143
13000	34189	33828	129215
13000	33955	33567	331201
13000	33472	33126	321396
13000	16760	16663	312091
13000	34527	34140	309707
13000	34746	34352	338546
13000	16718	16636	318657
13000	35152	34740	108674
13000	16906	16797	137783
13000	35014	34608	132539
13000	33397	33049	95052
13000	33754	33395	101609
13000	33689	33313	337452
13000	33927	33523	302734
13000	34125	33775	302769
13000	34132	33735	102456
13000	34148	33736	345394
13000	34185	33842	93259
13000	35130	34746	145000
13000	34206	33818	332238
13000	33875	33528	126734
13000	33983	33654	294183
13000	34468	34074	322424
13000	33631	33284	343702
13000	31971	31654	330848
13000	33806	33499	315074
13000	34143	33705	331864
13000	33974	33641	330062
13000	33855	33494	315429
13000	32565	32292	92005
13000	33800	33479	299914
13000	34212	33838	138141
13000	34690	34277	309987
13000	34318	33934	139294
13000	33546	33236	113245
13000	32728	32423	341376
13000	16672	16567	127360
13000	32932	32604	318387
13000	33153	32830	341900
13000	16835	16734	308083
13000	33300	32925	292919
13000	34255	33889	284913
13000	33759	33405	325428
13000	33579	33270	306574
13000	35047	34597	311303
13000	34728	34333	344084
13000	34415	34009	98324
13000	33118	32825	300780
13000	16874	16761	93618
13100	34598	34223	295317
13100	34425	34070	348166
13100	34047	33706	115617
13100	34892	34534	345360
13100	34236	33881	100098
13100	17167	17042	326584
13100	16787	16687	108133
13100	33946	33642	87352
13100	34204	33832	294897
13100	34333	33971	140665
13100	34606	34258	114897
13100	34702	34290	304159
13100	34671	34293	316777
13100	34582	34175	323869
13100	34456	34086	147081
13100	34730	34357	129010
13100	34888	34467	141052
13100	34216	33861	345194
13100	33522	33178	132132
13100	33584	33259	99672
13100	34367	33986	327117
13100	34471	34043	307866
13100	33676	33309	129775
13100	33920	33596	322264
13100	34340	33977	320622
13100	34182	33812	88776
13100	34498	34146	100225
13100	34302	33908	292797
13100	34076	33700	111098
13100	34597	34214	325451
13100	34520	34128	288879
13100	34369	34033	126919
13100	34523	34182	128804
13100	35463	35045	319368
13100	33165	32837	143210
13100	34389	34019	347940
13100	35376	34990	135904
13100	35077	34627	321227
13100	32447	32125	91233
13100	34803	34447	120853
13100	33772	33433	335156
13100	34470	34114	138323
13100	34274	33916	109814
13100	34739	34350	109402
13100	34532	34185	116289
13100	34430	34108	118443
13100	34231	33874	316475
13100	34456	34091	144471
13100	34506	34153	334683
13100	34885	34525	145754
13200	32527	32277	316676
13200	33988	33669	149643
13200	35362	34970	118938
13200	34572	34221	149186
13200	34176	33849	136450
13200	34926	34543	313204
13200	15049	15027	317340
13200	35452	35129	110181
13200	34628	34278	105875
13200	32074	31818	137348
13200	34856	34452	143747
13200	34415	34039	134824
13200	35306	34946	346066
13200	34789	34427	128376
13200	32693	32410	290224
13200	35030	34652	130222
13200	33172	32891	133942
13200	32959	32655	89387
13200	34203	33850	90909
13200	32824	32523	148534
13200	33160	32817	151854
13200	34727	34313	97849
13200	35162	34732	325604
13200	33762	33439	125942
13200	34506	34175	136311
13200	35316	34922	297936
13200	33680	33347	123412
13200	33943	33610	126297
13200	32890	32578	149642
13200	34409	34046	116733
13200	34216	33874	98139
13200	32063	31807	131900
13200	34005	33684	88584
13200	33773	33419	339029
13200	34797	34424	113079
13200	32569	32231	99131
13200	32897	32605	287306
13200	17144	17039	286510
13200	32568	32294	298749
13200	33981	33640	94953
13200	34459	34100	120847
13200	32786	32489	350353
13200	32188	31923	125499
13200	32090	31831	121526
13200	34200	33843	116534
13200	34075	33785	346707
13200	33989	33668	147613
13200	32458	32184	150131
13200	34503	34112	97139
13200	32087	31778	310606
13300	35608	35208	331765
13300	35096	34754	151106
13300	34819	34472	132528
13300	35103	34721	288943
13300	35254	34888	352935
13300	34984	34646	322355
13300	35423	35044	350683
13300	35702	35312	107045
13300	35390	35023	148965
13300	34382	34047	113968
13300	34181	33859	341544
13300	35718	35357	309236
13300	34555	34201	116304
13300	36149	35758	88713
13300	34977	34610	128227
13300	34790	34443	318316
13300	34942	34566	297257
13300	34659	34308	119163
13300	34052	33709	291947
13300	34674	34294	335830
13300	35364	35013	329649
13300	35068	34668	98456
13300	34564	34197	332552
13300	34120	33777	121842
13300	34220	33878	335669
13300	33745	33434	301565
13300	34812	34439	98000
13300	34577	34184	95176
13300	34943	34590	111037
13300	34472	34149	347548
13300	34095	33738	102723
13300	34253	33936	108703
13300	34797	34446	105966
13300	33835	33482	291027
13300	34992	34610	100545
13300	34457	34099	109006
13300	35812	35381	307546
13300	35162	34786	154029
13300	34464	34096	339869
13300	35482	35109	90564
13300	34625	34267	107065
13300	34626	34301	94937
13300	35058	34703	120021
13300	34095	33748	331815
13300	34509	34133	140484
13300	35305	34968	134639
13300	34979	34621	136208
13300	34862	34512	118054
13300	34482	34123	121580
13300	35481	35113	330592
13400	35576	35214	314830
13400	34384	34057	121436
13400	17779	17646	292025
13400	35254	34911	122333
13400	35649	35297	155008
13400	34905	34529	336062
13400	34895	34535	309395
13400	35115	34737	301101
13400	35798	35392	331650
13400	35239	34890	122011
13400	34679	34324	341888
13400	34316	34018	154033
13400	34626	34306	92286
13400	35425	35070	96355
13400	35066	34695	114105
13400	35507	35121	317682
13400	35431	35047	348814
13400	17574	17440	109870
13400	34450	34095	125480
13400	34851	34497	109752
13400	35128	34770	305380
13400	17116	17017	300288
13400	34238	33878	95624
13400	34755	34435	353898
13400	35327	34956	112215
13400	17320	17213	145433
13400	34539	34182	317315
13400	34703	34359	306655
13400	17289	17189	291504
13400	35357	34939	320185
13400	33830	33497	90039
13400	35136	34785	307640
13400	35150	34779	318280
13400	34936	34565	155215
13400	35016	34672	295838
13400	34888	34557	127755
13400	35068	34693	333461
13400	17514	17394	333835
13400	35582	35235	124175
13400	17446	17336	113557
13400	35416	35074	303018
13400	34846	34495	98361
13400	34858	34482	306060
13400	35034	34695	307117
13400	34842	34519	290839
13400	35606	35255	295205
13400	35327	34992	119049
13400	17135	17047	103295
13400	17448	17342	340477
13400	34620	34279	100556
13500	36101	35736	156746
13500	17182	17096	297164
13500	34013	33714	303549
13500	17608	17493	334389
13500	35048	34732	133097
13500	35509	35154	326340
13500	34772	34448	96286
13500	35003	34674	348923
13500	35679	35257	136110
13500	33487	33185	294196
13500	36043	35641	132913
13500	35331	34992	308996
13500	36912	36463	300171
13500	34871	34552	142782
13500	35344	34968	297296
13500	35060	34725	121223
13500	35465	35087	295699
13500	34604	34263	339599
13500	34705	34352	319949
13500	36265	35886	333463
13500	34094	33749	115709
13500	17437	17329	125408
13500	35532	35149	305552
13500	35671	35294	127183
13500	35646	35276	114638
13500	33575	33254	320799
13500	35797	35472	358959
13500	34523	34192	90280
13500	35888	35487	325588
13500	35161	34806	328777
13500	34339	34010	319411
13500	35096	34701	144974
13500	33059	32808	144797
13500	35739	35329	150506
13500	34960	34606	352622
13500	35279	34962	353185
13500	36850	36418	347986
13500	33321	33002	97632
13500	34297	33967	351536
13500	35427	35083	341246
13500	15472	15441	313921
13500	34249	33969	330634
13500	35242	34884	97923
13500	36311	35898	294878
13500	35321	34960	155368
13500	35085	34749	324328
13500	33226	32932	111310
13500	35942	35558	322937
13500	35515	35162	142092
13500	35031	34646	116952
13600	17785	17674	108106
13600	35511	35164	327075
13600	36302	35942	313936
13600	35465	35127	121725
13600	35556	35151	99656
13600	35816	35418	315117
13600	35230	34896	318113
13600	33440	33145	135755
13600	35182	34850	303663
13600	35176	34865	142264
13600	35998	35615	323523
13600	35503	35173	319992
13600	34967	34623	323541
13600	36119	35747	95717
13600	35931	35560	300430
13600	35888	35491	156608
13600	35812	35459	303689
13600	36670	36280	151466
13600	35645	35318	328545
13600	33977	33670	127420
13600	35930	35556	95438
13600	36126	35732	116705
13600	35799	35411	359547
13600	35123	34731	355095
13600	32863	32605	92096
13600	35180	34817	298923
13600	17459	17369	324130
13600	35886	35537	295962
13600	35152	34776	125966
13600	17858	17742	323375
13600	35315	34972	329626
13600	35567	35225	297504
13600	35817	35442	342179
13600	34985	34636	133265
13600	35837	35457	149173
13600	35974	35590	311872
13600	17700	17586	303550
13600	35222	34867	361437
13600	36022	35637	354768
13600	35812	35449	120463
13600	35042	34682	346294
13600	36553	36150	300660
13600	36055	35681	307587
13600	36515	36077	309702
13600	35515	35164	326279
13600	35522	35117	156905
13600	35337	34990	136803
13600	36057	35698	116788
13600	35321	34965	354511
13600	35916	35537	105337
13700	35911	35574	158012
13700	33017	32720	107672
13700	35424	35067	102152
13700	33347	33048	345861
13700	35545	35216	324276
13700	34793	34425	121738
13700	35930	35578	312472
13700	36359	35952	118973
13700	35092	34736	139170
13700	36483	36066	331274
13700	34996	34637	343116
13700	36107	35700	344269
13700	35749	35379	124634
13700	34389	34104	95005
13700	36110	35735	336686
13700	35868	35478	147080
13700	35736	35360	357145
13700	35946	35550	141781
13700	35953	35609	346906
13700	35993	35663	137369
13700	36672	36309	113471
13700	35429	35079	308531
13700	36111	35755	157577
13700	35519	35201	129547
13700	35447	35119	330616
13700	35468	35119	101332
13700	35032	34733	337887
13700	35401	35073	153611
13700	35360	35015	342185
13700	17817	17700	311163
13700	35475	35114	338294
13700	36140	35718	124654
13700	36243	35873	363246
13700	35708	35329	134121
13700	35950	35595	106786
13700	35887	35483	132157
13700	35001	34656	299362
13700	17695	17580	129150
13700	36218	35860	109661
13700	36604	36218	302026
13700	35157	34827	326038
13700	17899	17790	352171
13700	35731	35362	112921
13700	35689	35330	362892
13700	36850	36441	303927
13700	36190	35852	359524
13700	37776	37377	327999
13700	33841	33517	340606
13700	35621	35245	322754
13700	35690	35354	145302
13800	36327	35930	130409
13800	35705	35371	359265
13800	35316	34976	302375
13800	35642	35323	125618
13800	36391	36022	143899
13800	34682	34364	122752
13800	17512	17434	364954
13800	34079	33796	140884
13800	35001	34654	364654
13800	35736	35393	339725
13800	35910	35600	94465
13800	35209	34854	304331
13800	33668	33414	150535
13800	36990	36585	95481
13800	37163	36764	131649
13800	35737	35384	99049
13800	35480	35144	327529
13800	35711	35328	109560
13800	36202	35816	334021
13800	36202	35862	126329
13800	37232	36792	357159
13800	35549	35210	92462
13800	36185	35796	101980
13800	36689	36362	329735
13800	36367	36022	114954
13800	36058	35734	357270
13800	35215	34866	130718
13800	36139	35771	111737
13800	36105	35759	109997
13800	35118	34828	356279
13800	36751	36363	142075
13800	36427	36075	147823
13800	35940	35586	336665
13800	35700	35336	349698
13800	36433	36065	98589
13800	36061	35699	348110
13800	36057	35707	120903
13800	35975	35582	92002
13800	36309	35948	125431
13800	36126	35780	137359
13800	35716	35350	343157
13800	35925	35552	109094
13800	35455	35153	313924
13800	36532	36176	342418
13800	33466	33204	316763
13800	36116	35773	360900
13800	35373	34995	159385
13800	37199	36824	108157
13800	35982	35599	147072
13800	35352	34992	132990
13900	17884	17797	332787
13900	35501	35179	131623
13900	36237	35864	106139
13900	36327	35934	96019
13900	35658	35295	342968
13900	36435	36072	306428
13900	36129	35791	319701
13900	37569	37159	138087
13900	37137	36760	132111
13900	37091	36688	107149
13900	34313	34010	357477
13900	36513	36146	324487
13900	36421	36079	322578
13900	36719	36365	313806
13900	37784	37386	95619
13900	36519	36190	350333
13900	36678	36302	97760
13900	35794	35443	96704
13900	36754	36401	150026
13900	35724	35378	362422
13900	37053	36622	118281
13900	36101	35761	350328
13900	36908	36518	118742
13900	37071	36693	146838
13900	36248	35890	322034
13900	37388	36975	137551
13900	35964	35593	329079
13900	36144	35717	359626
13900	36872	36443	302299
13900	35941	35608	154446
13900	35291	34986	112230
13900	35943	35610	151396
13900	37106	36722	103942
13900	35110	34781	301654
13900	35774	35433	107816
13900	37184	36830	97052
13900	36535	36146	324716
13900	36422	36054	336897
13900	17956	17852	304000
13900	36516	36174	115456
13900	37090	36666	145135
13900	35940	35593	350116
13900	36927	36555	126199
13900	36885	36487	338325
13900	37635	37192	131582
13900	35710	35373	96988
13900	36561	36218	349993
13900	36995	36636	140628
13900	37002	36610	305616
13900	35395	35034	119218
14000	34671	34373	160723
14000	36819	36459	132382
14000	35797	35470	128117
14000	34003	33725	159828
14000	37737	37333	130303
14000	36878	36508	305405
14000	36863	36510	319181
14000	35487	35189	155454
14000	37126	36746	314870
14000	34202	33886	361415
14000	35983	35619	307018
14000	34293	34033	144317
14000	37636	37240	112932
14000	38405	37972	345210
14000	34423	34164	117170
14000	38171	37688	139123
14000	34656	34338	326654
14000	36503	36168	328575
14000	34901	34591	353712
14000	34568	34235	360307
14000	37180	36822	325312
14000	35640	35321	353404
14000	37424	37025	101245
14000	36353	36005	334974
14000	36377	36042	341097
14000	36149	35784	130964
14000	35441	35149	341937
14000	36530	36125	132915
14000	35484	35183	340650
14000	34468	34192	140052
14000	37203	36811	141236
14000	37275	36882	337935
14000	33816	33550	317363
14000	33943	33685	113623
14000	37047	36663	336451
14000	37238	36819	308184
14000	34478	34160	148941
14000	35018	34710	111420
14000	35746	35431	365405
14000	37114	36737	145959
14000	34048	33776	316156
14000	33881	33568	331510
14000	36108	35784	304762
14000	36649	36277	362412
14000	36106	35778	347125
14000	35904	35591	330519
14000	35231	34927	326573
14000	34507	34202	134693
14000	35016	34710	347255
14000	34148	33826	156326
14100	36500	36153	355793
14100	36581	36221	362203
14100	37521	37143	133607
14100	36689	36332	339086
14100	36917	36576	104388
14100	35683	35356	131632
14100	36350	35980	105692
14100	36530	36158	132030
14100	36491	36137	144837
14100	36542	36185	151267
14100	18075	17973	133818
14100	18001	17905	113517
14100	18443	18314	108146
14100	36840	36482	102944
14100	37536	37148	365753
14100	37506	37090	98365
14100	37147	36785	125694
14100	38073	37656	375841
14100	36681	36324	129561
14100	37147	36775	336258
14100	36768	36421	142264
14100	37591	37195	130542
14100	37052	36663	344830
14100	36388	36002	97578
14100	36077	35724	312677
14100	18072	17969	144633
14100	37139	36722	134845
14100	36523	36187	346925
14100	36493	36154	128382
14100	37142	36761	109431
14100	18428	18324	346586
14100	36700	36354	99036
14100	36145	35802	117014
14100	18222	18122	347217
14100	37090	36690	354220
14100	36118	35759	310314
14100	18131	18028	139411
14100	37132	36733	118627
14100	36193	35862	316221
14100	37006	36635	331567
14100	36306	35923	98623
14100	18024	17933	95342
14100	37936	37514	341864
14100	37535	37144	344314
14100	36925	36596	144381
14100	36269	35940	335360
14100	37152	36731	316748
14100	36724	36341	107038
14100	37279	36883	109013
14100	36283	35974	158418
14200	37661	37296	160023
14200	36055	35729	373316
14200	37248	36900	108390
14200	37614	37207	375651
14200	37117	36745	155235
14200	38474	38059	136459
14200	37600	37189	160576
14200	38214	37832	314399
14200	34943	34696	352007
14200	37115	36743	131275
14200	37171	36817	157489
14200	36827	36424	127239
14200	37132	36753	320841
14200	36440	36116	121066
14200	37598	37212	142094
14200	36593	36231	372474
14200	36623	36290	110328
14200	36960	36555	100554
14200	36654	36300	129632
14200	36741	36390	373156
14200	37682	37281	377749
14200	37544	37156	99538
14200	36793	36479	134051
14200	36204	35816	334965
14200	36562	36172	360931
14200	36388	36095	376800
14200	38098	37663	157936
14200	37987	37591	325936
14200	36919	36543	157761
14200	36713	36376	149782
14200	37678	37289	118482
14200	37147	36759	317306
14200	36018	35685	307681
14200	37309	36902	361576
14200	36636	36272	142942
14200	18034	17942	375657
14200	37620	37219	106927
14200	37156	36802	134669
14200	37295	36891	319501
14200	36486	36138	330002
14200	37274	36914	107370
14200	37388	36967	339165
14200	36460	36098	138190
14200	37115	36758	337615
14200	37673	37280	363009
14200	37379	37040	150626
14200	18540	18412	367900
14200	36838	36474	323372
14200	36251	35905	95503
14200	36789	36421	162741
14300	37012	36635	367206
14300	36923	36622	333327
14300	36497	36172	102199
14300	37765	37365	114582
14300	36890	36555	371744
14300	37146	36792	158101
14300	18651	18544	132075
14300	36660	36325	363759
14300	37070	36758	337996
14300	37866	37459	159335
14300	36953	36595	348704
14300	38396	38003	96040
14300	18508	18405	347379
14300	18750	18624	158136
14300	37135	36782	370232
14300	37132	36833	99500
14300	37339	36930	381075
14300	37905	37524	341792
14300	36965	36609	348090
14300	37108	36727	127837
14300	37473	37091	145355
14300	18485	18373	311916
14300	18394	18303	372908
14300	18293	18205	374135
14300	38033	37613	363414
14300	38128	37731	342348
14300	37148	36770	146202
14300	37533	37134	156250
14300	37616	37230	341522
14300	38920	38505	132013
14300	37717	37349	371818
14300	36597	36279	115602
14300	37200	36820	321747
14300	18516	18393	377133
14300	36951	36605	359308
14300	38092	37666	366701
14300	38024	37606	128713
14300	18136	18057	348662
14300	18517	18395	311547
14300	37185	36810	125361
14300	18297	18194	319235
14300	38276	37832	143602
14300	18426	18329	103523
14300	35883	35563	103834
14300	38685	38244	153935
14300	36252	35919	163871
14300	37440	37068	343566
14300	36981	36611	331513
14300	36995	36624	114611
14300	38117	37726	154663
14400	38235	37849	371220
14400	38284	37904	107856
14400	38047	37652	382083
14400	38254	37862	361587
14400	37569	37212	354984
14400	37243	36884	109288
14400	36892	36529	368565
14400	38706	38250	370391
14400	36750	36416	362353
14400	37705	37327	324548
14400	37285	36935	107589
14400	38100	37710	155192
14400	38111	37730	149233
14400	37120	36744	327190
14400	18947	18821	333901
14400	37536	37169	114455
14400	38183	37762	320403
14400	37122	36724	158416
14400	18743	18631	339231
14400	37318	36958	367207
14400	38655	38254	318304
14400	36913	36594	358646
14400	37453	37084	155148
14400	37655	37271	157705
14400	38034	37653	320122
14400	39178	38711	116900
14400	37043	36676	313260
14400	18710	18593	110810
14400	37964	37570	352314
14400	37235	36854	142507
14400	36727	36362	160974
14400	37995	37640	138180
14400	38563	38154	119285
14400	37579	37203	341148
14400	37425	37061	383528
14400	38187	37744	100335
14400	37225	36859	380624
14400	37850	37483	102484
14400	38792	38402	329366
14400	38525	38127	340858
14400	37613	37260	146203
14400	37822	37444	114995
14400	36650	36304	332767
14400	37891	37536	364361
14400	37890	37479	317724
14400	38491	38109	355447
14400	37563	37191	165052
14400	38322	37936	315227
14400	37443	37069	157889
14400	37806	37460	145012
14500	35428	35112	132046
14500	37169	36828	351491
14500	37246	36881	103237
14500	36003	35714	101153
14500	37915	37522	132173
14500	38703	38285	155570
14500	34949	34691	334366
14500	37626	37221	128225
14500	38027	37675	371703
14500	37885	37515	348356
14500	38292	37874	142038
14500	38703	38313	121315
14500	38156	37754	348967
14500	37755	37361	164798
14500	38500	38074	119553
14500	35459	35158	356463
14500	37433	37109	160823
14500	36062	35774	386450
14500	38016	37638	329295
14500	37834	37479	344088
14500	38541	38157	127436
14500	36519	36225	373372
14500	37849	37497	335567
14500	35856	35569	166352
14500	38182	37802	126216
14500	35964	35644	372856
14500	38514	38120	350702
14500	37716	37318	130938
14500	38845	38468	345238
14500	38684	38295	134072
14500	37526	37174	369286
14500	36339	36021	99000
14500	37499	37134	335350
14500	35481	35167	167079
14500	38124	37748	154653
14500	37504	37179	125607
14500	35564	35241	316387
14500	38227	37830	162596
14500	37548	37174	148942
14500	37943	37549	140841
14500	38798	38400	105399
14500	37668	37338	352713
14500	37584	37227	338412
14500	38536	38129	103328
14500	35746	35419	377760
14500	38172	37772	120081
14500	37386	36994	384334
14500	38129	37744	324693
14500	38593	38203	144807
14500	37393	37046	152932
14600	37428	37062	346939
14600	18918	18819	368072
14600	37218	36841	321080
14600	37750	37376	133968
14600	38175	37765	354813
14600	38106	37754	162642
14600	37399	37075	358458
14600	37605	37212	115392
14600	38077	37690	168236
14600	37366	37010	367408
14600	38467	38054	337375
14600	38241	37856	159615
14600	39094	38685	156366
14600	38912	38531	97863
14600	37898	37526	325382
14600	38065	37700	380663
14600	37915	37534	363616
14600	37643	37286	169990
14600	18851	18740	107475
14600	38780	38391	351383
14600	37988	37620	103232
14600	37949	37589	102710
14600	38328	37954	133864
14600	37924	37600	116499
14600	38034	37617	342113
14600	36911	36601	341400
14600	37908	37506	152071
14600	38311	37951	376339
14600	38920	38489	98597
14600	38444	38100	123543
14600	39041	38671	113779
14600	38325	37915	148378
14600	37293	36968	381268
14600	37819	37455	384169
14600	38616	38222	114758
14600	19363	19207	381045
14600	37869	37450	371615
14600	39596	39138	349963
14600	37493	37115	166779
14600	38736	38362	368989
14600	37827	37455	105272
14600	38468	38112	316509
14600	39008	38564	320167
14600	37572	37227	388699
14600	38045	37684	114497
14600	38885	38503	376085
14600	39397	38969	158174
14600	38780	38374	333792
14600	37940	37608	129149
14600	38344	37935	347228
14700	38696	38276	352456
14700	37650	37333	108558
14700	37416	37088	357930
14700	39207	38832	124118
14700	38325	37930	157100
14700	39683	39241	369739
14700	37369	37033	333794
14700	37057	36726	127824
14700	38874	38463	366451
14700	38400	38061	161681
14700	37672	37310	130892
14700	37741	37362	388260
14700	38708	38304	114420
14700	37531	37153	358833
14700	38520	38115	380014
14700	37670	37319	160759
14700	37807	37447	165124
14700	37610	37248	166342
14700	38535	38161	117891
14700	37395	37059	342735
14700	37440	37112	166157
14700	38665	38301	350293
14700	38350	37978	378000
14700	37383	37080	337284
14700	38061	37661	364122
14700	39714	39255	161527
14700	37223	36916	163741
14700	38727	38345	334385
14700	37767	37349	109301
14700	38558	38190	163138
14700	38334	37967	142050
14700	38198	37848	114254
14700	37257	36949	135399
14700	39046	38684	102349
14700	38116	37744	320372
14700	38440	38018	372032
14700	39493	39064	346684
14700	37347	37001	361955
14700	37336	37050	360932
14700	38319	37929	152089
14700	38372	38000	102087
14700	39179	38804	167910
14700	38055	37718	165405
14700	38579	38160	130699
14700	37965	37579	132345
14700	37696	37416	323684
14700	38925	38523	361343
14700	39218	38784	320946
14700	39002	38584	341650
14700	37910	37572	166848
14800	38129	37779	135282
14800	37991	37595	157502
14800	39374	38946	136744
14800	19313	19188	141016
14800	39830	39407	323943
14800	38964	38554	151498
14800	38068	37712	146047
14800	39639	39196	113137
14800	40017	39572	120004
14800	35392	35151	349146
14800	38630	38254	110414
14800	38602	38213	376304
14800	36050	35738	392353
14800	37947	37609	321276
14800	40083	39647	117889
14800	38276	37927	348786
14800	38484	38109	122062
14800	39286	38870	154257
14800	38531	38158	135366
14800	38794	38398	102671
14800	38683	38317	105379
14800	38124	37737	121082
14800	38351	37968	372896
14800	38879	38500	382953
14800	38847	38451	356103
14800	38383	38012	115893
14800	37882	37551	378194
14800	37450	37121	360383
14800	39655	39244	115037
14800	38738	38363	105592
14800	38448	38094	151025
14800	38076	37737	337634
14800	37382	37086	107039
14800	39256	38867	388359
14800	39184	38746	102535
14800	38579	38180	126687
14800	38714	38319	148402
14800	39230	38843	375376
14800	38221	37859	333480
14800	38945	38557	349533
14800	37912	37556	360968
14800	37755	37380	325890
14800	38044	37694	128874
14800	38477	38109	393695
14800	38276	37912	387425
14800	38711	38309	146244
14800	38125	37767	373487
14800	37770	37463	132806
14800	39528	39082	158602
14800	39032	38635	135807
14900	38869	38462	360873
14900	38353	37975	362180
14900	40143	39727	389789
14900	19472	19357	385593
14900	38655	38264	120811
14900	39508	39087	134146
14900	19229	19117	335894
14900	39160	38751	367431
14900	38701	38305	359456
14900	38475	38134	346334
14900	36466	36170	141615
14900	39603	39212	331233
14900	39026	38642	107636
14900	39279	38902	392942
14900	37831	37499	384099
14900	38747	38351	143757
14900	39465	39066	139910
14900	38627	38255	341837
14900	36445	36149	369587
14900	38925	38548	354763
14900	38284	37930	137195
14900	38698	38291	348038
14900	39044	38681	330045
14900	39620	39180	340732
14900	36911	36563	388891
14900	40112	39681	354968
14900	39278	38895	357090
14900	38641	38277	391471
14900	39771	39370	387311
14900	37970	37642	397054
14900	39254	38851	378319
14900	39679	39257	105331
14900	39305	38900	332254
14900	39598	39151	358818
14900	38582	38236	155044
14900	38176	37806	323849
14900	39071	38710	127072
14900	39354	38960	339352
14900	37976	37655	105422
14900	38809	38428	150688
14900	39863	39491	132087
14900	38649	38261	329328
14900	39590	39215	376734
14900	38960	38591	345288
14900	38572	38213	144376
14900	39761	39366	117860
14900	38747	38421	152056
14900	38916	38527	159806
14900	38879	38545	157769
14900	38595	38254	342771
15000	37984	37638	372712
15000	38291	37951	114241
15000	38830	38459	140261
15000	39011	38626	105715
15000	38224	37930	355829
15000	39827	39391	165211
15000	19259	19161	344903
15000	39332	38948	142120
15000	39132	38757	134985
15000	39371	39023	152112
15000	38585	38222	117830
15000	38921	38567	329779
15000	40121	39716	164979
15000	19415	19303	173856
15000	38913	38485	396306
15000	40094	39665	157780
15000	39183	38784	382139
15000	39377	38952	327812
15000	39113	38744	340138
15000	39700	39301	165826
15000	38757	38420	118099
15000	39701	39311	102589
15000	38897	38550	121734
15000	39414	39001	336652
15000	38733	38379	356605
15000	39299	38919	134143
15000	38192	37868	345534
15000	19272	19164	399407
15000	38837	38448	137606
15000	39440	39075	338696
15000	38059	37714	132527
15000	38820	38492	165186
15000	39722	39333	385729
15000	40112	39706	387277
15000	38234	37848	138975
15000	39682	39241	398570
15000	40441	39989	121961
15000	38660	38307	350371
15000	39695	39307	165639
15000	39064	38705	116901
15000	39664	39274	106252
15000	19479	19368	371628
15000	39308	38932	145930
15000	38627	38266	115387
15000	19409	19292	331445
15000	40048	39660	356464
15000	37841	37509	109243
15000	39393	39014	389435
15000	39418	39044	173702
15000	39319	38913	124478
15100	38527	38155	113505
15100	39213	38798	128973
15100	39436	39090	398162
15100	38919	38567	396426
15100	39619	39194	119691
15100	39525	39151	374226
15100	39581	39198	370278
15100	39543	39160	391715
15100	38555	38192	163552
15100	39858	39452	377817
15100	39174	38803	167573
15100	39543	39145	163613
15100	39292	38928	121762
15100	39418	39011	353560
15100	39681	39310	336100
15100	40483	40067	150924
15100	39648	39262	331041
15100	40207	39788	348762
15100	39510	39147	101908
15100	38634	38275	113352
15100	38736	38393	339654
15100	38764	38414	167151
15100	39221	38875	102884
15100	19057	18968	100773
15100	39025	38652	368157
15100	39453	39081	147433
15100	39354	38986	129610
15100	39638	39265	330965
15100	39220	38831	155982
15100	40234	39827	360623
15100	38984	38664	119532
15100	38809	38425	147498
15100	40129	39698	364890
15100	39851	39416	119831
15100	37050	36741	121656
15100	39497	39150	399017
15100	39523	39117	123396
15100	39798	39405	354199
15100	39790	39412	334098
15100	39877	39437	154970
15100	39351	38941	131517
15100	38475	38154	166371
15100	39329	38937	393106
15100	38950	38583	105396
15100	40389	39940	374353
15100	38912	38565	156123
15100	39111	38743	385555
15100	38501	38127	352715
15100	38957	38616	398129
15100	39919	39496	174254
15200	39102	38746	147468
15200	19485	19379	402542
15200	39612	39271	150682
15200	40129	39746	138800
15200	19397	19303	397008
15200	39291	38936	146421
15200	39357	39000	369194
15200	39194	38846	346682
15200	39107	38756	137075
15200	38916	38573	347475
15200	40184	39756	329345
15200	39581	39213	344529
15200	39392	39035	164112
15200	38876	38524	109143
15200	39794	39394	175274
15200	39607	39193	377179
15200	19794	19681	351961
15200	39432	39095	127441
15200	40009	39600	354508
15200	38376	38007	177034
15200	40436	40016	162506
15200	39960	39534	135833
15200	39888	39523	403560
15200	39449	39060	351639
15200	40477	40049	400816
15200	40248	39864	343987
15200	39163	38793	167185
15200	39512	39144	137527
15200	39768	39374	355877
15200	40468	40033	148455
15200	19236	19164	155487
15200	39209	38845	391424
15200	39466	39108	382097
15200	39832	39445	395647
15200	39278	38927	331464
15200	19688	19578	335937
15200	40738	40281	109107
15200	39314	38945	382103
15200	19687	19580	136372
15200	38671	38305	146133
15200	39650	39305	118545
15200	39105	38789	148545
15200	19560	19461	132822
15200	19973	19853	172117
15200	39283	38899	159333
15200	40168	39762	147414
15200	40767	40357	363826
15200	39531	39111	173858
15200	39915	39526	381346
15200	39596	39211	379082
15300	37556	37296	169284
15300	40348	39929	385153
15300	39494	39153	114188
15300	39528	39151	352111
15300	38670	38350	406573
15300	40990	40591	398894
15300	38134	37817	152933
15300	38027	37700	346915
15300	40303	39922	152683
15300	19468	19383	370965
15300	37261	36958	148554
15300	38298	37957	383999
15300	41588	41132	350640
15300	40101	39720	384076
15300	39715	39326	384896
15300	37573	37262	118186
15300	37166	36862	112134
15300	36761	36489	374218
15300	40135	39747	121008
15300	37273	36969	107281
15300	39822	39440	172099
15300	38521	38191	357434
15300	40079	39715	127838
15300	37369	37054	112895
15300	39177	38837	133296
15300	39692	39346	386535
15300	38372	38053	358264
15300	36570	36334	397043
15300	40242	39865	132539
15300	37951	37646	332026
15300	38376	38036	407481
15300	37926	37623	103896
15300	40217	39837	158224
15300	37163	36892	102724
15300	40590	40147	364341
15300	39178	38802	112580
15300	39221	38872	113205
15300	39315	38948	176694
15300	38049	37777	370251
15300	38907	38591	137990
15300	37285	36982	109898
15300	40044	39695	175674
15300	38012	37732	342727
15300	40375	39982	354378
15300	36998	36741	391627
15300	39008	38618	390891
15300	37428	37120	335562
15300	17241	17231	372932
15300	38624	38310	335571
15300	38135	37825	382014
15400	36839	36557	381986
15400	40128	39772	375394
15400	36809	36538	337177
15400	40312	39920	402555
15400	39838	39445	131252
15400	38477	38144	337009
15400	39898	39501	166798
15400	39888	39551	103145
15400	39806	39464	342438
15400	40303	39872	163996
15400	40650	40217	395586
15400	37283	37017	120508
15400	40426	40037	156761
15400	40784	40348	170817
15400	37576	37331	397205
15400	40469	39995	111262
15400	36791	36558	388175
15400	38180	37840	346326
15400	39964	39598	119547
15400	38417	38141	341764
15400	40787	40407	354912
15400	37729	37422	138486
15400	39540	39162	161816
15400	39795	39456	158505
15400	40309	39899	120401
15400	40543	40113	398424
15400	37768	37485	391969
15400	40581	40161	391066
15400	40095	39694	137313
15400	37050	36779	396439
15400	40357	39974	172801
15400	40906	40493	399605
15400	39727	39341	405478
15400	36052	35829	399183
15400	40360	39950	350043
15400	40639	40220	108547
15400	37307	37013	111978
15400	40766	40419	339471
15400	40381	39983	352215
15400	40027	39665	350462
15400	40308	39932	388464
15400	39470	39133	405209
15400	41535	41098	342477
15400	40038	39666	409536
15400	38364	38020	161441
15400	39458	39074	133990
15400	20007	19903	145045
15400	37209	36965	357776
15400	41787	41352	394977
15400	40596	40208	391609
15500	40730	40316	343796
15500	41792	41366	345286
15500	39391	39055	154573
15500	40074	39646	116061
15500	39108	38739	152832
15500	39725	39368	348554
15500	40989	40558	175681
15500	40550	40129	354452
15500	41249	40835	353315
15500	20191	20071	377540
15500	40617	40237	138027
15500	39739	39407	147513
15500	40391	40011	139553
15500	39422	39080	365521
15500	40201	39787	353573
15500	40512	40117	179801
15500	39372	39023	343314
15500	41208	40812	108312
15500	41689	41230	123405
15500	39939	39514	174390
15500	40535	40167	362216
15500	40582	40176	167429
15500	39908	39515	148483
15500	20260	20127	159020
15500	41534	41082	355363
15500	20059	19942	151721
15500	39884	39545	365335
15500	40920	40501	400858
15500	20069	19946	124658
15500	39843	39489	368108
15500	39814	39434	123588
15500	40338	39930	165431
15500	40600	40212	108134
15500	40917	40524	131046
15500	40461	40071	104431
15500	41056	40639	379949
15500	39807	39431	351300
15500	40820	40430	161460
15500	37925	37636	154355
15500	39529	39176	340013
15500	19880	19783	168853
15500	40605	40199	133156
15500	40282	39875	131941
15500	41595	41164	398278
15500	40316	39888	373171
15500	37804	37482	358409
15500	40291	39922	376069
15500	41006	40616	145379
15500	40764	40336	391117
15500	41571	41169	150923
15600	41020	40601	405719
15600	41280	40894	132145
15600	40787	40375	406331
15600	40947	40555	358570
15600	40051	39707	164766
15600	40234	39894	373541
15600	40724	40339	375193
15600	39096	38785	176468
15600	37900	37632	374753
15600	40537	40126	342620
15600	40068	39722	384282
15600	19837	19746	368164
15600	39871	39512	171911
15600	40643	40259	113110
15600	39045	38711	377328
15600	42080	41611	135973
15600	40394	40021	368244
15600	39618	39270	388583
15600	41178	40720	154968
15600	40739	40314	123638
15600	41923	41513	414290
15600	40984	40592	111257
15600	40830	40406	346826
15600	39988	39609	382663
15600	39413	39098	132489
15600	41108	40690	156365
15600	40892	40491	135419
15600	41460	41046	162575
15600	38804	38430	125723
15600	40570	40170	117755
15600	40493	40141	371822
15600	39640	39284	120168
15600	39783	39442	112901
15600	40869	40514	128634
15600	39553	39214	140529
15600	40502	40131	413611
15600	38641	38327	178427
15600	40621	40201	139947
15600	40439	40039	385129
15600	41982	41578	171528
15600	38252	37925	361519
15600	40587	40206	364042
15600	41441	41006	403772
15600	41156	40743	384074
15600	38374	38076	154864
15600	40892	40482	405166
15600	40586	40172	176712
15600	40820	40383	413140
15600	17860	17825	364807
15600	40890	40475	128316
15700	40757	40383	382808
15700	41346	40905	116904
15700	40818	40409	164351
15700	41409	40939	352398
15700	39044	38687	124513
15700	40270	39899	131293
15700	41246	40829	146769
15700	40019	39656	144449
15700	42235	41807	151002
15700	41675	41294	365243
15700	40264	39891	133716
15700	41276	40886	345581
15700	39925	39586	140011
15700	41285	40882	169978
15700	40806	40383	370252
15700	20721	20581	123543
15700	41379	41000	406288
15700	40767	40419	159804
15700	39828	39470	139940
15700	41127	40729	141318
15700	39932	39572	120900
15700	39347	39042	390518
15700	41294	40889	106085
15700	39859	39543	156195
15700	20280	20160	401253
15700	41620	41168	395959
15700	41154	40746	390906
15700	41326	40900	113317
15700	20318	20199	346194
15700	41025	40621	403045
15700	40969	40546	136339
15700	42111	41687	118842
15700	40321	39940	168712
15700	40876	40484	110709
15700	41945	41496	405934
15700	41559	41134	181126
15700	40308	39953	362356
15700	40819	40445	142765
15700	20407	20285	406847
15700	41199	40799	110211
15700	40386	40044	368513
15700	41246	40835	153277
15700	40898	40518	369797
15700	41078	40706	375077
15700	40984	40614	393128
15700	40316	39957	382723
15700	40860	40517	399113
15700	40472	40080	358057
15700	41167	40737	381931
15700	40421	40003	388055
15800	41826	41453	407672
15800	41379	40997	141788
15800	41616	41220	172622
15800	40693	40254	168317
15800	41761	41359	372294
15800	41758	41371	126346
15800	41135	40797	361135
15800	40156	39811	141692
15800	41192	40775	389675
15800	41749	41369	110908
15800	41517	41111	366104
15800	42032	41653	349362
15800	41568	41142	411015
15800	40188	39860	144815
15800	41574	41193	133568
15800	39683	39323	406206
15800	40290	39944	139798
15800	42522	42063	388186
15800	41671	41239	152639
15800	41626	41229	165511
15800	40916	40496	128808
15800	41910	41471	163015
15800	41401	41015	361116
15800	41405	40987	167983
15800	42083	41624	168687
15800	40637	40256	389144
15800	41520	41103	115462
15800	41454	41056	160749
15800	41845	41411	139877
15800	40983	40614	388807
15800	41588	41171	384570
15800	41639	41240	377381
15800	41208	40811	358980
15800	20536	20414	124365
15800	41235	40868	159472
15800	40983	40600	398884
15800	41271	40879	383490
15800	42057	41668	369667
15800	41012	40616	357972
15800	40783	40434	351159
15800	41315	40948	156150
15800	42245	41826	391233
15800	41635	41227	180443
15800	41525	41122	176142
15800	41646	41257	126909
15800	41225	40845	384305
15800	40813	40430	347686
15800	40933	40513	156389
15800	41047	40668	183125
15800	40920	40527	126665
15900	20648	20519	110979
15900	41112	40775	410704
15900	40646	40278	404434
15900	20310	20214	169038
15900	42388	41917	171415
15900	41139	40736	402421
15900	42178	41748	114366
15900	20696	20563	378933
15900	41662	41246	405843
15900	41228	40842	168386
15900	41460	41033	147781
15900	41421	40994	347154
15900	41325	40980	143276
15900	40770	40424	116853
15900	41681	41293	166002
15900	40533	40163	168393
15900	41002	40569	150113
15900	20602	20486	387276
15900	41853	41443	123207
15900	43204	42744	148762
15900	20741	20611	118739
15900	41514	41118	352555
15900	41941	41576	406229
15900	41081	40732	128517
15900	41436	41047	373793
15900	20399	20287	358977
15900	40750	40372	111874
15900	41745	41317	377254
15900	20444	20346	121302
15900	40700	40311	347468
15900	41314	40894	122860
15900	41730	41340	386153
15900	41605	41219	393181
15900	41421	41046	127008
15900	41848	41423	155306
15900	40619	40265	396314
15900	41672	41246	112255
15900	41022	40645	130823
15900	42198	41760	346605
15900	41383	40997	411355
15900	40830	40472	404140
15900	40563	40200	117309
15900	42319	41933	361699
15900	42108	41650	380549
15900	40690	40319	147895
15900	40833	40479	106586
15900	42605	42180	149665
15900	41646	41291	158883
15900	42192	41784	148917
15900	42634	42192	122506
16000	41575	41202	142789
16000	42026	41603	366717
16000	41843	41450	390867
16000	41954	41550	414352
16000	41909	41517	170507
16000	41843	41429	148157
16000	42842	42412	379863
16000	41975	41546	424990
16000	41316	40927	363600
16000	41934	41568	129242
16000	21351	21187	414243
16000	42747	42331	117110
16000	41993	41572	391637
16000	42401	42007	407742
16000	42462	42003	384336
16000	42336	41899	367975
16000	43042	42590	356747
16000	39895	39597	175304
16000	41608	41240	414128
16000	41519	41145	357588
16000	43058	42630	394595
16000	42109	41735	405245
16000	41992	41564	364523
16000	41024	40665	404812
16000	42212	41803	382512
16000	41211	40849	119140
16000	42370	41934	424858
16000	42506	42105	400256
16000	41052	40667	346834
16000	41291	40904	170098
16000	42242	41818	112723
16000	41354	40993	178317
16000	42593	42165	176118
16000	41893	41480	356915
16000	41481	41110	381185
16000	40514	40158	153431
16000	41574	41191	416616
16000	41315	40896	106991
16000	41548	41177	420559
16000	42171	41750	420190
16000	42247	41740	372592
16000	41400	41000	148482
16000	41314	40938	362652
16000	42469	42070	386207
16000	41833	41429	126604
16000	42522	42104	167454
16000	43110	42701	132856
16000	41833	41433	350490
16000	41954	41576	386304
16000	41950	41558	400780
16100	41889	41480	372073
16100	42256	41831	114755
16100	41954	41542	107820
16100	42489	42073	427592
16100	43157	42691	386861
16100	43656	43173	127705
16100	40857	40517	120542
16100	42884	42446	122536
16100	41638	41247	116452
16100	41654	41220	127346
16100	41376	40982	359810
16100	38601	38296	401696
16100	20540	20445	367683
16100	41855	41460	384537
16100	41428	41044	358805
16100	42292	41915	381572
16100	43388	42896	383795
16100	42156	41702	123402
16100	39914	39573	177691
16100	41131	40795	372524
16100	42637	42194	148393
16100	42060	41628	134626
16100	20624	20517	111920
16100	20862	20741	178908
16100	43271	42833	146549
16100	42389	41933	168519
16100	42681	42280	395127
16100	20690	20566	163753
16100	42797	42369	378949
16100	42050	41636	115241
16100	42625	42212	414395
16100	42942	42504	143076
16100	41670	41315	135508
16100	41900	41495	375006
16100	41696	41343	185226
16100	39852	39548	125192
16100	20607	20505	144756
16100	20982	20854	165771
16100	20912	20786	179902
16100	42801	42363	363794
16100	43603	43154	380237
16100	41251	40890	128902
16100	42941	42532	135191
16100	20795	20673	376547
16100	18379	18349	186700
16100	41522	41164	131490
16100	41201	40831	396628
16100	42370	41949	426006
16100	41385	41014	137944
16100	43042	42630	108850
16200	42066	41637	162057
16200	42543	42154	418283
16200	42405	41981	128935
16200	43876	43400	164635
16200	43359	42848	386241
16200	41847	41490	141806
16200	43842	43378	127703
16200	43078	42627	422144
16200	42219	41821	417710
16200	42513	42098	121414
16200	40948	40598	381163
16200	42129	41770	108028
16200	42566	42164	389762
16200	42388	41954	414527
16200	41119	40764	119038
16200	43161	42762	418504
16200	42148	41769	185416
16200	41305	40939	428130
16200	42418	42015	398086
16200	43223	42792	363972
16200	42039	41667	359331
16200	42462	42015	125624
16200	42082	41679	124947
16200	41423	41077	132737
16200	41312	40936	182642
16200	41784	41382	388878
16200	42444	42067	145805
16200	42739	42333	124177
16200	41940	41518	404293
16200	43210	42784	418559
16200	41577	41227	361289
16200	42181	41782	420877
16200	42313	41904	114569
16200	43143	42681	408791
16200	42000	41585	407049
16200	42259	41872	114412
16200	43816	43314	129255
16200	42556	42158	144539
16200	42700	42296	120058
16200	41337	40938	356029
16200	42377	41988	412862
16200	42925	42509	177223
16200	42349	41960	166788
16200	42613	42157	381635
16200	41960	41601	383279
16200	42937	42482	397713
16200	41943	41576	153465
16200	43848	43383	358300
16200	42165	41783	168295
16200	42406	41984	144776
16300	43333	42891	147427
16300	42535	42139	404578
16300	43268	42781	142583
16300	42589	42157	149313
16300	43295	42882	154512
16300	42033	41644	158212
16300	42675	42258	164936
16300	43073	42652	434579
16300	42042	41681	418471
16300	42844	42455	170979
16300	42952	42488	355152
16300	42292	41919	116874
16300	43230	42758	178483
16300	42280	41888	375926
16300	42689	42308	179401
16300	42530	42163	180378
16300	42547	42146	179536
16300	42192	41757	364756
16300	42693	42262	146572
16300	42139	41762	169003
16300	43038	42633	375817
16300	41315	40933	168875
16300	42535	42115	147335
16300	43326	42828	156821
16300	42259	41875	414374
16300	43200	42761	116353
16300	43035	42624	156998
16300	42406	41990	426679
16300	43220	42789	144386
16300	42831	42387	120250
16300	41863	41490	364203
16300	42274	41833	387358
16300	41462	41095	401324
16300	42099	41717	385610
16300	42508	42105	185218
16300	42315	41910	394310
16300	43388	42919	154786
16300	20984	20884	117004
16300	41888	41526	117975
16300	42948	42543	156322
16300	41540	41150	123057
16300	43384	42959	380464
16300	41967	41541	397092
16300	21375	21231	123741
16300	21192	21070	365061
16300	42986	42543	378814
16300	43280	42872	408510
16300	42355	41946	138360
16300	42610	42209	425737
16300	42975	42537	124691
16400	42201	41800	409338
16400	42828	42423	122907
16400	43270	42826	163767
16400	43315	42887	122918
16400	43462	43030	422373
16400	43494	43058	178524
16400	42115	41737	149011
16400	43364	42929	169345
16400	43818	43366	363285
16400	41721	41359	431655
16400	42858	42471	178772
16400	42859	42414	115698
16400	44042	43559	176525
16400	41868	41505	121074
16400	42326	41951	131754
16400	43525	43065	142005
16400	43747	43330	113846
16400	42099	41752	419597
16400	42487	42071	400402
16400	42554	42111	123245
16400	43793	43378	127921
16400	42165	41766	171367
16400	43585	43164	416767
16400	41145	40759	388306
16400	43006	42564	134293
16400	43564	43178	190013
16400	43672	43223	355453
16400	43332	42906	153876
16400	43413	42999	384809
16400	43338	42944	427879
16400	43242	42828	186037
16400	42596	42193	393411
16400	42403	41977	392904
16400	43898	43450	166778
16400	42504	42097	168240
16400	43376	42930	427914
16400	42829	42453	132181
16400	43426	42974	366349
16400	43093	42648	398662
16400	21095	21002	131598
16400	43314	42869	110018
16400	43848	43397	161384
16400	43090	42730	394350
16400	42507	42115	372994
16400	43879	43433	131526
16400	40550	40218	404946
16400	42847	42468	436855
16400	42386	42036	358376
16400	42965	42542	409374
16400	42561	42172	138273
16500	42925	42510	169718
16500	42400	41980	136086
16500	43546	43085	391551
16500	42329	41934	409284
16500	42525	42105	395265
16500	43288	42870	150154
16500	43528	43134	178892
16500	43371	42966	186112
16500	43750	43344	134903
16500	42913	42536	427733
16500	42716	42339	405064
16500	43807	43453	382982
16500	44147	43738	439202
16500	43343	42906	151437
16500	43341	42932	111349
16500	43142	42748	392857
16500	43451	43013	370376
16500	21237	21133	427230
16500	42350	41957	166645
16500	43809	43378	148357
16500	43980	43484	396877
16500	43455	43064	117812
16500	41692	41359	360682
16500	42906	42468	434601
16500	43463	43014	379575
16500	43705	43322	365829
16500	44313	43831	386151
16500	44040	43591	182040
16500	42854	42444	175096
16500	42299	41907	362986
16500	42546	42155	362166
16500	43304	42902	184026
16500	42127	41750	418465
16500	42922	42489	123394
16500	42888	42482	411700
16500	42998	42651	412216
16500	43585	43163	122758
16500	42991	42573	359213
16500	42385	42009	362695
16500	42725	42326	151099
16500	43317	42915	177533
16500	43172	42769	114803
16500	43443	43032	115144
16500	40706	40402	363194
16500	43128	42694	394137
16500	43769	43365	399912
16500	43370	42931	161568
16500	43177	42749	143850
16500	42886	42526	402262
16500	42557	42179	404455
16600	40479	40206	400358
16600	44608	44114	424353
16600	43230	42821	388442
16600	43630	43260	409739
16600	41019	40674	425484
16600	40638	40334	190663
16600	42761	42391	158965
16600	42977	42560	399365
16600	43034	42633	410788
16600	21444	21331	430238
16600	41151	40858	365893
16600	40258	39922	404802
16600	39540	39259	174721
16600	38749	38537	182188
16600	41001	40636	179346
16600	43544	43136	160778
16600	18989	18957	431783
16600	43846	43376	389750
16600	41245	40966	164772
16600	41275	40969	178818
16600	41238	40906	118445
16600	43878	43422	190202
16600	41033	40706	162547
16600	43441	43006	139344
16600	43643	43251	407171
16600	41706	41363	142892
16600	21214	21109	188236
16600	41724	41352	439457
16600	43527	43087	114431
16600	40931	40554	156486
16600	41319	40945	160763
16600	41478	41105	175994
16600	40873	40531	379880
16600	19030	18990	396170
16600	42783	42394	167069
16600	41932	41610	191032
16600	42837	42439	371020
16600	43351	42943	110886
16600	40111	39807	152735
16600	39887	39611	419650
16600	40249	39942	116841
16600	43702	43257	139595
16600	42161	41834	190082
16600	40221	39923	438296
16600	43274	42862	387641
16600	44429	43984	442613
16600	43781	43338	191252
16600	40484	40172	115938
16600	43223	42821	118549
16600	41305	40980	406157
16700	43856	43467	172083
16700	41272	40952	142535
16700	43039	42656	394017
16700	44013	43617	172355
16700	43394	43030	114909
16700	21607	21498	194290
16700	43330	42935	182491
16700	43021	42639	174378
16700	42742	42328	163404
16700	43222	42851	445036
16700	44147	43745	159618
16700	43365	42952	368951
16700	43669	43248	385177
16700	44202	43772	189046
16700	43841	43450	428206
16700	42244	41884	142648
16700	43408	42996	163840
16700	43766	43325	435155
16700	44005	43537	388227
16700	43311	42902	168843
16700	43280	42911	422518
16700	44683	44255	147074
16700	44292	43842	397986
16700	44048	43632	192760
16700	44163	43722	365826
16700	43643	43248	425280
16700	43198	42802	390523
16700	42939	42576	128276
16700	43608	43240	124176
16700	42790	42411	130461
16700	44381	43963	184057
16700	43494	43111	415673
16700	43920	43483	368514
16700	42388	42018	369978
16700	42661	42281	362972
16700	42971	42598	122957
16700	43447	43042	397260
16700	43915	43521	167796
16700	43590	43155	128229
16700	44663	44182	137588
16700	21197	21114	375321
16700	43088	42740	386236
16700	43068	42687	136192
16700	42983	42626	368000
16700	44734	44275	368105
16700	21242	21150	363152
16700	44692	44174	425962
16700	43270	42891	391123
16700	43501	43108	388858
16700	43860	43439	126886
16800	21912	21785	130477
16800	42579	42230	149182
16800	43496	43067	400357
16800	43320	42960	191422
16800	43773	43354	144689
16800	43987	43586	163276
16800	45625	45172	138743
16800	43777	43313	146209
16800	43459	43062	129299
16800	43757	43338	438893
16800	43948	43539	442413
16800	43571	43182	378639
16800	45012	44588	127671
16800	44757	44276	433602
16800	44022	43627	438824
16800	44841	44331	126948
16800	44063	43644	392734
16800	44441	44001	419232
16800	43007	42602	423262
16800	44605	44141	191800
16800	44332	43923	435516
16800	43449	43095	187379
16800	43416	43011	379278
16800	44632	44156	405752
16800	43725	43325	178340
16800	42499	42155	369417
16800	43522	43086	134589
16800	43786	43370	154673
16800	44365	43945	142412
16800	21603	21496	411489
16800	43128	42760	179849
16800	45471	45020	152277
16800	43771	43376	143048
16800	44490	44009	172196
16800	21898	21761	374664
16800	45443	44957	427162
16800	42942	42587	445865
16800	42808	42418	417713
16800	45205	44725	156334
16800	45202	44722	163945
16800	44734	44298	383081
16800	44248	43846	145645
16800	44183	43777	369564
16800	44154	43740	379267
16800	43858	43436	153533
16800	22111	21961	400810
16800	44677	44242	413571
16800	43714	43310	412102
16800	45184	44694	405280
16800	44061	43682	157412
16900	44546	44112	371412
16900	42333	41951	367671
16900	45293	44838	387907
16900	44830	44408	181144
16900	43600	43225	168534
16900	44764	44373	390495
16900	41238	40936	449723
16900	44287	43851	160623
16900	44170	43780	389344
16900	43927	43513	196145
16900	43050	42667	132877
16900	44241	43819	143817
16900	44096	43649	367444
16900	44391	43964	157555
16900	44211	43756	136222
16900	44592	44151	448270
16900	44108	43720	410690
16900	45441	44981	387204
16900	43716	43314	435137
16900	43157	42798	117594
16900	44184	43758	398031
16900	44091	43646	136383
16900	45128	44718	418257
16900	45118	44656	444573
16900	44697	44232	178285
16900	43670	43262	152532
16900	43626	43261	381005
16900	45051	44595	376219
16900	44998	44521	392044
16900	43905	43515	424656
16900	43689	43280	134893
16900	43609	43244	189856
16900	45064	44596	380046
16900	42212	41878	396643
16900	44245	43792	127689
16900	40865	40537	408153
16900	44873	44437	381477
16900	43703	43310	153139
16900	41811	41478	421566
16900	41303	40990	424875
16900	44589	44134	114944
16900	44151	43708	181997
16900	41775	41465	175845
16900	43756	43400	161783
16900	44515	44062	113943
16900	43216	42861	162446
16900	43567	43141	129126
16900	44156	43768	405579
16900	40904	40600	374948
16900	42271	41900	187877
17000	43423	43053	410034
17000	44084	43691	452290
17000	22210	22062	440338
17000	44865	44404	403966
17000	45117	44693	432382
17000	44631	44206	115253
17000	45140	44672	158445
17000	22213	22065	430768
17000	43910	43498	128316
17000	21849	21742	369502
17000	44983	44540	428694
17000	43835	43506	426491
17000	21989	21871	131228
17000	21771	21655	164501
17000	44626	44218	150410
17000	44554	44125	142135
17000	41305	40996	115543
17000	44062	43684	446639
17000	44177	43778	143198
17000	21859	21749	141796
17000	44429	43996	116897
17000	44977	44534	430082
17000	44529	44080	429125
17000	44550	44123	143291
17000	41513	41169	192967
17000	45575	45091	147667
17000	44044	43677	186566
17000	44319	43926	159472
17000	45228	44817	168688
17000	21649	21560	389893
17000	45413	44936	443083
17000	21732	21636	371761
17000	40774	40504	155401
17000	46118	45656	374048
17000	43090	42705	187331
17000	22397	22237	155100
17000	43906	43484	153925
17000	44459	44014	383654
17000	45227	44755	190635
17000	44117	43681	440995
17000	44146	43808	443628
17000	44715	44282	380157
17000	44015	43658	391915
17000	44249	43844	405180
17000	21973	21871	126826
17000	43951	43552	192806
17000	22209	22073	191677
17000	43559	43192	369275
17000	43694	43299	160320
17000	45423	44965	156686
17100	44691	44308	196650
17100	43095	42714	138694
17100	44128	43729	125567
17100	44156	43771	189830
17100	46029	45528	158676
17100	44895	44502	394707
17100	44876	44403	439300
17100	45681	45180	146541
17100	22141	22013	370535
17100	44596	44216	437816
17100	44462	44067	195468
17100	45445	45040	135084
17100	45640	45186	162698
17100	45420	45017	150141
17100	44686	44228	199051
17100	45052	44619	119418
17100	45097	44660	126832
17100	45351	44884	198702
17100	44038	43618	178496
17100	44430	43995	440276
17100	45146	44669	157790
17100	44637	44218	391050
17100	43474	43087	163363
17100	45138	44715	189134
17100	44627	44218	142667
17100	44866	44445	436503
17100	44963	44487	143692
17100	44897	44448	180519
17100	44963	44524	167188
17100	45077	44702	170962
17100	45197	44748	114695
17100	45704	45284	131327
17100	22182	22059	399082
17100	44479	44101	422100
17100	44758	44356	170717
17100	45390	44969	403092
17100	43722	43325	194915
17100	44335	43933	433343
17100	45453	45018	156196
17100	44876	44492	130860
17100	45464	45026	179176
17100	44694	44289	156077
17100	45857	45381	381671
17100	44724	44276	425092
17100	45480	45034	148844
17100	43017	42723	154254
17100	44411	43954	198796
17100	44197	43784	134813
17100	45120	44689	407306
17100	43778	43379	141185
17200	45555	45114	195272
17200	43826	43464	147253
17200	46132	45637	137550
17200	42945	42590	430681
17200	45617	45171	160355
17200	45166	44759	150555
17200	44993	44585	193072
17200	44694	44322	141456
17200	44524	44119	421761
17200	45388	44972	132657
17200	45163	44714	376705
17200	43442	43112	155723
17200	43997	43552	137705
17200	44440	44018	444748
17200	44775	44348	145185
17200	45764	45295	450081
17200	44483	44030	419113
17200	44972	44554	418571
17200	44461	44045	385120
17200	45348	44905	185077
17200	45195	44739	140589
17200	44522	44135	150235
17200	45251	44830	428468
17200	45073	44701	171280
17200	44893	44459	443787
17200	45270	44834	377418
17200	44385	43956	416405
17200	44345	43907	433461
17200	45541	45086	374816
17200	44350	43927	150112
17200	45437	44965	116667
17200	22264	22158	385464
17200	44958	44542	148061
17200	45332	44899	447623
17200	45698	45292	381768
17200	41647	41349	138156
17200	45759	45320	435806
17200	45663	45186	193974
17200	45571	45169	407434
17200	45749	45292	117299
17200	44095	43741	149264
17200	45579	45114	396255
17200	45272	44858	413522
17200	44665	44317	172233
17200	45846	45383	398377
17200	44281	43875	380935
17200	45378	44967	172383
17200	44912	44529	129984
17200	46430	45944	401310
17200	45289	44899	155810
17300	22682	22521	176859
17300	43622	43260	384944
17300	45068	44647	118796
17300	45857	45410	396614
17300	45082	44675	141817
17300	46055	45607	396540
17300	44744	44378	166832
17300	45632	45205	379551
17300	45622	45185	457083
17300	45250	44796	173758
17300	44808	44383	384501
17300	45182	44787	180999
17300	44526	44121	140313
17300	45768	45286	406636
17300	45107	44754	417972
17300	21992	21883	162015
17300	45773	45343	161026
17300	44681	44303	196091
17300	44759	44321	377619
17300	46037	45604	190957
17300	45316	44907	420078
17300	44434	44059	153006
17300	45089	44701	154168
17300	45181	44786	458039
17300	44182	43789	188763
17300	44626	44214	143307
17300	45359	44915	440593
17300	46585	46123	200105
17300	44265	43913	170687
17300	45522	45082	382859
17300	45544	45127	176244
17300	45797	45376	155189
17300	45044	44657	158302
17300	44426	44011	182389
17300	46268	45850	439490
17300	22257	22149	167010
17300	46340	45897	201440
17300	46065	45567	400925
17300	22215	22111	174405
17300	45657	45235	136958
17300	44862	44444	192017
17300	45565	45113	150986
17300	45459	45055	421220
17300	41792	41489	399345
17300	45189	44749	425072
17300	45930	45457	417815
17300	44916	44530	460513
17300	44958	44558	148804
17300	46237	45793	167327
17300	45007	44624	142895
17400	22567	22430	384463
17400	45104	44731	462679
17400	43103	42793	386336
17400	46150	45710	147927
17400	22625	22486	396215
17400	42129	41812	384863
17400	43398	43033	381737
17400	42540	42190	401910
17400	44975	44548	185309
17400	42672	42328	451954
17400	42240	41911	437756
17400	45077	44694	407207
17400	42806	42488	449438
17400	42537	42181	448834
17400	43012	42685	444001
17400	43296	42910	168542
17400	44505	44137	412824
17400	45993	45589	402832
17400	43039	42699	181968
17400	45709	45253	438559
17400	42239	41909	459379
17400	43199	42869	174094
17400	44916	44555	145176
17400	42502	42185	130406
17400	43824	43469	459707
17400	43122	42789	129777
17400	45008	44608	422152
17400	44404	44014	126222
17400	44307	43930	148006
17400	45227	44822	427982
17400	45626	45197	379590
17400	45926	45477	390805
17400	44750	44379	463865
17400	43343	42939	183863
17400	42000	41678	425837
17400	42852	42551	440526
17400	44909	44498	415963
17400	45169	44707	452955
17400	47097	46609	429303
17400	45680	45247	189622
17400	45451	44979	380494
17400	43235	42883	415029
17400	45571	45125	123330
17400	45815	45368	189217
17400	42667	42301	187550
17400	43340	42979	463684
17400	42681	42341	201117
17400	45178	44796	202721
17400	22370	22251	419884
17400	42452	42159	119803
17500	46698	46217	422855
17500	43112	42783	429372
17500	46376	45910	443423
17500	22324	22229	459785
17500	44627	44231	150374
17500	45474	45020	194243
17500	46280	45888	453624
17500	45976	45542	147000
17500	45726	45297	398769
17500	46432	45973	144114
17500	46604	46147	170905
17500	45143	44745	133453
17500	45997	45601	383550
17500	45873	45424	140944
17500	45578	45137	203282
17500	45725	45284	129379
17500	46263	45819	150582
17500	23047	22910	385048
17500	46305	45879	191473
17500	46154	45688	459202
17500	23107	22951	204124
17500	45749	45327	431833
17500	45685	45242	155401
17500	22645	22513	394120
17500	46071	45636	122953
17500	45654	45202	199792
17500	46637	46158	123690
17500	44448	44014	419680
17500	45207	44786	390213
17500	45157	44761	419336
17500	45305	44895	390808
17500	45952	45551	134684
17500	22473	22365	446078
17500	44787	44370	194161
17500	22904	22769	140281
17500	45149	44708	156886
17500	46740	46313	117233
17500	44616	44192	389091
17500	45491	45068	178466
17500	45160	44783	386768
17500	45303	44856	436894
17500	46298	45853	429599
17500	46369	45949	429347
17500	45836	45400	401983
17500	45442	45025	171243
17500	45797	45364	455990
17500	44916	44551	399391
17500	45235	44819	403468
17500	45783	45322	124963
17500	46311	45893	454305
17600	46432	45969	161489
17600	47237	46754	460443
17600	46395	45963	422866
17600	45022	44608	186234
17600	45869	45411	394241
17600	46005	45555	203071
17600	46364	45919	388549
17600	45412	45000	463628
17600	45888	45454	441905
17600	46550	46055	393367
17600	46398	45932	452945
17600	46659	46177	118548
17600	45819	45370	443345
17600	46020	45603	396232
17600	46588	46104	431096
17600	44494	44116	408265
17600	45435	45036	190249
17600	45455	45061	145282
17600	46076	45639	395287
17600	46495	46076	163068
17600	46959	46483	185742
17600	45817	45411	397254
17600	22735	22614	137370
17600	45666	45249	426829
17600	45597	45139	392412
17600	46384	45928	162058
17600	46531	46077	197000
17600	45848	45396	405227
17600	44621	44236	416361
17600	45865	45407	401186
17600	45895	45470	406454
17600	43351	42984	143098
17600	47111	46635	118860
17600	46234	45815	131327
17600	46193	45760	186023
17600	46271	45842	142388
17600	46120	45716	463926
17600	45918	45462	203365
17600	47218	46784	139829
17600	47228	46794	151584
17600	22744	22615	382396
17600	46313	45887	407563
17600	46046	45605	449019
17600	46914	46465	176183
17600	46133	45702	187569
17600	46532	46111	137795
17600	46063	45642	141010
17600	45991	45605	146705
17600	44833	44460	176321
17600	46736	46275	139934
17700	22867	22750	454155
17700	46247	45807	169051
17700	46902	46434	397487
17700	45706	45329	195861
17700	46502	46040	439087
17700	46269	45836	436176
17700	44075	43742	152782
17700	47165	46707	126828
17700	46067	45651	461362
17700	45716	45314	432316
17700	46830	46370	178942
17700	47318	46863	398834
17700	45817	45401	139532
17700	46657	46208	154525
17700	46153	45762	409260
17700	46454	46037	125618
17700	46152	45717	184006
17700	45840	45444	205639
17700	47307	46874	154374
17700	45664	45326	431625
17700	45747	45334	420759
17700	46223	45775	450397
17700	22859	22728	121295
17700	45922	45497	423392
17700	46899	46431	174595
17700	47646	47191	199416
17700	45996	45651	133262
17700	46109	45713	155791
17700	47022	46558	400964
17700	46313	45880	428260
17700	23220	23069	119566
17700	47413	46938	417730
17700	23205	23071	440158
17700	22711	22603	132081
17700	46859	46408	471201
17700	46045	45639	164906
17700	23104	22967	469905
17700	46976	46520	464644
17700	45665	45277	420540
17700	46671	46231	387686
17700	46339	45947	192130
17700	44856	44511	458057
17700	46356	45925	169540
17700	45895	45494	413304
17700	43413	43078	177613
17700	46078	45636	203098
17700	45800	45400	191894
17700	46761	46320	171467
17700	22963	22825	461507
17700	45779	45354	136413
17800	46572	46174	169280
17800	47032	46585	202169
17800	46540	46081	426235
17800	46889	46439	460068
17800	45482	45080	142939
17800	47001	46569	412007
17800	46573	46134	407106
17800	47134	46676	464636
17800	23410	23250	450914
17800	46908	46416	429820
17800	47571	47080	124028
17800	45970	45619	407439
17800	47442	47009	172948
17800	45986	45560	133811
17800	42939	42614	422656
17800	46431	46022	452394
17800	47115	46626	452252
17800	46934	46506	137496
17800	47051	46660	438340
17800	45890	45464	420753
17800	46946	46465	393050
17800	46881	46486	132274
17800	44990	44645	397121
17800	46823	46396	157269
17800	45341	45002	448967
17800	45918	45521	426123
17800	47433	46954	460704
17800	46363	45929	190616
17800	45908	45553	461081
17800	46858	46421	186885
17800	46012	45590	427973
17800	46365	45919	181571
17800	46502	46132	183640
17800	47668	47167	195879
17800	45317	44970	152499
17800	46950	46483	393908
17800	46746	46304	141538
17800	46801	46371	198914
17800	46691	46266	168995
17800	47094	46585	200439
17800	46520	46080	166896
17800	46372	45951	144865
17800	46887	46431	414322
17800	46323	45909	132022
17800	45708	45276	140488
17800	47639	47153	424283
17800	47747	47309	167023
17800	45877	45472	452443
17800	46366	45935	395156
17800	46827	46399	467597
17900	20545	20506	471937
17900	45031	44652	143525
17900	46894	46444	198778
17900	46675	46224	206644
17900	46152	45746	437131
17900	42842	42550	427285
17900	44905	44530	168015
17900	47426	46961	188275
17900	23084	22972	463565
17900	43899	43601	472157
17900	46359	45945	193516
17900	43853	43559	201655
17900	20455	20419	476135
17900	46856	46432	130229
17900	44180	43855	405595
17900	20475	20437	196388
17900	45815	45424	130066
17900	46125	45722	123899
17900	44153	43828	399588
17900	43597	43221	162621
17900	45466	45103	448925
17900	44713	44382	165851
17900	23313	23180	458887
17900	22973	22858	165303
17900	46624	46185	425207
17900	44059	43754	463911
17900	44726	44375	130604
17900	20416	20386	441372
17900	47109	46692	437396
17900	46991	46584	415756
17900	47448	47010	207607
17900	47359	46911	425785
17900	47330	46849	148864
17900	20468	20430	389168
17900	44904	44548	182372
17900	20797	20731	423539
17900	47157	46706	205234
17900	20377	20356	458195
17900	43253	42914	172282
17900	23239	23110	192219
17900	47098	46650	152336
17900	46665	46209	184960
17900	44730	44382	131545
17900	44459	44080	474097
17900	44574	44232	136810
17900	46357	45999	415365
17900	47187	46759	452451
17900	47105	46643	398196
17900	45894	45505	134498
17900	47220	46740	154651
18000	47538	47116	178749
18000	46192	45818	184262
18000	47193	46719	204908
18000	48105	47605	415298
18000	46189	45768	441211
18000	47558	47036	123454
18000	47132	46724	438275
18000	47248	46793	138559
18000	47315	46890	154797
18000	48097	47645	463891
18000	45951	45573	417349
18000	46957	46539	435071
18000	46741	46385	433364
18000	47398	46878	137334
18000	46229	45858	398232
18000	47366	46901	476232
18000	47582	47147	192176
18000	46968	46580	132014
18000	47025	46600	169381
18000	47441	46979	475060
18000	47209	46793	200713
18000	48359	47917	427598
18000	47401	46927	407432
18000	47511	47067	195733
18000	47408	46960	399983
18000	47224	46759	444087
18000	45993	45576	420980
18000	47009	46569	186345
18000	23116	22993	396449
18000	47203	46780	452226
18000	47245	46820	444754
18000	47519	47062	190224
18000	47443	47008	401192
18000	46702	46276	171115
18000	23122	23011	465804
18000	47752	47299	402909
18000	46477	46067	468727
18000	47601	47183	202058
18000	23494	23360	126334
18000	46918	46501	398537
18000	47491	47064	452165
18000	47041	46612	479785
18000	46273	45877	390092
18000	46613	46179	423012
18000	23092	23001	164871
18000	47132	46692	132636
18000	48002	47488	186689
18000	46441	46022	162113
18000	46799	46352	145797
18000	47488	47051	438065
18100	47560	47081	419180
18100	47219	46802	148643
18100	47087	46693	125512
18100	23351	23228	155445
18100	46289	45896	406296
18100	47794	47348	447276
18100	46481	46071	124836
18100	46997	46601	467761
18100	47337	46897	145215
18100	46897	46417	404105
18100	46932	46518	416818
18100	46702	46272	474785
18100	47354	46896	397367
18100	46489	46108	452257
18100	47557	47139	195690
18100	48211	47729	158449
18100	48314	47831	207845
18100	46781	46387	400187
18100	48316	47815	457667
18100	46853	46465	152923
18100	47836	47397	165778
18100	46959	46515	144294
18100	46497	46115	436134
18100	47276	46882	400347
18100	46804	46385	142750
18100	48223	47798	179453
18100	46763	46318	413260
18100	46300	45933	134324
18100	47341	46888	440449
18100	44478	44140	411667
18100	47309	46909	393174
18100	47688	47226	431951
18100	48354	47920	412364
18100	47372	46945	165189
18100	47463	47036	156163
18100	46977	46578	466350
18100	48640	48155	206924
18100	47120	46696	183560
18100	47566	47172	419419
18100	47863	47407	171886
18100	46833	46422	467145
18100	47291	46868	196790
18100	46789	46394	125884
18100	48177	47696	469648
18100	46825	46445	132409
18100	46920	46493	450142
18100	48018	47601	159071
18100	48153	47698	180274
18100	22939	22836	189716
18100	47747	47278	441852
18200	44195	43885	448218
18200	48247	47774	149348
18200	47940	47475	139794
18200	23677	23522	480063
18200	46460	46059	432768
18200	47465	47047	414823
18200	47274	46898	184869
18200	46781	46380	450124
18200	48493	48022	194074
18200	48101	47704	194154
18200	23133	23042	395873
18200	47614	47184	124239
18200	20531	20517	134105
18200	47403	47021	439702
18200	47837	47364	446116
18200	44761	44400	209919
18200	48077	47588	169848
18200	46591	46168	152992
18200	48953	48418	193380
18200	47433	47004	172181
18200	23239	23121	207171
18200	23864	23717	205846
18200	23161	23063	131246
18200	20533	20517	476478
18200	48133	47707	446422
18200	47790	47400	480269
18200	47478	47017	199882
18200	44993	44663	184246
18200	46836	46486	477211
18200	47691	47239	409197
18200	45565	45241	395885
18200	46578	46228	160728
18200	46646	46256	184108
18200	47361	46912	136744
18200	46750	46337	156155
18200	48022	47578	142172
18200	48029	47590	161716
18200	47922	47484	203201
18200	46480	46110	436801
18200	46185	45863	135028
18200	44375	44059	187513
18200	47441	47008	136571
18200	46598	46242	121963
18200	47050	46642	434157
18200	46730	46311	477607
18200	47469	47080	212164
18200	47051	46693	417819
18200	23393	23275	398328
18200	23298	23190	203431
18200	47496	47091	164549
18300	47919	47454	419287
18300	48782	48316	411017
18300	47707	47264	473936
18300	47712	47258	456877
18300	47282	46872	422502
18300	47967	47547	210572
18300	47071	46691	450424
18300	47545	47104	438544
18300	48405	47948	485424
18300	46851	46434	186774
18300	49521	48995	399893
18300	47800	47372	186996
18300	48260	47819	431949
18300	47429	47023	151614
18300	46934	46550	136470
18300	47952	47488	414096
18300	48522	48065	189295
18300	46678	46295	176872
18300	48826	48354	452884
18300	47853	47375	449597
18300	48723	48270	170734
18300	48045	47605	129884
18300	47045	46629	447826
18300	49176	48659	484634
18300	47155	46728	413847
18300	47196	46801	155518
18300	47968	47502	130233
18300	47670	47226	161107
18300	46684	46309	166563
18300	46906	46499	480750
18300	46994	46574	420177
18300	48343	47849	167515
18300	47135	46749	173281
18300	47900	47478	204455
18300	48550	48084	167092
18300	47729	47298	179360
18300	48953	48495	468783
18300	48575	48140	433014
18300	47778	47385	176873
18300	48635	48120	179642
18300	47358	46977	157355
18300	48065	47635	448329
18300	47474	47053	421034
18300	47436	46979	144516
18300	47172	46746	138739
18300	47676	47245	191023
18300	23555	23445	418342
18300	47330	46904	146937
18300	23790	23638	461073
18300	48777	48262	424302
18400	49040	48571	139816
18400	48353	47905	124693
18400	48777	48279	427019
18400	47608	47190	424609
18400	23798	23685	467769
18400	48382	47893	459390
18400	47616	47229	196372
18400	46708	46370	431996
18400	48182	47786	195205
18400	47884	47496	453609
18400	48231	47814	449363
18400	23983	23841	453829
18400	48383	47972	442461
18400	47077	46678	181549
18400	48569	48110	209168
18400	48041	47601	465414
18400	47772	47366	166279
18400	48471	48019	455244
18400	48451	47962	472069
18400	48285	47888	438904
18400	48219	47782	170784
18400	48348	47887	407624
18400	48613	48079	457786
18400	44880	44535	441891
18400	47843	47404	462050
18400	48122	47694	172559
18400	24097	23954	436365
18400	48006	47595	401062
18400	49092	48630	437108
18400	48028	47596	136924
18400	48342	47918	145033
18400	47933	47492	207475
18400	47562	47168	448582
18400	48876	48402	454623
18400	47644	47220	476658
18400	47826	47447	438946
18400	47623	47166	460520
18400	47640	47196	213264
18400	48441	48004	165425
18400	47175	46806	156450
18400	48673	48224	452199
18400	48959	48483	207100
18400	49677	49215	190699
18400	48322	47923	421490
18400	47882	47462	477958
18400	48526	48054	489524
18400	23717	23588	207376
18400	48057	47583	487852
18400	48773	48348	214110
18400	48318	47885	465342
18500	45048	44757	460521
18500	47543	47176	475856
18500	45711	45392	193897
18500	48238	47823	190449
18500	48655	48218	450831
18500	48372	47947	434001
18500	49190	48732	405585
18500	49763	49260	452363
18500	49788	49358	148151
18500	47928	47525	474487
18500	48174	47759	136221
18500	47805	47348	204453
18500	48893	48418	125895
18500	49255	48789	151625
18500	48620	48204	424645
18500	48954	48518	441427
18500	49409	48905	402990
18500	47117	46738	212499
18500	48261	47816	416671
18500	48379	47965	148973
18500	47673	47255	203535
18500	48726	48282	142014
18500	48822	48389	414914
18500	50104	49626	417243
18500	48216	47800	424009
18500	47705	47296	148197
18500	48475	48034	475843
18500	46373	46002	434881
18500	49820	49383	128966
18500	45443	45103	476096
18500	48515	48069	416602
18500	47493	47088	483687
18500	47708	47275	162448
18500	48004	47573	124725
18500	23708	23591	200449
18500	48954	48483	164905
18500	48237	47812	167795
18500	45526	45156	429153
18500	47674	47288	173715
18500	45639	45328	139195
18500	48810	48338	446960
18500	47290	46884	464344
18500	48981	48456	196969
18500	46197	45823	443757
18500	47615	47224	186097
18500	48292	47783	163912
18500	50012	49493	478792
18500	45823	45454	148533
18500	48380	47951	189738
18500	48563	48066	453948
18600	48845	48354	447112
18600	48262	47878	474664
18600	49315	48788	425157
18600	50208	49681	405997
18600	49288	48805	130103
18600	23907	23781	448728
18600	48004	47598	138538
18600	49079	48632	145467
18600	48770	48353	138995
18600	47842	47443	431689
18600	23729	23613	198449
18600	49280	48822	163235
18600	49615	49152	490836
18600	48531	48114	454639
18600	49337	48867	149923
18600	48551	48142	169306
18600	48851	48423	492786
18600	48426	48011	455676
18600	48178	47764	136352
18600	48668	48225	143024
18600	24025	23897	439387
18600	47147	46742	175173
18600	47950	47513	181433
18600	49062	48581	193422
18600	49061	48598	427634
18600	48667	48196	215311
18600	48824	48365	459785
18600	48345	47906	200913
18600	50054	49611	158820
18600	47931	47499	425803
18600	49328	48864	205471
18600	48788	48322	210868
18600	50560	50051	127286
18600	48489	48026	442621
18600	46394	46040	144763
18600	23896	23776	206332
18600	48554	48101	148214
18600	46095	45728	480047
18600	48592	48206	442007
18600	48818	48389	206679
18600	48938	48506	150450
18600	48474	48018	446687
18600	23856	23738	466974
18600	49084	48622	450198
18600	48287	47879	467463
18600	23543	23459	134572
18600	48340	47937	483246
18600	48031	47624	445583
18600	48240	47794	495580
18600	49718	49287	134800
18700	46634	46275	443137
18700	46527	46186	434788
18700	48554	48120	208768
18700	48953	48481	415988
18700	48870	48427	436936
18700	46334	45972	467043
18700	50207	49742	449198
18700	46640	46291	483889
18700	23926	23824	430440
18700	46651	46238	413632
18700	46334	45990	467096
18700	24198	24086	454991
18700	49429	48996	176528
18700	45914	45556	462037
18700	49021	48571	461118
18700	46271	45929	416427
18700	45836	45476	415498
18700	46352	45942	458026
18700	45473	45136	409458
18700	48073	47681	446105
18700	45161	44838	447113
18700	45932	45576	153703
18700	48556	48100	188310
18700	48239	47843	179156
18700	50254	49757	495876
18700	24672	24517	135146
18700	21324	21294	419046
18700	24139	24010	159124
18700	45937	45620	479857
18700	46371	45999	429791
18700	47828	47370	194749
18700	49637	49201	426985
18700	46892	46523	159625
18700	45898	45556	447732
18700	45090	44795	493726
18700	48513	48082	191879
18700	45631	45307	195118
18700	46243	45901	146195
18700	48682	48223	160262
18700	48089	47646	137793
18700	45878	45530	205855
18700	49497	48990	460859
18700	42912	42680	433837
18700	47148	46760	134016
18700	46010	45659	430813
18700	45322	44963	478231
18700	45935	45597	467926
18700	47118	46753	156586
18700	48776	48323	216737
18700	49629	49184	190205
18800	49297	48819	207479
18800	24599	24460	471734
18800	24072	23964	428824
18800	49257	48824	467089
18800	49368	48930	140041
18800	23818	23710	436213
18800	49781	49271	412368
18800	49783	49282	434522
18800	24482	24349	439947
18800	49540	49060	201878
18800	24189	24061	155279
18800	49653	49195	430182
18800	50529	50027	482660
18800	49302	48841	443079
18800	48391	47951	428535
18800	49631	49186	410231
18800	49672	49179	166955
18800	49869	49388	434997
18800	49341	48874	169305
18800	49410	48968	182764
18800	49852	49337	208270
18800	50227	49739	172957
18800	24248	24107	190136
18800	50240	49755	477148
18800	49644	49214	496885
18800	49771	49277	407896
18800	48957	48536	435610
18800	49630	49141	186846
18800	49227	48730	207742
18800	24364	24245	431015
18800	49713	49225	211578
18800	24602	24444	443282
18800	48509	48129	164982
18800	48924	48510	474742
18800	48729	48283	128402
18800	49108	48687	438332
18800	48932	48513	455401
18800	50074	49558	413524
18800	49107	48686	462559
18800	49101	48681	436502
18800	49011	48592	139210
18800	24194	24079	440389
18800	49579	49109	414874
18800	48398	47957	147746
18800	49546	49098	488645
18800	49611	49149	167456
18800	49820	49361	447646
18800	48609	48189	196093
18800	49098	48646	463807
18800	50291	49797	194453
18900	48933	48465	196556
18900	50303	49831	440088
18900	50027	49509	171398
18900	24358	24247	436070
18900	49401	48947	216354
18900	48836	48414	489722
18900	49180	48714	146570
18900	49918	49472	163961
18900	49239	48794	189107
18900	50342	49906	149777
18900	49583	49117	458657
18900	49870	49413	496023
18900	48905	48483	162577
18900	50254	49795	502852
18900	49620	49170	436528
18900	49269	48819	201587
18900	49442	48990	144475
18900	48864	48426	430044
18900	48460	48076	460283
18900	50674	50121	198503
18900	48676	48273	433476
18900	50883	50375	491675
18900	48351	47927	418150
18900	49729	49230	464943
18900	48764	48303	134103
18900	50490	50004	434411
18900	49319	48840	165736
18900	48860	48425	144188
18900	49991	49510	203866
18900	24344	24235	413599
18900	48552	48137	445665
18900	50956	50465	477784
18900	48660	48253	442790
18900	47974	47602	157343
18900	50315	49831	169120
18900	48483	48039	419724
18900	50110	49650	197637
18900	46185	45829	200800
18900	48879	48498	146442
18900	49622	49168	417290
18900	49633	49177	188539
18900	49132	48679	194526
18900	50067	49584	160290
18900	50080	49612	459522
18900	49908	49428	482124
18900	48386	47942	487115
18900	48194	47797	196919
18900	49674	49259	423077
18900	48746	48312	488074
18900	47693	47346	492150
19000	49483	49018	165744
19000	49738	49321	172610
19000	50357	49894	200041
19000	49889	49451	477792
19000	48955	48564	430929
19000	49415	48985	138573
19000	50193	49722	435917
19000	49695	49224	494707
19000	48094	47718	133150
19000	49589	49127	150371
19000	49225	48811	155455
19000	49752	49288	169460
19000	24315	24211	189700
19000	50183	49791	134817
19000	48971	48559	167467
19000	50288	49816	478511
19000	50111	49670	471852
19000	49360	48958	421702
19000	49106	48686	503981
19000	49573	49127	133154
19000	50103	49654	202873
19000	50652	50151	490981
19000	50742	50263	206030
19000	49896	49445	473934
19000	50802	50303	187700
19000	49309	48858	436262
19000	49649	49211	419711
19000	50285	49772	452225
19000	48650	48237	413922
19000	49946	49485	489128
19000	49564	49094	128830
19000	49844	49386	153134
19000	48930	48488	412785
19000	49574	49140	437670
19000	50630	50190	481023
19000	50458	49952	156333
19000	49870	49470	429018
19000	49232	48815	495244
19000	50320	49850	429266
19000	49879	49417	443561
19000	50052	49577	444352
19000	49654	49164	172084
19000	47172	46734	170664
19000	46747	46387	179057
19000	50485	49948	193159
19000	49688	49221	183953
19000	49833	49413	442346
19000	49707	49262	441941
19000	49360	48922	466501
19000	49077	48615	128930
19100	49767	49322	461455
19100	50646	50189	484821
19100	51005	50564	198799
19100	49167	48761	151920
19100	50225	49774	454681
19100	49089	48666	440455
19100	50712	50242	214619
19100	50567	50088	454744
19100	49918	49490	207082
19100	51443	50925	501331
19100	49415	48982	501993
19100	49074	48668	436079
19100	49634	49157	482973
19100	50345	49874	481324
19100	49439	49057	136518
19100	50084	49671	508572
19100	50779	50267	168330
19100	50152	49680	486419
19100	49803	49356	416900
19100	49469	49064	480320
19100	49271	48843	462831
19100	49570	49113	176233
19100	49344	48927	220289
19100	50466	50002	202617
19100	50725	50239	421307
19100	49440	48996	154084
19100	50387	49942	507836
19100	48911	48484	212573
19100	51048	50531	460574
19100	49965	49517	155346
19100	49741	49295	177850
19100	50817	50330	413856
19100	51133	50630	139615
19100	51228	50752	469342
19100	50377	49925	151399
19100	50486	50018	444306
19100	49559	49111	170055
19100	49135	48747	215282
19100	49889	49417	505925
19100	49374	48957	422239
19100	51100	50573	165320
19100	49662	49227	454698
19100	50668	50183	474180
19100	50144	49700	176527
19100	50422	49944	449234
19100	50956	50465	470253
19100	49854	49469	479734
19100	49216	48800	205948
19100	49477	48985	186497
19100	50935	50462	422690
19200	51204	50695	490828
19200	48679	48274	215345
19200	50010	49613	216528
19200	49669	49252	171772
19200	47571	47224	428127
19200	50364	49902	207000
19200	50375	49938	488781
19200	49716	49247	494456
19200	50757	50244	469629
19200	49571	49173	214762
19200	49578	49139	430096
19200	49959	49503	467414
19200	50654	50189	458223
19200	50829	50370	440892
19200	46550	46193	462440
19200	51088	50617	431442
19200	50735	50221	422374
19200	49078	48645	198680
19200	50735	50241	480003
19200	50684	50168	191066
19200	49834	49424	149292
19200	50093	49649	428894
19200	49983	49553	475152
19200	50474	50031	507745
19200	46061	45747	447726
19200	50287	49831	419723
19200	51102	50632	189407
19200	47864	47495	138498
19200	50411	49941	440790
19200	50437	49995	426119
19200	50362	49884	511570
19200	50085	49617	454009
19200	50347	49883	150284
19200	50879	50388	209677
19200	48238	47860	505648
19200	49311	48920	201847
19200	49062	48659	211849
19200	49977	49509	173979
19200	50549	50066	160273
19200	50146	49694	501104
19200	50997	50534	441001
19200	49713	49294	134348
19200	52149	51683	186910
19200	50336	49879	447041
19200	50531	50080	504789
19200	50094	49657	171586
19200	46390	46064	425049
19200	49875	49459	418757
19200	48820	48367	453606
19200	50965	50445	502276
19300	51133	50633	418177
19300	51007	50503	209493
19300	51407	50959	216802
19300	50741	50268	452419
19300	50034	49621	497318
19300	50571	50136	480990
19300	51619	51110	427311
19300	48791	48385	203349
19300	50668	50213	494569
19300	50034	49586	425724
19300	50660	50160	173518
19300	50763	50310	431568
19300	50842	50433	460715
19300	47333	47028	148826
19300	50971	50519	453039
19300	49489	49097	435462
19300	52242	51685	489077
19300	49706	49290	483815
19300	49793	49375	176830
19300	47611	47270	200419
19300	25148	25021	178551
19300	50366	49930	147926
19300	49229	48826	466960
19300	50079	49661	132697
19300	51481	50969	420541
19300	47688	47316	436134
19300	49722	49303	154085
19300	50344	49929	198939
19300	51726	51225	485570
19300	49752	49319	506689
19300	52016	51511	211088
19300	50286	49842	428688
19300	51164	50730	202356
19300	50105	49654	136956
19300	50526	50117	219255
19300	50449	50031	442637
19300	50440	49964	419627
19300	49659	49253	496379
19300	50927	50478	424120
19300	49062	48648	169212
19300	25327	25161	179420
19300	49829	49365	223700
19300	50589	50142	205746
19300	51098	50590	142823
19300	49079	48672	154693
19300	50591	50141	130506
19300	49899	49456	211815
19300	51077	50614	194403
19300	25175	25032	428269
19300	50824	50369	460922
19400	50814	50349	160528
19400	51593	51150	169296
19400	51123	50599	193547
19400	51813	51299	453265
19400	51722	51275	434021
19400	50161	49726	175034
19400	50671	50215	472011
19400	50285	49829	163593
19400	51025	50565	480577
19400	51133	50660	446185
19400	50835	50347	455214
19400	50630	50159	206768
19400	50382	50005	187635
19400	51009	50559	431584
19400	47889	47479	479564
19400	49590	49192	497377
19400	49963	49566	158149
19400	22142	22109	221839
19400	49464	49069	432653
19400	51539	51092	462469
19400	50196	49761	501854
19400	50747	50280	479903
19400	50914	50471	425692
19400	51687	51233	163792
19400	50097	49643	199259
19400	50270	49814	452598
19400	51030	50567	203623
19400	52416	51905	154181
19400	49656	49283	190457
19400	51704	51168	162932
19400	50937	50534	464318
19400	48160	47832	443000
19400	50159	49733	212182
19400	51674	51196	451686
19400	51292	50788	194587
19400	50238	49817	471672
19400	49905	49510	179056
19400	51265	50754	496820
19400	50439	50027	492569
19400	50082	49689	460563
19400	50630	50211	170205
19400	50086	49645	458597
19400	51758	51268	464713
19400	50570	50130	140325
19400	51768	51312	206911
19400	50812	50354	452495
19400	51699	51195	155920
19400	51816	51342	219999
19400	50027	49590	197986
19400	50641	50163	473757
19500	51785	51315	492628
19500	48476	48105	210945
19500	51495	51044	488691
19500	50768	50303	463159
19500	50128	49702	477737
19500	51468	50975	426364
19500	49842	49476	225115
19500	51308	50802	216149
19500	51417	50952	440078
19500	50846	50370	217803
19500	51189	50739	432417
19500	50868	50444	203275
19500	51373	50898	470374
19500	51021	50581	456424
19500	50716	50227	180862
19500	50513	50124	502804
19500	51122	50706	428580
19500	49856	49451	136601
19500	51594	51111	460039
19500	50962	50490	461380
19500	49868	49447	205163
19500	50455	50002	206500
19500	51242	50776	226015
19500	50389	49979	140933
19500	52556	52028	448200
19500	50716	50247	204646
19500	51447	51011	506792
19500	51370	50909	484092
19500	51735	51291	143853
19500	50911	50479	519547
19500	50651	50198	189065
19500	49786	49454	439396
19500	50337	49899	159051
19500	50668	50288	147114
19500	51382	50880	161227
19500	49725	49340	200803
19500	52412	51878	160612
19500	51012	50595	430820
19500	51890	51408	215247
19500	25155	25004	482726
19500	25303	25166	514247
19500	50250	49827	136906
19500	48311	47960	191350
19500	51395	50930	494484
19500	50575	50137	196522
19500	50604	50165	181681
19500	48769	48402	173119
19500	52319	51865	479172
19500	50306	49883	225163
19500	51655	51174	470235
19600	50442	49985	172453
19600	51753	51256	148346
19600	50177	49766	491737
19600	51025	50560	220045
19600	50889	50419	209195
19600	52235	51785	493648
19600	50520	50082	214491
19600	51945	51496	139975
19600	51441	51014	160994
19600	52572	52052	456421
19600	50747	50351	186666
19600	52963	52459	209180
19600	51771	51279	187276
19600	51059	50601	153678
19600	51124	50683	191962
19600	25606	25441	212839
19600	51010	50504	426576
19600	49055	48651	177597
19600	51162	50699	488136
19600	51823	51362	487488
19600	51785	51303	142116
19600	51541	51111	439572
19600	49723	49337	175510
19600	51140	50724	474535
19600	51329	50901	450625
19600	50364	49940	481709
19600	49797	49430	157012
19600	51406	50997	163211
19600	50571	50200	430120
19600	50920	50513	485670
19600	50168	49785	208826
19600	51455	50998	495593
19600	25014	24914	462918
19600	51407	50924	189471
19600	50418	49955	470588
19600	51365	50890	169742
19600	50748	50286	169003
19600	52083	51575	449348
19600	50580	50134	473392
19600	51961	51510	477329
19600	52380	51917	484518
19600	51848	51355	507252
19600	50735	50338	490173
19600	51213	50783	139846
19600	51512	51062	488616
19600	51852	51376	202605
19600	50934	50507	182145
19600	25382	25240	428163
19600	50695	50238	182676
19600	51381	50930	178753
19700	52401	51965	461027
19700	51622	51140	187322
19700	52112	51607	522005
19700	52402	51958	156877
19700	50388	49997	473434
19700	51362	50914	524228
19700	51426	50968	457275
19700	50706	50291	480637
19700	51660	51175	512689
19700	50872	50434	228184
19700	51675	51206	451022
19700	50877	50422	192615
19700	50746	50312	178418
19700	52003	51483	491571
19700	51371	50932	455102
19700	50231	49795	476548
19700	51648	51170	435179
19700	50813	50423	498981
19700	52103	51598	150079
19700	50548	50115	141016
19700	50424	49960	191050
19700	51619	51135	445335
19700	52238	51730	513808
19700	48535	48179	468414
19700	50674	50250	217051
19700	52650	52155	447368
19700	52853	52325	177243
19700	51546	51050	445832
19700	51815	51341	178099
19700	51791	51314	199351
19700	52107	51677	183257
19700	25586	25449	497529
19700	50275	49873	429803
19700	51347	50873	513497
19700	51508	51017	174395
19700	25356	25234	431394
19700	51167	50716	179513
19700	51440	50974	471640
19700	51876	51408	208415
19700	25708	25570	449464
19700	22479	22445	428932
19700	51779	51336	168570
19700	51452	50978	193059
19700	51016	50573	432546
19700	52179	51687	484150
19700	50593	50144	485531
19700	52046	51576	470246
19700	50868	50432	502269
19700	52050	51541	517982
19700	51617	51161	509240
19800	48189	47868	463848
19800	51635	51156	472942
19800	51733	51313	493025
19800	51880	51425	442085
19800	51114	50694	442874
19800	49317	48955	140019
19800	51506	51087	204719
19800	50626	50221	522901
19800	51428	50986	156094
19800	51180	50751	152309
19800	51803	51336	182704
19800	51339	50890	457504
19800	50775	50335	437588
19800	52914	52371	500407
19800	51577	51137	504856
19800	52131	51700	436054
19800	51653	51227	173587
19800	50758	50327	139104
19800	52208	51703	431302
19800	52134	51691	429875
19800	51940	51491	472830
19800	51157	50750	202358
19800	54358	53799	173646
19800	49876	49491	483997
19800	52590	52109	458502
19800	51939	51499	186537
19800	52096	51607	148178
19800	51868	51426	143739
19800	51563	51057	162449
19800	52181	51707	208217
19800	51549	51084	152235
19800	52210	51681	499340
19800	50273	49880	523860
19800	51698	51286	134750
19800	51541	51061	501149
19800	51746	51311	217970
19800	52026	51536	191700
19800	51680	51227	214307
19800	52608	52141	462738
19800	52704	52167	455445
19800	51154	50699	204607
19800	51392	51013	490465
19800	50351	49937	184901
19800	51300	50843	511735
19800	47572	47241	168781
19800	51837	51361	519336
19800	51379	50937	502173
19800	25532	25399	521477
19800	52853	52356	200601
19800	52395	51886	186895
19900	51671	51223	495434
19900	52038	51544	146945
19900	51666	51192	446872
19900	51834	51399	172642
19900	53420	52945	137145
19900	51719	51241	162138
19900	51443	51015	198904
19900	50210	49746	454385
19900	52049	51592	450763
19900	52594	52064	453638
19900	52844	52307	151134
19900	51343	50916	201586
19900	52629	52169	461948
19900	52125	51653	143260
19900	52684	52225	149756
19900	50209	49800	453404
19900	52423	51937	191401
19900	52386	51849	454105
19900	51804	51312	212522
19900	52872	52405	448813
19900	51470	51047	179208
19900	50994	50562	435128
19900	51987	51506	483161
19900	52315	51841	169782
19900	52332	51878	447442
19900	48844	48506	474137
19900	52217	51773	484262
19900	52226	51777	192639
19900	53027	52535	187185
19900	51975	51550	181011
19900	52364	51879	498590
19900	52976	52466	521928
19900	53625	53126	216168
19900	53224	52734	467690
19900	52192	51682	147094
19900	50834	50405	207585
19900	51339	50881	146334
19900	52311	51833	220869
19900	51896	51423	135516
19900	52029	51548	171223
19900	25456	25347	496837
19900	51540	51082	478813
19900	50453	50120	206223
19900	51357	50891	518958
19900	52784	52337	228922
19900	51909	51435	469744
19900	51125	50681	484200
19900	52013	51553	222275
19900	25873	25740	436425
19900	26094	25927	160534
20000	50561	50146	473678
20000	53047	52521	434366
20000	49204	48820	150641
20000	49502	49121	454871
20000	52377	51910	527374
20000	49037	48691	179070
20000	52703	52254	458338
20000	53007	52501	220114
20000	48957	48590	470799
20000	25692	25569	157985
20000	48858	48463	480416
20000	52924	52459	523957
20000	49992	49590	464675
20000	48916	48557	140462
20000	52684	52228	166465
20000	52772	52313	150889
20000	51643	51190	199588
20000	52625	52165	197659
20000	51448	50999	493872
20000	48522	48120	435766
20000	52925	52398	502738
20000	52323	51825	483939
20000	51508	51065	183814
20000	48715	48355	532881
20000	52685	52177	137641
20000	49090	48756	517827
20000	51198	50721	513317
20000	52919	52405	181352
20000	52977	52519	482272
20000	52296	51869	471291
20000	52719	52251	164445
20000	52241	51777	516799
20000	51777	51336	183392
20000	52550	52086	206132
20000	51510	51136	501339
20000	49609	49275	188396
20000	52292	51833	519961
20000	52176	51726	180870
20000	52752	52251	456395
20000	52337	51867	528261
20000	51236	50748	152824
20000	53037	52576	451832
20000	48665	48339	528705
20000	50454	50054	458251
20000	52950	52445	446557
20000	52190	51750	520328
20000	48724	48353	231859
20000	49972	49530	510435
20000	52142	51652	205236
20000	49622	49203	231377
20100	51168	50766	219950
20100	51825	51410	494614
20100	52362	51852	171903
20100	52165	51695	221935
20100	53548	53046	140241
20100	53309	52861	201275
20100	53057	52527	441592
20100	52200	51754	204459
20100	52836	52430	214832
20100	54054	53504	530508
20100	52133	51698	522678
20100	52526	52067	211777
20100	51673	51248	511557
20100	52198	51795	173276
20100	52208	51740	534479
20100	52600	52160	204490
20100	49779	49379	152520
20100	54944	54387	535826
20100	51986	51516	441631
20100	53236	52724	487908
20100	51883	51383	218501
20100	53515	53079	151111
20100	50289	49910	506677
20100	49682	49303	441516
20100	52558	52074	446744
20100	52641	52132	143565
20100	53231	52727	156850
20100	53296	52877	189809
20100	52934	52435	216092
20100	52580	52150	516028
20100	53221	52741	476096
20100	52760	52261	454974
20100	54862	54266	225771
20100	52944	52452	458061
20100	53280	52793	157608
20100	49944	49564	144881
20100	53265	52762	511133
20100	25842	25742	497741
20100	25885	25761	483630
20100	52402	51985	228949
20100	51279	50841	497584
20100	53723	53199	500316
20100	51590	51169	521884
20100	52567	52150	477563
20100	51951	51540	228389
20100	50379	49962	209221
20100	52984	52555	459922
20100	52473	52044	479492
20100	53033	52521	215195
20100	52237	51738	458527
20200	53037	52532	202727
20200	52214	51771	454765
20200	51376	50995	185167
20200	54114	53565	203244
20200	48987	48637	455978
20200	54084	53563	534005
20200	53389	52927	530102
20200	53373	52860	446242
20200	52548	52115	523436
20200	52347	51886	192881
20200	52894	52374	197687
20200	53849	53303	167989
20200	54336	53814	222916
20200	53278	52779	195649
20200	52337	51882	513572
20200	52148	51714	187590
20200	53092	52594	198009
20200	26427	26276	155237
20200	53456	52993	469650
20200	53076	52594	519978
20200	53101	52610	453422
20200	54001	53471	489938
20200	53578	53053	175212
20200	51929	51509	179793
20200	52179	51720	515318
20200	52999	52574	446910
20200	53239	52721	484975
20200	52725	52236	193608
20200	52477	52035	187334
20200	52388	51956	472593
20200	51801	51367	155189
20200	52400	51966	179531
20200	52266	51857	230534
20200	25644	25534	200287
20200	53401	52880	461985
20200	52806	52343	478014
20200	53936	53430	143908
20200	53092	52616	221096
20200	52680	52232	485847
20200	52399	51986	191033
20200	52906	52432	228302
20200	52647	52135	499810
20200	53717	53205	482870
20200	53725	53251	460719
20200	26070	25944	178894
20200	53965	53402	200002
20200	52761	52278	456085
20200	53176	52715	203814
20200	53692	53220	174913
20200	53045	52551	192259
20300	52971	52527	470080
20300	53813	53327	512132
20300	53224	52712	167754
20300	52128	51669	516797
20300	53661	53123	492494
20300	53424	52982	463332
20300	26762	26601	193005
20300	53365	52852	159791
20300	52249	51845	201095
20300	53039	52531	522543
20300	51627	51225	511919
20300	52983	52481	445634
20300	52408	52000	201694
20300	51886	51432	153001
20300	54138	53563	538471
20300	53127	52710	483590
20300	52745	52328	150190
20300	48855	48544	219676
20300	52442	52015	490483
20300	50337	49959	173093
20300	52593	52109	505259
20300	52466	52035	499375
20300	53261	52788	457656
20300	53557	53055	515615
20300	53614	53158	503904
20300	52211	51771	156502
20300	53372	52858	165086
20300	53550	53067	469691
20300	50840	50412	214861
20300	54001	53469	167825
20300	53123	52635	488585
20300	50247	49830	476536
20300	23259	23209	469631
20300	53047	52562	494197
20300	53764	53282	141690
20300	54542	54048	157891
20300	49375	49040	541095
20300	26258	26133	229838
20300	52444	51991	461422
20300	52444	52016	472618
20300	52764	52249	162309
20300	26178	26055	538818
20300	50512	50099	464721
20300	53573	53136	526491
20300	52226	51793	168027
20300	52714	52240	466700
20300	50531	50091	210577
20300	54006	53512	528092
20300	52863	52385	536054
20300	54348	53842	217653
20400	53156	52679	521150
20400	53278	52790	154228
20400	51894	51470	181464
20400	53854	53386	151100
20400	53875	53323	477730
20400	54230	53704	515987
20400	53255	52805	225842
20400	53951	53450	230250
20400	53008	52561	149861
20400	53671	53159	498241
20400	53896	53416	521520
20400	52469	52008	488009
20400	54672	54140	442320
20400	51278	50882	180721
20400	53527	53094	499600
20400	26124	26015	492027
20400	53180	52723	513693
20400	52937	52441	155452
20400	52988	52479	470876
20400	52266	51896	218663
20400	26283	26147	141920
20400	53922	53422	237414
20400	52851	52390	503418
20400	52989	52572	173519
20400	54189	53649	533005
20400	26324	26195	510892
20400	54369	53927	516259
20400	53051	52550	518612
20400	53342	52852	540162
20400	26021	25913	160061
20400	51889	51458	223357
20400	54263	53768	523165
20400	53885	53363	142181
20400	52672	52188	486949
20400	53767	53239	543410
20400	54189	53656	468541
20400	53849	53362	482895
20400	53895	53442	489736
20400	55023	54468	531002
20400	26411	26277	189280
20400	53700	53219	213036
20400	52301	51872	186573
20400	54101	53607	234856
20400	52369	51978	137118
20400	53719	53251	220950
20400	52494	52060	497979
20400	52174	51742	528586
20400	52702	52282	522605
20400	53545	53076	210314
20400	53867	53390	526335
20500	53236	52757	148448
20500	53663	53211	195258
20500	53252	52798	175021
20500	54105	53637	151971
20500	54379	53829	539120
20500	54493	53982	503798
20500	54729	54234	227980
20500	53832	53346	229542
20500	53704	53258	139682
20500	53123	52689	509615
20500	53350	52862	497539
20500	53362	52890	495990
20500	54445	53963	509344
20500	53921	53426	511681
20500	54389	53860	481247
20500	52911	52447	529466
20500	53806	53301	498886
20500	53508	53034	493615
20500	55594	55027	528421
20500	52143	51700	152908
20500	26129	26008	482221
20500	50049	49689	534951
20500	53533	53089	494452
20500	53737	53274	533606
20500	53532	53085	494139
20500	53509	53038	493157
20500	54846	54354	185397
20500	53627	53191	196638
20500	54615	54119	215349
20500	52606	52189	190345
20500	53643	53182	503621
20500	52853	52400	232937
20500	52860	52404	230237
20500	53242	52809	480271
20500	55170	54650	142227
20500	53655	53158	233970
20500	54362	53903	539595
20500	54387	53883	209853
20500	52374	51948	545091
20500	54720	54203	175690
20500	52808	52446	195165
20500	53406	52932	153105
20500	53930	53423	453839
20500	53377	52925	539547
20500	26649	26517	536225
20500	53410	52965	191875
20500	54877	54335	534928
20500	54093	53585	192364
20500	53667	53135	198936
20500	53775	53258	475437
20600	54146	53668	534614
20600	26716	26571	506534
20600	54406	53908	492479
20600	54919	54391	505366
20600	55474	54982	225777
20600	54764	54290	150861
20600	54084	53587	218460
20600	26392	26286	178084
20600	53120	52643	453791
20600	26769	26623	157419
20600	53694	53268	215976
20600	53149	52737	172639
20600	53412	52977	175156
20600	53735	53244	187310
20600	53291	52850	483830
20600	53387	52939	471530
20600	26571	26426	494647
20600	53097	52664	177834
20600	54550	54055	510695
20600	50184	49860	199430
20600	53013	52595	197929
20600	53232	52782	529113
20600	54495	54007	137820
20600	26992	26822	153734
20600	54157	53670	156411
20600	53433	52987	500882
20600	55659	55161	461254
20600	53803	53314	179953
20600	54853	54337	208906
20600	26446	26322	500593
20600	52686	52267	456272
20600	54966	54457	476435
20600	55076	54607	167680
20600	55220	54709	463700
20600	26727	26577	503820
20600	52388	51952	144659
20600	53950	53384	544367
20600	53175	52721	511577
20600	53732	53317	459424
20600	54169	53674	178210
20600	54781	54292	497941
20600	52056	51681	532416
20600	54553	54017	449705
20600	53976	53542	203754
20600	55551	55007	498081
20600	52616	52174	535923
20600	53224	52750	470092
20600	54261	53773	536982
20600	53301	52873	159387
20600	53087	52663	506950
20700	53762	53310	223166
20700	54514	54031	216670
20700	53778	53349	529929
20700	54396	53912	493310
20700	54049	53616	514659
20700	54173	53680	161016
20700	53914	53449	144359
20700	53866	53397	139690
20700	54279	53871	175072
20700	52840	52428	161797
20700	54152	53636	475169
20700	54562	54063	471475
20700	54325	53876	497413
20700	53276	52799	450713
20700	53922	53476	152096
20700	52562	52152	517464
20700	54368	53960	519027
20700	53473	53053	548779
20700	54107	53658	483028
20700	54121	53684	486043
20700	54120	53686	211432
20700	55030	54512	508243
20700	51757	51401	239210
20700	53268	52827	182693
20700	53231	52769	518371
20700	54217	53747	235053
20700	54770	54262	510543
20700	53586	53123	481857
20700	54794	54320	165159
20700	55400	54895	496072
20700	26950	26809	152475
20700	53785	53310	198371
20700	27222	27041	178551
20700	52735	52319	514638
20700	54060	53596	189148
20700	55415	54963	544355
20700	54722	54219	142847
20700	53907	53432	221470
20700	53962	53505	490692
20700	54632	54110	181582
20700	53290	52816	179026
20700	54852	54341	529055
20700	54419	53959	506344
20700	54997	54505	515036
20700	26851	26704	487218
20700	54596	54089	174250
20700	53490	53020	230242
20700	52826	52378	187228
20700	53943	53460	186380
20700	53921	53461	543301
20800	54397	53905	474932
20800	55951	55379	496654
20800	55384	54927	202273
20800	51569	51188	180977
20800	23933	23878	544757
20800	53680	53242	211045
20800	53392	52930	143697
20800	53744	53315	149914
20800	55474	54949	171011
20800	54924	54433	234346
20800	54751	54211	500546
20800	51610	51234	454794
20800	53410	52973	231814
20800	50494	50170	163736
20800	54470	54009	169185
20800	53887	53433	458589
20800	54891	54393	549419
20800	53914	53434	519351
20800	51272	50885	532253
20800	50894	50547	178829
20800	53928	53456	551013
20800	53399	53003	223646
20800	50556	50198	474859
20800	54709	54233	173143
20800	50650	50299	488214
20800	50066	49754	139703
20800	51746	51375	530539
20800	53616	53214	195310
20800	54806	54332	230322
20800	54542	54032	529119
20800	54434	53977	478947
20800	55073	54600	215164
20800	55013	54553	235480
20800	54671	54147	524925
20800	55176	54659	526086
20800	53768	53327	201348
20800	54519	53996	216867
20800	52403	51998	218070
20800	50947	50577	168569
20800	55561	55053	472975
20800	51752	51346	154450
20800	54132	53687	170712
20800	55508	54963	172984
20800	55249	54782	554015
20800	55167	54620	227164
20800	54186	53690	150452
20800	54965	54465	550034
20800	52145	51751	222603
20800	50100	49751	487681
20800	54796	54352	483678
20900	55219	54705	522660
20900	54288	53851	238847
20900	53949	53482	202330
20900	54719	54224	169045
20900	51746	51344	214134
20900	53831	53419	548618
20900	54351	53935	213880
20900	54163	53662	514261
20900	54915	54422	204489
20900	55566	55038	524847
20900	54210	53690	531435
20900	54323	53830	520683
20900	53882	53419	523685
20900	54905	54439	512999
20900	50539	50224	514039
20900	53946	53534	542983
20900	55475	55039	533835
20900	53655	53199	164308
20900	54296	53842	519027
20900	54299	53838	165377
20900	55934	55466	487364
20900	53778	53308	457092
20900	51442	51081	550779
20900	54853	54377	186115
20900	54021	53592	539788
20900	54060	53597	466841
20900	52438	52087	158796
20900	54326	53817	482783
20900	55693	55134	490192
20900	51641	51267	458571
20900	54327	53874	465574
20900	53859	53369	503680
20900	54593	54105	546293
20900	51955	51563	459926
20900	53489	53063	228694
20900	54434	54016	178798
20900	53344	52893	149656
20900	54981	54481	487365
20900	56117	55566	235608
20900	54211	53780	485869
20900	54917	54417	552071
20900	27257	27097	236970
20900	54068	53655	155648
20900	54426	53988	510234
20900	54002	53529	549466
20900	53589	53187	538936
20900	54533	54087	163781
20900	51041	50695	487419
20900	54752	54317	538739
20900	53492	53084	534160
21000	54599	54125	478608
21000	55239	54768	500312
21000	55138	54648	144716
21000	55094	54563	542393
21000	55792	55266	498234
21000	51119	50774	478016
21000	55393	54912	547773
21000	55129	54677	205409
21000	54781	54314	235823
21000	54291	53801	163252
21000	54865	54429	534661
21000	54999	54539	550383
21000	55474	54959	216537
21000	54755	54324	208486
21000	54553	54070	175243
21000	54100	53619	140825
21000	54187	53733	228227
21000	55640	55098	552607
21000	56004	55487	475402
21000	55032	54587	559591
21000	54514	54072	482093
21000	55649	55204	510118
21000	50368	50046	175493
21000	54666	54187	142665
21000	54692	54241	518348
21000	54860	54376	457749
21000	55864	55397	557320
21000	54351	53892	533264
21000	55056	54588	455901
21000	55226	54733	547284
21000	52447	52036	490743
21000	53992	53559	513490
21000	54205	53785	548557
21000	55708	55203	550194
21000	54451	53987	140432
21000	55357	54850	479247
21000	54593	54103	192575
21000	55425	54893	488041
21000	54326	53922	554569
21000	55074	54601	490573
21000	54746	54308	219089
21000	54617	54180	524001
21000	50829	50465	182162
21000	55309	54792	533596
21000	54328	53845	543486
21000	51667	51293	163649
21000	55494	55010	184452
21000	55202	54701	532324
21000	53895	53427	551610
21000	55402	54908	216553
21100	54883	54410	220300
21100	53717	53274	480547
21100	55036	54544	203536
21100	54796	54354	162631
21100	54840	54354	173426
21100	54810	54401	557469
21100	54751	54296	499805
21100	54569	54151	462574
21100	54121	53688	216762
21100	55524	54998	183595
21100	55906	55384	557248
21100	55974	55450	218302
21100	55471	54966	210537
21100	55352	54894	555259
21100	54407	53993	473018
21100	56264	55743	147929
21100	55061	54575	172260
21100	51356	51043	140834
21100	55652	55197	561433
21100	54272	53825	217288
21100	55262	54742	536617
21100	54220	53805	145257
21100	26583	26479	483479
21100	57009	56435	515580
21100	54608	54154	180024
21100	54857	54346	496233
21100	54980	54466	538639
21100	55439	54943	508628
21100	55069	54638	520592
21100	55105	54637	515878
21100	54778	54300	192004
21100	54770	54267	156767
21100	55732	55258	198919
21100	27362	27211	464144
21100	55378	54908	497832
21100	55194	54746	222029
21100	23791	23776	489524
21100	54669	54233	183058
21100	54829	54365	191088
21100	54433	53948	488231
21100	27184	27060	479341
21100	55471	54960	549627
21100	54566	54097	480146
21100	55660	55207	496626
21100	55057	54593	233874
21100	55318	54781	204202
21100	54722	54293	550607
21100	55187	54715	172963
21100	55099	54598	513744
21100	54701	54268	172585
21200	54607	54184	146379
21200	54979	54478	150845
21200	55714	55217	481087
21200	56280	55757	223727
21200	54003	53582	540286
21200	55999	55497	197412
21200	55778	55253	151894
21200	55426	54949	478663
21200	55592	55134	522156
21200	55777	55271	517258
21200	56203	55702	177722
21200	52034	51642	525692
21200	55007	54492	561873
21200	55068	54582	198008
21200	55843	55339	167984
21200	54266	53823	190062
21200	26919	26807	143138
21200	54744	54308	204105
21200	56239	55730	235967
21200	55032	54552	168828
21200	55355	54920	176810
21200	55293	54816	196875
21200	54663	54194	477262
21200	54971	54519	238342
21200	55179	54675	203871
21200	56555	56011	164116
21200	53630	53227	233834
21200	55331	54882	173134
21200	55535	55037	543709
21200	55038	54568	515256
21200	55423	54900	199843
21200	56121	55635	543994
21200	55012	54539	219017
21200	55003	54598	203314
21200	55968	55511	543537
21200	57177	56653	552052
21200	52384	52010	246054
21200	56101	55581	560265
21200	55607	55135	477598
21200	56176	55644	145530
21200	55578	55048	173571
21200	54935	54513	550526
21200	54790	54357	497759
21200	58134	57541	203378
21200	55774	55289	145382
21200	27828	27661	172649
21200	55446	54984	208479
21200	55373	54901	551298
21200	56237	55749	215069
21200	55966	55477	157927
21300	27324	27184	142501
21300	52440	52100	563605
21300	55639	55124	228201
21300	55234	54786	209514
21300	55520	55047	503769
21300	57113	56598	537407
21300	51948	51563	215199
21300	51874	51512	192463
21300	53252	52846	512063
21300	55245	54792	512087
21300	27798	27644	517219
21300	24352	24315	223678
21300	52916	52520	516164
21300	56044	55578	564319
21300	55137	54698	173144
21300	55328	54839	177862
21300	24312	24278	198466
21300	55919	55425	539498
21300	56058	55591	215556
21300	55673	55227	159686
21300	55974	55498	472876
21300	54858	54400	566033
21300	53296	52869	242130
21300	53414	52998	167722
21300	51743	51371	192099
21300	57219	56689	221098
21300	55543	55123	471147
21300	54271	53828	218622
21300	27891	27731	237209
21300	56215	55735	560486
21300	52768	52373	195213
21300	24370	24332	187023
21300	55704	55181	550416
21300	52356	51958	193150
21300	56358	55856	213572
21300	55636	55194	486290
21300	52387	51972	551561
21300	53407	53001	185509
21300	53514	53061	517060
21300	56843	56290	489033
21300	24330	24294	498209
21300	57363	56808	523120
21300	53198	52779	499571
21300	51682	51304	166943
21300	54827	54367	468065
21300	24281	24249	469463
21300	51466	51091	467309
21300	24432	24381	212953
21300	52528	52153	186776
21300	55229	54769	198004
21400	56523	56045	174143
21400	56623	56159	540015
21400	55545	55109	199413
21400	56202	55717	213890
21400	52508	52139	146275
21400	55924	55402	175865
21400	56117	55628	203321
21400	55759	55299	479151
21400	56607	56135	147177
21400	56439	55951	170503
21400	56279	55765	174986
21400	55945	55473	468668
21400	56450	55956	465672
21400	54207	53830	479550
21400	55947	55445	558033
21400	56194	55695	474267
21400	56563	56029	185457
21400	55976	55499	514521
21400	56904	56355	148666
21400	56317	55823	547166
21400	56138	55627	494577
21400	56269	55749	191112
21400	56704	56162	229281
21400	53846	53420	225489
21400	55836	55382	237965
21400	56202	55711	240265
21400	55742	55255	565589
21400	56235	55747	535648
21400	55335	54886	501811
21400	56723	56209	212322
21400	55697	55195	209370
21400	55715	55250	204886
21400	56608	56138	511652
21400	54762	54287	155078
21400	56037	55542	514315
21400	55562	55110	568900
21400	55619	55187	145786
21400	54167	53758	509846
21400	54427	54014	198968
21400	56733	56196	201962
21400	55430	54970	541255
21400	56207	55740	160886
21400	56565	56063	550231
21400	57118	56589	527241
21400	56134	55659	484079
21400	56425	55968	491409
21400	56253	55758	551376
21400	56517	56006	535593
21400	27346	27229	491706
21400	56514	56086	180334
21500	28091	27932	545550
21500	27634	27504	243337
21500	55723	55276	224117
21500	55947	55509	551426
21500	54698	54236	250362
21500	56989	56510	214907
21500	54537	54096	517373
21500	27497	27376	478334
21500	55439	54970	516978
21500	55447	55014	550761
21500	57021	56502	231531
21500	56814	56299	201710
21500	56261	55782	472083
21500	27593	27466	165702
21500	27753	27616	489250
21500	55365	54907	144427
21500	56315	55832	189204
21500	56340	55845	473355
21500	55447	55017	177794
21500	56456	55948	501534
21500	56238	55739	519551
21500	56630	56153	164117
21500	56367	55860	148105
21500	56569	56096	499673
21500	56412	55885	243686
21500	55913	55433	529009
21500	55489	55000	499979
21500	55863	55400	172427
21500	56386	55901	186263
21500	55779	55294	476708
21500	55891	55429	508885
21500	57365	56839	161328
21500	57333	56837	530687
21500	56775	56298	189707
21500	56519	56015	515180
21500	27652	27523	473349
21500	57019	56468	203419
21500	54933	54465	243728
21500	56933	56417	559871
21500	56852	56338	565759
21500	56389	55965	203435
21500	56340	55855	473246
21500	55726	55234	188710
21500	27956	27813	530895
21500	56029	55568	193850
21500	56529	56005	160461
21500	56833	56360	247141
21500	54981	54569	155709
21500	54885	54426	192014
21500	56807	56329	513645
21600	56624	56115	528047
21600	54470	54057	158070
21600	56747	56284	175289
21600	56003	55548	172204
21600	56233	55772	565573
21600	57701	57156	482410
21600	56242	55730	190245
21600	55819	55386	540432
21600	56133	55681	487344
21600	57599	57036	570197
21600	56322	55846	491747
21600	55254	54811	512867
21600	56686	56255	208050
21600	56916	56410	478298
21600	56727	56231	476608
21600	56130	55610	217998
21600	54889	54476	238818
21600	56120	55685	153887
21600	57010	56562	144114
21600	52994	52638	497470
21600	56726	56224	546053
21600	52565	52222	158792
21600	55963	55523	241911
21600	55886	55394	151242
21600	56083	55617	144955
21600	55586	55111	502524
21600	55464	55069	148628
21600	57167	56670	512759
21600	56128	55636	152539
21600	56256	55763	219077
21600	55851	55404	530121
21600	56600	56130	535047
21600	56423	55997	222151
21600	56594	56062	170328
21600	53475	53070	472307
21600	55602	55164	234698
21600	57699	57161	488953
21600	54922	54529	492104
21600	56144	55628	146765
21600	57450	56953	159226
21600	58686	58131	192364
21600	56305	55867	224464
21600	56094	55614	190701
21600	56674	56152	486429
21600	57242	56725	146044
21600	57181	56718	557767
21600	55532	55068	171068
21600	56952	56430	476741
21600	54295	53867	158761
21600	57062	56510	546078
21700	56725	56260	162769
21700	56199	55723	250939
21700	57176	56673	560480
21700	56301	55833	221702
21700	58126	57593	546658
21700	57483	56971	508905
21700	57016	56517	161081
21700	56223	55752	476200
21700	56502	56021	504159
21700	57447	56941	225579
21700	57548	57048	520878
21700	56853	56327	188234
21700	56961	56499	194876
21700	56635	56196	234608
21700	28138	27981	201406
21700	56101	55599	569850
21700	58166	57613	166014
21700	56098	55648	151098
21700	55741	55301	195474
21700	56674	56176	188768
21700	57369	56862	156109
21700	56565	56081	555938
21700	56519	56007	578095
21700	56745	56280	524701
21700	56019	55597	540850
21700	56741	56282	529404
21700	57883	57388	172786
21700	57603	57096	148617
21700	57368	56892	556150
21700	58512	57911	248450
21700	56502	56026	200444
21700	56447	55947	471350
21700	56610	56117	240836
21700	56727	56253	568117
21700	56511	55994	249925
21700	57314	56819	204722
21700	55637	55199	217540
21700	55583	55075	568580
21700	56086	55642	220806
21700	56374	55923	544750
21700	56771	56319	221188
21700	57072	56578	232894
21700	56622	56156	524406
21700	57675	57122	157493
21700	56165	55702	160043
21700	57539	57013	523602
21700	56941	56461	475963
21700	56595	56143	239254
21700	56306	55835	527556
21700	53672	53266	520281
21800	57120	56585	230158
21800	57367	56882	481930
21800	56884	56426	491378
21800	57529	57039	538067
21800	53124	52752	153983
21800	54037	53635	210471
21800	55795	55327	547380
21800	58260	57741	185865
21800	24977	24932	507284
21800	57345	56824	531712
21800	56198	55710	561053
21800	56435	55924	167415
21800	57183	56688	563031
21800	56199	55769	212880
21800	59151	58597	486267
21800	56772	56273	518363
21800	56775	56289	524215
21800	57272	56765	171709
21800	57424	56925	493534
21800	28396	28253	214275
21800	53940	53599	228731
21800	57558	57051	485810
21800	56118	55645	532412
21800	57678	57124	161146
21800	57489	56942	198678
21800	54410	53992	164897
21800	55259	54889	475656
21800	56290	55817	482813
21800	58197	57684	196763
21800	58510	57959	496465
21800	58277	57720	508116
21800	56797	56283	176622
21800	57900	57405	537623
21800	56908	56423	483884
21800	56734	56264	491759
21800	57688	57180	517009
21800	57421	56944	193065
21800	57217	56733	562841
21800	56048	55540	521755
21800	57737	57237	497153
21800	56628	56123	485368
21800	55830	55391	534501
21800	57735	57224	530450
21800	55993	55532	169011
21800	56536	56039	561673
21800	56720	56323	174060
21800	57733	57188	523596
21800	56142	55672	148450
21800	54831	54392	478995
21800	53741	53347	207395
21900	57271	56803	150457
21900	57507	56997	487987
21900	57672	57183	534808
21900	57110	56658	209453
21900	57926	57406	479053
21900	56705	56239	528520
21900	57315	56817	220556
21900	57536	57023	191425
21900	57427	56932	194063
21900	57084	56618	146223
21900	57096	56632	185839
21900	57638	57093	559026
21900	56688	56203	501154
21900	56856	56402	490650
21900	55970	55515	215617
21900	57303	56839	170941
21900	58654	58090	528763
21900	57166	56679	235389
21900	56933	56450	168619
21900	57455	56943	220708
21900	53811	53432	572110
21900	56641	56158	522680
21900	56494	56044	544755
21900	57469	56984	537136
21900	25056	25017	184861
21900	58130	57604	214343
21900	57493	56999	563082
21900	57884	57438	573488
21900	57741	57292	569349
21900	56249	55807	527756
21900	54529	54110	538286
21900	56997	56525	527042
21900	56078	55670	489477
21900	57197	56729	568598
21900	56314	55868	248669
21900	56803	56315	476635
21900	53611	53234	217233
21900	57370	56849	551506
21900	57332	56817	227179
21900	57498	57044	230264
21900	55769	55361	250519
21900	57566	57047	507184
21900	53820	53443	576448
21900	53372	52988	166173
21900	57676	57179	156756
21900	57967	57427	480174
21900	57197	56700	166657
21900	58280	57768	517921
21900	56589	56159	225236
21900	54587	54190	556162
22000	56729	56273	499173
22000	57519	56972	490629
22000	56702	56222	256616
22000	58009	57480	538412
22000	57948	57408	244475
22000	58207	57724	548010
22000	57745	57233	164782
22000	57547	57063	552348
22000	57231	56754	191089
22000	58374	57804	233244
22000	56395	55945	169706
22000	57200	56740	532605
22000	56545	56092	510348
22000	57449	56969	489922
22000	58406	57891	152082
22000	57520	57052	225421
22000	57564	57032	508112
22000	28571	28408	221681
22000	57540	57041	176338
22000	57226	56761	580719
22000	57486	57009	539462
22000	56336	55897	490108
22000	57753	57217	201047
22000	57955	57436	255535
22000	56416	55927	500100
22000	57910	57428	204293
22000	28676	28504	479578
22000	57201	56728	526313
22000	58029	57480	581363
22000	56622	56171	219076
22000	57335	56875	159007
22000	59257	58706	231911
22000	57569	57075	555704
22000	57405	56945	527441
22000	58446	57924	160662
22000	58251	57743	200561
22000	57860	57337	172343
22000	56824	56333	567229
22000	57009	56510	495776
22000	57345	56816	185974
22000	58342	57804	185137
22000	57867	57352	494975
22000	56469	56031	575077
22000	58190	57724	546249
22000	57722	57182	207827
22000	57725	57211	150254
22000	58300	57769	523542
22000	58264	57758	230493
22000	58687	58105	578810
22000	57404	56899	499541
22100	54901	54529	534393
22100	55380	54950	256373
22100	57996	57457	509475
22100	28031	27931	210136
22100	52989	52684	496775
22100	58248	57732	153826
22100	55160	54753	498174
22100	54664	54251	541225
22100	57991	57521	500083
22100	58105	57610	159761
22100	57981	57502	513989
22100	57242	56773	181881
22100	58366	57935	493266
22100	57528	57036	234048
22100	54072	53706	573162
22100	57575	57134	571198
22100	58769	58240	589289
22100	53886	53504	170673
22100	54579	54170	563235
22100	53995	53633	215117
22100	55398	54962	231004
22100	54765	54335	229299
22100	58035	57519	252761
22100	53955	53600	567246
22100	29076	28910	541358
22100	56239	55771	490297
22100	54437	54046	193179
22100	59017	58517	551828
22100	54368	54030	486220
22100	56959	56509	248769
22100	54102	53756	204608
22100	58359	57864	202526
22100	55175	54752	251574
22100	57387	56883	249164
22100	54337	53979	541416
22100	57249	56714	497332
22100	54775	54342	248719
22100	54624	54231	534375
22100	54163	53788	215256
22100	55087	54702	242941
22100	58425	57916	486649
22100	54789	54355	178950
22100	58129	57643	149506
22100	58669	58161	484520
22100	54073	53672	165200
22100	55156	54713	567783
22100	57481	56977	516752
22100	55987	55549	172392
22100	59177	58674	230848
22100	57667	57174	205058
22200	58335	57884	556516
22200	59342	58832	554702
22200	58749	58222	586162
22200	58785	58323	206977
22200	57593	57097	245180
22200	58577	58067	541829
22200	57197	56781	211187
22200	58937	58420	488645
22200	58600	58078	528366
22200	28720	28578	557539
22200	57021	56591	228001
22200	58434	57970	510429
22200	57987	57507	509739
22200	29027	28867	557386
22200	58344	57840	562637
22200	57498	57048	516830
22200	57929	57421	569445
22200	28237	28121	537899
22200	60604	60031	244417
22200	58403	57904	249566
22200	28926	28770	199797
22200	58018	57526	163701
22200	57736	57264	559062
22200	57933	57458	211990
22200	58569	58052	582923
22200	28542	28406	184718
22200	58324	57809	585845
22200	57639	57176	490045
22200	58458	57916	579269
22200	58444	58000	516521
22200	29010	28864	197886
22200	58314	57844	503667
22200	57776	57382	207479
22200	57369	56874	500067
22200	59061	58594	484337
22200	57667	57225	148387
22200	57815	57385	537850
22200	58410	57884	189393
22200	57213	56778	169041
22200	57770	57278	243877
22200	60000	59457	587784
22200	57681	57161	482511
22200	57509	57072	188185
22200	55040	54682	161491
22200	56931	56472	248790
22200	57934	57439	579536
22200	57366	56900	546264
22200	54384	53981	562592
22200	57749	57266	171059
22200	58039	57552	524484
22300	58535	58025	238185
22300	57301	56836	235415
22300	58746	58280	584845
22300	58226	57712	175941
22300	58867	58286	520297
22300	58426	57921	511026
22300	58042	57554	525752
22300	58342	57864	526801
22300	57997	57524	583786
22300	58424	57897	487695
22300	58185	57671	574150
22300	59435	58919	215642
22300	58758	58275	544621
22300	58017	57534	571741
22300	58237	57728	533011
22300	57654	57165	254362
22300	57998	57486	231264
22300	57594	57133	218123
22300	58312	57787	254737
22300	59242	58766	583248
22300	57619	57202	152550
22300	57802	57305	172999
22300	57598	57186	154664
22300	58469	57916	485460
22300	58190	57673	246812
22300	57709	57281	153617
22300	58312	57833	175986
22300	58076	57612	253763
22300	58219	57741	559734
22300	57555	57056	536486
22300	59097	58617	548443
22300	57115	56609	583837
22300	57933	57457	592681
22300	57641	57143	252049
22300	57284	56833	521161
22300	58439	57932	516807
22300	57421	56939	573493
22300	58070	57586	207372
22300	56822	56374	237035
22300	58884	58364	195494
22300	56758	56287	497801
22300	57251	56839	245946
22300	57556	57088	570003
22300	59093	58564	156195
22300	58030	57581	199759
22300	28766	28621	257321
22300	58465	57957	565546
22300	57582	57111	256784
22300	57857	57403	185739
22300	58556	58022	500916
22400	60206	59614	572541
22400	28623	28501	225558
22400	58504	58030	169279
22400	58351	57893	154042
22400	28873	28753	564539
22400	58214	57744	547304
22400	58410	57928	538585
22400	29177	29021	516982
22400	58408	57890	210545
22400	57923	57444	502726
22400	29196	29048	553472
22400	59086	58553	186231
22400	28845	28708	185165
22400	60334	59801	246533
22400	58480	58035	222895
22400	58539	58049	542055
22400	57345	56915	208080
22400	28930	28806	225787
22400	59703	59195	152742
22400	58522	58027	534243
22400	28713	28577	576773
22400	58436	57953	210632
22400	57459	56988	562373
22400	58708	58234	568789
22400	28673	28556	231743
22400	59177	58646	227457
22400	58684	58155	171506
22400	57402	56940	196066
22400	58664	58181	211830
22400	57557	57118	523937
22400	29353	29186	490096
22400	59093	58604	566121
22400	58441	57931	233453
22400	57768	57280	540336
22400	57414	56958	542795
22400	59712	59176	235927
22400	25709	25655	151091
22400	58792	58298	587928
22400	58613	58156	567945
22400	58460	57971	160113
22400	55566	55140	222123
22400	58834	58292	521928
22400	58372	57889	496435
22400	58770	58303	179005
22400	56175	55764	573070
22400	58180	57647	213751
22400	28720	28596	205132
22400	57911	57429	574953
22400	57744	57286	227494
22400	57607	57141	498732
22500	58232	57767	491517
22500	58995	58547	159913
22500	57504	57085	587923
22500	58761	58255	527266
22500	57847	57399	188643
22500	59659	59149	599596
22500	59308	58854	597843
22500	59100	58613	189625
22500	58110	57666	197966
22500	57175	56730	527085
22500	57706	57290	524573
22500	58882	58326	534435
22500	57875	57410	591736
22500	58329	57858	254245
22500	58628	58129	235530
22500	59322	58837	558883
22500	58020	57540	567293
22500	59345	58842	510454
22500	58461	57998	544715
22500	59012	58495	171066
22500	59091	58587	566236
22500	57747	57304	170330
22500	58427	57940	215294
22500	58162	57686	164883
22500	59731	59159	544804
22500	28626	28524	170968
22500	59544	59003	569925
22500	58543	58099	576423
22500	57972	57466	218950
22500	57098	56671	541750
22500	57806	57387	162690
22500	59326	58726	236527
22500	59298	58839	231649
22500	56949	56594	244056
22500	58764	58265	588225
22500	58426	57868	553781
22500	58768	58303	165031
22500	59028	58545	583048
22500	59442	58863	592340
22500	58909	58423	209588
22500	57213	56763	497550
22500	59512	59006	228479
22500	59001	58524	580689
22500	58483	58032	178406
22500	59022	58577	169825
22500	59006	58519	593686
22500	58318	57875	545802
22500	58113	57692	250291
22500	59003	58504	194895
22500	58899	58396	237806
22600	54601	54256	541155
22600	58886	58411	244473
22600	59349	58840	227856
22600	57936	57517	179690
22600	58060	57586	504804
22600	58585	58155	589669
22600	59555	59030	569987
22600	58604	58147	246740
22600	56051	55674	571919
22600	55219	54850	499158
22600	59529	59048	490750
22600	59260	58696	503826
22600	58001	57519	525901
22600	55426	55090	570118
22600	59245	58754	256713
22600	25551	25528	167879
22600	54784	54445	600236
22600	58517	58087	512866
22600	59544	59051	150968
22600	59884	59343	154697
22600	55657	55241	574944
22600	59192	58649	515356
22600	58532	58018	520716
22600	56016	55643	550352
22600	54327	54006	198338
22600	59258	58704	579624
22600	57237	56853	204213
22600	55586	55198	541350
22600	58191	57769	239811
22600	55794	55412	519195
22600	54430	54069	185744
22600	58840	58369	230982
22600	57957	57512	548107
22600	58811	58329	561738
22600	58007	57544	507530
22600	59111	58606	559658
22600	54543	54239	260917
22600	58526	58033	232919
22600	59658	59087	537817
22600	58924	58461	551981
22600	58419	57971	260308
22600	57669	57221	199043
22600	54648	54254	221619
22600	59102	58586	246902
22600	55113	54750	510058
22600	56997	56606	225033
22600	53390	53090	510141
22600	54805	54468	507836
22600	59327	58877	511991
22600	58749	58258	162498
22700	60342	59837	199317
22700	59590	59057	175843
22700	29356	29211	543999
22700	60161	59653	570205
22700	59649	59131	523076
22700	59378	58861	231560
22700	29391	29249	251898
22700	58746	58247	570106
22700	58445	57997	188020
22700	59263	58752	538270
22700	59592	59053	600651
22700	58021	57539	220775
22700	59629	59116	586138
22700	29480	29337	190040
22700	59312	58752	516754
22700	61951	61380	506979
22700	59906	59379	240262
22700	59408	58909	203374
22700	58454	57984	208079
22700	59221	58723	198628
22700	57676	57225	186543
22700	61202	60665	561397
22700	59044	58522	165242
22700	60581	60026	151730
22700	59317	58864	600881
22700	60386	59847	234454
22700	59613	59107	492360
22700	60673	60083	260416
22700	58937	58515	183697
22700	58439	57951	585077
22700	58897	58415	493940
22700	58440	58010	537225
22700	61283	60699	586708
22700	59706	59215	196421
22700	58447	57951	213080
22700	59465	58973	186397
22700	58997	58491	158567
22700	59241	58731	178350
22700	59175	58613	497991
22700	59809	59302	155940
22700	59755	59193	516456
22700	59928	59435	583374
22700	59150	58707	184172
22700	29569	29443	154144
22700	60485	59934	577397
22700	58275	57851	218308
22700	59914	59449	152239
22700	59913	59405	584616
22700	28741	28629	190477
22700	59642	59174	217750
22800	59747	59273	605662
22800	59837	59372	209883
22800	58828	58326	227304
22800	60024	59456	222110
22800	58796	58345	565786
22800	61206	60676	194054
22800	59463	58958	594081
22800	58168	57698	518349
22800	59294	58750	527679
22800	28943	28835	539773
22800	57137	56749	600640
22800	57911	57456	585504
22800	59782	59310	204227
22800	58502	58048	197753
22800	59178	58660	605505
22800	58888	58367	192026
22800	59898	59386	550406
22800	59537	59094	517639
22800	60456	59963	504744
22800	60274	59771	557423
22800	58973	58521	537065
22800	59457	58981	562530
22800	56846	56454	551926
22800	59092	58665	220435
22800	59991	59460	264341
22800	59804	59308	533718
22800	59188	58721	226407
22800	60037	59537	549975
22800	58722	58234	167417
22800	59869	59333	174939
22800	59213	58766	221152
22800	59910	59417	216982
22800	60368	59802	226881
22800	59568	59056	177233
22800	60205	59713	171654
22800	60668	60148	257039
22800	60235	59707	539008
22800	55537	55143	561048
22800	58327	57879	238353
22800	58721	58263	232476
22800	60047	59531	164469
22800	59748	59206	238254
22800	55275	54926	495325
22800	59648	59139	178004
22800	59202	58733	554345
22800	59501	58998	215702
22800	59983	59461	256656
22800	59965	59460	167984
22800	59962	59441	160901
22800	58731	58259	241965
22900	58299	57834	245520
22900	59869	59353	537394
22900	59104	58636	576958
22900	59026	58549	574913
22900	58710	58208	514223
22900	59601	59086	192696
22900	59205	58759	258977
22900	29623	29476	245422
22900	59195	58749	154416
22900	59868	59387	507157
22900	60745	60199	204095
22900	59771	59227	581815
22900	60166	59680	586942
22900	60042	59562	241284
22900	56874	56518	172144
22900	59468	58986	535902
22900	59980	59454	227543
22900	59897	59388	175079
22900	60163	59615	497168
22900	59909	59381	174848
22900	59159	58712	580671
22900	59129	58639	174179
22900	60894	60378	575624
22900	59017	58614	218732
22900	60588	60056	203335
22900	55905	55507	563525
22900	58995	58550	504080
22900	59282	58800	608045
22900	59169	58672	541091
22900	59035	58543	160184
22900	61020	60518	587922
22900	59496	58977	248177
22900	59272	58831	543199
22900	59742	59282	250590
22900	59928	59418	164180
22900	59078	58563	256418
22900	58414	57963	238025
22900	60181	59658	263782
22900	29654	29499	533705
22900	60309	59826	255074
22900	56187	55808	180986
22900	59625	59116	199885
22900	60253	59750	192561
22900	60047	59572	573093
22900	60152	59639	189983
22900	59678	59223	544366
22900	29637	29487	177891
22900	58714	58211	531029
22900	59879	59348	605389
22900	59852	59369	562114
23000	59800	59290	512526
23000	59433	58930	572708
23000	61154	60643	521198
23000	61195	60597	554332
23000	59471	59026	189590
23000	59980	59486	537212
23000	60855	60283	574877
23000	60702	60189	197904
23000	59669	59168	207210
23000	61101	60536	237258
23000	60883	60325	591583
23000	60895	60379	261081
23000	59144	58677	562180
23000	60837	60333	225781
23000	59999	59523	545400
23000	60415	59880	235410
23000	60446	59907	253018
23000	60562	60063	577392
23000	59308	58803	163103
23000	60130	59640	606684
23000	59066	58615	592204
23000	56156	55747	256010
23000	59699	59211	169148
23000	59873	59357	252170
23000	60672	60120	198430
23000	59859	59338	585257
23000	59579	59072	524376
23000	59753	59285	549714
23000	61116	60619	592035
23000	57350	56971	236596
23000	59544	59016	535688
23000	29805	29659	596309
23000	60191	59708	199326
23000	59666	59157	211643
23000	59627	59192	505366
23000	59789	59266	555347
23000	58883	58410	562629
23000	61168	60660	240430
23000	61122	60565	502592
23000	60323	59814	514751
23000	59965	59515	195745
23000	59196	58715	213721
23000	58638	58141	535829
23000	60176	59696	166031
23000	61086	60565	186536
23000	59551	59081	227769
23000	59505	58989	609452
23000	60525	60064	595407
23000	60668	60129	221444
23000	59706	59205	233225
23100	59580	59158	592961
23100	60427	59881	170687
23100	59864	59366	506593
23100	60660	60154	232597
23100	60960	60433	211279
23100	60809	60298	528376
23100	59775	59349	260651
23100	60043	59594	197864
23100	29841	29701	549500
23100	58776	58353	161264
23100	61277	60714	165148
23100	60995	60468	173888
23100	60620	60104	559672
23100	60157	59677	513917
23100	60567	60037	218145
23100	59328	58862	159910
23100	59970	59459	611668
23100	59509	59059	563660
23100	60970	60449	232398
23100	29605	29480	212541
23100	29938	29792	256024
23100	61169	60655	228840
23100	60639	60140	241637
23100	60152	59626	256492
23100	59642	59125	232567
23100	59679	59173	574143
23100	59832	59302	543136
23100	59754	59270	589535
23100	59778	59265	581691
23100	61256	60675	547364
23100	59996	59502	581891
23100	60374	59876	609792
23100	59834	59398	167719
23100	60324	59839	553757
23100	60379	59935	500591
23100	60078	59618	156200
23100	59905	59397	253199
23100	60337	59878	614821
23100	29708	29571	254275
23100	61106	60586	209674
23100	60828	60342	532950
23100	60778	60274	259858
23100	59857	59370	612955
23100	60480	59952	586101
23100	59812	59342	194533
23100	29611	29487	523608
23100	61814	61312	208790
23100	30257	30067	182169
23100	59956	59451	523546
23100	30139	29979	546074
23200	60948	60414	523338
23200	57563	57131	187086
23200	60553	60082	582861
23200	60655	60144	258244
23200	59666	59212	181545
23200	61903	61347	608230
23200	60570	60091	254189
23200	59530	59078	504330
23200	60919	60385	543575
23200	60831	60325	573151
23200	60421	59916	189870
23200	60546	60111	559987
23200	59892	59380	520158
23200	61331	60818	266765
23200	61234	60702	208983
23200	59740	59271	193195
23200	59671	59164	607732
23200	62342	61779	190389
23200	58998	58609	571090
23200	61568	61036	515412
23200	60309	59770	519071
23200	60443	59938	235592
23200	60866	60276	168577
23200	59495	58969	211001
23200	60542	60019	194366
23200	60761	60242	256727
23200	60480	59976	557554
23200	61231	60681	254978
23200	61434	60877	545210
23200	60052	59588	533540
23200	60717	60174	579191
23200	59630	59202	615285
23200	59864	59379	589147
23200	60714	60261	193803
23200	61415	60908	239025
23200	61914	61382	544413
23200	61075	60568	211685
23200	58084	57660	527150
23200	60227	59744	250683
23200	60668	60134	183850
23200	60522	60005	215534
23200	61141	60591	609300
23200	60844	60310	503766
23200	61238	60745	262842
23200	60306	59882	618418
23200	60358	59894	190217
23200	60298	59806	526626
23200	60715	60260	537705
23200	59133	58667	580592
23200	60945	60432	157433
23300	29955	29814	252342
23300	61171	60626	179463
23300	60675	60178	521233
23300	60689	60208	595754
23300	60329	59831	236212
23300	61652	61159	515267
23300	59703	59256	189630
23300	59687	59238	510889
23300	61151	60597	177054
23300	60591	60102	553651
23300	61397	60905	596857
23300	60768	60332	550306
23300	61210	60712	202994
23300	61904	61355	256110
23300	60792	60304	188226
23300	61532	61011	529852
23300	30464	30295	246858
23300	60774	60263	603166
23300	61082	60629	271759
23300	59768	59333	586207
23300	61265	60741	541590
23300	58336	57894	188734
23300	62117	61607	617633
23300	60056	59625	202083
23300	60017	59530	579344
23300	30698	30526	587160
23300	59966	59485	620453
23300	29918	29757	241989
23300	61463	60923	258782
23300	59805	59396	212145
23300	61802	61247	168682
23300	61579	60997	548979
23300	61417	60924	226810
23300	61424	60949	260876
23300	61927	61381	542265
23300	61984	61426	238586
23300	60450	59932	246989
23300	60254	59768	269074
23300	61545	61022	213082
23300	61184	60626	178524
23300	29713	29595	554837
23300	62686	62091	538748
23300	30470	30322	537429
23300	29652	29535	532268
23300	60820	60291	528250
23300	61019	60502	269422
23300	29908	29772	517503
23300	29909	29784	169993
23300	61785	61237	535972
23300	30355	30215	194941
23400	58645	58222	212693
23400	60477	59965	160460
23400	57751	57394	577921
23400	57781	57395	225430
23400	60593	60125	242250
23400	57239	56876	602098
23400	60779	60260	192333
23400	61150	60670	267551
23400	57779	57358	510203
23400	57568	57158	554707
23400	60970	60498	198428
23400	61277	60762	617774
23400	60258	59788	269859
23400	60164	59674	597765
23400	61076	60558	550326
23400	57765	57378	158705
23400	61188	60661	580575
23400	57191	56790	525873
23400	59927	59456	528510
23400	60991	60482	156776
23400	30371	30221	268043
23400	58909	58496	561550
23400	56307	55955	202124
23400	58505	58081	507766
23400	60890	60402	520131
23400	61268	60760	260953
23400	63598	63021	231392
23400	60806	60308	562846
23400	57595	57229	266067
23400	62443	61858	156546
23400	55992	55688	240136
23400	56797	56421	237492
23400	61173	60694	242303
23400	57698	57255	168930
23400	60749	60295	179966
23400	61453	60939	201615
23400	58587	58119	537544
23400	61692	61231	164745
23400	58533	58129	606905
23400	60958	60463	181073
23400	58713	58291	584254
23400	57034	56650	228694
23400	61745	61227	602995
23400	59999	59469	180490
23400	61491	60988	217104
23400	61614	61053	621430
23400	60467	59940	605726
23400	60521	60003	267388
23400	58209	57836	251722
23400	60332	59857	262373
23500	61429	60926	621372
23500	61087	60673	620170
23500	61260	60746	558587
23500	60790	60288	561923
23500	62396	61884	190047
23500	61719	61219	222093
23500	61762	61245	244602
23500	59954	59504	610885
23500	57512	57068	248406
23500	62010	61442	574018
23500	57910	57503	170426
23500	61831	61280	510603
23500	61495	60982	239006
23500	57369	56958	260974
23500	61352	60848	562553
23500	57291	56873	187155
23500	60562	60079	519651
23500	62084	61610	159006
23500	60802	60300	613229
23500	57696	57333	156938
23500	59180	58751	553333
23500	58172	57755	550227
23500	62427	61882	241759
23500	61749	61242	273270
23500	61116	60604	577378
23500	61422	60920	183041
23500	60667	60146	197892
23500	60968	60462	606010
23500	58321	57894	263257
23500	61014	60539	172935
23500	61202	60718	269942
23500	62195	61697	240370
23500	60831	60323	182874
23500	61380	60875	269570
23500	58224	57776	166109
23500	60681	60230	575635
23500	60928	60445	564964
23500	59925	59491	257904
23500	58845	58423	228921
23500	61646	61158	258896
23500	57773	57393	561585
23500	61477	60967	559486
23500	62272	61714	238789
23500	61601	61089	259593
23500	60179	59728	528253
23500	57599	57198	166377
23500	61234	60742	240040
23500	61551	61042	271814
23500	58449	57979	181391
23500	62098	61631	538184
23600	60493	60017	209526
23600	62717	62158	602654
23600	59902	59498	256908
23600	62273	61753	515651
23600	61187	60655	240155
23600	62877	62284	161386
23600	62914	62352	527569
23600	60829	60368	202654
23600	62286	61725	560620
23600	61152	60652	249696
23600	61874	61376	520978
23600	62212	61730	567533
23600	60455	59988	599509
23600	61723	61270	516739
23600	30917	30731	233541
23600	62572	62020	526636
23600	61755	61243	211679
23600	60581	60105	181991
23600	62671	62174	203939
23600	61037	60553	185847
23600	60813	60345	220592
23600	62592	62074	173304
23600	62550	61974	561184
23600	62664	62120	275030
23600	59877	59454	514738
23600	61841	61363	621624
23600	58602	58186	613316
23600	60511	59961	246354
23600	62663	62115	199796
23600	62698	62160	215578
23600	62717	62246	566272
23600	61860	61323	590724
23600	62376	61867	221125
23600	62054	61543	606863
23600	62294	61754	195416
23600	62406	61892	241564
23600	61002	60515	214251
23600	61983	61416	194583
23600	62357	61826	214719
23600	59142	58736	621849
23600	60747	60249	573509
23600	61546	61042	191568
23600	61695	61156	520464
23600	61835	61314	533032
23600	61061	60505	224083
23600	62146	61652	170736
23600	61533	61078	255208
23600	61177	60651	619238
23600	61422	60900	271445
23600	61932	61454	196451
23700	62396	61897	538161
23700	59049	58590	271195
23700	61569	61044	601996
23700	61524	61035	606118
23700	61247	60760	182536
23700	62356	61836	621816
23700	61260	60760	254990
23700	59222	58735	550256
23700	61577	61106	519582
23700	61780	61275	180050
23700	61122	60635	265024
23700	62979	62450	607665
23700	61747	61239	616325
23700	62471	61896	274025
23700	62626	62098	271737
23700	62712	62212	583679
23700	61233	60759	624005
23700	63207	62635	519363
23700	62023	61528	200832
23700	62373	61841	179179
23700	61011	60542	167275
23700	62342	61787	586817
23700	62363	61857	178472
23700	59190	58738	248588
23700	62505	61970	604858
23700	61103	60632	166347
23700	61683	61174	525101
23700	62620	62063	246415
23700	62114	61654	215586
23700	61844	61335	222847
23700	62694	62179	189708
23700	61788	61244	545161
23700	60960	60472	618508
23700	62038	61556	158303
23700	62107	61565	607893
23700	62849	62314	231382
23700	63104	62597	565749
23700	62569	62003	214323
23700	60853	60422	243515
23700	59768	59330	217899
23700	57952	57537	190333
23700	63256	62672	219134
23700	62040	61495	547658
23700	62289	61721	538479
23700	61726	61193	221989
23700	62832	62278	219443
23700	61530	61043	206670
23700	62611	62103	273753
23700	62810	62313	204331
23700	61633	61194	177320
23800	62713	62198	613121
23800	62891	62358	246378
23800	63758	63151	200152
23800	62839	62318	565551
23800	60856	60362	577611
23800	62852	62347	216990
23800	62195	61693	565061
23800	62645	62109	206563
23800	64085	63441	612484
23800	62786	62245	561701
23800	62674	62138	587176
23800	29942	29836	551362
23800	30571	30440	537738
23800	62657	62161	619706
23800	62812	62325	531148
23800	30888	30713	519631
23800	30732	30582	173475
23800	63614	63091	554510
23800	61555	61040	602090
23800	61591	61045	607765
23800	61030	60542	617174
23800	30913	30760	558468
23800	61436	60949	168958
23800	62276	61784	558771
23800	30501	30357	585528
23800	62527	62075	556501
23800	61947	61437	577960
23800	30719	30584	628099
23800	63106	62570	253750
23800	61996	61496	560666
23800	63044	62503	603495
23800	61818	61352	533188
23800	61953	61415	238059
23800	62089	61595	203845
23800	61627	61136	632542
23800	30428	30306	634049
23800	61820	61305	182598
23800	63027	62539	225888
23800	62953	62424	626608
23800	62477	61941	191122
23800	61284	60764	621143
23800	63166	62614	548032
23800	31268	31081	600858
23800	63605	63029	268814
23800	62453	61927	609272
23800	30654	30501	534234
23800	61819	61303	173240
23800	63025	62485	186111
23800	61952	61412	216161
23800	58153	57747	612299
23900	62358	61891	582696
23900	62879	62405	552985
23900	62392	61932	582979
23900	62831	62368	552456
23900	61778	61259	247342
23900	62389	61900	256666
23900	62963	62460	579962
23900	62961	62422	633191
23900	63161	62630	630841
23900	62764	62211	560712
23900	61514	61045	589796
23900	62096	61644	562029
23900	58335	57944	594678
23900	62820	62285	542045
23900	63083	62583	171180
23900	63057	62508	224999
23900	61326	60844	542580
23900	64686	64149	608397
23900	62849	62356	221462
23900	62150	61670	545863
23900	62629	62130	549854
23900	63384	62856	271553
23900	62677	62181	591672
23900	63656	63041	574838
23900	62710	62151	189405
23900	30121	30007	187251
23900	61980	61463	272960
23900	61519	61053	636430
23900	62722	62249	207251
23900	62346	61836	613506
23900	63548	62990	563104
23900	61707	61258	173414
23900	62994	62474	572049
23900	63389	62918	564684
23900	61967	61454	525424
23900	62824	62252	553720
23900	63168	62648	574898
23900	61619	61139	525475
23900	60948	60541	227293
23900	62848	62360	566201
23900	63054	62549	607071
23900	62203	61730	204492
23900	61905	61437	179939
23900	62905	62365	621776
23900	61808	61272	632048
23900	62783	62276	541908
23900	61408	60877	595395
23900	31048	30900	235446
23900	62711	62172	190790
23900	62197	61710	177488
24000	62440	61951	276067
24000	62766	62232	162420
24000	62782	62284	165763
24000	30880	30726	556490
24000	62621	62086	543407
24000	61918	61459	613887
24000	31103	30966	619670
24000	63205	62683	544379
24000	63954	63417	569235
24000	62188	61742	609626
24000	31792	31566	526195
24000	30692	30575	548736
24000	62626	62122	205947
24000	63329	62796	573562
24000	63357	62853	260143
24000	62044	61592	209286
24000	62352	61867	230184
24000	62145	61658	627145
24000	62362	61877	612632
24000	61076	60661	562709
24000	63213	62668	261885
24000	63766	63250	550306
24000	63502	62930	600948
24000	63044	62565	194925
24000	63371	62899	240998
24000	62315	61822	523356
24000	62273	61774	550277
24000	63343	62775	639697
24000	63008	62482	191877
24000	62201	61719	575972
24000	62105	61640	568786
24000	63470	62932	266100
24000	63508	62922	552025
24000	64008	63449	635965
24000	30399	30298	259107
24000	61529	61060	550488
24000	62766	62222	600329
24000	63019	62516	582832
24000	62304	61811	228631
24000	62672	62203	551474
24000	30834	30687	559488
24000	61587	61098	620975
24000	63107	62601	548414
24000	31265	31107	241084
24000	62225	61696	617762
24000	61287	60797	195770
24000	62662	62198	274265
24000	61899	61408	233187
24000	62865	62440	163018
24000	62821	62330	267030
24100	64061	63505	578974
24100	63283	62775	641220
24100	64602	64086	599987
24100	63119	62632	241183
24100	62543	62058	179258
24100	62497	61993	568049
24100	61899	61486	566016
24100	62348	61857	162858
24100	62441	61923	609436
24100	63230	62631	247199
24100	63036	62515	553848
24100	63105	62615	529196
24100	63017	62544	594970
24100	63801	63283	559120
24100	63169	62596	176427
24100	64072	63528	277626
24100	63530	62991	570319
24100	62204	61736	268970
24100	61655	61166	559520
24100	62788	62247	165432
24100	62565	62048	252786
24100	63227	62740	548226
24100	63417	62846	561279
24100	63268	62774	273416
24100	62904	62342	245355
24100	62228	61764	547529
24100	64108	63557	576475
24100	63011	62463	563614
24100	63332	62785	171951
24100	63044	62525	179421
24100	62353	61903	252221
24100	63021	62545	243308
24100	62856	62318	235947
24100	63454	62943	251808
24100	61771	61309	542563
24100	63016	62502	198321
24100	62964	62437	201703
24100	31296	31136	184759
24100	62420	61975	639494
24100	62142	61670	540915
24100	61415	60949	252853
24100	62618	62128	603140
24100	62588	62085	570168
24100	63191	62671	618119
24100	63652	63094	253974
24100	61927	61452	227267
24100	61317	60819	162723
24100	62967	62445	279354
24100	62833	62360	277679
24100	63092	62596	270001
24200	63421	62861	546312
24200	63393	62844	227230
24200	63772	63244	270020
24200	63782	63248	174664
24200	62833	62344	630410
24200	62862	62388	258634
24200	61978	61504	166585
24200	63364	62842	636970
24200	63976	63365	586389
24200	62961	62460	255952
24200	62982	62466	203239
24200	63587	63097	615513
24200	63773	63183	631243
24200	63338	62834	569798
24200	59629	59205	634638
24200	63496	62975	566757
24200	64195	63680	569422
24200	62662	62169	177911
24200	31748	31573	561484
24200	63788	63286	618384
24200	63437	62880	280762
24200	63826	63286	183605
24200	63431	62944	565306
24200	27777	27723	199106
24200	63394	62888	632550
24200	64155	63610	573726
24200	62085	61656	167548
24200	62952	62468	636216
24200	62665	62136	637690
24200	62471	61960	587152
24200	63268	62738	245093
24200	61843	61350	185780
24200	62415	61884	598133
24200	63349	62795	621325
24200	62442	61906	233058
24200	60578	60197	526761
24200	63478	62957	167758
24200	63805	63263	566817
24200	31347	31199	218639
24200	63132	62603	254908
24200	64212	63677	244676
24200	63221	62708	195244
24200	63327	62826	605291
24200	31623	31462	568310
24200	62758	62247	221231
24200	62895	62360	237564
24200	64250	63724	170898
24200	64334	63774	527238
24200	27778	27728	579815
24200	63357	62855	189372
24300	64257	63711	581342
24300	64166	63660	646289
24300	63752	63218	574036
24300	63617	63104	267732
24300	63780	63260	283159
24300	62503	62048	210496
24300	63932	63337	217011
24300	62655	62122	208890
24300	63278	62787	581000
24300	62976	62475	569551
24300	64527	64014	531341
24300	63967	63444	231660
24300	63481	62995	568285
24300	59903	59530	542953
24300	63545	63080	640615
24300	63778	63225	166653
24300	64837	64286	164372
24300	63551	63074	647555
24300	62811	62327	575313
24300	64402	63843	620432
24300	63559	63030	262003
24300	62244	61788	231711
24300	63461	62938	621836
24300	62455	61984	603913
24300	63677	63142	178058
24300	63451	62919	164285
24300	62075	61569	277619
24300	63569	63045	572756
24300	63296	62798	230811
24300	64143	63612	526786
24300	64305	63723	279964
24300	63173	62686	555319
24300	64114	63583	169226
24300	64756	64207	274923
24300	65145	64536	536766
24300	62798	62321	642550
24300	63751	63183	564545
24300	63041	62493	269444
24300	63108	62613	583140
24300	63203	62695	240292
24300	64293	63792	584086
24300	63113	62626	275418
24300	63665	63188	553882
24300	62794	62245	246243
24300	64591	64095	602217
24300	63781	63304	169553
24300	62410	61961	639586
24300	62414	61896	162786
24300	59208	58828	228512
24300	63194	62733	262141
24400	63477	62983	592064
24400	64489	63965	565627
24400	64296	63702	530706
24400	63308	62834	646605
24400	65048	64504	592527
24400	64137	63618	184602
24400	62136	61699	239876
24400	64597	64034	167323
24400	63180	62639	263204
24400	63247	62770	275315
24400	62644	62179	533673
24400	64210	63703	252186
24400	65065	64535	217613
24400	63544	63019	261407
24400	64534	64006	162681
24400	64438	63909	555042
24400	63017	62522	212510
24400	62654	62197	184549
24400	64538	63984	223838
24400	62804	62354	251574
24400	63618	63106	201971
24400	64637	64099	202779
24400	64393	63817	545795
24400	60106	59648	631768
24400	63297	62845	273467
24400	62878	62392	528926
24400	62178	61659	543005
24400	63667	63102	629948
24400	62847	62338	630355
24400	64752	64161	242565
24400	63473	63011	569224
24400	64967	64357	194216
24400	63663	63146	179722
24400	64187	63678	221289
24400	65062	64513	600674
24400	64649	64126	571479
24400	63808	63250	237288
24400	61359	60912	644190
24400	60878	60416	164453
24400	63379	62914	532519
24400	64055	63540	636096
24400	63989	63456	280910
24400	64606	64057	195678
24400	64565	64034	542350
24400	62405	61896	281569
24400	63737	63251	283687
24400	63365	62883	253253
24400	64137	63622	173529
24400	64213	63676	563226
24400	64398	63851	211189
24500	64264	63682	628001
24500	63242	62727	250708
24500	64040	63583	239075
24500	63142	62596	600770
24500	62915	62425	614764
24500	64778	64266	592352
24500	63587	63062	281611
24500	64998	64485	602140
24500	63194	62710	220239
24500	64559	63969	605044
24500	64969	64417	189090
24500	59980	59592	534035
24500	63769	63281	592576
24500	64010	63483	263053
24500	64277	63712	608685
24500	63960	63447	231249
24500	63344	62886	604985
24500	64437	63940	248488
24500	65221	64666	200899
24500	63693	63173	555732
24500	62793	62336	590816
24500	64723	64080	236166
24500	64037	63566	271110
24500	63251	62775	632939
24500	64303	63757	269174
24500	64129	63599	200632
24500	64642	64119	253399
24500	63406	62919	617308
24500	63239	62723	546459
24500	63238	62751	283089
24500	61940	61505	581803
24500	63660	63173	645129
24500	63727	63168	226778
24500	64454	63925	229256
24500	65212	64649	280732
24500	63853	63373	281336
24500	64290	63797	225831
24500	63500	62971	215100
24500	63811	63256	204045
24500	62800	62370	575911
24500	64307	63749	612707
24500	63697	63157	265668
24500	64089	63637	223485
24500	63955	63475	275540
24500	65512	64956	170400
24500	63157	62678	189597
24500	64862	64353	219504
24500	63879	63339	265424
24500	63285	62840	580418
24500	64520	64055	613249
24600	63681	63142	245524
24600	64848	64304	562726
24600	64054	63566	225059
24600	64424	63895	564250
24600	64238	63761	241768
24600	63483	62996	227268
24600	64669	64090	186781
24600	63726	63226	611132
24600	64576	64037	259732
24600	65157	64651	631739
24600	64122	63594	189265
24600	64192	63689	620453
24600	64668	64120	631082
24600	64395	63875	613744
24600	31877	31717	244711
24600	65252	64731	649937
24600	63742	63261	636065
24600	64965	64407	265950
24600	64271	63742	572568
24600	65403	64885	165062
24600	63918	63459	633500
24600	63909	63438	558274
24600	64184	63650	278858
24600	63690	63192	620175
24600	63884	63374	533990
24600	64194	63666	592119
24600	64789	64295	246725
24600	64311	63815	173512
24600	64723	64183	576782
24600	63901	63435	571336
24600	64763	64262	561967
24600	64160	63631	254437
24600	64328	63826	621451
24600	64125	63632	217049
24600	62745	62305	255932
24600	63637	63100	212511
24600	65055	64555	597758
24600	64341	63841	548305
24600	64610	64063	600658
24600	63561	63094	533523
24600	63441	62932	286359
24600	64756	64197	655118
24600	64329	63787	569669
24600	63704	63204	607833
24600	63492	63025	596872
24600	65950	65319	643184
24600	64375	63850	192380
24600	64958	64417	639668
24600	63396	62877	275590
24600	64828	64299	640551
24700	32162	31997	615362
24700	61342	60915	271334
24700	62471	62044	255950
24700	59371	59008	599003
24700	63818	63276	231302
24700	60856	60474	554493
24700	64808	64275	589030
24700	28412	28349	613665
24700	60416	60043	606279
24700	65017	64462	189462
24700	63761	63244	187815
24700	64348	63863	618033
24700	60437	60046	582997
24700	65942	65436	653240
24700	61325	60915	266836
24700	59605	59184	619990
24700	64459	63941	279714
24700	59869	59494	222712
24700	61412	60989	605284
24700	64379	63920	563470
24700	60817	60391	201635
24700	64756	64220	558997
24700	61674	61253	261784
24700	64926	64405	562128
24700	60704	60305	565248
24700	60362	59933	574753
24700	59801	59382	644371
24700	65510	65002	204742
24700	64004	63465	166727
24700	64505	63954	540889
24700	62001	61531	201220
24700	64630	64131	222958
24700	31775	31632	600538
24700	64261	63738	194486
24700	64223	63656	178296
24700	64333	63772	258166
24700	61542	61097	631740
24700	28365	28309	602436
24700	64689	64221	572231
24700	63312	62831	274593
24700	64030	63564	227053
24700	28251	28204	187365
24700	60641	60196	196461
24700	61403	60959	584510
24700	59604	59244	581219
24700	60542	60103	276215
24700	59803	59423	634257
24700	64815	64322	241605
24700	66022	65475	594602
24700	63810	63366	247417
24800	64313	63804	537351
24800	64800	64283	258991
24800	65194	64629	226095
24800	63396	62929	576974
24800	65138	64621	650603
24800	61388	60946	577833
24800	65481	64939	264312
24800	31926	31766	617898
24800	64731	64175	268320
24800	31509	31384	191986
24800	60680	60261	210201
24800	64247	63780	590993
24800	65417	64900	643503
24800	64947	64418	604078
24800	65732	65116	176342
24800	64602	64081	628345
24800	65116	64569	288349
24800	64081	63594	181804
24800	64521	64067	184038
24800	65782	65223	568296
24800	65564	65078	200427
24800	61059	60703	269580
24800	64486	63930	199604
24800	64771	64213	250865
24800	65092	64531	223351
24800	65431	64889	277987
24800	64772	64240	211040
24800	65208	64705	272272
24800	65652	65146	607519
24800	64449	63950	216318
24800	65537	65027	187240
24800	65361	64859	640031
24800	64416	63905	639636
24800	65316	64788	603238
24800	65940	65376	537561
24800	66227	65715	274149
24800	65561	65058	575698
24800	64021	63563	226412
24800	64573	64085	561555
24800	64593	64124	211143
24800	64753	64209	186773
24800	65043	64526	588356
24800	65207	64648	219868
24800	63966	63506	588191
24800	65385	64850	609516
24800	65806	65246	618736
24800	66082	65532	284732
24800	63582	63146	279572
24800	66009	65519	227455
24800	64238	63736	220209
24900	66018	65468	261485
24900	64531	64034	257577
24900	63248	62815	646164
24900	32284	32135	195488
24900	63592	63101	565722
24900	64800	64314	608642
24900	31848	31714	280476
24900	65583	65096	281603
24900	65367	64844	657431
24900	64902	64370	194068
24900	64170	63666	605532
24900	32202	32070	612096
24900	32172	32051	551837
24900	32631	32461	641749
24900	64934	64429	656351
24900	65377	64881	555505
24900	64475	64000	628362
24900	65105	64523	649140
24900	65555	65072	285372
24900	65613	65082	278472
24900	65253	64717	244710
24900	64674	64127	637591
24900	64759	64256	216898
24900	65682	65149	635794
24900	63560	63080	213835
24900	64927	64457	581405
24900	65172	64651	261145
24900	65908	65375	632817
24900	65029	64480	644104
24900	33054	32846	259384
24900	64532	63968	273494
24900	64524	64043	612438
24900	65330	64843	605805
24900	64623	64125	628947
24900	64908	64357	188523
24900	64312	63811	169312
24900	64701	64156	280382
24900	62889	62419	179983
24900	64475	64000	279721
24900	65329	64794	248624
24900	66794	66124	561158
24900	65786	65237	236048
24900	65899	65363	548483
24900	65260	64707	615853
24900	66582	66035	625927
24900	63574	63156	592180
24900	65455	64915	174870
24900	65270	64805	193532
24900	64796	64290	193280
24900	64316	63798	606721
25000	64856	64374	553781
25000	65956	65400	569235
25000	65456	64940	611070
25000	65139	64602	567472
25000	65074	64583	256875
25000	66422	65893	189308
25000	64249	63728	646521
25000	64492	63980	602130
25000	64866	64300	558345
25000	65329	64817	651860
25000	66342	65824	652852
25000	62015	61626	638062
25000	65446	64912	574747
25000	64992	64507	279658
25000	64738	64280	636077
25000	64690	64201	249477
25000	65407	64876	651429
25000	60047	59698	170888
25000	66564	66002	243256
25000	61988	61539	656720
25000	65246	64725	611993
25000	65673	65133	286113
25000	64196	63752	268626
25000	65792	65294	562500
25000	64806	64271	570696
25000	60635	60235	204494
25000	64690	64208	253355
25000	65814	65284	204379
25000	65431	64897	610884
25000	65503	64965	195310
25000	65244	64782	543121
25000	66768	66190	209104
25000	63986	63547	546560
25000	64973	64442	567561
25000	65285	64749	220593
25000	66440	65906	619923
25000	65142	64639	583439
25000	66275	65786	606988
25000	60689	60327	551618
25000	65367	64889	218444
25000	64925	64454	252297
25000	65883	65343	227215
25000	64904	64418	175512
25000	64608	64127	618022
25000	65887	65306	237473
25000	66449	65862	612897
25000	61372	60968	611285
25000	64227	63701	646397
25000	65579	65008	625080
25000	64993	64529	553040
25100	32248	32101	576554
25100	64467	63963	587808
25100	65583	65063	272590
25100	66027	65486	632058
25100	65291	64778	644433
25100	65028	64496	607366
25100	32599	32434	217405
25100	66715	66149	205741
25100	66514	65898	227681
25100	66285	65738	660640
25100	65461	64977	648931
25100	66462	65955	291681
25100	65340	64800	618973
25100	64655	64195	591685
25100	32597	32424	647070
25100	64435	63961	172474
25100	66465	65901	668956
25100	64849	64381	277947
25100	66729	66187	657936
25100	66812	66248	202565
25100	63267	62829	266393
25100	65191	64697	643885
25100	32000	31882	650814
25100	66146	65608	642842
25100	65601	65131	264644
25100	67309	66740	193469
25100	65207	64709	544934
25100	32456	32317	655571
25100	65634	65096	215923
25100	66746	66137	168478
25100	65460	64967	588084
25100	65258	64754	655955
25100	65255	64759	561756
25100	65147	64646	216773
25100	65856	65344	586695
25100	65999	65474	643075
25100	64800	64337	591784
25100	64584	64114	189920
25100	64273	63821	208406
25100	67945	67317	281563
25100	66153	65593	632844
25100	65185	64687	582474
25100	65985	65462	630598
25100	66240	65696	566767
25100	65268	64780	246296
25100	32406	32264	223406
25100	32381	32261	274569
25100	65115	64582	172014
25100	65178	64661	611352
25100	66853	66289	226339
25200	64764	64223	204731
25200	64608	64127	293258
25200	66014	65462	652874
25200	63841	63417	618617
25200	67908	67278	631996
25200	65841	65323	602235
25200	66468	65906	573284
25200	62392	62000	255233
25200	66504	65961	212683
25200	66868	66273	278417
25200	65774	65278	663812
25200	65858	65354	186940
25200	65820	65297	253821
25200	65550	65073	582684
25200	66793	66251	177882
25200	66319	65763	573879
25200	65126	64670	651340
25200	66526	65911	279994
25200	65887	65324	613574
25200	65649	65117	573871
25200	65730	65235	580672
25200	66791	66299	285415
25200	65854	65302	249859
25200	65990	65483	266701
25200	66029	65503	670144
25200	66154	65616	576087
25200	67389	66772	246258
25200	66036	65561	564099
25200	66357	65838	228899
25200	66144	65621	286928
25200	65801	65230	566070
25200	66235	65724	616948
25200	63209	62703	570890
25200	66793	66214	248075
25200	65221	64713	244399
25200	64645	64130	610077
25200	66761	66227	553220
25200	66249	65757	616892
25200	65255	64732	273743
25200	66252	65750	251580
25200	65189	64714	268231
25200	65645	65168	230624
25200	65702	65207	654441
25200	67872	67316	178336
25200	65387	64906	273632
25200	65690	65165	265001
25200	64738	64224	174742
25200	66304	65774	213657
25200	67614	66993	266774
25200	65855	65347	639269
25300	65807	65216	187735
25300	65630	65081	615916
25300	65689	65160	175944
25300	66693	66150	253778
25300	66227	65705	590843
25300	32134	32029	198306
25300	64784	64369	617934
25300	66344	65855	209562
25300	65744	65235	623381
25300	66299	65754	580458
25300	65676	65150	293097
25300	65007	64498	642496
25300	66248	65752	169100
25300	67034	66518	257839
25300	66674	66122	592498
25300	66055	65543	600698
25300	65868	65372	178915
25300	66227	65713	182060
25300	67236	66639	237212
25300	66820	66247	229262
25300	65124	64667	179249
25300	66392	65890	616654
25300	66541	65990	249137
25300	65234	64746	626469
25300	65891	65424	603618
25300	67723	67158	647974
25300	66103	65616	259525
25300	65279	64755	624158
25300	66593	66087	605721
25300	66206	65689	613940
25300	65351	64863	174078
25300	67204	66605	179325
25300	66003	65493	202579
25300	66280	65842	254414
25300	67768	67201	567989
25300	65589	65065	256332
25300	33105	32939	282840
25300	66186	65722	214234
25300	61467	61101	293417
25300	65052	64507	577594
25300	65266	64739	653300
25300	65391	64908	282559
25300	60606	60271	230713
25300	65312	64846	548634
25300	65130	64632	242381
25300	66731	66161	264090
25300	65537	65045	186765
25300	66858	66291	178955
25300	64734	64225	226431
25300	65483	64948	629945
25400	66407	65849	294186
25400	65932	65442	292955
25400	65875	65362	644660
25400	66329	65870	212039
25400	66367	65835	618091
25400	66603	66035	281985
25400	65321	64855	292978
25400	65933	65454	556999
25400	65112	64608	263729
25400	66303	65787	591530
25400	62390	61978	228155
25400	65175	64741	170603
25400	67231	66682	672298
25400	66113	65579	665553
25400	67401	66867	179795
25400	66244	65805	663490
25400	65778	65199	196858
25400	67397	66878	560314
25400	66029	65485	621975
25400	67204	66670	652192
25400	66376	65815	243873
25400	65928	65381	176899
25400	67530	66898	181080
25400	65990	65494	577818
25400	65632	65143	247612
25400	66485	65920	568392
25400	65738	65230	269978
25400	67093	66584	564782
25400	65645	65156	593028
25400	66098	65592	672053
25400	65860	65334	290718
25400	65768	65233	639953
25400	67813	67216	553838
25400	32066	31953	596678
25400	66143	65679	610954
25400	66141	65644	608975
25400	67647	67085	626671
25400	66972	66468	614114
25400	66020	65512	196556
25400	67543	66983	175105
25400	66150	65661	245243
25400	66074	65516	658204
25400	66201	65710	245873
25400	66285	65777	255716
25400	66476	65923	216019
25400	68503	67908	232262
25400	65839	65302	565073
25400	66700	66195	580980
25400	65052	64608	557712
25400	65310	64889	596467
25500	66262	65774	218408
25500	61773	61357	235931
25500	32469	32345	651042
25500	62326	61913	179898
25500	33025	32886	265268
25500	62509	62121	232518
25500	64874	64401	641441
25500	66090	65620	611892
25500	66783	66250	281987
25500	66821	66287	297420
25500	62054	61697	207214
25500	65650	65164	568308
25500	67398	66836	649332
25500	66448	65931	231587
25500	67450	66936	599433
25500	67019	66497	636743
25500	65827	65363	224732
25500	66617	66106	658379
25500	64727	64266	599006
25500	60680	60382	251917
25500	67323	66744	187162
25500	62435	62014	268343
25500	66228	65788	175991
25500	62504	62133	171964
25500	66842	66346	580091
25500	65461	64996	573594
25500	66602	66075	651320
25500	67489	66981	607441
25500	66513	66061	593165
25500	67444	66929	180930
25500	66206	65678	562276
25500	66810	66295	666793
25500	65279	64850	261366
25500	66755	66269	252336
25500	62991	62597	627532
25500	65492	65068	280107
25500	67106	66568	247481
25500	62570	62213	289439
25500	66061	65528	600928
25500	66410	65893	596454
25500	67341	66812	675154
25500	61790	61392	264179
25500	65581	65120	245568
25500	66051	65559	243436
25500	66931	66423	178125
25500	62336	61931	206953
25500	67095	66573	611605
25500	63606	63223	629590
25500	61393	61023	560566
25500	65464	64929	606958
25600	66542	66019	656461
25600	65226	64768	189536
25600	67302	66798	220829
25600	66294	65785	603807
25600	67947	67352	271459
25600	67231	66729	189720
25600	67306	66782	625185
25600	33123	32984	676625
25600	67781	67267	206217
25600	65754	65281	280639
25600	65452	64973	173947
25600	66148	65692	211693
25600	66371	65902	671727
25600	66263	65782	243027
25600	67747	67211	658202
25600	66681	66201	267111
25600	66999	66476	659009
25600	66342	65860	188665
25600	65778	65312	660026
25600	67299	66839	584481
25600	68172	67588	232722
25600	66838	66273	184868
25600	66730	66232	581381
25600	65934	65512	669281
25600	67492	66928	655349
25600	68318	67754	173165
25600	67098	66578	259504
25600	65549	65078	229556
25600	66642	66104	671843
25600	67099	66520	679050
25600	62467	62087	270361
25600	66369	65848	202249
25600	66943	66429	248042
25600	66595	66104	237284
25600	66486	65994	568806
25600	67068	66537	586988
25600	66248	65689	190167
25600	28881	28861	189023
25600	66338	65836	606948
25600	67003	66510	585657
25600	67464	66895	659312
25600	67602	67011	681106
25600	64565	64126	297952
25600	66126	65636	663483
25600	66639	66098	635739
25600	68362	67787	578708
25600	66199	65742	227377
25600	67080	66567	630036
25600	66946	66454	660843
25600	68167	67629	611373
25700	66853	66351	661036
25700	65615	65108	634971
25700	66462	66010	229013
25700	66016	65543	205106
25700	66985	66433	232786
25700	67723	67209	177470
25700	67061	66554	259619
25700	67519	67014	183050
25700	66416	65957	596558
25700	67139	66594	224210
25700	66746	66287	200759
25700	67844	67265	191355
25700	68128	67505	264792
25700	67406	66879	295023
25700	66605	66092	296535
25700	68381	67848	277876
25700	66707	66206	636280
25700	66893	66378	623184
25700	67106	66622	225292
25700	33504	33341	619351
25700	65987	65494	638190
25700	66793	66277	632322
25700	66329	65803	581338
25700	66662	66153	644736
25700	33704	33511	680408
25700	68139	67600	200014
25700	63468	63020	644834
25700	66083	65579	653409
25700	66706	66194	582402
25700	67298	66769	228454
25700	66989	66488	579321
25700	66962	66453	587545
25700	67098	66535	227479
25700	67571	67100	640438
25700	66841	66319	668010
25700	66098	65585	253166
25700	66925	66406	236616
25700	64914	64462	571617
25700	67178	66653	564502
25700	67062	66533	638354
25700	33289	33142	624747
25700	67512	67000	226270
25700	67022	66514	668855
25700	65692	65181	235120
25700	67971	67414	568321
25700	67799	67260	617016
25700	67392	66842	252326
25700	67141	66610	587683
25700	66423	65867	604998
25700	33379	33229	658073
25800	66657	66163	607021
25800	66842	66372	208512
25800	64141	63678	641918
25800	67181	66695	662258
25800	67737	67216	678042
25800	33201	33062	265411
25800	66843	66322	243855
25800	67069	66570	569801
25800	68363	67825	221590
25800	64468	64008	185639
25800	33277	33128	675267
25800	67735	67174	686933
25800	66716	66243	199533
25800	68337	67801	291241
25800	68868	68308	196254
25800	67394	66927	254103
25800	62832	62456	575049
25800	68474	67908	605462
25800	66993	66554	189026
25800	66568	66075	279221
25800	32795	32659	284067
25800	63926	63526	257715
25800	67433	66894	253625
25800	66134	65661	285516
25800	67082	66628	200929
25800	67651	67105	296963
25800	67676	67155	222489
25800	67717	67208	271308
25800	66579	66066	604400
25800	68250	67754	225863
25800	67340	66794	258838
25800	67180	66688	280032
25800	67070	66568	289906
25800	67550	66962	223281
25800	29526	29476	231325
25800	66594	66010	181757
25800	68569	68060	229305
25800	66806	66259	613213
25800	33150	32991	651376
25800	67119	66622	271864
25800	67943	67444	658348
25800	65558	65097	271623
25800	68171	67672	566801
25800	66775	66311	179177
25800	66607	66090	223070
25800	67497	66971	656551
25800	67339	66772	579327
25800	68074	67524	664164
25800	67869	67337	642707
25800	68193	67669	277224
25900	66444	66013	577178
25900	67875	67307	690499
25900	68193	67677	228133
25900	67436	66942	202339
25900	68071	67519	265354
25900	33601	33457	624781
25900	67155	66646	235099
25900	66510	65984	659133
25900	67968	67446	689424
25900	68658	68051	225495
25900	67971	67440	650199
25900	68362	67835	647009
25900	66862	66311	231789
25900	68275	67717	569529
25900	67225	66727	612488
25900	66820	66310	260563
25900	67854	67318	669785
25900	67755	67211	577824
25900	67867	67298	285861
25900	68506	67939	180101
25900	67835	67348	572570
25900	68571	68056	200612
25900	67187	66653	681217
25900	67317	66852	673289
25900	68611	68047	599611
25900	67705	67192	620038
25900	69899	69319	662315
25900	68458	67910	203730
25900	67664	67139	289775
25900	68271	67730	581325
25900	66667	66125	282429
25900	69384	68806	596136
25900	67707	67209	584487
25900	68090	67501	603304
25900	67136	66611	618139
25900	67894	67364	174729
25900	66698	66175	223278
25900	68509	67934	299419
25900	67512	66946	265097
25900	67043	66514	226236
25900	68756	68163	586996
25900	66931	66430	204465
25900	67449	66993	604187
25900	67757	67245	671521
25900	67482	66955	253374
25900	67874	67337	610609
25900	68279	67745	290304
25900	66798	66301	258308
25900	68145	67592	664921
25900	68562	68019	611328
26000	29638	29602	639578
26000	69307	68701	576849
26000	68295	67789	253484
26000	67886	67340	189115
26000	68285	67692	193660
26000	29841	29793	288060
26000	64130	63720	199367
26000	29954	29892	262581
26000	64858	64399	593314
26000	67509	67009	668043
26000	29677	29635	632358
26000	64721	64335	677045
26000	29799	29747	665319
26000	68473	67914	596151
26000	67423	66935	688415
26000	66608	66087	597862
26000	66556	66040	236629
26000	64177	63768	589348
26000	29924	29859	583283
26000	67492	66968	261096
26000	64045	63613	666364
26000	29831	29773	237209
26000	64697	64246	692557
26000	30026	29953	583781
26000	68276	67759	277269
26000	65691	65230	647281
26000	67873	67339	592922
26000	66742	66268	676203
26000	29773	29727	217046
26000	68045	67529	668493
26000	63945	63521	598793
26000	67206	66708	177015
26000	68032	67477	247393
26000	68621	68065	265485
26000	67514	67033	197581
26000	68348	67812	690103
26000	29817	29773	189844
26000	67262	66780	618979
26000	68201	67643	646996
26000	64535	64140	664730
26000	29652	29613	570992
26000	66564	66113	597601
26000	67010	66499	655436
26000	63125	62722	294751
26000	63099	62749	220584
26000	64085	63601	177756
26000	67949	67461	183355
26000	29641	29612	211043
26000	29695	29652	667275
26000	67641	67160	269295
26100	69443	68895	286345
26100	67172	66766	207798
26100	68518	67936	216199
26100	68550	67949	207312
26100	67349	66848	617372
26100	66859	66359	234493
26100	64797	64406	588127
26100	66801	66362	635146
26100	67370	66892	602877
26100	67990	67492	219953
26100	67501	67002	600014
26100	69070	68579	648974
26100	67672	67186	261233
26100	68599	68081	213792
26100	66908	66401	681208
26100	69085	68531	231762
26100	68844	68310	297682
26100	68988	68452	212885
26100	66757	66279	641600
26100	69434	68897	656669
26100	67308	66868	300338
26100	68318	67782	659905
26100	68182	67636	185438
26100	66634	66143	213188
26100	68280	67785	618531
26100	67453	66948	240601
26100	68195	67660	565581
26100	69439	68824	660727
26100	64331	63908	658308
26100	67594	67122	184684
26100	68433	67940	664696
26100	67966	67458	189587
26100	65018	64571	207779
26100	66938	66418	203562
26100	68533	67954	252878
26100	68633	68129	195032
26100	67756	67223	191581
26100	66231	65716	255539
26100	69532	69001	611087
26100	63998	63601	667626
26100	67383	66902	662884
26100	68029	67503	289522
26100	69015	68466	664677
26100	33873	33707	632352
26100	68643	68194	207095
26100	67574	67062	679324
26100	67566	67065	676140
26100	66858	66391	625754
26100	68932	68359	180748
26100	68930	68385	299133
26200	68946	68409	189581
26200	68221	67712	697403
26200	67757	67216	633876
26200	67717	67280	640245
26200	34240	34079	586535
26200	67582	67076	650874
26200	70201	69580	285850
26200	66818	66364	195435
26200	68409	67850	284462
26200	68217	67726	248932
26200	68835	68332	591691
26200	66755	66280	683271
26200	68963	68406	259847
26200	67620	67140	629202
26200	67892	67398	248515
26200	67896	67346	251009
26200	67738	67229	201759
26200	69127	68544	226251
26200	65520	65097	583016
26200	67437	66927	192432
26200	68696	68152	216231
26200	68234	67658	629187
26200	68308	67785	577227
26200	69048	68483	689000
26200	67667	67146	292507
26200	34068	33904	283305
26200	69049	68467	198067
26200	69261	68687	192825
26200	68213	67659	252554
26200	67932	67484	300646
26200	67510	67028	300258
26200	68619	68074	620200
26200	68617	68032	698528
26200	66653	66248	574433
26200	68140	67635	617273
26200	68973	68343	617814
26200	69287	68688	608627
26200	67374	66902	279969
26200	68798	68308	642112
26200	68249	67707	572181
26200	69277	68702	212599
26200	33747	33618	264940
26200	68454	67890	619760
26200	68727	68197	642410
26200	67996	67406	598231
26200	68185	67584	189291
26200	34237	34074	601694
26200	68612	68126	204826
26200	68730	68204	210129
26200	68847	68268	637550
26300	68502	67988	642833
26300	34097	33909	627863
26300	68824	68321	217725
26300	34052	33885	576967
26300	67640	67150	246191
26300	68137	67639	179170
26300	68680	68132	669408
26300	63827	63421	263441
26300	69909	69315	592503
26300	67807	67292	200445
26300	67800	67290	593551
26300	68613	68110	239015
26300	69817	69261	186147
26300	65187	64755	584753
26300	68270	67754	296332
26300	65292	64889	247590
26300	67754	67223	298785
26300	68618	68097	637185
26300	66649	66221	664051
26300	33914	33747	175907
26300	68667	68124	657337
26300	68429	67917	190742
26300	67751	67251	572335
26300	68444	67969	222093
26300	64595	64166	618206
26300	68629	68141	258933
26300	70415	69875	193767
26300	68873	68331	622839
26300	68960	68391	195176
26300	69308	68793	694150
26300	67979	67529	605509
26300	68643	68114	570904
26300	68661	68082	258966
26300	68670	68167	619296
26300	68608	68083	265625
26300	68254	67688	645975
26300	69168	68663	573431
26300	69725	69169	235068
26300	64249	63808	282121
26300	34294	34108	582799
26300	68571	68033	297853
26300	68024	67543	219393
26300	68333	67824	268129
26300	67838	67339	254487
26300	68868	68331	229795
26300	69361	68840	577238
26300	69154	68623	603996
26300	67778	67279	673700
26300	68630	68060	241135
26300	68809	68284	586414
26400	69114	68577	246662
26400	70104	69575	633640
26400	68861	68358	613215
26400	69187	68611	700475
26400	67439	66974	261219
26400	68689	68147	689107
26400	68833	68310	603874
26400	70084	69558	622162
26400	68496	68043	257436
26400	69198	68619	672022
26400	69077	68523	679954
26400	68200	67741	622353
26400	67177	66708	592096
26400	69314	68745	643584
26400	66402	65935	699304
26400	65843	65418	303744
26400	69038	68528	292920
26400	68746	68209	604771
26400	68893	68344	615217
26400	66024	65595	278871
26400	68920	68365	287948
26400	69009	68421	258813
26400	68115	67625	304088
26400	70240	69677	262649
26400	69300	68800	212451
26400	67618	67165	306975
26400	64416	64049	281175
26400	68002	67558	307032
26400	64320	63933	275827
26400	69455	68866	661868
26400	69014	68517	626490
26400	68477	67965	279252
26400	68714	68149	297288
26400	68703	68222	244582
26400	68838	68314	688266
26400	67422	66944	639407
26400	68060	67527	185239
26400	68583	68067	587246
26400	67934	67447	187438
26400	67551	67084	262178
26400	68188	67678	289408
26400	68701	68214	267992
26400	69153	68649	636348
26400	69032	68503	611666
26400	67743	67238	238941
26400	65578	65134	639859
26400	67693	67232	634112
26400	68596	68056	620533
26400	67834	67284	648242
26400	69080	68522	691306
26500	69775	69221	574675
26500	68960	68463	302708
26500	67855	67325	237827
26500	68289	67808	580900
26500	70148	69600	227753
26500	68669	68145	636561
26500	69243	68707	596410
26500	69304	68753	277318
26500	68603	68120	582788
26500	68844	68310	649008
26500	71036	70426	272376
26500	68665	68175	286722
26500	69935	69411	593480
26500	69171	68597	203589
26500	34208	34059	660842
26500	70070	69569	677245
26500	69351	68850	589406
26500	69335	68788	612787
26500	67897	67449	660422
26500	69679	69115	628994
26500	69276	68768	597773
26500	70132	69566	300527
26500	69377	68814	591976
26500	68992	68506	273372
26500	67836	67378	249369
26500	69296	68780	580308
26500	33795	33691	676906
26500	68734	68257	666223
26500	68948	68407	188244
26500	69266	68752	247218
26500	67894	67437	264380
26500	34246	34071	605719
26500	69702	69171	664277
26500	69725	69179	288912
26500	34838	34656	680407
26500	70202	69635	257935
26500	68485	67974	589160
26500	70132	69588	229608
26500	69271	68740	706517
26500	70030	69487	221524
26500	69528	69002	699801
26500	68880	68332	636460
26500	69831	69293	245189
26500	69686	69131	296675
26500	69558	69009	291765
26500	69711	69175	248050
26500	69785	69236	235875
26500	34322	34172	201139
26500	67739	67220	247425
26500	69168	68632	659698
26600	68985	68532	202424
26600	70145	69521	279580
26600	70238	69716	302174
26600	69087	68529	249237
26600	69983	69463	307938
26600	69309	68747	650631
26600	69230	68702	214592
26600	70418	69870	218957
26600	69712	69175	297565
26600	69803	69303	675345
26600	68824	68234	303312
26600	69009	68500	666383
26600	69510	68993	583045
26600	34596	34426	238567
26600	68662	68160	602752
26600	69535	69016	701236
26600	68545	68039	661711
26600	69694	69165	232772
26600	68998	68463	602993
26600	70019	69489	609970
26600	69926	69359	301400
26600	70313	69772	238503
26600	68743	68249	211211
26600	69760	69209	244468
26600	68112	67662	214016
26600	64816	64410	596056
26600	68374	67903	241430
26600	69209	68646	231438
26600	70597	70058	284339
26600	68710	68208	202308
26600	70022	69429	189946
26600	69801	69303	217736
26600	68098	67626	639142
26600	70159	69634	237224
26600	68658	68140	197580
26600	68962	68457	309080
26600	68754	68238	290966
26600	70000	69414	625400
26600	69715	69178	246416
26600	69628	69074	596668
26600	69274	68724	272684
26600	68832	68281	227791
26600	69302	68724	640368
26600	67700	67193	698215
26600	68244	67712	234213
26600	68298	67820	701406
26600	69605	69037	306621
26600	70779	70195	294707
26600	69205	68706	200434
26600	65018	64602	255683
26700	69705	69172	606185
26700	70283	69781	656668
26700	70192	69631	604374
26700	69577	69061	653008
26700	69202	68743	662111
26700	69225	68685	263751
26700	69234	68731	697429
26700	69468	68924	203799
26700	69508	69001	238054
26700	35142	34967	193434
26700	69228	68731	586568
26700	34348	34192	624941
26700	69276	68769	654979
26700	67913	67424	680616
26700	69291	68761	707447
26700	69839	69372	283401
26700	69012	68528	254014
26700	69425	68907	185153
26700	69715	69184	239184
26700	34264	34142	589370
26700	69757	69261	598301
26700	69161	68609	274954
26700	34571	34405	222827
26700	70970	70397	611418
26700	69202	68710	194394
26700	69479	68935	586022
26700	68215	67727	670606
26700	69281	68792	251007
26700	67614	67195	310542
26700	68831	68344	666592
26700	69283	68806	635474
26700	69695	69179	277921
26700	70680	70162	658449
26700	69411	68879	621133
26700	68855	68344	676011
26700	68677	68161	291951
26700	69963	69477	308917
26700	70407	69901	583073
26700	68828	68253	183989
26700	70813	70280	236575
26700	69811	69239	692320
26700	68902	68392	246089
26700	70982	70462	184565
26700	69072	68570	213864
26700	70707	70139	692926
26700	70827	70240	652094
26700	70679	70167	649860
26700	69601	69083	664763
26700	69375	68867	671061
26700	69690	69182	649669
26800	68940	68447	302250
26800	70741	70192	309443
26800	34352	34198	711462
26800	65766	65352	250548
26800	71362	70749	265505
26800	69234	68694	200803
26800	69189	68702	600077
26800	70567	70054	216055
26800	69439	68927	267259
26800	69787	69252	613020
26800	69464	68965	247298
26800	69467	68975	616743
26800	70130	69636	665039
26800	69250	68803	205397
26800	70317	69762	711897
26800	66362	65915	659395
26800	65788	65357	298528
26800	66118	65699	656113
26800	69881	69389	273044
26800	69661	69112	224522
26800	65235	64825	213980
26800	70311	69753	270633
26800	70883	70282	291120
26800	66156	65705	694195
26800	70504	69984	619598
26800	70450	69876	234188
26800	65945	65551	644838
26800	70028	69473	591772
26800	30635	30596	614571
26800	69573	69058	638630
26800	70258	69757	270501
26800	65834	65411	690276
26800	69581	69087	187688
26800	70423	69870	630456
26800	68331	67813	615549
26800	69939	69401	244380
26800	69221	68719	639179
26800	71273	70711	268982
26800	65682	65282	232269
26800	66065	65639	235665
26800	70387	69853	231645
26800	69621	69152	599397
26800	71008	70437	203119
26800	69293	68768	310615
26800	65172	64809	181703
26800	64777	64370	239884
26800	70164	69622	290957
26800	69589	69058	257379
26800	69020	68505	266867
26800	70191	69640	213718
26900	70435	69926	610105
26900	71216	70670	196683
26900	70804	70305	230711
26900	69103	68608	600460
26900	34658	34521	598879
26900	35173	34987	252609
26900	70034	69519	594409
26900	70905	70308	286167
26900	34385	34264	653568
26900	68988	68475	643990
26900	70376	69879	256626
26900	70710	70194	180619
26900	70745	70179	671309
26900	69342	68846	704915
26900	70560	70074	267821
26900	68897	68419	288337
26900	34445	34313	311101
26900	71032	70496	644745
26900	70521	70020	273208
26900	71021	70467	686110
26900	70170	69680	217878
26900	70300	69795	248953
26900	70184	69628	220945
26900	69956	69483	297826
26900	70625	70103	630308
26900	69353	68828	601630
26900	30787	30739	586386
26900	70187	69734	609339
26900	70403	69879	309593
26900	70207	69708	202396
26900	34927	34755	249211
26900	69551	69056	657678
26900	69680	69213	698010
26900	70632	70075	295963
26900	70331	69813	261298
26900	68748	68256	255718
26900	69696	69166	692763
26900	69865	69323	704475
26900	68822	68355	662257
26900	70114	69536	257573
26900	69274	68835	714227
26900	69663	69162	697300
26900	34445	34330	186225
26900	70047	69518	309977
26900	69033	68554	692059
26900	70245	69701	592156
26900	69876	69356	691568
26900	69170	68763	616219
26900	68624	68195	234636
26900	69981	69441	687494
27000	70025	69494	206652
27000	69816	69305	251226
27000	71047	70498	305433
27000	35022	34850	254878
27000	70198	69678	606594
27000	70935	70382	663017
27000	71150	70567	238690
27000	70041	69522	694107
27000	71213	70679	709200
27000	70839	70338	717447
27000	71688	71118	619737
27000	71150	70576	605416
27000	70321	69796	288658
27000	70292	69768	190515
27000	69263	68732	702345
27000	66317	65929	651067
27000	70690	70136	237966
27000	71081	70550	627301
27000	66578	66177	210530
27000	71485	70906	632299
27000	69966	69424	631913
27000	69475	68920	201128
27000	70164	69593	644912
27000	71105	70610	677282
27000	70659	70080	233873
27000	71170	70596	696771
27000	70154	69632	587320
27000	69863	69348	193888
27000	69796	69283	686241
27000	71026	70531	236351
27000	71023	70485	706528
27000	71148	70591	713647
27000	69923	69436	625710
27000	70336	69784	185641
27000	71217	70642	263003
27000	70484	69945	284834
27000	70468	69942	625877
27000	70201	69682	587907
27000	69975	69456	279305
27000	70452	69896	709677
27000	69842	69383	713372
27000	69816	69284	195517
27000	70243	69731	247812
27000	70216	69658	266078
27000	70396	69924	619756
27000	71137	70588	302889
27000	70108	69559	183739
27000	69946	69452	239033
27000	68279	67855	646282
27000	71185	70610	674448
27100	71443	70835	229111
27100	69283	68807	286887
27100	71344	70826	625157
27100	71557	71005	590409
27100	72203	71607	283577
27100	71822	71239	280435
27100	72072	71542	206630
27100	65010	64629	263470
27100	70597	70070	694564
27100	70242	69731	639754
27100	69726	69202	696574
27100	71447	70874	211841
27100	66923	66463	638915
27100	70237	69727	229456
27100	70229	69689	260477
27100	69331	68836	613996
27100	70304	69765	642125
27100	71074	70523	217026
27100	71697	71161	697787
27100	70436	69929	603532
27100	71630	70994	268588
27100	70641	70132	272604
27100	70405	69915	659348
27100	69494	69100	253811
27100	70115	69617	608225
27100	71315	70765	664737
27100	67410	66984	277780
27100	70773	70233	588392
27100	71721	71140	194741
27100	70998	70467	605451
27100	71370	70859	205578
27100	71803	71195	669773
27100	65432	65039	600125
27100	69003	68534	282536
27100	70317	69750	263377
27100	65571	65177	626141
27100	70243	69696	182748
27100	71229	70705	614602
27100	34727	34573	281160
27100	71077	70542	616842
27100	71005	70443	280574
27100	70546	70026	267103
27100	68256	67819	697417
27100	67500	67039	301370
27100	69183	68658	192253
27100	70512	69952	212290
27100	70103	69611	266545
27100	69995	69454	241150
27100	71171	70657	633198
27100	67109	66674	285583
27200	72050	71437	613800
27200	70679	70152	606979
27200	70874	70358	663786
27200	71119	70619	629888
27200	71588	71003	250888
27200	70463	69979	592399
27200	70192	69686	707342
27200	71574	70982	721394
27200	71535	71020	707719
27200	69469	68964	681586
27200	71481	70891	196853
27200	70470	69955	258902
27200	69869	69417	317123
27200	72599	72076	221536
27200	71814	71278	661004
27200	71189	70667	238960
27200	71497	70924	200152
27200	70515	69938	220433
27200	71170	70674	229419
27200	70863	70321	192741
27200	71045	70482	668915
27200	71405	70864	185032
27200	70928	70373	303827
27200	71828	71215	192046
27200	35063	34914	253344
27200	70206	69735	220230
27200	70939	70434	215081
27200	71454	70866	241037
27200	71540	71032	222103
27200	70932	70410	596154
27200	69995	69429	617226
27200	70522	69957	185693
27200	70979	70429	623547
27200	72297	71721	659319
27200	69128	68726	615908
27200	70747	70244	287016
27200	71223	70682	225047
27200	72196	71577	315855
27200	71793	71265	286324
27200	70487	69936	632681
27200	66806	66379	620373
27200	71565	71010	195480
27200	70687	70140	182163
27200	72318	71700	660848
27200	71686	71154	678956
27200	70072	69509	653560
27200	69629	69156	240910
27200	71253	70727	252462
27200	70860	70360	254649
27200	71121	70602	260042
27300	70137	69598	186474
27300	71215	70679	691636
27300	70512	70032	266787
27300	72319	71718	314567
27300	71410	70811	679846
27300	71341	70792	203115
27300	70006	69599	691539
27300	71033	70456	717125
27300	67510	67106	192549
27300	71070	70553	704435
27300	70889	70408	186848
27300	71432	70838	603404
27300	72021	71435	261366
27300	66736	66345	722058
27300	35347	35189	653016
27300	72120	71565	198298
27300	66528	66104	659694
27300	71777	71222	292404
27300	71748	71179	244483
27300	35549	35373	270785
27300	71567	71011	672732
27300	70854	70335	662703
27300	70737	70205	709691
27300	71817	71278	224841
27300	70803	70321	631721
27300	71877	71298	197317
27300	72581	72034	291647
27300	72587	71995	699599
27300	70794	70292	204305
27300	72501	71887	592819
27300	69954	69501	212775
27300	66782	66399	645768
27300	70703	70184	676761
27300	71446	70945	187001
27300	67047	66642	641856
27300	71566	70979	238094
27300	71350	70824	655483
27300	71593	71054	306244
27300	70722	70226	618854
27300	71869	71289	260872
27300	70782	70267	623254
27300	72612	72046	634726
27300	70001	69565	629305
27300	72106	71585	300787
27300	70859	70324	263250
27300	72016	71460	703027
27300	71559	71007	652232
27300	70840	70345	283749
27300	71870	71334	284639
27300	71017	70475	283272
27400	71498	70938	628393
27400	72034	71450	235224
27400	71762	71254	298673
27400	71294	70811	652305
27400	70208	69709	306980
27400	68613	68212	246282
27400	71058	70587	207250
27400	73259	72606	270074
27400	70899	70322	645710
27400	71562	71041	220049
27400	71787	71184	209842
27400	70616	70133	234488
27400	72782	72164	195343
27400	72099	71538	656936
27400	35656	35482	682628
27400	71379	70854	237971
27400	71804	71335	599333
27400	71552	70987	606711
27400	70024	69573	704543
27400	71353	70746	643123
27400	34944	34809	600109
27400	71564	71073	316157
27400	71672	71084	629668
27400	70871	70350	265958
27400	71231	70703	211712
27400	70811	70303	273424
27400	71441	70884	700740
27400	71872	71314	656854
27400	71649	71123	234122
27400	71288	70708	631586
27400	72187	71622	226568
27400	72236	71703	242240
27400	72437	71857	619781
27400	71367	70809	290646
27400	71750	71244	724898
27400	71726	71143	602591
27400	71894	71409	182915
27400	71280	70714	255428
27400	72712	72128	201159
27400	71408	70859	665240
27400	72263	71638	647065
27400	71362	70837	628122
27400	71822	71253	309480
27400	71024	70477	270263
27400	70018	69568	214636
27400	70394	69910	201078
27400	70364	69839	723324
27400	35944	35756	655016
27400	72703	72110	721229
27400	71471	70940	662172
27500	71308	70736	640727
27500	71568	71027	298980
27500	35886	35691	313509
27500	71829	71329	707098
27500	68654	68186	628419
27500	72101	71527	693208
27500	71798	71255	702190
27500	70103	69650	628837
27500	69915	69398	602571
27500	71778	71194	632959
27500	69635	69184	271989
27500	72295	71728	673019
27500	73055	72469	304402
27500	70934	70379	284018
27500	71863	71339	664456
27500	72159	71559	183379
27500	72614	72065	599080
27500	71531	70984	704528
27500	71596	71063	626311
27500	71782	71217	605368
27500	71289	70731	200089
27500	71354	70813	639239
27500	72808	72228	715012
27500	72113	71590	205644
27500	70727	70212	732331
27500	72886	72351	610272
27500	72063	71497	307482
27500	71559	70994	305053
27500	70687	70190	698838
27500	73019	72460	284607
27500	71954	71402	242004
27500	71671	71194	306090
27500	70655	70133	247632
27500	72328	71777	729509
27500	72188	71623	694772
27500	72537	72002	601924
27500	71173	70690	226100
27500	70528	70082	223767
27500	68222	67777	186100
27500	70967	70409	632646
27500	71229	70741	638634
27500	71791	71264	629887
27500	72326	71794	286589
27500	72682	72122	261523
27500	70655	70157	308776
27500	73023	72490	729519
27500	73645	73065	713395
27500	72407	71851	713726
27500	71305	70805	656207
27500	71194	70664	206856
27600	72025	71463	242620
27600	69798	69276	675801
27600	72111	71600	704470
27600	70700	70194	620130
27600	72286	71745	274700
27600	72135	71605	225533
27600	73314	72769	690907
27600	68095	67708	222366
27600	71099	70598	205311
27600	73302	72708	731057
27600	72182	71692	202815
27600	71187	70661	264698
27600	72736	72124	600467
27600	35715	35554	627396
27600	72214	71637	693474
27600	72797	72250	252615
27600	72762	72176	287129
27600	73229	72660	714857
27600	71641	71109	239033
27600	72520	71986	708524
27600	71968	71448	657672
27600	67438	67037	644068
27600	71432	70901	193021
27600	68072	67689	216724
27600	72644	72068	279639
27600	71197	70738	236541
27600	73053	72524	302950
27600	71777	71249	313872
27600	35660	35495	649552
27600	71696	71204	718105
27600	71606	71091	614669
27600	71486	70956	637366
27600	67665	67261	621365
27600	71488	70965	641157
27600	73665	73075	252046
27600	71476	70975	242586
27600	71751	71249	598569
27600	70701	70233	286521
27600	71915	71408	256315
27600	71021	70487	214635
27600	67751	67357	603053
27600	71693	71151	617658
27600	72056	71521	312949
27600	71023	70490	709232
27600	71632	71126	719542
27600	35967	35795	730024
27600	72331	71759	716345
27600	70718	70154	292489
27600	71183	70733	254548
27600	72541	72023	218010
27700	72886	72269	716936
27700	72529	71994	638012
27700	73133	72584	191675
27700	74084	73471	284917
27700	71320	70786	715304
27700	72452	71906	213993
27700	71860	71326	226475
27700	71519	71005	262702
27700	72698	72183	628579
27700	73136	72585	641068
27700	72004	71458	263249
27700	71583	71101	281150
27700	71399	70850	626004
27700	71291	70768	207532
27700	72586	72017	187157
27700	71836	71246	236984
27700	73744	73189	604924
27700	72817	72272	637894
27700	70935	70437	655925
27700	72279	71708	225118
27700	72520	71963	235348
27700	72720	72197	228283
27700	70833	70354	640505
27700	72621	72098	277558
27700	72265	71727	298662
27700	68676	68210	702217
27700	72536	72003	713552
27700	72970	72440	725240
27700	73635	73049	270520
27700	72422	71851	261017
27700	73496	72879	622467
27700	72710	72207	667162
27700	70966	70458	197204
27700	72730	72185	253921
27700	72237	71693	687662
27700	71540	71037	610377
27700	72441	71873	678220
27700	71808	71255	629311
27700	73607	73027	213599
27700	71769	71248	738037
27700	72102	71577	320145
27700	72266	71721	657499
27700	72436	71907	313491
27700	71822	71313	222604
27700	72306	71797	670444
27700	72120	71603	280098
27700	71277	70810	194253
27700	72067	71528	304865
27700	73863	73247	195726
27700	72979	72433	209351
27800	35936	35773	238098
27800	70799	70312	624598
27800	72876	72329	691871
27800	71442	70860	317115
27800	73296	72728	305670
27800	70727	70224	216894
27800	72377	71895	311347
27800	72561	72045	642379
27800	71952	71483	737515
27800	72959	72386	233991
27800	71864	71325	218514
27800	73984	73412	723744
27800	36090	35929	190102
27800	70953	70505	246821
27800	35913	35770	616779
27800	72685	72097	644982
27800	71728	71216	302975
27800	73315	72790	262113
27800	71489	71020	703117
27800	71665	71217	618957
27800	73219	72642	634672
27800	72032	71561	602911
27800	71015	70531	685513
27800	71971	71450	262053
27800	35885	35749	692748
27800	73153	72631	657191
27800	71256	70776	256517
27800	72062	71521	604895
27800	71917	71421	644252
27800	72043	71524	720172
27800	72132	71593	690054
27800	72674	72122	238524
27800	35833	35667	236723
27800	71739	71258	614018
27800	73421	72864	279917
27800	73148	72605	686071
27800	36134	35945	215470
27800	71671	71194	603600
27800	72146	71653	725853
27800	74156	73574	695712
27800	72209	71680	293115
27800	72391	71839	646484
27800	72900	72293	605070
27800	72731	72176	685490
27800	36098	35925	293613
27800	72626	72092	209293
27800	73306	72737	703404
27800	73143	72560	643922
27800	73736	73185	221292
27800	72400	71836	661394
27900	72499	71973	727280
27900	74486	73857	611150
27900	70835	70330	210940
27900	72323	71807	737142
27900	36102	35947	610762
27900	73551	73026	648350
27900	73134	72569	237127
27900	73655	73090	221953
27900	73004	72458	733425
27900	73327	72755	236877
27900	73204	72635	709378
27900	73210	72669	226574
27900	73254	72705	227638
27900	73193	72640	238110
27900	72924	72427	293292
27900	35749	35613	221506
27900	72822	72291	245690
27900	68038	67608	275585
27900	73279	72763	253296
27900	72016	71533	239692
27900	72931	72385	738116
27900	73974	73355	196478
27900	73097	72630	687238
27900	73065	72504	262679
27900	72091	71582	638117
27900	67415	67038	218424
27900	72522	71979	651930
27900	71868	71364	653461
27900	73495	72946	221594
27900	73524	72999	726052
27900	73421	72893	255033
27900	72617	72099	270734
27900	73842	73273	302879
27900	72250	71693	273222
27900	69217	68758	302334
27900	72771	72210	249267
27900	72952	72353	720745
27900	73143	72628	739883
27900	73362	72767	269356
27900	73332	72769	208046
27900	71859	71364	218221
27900	72584	72052	267102
27900	72966	72431	621527
27900	74390	73844	607681
27900	68185	67769	291586
27900	73342	72786	737159
27900	73599	73074	263391
27900	72813	72229	737331
27900	72501	71965	671413
27900	73333	72779	704023
28000	72910	72403	280563
28000	68642	68292	321145
28000	73021	72514	681723
28000	71659	71191	697718
28000	72531	71921	663270
28000	72857	72366	319832
28000	72742	72223	686929
28000	74482	73916	193871
28000	72212	71673	301027
28000	74280	73659	203907
28000	72971	72436	730507
28000	73241	72681	239108
28000	72590	72052	643914
28000	73092	72592	190234
28000	71767	71244	247741
28000	72901	72378	646628
28000	72291	71712	199872
28000	73558	73030	731614
28000	72588	72129	281022
28000	73117	72562	208454
28000	73151	72561	290961
28000	72984	72414	736052
28000	73591	73061	630332
28000	72107	71540	728006
28000	72084	71584	670425
28000	72976	72440	230345
28000	36435	36245	264270
28000	71956	71462	703863
28000	72770	72266	302323
28000	71811	71338	632520
28000	72976	72385	632454
28000	71973	71442	254289
28000	73502	72979	695413
28000	74482	73863	263766
28000	73793	73257	623061
28000	72142	71615	312541
28000	73447	72893	658786
28000	73958	73399	671423
28000	73861	73345	708928
28000	72524	71969	619287
28000	72500	71983	293178
28000	72854	72313	703179
28000	71756	71213	321571
28000	73801	73270	624033
28000	73953	73431	712996
28000	72700	72177	305995
28000	72945	72387	323524
28000	73175	72594	280446
28000	73466	72928	254384
28000	75425	74819	296217
28100	69461	69031	685734
28100	73678	73098	673903
28100	74416	73809	650572
28100	74329	73771	748868
28100	67868	67446	244073
28100	72834	72306	236572
28100	69009	68563	212796
28100	68038	67638	246331
28100	69163	68736	673401
28100	68762	68356	257140
28100	73444	72891	193746
28100	68298	67917	216271
28100	71770	71260	698102
28100	69857	69432	290959
28100	72043	71544	191108
28100	73968	73455	617485
28100	69581	69146	679450
28100	36210	36070	187693
28100	69367	68919	728811
28100	36263	36110	189950
28100	73486	72947	720605
28100	73657	73114	265515
28100	69699	69283	278571
28100	73837	73283	684137
28100	68531	68116	306470
28100	68813	68415	611000
28100	68448	68050	215283
28100	69073	68627	614736
28100	69178	68737	634672
28100	73261	72733	629902
28100	69654	69195	232044
28100	72268	71701	317362
28100	67532	67173	327315
28100	73546	72987	691573
28100	74236	73653	213788
28100	73068	72566	719133
28100	68226	67826	649187
28100	72488	71962	635065
28100	32299	32233	294571
28100	73002	72463	610840
28100	74039	73486	734593
28100	68170	67745	212768
28100	74028	73474	213079
28100	69224	68807	193300
28100	73160	72640	265746
28100	72330	71824	669716
28100	73361	72835	281010
28100	69587	69129	287140
28100	69394	68976	738424
28100	68539	68133	249108
28200	73120	72630	265786
28200	69674	69179	204678
28200	72733	72238	642339
28200	74561	73975	290087
28200	72864	72393	662822
28200	74248	73668	236844
28200	73643	73117	204634
28200	73059	72541	706401
28200	72486	71936	260262
28200	73155	72583	328025
28200	72809	72265	709357
28200	73292	72758	700158
28200	75084	74479	203364
28200	72928	72424	612991
28200	72517	71999	617622
28200	73114	72560	671554
28200	74693	74085	637988
28200	72593	72119	313266
28200	73895	73326	254687
28200	73850	73291	663629
28200	73356	72788	731710
28200	72487	71991	748307
28200	68941	68554	247915
28200	73726	73190	697459
28200	74736	74113	307649
28200	73338	72831	193684
28200	72929	72455	205306
28200	73735	73226	715292
28200	72031	71520	702324
28200	73813	73305	324962
28200	73426	72914	661709
28200	73946	73404	273997
28200	73399	72853	623212
28200	73583	73033	749089
28200	74438	73857	704449
28200	73566	73065	213337
28200	73878	73345	250636
28200	74712	74165	218052
28200	74221	73695	732048
28200	73326	72847	288287
28200	73826	73292	612997
28200	72378	71936	681309
28200	73420	72926	636706
28200	69543	69109	733527
28200	72687	72193	637021
28200	73345	72826	691952
28200	74209	73650	647758
28200	72662	72205	718641
28200	73930	73352	305968
28200	72715	72235	638217
28300	74087	73525	633699
28300	73600	73094	192039
28300	72865	72382	715843
28300	72742	72243	275224
28300	72686	72146	705638
28300	74841	74254	285318
28300	73846	73334	653689
28300	73110	72572	217804
28300	72639	72098	679580
28300	70160	69739	636441
28300	74205	73625	243050
28300	73158	72666	294629
28300	72435	71898	213076
28300	73714	73156	674036
28300	74155	73605	289985
28300	73563	73014	285793
28300	73576	73042	218148
28300	74415	73860	232256
28300	72734	72235	753135
28300	73457	72890	221563
28300	73368	72899	682227
28300	74567	73991	660389
28300	73039	72554	211660
28300	74246	73677	248234
28300	72803	72311	644801
28300	73906	73358	650504
28300	73107	72574	720677
28300	73081	72587	235221
28300	73235	72699	304846
28300	73270	72770	254840
28300	73948	73419	671024
28300	72444	71959	288136
28300	73516	72963	275576
28300	73988	73441	718565
28300	73727	73235	225337
28300	36083	35967	741117
28300	73789	73257	283729
28300	72743	72234	194499
28300	73726	73247	195934
28300	73552	72961	324440
28300	72568	72077	323013
28300	73666	73143	295372
28300	73850	73313	690831
28300	74437	73882	276399
28300	73337	72770	214794
28300	36449	36301	696675
28300	73505	72989	647889
28300	74151	73602	748892
28300	73885	73361	263641
28300	74003	73421	740667
28400	73673	73129	698247
28400	74072	73578	277771
28400	73167	72721	726040
28400	73305	72834	218792
28400	72957	72444	260857
28400	73562	73098	718862
28400	73288	72795	665085
28400	73112	72653	691982
28400	72661	72165	693908
28400	75143	74602	329757
28400	72794	72305	189667
28400	72735	72274	661340
28400	74733	74191	650360
28400	73130	72631	301753
28400	73946	73429	649098
28400	74205	73673	204824
28400	75118	74536	255958
28400	74113	73572	305084
28400	73465	73014	676249
28400	72978	72473	242202
28400	73364	72834	682825
28400	73478	72990	619235
28400	73295	72800	629956
28400	73333	72856	251470
28400	73284	72765	686815
28400	73722	73113	721125
28400	74346	73816	638927
28400	73910	73412	224614
28400	73143	72664	711759
28400	69916	69503	245085
28400	74004	73458	259244
28400	73667	73116	265639
28400	72407	71893	317197
28400	72369	71863	219912
28400	73885	73395	223661
28400	73101	72634	725111
28400	69813	69353	245471
28400	74551	74045	718101
28400	74149	73612	736771
28400	73023	72511	310591
28400	72810	72353	674935
28400	74308	73734	644981
28400	74086	73557	688713
28400	73613	73119	194256
28400	74409	73821	619995
28400	74406	73866	306040
28400	73576	73051	693001
28400	73813	73310	749427
28400	75322	74700	689875
28400	76513	75937	320157
28500	36626	36495	328013
28500	69088	68680	327592
28500	76300	75737	231042
28500	74896	74316	212299
28500	72775	72302	286779
28500	74585	74007	665006
28500	73349	72861	624718
28500	73333	72866	296369
28500	74852	74270	200650
28500	37431	37215	268445
28500	74638	74046	211534
28500	73752	73252	639429
28500	75433	74879	748758
28500	73622	73111	745224
28500	73851	73269	271186
28500	75439	74787	689630
28500	74146	73614	301628
28500	75706	75161	302384
28500	73877	73319	688523
28500	36604	36442	658352
28500	37072	36914	666487
28500	73641	73127	236530
28500	72993	72511	281949
28500	74829	74282	249836
28500	74194	73663	256241
28500	73699	73155	719864
28500	72486	72015	675500
28500	74476	73951	740401
28500	73003	72531	701769
28500	75430	74829	247068
28500	74003	73540	704536
28500	36720	36566	235305
28500	74344	73772	621158
28500	74386	73825	748520
28500	36521	36384	626705
28500	76417	75811	321215
28500	74175	73637	254744
28500	36701	36562	321657
28500	74998	74387	305224
28500	74610	74037	191968
28500	36938	36771	228638
28500	73912	73424	741668
28500	74494	73900	663796
28500	36807	36648	300299
28500	73305	72794	670521
28500	73827	73293	740964
28500	74097	73556	733779
28500	74780	74209	248864
28500	74245	73777	724149
28500	75019	74444	206445
28600	74570	74018	282805
28600	75078	74511	652831
28600	75624	75052	193927
28600	76538	75935	305193
28600	74432	73912	312819
28600	73773	73279	728060
28600	75425	74794	635594
28600	76199	75565	289448
28600	73839	73288	289512
28600	73800	73348	633074
28600	74256	73777	295289
28600	74720	74140	723826
28600	74079	73567	293910
28600	74600	74061	666063
28600	74055	73513	645412
28600	76466	75824	290417
28600	74967	74428	266936
28600	74274	73734	622841
28600	73897	73418	744916
28600	74571	74008	295043
28600	74847	74288	759810
28600	74756	74224	222335
28600	74320	73783	747344
28600	74781	74213	695068
28600	74206	73697	286100
28600	73553	73077	195321
28600	74455	73835	315541
28600	74403	73873	702459
28600	74736	74165	689736
28600	74180	73672	282511
28600	75441	74895	747530
28600	69840	69416	669104
28600	75005	74477	244021
28600	75015	74492	754116
28600	72624	72166	206686
28600	70477	69981	241253
28600	74416	73863	198417
28600	76414	75772	225689
28600	75456	74843	673648
28600	74453	73853	707284
28600	73308	72802	313508
28600	74664	74159	321786
28600	74484	73953	261387
28600	74787	74255	253174
28600	73429	72966	680570
28600	73480	72963	740444
28600	75428	74844	329667
28600	71748	71292	324760
28600	75091	74550	238687
28600	73214	72714	693327
28700	75932	75390	331411
28700	74481	73962	729225
28700	36993	36861	678978
28700	74535	73981	251940
28700	74159	73644	296519
28700	74034	73536	265823
28700	36896	36746	311841
28700	76356	75756	314168
28700	74462	73959	206952
28700	74420	73812	267972
28700	75560	75003	645814
28700	74200	73692	310056
28700	73837	73309	741326
28700	74920	74404	255190
28700	37313	37134	651335
28700	75123	74565	200336
28700	76314	75699	668596
28700	77358	76671	718694
28700	74557	74060	204980
28700	75730	75164	667088
28700	74465	73949	254104
28700	75781	75198	660581
28700	73731	73220	292661
28700	36915	36763	668545
28700	74424	73867	248311
28700	75248	74675	714724
28700	70185	69791	236591
28700	75337	74741	314636
28700	76106	75494	293024
28700	37150	36950	291221
28700	74999	74442	243945
28700	73165	72771	194701
28700	75301	74765	661744
28700	75670	75152	259302
28700	74970	74425	675551
28700	74978	74410	652359
28700	75445	74898	334405
28700	73641	73123	307526
28700	74152	73621	749139
28700	75044	74469	283515
28700	75084	74479	723502
28700	75591	74973	661202
28700	73699	73194	695258
28700	74822	74325	315153
28700	76157	75582	692937
28700	74482	73932	681910
28700	37063	36912	632807
28700	36932	36786	743966
28700	74880	74346	318394
28700	74850	74321	263912
28800	74892	74341	294104
28800	77032	76358	244819
28800	76312	75658	684715
28800	74361	73839	248712
28800	75180	74615	231905
28800	75533	75017	302420
28800	76421	75833	753463
28800	74342	73839	230946
28800	75555	74998	659180
28800	75699	75144	657714
28800	37466	37325	285643
28800	75297	74740	259030
28800	77450	76834	285558
28800	76519	75884	301998
28800	36984	36829	248106
28800	75794	75229	224669
28800	74396	73856	247040
28800	74406	73922	708575
28800	76296	75685	747899
28800	74943	74377	280670
28800	74435	73910	723239
28800	73636	73124	731615
28800	73841	73371	641910
28800	74167	73654	253784
28800	74737	74185	296763
28800	74296	73793	651881
28800	74866	74329	212278
28800	75935	75349	758565
28800	76307	75705	679634
28800	73972	73493	288656
28800	75380	74809	663265
28800	75381	74839	717146
28800	74403	73916	282818
28800	75220	74631	659802
28800	73849	73354	262719
28800	75893	75310	698553
28800	73713	73215	704324
28800	74071	73569	748871
28800	37231	37065	742104
28800	74885	74376	211842
28800	74980	74456	332796
28800	74465	73931	764603
28800	74590	74098	683376
28800	74191	73660	671449
28800	74742	74242	330653
28800	75633	75068	715797
28800	75431	74799	236639
28800	75498	74940	680528
28800	75323	74780	734806
28800	75590	75042	675942
28900	76952	76363	724783
28900	75293	74710	267621
28900	73846	73352	223195
28900	37438	37265	326303
28900	75548	75048	258586
28900	75836	75262	274265
28900	74748	74198	737903
28900	74642	74087	251368
28900	37075	36915	330744
28900	76096	75580	701507
28900	75746	75173	332438
28900	76901	76329	207875
28900	75962	75416	302092
28900	70523	70138	238998
28900	70736	70286	220298
28900	74630	74118	234373
28900	70810	70380	231275
28900	75994	75439	695364
28900	71976	71497	249386
28900	71340	70915	627312
28900	76718	76113	266793
28900	74147	73614	646857
28900	73921	73373	730196
28900	74378	73837	690131
28900	70517	70117	228001
28900	75713	75150	686089
28900	76552	75904	728602
28900	73721	73234	715372
28900	77422	76842	725680
28900	73740	73211	628182
28900	74790	74232	327541
28900	75479	74936	695042
28900	71411	70985	297485
28900	75784	75211	738431
28900	74930	74395	642616
28900	74556	74017	245421
28900	75562	75033	196806
28900	76631	76055	194933
28900	75923	75363	692129
28900	75221	74637	294491
28900	74947	74396	745183
28900	72359	71836	300994
28900	70488	70081	204475
28900	75212	74691	753154
28900	75680	75128	202919
28900	75476	74922	319563
28900	74945	74416	260266
28900	75139	74616	238750
28900	75585	75007	208878
28900	74427	73905	688978
29000	75137	74564	632737
29000	74559	74025	326558
29000	73993	73477	739321
29000	69452	69105	636321
29000	76905	76342	292036
29000	75845	75333	726107
29000	37264	37115	646119
29000	76259	75710	632750
29000	72164	71644	210670
29000	75056	74474	662689
29000	70064	69607	746922
29000	37270	37122	237025
29000	70053	69624	738198
29000	76046	75505	328314
29000	75074	74567	270109
29000	77174	76604	238955
29000	75998	75458	266534
29000	71660	71239	334433
29000	76746	76161	768844
29000	76156	75613	710122
29000	75756	75218	219729
29000	77171	76539	260580
29000	71161	70693	296597
29000	70151	69729	275439
29000	72394	71867	200106
29000	37300	37153	745086
29000	75932	75379	773273
29000	74980	74474	265917
29000	76472	75865	319198
29000	71961	71525	325672
29000	37559	37394	692461
29000	75568	75083	291608
29000	73923	73443	291086
29000	70987	70597	329644
29000	75187	74641	249821
29000	70503	70131	325609
29000	76621	76027	648169
29000	75548	74950	292252
29000	74849	74383	318735
29000	75465	74946	691325
29000	77007	76392	663435
29000	75010	74400	200776
29000	70654	70239	306883
29000	75690	75166	732410
29000	75491	74974	333551
29000	76596	76068	309903
29000	69420	69009	763031
29000	71699	71213	646690
29000	70040	69638	695975
29000	75427	74904	258031
29100	75552	75022	309044
29100	74488	74014	296416
29100	75956	75381	669623
29100	37973	37786	278761
29100	75620	75081	714412
29100	75449	74972	263384
29100	75160	74653	695293
29100	76911	76346	282955
29100	75920	75356	243388
29100	75269	74729	702002
29100	75854	75273	631225
29100	75295	74813	722626
29100	75389	74812	704384
29100	75546	75003	290018
29100	77146	76592	741037
29100	74722	74212	256244
29100	76556	75960	285439
29100	75987	75443	285209
29100	75838	75272	726071
29100	75702	75222	329774
29100	75289	74739	230470
29100	74079	73512	330631
29100	76080	75524	324512
29100	76392	75860	649556
29100	75622	75072	220022
29100	76056	75449	693035
29100	71452	71062	729350
29100	76226	75685	318542
29100	75421	74885	250673
29100	77184	76593	307806
29100	75900	75322	323169
29100	75114	74594	337781
29100	74942	74459	680876
29100	76490	75861	646802
29100	75723	75155	316269
29100	76443	75822	318806
29100	37371	37232	323973
29100	76883	76306	277809
29100	76826	76273	285341
29100	75410	74827	199547
29100	76706	76145	231741
29100	75250	74752	303566
29100	74541	73997	305813
29100	72792	72393	220906
29100	76698	76088	756516
29100	76998	76478	637548
29100	75072	74542	332123
29100	76439	75845	652868
29100	75440	74934	734951
29100	75861	75352	731384
29200	75124	74570	681072
29200	75691	75136	775657
29200	75248	74681	251580
29200	75839	75274	706598
29200	76897	76320	637743
29200	75834	75265	230560
29200	76219	75663	297533
29200	75819	75294	768883
29200	77283	76644	211287
29200	76605	76050	246455
29200	71321	70841	658045
29200	76072	75505	284508
29200	75947	75413	723513
29200	74697	74202	265954
29200	37992	37813	330467
29200	71101	70717	268827
29200	77011	76359	669158
29200	74877	74367	335774
29200	77650	77071	219937
29200	74092	73644	268275
29200	75447	74891	203699
29200	77381	76798	215136
29200	75994	75462	696584
29200	75746	75179	321995
29200	76903	76344	221599
29200	75504	74940	720872
29200	76217	75602	239536
29200	74798	74290	339814
29200	75777	75263	293429
29200	75715	75192	686888
29200	76768	76223	248109
29200	74234	73737	248917
29200	75469	74931	229284
29200	70899	70501	261001
29200	76862	76292	231243
29200	76185	75661	719688
29200	37849	37696	198746
29200	77270	76694	676678
29200	77130	76525	712455
29200	74810	74300	776886
29200	77538	76956	213602
29200	74389	73861	656755
29200	75513	74948	281904
29200	77489	76885	754538
29200	75920	75375	730801
29200	75209	74711	775905
29200	76894	76308	652762
29200	77919	77293	312922
29200	76438	75844	749716
29200	75809	75284	766642
29300	75751	75168	205649
29300	37737	37587	773850
29300	37321	37192	736844
29300	77323	76713	756117
29300	78098	77435	329112
29300	76388	75867	765618
29300	74648	74199	775767
29300	76000	75439	694118
29300	75734	75203	744563
29300	74838	74310	323731
29300	76401	75840	241466
29300	76781	76224	685352
29300	76244	75736	669960
29300	76404	75847	772593
29300	76000	75490	204145
29300	37911	37752	271348
29300	76946	76374	781013
29300	76306	75757	706223
29300	76490	75912	718463
29300	76097	75557	651706
29300	77281	76700	340487
29300	75893	75360	748639
29300	75056	74533	289750
29300	77315	76699	282189
29300	75713	75140	644141
29300	77244	76630	201397
29300	77536	76911	229581
29300	76154	75596	213213
29300	76742	76171	689467
29300	77613	76996	279123
29300	76651	76036	305505
29300	76254	75685	753581
29300	76887	76302	336319
29300	75338	74784	332382
29300	74801	74292	759968
29300	77002	76459	241415
29300	75478	74987	274559
29300	77044	76452	655575
29300	76445	75849	301637
29300	76250	75692	657086
29300	76425	75821	327156
29300	77652	77057	744752
29300	76248	75713	686647
29300	76028	75532	235052
29300	77401	76749	688803
29300	77011	76403	670492
29300	76939	76355	277992
29300	76824	76288	207350
29300	76905	76340	735462
29300	76999	76449	643153
29400	72264	71843	281958
29400	77382	76814	771754
29400	76885	76326	315930
29400	75787	75296	207624
29400	77135	76610	206587
29400	77589	77054	717931
29400	76812	76200	638446
29400	77902	77344	319939
29400	75776	75256	239928
29400	76654	76074	271177
29400	76176	75668	686658
29400	72234	71818	733353
29400	77422	76884	735050
29400	73103	72648	268657
29400	73465	72980	659190
29400	76721	76196	768830
29400	76574	76028	283147
29400	70397	70037	676742
29400	76231	75734	672584
29400	76886	76318	339477
29400	77319	76778	748012
29400	72264	71814	280791
29400	75056	74521	777677
29400	73439	72983	747280
29400	37843	37692	305659
29400	33651	33602	642615
29400	76641	76094	765633
29400	75454	74959	722686
29400	71669	71255	644468
29400	72355	71921	340114
29400	76970	76425	694669
29400	76813	76246	693122
29400	71981	71540	228976
29400	76575	76024	296394
29400	77535	77005	755965
29400	73601	73117	251475
29400	77909	77294	303920
29400	76795	76236	653653
29400	73137	72675	640601
29400	72148	71698	213952
29400	73318	72813	672606
29400	77031	76487	780172
29400	72003	71561	198945
29400	73846	73357	272008
29400	76940	76416	325675
29400	77424	76827	725663
29400	33701	33650	674774
29400	76564	76043	259214
29400	77026	76414	251377
29400	78425	77803	682702
29500	76650	76105	774545
29500	76391	75883	697713
29500	76867	76255	765280
29500	74980	74528	669637
29500	76440	75903	654623
29500	78017	77429	759289
29500	77335	76724	238500
29500	77388	76837	241978
29500	76944	76361	663002
29500	76022	75499	754086
29500	76265	75744	653319
29500	77011	76431	318592
29500	78051	77490	208832
29500	78116	77534	665647
29500	75616	75091	776991
29500	76929	76411	782779
29500	77362	76733	764372
29500	76725	76174	715465
29500	76901	76365	670407
29500	76851	76283	771052
29500	76554	76030	744320
29500	76794	76257	765873
29500	76669	76111	777347
29500	76666	76094	336929
29500	76276	75757	693830
29500	76038	75486	262372
29500	76935	76409	786200
29500	76184	75681	669808
29500	77144	76605	754591
29500	77385	76825	197962
29500	77415	76859	276643
29500	77743	77115	779187
29500	76816	76240	752671
29500	77091	76567	702915
29500	77113	76519	778063
29500	78515	77903	689316
29500	78748	78160	650658
29500	77030	76454	652206
29500	76089	75565	749841
29500	77702	77129	741457
29500	76830	76279	198897
29500	76606	76095	200513
29500	78039	77393	301902
29500	77115	76535	739075
29500	75408	74886	643601
29500	77943	77339	717359
29500	76120	75550	688498
29500	77807	77195	642491
29500	76916	76418	754293
29500	76225	75649	333841
29600	76571	76026	275537
29600	77956	77353	673496
29600	77725	77177	674273
29600	37907	37775	266085
29600	77677	77091	282070
29600	76125	75554	730636
29600	38260	38101	749152
29600	76819	76306	680482
29600	76890	76379	702091
29600	77769	77240	253815
29600	77709	77152	229899
29600	76495	75967	718593
29600	76497	75977	655403
29600	76832	76264	711754
29600	76171	75643	305715
29600	77038	76473	321821
29600	75685	75151	232373
29600	77024	76472	772162
29600	77244	76692	323419
29600	77604	77036	200758
29600	76725	76162	241947
29600	37828	37679	777944
29600	77371	76863	299004
29600	77397	76899	221543
29600	76859	76324	226763
29600	77250	76620	673573
29600	77097	76572	772318
29600	78484	77837	256794
29600	77524	76976	650291
29600	77798	77266	249269
29600	76013	75467	725999
29600	38579	38395	722868
29600	37956	37800	323347
29600	76661	76083	284973
29600	77451	76899	691752
29600	76596	76050	741417
29600	76868	76379	297518
29600	76854	76294	217082
29600	78062	77493	647186
29600	76745	76252	218689
29600	77465	76920	286931
29600	78387	77742	655913
29600	78271	77733	671314
29600	37885	37748	723009
29600	77441	76874	233296
29600	77358	76776	320223
29600	79062	78417	723269
29600	77216	76651	773521
29600	76349	75786	686730
29600	76771	76248	706146
29700	77603	77020	647778
29700	77406	76795	666778
29700	77649	77094	756927
29700	78613	77993	219335
29700	77696	77100	323516
29700	76734	76237	199457
29700	77734	77192	293523
29700	78329	77779	745075
29700	76346	75856	747775
29700	77467	76883	766858
29700	38573	38408	669382
29700	76173	75629	778664
29700	78071	77440	224215
29700	77290	76739	646349
29700	77199	76662	691916
29700	77303	76796	289538
29700	74059	73610	342959
29700	78273	77713	717590
29700	73526	73060	327923
29700	76415	75840	682827
29700	78818	78223	287262
29700	77422	76846	759006
29700	77627	77021	227543
29700	77409	76859	691535
29700	38529	38377	279114
29700	76584	76070	295652
29700	77344	76812	772062
29700	78000	77429	260350
29700	77133	76573	764715
29700	77198	76633	264531
29700	76004	75520	648056
29700	77210	76671	298923
29700	75396	74837	214455
29700	78197	77614	312998
29700	77846	77272	773694
29700	77488	76923	209576
29700	78300	77749	696185
29700	76749	76183	226003
29700	76969	76450	651771
29700	73533	73080	279553
29700	77079	76548	341925
29700	78666	78091	243698
29700	77918	77310	704092
29700	77686	77048	207707
29700	76915	76374	662686
29700	76984	76379	779183
29700	76743	76198	304883
29700	77643	77052	790003
29700	76806	76256	785082
29700	78447	77798	785611
29800	77600	77041	752372
29800	76571	75999	243299
29800	77465	76966	219946
29800	77770	77222	209595
29800	77470	76893	217684
29800	77198	76675	712931
29800	79803	79143	692865
29800	77315	76810	759396
29800	78383	77833	671866
29800	78853	78278	732841
29800	75208	74700	715134
29800	78600	78005	336322
29800	76875	76396	227388
29800	77918	77357	790096
29800	78714	78110	223358
29800	78210	77655	755557
29800	76701	76204	789199
29800	37978	37853	289076
29800	77099	76571	210793
29800	78712	78164	753131
29800	76806	76334	788315
29800	77580	77083	668756
29800	77310	76755	290305
29800	76082	75537	227788
29800	76805	76296	647468
29800	78555	77910	274993
29800	77432	76855	200679
29800	76793	76264	769364
29800	76727	76228	648100
29800	79249	78681	743264
29800	77760	77256	201448
29800	79452	78819	308507
29800	71074	70724	778282
29800	78035	77459	211137
29800	77505	77026	262712
29800	77862	77249	715515
29800	78273	77687	316673
29800	75408	74950	257176
29800	72705	72278	321794
29800	77478	76917	325885
29800	76854	76360	743317
29800	77959	77339	672955
29800	78795	78202	208988
29800	76848	76375	237477
29800	77847	77230	722552
29800	77369	76835	682281
29800	76339	75854	669969
29800	79239	78645	766280
29800	76602	76114	240051
29800	77227	76659	662544
29900	77698	77136	664558
29900	77473	76960	238244
29900	78824	78240	746213
29900	77010	76508	331170
29900	73676	73248	292474
29900	78955	78382	347036
29900	77150	76608	672306
29900	77080	76551	206471
29900	78436	77882	717627
29900	78116	77581	309662
29900	78360	77837	325597
29900	78141	77586	707477
29900	76977	76408	669838
29900	77904	77377	271788
29900	77153	76642	275554
29900	77959	77419	292416
29900	78144	77606	767495
29900	78160	77571	711097
29900	76922	76409	209167
29900	78805	78215	238786
29900	77349	76782	316138
29900	72531	72147	786552
29900	77010	76522	282421
29900	77177	76663	679630
29900	78432	77865	298135
29900	76871	76360	773677
29900	77430	76904	745116
29900	77089	76579	252746
29900	78360	77793	229412
29900	76413	75926	341423
29900	77512	76986	340590
29900	78313	77757	765200
29900	76086	75588	772232
29900	77770	77245	782973
29900	77961	77486	705697
29900	77465	76903	744045
29900	79319	78697	755767
29900	79282	78712	333341
29900	77357	76805	686274
29900	79216	78647	285339
29900	78488	77894	275075
29900	37941	37806	280577
29900	76847	76329	202720
29900	79204	78651	205049
29900	78790	78223	657192
29900	78259	77669	327319
29900	78854	78322	244247
29900	77219	76708	789495
29900	78032	77461	649469
29900	78167	77581	663791
30000	78028	77442	259061
30000	79434	78868	676011
30000	78651	78096	654161
30000	78913	78338	337314
30000	77568	77019	266314
30000	79212	78599	229499
30000	79083	78457	654230
30000	77893	77318	271837
30000	78198	77633	681103
30000	77606	77038	738174
30000	76839	76293	319050
30000	76717	76166	737218
30000	77665	77142	703824
30000	76744	76174	284575
30000	76280	75884	790642
30000	38888	38724	212706
30000	77769	77229	730982
30000	77295	76800	767521
30000	78541	77917	786288
30000	78271	77757	687324
30000	78614	78016	264688
30000	77361	76826	669067
30000	77940	77357	325050
30000	78414	77841	317404
30000	77739	77179	685623
30000	78055	77514	241958
30000	78496	77917	667073
30000	79788	79171	794681
30000	39205	39001	313647
30000	78170	77654	337863
30000	78062	77516	250389
30000	77902	77384	250381
30000	78235	77654	753493
30000	77759	77196	697574
30000	78542	78021	729915
30000	79054	78434	770356
30000	78407	77858	235285
30000	73843	73383	315862
30000	79726	79127	331488
30000	78330	77799	318735
30000	74840	74360	748828
30000	78676	78088	696076
30000	77610	77053	658315
30000	78201	77643	298519
30000	77092	76565	268446
30000	78265	77701	756845
30000	77481	76927	219813
30000	79472	78858	758390
30000	78277	77733	244688
30000	77740	77195	226938
30100	77746	77185	326987
30100	80433	79820	794673
30100	77443	76923	657851
30100	78687	78106	339625
30100	78830	78265	698741
30100	77896	77351	218131
30100	78578	77989	228990
30100	78634	78063	327231
30100	79258	78705	724726
30100	38834	38683	801913
30100	77930	77376	260023
30100	78603	78007	658178
30100	78007	77444	283632
30100	78105	77590	712538
30100	78138	77600	786886
30100	77961	77405	790240
30100	76034	75491	657029
30100	78667	78092	304070
30100	77408	76905	226328
30100	79059	78447	243878
30100	78554	77950	802063
30100	78204	77637	683279
30100	78075	77550	312956
30100	38956	38781	746042
30100	77684	77119	339534
30100	77635	77094	240680
30100	79916	79227	732163
30100	78760	78194	798202
30100	78114	77544	658427
30100	78450	77901	717922
30100	78761	78147	715178
30100	73437	72970	236306
30100	78797	78194	314865
30100	78328	77795	704044
30100	78658	78098	728084
30100	77093	76617	276528
30100	78394	77832	235661
30100	78328	77831	785350
30100	78747	78196	792568
30100	79193	78599	681491
30100	78126	77604	208131
30100	74942	74511	286522
30100	78351	77825	333439
30100	77333	76828	255475
30100	78626	78085	340960
30100	78956	78400	268731
30100	79227	78620	726021
30100	79549	78943	345607
30100	78424	77856	275070
30100	78791	78245	286274
30200	73359	72924	754753
30200	78318	77787	711483
30200	79631	78943	721716
30200	73081	72692	349219
30200	78447	77936	691876
30200	78070	77524	747429
30200	79415	78861	341707
30200	74441	73946	323686
30200	77384	76888	240432
30200	74251	73800	344100
30200	78869	78355	790278
30200	75647	75179	703997
30200	76245	75740	730411
30200	79218	78648	711272
30200	74285	73812	767475
30200	77156	76659	230804
30200	78697	78134	800152
30200	79051	78471	674078
30200	78955	78379	805162
30200	39221	39053	242845
30200	78004	77517	700560
30200	78452	77874	201950
30200	80304	79643	793786
30200	74861	74355	345358
30200	73818	73374	779500
30200	74728	74252	335914
30200	73699	73257	683061
30200	79210	78583	678601
30200	79343	78777	804679
30200	78100	77590	675475
30200	77834	77250	277929
30200	74669	74167	695162
30200	73030	72628	203238
30200	74417	73922	325849
30200	73669	73246	305729
30200	75130	74682	739789
30200	79366	78798	750347
30200	75908	75442	295221
30200	75082	74630	763440
30200	79795	79203	232802
30200	73652	73215	225512
30200	78800	78263	324703
30200	79281	78733	342676
30200	74382	73947	664917
30200	79093	78516	798126
30200	79618	79025	253753
30200	78525	77977	724235
30200	74314	73843	273007
30200	75363	74887	665408
30200	79001	78415	269293
30300	80417	79775	735242
30300	78167	77650	323433
30300	80394	79784	739905
30300	79753	79178	223344
30300	78955	78343	663191
30300	39283	39134	245308
30300	78825	78274	327324
30300	77493	76965	225542
30300	79762	79222	312818
30300	78975	78410	213610
30300	38873	38710	250367
30300	80146	79503	253211
30300	38959	38788	790871
30300	80287	79678	797531
30300	79813	79196	249584
30300	78238	77714	661983
30300	79909	79327	265434
30300	80957	80339	203939
30300	80454	79872	306920
30300	79298	78734	752727
30300	77812	77298	272420
30300	79423	78836	666194
30300	77767	77253	282682
30300	77696	77198	204166
30300	80293	79683	218749
30300	80390	79776	285156
30300	80449	79849	739004
30300	80926	80310	714567
30300	80068	79510	665540
30300	78899	78338	312243
30300	79764	79218	246557
30300	79245	78635	292714
30300	79296	78707	343862
30300	79888	79242	717553
30300	78300	77789	770703
30300	78980	78390	740466
30300	79094	78568	684906
30300	79149	78551	239353
30300	79335	78734	352383
30300	38768	38624	790281
30300	80487	79887	736773
30300	79862	79248	352249
30300	78449	77933	229959
30300	79578	78932	296851
30300	78387	77861	207572
30300	78298	77712	667116
30300	78550	78010	721305
30300	79077	78513	741409
30300	80126	79490	228619
30300	78779	78263	756608
30400	80307	79718	322389
30400	79653	79113	311894
30400	79901	79282	283082
30400	79963	79415	322610
30400	78790	78271	232999
30400	80039	79443	680885
30400	79065	78494	697926
30400	38896	38722	700627
30400	79164	78616	265416
30400	80240	79679	249081
30400	79582	79018	318472
30400	79272	78696	220517
30400	79090	78546	727950
30400	78924	78357	692871
30400	79054	78497	717475
30400	79507	78969	795030
30400	77734	77223	745178
30400	78425	77928	698749
30400	79265	78703	687992
30400	79923	79311	341926
30400	79324	78755	720317
30400	78803	78268	704095
30400	77436	76976	680314
30400	79435	78876	255863
30400	75704	75256	702957
30400	79246	78661	705135
30400	79604	78988	348987
30400	80396	79790	232452
30400	79033	78455	716278
30400	80658	80034	753441
30400	79533	78973	724546
30400	78558	78017	227679
30400	79370	78862	242932
30400	79271	78693	673498
30400	78491	77964	745044
30400	78251	77711	715765
30400	80528	79917	254263
30400	79265	78722	293877
30400	79810	79230	805659
30400	79468	78876	333488
30400	78965	78393	234548
30400	79260	78682	793367
30400	80494	79920	765509
30400	79898	79298	664638
30400	79157	78621	298614
30400	79206	78677	803801
30400	78988	78437	240266
30400	79427	78879	209441
30400	80429	79791	733940
30400	78074	77556	292209
30500	79202	78641	703059
30500	79236	78665	338995
30500	81071	80383	258338
30500	39278	39124	301815
30500	80625	80040	346416
30500	79206	78647	763913
30500	80413	79847	267434
30500	79569	79065	745203
30500	79832	79239	716051
30500	78618	78103	760626
30500	78119	77618	306640
30500	80395	79769	258516
30500	80116	79547	753241
30500	79310	78703	766183
30500	80129	79515	661474
30500	79610	79002	713515
30500	78854	78320	325846
30500	80174	79589	713962
30500	79165	78618	255212
30500	79253	78695	762468
30500	78549	78012	720558
30500	79819	79265	278789
30500	79988	79353	239914
30500	80262	79680	345766
30500	78185	77686	234395
30500	79407	78835	342518
30500	39747	39565	334117
30500	75378	74894	730042
30500	77837	77239	665475
30500	80098	79472	720464
30500	79435	78859	720215
30500	80084	79520	682504
30500	80518	79886	679575
30500	78305	77810	270214
30500	78966	78457	721770
30500	78925	78361	250103
30500	80062	79399	347528
30500	79146	78646	767595
30500	77891	77352	235049
30500	78876	78362	275527
30500	79203	78657	758424
30500	39427	39264	234646
30500	80200	79632	685253
30500	79925	79375	294479
30500	78941	78477	745674
30500	79787	79255	774733
30500	79589	79050	282902
30500	80088	79587	267785
30500	80263	79714	248776
30500	80006	79430	776385
30600	80411	79835	680819
30600	78976	78419	805688
30600	80259	79696	685252
30600	79557	78996	792203
30600	79403	78848	290520
30600	79703	79110	779707
30600	80004	79461	258531
30600	79629	79028	258882
30600	80149	79612	800574
30600	39798	39616	707368
30600	79151	78599	271641
30600	80800	80199	329622
30600	79570	79016	288860
30600	80261	79682	799162
30600	80306	79731	332355
30600	39634	39462	261578
30600	80234	79674	674435
30600	81228	80655	323243
30600	78762	78262	244758
30600	80159	79569	762485
30600	80198	79659	693324
30600	79876	79323	684858
30600	79863	79335	761135
30600	80133	79566	273130
30600	79777	79207	725643
30600	79825	79223	309557
30600	81104	80523	248548
30600	79220	78692	313009
30600	79237	78721	207361
30600	79203	78670	788117
30600	78970	78374	306852
30600	79753	79169	681458
30600	79949	79387	248489
30600	80377	79773	314484
30600	79904	79378	225794
30600	78471	77987	262192
30600	79017	78551	704625
30600	80000	79442	723144
30600	79975	79481	777505
30600	79661	79092	736448
30600	80030	79493	738273
30600	79055	78528	332052
30600	79662	79083	277832
30600	78776	78295	730378
30600	80098	79577	706505
30600	80271	79718	781521
30600	79645	79114	345574
30600	81047	80420	252882
30600	80004	79405	282660
30600	80190	79612	256631
30700	80614	80039	765583
30700	80068	79496	670610
30700	79838	79320	758848
30700	78367	77877	261856
30700	81270	80637	691370
30700	79014	78510	342891
30700	76039	75552	718580
30700	80153	79600	701987
30700	75518	75117	783806
30700	79706	79067	298449
30700	79905	79285	284813
30700	80303	79704	268389
30700	74673	74237	316307
30700	80298	79702	759802
30700	80328	79728	730200
30700	76649	76181	205766
30700	79379	78828	342437
30700	79919	79380	806223
30700	80796	80199	683448
30700	75159	74722	731788
30700	80494	79922	776231
30700	80133	79535	777161
30700	80320	79693	740852
30700	74067	73679	779174
30700	75818	75339	336699
30700	74605	74203	322280
30700	79075	78525	296079
30700	80511	79920	699833
30700	79197	78667	345572
30700	76378	75886	324982
30700	77898	77440	669962
30700	81352	80765	310903
30700	81302	80673	812353
30700	74124	73736	278241
30700	78788	78257	805389
30700	76341	75898	329766
30700	79011	78463	282056
30700	78860	78376	285200
30700	80144	79576	691244
30700	80611	80023	731324
30700	79089	78526	304708
30700	79273	78739	754246
30700	76892	76466	286484
30700	74685	74275	253173
30700	78147	77631	696753
30700	80297	79705	329201
30700	78907	78415	805505
30700	79380	78820	345673
30700	79897	79401	299158
30700	81468	80803	715512
30800	79600	79089	331255
30800	80190	79642	792326
30800	39940	39748	749524
30800	78710	78190	767052
30800	80683	80121	338930
30800	79202	78666	701672
30800	81173	80520	230772
30800	79870	79352	326596
30800	78999	78492	763321
30800	80856	80283	716762
30800	80379	79856	778469
30800	79459	78914	210633
30800	80356	79782	334172
30800	39863	39675	726036
30800	79279	78676	359321
30800	79859	79345	297895
30800	80214	79640	792792
30800	81278	80696	795162
30800	80997	80398	246511
30800	82493	81879	342968
30800	80757	80160	276912
30800	80662	80084	347292
30800	80101	79551	679019
30800	80724	80181	668149
30800	76079	75624	745914
30800	80246	79654	794594
30800	79495	78885	251300
30800	79616	79038	273771
30800	79746	79230	213642
30800	81075	80466	242596
30800	80341	79726	332124
30800	79321	78841	717141
30800	79551	79002	751335
30800	80456	79891	760957
30800	81920	81334	276410
30800	79449	78934	226787
30800	81813	81194	284073
30800	76307	75800	754455
30800	40385	40173	703001
30800	80560	80013	239086
30800	80598	80004	743206
30800	80497	79950	670574
30800	80606	79989	766982
30800	80362	79789	312738
30800	80543	79954	309343
30800	79110	78480	757955
30800	79754	79248	712867
30800	80467	79923	356815
30800	80535	79941	229852
30800	80665	80055	748837
30900	39947	39778	725616
30900	80240	79698	823565
30900	80778	80238	297328
30900	82271	81658	770333
30900	80259	79681	823324
30900	81185	80611	207610
30900	79210	78657	213932
30900	80989	80412	218107
30900	80881	80289	717500
30900	80727	80179	771204
30900	80203	79716	737340
30900	80301	79733	700346
30900	80195	79560	356520
30900	80616	80010	731637
30900	81300	80704	766101
30900	79823	79235	349426
30900	80659	80114	284579
30900	80149	79538	717549
30900	79258	78742	689071
30900	80362	79861	280692
30900	80405	79791	277003
30900	80007	79426	278637
30900	80558	79991	681403
30900	81631	81055	232235
30900	80212	79696	353519
30900	80723	80171	817372
30900	79543	79018	318270
30900	81529	80912	697710
30900	80801	80227	345204
30900	39518	39376	796814
30900	81179	80574	356770
30900	80334	79731	729603
30900	80088	79557	310553
30900	80342	79828	319155
30900	79315	78813	323281
30900	80558	80085	795970
30900	79973	79402	747845
30900	80670	80054	803501
30900	79892	79346	354860
30900	79458	78915	670895
30900	80910	80383	760375
30900	80672	80125	323859
30900	81794	81144	208137
30900	80193	79622	271802
30900	80766	80163	360098
30900	80428	79906	265422
30900	80154	79631	687863
30900	80652	80068	285041
30900	80541	79960	298063
30900	80906	80335	800531
31000	79456	78932	693842
31000	81332	80668	354678
31000	80492	79934	334524
31000	82608	81920	241887
31000	80286	79748	788410
31000	81168	80605	320684
31000	80816	80284	303204
31000	81152	80559	777921
31000	80905	80369	781083
31000	40226	40051	223888
31000	83700	83072	302335
31000	76311	75865	702128
31000	80894	80347	344167
31000	80453	79900	778876
31000	82236	81602	280037
31000	79894	79337	712548
31000	79833	79281	712228
31000	80491	79896	745994
31000	80670	80090	726915
31000	80576	80034	297485
31000	80944	80368	284835
31000	82120	81436	694044
31000	81259	80667	347937
31000	82121	81495	293711
31000	80193	79658	253059
31000	81269	80722	680717
31000	81861	81220	825859
31000	81292	80745	256607
31000	80519	79929	696062
31000	80553	79988	322948
31000	75487	75008	342316
31000	82403	81759	786224
31000	80872	80311	759016
31000	79399	78890	299642
31000	80463	79868	354388
31000	40419	40247	309276
31000	82205	81674	770303
31000	80218	79663	702597
31000	81097	80507	265640
31000	80505	80004	325728
31000	80850	80286	692433
31000	76493	76067	331329
31000	80850	80266	298820
31000	81256	80669	234247
31000	80568	80008	250406
31000	76840	76403	805813
31000	80607	80058	231641
31000	82125	81494	741411
31000	79258	78729	284542
31000	80894	80381	269793
31100	80479	79966	287036
31100	80515	80006	237573
31100	79677	79170	741742
31100	80249	79718	330807
31100	80315	79753	811184
31100	79557	79021	710849
31100	81150	80584	350359
31100	80469	79945	722539
31100	80837	80270	801275
31100	81484	80893	681581
31100	79923	79479	217277
31100	82512	81869	272949
31100	81122	80542	326045
31100	81251	80689	726197
31100	80621	80084	293991
31100	81028	80444	273149
31100	81742	81167	222740
31100	78473	78006	794287
31100	80296	79724	732709
31100	80814	80310	345495
31100	81240	80613	244971
31100	80859	80306	725837
31100	80745	80200	740467
31100	81650	81027	329719
31100	81241	80632	359451
31100	79393	78940	236111
31100	77178	76696	241458
31100	82112	81470	816918
31100	82067	81467	362814
31100	80529	79983	687084
31100	81712	81088	293314
31100	81362	80802	720678
31100	80235	79677	767882
31100	81878	81303	771821
31100	82521	81909	227576
31100	81821	81219	728992
31100	81377	80777	252172
31100	81444	80877	768060
31100	82138	81530	775525
31100	80185	79638	687156
31100	80965	80388	679907
31100	79857	79334	249982
31100	81161	80543	772133
31100	76376	75916	306312
31100	78049	77566	793659
31100	80791	80229	246625
31100	80727	80133	749482
31100	81627	81047	760060
31100	81605	81011	724766
31100	80957	80434	790340
31200	80955	80401	235192
31200	79869	79301	232607
31200	80614	80059	241989
31200	80929	80367	213632
31200	40148	39972	743357
31200	81794	81188	346550
31200	82618	82010	749731
31200	80575	80018	318793
31200	81865	81296	318223
31200	80448	79906	807684
31200	40009	39862	726011
31200	80792	80258	817574
31200	80691	80188	338454
31200	80762	80243	798335
31200	80277	79766	765847
31200	82118	81473	704619
31200	81642	81060	208077
31200	81037	80548	826548
31200	79436	78889	676539
31200	80800	80212	248716
31200	81665	81069	814860
31200	80676	80088	347620
31200	81531	80885	740509
31200	79543	79056	287394
31200	81758	81166	328815
31200	80241	79711	359136
31200	81372	80760	774392
31200	81760	81148	297285
31200	82264	81631	296342
31200	82369	81771	688641
31200	80522	80046	737530
31200	80406	79877	228313
31200	80728	80177	325829
31200	81330	80746	244544
31200	81782	81211	690326
31200	81026	80494	362542
31200	81591	81020	230517
31200	81341	80785	693144
31200	80848	80211	255938
31200	81068	80533	803549
31200	81304	80693	807319
31200	79735	79234	288279
31200	40425	40243	257277
31200	81306	80781	261369
31200	83171	82493	678675
31200	81993	81408	782263
31200	82660	82038	250686
31200	80318	79838	214195
31200	79901	79343	824155
31200	81537	80924	321683
31300	80528	79962	695947
31300	81078	80492	269975
31300	80373	79831	338652
31300	82354	81762	790517
31300	81416	80793	209511
31300	82331	81731	361346
31300	39651	39540	830118
31300	81161	80615	231536
31300	40151	39985	764729
31300	82164	81548	777797
31300	81234	80638	703836
31300	76695	76234	771874
31300	40548	40375	764068
31300	80975	80449	312228
31300	82086	81493	349122
31300	80518	79990	778505
31300	82553	81965	351660
31300	82253	81633	818107
31300	81552	80884	274660
31300	80576	80032	340203
31300	81931	81398	295820
31300	81596	81050	282605
31300	81190	80619	214593
31300	81503	80906	236835
31300	84076	83372	792068
31300	81743	81164	233545
31300	80197	79704	777377
31300	82837	82216	786801
31300	75150	74734	799080
31300	39560	39452	780603
31300	81948	81384	283536
31300	81214	80712	817206
31300	81001	80450	213644
31300	82547	81948	713847
31300	80215	79681	318145
31300	82430	81827	358296
31300	82399	81815	737394
31300	80805	80249	343848
31300	82232	81655	699897
31300	81097	80558	347720
31300	82033	81470	225080
31300	40491	40308	737906
31300	81132	80601	281606
31300	81005	80479	801060
31300	81409	80816	268926
31300	81251	80730	281956
31300	81752	81135	737345
31300	82734	82149	239247
31300	80908	80399	292117
31300	81124	80566	223755
31400	82094	81514	821887
31400	82608	81977	776825
31400	80821	80284	219965
31400	82394	81764	751025
31400	82025	81473	268384
31400	40464	40310	264010
31400	82437	81842	220172
31400	40720	40522	284662
31400	81377	80870	327632
31400	81943	81370	286582
31400	81126	80599	284400
31400	81739	81111	219535
31400	80677	80097	764554
31400	80859	80324	310023
31400	81610	81036	301290
31400	82854	82235	713992
31400	81788	81198	685738
31400	40466	40299	806245
31400	81673	81089	216217
31400	40430	40267	779690
31400	82102	81475	238213
31400	83308	82675	682769
31400	81001	80446	759508
31400	81182	80590	746362
31400	40722	40523	257883
31400	81219	80664	241582
31400	82264	81643	696587
31400	81443	80897	335627
31400	81983	81379	305133
31400	80956	80389	340222
31400	81253	80700	274292
31400	81880	81357	827757
31400	82631	82047	830589
31400	81589	80991	314522
31400	82149	81555	784963
31400	81404	80802	796633
31400	40422	40250	317787
31400	80948	80347	769889
31400	40675	40493	330562
31400	82855	82255	332212
31400	81336	80801	701397
31400	40683	40486	806705
31400	82669	82059	299289
31400	80716	80144	787494
31400	81859	81342	228036
31400	40537	40375	235297
31400	40469	40319	300075
31400	82580	82002	357345
31400	80713	80220	303440
31400	82954	82291	349100
31500	81318	80770	750362
31500	77287	76824	316265
31500	80086	79575	741643
31500	81618	81046	818711
31500	77640	77168	366258
31500	77518	77099	746533
31500	82611	82023	365836
31500	76003	75607	755039
31500	76146	75723	271631
31500	77297	76833	831136
31500	76459	76010	754038
31500	77579	77073	740530
31500	77389	76914	724234
31500	78471	78010	283734
31500	78134	77665	212618
31500	81270	80746	777742
31500	81476	80950	277167
31500	81826	81303	261074
31500	78172	77716	318763
31500	77735	77279	814940
31500	78073	77612	784044
31500	83149	82535	753914
31500	77419	76993	249742
31500	82126	81542	742445
31500	77791	77319	334179
31500	82373	81799	781628
31500	78810	78274	781193
31500	82858	82280	763704
31500	81578	80983	787997
31500	77153	76719	246127
31500	78940	78406	688579
31500	77398	76913	250540
31500	81586	80973	233885
31500	82594	81992	235764
31500	78288	77783	802501
31500	75632	75202	707317
31500	83629	83011	747247
31500	82883	82271	319457
31500	78514	78010	246028
31500	80436	79903	755808
31500	81198	80635	806389
31500	36301	36225	258677
31500	81897	81280	786856
31500	82832	82210	819400
31500	82580	81994	686761
31500	77162	76723	836650
31500	82049	81510	729838
31500	77262	76823	828747
31500	82080	81465	307139
31500	77880	77433	684375
31600	82559	81928	337899
31600	77745	77308	253793
31600	83013	82390	809169
31600	83110	82505	311222
31600	77722	77279	803080
31600	81403	80902	789273
31600	81434	80861	712747
31600	76707	76204	288845
31600	80271	79770	231592
31600	82312	81683	758654
31600	82202	81647	351377
31600	82066	81491	776450
31600	81628	81081	717941
31600	80346	79842	686484
31600	78234	77739	320120
31600	82598	82009	781716
31600	81441	80869	244611
31600	82256	81671	262593
31600	84075	83390	263094
31600	84776	84126	240361
31600	82635	82047	706081
31600	81461	80845	352244
31600	77711	77245	769551
31600	82939	82386	238321
31600	81781	81271	234275
31600	77869	77403	225493
31600	80659	80107	794321
31600	75809	75397	791434
31600	77835	77367	799903
31600	83055	82410	211527
31600	83086	82518	342572
31600	83481	82823	778410
31600	40631	40492	739352
31600	76644	76256	300184
31600	82986	82403	276597
31600	82084	81552	295031
31600	76182	75715	326495
31600	81984	81440	704639
31600	76247	75804	218144
31600	77985	77511	777857
31600	83260	82671	788126
31600	82648	82049	263191
31600	77080	76649	781882
31600	76651	76211	778441
31600	84330	83666	741182
31600	81445	80919	273907
31600	83183	82499	685096
31600	76524	76078	288317
31600	77928	77502	277618
31600	82517	81941	367941
31700	82709	82128	837179
31700	75898	75494	230585
31700	83634	82975	332299
31700	82299	81768	754755
31700	82680	82124	757651
31700	81753	81204	265650
31700	84019	83429	237341
31700	82449	81873	234192
31700	82189	81636	763478
31700	82013	81453	841950
31700	82117	81553	269561
31700	81679	81122	349894
31700	77505	77031	727286
31700	82327	81743	237841
31700	81774	81214	241714
31700	83643	83058	236111
31700	82262	81647	350115
31700	82596	82071	802688
31700	83031	82427	716360
31700	82008	81475	359916
31700	83429	82852	364641
31700	82880	82263	247633
31700	83532	82928	288510
31700	82356	81748	693480
31700	82717	82126	333073
31700	83682	83034	767363
31700	82114	81536	335769
31700	82117	81574	734150
31700	80892	80363	233186
31700	82064	81501	689111
31700	81740	81197	707312
31700	82290	81738	326001
31700	83308	82667	699433
31700	82634	82005	723493
31700	82507	81914	695833
31700	40848	40690	361534
31700	82455	81887	350063
31700	82515	81927	231417
31700	83042	82432	777324
31700	80954	80377	687036
31700	83720	83128	308699
31700	78745	78259	256238
31700	81877	81289	749162
31700	40878	40708	752320
31700	81227	80655	273358
31700	82946	82373	276349
31700	81262	80651	288309
31700	82418	81862	252922
31700	83732	83128	343064
31700	77488	77046	805247
31800	82799	82200	701344
31800	83814	83218	350235
31800	83357	82694	760817
31800	82202	81619	789364
31800	82869	82279	750363
31800	84551	83920	731346
31800	82014	81481	731025
31800	83747	83131	739394
31800	84168	83526	823490
31800	84547	83914	291739
31800	83435	82794	802122
31800	82778	82136	312789
31800	78305	77857	786890
31800	82437	81890	354009
31800	82545	81993	811806
31800	36490	36432	242512
31800	82448	81881	718288
31800	81206	80748	844142
31800	83370	82736	236970
31800	83128	82557	287128
31800	83675	83110	762512
31800	78252	77763	770346
31800	82605	82024	297041
31800	81965	81426	760792
31800	82262	81714	752327
31800	83175	82572	323640
31800	83690	83040	702418
31800	76896	76470	775001
31800	83188	82583	758313
31800	84321	83685	722296
31800	41005	40860	358406
31800	81611	81101	264163
31800	83372	82779	745891
31800	83807	83195	730296
31800	81808	81282	298677
31800	83660	83063	260332
31800	83044	82513	364058
31800	78045	77597	757062
31800	84157	83560	298345
31800	82697	82110	238157
31800	82848	82250	333532
31800	81888	81326	807495
31800	82698	82174	300729
31800	84002	83396	827483
31800	81717	81165	817732
31800	83099	82505	316381
31800	82852	82264	369519
31800	82828	82312	325245
31800	82116	81568	253887
31800	84404	83761	788034
31900	78352	77931	824119
31900	82953	82402	716406
31900	83571	82943	359846
31900	83989	83395	811261
31900	83494	82917	246518
31900	82299	81742	323619
31900	41272	41093	772291
31900	84706	84074	788624
31900	83240	82673	309682
31900	83145	82582	231662
31900	40650	40512	804725
31900	84288	83694	235220
31900	81715	81160	766125
31900	82701	82135	308347
31900	81394	80829	296802
31900	83180	82596	241811
31900	83160	82561	729163
31900	82473	81913	793227
31900	82966	82403	246807
31900	83260	82662	820971
31900	81868	81319	710992
31900	81998	81435	745306
31900	83892	83276	275725
31900	83181	82561	712807
31900	83638	82998	372158
31900	83866	83250	772844
31900	83371	82749	344669
31900	82815	82248	738935
31900	84323	83670	771173
31900	82707	82152	723089
31900	83393	82821	769458
31900	83846	83247	826432
31900	83173	82622	255354
31900	82429	81885	223974
31900	84238	83634	697342
31900	82521	81914	809856
31900	84492	83829	253505
31900	41574	41385	327819
31900	82327	81778	703740
31900	83868	83306	261114
31900	82925	82323	775739
31900	80453	79997	755810
31900	81466	80935	321462
31900	82490	81904	792184
31900	83707	83110	359309
31900	82847	82288	710031
31900	83658	83059	318024
31900	83370	82785	324439
31900	83515	82897	355584
31900	82816	82297	702234
32000	83122	82510	284766
32000	82919	82369	843599
32000	81422	80926	344650
32000	83931	83290	701947
32000	83420	82787	771253
32000	84911	84287	809093
32000	82901	82344	757959
32000	82540	81920	700663
32000	84396	83817	731676
32000	84183	83576	315909
32000	83119	82551	769461
32000	82684	82099	323772
32000	83457	82896	814568
32000	84434	83787	236720
32000	78316	77850	715768
32000	86455	85840	249814
32000	84514	83872	720076
32000	83584	82979	357563
32000	84004	83389	331055
32000	84105	83497	216226
32000	82474	81957	796778
32000	83017	82449	829885
32000	84551	83922	784264
32000	83913	83342	847027
32000	83762	83130	820250
32000	83588	83024	231886
32000	82091	81501	696736
32000	83718	83087	823856
32000	81863	81353	266025
32000	82766	82156	233661
32000	83581	82977	332233
32000	83911	83320	781571
32000	85228	84613	847069
32000	81819	81306	329302
32000	84458	83793	828530
32000	76891	76522	235000
32000	84563	83883	350044
32000	84643	84045	303420
32000	84703	84117	297140
32000	82213	81635	794888
32000	81976	81480	756199
32000	83449	82859	733578
32000	83258	82655	221978
32000	82662	82076	245991
32000	81912	81478	778382
32000	82534	81990	771127
32000	82612	82083	372561
32000	84257	83623	840246
32000	83120	82513	254481
32000	82862	82285	785956
32100	84371	83796	279055
32100	41604	41408	313896
32100	82176	81648	284393
32100	82572	82002	821051
32100	83804	83203	243155
32100	84302	83708	257454
32100	82077	81535	243971
32100	84707	84121	361053
32100	82852	82274	299142
32100	84799	84173	247762
32100	84413	83779	358185
32100	83111	82551	268360
32100	84165	83592	273912
32100	84906	84195	268563
32100	85024	84360	241517
32100	41143	41011	265721
32100	82939	82397	769052
32100	83591	82997	261095
32100	84169	83495	347062
32100	83628	83017	327960
32100	85246	84610	346379
32100	41108	40944	766404
32100	81540	80995	312420
32100	84416	83791	798854
32100	83250	82726	239866
32100	83213	82639	327551
32100	41183	41042	729392
32100	84833	84196	230137
32100	84939	84340	817630
32100	83422	82876	262457
32100	40794	40674	838234
32100	84188	83626	754062
32100	83141	82559	249832
32100	83932	83395	818949
32100	82914	82363	738470
32100	81032	80487	827370
32100	83603	83014	275881
32100	41110	40954	305403
32100	83512	82977	751797
32100	83736	83112	723434
32100	84200	83631	792133
32100	83752	83145	271076
32100	85171	84490	314918
32100	41606	41419	698574
32100	82970	82434	698803
32100	82537	81997	293596
32100	83662	83108	846163
32100	82349	81742	800070
32100	83542	82939	789529
32100	85286	84716	745984
32200	83859	83291	704935
32200	84693	84051	241266
32200	83898	83362	782331
32200	79298	78829	857227
32200	83880	83265	853913
32200	84027	83454	241316
32200	84572	83974	282327
32200	82623	82058	334732
32200	83705	83170	858411
32200	84668	84042	723558
32200	84793	84152	372624
32200	82758	82252	802831
32200	84099	83525	260558
32200	82990	82387	828001
32200	84442	83790	731832
32200	83902	83344	756428
32200	84262	83718	853635
32200	83588	82996	239754
32200	83291	82704	248316
32200	84452	83829	773677
32200	83938	83370	257019
32200	84103	83521	323252
32200	84559	83957	328836
32200	83270	82758	252708
32200	84055	83426	840926
32200	82802	82307	855270
32200	84306	83660	837734
32200	84537	83959	310053
32200	84621	83990	250415
32200	83648	83101	721857
32200	84576	84002	319500
32200	82337	81835	295442
32200	83287	82676	345571
32200	85410	84785	702500
32200	84346	83707	699430
32200	83340	82730	302919
32200	83618	83043	223078
32200	84821	84183	714995
32200	81883	81406	723782
32200	82581	82041	750508
32200	83916	83364	220437
32200	83627	83081	271551
32200	83214	82652	275626
32200	84699	84098	806803
32200	84684	84087	822119
32200	83107	82466	297065
32200	82965	82420	807572
32200	83939	83381	337840
32200	83912	83328	762687
32200	85074	84354	308224
32300	85336	84665	289908
32300	83241	82693	229978
32300	84565	83989	759906
32300	79332	78914	837716
32300	80371	79864	296752
32300	85060	84445	322464
32300	84502	83915	270882
32300	83291	82763	292853
32300	84281	83714	758743
32300	41688	41509	758704
32300	79709	79255	215578
32300	83996	83404	249876
32300	84052	83482	216584
32300	83021	82454	825990
32300	83434	82812	220607
32300	83808	83222	702005
32300	83571	82973	710903
32300	42058	41872	761026
32300	84449	83843	776697
32300	84337	83762	717110
32300	82704	82151	296898
32300	84422	83816	768810
32300	86246	85589	310527
32300	83358	82808	771082
32300	83003	82461	828946
32300	85024	84368	725964
32300	80637	80125	220205
32300	41835	41670	756049
32300	82562	81977	263043
32300	85393	84793	744532
32300	41205	41073	225118
32300	84080	83468	372319
32300	83810	83267	803081
32300	84265	83629	307673
32300	82803	82247	360142
32300	85595	85001	709376
32300	83914	83294	300515
32300	42113	41896	849496
32300	41574	41418	726436
32300	82940	82383	776702
32300	85405	84784	757748
32300	41672	41520	766384
32300	78168	77729	363157
32300	83383	82864	748717
32300	83882	83330	726864
32300	79092	78666	279456
32300	41283	41132	246139
32300	85201	84552	289042
32300	83499	82942	233816
32300	83733	83161	834073
32400	84013	83399	816495
32400	79462	79033	268132
32400	84251	83699	278395
32400	84091	83538	794052
32400	79487	79111	267948
32400	84112	83501	218544
32400	84135	83561	312899
32400	85296	84673	790320
32400	83908	83365	743115
32400	79315	78850	857762
32400	86042	85433	374272
32400	84235	83653	243450
32400	42016	41834	796739
32400	81027	80497	835268
32400	42171	41975	705919
32400	85857	85241	344310
32400	84503	83935	758815
32400	85710	85074	831990
32400	82894	82393	709727
32400	84126	83502	264496
32400	84272	83699	802963
32400	85059	84472	270421
32400	85838	85236	835575
32400	85405	84790	336555
32400	85694	85068	801808
32400	84291	83699	353514
32400	83103	82501	247660
32400	85098	84516	813053
32400	84242	83609	255595
32400	84430	83857	790111
32400	83769	83192	243448
32400	79357	78898	238744
32400	84097	83489	718601
32400	83763	83199	339405
32400	84738	84149	740008
32400	85048	84485	747806
32400	83506	82953	326583
32400	84867	84277	839485
32400	84252	83669	333009
32400	85559	84948	277616
32400	85542	84843	774125
32400	84739	84177	283609
32400	84905	84291	740619
32400	83299	82742	246362
32400	83014	82451	327999
32400	83165	82587	259355
32400	83341	82777	848478
32400	84953	84373	252523
32400	84618	84025	758341
32400	85607	84963	834216
32500	84528	83962	797090
32500	84304	83724	799827
32500	83987	83434	373258
32500	85105	84443	368141
32500	84639	84105	723255
32500	83078	82537	756423
32500	84192	83566	710218
32500	85200	84556	234073
32500	84128	83595	228519
32500	84962	84334	267112
32500	84581	83927	763511
32500	84127	83532	368648
32500	83830	83209	311599
32500	84574	84027	308120
32500	85079	84463	778755
32500	84664	84124	267625
32500	82549	82036	293308
32500	85622	85007	793308
32500	83843	83307	760854
32500	84210	83641	225627
32500	86137	85487	348146
32500	42205	42029	825829
32500	83248	82750	240941
32500	82940	82363	831816
32500	84239	83693	773042
32500	41860	41708	743352
32500	84470	83889	734214
32500	85065	84445	780469
32500	84557	83978	841570
32500	85917	85286	273341
32500	84876	84265	843025
32500	85280	84655	336245
32500	85309	84725	852135
32500	84443	83922	266602
32500	85496	84882	837031
32500	84915	84274	246134
32500	84121	83580	781386
32500	84505	83943	362903
32500	84337	83793	750331
32500	84740	84172	239480
32500	83800	83199	249885
32500	84304	83738	376140
32500	85251	84628	858854
32500	84952	84388	861286
32500	83903	83365	309424
32500	42631	42409	247919
32500	85600	84960	290412
32500	83626	83063	261846
32500	84046	83473	221998
32500	86113	85478	274851
32600	83120	82595	376185
32600	85852	85183	731849
32600	85212	84560	820109
32600	85297	84722	786072
32600	84127	83547	226460
32600	82893	82426	322088
32600	85436	84775	287452
32600	85735	85113	308238
32600	84224	83660	806112
32600	83900	83363	860178
32600	85459	84866	337594
32600	42182	41989	305128
32600	85052	84401	304707
32600	84457	83878	300502
32600	85415	84815	321467
32600	84108	83592	370395
32600	84498	83878	759454
32600	84676	84182	260798
32600	41925	41780	722795
32600	85348	84803	235645
32600	85501	84961	807198
32600	42092	41913	738815
32600	86696	85990	240532
32600	84935	84396	354935
32600	84322	83768	343562
32600	85674	85111	298754
32600	84714	84163	273511
32600	42292	42120	372402
32600	84523	83918	261040
32600	85552	84938	781129
32600	84420	83873	343332
32600	85702	85108	788801
32600	83286	82718	318057
32600	85347	84798	714847
32600	85364	84790	795263
32600	84576	84062	380111
32600	86011	85389	281783
32600	85111	84477	330699
32600	85046	84439	347677
32600	86126	85514	810012
32600	41789	41655	373073
32600	85036	84494	295540
32600	84428	83858	268956
32600	81187	80689	357030
32600	83961	83377	800913
32600	41921	41756	838904
32600	83304	82753	371466
32600	41625	41494	744257
32600	85831	85207	758408
32600	84924	84405	852551
32700	85638	85059	294102
32700	79264	78806	280084
32700	85614	84978	224515
32700	84810	84214	754611
32700	84691	84148	801458
32700	84470	83945	378428
32700	84701	84111	308432
32700	85572	85011	812140
32700	85515	84914	261591
32700	84636	84068	243943
32700	83216	82724	340451
32700	85747	85148	313597
32700	84561	84013	826611
32700	84223	83660	380823
32700	78506	78042	248068
32700	83843	83314	264725
32700	85855	85244	275644
32700	85065	84492	841245
32700	84453	83929	347607
32700	85121	84560	358841
32700	86887	86186	754113
32700	85877	85258	755564
32700	84732	84187	348589
32700	85798	85208	235156
32700	84903	84331	759530
32700	86168	85584	769670
32700	85600	85012	332090
32700	85349	84804	746074
32700	83649	83144	777670
32700	84492	83888	847333
32700	85665	85048	324661
32700	84129	83549	352127
32700	84217	83706	777087
32700	84928	84291	303705
32700	84469	83856	763034
32700	85560	84874	736637
32700	85799	85216	723137
32700	86863	86189	358894
32700	83817	83306	379335
32700	86106	85475	847188
32700	83140	82682	757992
32700	84877	84289	274002
32700	84682	84132	356294
32700	84713	84180	748499
32700	85473	84919	766478
32700	84064	83543	730058
32700	84444	83940	857104
32700	83875	83337	228225
32700	86183	85547	836870
32700	84473	83937	848131
32800	80930	80457	256204
32800	84907	84411	273265
32800	79294	78895	728681
32800	83848	83281	242079
32800	86376	85735	362494
32800	79410	79009	736780
32800	84990	84402	839690
32800	80216	79786	814678
32800	86696	86062	798207
32800	79265	78876	823967
32800	78999	78569	260528
32800	80202	79800	252628
32800	41715	41587	845414
32800	84842	84284	778889
32800	84359	83847	232451
32800	79656	79243	326646
32800	86620	86048	260200
32800	84800	84298	228017
32800	79681	79235	716871
32800	85639	85005	298665
32800	80723	80250	722695
32800	83196	82700	373776
32800	84583	84077	316822
32800	85090	84526	356168
32800	86218	85581	226028
32800	79927	79506	365353
32800	36907	36899	772870
32800	85386	84772	278636
32800	78313	77957	343611
32800	84730	84145	719333
32800	85394	84901	299071
32800	84852	84237	230811
32800	79177	78788	842990
32800	79674	79246	224165
32800	79504	79076	717672
32800	86126	85512	801160
32800	84938	84418	274883
32800	36905	36895	269436
32800	41684	41561	307434
32800	79442	79001	726116
32800	85823	85273	343599
32800	42700	42504	716654
32800	79979	79547	324210
32800	86163	85588	843247
32800	85861	85250	254862
32800	86200	85594	802748
32800	84539	83985	814460
32800	78456	78038	733172
32800	80704	80243	794202
32800	77713	77353	244554
32900	86095	85468	348720
32900	85750	85140	845298
32900	84977	84395	785766
32900	85057	84508	275503
32900	86039	85366	362985
32900	85918	85338	232295
32900	79603	79135	359944
32900	86227	85639	312231
32900	86352	85770	221231
32900	85283	84651	382571
32900	84869	84283	807267
32900	86755	86201	360752
32900	85763	85209	259207
32900	84885	84323	221474
32900	84925	84381	767887
32900	42405	42230	750895
32900	85442	84799	725778
32900	86327	85727	292512
32900	85586	85002	293628
32900	85541	84910	246325
32900	85509	84939	251610
32900	86091	85419	801451
32900	85765	85131	800081
32900	85248	84694	829753
32900	78639	78232	770331
32900	42898	42725	794240
32900	84792	84232	758902
32900	86741	86077	276922
32900	86259	85649	329570
32900	86722	86125	230549
32900	86685	86046	297369
32900	86304	85640	245190
32900	86276	85649	341713
32900	85750	85161	237334
32900	86587	85966	290327
32900	87163	86456	263430
32900	86716	86131	816185
32900	85012	84442	742513
32900	87344	86654	867289
32900	85685	85125	870263
32900	82297	81816	266990
32900	85097	84487	728080
32900	85830	85270	812036
32900	85740	85163	752610
32900	85140	84533	272500
32900	85610	85015	275118
32900	80221	79773	334242
32900	87081	86431	743514
32900	84740	84204	246256
32900	86501	85886	289232
33000	86046	85408	771918
33000	86663	86165	772859
33000	85671	85096	821648
33000	85595	85057	832535
33000	87275	86664	309221
33000	85173	84547	808697
33000	86062	85391	736694
33000	84400	83881	370335
33000	85370	84741	252575
33000	86550	85939	276975
33000	86100	85533	368308
33000	85762	85206	364062
33000	86672	86086	727701
33000	85782	85148	299397
33000	87325	86728	718734
33000	85184	84608	309418
33000	86355	85749	795571
33000	86605	85993	788586
33000	87227	86584	839190
33000	86224	85613	322085
33000	86051	85461	364712
33000	42909	42743	239300
33000	86377	85754	335400
33000	84796	84265	376558
33000	86012	85451	773795
33000	43027	42838	835489
33000	86388	85827	841080
33000	85836	85193	835616
33000	86485	85892	377617
33000	87297	86667	239848
33000	85659	85090	822081
33000	42339	42177	766885
33000	85308	84751	740790
33000	85357	84775	879305
33000	85206	84622	344833
33000	86955	86296	271742
33000	87070	86420	261584
33000	85956	85334	282641
33000	86548	85969	243767
33000	85991	85423	347065
33000	42463	42305	317872
33000	85368	84784	330824
33000	86942	86268	869832
33000	85477	84903	878961
33000	85154	84563	732400
33000	85268	84644	374786
33000	85319	84770	246990
33000	81983	81512	242242
33000	86876	86261	288540
33000	85496	84926	719137
33100	87616	86966	376587
33100	86679	86057	804303
33100	86720	86119	281380
33100	85636	85090	786402
33100	87192	86559	238723
33100	85953	85328	810299
33100	86440	85868	346309
33100	85506	84896	791028
33100	86804	86187	779692
33100	86131	85532	818255
33100	85663	85105	385679
33100	86920	86323	792816
33100	86414	85885	246011
33100	86700	86102	762422
33100	85730	85143	268513
33100	80853	80363	878276
33100	86479	85885	829320
33100	43038	42847	860266
33100	86134	85513	269374
33100	85372	84804	260597
33100	86287	85773	874557
33100	84845	84266	315287
33100	84926	84374	808081
33100	85679	85074	793590
33100	80385	79930	373062
33100	86305	85685	276323
33100	86014	85431	736360
33100	81543	81079	358565
33100	83942	83433	728082
33100	85593	85033	317782
33100	42331	42175	844433
33100	87658	87074	846998
33100	86146	85562	277562
33100	86225	85593	828248
33100	86356	85766	278692
33100	86847	86204	770967
33100	85936	85378	287688
33100	87296	86666	227001
33100	83097	82585	358168
33100	87290	86648	788754
33100	86140	85540	755488
33100	86589	85948	799060
33100	85903	85311	342559
33100	85800	85213	385166
33100	86033	85484	725248
33100	86179	85548	301268
33100	86683	86028	244006
33100	88471	87849	323154
33100	42006	41875	311069
33100	85656	85120	344946
33200	85781	85243	876734
33200	86993	86389	721630
33200	85913	85297	778185
33200	86339	85735	299495
33200	42694	42532	293396
33200	87061	86466	332545
33200	42822	42647	352857
33200	85501	84906	353335
33200	42533	42375	761010
33200	86817	86210	763160
33200	43156	42987	740484
33200	43524	43305	856227
33200	86385	85788	292658
33200	87600	86952	850267
33200	87668	87062	765808
33200	86230	85655	841981
33200	87585	86924	781581
33200	85866	85329	820899
33200	86506	85916	874278
33200	42807	42646	270182
33200	86194	85580	301114
33200	86476	85925	768734
33200	86933	86395	805294
33200	85210	84627	740415
33200	43862	43624	227997
33200	86036	85467	814704
33200	86684	86061	355973
33200	85969	85359	363646
33200	86308	85680	275925
33200	87567	86943	357511
33200	86649	86024	846001
33200	87470	86863	352834
33200	86231	85639	325408
33200	87642	86977	854806
33200	86665	86064	769971
33200	85335	84765	746222
33200	43280	43096	776568
33200	87862	87252	873633
33200	42629	42481	323504
33200	42633	42485	295432
33200	42803	42609	732341
33200	86876	86229	366491
33200	86956	86324	265214
33200	88487	87803	316750
33200	88146	87569	340470
33200	85457	84918	293338
33200	85753	85180	824916
33200	86972	86354	739674
33200	87496	86905	246315
33200	85941	85322	850660
33300	87953	87301	768109
33300	88199	87588	308702
33300	86499	85829	257277
33300	86603	86009	307553
33300	87384	86713	378029
33300	85503	84963	276781
33300	87160	86486	304879
33300	85990	85473	810794
33300	87103	86470	753352
33300	88342	87724	309860
33300	86625	86014	382567
33300	42779	42621	788322
33300	87888	87279	357281
33300	87937	87291	371284
33300	87167	86593	247014
33300	85912	85324	235459
33300	86221	85636	385387
33300	88207	87596	833759
33300	84273	83747	345286
33300	87817	87147	836676
33300	86838	86235	769532
33300	43346	43147	274625
33300	85254	84743	846154
33300	86909	86307	228838
33300	87565	86924	735708
33300	86847	86239	327873
33300	87953	87306	753726
33300	87923	87193	779581
33300	87567	86962	253296
33300	86768	86169	878889
33300	87644	87056	771379
33300	87083	86460	239965
33300	43299	43132	281211
33300	87727	87102	879305
33300	86581	85932	863712
33300	87534	86889	335779
33300	88834	88204	846755
33300	87509	86934	809014
33300	86974	86345	247296
33300	85644	85102	380118
33300	86684	86091	280597
33300	87219	86626	242988
33300	43091	42900	837544
33300	87422	86776	795013
33300	85910	85347	824792
33300	86339	85729	840144
33300	86626	86059	358583
33300	84643	84075	385764
33300	87818	87217	279991
33300	86583	85982	841052
33400	88025	87415	280832
33400	87293	86674	747633
33400	87204	86564	266031
33400	87776	87118	823245
33400	86784	86137	239155
33400	86371	85798	334222
33400	86298	85733	780989
33400	87303	86691	841890
33400	86619	86046	884331
33400	88097	87485	846700
33400	88426	87771	833671
33400	86416	85835	271779
33400	88641	87990	823133
33400	85674	85137	242843
33400	88307	87690	299539
33400	89013	88364	794328
33400	85801	85238	367088
33400	86797	86183	883047
33400	86451	85805	786118
33400	88008	87395	370536
33400	86959	86318	257159
33400	86957	86327	862587
33400	88530	87886	725254
33400	82694	82220	812915
33400	86011	85474	349963
33400	86851	86267	290348
33400	89089	88400	787638
33400	88453	87797	848078
33400	82536	82037	834385
33400	86092	85511	847991
33400	85597	85013	230623
33400	87989	87289	803264
33400	86820	86206	827073
33400	86828	86264	240537
33400	88650	88017	838364
33400	87402	86807	858663
33400	87887	87255	365768
33400	88555	87947	738023
33400	86340	85775	742875
33400	89082	88405	830605
33400	85996	85415	230885
33400	85280	84750	847096
33400	87088	86498	862776
33400	85211	84648	868191
33400	83789	83346	871784
33400	86544	85920	804141
33400	86231	85603	733226
33400	87974	87347	840348
33400	86218	85684	372006
33400	87075	86489	859639
33500	43101	42916	856864
33500	86842	86304	364731
33500	87434	86873	833187
33500	87222	86675	365561
33500	86922	86344	344476
33500	87690	87086	789377
33500	87275	86633	335024
33500	86215	85677	759479
33500	86800	86187	784679
33500	88256	87661	846878
33500	88527	87879	865164
33500	87437	86880	237402
33500	87277	86695	727668
33500	43217	43048	254027
33500	87577	86967	839068
33500	86627	86038	388129
33500	86480	85956	387472
33500	86668	86106	331653
33500	87145	86532	336610
33500	88527	87878	232837
33500	86238	85660	278650
33500	88896	88237	842867
33500	88079	87464	780264
33500	86664	86113	749785
33500	86458	85866	757995
33500	87865	87248	338998
33500	88617	87866	292192
33500	86981	86419	335061
33500	43645	43464	389387
33500	87402	86791	280505
33500	87130	86567	369154
33500	87559	86952	376208
33500	86682	86112	330875
33500	86653	86108	882521
33500	87204	86636	384253
33500	87282	86691	333604
33500	88307	87690	343266
33500	86874	86290	248114
33500	87075	86480	869382
33500	86138	85561	848465
33500	87006	86401	837442
33500	86533	85963	767009
33500	88974	88347	371660
33500	88130	87525	245675
33500	86898	86308	809311
33500	85986	85392	322981
33500	86065	85529	368059
33500	86343	85760	887138
33500	87647	86988	328818
33500	88277	87673	285870
33600	88544	87889	740875
33600	86945	86331	230153
33600	86455	85870	803215
33600	83152	82642	875121
33600	83076	82562	869810
33600	81575	81133	819854
33600	87229	86632	888364
33600	82297	81821	820905
33600	87805	87257	264413
33600	80810	80368	343700
33600	83414	82847	757545
33600	88308	87666	269364
33600	88171	87544	271809
33600	87771	87148	769464
33600	82812	82292	232050
33600	87731	87132	376898
33600	81970	81540	278076
33600	87365	86791	337188
33600	83249	82695	242081
33600	88025	87483	356800
33600	88560	87870	284182
33600	87167	86607	770005
33600	82539	82121	792788
33600	88244	87613	740452
33600	81980	81526	871169
33600	43616	43418	286225
33600	87813	87224	876193
33600	89041	88423	877853
33600	82901	82439	350994
33600	88022	87370	786368
33600	82803	82324	268110
33600	42845	42696	251363
33600	82365	81913	765481
33600	38461	38401	734295
33600	85721	85185	224990
33600	83633	83168	893965
33600	87692	87129	752859
33600	82042	81558	358937
33600	87645	87027	309662
33600	82261	81800	354362
33600	88785	88168	795242
33600	87018	86477	253534
33600	38468	38415	793231
33600	87470	86849	750700
33600	89306	88611	356782
33600	82244	81772	847846
33600	88356	87718	360562
33600	82094	81617	382647
33600	87136	86516	773566
33600	82248	81720	753596
33700	88218	87581	787028
33700	87656	87018	234332
33700	88169	87527	362172
33700	87642	87052	891666
33700	89466	88866	306853
33700	87953	87356	364648
33700	88385	87814	830139
33700	87763	87098	385263
33700	86253	85747	381289
33700	87502	86874	260086
33700	88225	87584	858731
33700	86877	86294	766336
33700	43760	43564	330350
33700	88574	87964	380503
33700	87589	86932	775376
33700	87535	86947	771542
33700	87864	87246	885438
33700	88472	87869	391171
33700	88544	87911	287112
33700	88236	87624	804930
33700	88184	87531	872231
33700	87740	87125	777224
33700	88736	88127	338686
33700	89141	88436	755163
33700	88425	87825	753674
33700	87193	86618	818450
33700	89150	88504	761905
33700	87226	86661	752564
33700	87809	87208	226342
33700	87388	86755	809098
33700	86420	85872	333762
33700	85008	84478	832941
33700	87550	86968	266258
33700	87504	86925	228547
33700	88712	88039	838303
33700	88756	88113	303831
33700	87670	87055	356236
33700	87877	87232	272112
33700	86891	86325	883201
33700	89112	88511	359882
33700	87963	87405	779500
33700	43696	43508	227539
33700	43918	43756	315419
33700	84667	84146	886654
33700	86787	86208	893299
33700	87413	86832	352361
33700	88112	87527	359331
33700	87818	87204	755784
33700	89117	88458	804372
33700	85550	84987	803751
33800	88729	88105	281064
33800	88407	87779	808003
33800	86728	86180	233655
33800	89174	88568	784792
33800	87606	87071	333855
33800	88236	87633	347627
33800	88421	87776	802177
33800	87892	87233	241848
33800	88126	87521	255986
33800	87330	86740	857822
33800	87615	87017	808469
33800	89698	89013	301484
33800	88147	87550	797941
33800	87220	86669	330822
33800	86350	85801	379165
33800	43826	43648	250861
33800	87437	86887	311882
33800	88608	87976	839016
33800	87380	86721	803699
33800	88151	87497	801825
33800	86783	86236	852012
33800	87795	87143	901011
33800	87887	87297	872880
33800	88475	87865	232445
33800	84079	83547	883482
33800	87837	87285	838596
33800	89082	88455	814112
33800	87836	87242	772727
33800	88697	88089	876824
33800	88216	87647	810172
33800	88332	87741	322197
33800	90196	89569	340522
33800	87488	86936	317562
33800	86878	86314	833143
33800	88152	87550	290870
33800	87731	87106	381247
33800	88712	88060	887785
33800	85452	84991	811411
33800	88962	88281	322866
33800	87545	87027	808393
33800	89706	89013	318286
33800	88368	87842	861695
33800	87047	86484	752518
33800	87746	87129	383332
33800	84743	84242	817036
33800	88840	88195	275221
33800	88056	87488	277750
33800	87257	86716	798644
33800	88790	88103	292820
33800	87768	87235	898608
33900	88018	87426	791711
33900	88122	87530	287228
33900	89394	88760	242161
33900	89262	88592	392918
33900	88712	88069	321473
33900	83550	83054	806885
33900	87022	86519	775824
33900	87357	86746	844596
33900	87399	86837	751096
33900	89805	89153	285489
33900	43795	43620	902959
33900	89268	88634	381665
33900	88224	87652	881583
33900	88591	87907	885296
33900	88085	87461	832748
33900	88112	87550	830713
33900	87881	87276	844518
33900	86997	86420	323982
33900	88068	87498	862580
33900	87870	87273	735370
33900	87930	87377	390949
33900	87820	87176	374380
33900	88750	88147	303104
33900	82664	82175	333594
33900	88491	87870	831570
33900	44383	44186	740994
33900	87774	87204	345872
33900	88037	87461	392567
33900	89882	89224	857567
33900	87270	86720	276355
33900	89176	88573	789376
33900	88332	87734	813254
33900	88094	87531	786351
33900	89108	88479	388099
33900	88097	87563	376459
33900	44232	44031	894990
33900	88916	88295	741209
33900	87120	86557	808660
33900	90766	90132	391665
33900	88427	87842	349448
33900	84212	83731	761244
33900	83751	83245	855941
33900	88108	87514	749550
33900	84222	83820	370648
33900	43632	43464	768498
33900	88393	87804	276451
33900	38712	38662	734779
33900	88414	87858	839426
33900	88496	87837	247979
33900	88602	87944	377472
34000	88055	87489	824697
34000	88183	87561	379161
34000	87510	86934	860845
34000	88326	87653	353767
34000	88318	87749	353594
34000	87507	86913	334828
34000	86307	85777	847317
34000	87836	87238	758398
34000	44236	44051	264966
34000	87977	87398	231218
34000	89368	88778	375965
34000	88082	87489	385585
34000	89414	88789	326780
34000	89969	89307	318088
34000	87932	87374	325521
34000	87436	86867	229554
34000	87112	86527	279807
34000	87826	87237	906208
34000	90319	89664	296992
34000	89848	89198	748422
34000	89392	88698	381323
34000	88834	88218	252125
34000	44276	44079	854815
34000	88184	87618	353661
34000	89563	88892	765585
34000	44120	43937	789655
34000	90380	89747	235684
34000	89404	88734	247918
34000	88639	88017	390705
34000	88105	87546	299013
34000	87705	87134	740728
34000	88072	87518	343887
34000	87169	86600	369188
34000	89170	88586	764730
34000	88936	88349	771078
34000	88368	87754	340079
34000	88440	87861	286644
34000	88574	87991	362291
34000	88880	88227	821900
34000	89154	88509	840354
34000	89512	88906	834077
34000	89350	88760	752122
34000	87464	86930	282430
34000	44150	43957	333017
34000	88620	88061	865438
34000	88486	87855	872373
34000	88453	87845	286625
34000	89361	88702	850939
34000	87404	86834	839963
34000	86664	86143	887174
34100	38917	38873	297967
34100	89516	88891	356853
34100	83898	83447	798235
34100	87581	87047	806791
34100	84300	83823	228794
34100	89509	88783	899704
34100	88596	87970	829068
34100	89449	88861	382431
34100	84485	83981	368838
34100	83574	83101	894018
34100	90053	89360	805930
34100	88356	87763	882020
34100	43710	43552	859017
34100	87027	86554	897361
34100	83866	83381	306559
34100	88179	87579	330267
34100	89584	88931	847545
34100	88956	88394	368597
34100	89677	89057	336397
34100	88447	87873	281837
34100	83049	82578	326165
34100	39040	38980	828464
34100	87647	87087	344870
34100	84523	83990	328320
34100	90428	89761	250679
34100	83872	83349	797882
34100	83008	82586	276135
34100	83666	83190	872690
34100	84017	83496	268397
34100	88147	87570	852546
34100	89776	89135	786467
34100	89000	88441	789136
34100	89877	89208	306694
34100	88743	88148	379885
34100	89292	88644	837346
34100	88965	88323	251982
34100	38924	38884	769770
34100	88126	87565	866884
34100	44677	44482	880018
34100	89767	89130	274882
34100	89093	88440	775092
34100	88711	88074	367092
34100	88191	87594	905717
34100	88447	87871	250252
34100	84137	83628	334711
34100	84570	84038	862415
34100	38909	38869	782156
34100	88612	88026	238249
34100	88082	87519	766681
34100	82087	81645	374309
34200	89449	88809	318060
34200	90864	90132	843800
34200	89494	88892	251849
34200	44369	44176	817810
34200	88743	88182	382655
34200	88632	88078	245592
34200	89990	89326	894438
34200	89091	88411	859185
34200	88625	88098	385071
34200	88981	88425	830773
34200	88587	88016	790069
34200	88116	87511	281454
34200	88995	88422	844788
34200	86243	85748	311152
34200	89607	88982	237200
34200	89513	88891	805277
34200	87437	86948	769768
34200	87940	87385	242083
34200	43600	43484	371751
34200	88161	87646	784389
34200	83304	82829	247994
34200	89703	89089	874207
34200	89194	88564	285868
34200	87591	87056	329987
34200	87378	86848	269260
34200	88118	87525	847771
34200	89042	88477	749488
34200	89822	89204	376780
34200	88543	87968	849688
34200	90372	89738	796111
34200	89762	89093	265761
34200	87813	87180	307175
34200	89285	88688	791732
34200	89371	88735	313597
34200	86370	85874	798815
34200	89187	88524	332450
34200	89557	88922	257758
34200	89132	88522	762997
34200	89266	88645	387447
34200	44203	44046	232825
34200	89543	88976	780393
34200	88837	88305	387909
34200	90311	89649	835723
34200	86752	86260	275869
34200	88174	87583	791453
34200	86450	85974	259057
34200	88952	88351	347748
34200	88551	87978	771819
34200	89079	88411	886938
34200	90109	89476	884643
34300	91247	90595	827139
34300	89197	88568	802614
34300	92461	91733	359522
34300	89614	89038	257102
34300	88652	88021	319271
34300	89642	89022	318918
34300	90755	90058	819145
34300	88526	87967	777414
34300	91271	90519	379565
34300	89880	89236	775161
34300	88678	88081	854660
34300	88970	88374	304878
34300	90039	89487	896593
34300	89373	88736	259331
34300	89211	88581	315979
34300	89878	89212	300618
34300	88876	88275	837195
34300	89531	88898	377565
34300	89749	89149	850125
34300	88543	87955	332443
34300	90696	90044	870540
34300	88419	87870	769558
34300	89619	89016	247934
34300	88665	88064	908657
34300	89026	88379	885672
34300	90516	89791	844785
34300	89220	88594	350922
34300	89423	88819	897045
34300	91513	90864	270413
34300	90882	90211	372147
34300	88889	88342	751760
34300	88776	88143	798482
34300	89263	88686	914111
34300	87274	86770	783548
34300	88762	88216	801565
34300	89964	89341	898967
34300	89950	89292	877808
34300	90307	89647	297446
34300	84126	83602	345905
34300	88522	87982	768144
34300	89968	89362	383685
34300	88402	87822	257589
34300	90934	90251	350461
34300	89097	88512	308674
34300	88828	88162	829548
34300	89354	88772	902624
34300	88223	87651	392944
34300	90105	89472	391397
34300	89731	89133	771998
34300	86387	85890	345795
34400	90037	89430	400025
34400	90868	90193	230679
34400	44034	43881	892991
34400	89286	88633	848163
34400	90035	89472	851462
34400	44744	44556	825115
34400	89430	88781	800691
34400	89972	89364	795595
34400	88347	87789	902010
34400	90578	89986	753811
34400	90405	89823	309759
34400	89780	89117	361941
34400	87987	87414	816796
34400	84321	83824	780153
34400	90487	89845	295524
34400	87007	86458	796984
34400	90459	89810	821032
34400	87990	87358	766503
34400	88959	88394	341153
34400	89804	89173	301807
34400	88011	87476	784361
34400	90950	90268	272696
34400	90074	89461	800827
34400	90705	90047	258975
34400	89566	88974	400994
34400	84339	83855	257000
34400	90268	89620	354394
34400	88784	88172	778197
34400	90092	89488	833843
34400	91402	90782	859661
34400	89679	89123	760642
34400	90123	89540	791007
34400	87459	86944	397301
34400	90087	89472	834866
34400	88128	87577	397169
34400	89354	88709	357487
34400	90472	89851	768012
34400	88051	87527	304242
34400	89225	88644	326289
34400	90133	89479	774183
34400	90865	90225	287708
34400	90129	89512	831952
34400	89557	88948	865548
34400	90002	89343	793954
34400	89573	88880	318169
34400	90646	89972	296253
34400	90733	90118	229443
34400	43987	43828	383991
34400	89829	89240	902069
34400	86764	86279	333685
34500	90763	90106	320800
34500	90629	90013	327197
34500	90990	90346	899018
34500	90617	89991	324020
34500	89037	88409	894237
34500	90452	89810	870286
34500	89090	88472	245946
34500	89434	88807	316821
34500	90881	90228	825854
34500	90356	89772	801075
34500	91027	90316	320337
34500	89658	89072	388957
34500	90457	89874	779272
34500	88778	88192	231855
34500	90229	89638	242518
34500	89934	89349	838882
34500	85031	84524	771105
34500	88819	88230	900165
34500	91205	90519	304449
34500	89797	89216	849400
34500	91227	90544	401791
34500	89862	89188	897439
34500	89896	89294	864993
34500	85906	85402	315832
34500	88841	88253	346703
34500	91908	91234	241912
34500	90888	90254	370799
34500	89598	89080	826036
34500	89324	88736	796164
34500	88761	88159	896157
34500	88672	88043	392163
34500	89366	88770	376304
34500	89803	89180	800808
34500	91018	90397	879487
34500	89724	89101	233080
34500	89118	88520	752197
34500	89933	89342	871158
34500	89491	88930	831199
34500	90563	89981	896826
34500	91050	90347	804028
34500	90385	89751	249577
34500	90849	90160	846508
34500	87548	87086	357711
34500	88868	88303	283255
34500	90423	89783	829189
34500	90703	90064	781735
34500	91661	91005	306735
34500	89416	88813	813736
34500	88280	87714	292380
34500	89796	89169	288740
34600	89828	89280	385792
34600	44941	44724	785683
34600	88552	88026	801906
34600	89792	89221	288594
34600	90401	89809	838158
34600	90636	90017	882351
34600	91286	90596	386598
34600	90024	89445	393846
34600	91327	90715	314118
34600	90687	90049	248054
34600	89927	89298	284914
34600	88079	87507	853225
34600	90254	89607	921148
34600	90176	89522	291881
34600	89885	89288	904319
34600	89884	89352	847227
34600	89178	88620	350880
34600	90374	89770	874227
34600	91062	90465	333401
34600	91754	91070	919612
34600	45278	45080	309731
34600	89568	88993	369189
34600	89304	88765	757434
34600	89613	89048	887043
34600	90186	89563	812649
34600	89759	89157	802428
34600	89125	88533	762233
34600	90409	89825	355494
34600	89996	89345	354997
34600	91579	90881	238373
34600	91006	90394	250092
34600	89786	89209	823838
34600	88869	88291	871263
34600	89208	88613	258191
34600	89479	88849	901955
34600	90410	89733	760071
34600	90012	89406	858937
34600	89440	88886	270457
34600	88766	88159	837116
34600	88499	87949	905977
34600	90938	90322	243353
34600	89067	88442	773957
34600	91672	90995	787811
34600	92470	91761	806349
34600	91122	90450	815425
34600	89023	88392	830086
34600	90144	89516	319260
34600	90073	89490	302783
34600	89783	89128	844310
34600	90277	89666	803539
34700	93131	92452	828472
34700	91515	90864	882754
34700	89923	89251	351642
34700	89623	88970	873132
34700	91539	90876	756400
34700	85701	85166	797063
34700	89509	88892	280370
34700	90797	90193	777174
34700	90151	89522	292119
34700	91261	90650	763500
34700	91576	90913	281375
34700	90427	89834	876314
34700	90520	89869	879753
34700	90142	89505	806027
34700	90658	90052	251771
34700	91385	90674	353462
34700	91807	91119	310209
34700	90621	89977	403182
34700	85110	84630	366468
34700	88775	88231	254004
34700	90700	90054	255747
34700	90951	90329	784363
34700	44836	44655	237904
34700	90234	89612	259664
34700	88958	88413	795674
34700	91519	90912	350791
34700	90838	90236	320309
34700	91058	90484	267503
34700	90671	90042	845386
34700	90962	90328	291518
34700	90091	89484	353761
34700	91722	91155	774103
34700	89971	89336	269567
34700	90890	90264	380175
34700	90138	89568	868615
34700	90118	89522	846826
34700	89713	89147	270070
34700	84066	83622	251586
34700	91466	90769	772667
34700	91927	91292	398284
34700	91097	90430	860006
34700	89769	89098	277155
34700	89656	89089	855090
34700	84904	84438	833410
34700	88474	87948	811328
34700	90307	89694	867860
34700	91289	90615	824196
34700	91493	90826	391464
34700	90115	89537	366694
34700	45200	45004	273647
34800	91066	90480	776736
34800	87044	86539	815967
34800	91233	90623	253053
34800	90209	89616	258765
34800	90137	89536	779369
34800	45046	44851	776865
34800	90895	90265	779406
34800	88138	87607	297203
34800	90832	90186	280709
34800	89943	89346	356060
34800	90098	89495	303366
34800	89600	89074	302500
34800	91013	90371	908718
34800	44988	44809	879627
34800	45278	45075	238733
34800	92935	92185	799205
34800	90807	90209	333023
34800	90056	89457	774470
34800	91453	90814	902730
34800	91226	90581	361709
34800	89973	89375	359803
34800	90874	90279	838283
34800	89803	89236	868615
34800	90500	89883	254888
34800	90672	90085	264547
34800	90253	89698	369609
34800	91017	90373	349023
34800	91034	90410	332521
34800	91838	91171	866776
34800	90385	89776	890571
34800	88823	88265	800381
34800	89790	89157	834532
34800	91014	90396	283331
34800	90149	89603	257089
34800	44797	44640	875664
34800	90797	90152	754616
34800	91124	90524	825705
34800	90442	89830	831851
34800	92160	91579	372101
34800	91275	90709	769692
34800	91331	90769	403803
34800	89982	89417	245768
34800	89971	89378	350855
34800	92140	91497	900161
34800	44717	44555	842127
34800	90598	90005	240138
34800	91386	90766	896386
34800	86655	86176	792549
34800	90185	89533	365488
34800	93281	92567	294488
34900	85598	85076	785302
34900	91944	91254	392413
34900	88787	88275	771587
34900	45710	45483	361391
34900	84341	83900	385175
34900	85693	85216	396658
34900	85695	85235	254313
34900	84443	83978	255036
34900	87015	86472	824817
34900	92778	92058	830455
34900	92254	91622	906119
34900	90496	89895	768505
34900	90807	90186	272257
34900	87253	86696	310763
34900	85887	85362	290975
34900	90987	90386	875583
34900	87256	86721	813971
34900	90601	90031	909389
34900	90912	90338	860523
34900	84684	84240	378971
34900	45529	45316	828297
34900	85071	84623	919138
34900	84398	83945	866140
34900	91500	90838	304426
34900	86567	86078	763068
34900	90523	89912	808765
34900	91016	90399	926548
34900	90831	90269	327019
34900	91244	90626	254500
34900	85984	85501	263548
34900	90773	90174	874394
34900	91225	90548	876527
34900	87534	87043	384672
34900	91791	91126	347043
34900	85265	84831	305764
34900	90264	89687	399733
34900	86043	85519	877076
34900	85873	85368	397142
34900	86060	85613	378531
34900	86385	85886	369389
34900	92903	92181	326396
34900	90769	90112	365418
34900	91812	91196	254864
34900	90157	89531	860312
34900	86785	86234	268002
34900	84497	84016	389956
34900	45404	45202	333532
34900	91530	90833	342162
34900	91817	91135	380747
34900	92052	91433	257028
35000	91097	90456	891031
35000	45648	45457	335990
35000	91947	91365	855660
35000	91537	90924	404557
35000	92401	91714	387217
35000	89899	89321	837090
35000	91292	90686	804646
35000	85854	85415	400925
35000	92369	91695	869707
35000	91607	90942	263818
35000	90863	90353	800001
35000	90807	90212	369905
35000	90727	90102	836103
35000	89974	89399	361787
35000	91251	90675	285160
35000	91287	90668	379426
35000	91101	90496	258709
35000	92167	91521	823955
35000	92997	92351	363715
35000	92752	92161	844753
35000	90412	89816	234761
35000	90516	89906	357735
35000	44816	44673	261500
35000	92094	91461	773535
35000	90704	90081	400914
35000	91890	91250	363627
35000	91552	90971	258225
35000	92040	91405	793411
35000	89815	89258	809965
35000	90736	90125	816651
35000	91848	91254	235479
35000	91638	91054	926165
35000	91667	91060	294443
35000	90997	90333	291325
35000	91005	90392	808515
35000	91046	90458	243797
35000	93203	92529	776206
35000	89980	89366	779355
35000	91631	90981	373764
35000	44666	44525	256768
35000	86758	86219	296226
35000	92534	91877	331626
35000	91030	90450	796252
35000	91524	90930	278227
35000	85725	85268	781084
35000	92957	92304	867739
35000	90689	90061	821097
35000	91246	90603	836436
35000	90628	89965	239915
35000	90663	90046	304341
35100	45538	45343	863811
35100	91166	90510	819335
35100	90949	90342	324745
35100	90226	89635	266871
35100	90883	90244	296684
35100	92176	91508	331374
35100	91106	90501	872627
35100	92155	91528	265000
35100	92072	91445	266404
35100	92346	91685	837514
35100	92635	91947	802416
35100	91354	90697	830159
35100	91574	90942	292787
35100	91673	91063	363841
35100	91446	90774	237731
35100	91396	90756	779349
35100	92478	91846	875597
35100	91300	90715	281811
35100	91284	90684	767152
35100	92451	91750	250293
35100	92200	91508	341537
35100	92006	91353	902534
35100	91069	90399	345348
35100	91329	90683	897051
35100	91655	91050	906105
35100	91158	90512	329414
35100	89548	88974	807147
35100	92446	91829	323251
35100	91969	91306	791129
35100	91121	90529	885662
35100	91619	90984	314639
35100	91771	91145	338952
35100	88005	87523	376481
35100	91266	90654	780305
35100	90906	90333	784057
35100	91982	91343	325334
35100	90231	89697	389594
35100	92138	91551	307927
35100	92418	91773	406265
35100	91792	91129	319961
35100	90612	90017	298492
35100	92552	91879	827134
35100	91763	91135	246311
35100	92391	91804	830501
35100	93187	92504	925494
35100	89774	89225	341885
35100	91892	91274	282731
35100	91604	91006	823060
35100	90325	89755	276144
35100	90928	90300	883328
35200	90489	89975	819617
35200	90979	90313	383466
35200	86759	86273	865665
35200	92660	91987	908685
35200	92011	91395	409266
35200	91781	91132	874028
35200	92882	92196	318255
35200	90918	90307	367971
35200	91534	90896	805314
35200	92764	92087	258194
35200	91553	91004	786773
35200	89653	89130	372725
35200	91940	91291	763732
35200	91689	91060	775214
35200	92025	91372	401774
35200	87686	87199	288153
35200	90478	89919	281827
35200	92621	91939	861830
35200	92518	91865	344442
35200	91544	90915	289225
35200	92178	91551	865564
35200	91710	91105	803152
35200	92204	91548	369578
35200	92718	92020	294724
35200	91261	90733	782623
35200	93111	92464	254242
35200	86164	85671	280297
35200	93832	93172	810567
35200	92712	92042	789468
35200	91436	90816	861993
35200	92038	91440	333465
35200	90908	90329	338673
35200	93212	92563	768967
35200	91018	90362	403831
35200	91295	90674	313375
35200	91579	90970	876140
35200	90764	90219	823831
35200	90504	89921	851370
35200	91329	90720	237592
35200	91208	90639	246053
35200	86230	85751	885651
35200	92303	91660	843821
35200	90658	90073	896273
35200	88015	87503	333515
35200	93199	92559	333399
35200	92453	91843	849820
35200	91181	90619	292964
35200	91465	90802	880358
35200	86191	85720	259396
35200	90913	90324	404957
35300	92027	91369	295884
35300	92375	91677	367366
35300	92479	91825	868583
35300	91538	90953	393023
35300	93624	92942	770272
35300	92467	91787	389559
35300	91838	91184	923971
35300	86928	86400	918376
35300	92637	92021	347748
35300	93814	93107	311780
35300	92521	91795	789319
35300	90431	89830	408761
35300	92103	91491	396208
35300	44730	44610	805232
35300	92610	91949	768877
35300	90098	89508	931761
35300	92051	91412	390369
35300	94575	93897	371183
35300	85052	84649	800398
35300	91276	90671	363323
35300	46019	45830	408439
35300	90431	89916	927388
35300	90241	89679	357447
35300	91450	90872	352096
35300	89939	89409	400741
35300	91677	91078	266576
35300	89724	89211	321243
35300	91710	91083	350146
35300	90298	89768	315600
35300	91429	90814	816751
35300	92148	91502	832857
35300	91511	90884	321586
35300	90845	90268	263362
35300	92611	91929	388332
35300	91527	90883	866646
35300	91235	90640	380688
35300	90317	89729	844215
35300	45799	45625	263181
35300	92413	91816	852995
35300	91357	90768	893599
35300	91939	91281	816137
35300	91323	90689	904923
35300	92963	92313	802492
35300	93214	92531	368881
35300	91930	91263	934936
35300	93187	92483	330575
35300	45605	45402	238059
35300	91207	90582	905757
35300	92346	91720	859857
35300	91044	90516	888709
35400	93493	92796	894235
35400	92615	91999	392767
35400	93920	93229	271322
35400	92828	92195	833771
35400	93126	92486	826807
35400	92671	91967	812109
35400	93329	92717	867672
35400	92750	92179	307108
35400	91019	90361	324788
35400	93332	92675	827165
35400	92405	91791	281790
35400	90751	90160	268559
35400	92411	91774	284832
35400	92735	92142	262333
35400	92352	91725	285712
35400	93528	92910	358735
35400	91589	90999	923088
35400	91981	91351	242743
35400	92647	92036	934291
35400	45816	45636	236059
35400	91662	91068	353538
35400	92487	91834	294009
35400	92705	92045	248983
35400	91259	90719	831847
35400	93192	92541	774282
35400	87648	87147	867199
35400	91716	91113	291312
35400	92952	92320	313681
35400	45593	45417	926142
35400	93660	93021	905982
35400	92957	92265	382443
35400	93066	92420	265640
35400	92415	91800	357605
35400	92171	91583	905230
35400	92201	91528	817399
35400	92091	91452	912980
35400	94587	93943	803513
35400	92350	91769	294350
35400	91785	91139	365655
35400	91332	90719	898451
35400	92204	91593	302033
35400	92556	91947	822737
35400	92197	91583	281988
35400	92765	92099	386385
35400	91923	91297	784724
35400	91651	91022	317642
35400	91544	90957	906198
35400	91390	90802	317944
35400	85962	85516	341113
35400	92424	91803	271199
35500	91018	90486	938515
35500	94171	93532	361270
35500	91883	91224	785673
35500	92966	92319	870731
35500	93145	92491	309112
35500	91757	91179	325857
35500	91056	90503	377056
35500	90931	90408	413094
35500	92504	91839	810843
35500	93445	92804	814823
35500	93177	92541	858633
35500	93003	92357	824469
35500	92192	91593	834484
35500	93233	92568	931190
35500	86365	85924	370405
35500	93227	92550	801912
35500	91968	91403	332031
35500	87470	87014	889289
35500	92750	92120	279774
35500	92094	91584	880028
35500	91630	91016	385577
35500	91638	91036	773953
35500	93214	92519	361587
35500	91646	91107	375124
35500	92112	91446	412575
35500	91748	91152	322023
35500	92696	92069	899915
35500	92692	92119	802126
35500	92591	91959	774136
35500	93700	93068	238122
35500	91196	90600	413663
35500	90652	90081	306076
35500	92195	91608	382239
35500	91649	91093	311529
35500	45809	45635	894507
35500	92916	92231	889527
35500	92406	91816	403789
35500	46115	45917	293754
35500	92371	91763	254623
35500	93434	92814	362770
35500	92720	92079	851757
35500	92670	92059	804999
35500	93808	93153	875596
35500	92770	92108	788479
35500	91872	91263	412447
35500	45743	45565	266601
35500	93155	92514	395414
35500	92873	92190	776188
35500	93469	92828	283201
35500	93380	92762	361338
35600	92820	92133	352516
35600	92694	92050	238101
35600	92382	91778	340599
35600	92763	92189	930696
35600	92077	91419	242841
35600	92713	92022	801391
35600	94385	93692	811356
35600	93564	92935	836674
35600	93361	92700	406853
35600	91794	91271	364757
35600	86276	85850	379441
35600	93621	92972	242617
35600	93297	92675	410140
35600	92594	92003	821039
35600	92270	91621	835459
35600	92887	92261	840623
35600	93142	92466	375138
35600	91423	90856	240811
35600	91790	91208	939644
35600	92232	91630	337290
35600	92668	92051	883193
35600	91089	90500	411368
35600	93783	93075	244232
35600	92291	91685	280468
35600	93711	93060	311160
35600	87045	86558	375977
35600	91536	90931	861978
35600	91534	90969	812097
35600	92988	92355	330364
35600	94528	93785	898740
35600	94437	93794	322778
35600	92535	91989	344715
35600	92768	92179	309169
35600	90052	89525	317031
35600	91520	90980	394091
35600	91378	90821	869264
35600	92007	91383	924092
35600	93520	92872	273129
35600	93010	92357	312623
35600	92131	91589	387090
35600	91893	91348	904406
35600	87109	86657	771886
35600	92453	91783	922801
35600	93818	93152	823560
35600	91236	90642	332419
35600	92800	92143	882921
35600	92984	92404	323732
35600	93119	92477	810858
35600	93107	92459	932496
35600	92946	92235	903985
35700	91841	91314	899080
35700	93133	92482	944566
35700	93939	93233	789994
35700	92026	91451	253290
35700	94155	93452	794046
35700	94728	94030	882564
35700	92516	91870	812824
35700	93011	92496	894631
35700	94068	93430	335759
35700	92254	91687	948500
35700	92461	91863	359019
35700	93268	92640	270787
35700	93707	93129	306254
35700	87326	86767	821128
35700	92028	91455	949460
35700	93341	92718	823775
35700	92310	91680	863541
35700	92231	91674	308681
35700	92467	91900	404762
35700	91839	91253	845110
35700	93576	92909	350541
35700	94890	94240	386422
35700	94317	93604	898890
35700	93231	92576	373065
35700	92049	91453	946732
35700	93678	93029	367820
35700	92228	91596	378101
35700	93716	93031	910382
35700	86887	86421	351760
35700	93654	93061	798453
35700	45836	45656	887441
35700	86673	86201	259810
35700	93027	92442	325341
35700	45464	45318	827370
35700	45220	45079	776083
35700	94180	93567	242588
35700	86949	86452	284997
35700	91963	91362	331391
35700	46531	46316	918111
35700	45771	45624	943218
35700	91062	90492	816918
35700	92543	91905	935709
35700	92762	92144	951379
35700	45214	45080	912248
35700	46240	46043	820827
35700	93373	92760	300763
35700	93093	92473	324305
35700	91565	91034	305921
35700	93634	93013	787079
35700	91512	90951	800619
35800	93260	92683	348944
35800	94152	93542	381288
35800	92678	92056	811608
35800	93595	92918	337733
35800	91285	90736	799415
35800	88885	88323	257188
35800	93268	92548	844741
35800	93914	93290	401171
35800	93526	92856	874428
35800	93312	92649	389754
35800	93227	92599	860918
35800	93317	92733	822322
35800	92897	92301	325406
35800	94597	93915	337342
35800	93977	93324	850298
35800	92558	91938	796763
35800	92438	91860	317570
35800	92643	92054	269449
35800	93405	92810	391915
35800	94584	93937	386865
35800	93870	93274	788591
35800	93080	92470	919242
35800	93414	92786	271151
35800	94682	93985	927153
35800	92976	92369	953787
35800	93086	92446	261673
35800	95015	94286	307963
35800	93576	92940	805764
35800	92965	92324	798435
35800	94041	93421	928170
35800	93307	92671	298929
35800	93720	93104	338921
35800	92733	92116	913527
35800	93625	93014	829040
35800	93205	92575	401566
35800	93084	92436	347746
35800	94415	93803	918482
35800	92768	92192	835343
35800	93996	93316	350213
35800	93792	93139	822438
35800	92234	91645	920812
35800	92702	92100	311401
35800	46334	46128	275427
35800	92589	92012	350556
35800	92859	92202	860264
35800	92878	92178	300459
35800	94450	93862	275445
35800	93370	92707	814900
35800	93793	93132	858922
35800	93620	92966	283140
35900	92356	91774	856370
35900	92999	92345	321455
35900	46792	46578	909959
35900	92399	91794	830711
35900	91024	90446	803318
35900	93809	93145	309503
35900	92046	91531	922443
35900	93229	92668	414240
35900	94691	94009	863099
35900	46175	46005	828955
35900	93742	93136	909573
35900	93523	92897	818816
35900	94376	93741	395090
35900	93361	92699	259554
35900	93693	93011	293826
35900	93761	93108	412860
35900	92885	92246	926326
35900	46329	46144	923444
35900	92950	92297	362098
35900	93890	93230	835013
35900	92550	92003	807823
35900	94483	93839	872086
35900	94785	94086	843103
35900	94076	93408	943661
35900	92229	91648	370357
35900	92994	92435	391054
35900	93313	92583	939154
35900	93457	92782	872921
35900	90403	89891	371654
35900	94428	93764	921132
35900	93425	92867	937080
35900	93097	92519	282101
35900	93857	93230	909245
35900	92569	91996	340404
35900	93632	92949	815083
35900	92316	91700	782090
35900	92154	91588	800651
35900	95987	95274	392832
35900	93988	93383	845944
35900	46529	46346	341841
35900	94833	94132	844253
35900	46800	46585	784086
35900	94556	93953	818128
35900	90030	89553	831546
35900	93659	93001	947293
35900	93712	93053	866466
35900	93190	92556	809956
35900	93326	92715	352856
35900	46348	46173	398473
35900	92597	91939	830157
36000	94628	93949	826847
36000	94800	94158	315485
36000	92741	92133	252504
36000	92293	91732	932206
36000	93413	92833	922078
36000	94403	93749	284197
36000	95080	94433	274440
36000	93898	93274	897432
36000	92241	91651	281995
36000	93007	92377	243963
36000	93938	93300	784588
36000	92596	91982	319675
36000	93221	92535	882296
36000	96723	95999	853319
36000	93701	93045	811037
36000	94616	94021	404603
36000	93897	93192	307500
36000	93574	92993	386021
36000	93961	93340	868210
36000	94195	93620	923084
36000	94206	93554	864225
36000	93777	93153	377180
36000	92774	92160	382471
36000	94311	93688	873759
36000	93030	92401	366838
36000	95760	95064	359065
36000	94283	93674	924613
36000	92982	92368	893111
36000	88182	87714	910582
36000	93992	93366	316032
36000	93709	93079	957931
36000	89998	89451	321600
36000	93662	93041	406513
36000	93211	92603	932235
36000	93361	92762	257675
36000	94248	93621	828793
36000	93502	92868	826638
36000	93167	92521	843149
36000	46687	46491	924598
36000	93933	93347	894855
36000	94200	93561	835920
36000	41159	41099	838374
36000	94404	93753	394568
36000	93402	92781	900217
36000	41302	41240	409575
36000	95380	94740	875557
36000	94045	93474	308185
36000	94647	93979	413857
36000	93825	93228	911518
36000	46119	45949	811616
36100	94915	94251	946102
36100	46509	46349	368893
36100	92703	92031	893119
36100	95020	94358	871110
36100	94335	93639	896909
36100	94892	94318	855050
36100	94610	93997	242016
36100	93384	92801	282394
36100	94213	93618	359236
36100	93984	93320	316176
36100	93703	93093	253090
36100	94656	94004	260078
36100	91217	90678	357659
36100	96053	95338	302538
36100	94032	93471	818471
36100	93782	93192	410441
36100	92689	92098	836071
36100	92426	91812	923625
36100	93311	92706	325261
36100	93584	93013	384202
36100	94060	93492	245016
36100	94782	94167	833923
36100	92108	91525	956080
36100	93616	93049	377363
36100	95352	94715	792995
36100	94207	93605	399062
36100	94137	93520	947599
36100	93469	92822	881803
36100	41326	41275	318693
36100	94383	93717	930851
36100	93982	93331	416575
36100	93234	92601	408344
36100	96318	95641	403537
36100	93103	92478	416962
36100	93810	93235	940809
36100	94114	93422	290614
36100	95485	94812	897996
36100	95043	94406	918428
36100	94931	94293	798183
36100	94588	93970	420753
36100	92638	92003	935372
36100	91979	91432	811861
36100	95454	94774	881344
36100	94052	93478	330194
36100	94289	93616	865421
36100	92890	92279	280922
36100	94079	93426	268095
36100	93291	92716	800258
36100	94445	93863	266776
36100	93719	93110	342678
36200	89024	88516	261479
36200	93884	93221	415248
36200	89240	88722	836476
36200	94677	94033	348876
36200	91000	90483	964648
36200	94460	93818	411612
36200	88776	88250	802049
36200	89442	88954	414730
36200	88342	87849	242312
36200	87934	87445	244217
36200	93969	93339	926399
36200	89058	88506	359950
36200	88146	87714	842323
36200	46483	46321	307380
36200	89783	89239	272818
36200	89799	89302	268429
36200	94413	93774	274536
36200	94314	93693	934799
36200	94336	93711	282406
36200	93794	93158	807636
36200	95060	94446	272817
36200	90044	89502	791751
36200	88075	87557	865041
36200	94329	93718	380472
36200	94367	93712	329559
36200	89241	88725	806136
36200	93862	93255	301835
36200	95486	94745	878714
36200	93740	93196	874541
36200	94263	93625	948751
36200	87644	87138	354744
36200	89125	88611	313275
36200	95520	94815	928805
36200	93607	92989	348510
36200	93944	93371	322880
36200	47006	46800	349401
36200	93597	92949	286524
36200	95070	94372	869683
36200	89176	88623	898968
36200	94759	94078	913551
36200	89764	89235	893622
36200	94712	94110	310822
36200	41298	41248	390566
36200	47044	46852	398669
36200	93932	93362	294187
36200	95769	95093	251073
36200	89624	89096	401043
36200	89952	89380	285876
36200	94030	93431	293434
36200	94603	93992	414446
36300	94603	94017	250353
36300	47580	47358	890652
36300	94323	93702	333420
36300	93288	92673	877622
36300	94032	93374	906946
36300	93378	92812	411585
36300	95055	94388	355582
36300	96453	95665	423001
36300	94006	93379	898678
36300	47319	47120	387561
36300	95031	94402	276710
36300	96803	96111	894757
36300	94123	93522	242016
36300	94063	93416	280069
36300	93315	92743	876444
36300	94810	94171	911976
36300	92766	92200	846811
36300	95670	95062	900502
36300	96145	95455	803250
36300	95113	94447	823630
36300	92853	92274	807024
36300	93606	92990	268705
36300	95170	94498	410953
36300	95411	94725	820848
36300	94228	93638	317386
36300	95403	94636	932974
36300	94978	94345	333730
36300	93811	93183	346087
36300	94974	94357	874383
36300	90326	89760	345639
36300	94949	94313	838164
36300	94687	94010	367247
36300	94659	94006	278449
36300	95504	94846	942694
36300	92807	92237	394867
36300	94592	93943	790680
36300	94285	93651	846117
36300	96040	95326	264078
36300	95065	94431	416590
36300	94139	93480	365358
36300	89440	88949	331037
36300	94458	93832	910180
36300	95936	95235	957437
36300	94422	93774	310693
36300	94169	93585	290180
36300	94050	93430	844340
36300	88371	87904	246890
36300	93574	92996	795322
36300	94564	93926	298029
36300	94865	94181	419701
36400	94008	93388	884287
36400	47367	47169	910950
36400	95576	94890	968996
36400	94916	94282	306332
36400	94747	94072	945824
36400	95856	95231	915767
36400	96081	95411	347405
36400	95076	94438	872968
36400	95683	95007	345029
36400	94591	93983	399838
36400	94993	94374	941006
36400	95066	94400	418816
36400	94354	93752	861323
36400	93961	93320	271544
36400	94484	93916	286849
36400	95474	94780	417615
36400	95353	94697	385326
36400	95195	94521	388514
36400	95178	94537	792710
36400	94457	93850	884550
36400	94926	94262	402065
36400	94609	93956	294545
36400	95493	94841	833721
36400	96015	95301	822912
36400	46601	46439	868924
36400	95815	95138	803738
36400	96054	95309	950406
36400	95724	95048	918715
36400	95526	94856	404571
36400	94457	93790	314776
36400	95781	95085	303248
36400	94072	93516	940128
36400	93477	92836	845539
36400	94542	93930	269910
36400	94814	94176	883606
36400	95113	94465	822741
36400	94004	93437	304475
36400	94414	93782	850027
36400	95979	95299	870632
36400	94878	94243	888254
36400	94730	94095	937973
36400	95552	94925	849517
36400	96389	95686	299222
36400	95579	94911	928751
36400	95162	94553	333772
36400	95627	94958	344666
36400	94309	93686	361057
36400	95186	94591	961886
36400	94245	93683	259606
36400	94768	94107	965805
36500	95157	94561	245524
36500	94235	93620	968451
36500	94673	94015	816225
36500	95969	95288	286783
36500	95695	94997	950043
36500	95638	94980	964265
36500	92353	91804	965993
36500	95242	94603	365884
36500	90156	89634	313114
36500	95136	94489	421200
36500	94739	94150	918598
36500	97451	96693	859345
36500	96663	96011	902506
36500	96557	95884	387112
36500	89669	89161	967013
36500	95106	94442	333894
36500	94595	94007	320767
36500	93536	92956	970871
36500	95982	95314	317475
36500	95542	94901	423083
36500	94706	94077	936131
36500	94664	94063	321601
36500	94722	94143	942021
36500	95937	95301	320618
36500	89777	89271	306068
36500	96527	95807	904717
36500	94269	93696	252059
36500	95944	95281	271314
36500	95445	94768	968122
36500	95506	94914	252865
36500	47031	46852	893199
36500	94698	94127	837745
36500	94058	93432	245065
36500	96401	95733	250253
36500	94967	94368	341482
36500	96150	95501	930365
36500	94328	93666	338396
36500	96145	95491	418604
36500	95010	94368	359523
36500	94734	94082	402050
36500	94473	93911	376594
36500	95137	94555	973084
36500	94432	93789	844762
36500	96050	95437	956252
36500	95691	95052	948285
36500	94931	94295	912147
36500	94218	93619	424725
36500	94982	94276	420393
36500	96525	95839	909191
36500	94225	93620	411980
36600	95946	95302	872461
36600	95517	94897	313280
36600	96859	96169	818977
36600	96979	96280	352812
36600	94717	94089	962858
36600	95437	94806	889412
36600	96349	95663	326117
36600	95643	94984	839887
36600	95770	95118	963361
36600	47495	47276	332632
36600	95390	94810	929108
36600	47102	46958	954926
36600	95120	94462	269233
36600	93878	93283	391756
36600	94828	94189	935872
36600	48010	47786	301778
36600	95118	94499	340518
36600	47735	47533	305846
36600	96158	95510	403061
36600	97009	96312	372692
36600	94947	94276	847885
36600	93496	92873	252155
36600	96614	95951	296663
36600	93545	92994	372298
36600	95428	94757	413307
36600	95244	94644	420862
36600	94945	94341	861752
36600	93761	93177	393624
36600	96795	96163	418335
36600	96998	96274	864341
36600	94896	94262	285567
36600	94917	94325	847612
36600	97478	96781	421226
36600	47010	46826	932260
36600	95762	95104	810093
36600	95237	94601	341347
36600	95088	94436	959166
36600	96929	96247	805311
36600	94738	94086	930003
36600	95046	94414	268862
36600	96912	96197	830649
36600	95485	94875	414738
36600	96036	95395	257131
36600	95064	94459	264444
36600	94622	94008	320567
36600	96505	95855	247817
36600	95834	95215	859759
36600	96480	95837	351497
36600	47386	47172	893887
36600	95109	94446	402723
36700	96647	95953	802897
36700	96007	95323	287304
36700	47540	47359	370470
36700	96456	95801	292496
36700	95654	95036	398348
36700	93886	93353	294865
36700	46998	46823	912748
36700	96410	95721	299683
36700	95386	94761	810684
36700	94192	93630	397698
36700	95732	95175	297905
36700	96181	95521	812370
36700	96392	95802	840737
36700	95330	94659	310347
36700	96509	95835	313200
36700	95818	95165	396273
36700	95945	95300	401594
36700	47082	46905	924508
36700	96792	96137	347260
36700	94941	94335	953774
36700	95063	94424	397985
36700	95002	94394	266428
36700	96101	95478	296234
36700	97917	97197	332042
36700	47667	47491	266351
36700	96540	95866	368734
36700	95324	94713	282104
36700	96075	95422	416926
36700	94341	93800	418059
36700	95661	95025	279247
36700	47610	47421	840126
36700	96234	95551	958893
36700	95450	94810	976542
36700	95106	94469	975255
36700	95863	95256	295358
36700	96130	95506	418959
36700	96155	95520	406682
36700	94313	93760	905448
36700	95328	94640	368435
36700	96084	95435	920206
36700	97426	96702	845112
36700	95768	95104	375115
36700	96151	95541	912956
36700	96529	95878	874069
36700	95180	94552	273402
36700	95502	94887	906437
36700	95826	95177	338498
36700	95400	94734	310528
36700	94269	93676	853644
36700	93352	92770	371382
36800	47931	47711	961573
36800	95190	94608	971821
36800	96724	96055	894594
36800	96259	95619	805103
36800	96714	96040	324530
36800	95076	94466	977313
36800	95911	95290	338005
36800	94746	94095	297659
36800	95454	94835	831065
36800	95454	94808	957801
36800	96646	95989	376966
36800	96008	95311	332967
36800	95873	95221	868211
36800	96139	95488	893497
36800	94697	94082	401187
36800	98207	97509	893382
36800	96033	95386	869845
36800	95694	95038	940122
36800	97565	96826	419402
36800	97465	96798	397106
36800	95267	94665	941737
36800	94796	94186	362870
36800	95218	94621	309267
36800	97014	96342	273614
36800	97178	96484	266464
36800	95555	94912	342393
36800	95993	95374	830567
36800	96235	95568	426262
36800	90514	90055	372611
36800	96519	95850	925344
36800	47579	47391	271697
36800	94249	93650	319650
36800	96625	95969	837029
36800	47392	47216	322534
36800	95537	94897	964171
36800	96628	95931	874437
36800	95911	95266	900964
36800	47731	47546	306596
36800	97222	96513	808486
36800	95934	95318	411937
36800	95532	94995	858707
36800	47401	47216	818621
36800	97112	96394	407261
36800	96326	95653	841593
36800	96398	95760	420913
36800	41974	41930	420102
36800	95860	95239	417836
36800	47461	47293	399018
36800	94616	94014	801592
36800	96049	95451	894284
36900	94794	94175	897832
36900	95693	95144	318204
36900	94676	94101	285444
36900	95597	95022	805404
36900	94462	93908	807332
36900	93378	92737	927165
36900	96566	95874	426158
36900	96015	95359	247811
36900	97016	96384	812251
36900	95428	94817	894384
36900	96059	95411	312944
36900	95351	94743	315129
36900	95153	94517	838304
36900	94822	94243	823883
36900	95886	95296	361450
36900	95230	94653	881867
36900	96794	96109	346467
36900	48070	47868	960323
36900	94753	94152	400810
36900	91542	90986	308883
36900	94692	94168	279329
36900	96124	95521	919969
36900	94940	94253	982166
36900	94022	93425	809881
36900	95761	95095	815453
36900	97687	96966	865915
36900	96803	96208	869667
36900	95135	94539	401919
36900	96722	96099	935017
36900	94506	93878	323972
36900	96242	95581	355040
36900	97286	96607	380986
36900	93135	92585	275509
36900	93785	93248	967675
36900	96187	95549	800624
36900	96919	96226	951125
36900	95083	94502	359811
36900	95864	95277	809030
36900	96329	95667	295735
36900	95887	95298	950482
36900	95224	94624	821293
36900	95485	94872	262168
36900	94497	93892	420637
36900	95613	95066	808256
36900	96946	96330	838406
36900	96872	96198	294376
36900	95777	95159	972623
36900	96339	95683	397166
36900	96429	95743	273994
36900	91625	91002	251190
37000	95245	94650	837357
37000	95553	94944	297432
37000	91441	90912	392491
37000	90599	90137	405052
37000	91375	90852	809134
37000	95867	95230	377181
37000	96715	96073	854445
37000	91353	90850	975694
37000	91176	90629	823937
37000	93914	93418	355453
37000	95657	95073	351813
37000	96524	95854	333166
37000	95876	95215	304686
37000	96486	95837	983111
37000	95505	94905	981599
37000	97613	96946	320732
37000	97068	96377	352907
37000	96991	96287	382000
37000	91466	90974	888385
37000	94758	94129	810140
37000	95969	95317	908449
37000	95575	94974	343763
37000	94919	94322	257357
37000	95404	94760	319988
37000	89577	89086	849771
37000	90605	90084	283837
37000	91175	90643	371242
37000	96149	95533	884816
37000	96363	95716	830186
37000	91513	90977	884650
37000	95967	95363	313433
37000	90230	89739	803959
37000	91020	90526	277692
37000	96577	95861	859165
37000	97361	96702	961034
37000	96341	95629	421819
37000	97420	96711	899205
37000	97116	96426	904131
37000	95411	94827	366225
37000	90777	90286	259813
37000	95356	94769	874399
37000	96217	95570	250932
37000	96806	96188	875134
37000	91489	90969	430312
37000	95643	95089	325352
37000	96413	95712	333162
37000	96165	95459	274630
37000	95995	95372	406817
37000	93053	92462	933321
37000	96091	95509	363848
37100	96317	95651	249753
37100	96847	96212	879998
37100	96785	96116	819849
37100	96500	95849	361399
37100	94750	94204	820665
37100	96450	95853	919937
37100	97817	97149	310073
37100	96574	95934	855896
37100	97183	96571	277428
37100	97117	96453	308509
37100	97109	96493	982091
37100	96550	95947	251456
37100	96276	95652	962022
37100	95444	94779	284421
37100	95638	95022	930286
37100	97230	96511	395567
37100	91357	90826	294059
37100	96669	95998	345105
37100	94535	93944	315991
37100	96336	95714	936389
37100	95469	94883	420253
37100	95970	95384	872645
37100	96185	95553	882800
37100	97109	96466	942741
37100	97663	96966	853853
37100	97006	96402	314317
37100	96041	95402	881450
37100	91822	91308	856499
37100	95751	95143	267754
37100	97258	96657	272055
37100	97608	96958	266262
37100	97617	96869	906699
37100	97777	97073	970375
37100	96489	95848	278360
37100	97158	96520	360881
37100	95698	95131	417741
37100	97023	96346	294697
37100	47965	47780	349127
37100	95383	94796	927102
37100	97140	96532	256230
37100	97046	96410	807898
37100	95975	95335	413091
37100	95877	95268	855841
37100	95820	95251	944259
37100	96251	95646	853042
37100	97663	97021	935230
37100	97272	96634	280845
37100	95781	95191	951688
37100	91084	90586	935748
37100	47664	47498	896796
37200	96641	96056	855675
37200	97461	96758	975871
37200	97150	96551	384421
37200	96187	95534	369572
37200	96427	95853	283938
37200	97203	96543	934850
37200	97852	97189	829120
37200	97080	96430	965061
37200	95311	94784	292961
37200	96353	95687	273689
37200	98335	97635	966525
37200	94959	94350	374630
37200	48304	48102	846019
37200	97690	97029	417501
37200	95745	95150	893343
37200	97632	96990	307797
37200	95751	95107	263248
37200	97090	96476	893064
37200	96501	95840	934707
37200	95481	94869	401539
37200	96978	96325	880455
37200	96090	95463	376611
37200	96546	95897	835435
37200	96141	95570	256934
37200	96931	96260	394746
37200	97481	96781	855765
37200	96421	95789	873140
37200	97049	96363	264429
37200	97159	96510	907084
37200	96843	96197	413184
37200	97826	97142	382138
37200	94784	94217	885700
37200	98103	97424	324890
37200	94521	93952	374822
37200	96214	95608	417428
37200	96657	96004	253177
37200	97495	96755	825910
37200	95808	95170	966685
37200	96812	96137	327876
37200	97071	96423	856241
37200	96937	96283	345872
37200	96487	95888	869561
37200	98095	97417	814808
37200	94817	94215	361753
37200	97597	96890	410235
37200	95655	95054	291035
37200	96778	96120	814190
37200	97638	96932	410546
37200	96365	95786	321134
37200	97698	97073	288407
37300	97643	96955	414754
37300	91632	91086	313702
37300	96573	95944	370290
37300	48058	47894	408836
37300	96639	96015	815115
37300	96389	95820	955014
37300	96095	95540	419025
37300	97560	96856	886647
37300	97685	97010	277661
37300	48378	48173	405380
37300	96033	95467	962534
37300	97198	96597	809693
37300	48225	48041	264204
37300	97977	97286	913228
37300	95660	94988	970540
37300	48223	48046	424503
37300	96184	95587	974306
37300	96401	95731	401901
37300	96565	95945	840303
37300	97222	96569	316036
37300	97868	97229	970807
37300	95869	95247	383050
37300	97613	96980	381198
37300	98037	97383	842700
37300	95489	94939	873868
37300	97692	97004	419559
37300	96599	96010	947101
37300	97258	96598	391754
37300	96571	95929	264625
37300	91781	91249	298789
37300	97726	97070	934055
37300	97587	96946	935029
37300	97828	97192	960611
37300	96615	95949	418517
37300	95390	94719	848248
37300	97814	97189	934524
37300	97008	96367	398771
37300	97784	97140	877671
37300	96120	95467	957762
37300	97846	97184	419383
37300	95988	95398	316966
37300	97552	96876	966022
37300	97900	97271	397460
37300	95955	95372	825076
37300	97375	96714	824023
37300	98626	97902	347679
37300	98458	97716	912791
37300	97041	96474	296709
37300	96530	95898	273224
37300	96872	96304	922634
37400	98137	97508	376651
37400	48442	48270	919818
37400	98037	97419	314246
37400	97568	96913	887145
37400	96705	96070	945651
37400	96945	96331	948704
37400	96246	95593	313365
37400	97405	96819	272338
37400	98189	97523	341213
37400	97371	96764	327462
37400	93084	92574	304744
37400	97660	97022	381874
37400	96176	95589	420926
37400	96739	96120	879815
37400	97345	96697	967981
37400	97314	96642	330832
37400	96907	96309	313370
37400	96118	95536	900980
37400	94524	93981	909645
37400	96307	95714	348093
37400	97488	96843	983824
37400	98105	97420	304561
37400	98318	97640	277771
37400	97138	96487	975370
37400	100297	99541	903463
37400	97031	96401	851424
37400	97823	97195	920494
37400	93052	92549	316921
37400	90984	90532	988833
37400	97254	96674	321411
37400	98769	98097	371066
37400	97935	97294	386538
37400	96776	96142	389410
37400	97643	96948	900125
37400	93179	92616	395656
37400	98258	97537	843450
37400	97659	97014	303871
37400	97411	96750	399708
37400	96623	96011	426996
37400	98349	97623	402030
37400	97430	96778	882198
37400	96478	95849	435552
37400	98241	97543	837718
37400	98515	97838	353752
37400	96037	95429	399324
37400	97375	96753	816818
37400	98240	97625	859718
37400	98520	97880	968753
37400	98956	98256	378814
37400	98088	97367	289418
37500	98547	97896	829427
37500	98083	97427	867264
37500	48555	48345	856666
37500	92894	92387	854276
37500	93478	92938	977710
37500	98310	97650	261946
37500	93193	92697	949169
37500	92318	91845	370224
37500	96555	95991	390799
37500	91517	90985	387716
37500	93127	92572	980182
37500	97006	96419	330976
37500	97675	97008	414242
37500	97443	96799	402518
37500	48576	48370	316369
37500	98440	97763	999913
37500	91279	90799	425137
37500	91872	91361	352465
37500	92129	91625	941862
37500	97740	97128	356741
37500	97598	96937	281560
37500	91218	90732	868691
37500	99320	98685	383212
37500	98654	97999	940787
37500	97200	96573	274334
37500	92557	92077	383741
37500	98154	97529	261934
37500	97289	96591	971508
37500	93066	92504	387292
37500	97354	96726	946172
37500	98802	98141	912483
37500	98806	98157	372948
37500	92129	91614	924541
37500	97552	96926	403972
37500	98300	97585	960011
37500	97684	97063	415217
37500	93941	93373	954985
37500	92901	92336	836418
37500	98555	97874	278113
37500	42928	42865	394653
37500	92717	92121	888466
37500	97989	97294	927157
37500	92147	91664	404414
37500	96527	95907	970524
37500	97600	96949	966326
37500	92571	92099	895591
37500	97955	97301	319086
37500	98160	97516	345086
37500	48552	48356	284507
37500	92599	92094	435141
37600	98036	97397	819831
37600	98400	97728	392621
37600	97941	97265	922239
37600	98032	97401	293228
37600	98675	98090	270155
37600	97326	96752	880762
37600	99195	98486	922869
37600	98915	98238	329639
37600	98048	97431	974850
37600	98149	97535	982056
37600	97584	96959	974416
37600	98450	97765	969718
37600	98619	97992	432005
37600	97795	97084	290125
37600	97063	96446	390897
37600	97294	96645	819316
37600	98632	98008	417792
37600	92462	91967	432785
37600	97960	97282	822101
37600	95930	95389	309048
37600	98235	97646	290174
37600	97664	97070	977487
37600	97988	97386	434888
37600	97194	96566	971790
37600	98978	98289	350120
37600	98343	97692	979925
37600	91969	91498	993796
37600	97038	96384	355341
37600	98945	98339	856512
37600	97530	96866	828868
37600	98494	97833	310342
37600	98475	97837	911872
37600	97920	97272	332996
37600	99377	98734	313360
37600	98131	97477	370324
37600	92230	91730	352335
37600	98359	97699	387655
37600	98180	97513	876268
37600	97736	97083	948871
37600	97605	96989	288005
37600	97767	97148	977000
37600	97912	97221	308164
37600	97884	97275	1002139
37600	97204	96596	905112
37600	97457	96785	874465
37600	97841	97173	342612
37600	98134	97489	926729
37600	98248	97609	888902
37600	98520	97825	998597
37600	97518	96895	829884
37700	99263	98553	315313
37700	96154	95617	336365
37700	98580	97933	310875
37700	98064	97424	844321
37700	99194	98467	903062
37700	99251	98616	931355
37700	97444	96756	394717
37700	98126	97547	357043
37700	48825	48640	363177
37700	100408	99752	859991
37700	99008	98348	371221
37700	97805	97144	303073
37700	98179	97530	437674
37700	99979	99240	850304
37700	97753	97127	926793
37700	99261	98567	430884
37700	97750	97125	391560
37700	98788	98155	305940
37700	98075	97457	401648
37700	99198	98563	996366
37700	99214	98552	270015
37700	98717	98078	944961
37700	98814	98143	1003933
37700	48662	48481	825388
37700	98320	97725	415022
37700	99013	98365	368337
37700	99255	98607	900054
37700	97234	96623	366393
37700	98767	98169	891456
37700	97709	97125	885948
37700	99377	98736	330912
37700	97816	97226	339523
37700	97264	96675	260590
37700	98136	97487	931941
37700	99524	98850	850792
37700	98177	97607	920209
37700	98327	97727	964130
37700	97158	96554	985682
37700	97054	96460	981569
37700	100616	99869	866037
37700	97741	97128	334841
37700	98611	97968	882931
37700	49455	49226	434752
37700	98793	98091	392850
37700	98540	97869	990039
37700	98441	97788	990086
37700	99024	98413	285071
37700	98931	98239	432872
37700	96924	96312	939559
37700	97722	97044	263158
37800	97806	97161	266994
37800	97997	97368	270529
37800	98819	98154	306814
37800	99321	98662	990410
37800	91706	91216	891014
37800	48135	47982	872432
37800	96530	95928	431308
37800	97546	96900	975782
37800	98407	97758	1007137
37800	98377	97753	364515
37800	98158	97536	255861
37800	100466	99763	368287
37800	98814	98154	344892
37800	98452	97816	967631
37800	99820	99116	258613
37800	99535	98805	946086
37800	98372	97707	396883
37800	97944	97321	427969
37800	100214	99494	928869
37800	96146	95576	888400
37800	99039	98375	392187
37800	92196	91700	819921
37800	96958	96356	358850
37800	98584	97921	288056
37800	97202	96526	365140
37800	97712	97081	979364
37800	98712	98046	305218
37800	96290	95725	412134
37800	99329	98685	935776
37800	99004	98357	870968
37800	96843	96310	914796
37800	98562	97910	904517
37800	98853	98138	412936
37800	97183	96578	269088
37800	94426	93868	254700
37800	98388	97775	351027
37800	97739	97115	906257
37800	94973	94349	377043
37800	94441	93934	299643
37800	93571	93057	826528
37800	98220	97594	854146
37800	96362	95753	910090
37800	98109	97469	437902
37800	99250	98617	387744
37800	49123	48901	999301
37800	97641	97068	406103
37800	96969	96388	941284
37800	99470	98752	401191
37800	97876	97235	414234
37800	98813	98206	958614
37900	95243	94713	410621
37900	99695	99056	981802
37900	97806	97237	948093
37900	99182	98514	989094
37900	98153	97502	358952
37900	99179	98542	325769
37900	99046	98370	910732
37900	98225	97624	353474
37900	97864	97228	1000985
37900	100376	99685	1007455
37900	93694	93156	331253
37900	98555	97869	861997
37900	99323	98601	327684
37900	98942	98294	353303
37900	99113	98491	399315
37900	97760	97170	918779
37900	97305	96662	844972
37900	98399	97740	949333
37900	97549	96870	321845
37900	99496	98803	942111
37900	98363	97671	281783
37900	99500	98842	982318
37900	99184	98500	937180
37900	98555	97905	301835
37900	98981	98336	426104
37900	98660	97980	993319
37900	99031	98354	939729
37900	98313	97731	350125
37900	98406	97753	936887
37900	98528	97880	440729
37900	97839	97239	429142
37900	98863	98207	267598
37900	98594	97962	838896
37900	97841	97200	880882
37900	98703	98063	361355
37900	100563	99853	310042
37900	99031	98393	347059
37900	99533	98834	321477
37900	97590	96986	835489
37900	97820	97166	342642
37900	98696	98070	830776
37900	98072	97455	422628
37900	99904	99179	909885
37900	98340	97712	923307
37900	99668	99006	861504
37900	98824	98182	327475
37900	98247	97607	917991
37900	98133	97482	408412
37900	98674	98040	924325
37900	98055	97431	901631
38000	97785	97186	439540
38000	92783	92290	337431
38000	42850	42832	929280
38000	98532	97887	431946
38000	97551	96956	968424
38000	99166	98459	851098
38000	98321	97703	922025
38000	93624	93090	266190
38000	97633	97003	372916
38000	97359	96783	842245
38000	99871	99171	367011
38000	98174	97570	870249
38000	98141	97577	287345
38000	98749	98169	953799
38000	98111	97556	905776
38000	99823	99220	412669
38000	99236	98579	329528
38000	98734	98175	348619
38000	97884	97250	827030
38000	93492	92999	960154
38000	98931	98326	1005551
38000	98073	97408	408925
38000	99439	98802	383210
38000	98340	97720	440064
38000	48707	48542	338936
38000	98738	98131	1001992
38000	98907	98280	401207
38000	96856	96307	302039
38000	98877	98269	294648
38000	96992	96444	281606
38000	97959	97398	434540
38000	42817	42801	277579
38000	98092	97501	958422
38000	96806	96295	325413
38000	99913	99227	1004849
38000	93593	93097	309060
38000	97911	97312	296415
38000	93767	93285	824977
38000	92470	91996	408300
38000	98026	97418	375612
38000	98228	97582	439514
38000	96548	95998	376460
38000	98711	98061	1007499
38000	97047	96499	284690
38000	98908	98256	419468
38000	99762	99096	439488
38000	92681	92235	394888
38000	99260	98623	316019
38000	99707	99055	390754
38000	98511	97922	826068
38100	99373	98736	419415
38100	97747	97184	900858
38100	98728	98113	301166
38100	99365	98704	863939
38100	99284	98658	847464
38100	92451	91953	401139
38100	99923	99254	925656
38100	99248	98562	356907
38100	100585	99898	947274
38100	98282	97691	979365
38100	94360	93825	420235
38100	98697	98112	949263
38100	99372	98725	288476
38100	100190	99510	410522
38100	101398	100658	319514
38100	99711	99076	338947
38100	97628	97067	911640
38100	100923	100209	321153
38100	98796	98105	849679
38100	98575	97956	962538
38100	99891	99234	871368
38100	98774	98167	834129
38100	99643	98996	945889
38100	98846	98181	835594
38100	98870	98240	866340
38100	97012	96437	296078
38100	98560	97918	827031
38100	99053	98425	398109
38100	99850	99188	828574
38100	98657	98037	930478
38100	97718	97079	314320
38100	92738	92252	367271
38100	98694	98078	442911
38100	92954	92423	999515
38100	98971	98292	372531
38100	99587	98902	424027
38100	99220	98559	983488
38100	99889	99261	265249
38100	99791	99174	300908
38100	99731	99070	939860
38100	98987	98318	837076
38100	98732	98080	955155
38100	99449	98811	929732
38100	99413	98743	898314
38100	100188	99534	388755
38100	99782	99122	345359
38100	99518	98817	923218
38100	99529	98928	986278
38100	92573	92112	401376
38100	94183	93686	377169
38200	100663	99946	318997
38200	100152	99505	339777
38200	99600	98972	370129
38200	99533	98893	417776
38200	100628	99934	254814
38200	49592	49403	1018229
38200	99652	98997	978852
38200	100023	99363	920466
38200	99819	99131	831063
38200	49196	49012	329837
38200	98684	98064	845995
38200	98690	98117	323198
38200	98652	98030	997499
38200	99564	98913	267203
38200	99321	98635	433335
38200	98173	97554	975285
38200	99266	98640	1013629
38200	100596	99894	911546
38200	99400	98760	317991
38200	100216	99519	905611
38200	48790	48636	258306
38200	100720	100001	908297
38200	93043	92546	339559
38200	99753	99056	860261
38200	99845	99249	437135
38200	100153	99428	970662
38200	101038	100311	272228
38200	99382	98728	987148
38200	99417	98736	360254
38200	100351	99695	422183
38200	99544	98892	268156
38200	100021	99329	362610
38200	98726	98114	369718
38200	100333	99703	356754
38200	101882	101247	898427
38200	100308	99630	267102
38200	49851	49668	888189
38200	99590	98913	906110
38200	99780	99068	322531
38200	100352	99624	369089
38200	98122	97495	407056
38200	99986	99255	270626
38200	100942	100218	444454
38200	99190	98596	855804
38200	100135	99499	416990
38200	99873	99177	921893
38200	99457	98811	978612
38200	97422	96911	415460
38200	99539	98884	330827
38200	99852	99172	911581
38300	93082	92631	407171
38300	92203	91694	285601
38300	99967	99332	895026
38300	100112	99436	952961
38300	92272	91791	413984
38300	93651	93155	866053
38300	93478	92970	383812
38300	93549	93055	367627
38300	92856	92360	879105
38300	93203	92716	974347
38300	95577	95019	1000033
38300	100272	99593	935184
38300	93966	93516	378093
38300	100594	99902	427472
38300	100348	99662	917815
38300	99753	99094	430393
38300	49420	49243	857368
38300	98878	98296	288000
38300	99565	98870	1002282
38300	100243	99629	959858
38300	98545	97876	308509
38300	98713	98060	967097
38300	99450	98815	876818
38300	93129	92631	435567
38300	92732	92289	324296
38300	93368	92901	1011224
38300	99544	98883	940482
38300	93352	92821	289391
38300	99507	98933	271670
38300	93392	92890	870171
38300	93337	92877	308556
38300	93213	92682	324165
38300	99140	98543	283610
38300	93523	92976	375350
38300	93814	93234	968534
38300	97300	96629	277892
38300	94541	94038	446235
38300	94914	94377	379425
38300	95582	95002	957600
38300	93591	93119	376813
38300	99386	98715	956672
38300	101174	100542	342641
38300	99724	99078	978880
38300	99639	99008	434016
38300	99007	98354	440927
38300	99391	98744	927243
38300	94452	93948	918752
38300	95045	94512	326337
38300	100247	99558	1018459
38300	99546	98855	291499
38400	100955	100146	260779
38400	101035	100304	874217
38400	101351	100681	900643
38400	100065	99396	971594
38400	99887	99242	288883
38400	49946	49744	277418
38400	100512	99865	316456
38400	99405	98826	847024
38400	100883	100208	985541
38400	101561	100862	842233
38400	99860	99187	398616
38400	99505	98768	366651
38400	100920	100263	964534
38400	97908	97251	297750
38400	49468	49274	266430
38400	100626	99930	410719
38400	101052	100359	412254
38400	99854	99176	1006618
38400	98435	97819	869042
38400	99646	99006	877011
38400	101869	101144	833930
38400	99078	98414	446496
38400	99946	99365	942844
38400	99341	98655	340674
38400	99682	99082	324162
38400	99505	98855	979755
38400	49027	48882	426099
38400	50022	49799	334273
38400	100644	99945	832157
38400	99900	99263	266762
38400	98038	97452	266785
38400	100586	99902	287844
38400	99079	98482	947408
38400	100822	100132	318692
38400	100556	99867	409406
38400	99049	98449	906738
38400	99943	99291	388379
38400	100644	99986	864524
38400	98343	97663	870957
38400	50259	50018	291241
38400	100330	99647	971770
38400	99869	99223	995883
38400	99669	99077	344939
38400	98590	97952	302322
38400	101536	100847	883979
38400	100538	99885	430398
38400	101702	100992	998012
38400	101008	100371	405074
38400	49787	49597	1016515
38400	99759	99138	967212
38500	102729	102009	394362
38500	99069	98491	302915
38500	100121	99490	412815
38500	100124	99424	895152
38500	99303	98657	346675
38500	99847	99222	905175
38500	100034	99356	373151
38500	101917	101230	1010792
38500	99898	99323	436969
38500	100012	99340	866192
38500	100364	99774	910055
38500	100299	99604	418408
38500	102209	101458	844782
38500	99418	98888	884623
38500	100432	99801	371408
38500	98989	98365	946005
38500	99772	99142	308592
38500	49490	49334	315822
38500	99999	99330	963941
38500	99909	99261	964665
38500	100825	100126	960865
38500	97287	96757	408573
38500	101134	100452	317160
38500	99399	98786	346855
38500	101750	101016	906054
38500	49091	48917	277831
38500	101701	101044	446932
38500	100622	99935	921360
38500	100212	99552	927308
38500	101571	100851	954977
38500	100197	99538	845587
38500	100782	100150	429315
38500	100165	99544	325468
38500	100675	100012	850745
38500	100536	99875	303176
38500	99845	99174	933372
38500	100678	100050	330882
38500	100560	99930	288592
38500	102088	101392	871436
38500	100043	99414	272134
38500	98911	98310	366462
38500	101588	100914	1022025
38500	100154	99460	385853
38500	99571	99018	867085
38500	101137	100485	444723
38500	103244	102535	368966
38500	100143	99548	409517
38500	49475	49315	1006690
38500	100714	100038	396269
38500	50441	50217	873288
38600	101627	100981	985938
38600	98834	98242	338416
38600	101343	100596	282078
38600	99459	98795	414715
38600	101178	100531	879770
38600	102664	101888	925670
38600	100306	99682	973062
38600	100020	99413	379663
38600	101421	100723	324833
38600	101644	101002	330266
38600	48943	48789	360877
38600	97924	97388	948291
38600	95913	95360	379471
38600	99849	99280	377122
38600	48843	48704	294028
38600	99829	99185	324247
38600	99602	98965	836553
38600	101531	100854	866473
38600	101712	101020	313332
38600	99778	99190	957402
38600	101345	100672	311148
38600	102933	102218	907221
38600	49668	49488	959497
38600	101463	100764	437913
38600	101437	100784	923961
38600	48988	48833	988516
38600	100147	99545	987920
38600	100962	100313	347320
38600	101237	100554	371922
38600	49983	49790	941101
38600	49989	49798	359306
38600	99559	98986	842538
38600	100240	99579	888166
38600	100517	99824	404226
38600	100354	99706	309654
38600	100613	100068	262249
38600	101809	101060	348204
38600	100206	99572	275804
38600	94003	93496	403933
38600	101374	100678	445954
38600	99313	98671	303824
38600	100181	99555	298046
38600	98720	98175	965707
38600	100329	99672	340281
38600	50012	49810	855748
38600	50212	49991	444327
38600	98694	98105	879126
38600	100051	99348	997833
38600	49486	49315	362874
38600	98728	98142	260180
38700	100795	100136	392859
38700	100250	99589	404365
38700	100981	100313	858119
38700	99801	99109	970587
38700	100027	99367	411530
38700	102509	101795	258636
38700	102369	101621	868623
38700	101592	100862	320733
38700	99964	99337	329081
38700	101911	101231	900258
38700	50289	50082	434172
38700	100660	99982	424023
38700	101950	101324	993953
38700	101370	100672	448673
38700	99178	98581	890477
38700	49875	49681	434550
38700	100722	100148	315025
38700	100588	99947	906308
38700	100867	100247	260043
38700	101062	100404	332332
38700	101093	100413	914235
38700	101416	100762	1026905
38700	94746	94239	946091
38700	100820	100164	963018
38700	101024	100362	968517
38700	101642	100962	450360
38700	99426	98841	338651
38700	101264	100566	957230
38700	100886	100248	987869
38700	101065	100332	436595
38700	101967	101261	333232
38700	102262	101619	364468
38700	101919	101238	983531
38700	95411	94819	339715
38700	99580	99041	852546
38700	101583	100891	987579
38700	100578	99948	435782
38700	100665	99970	276034
38700	101902	101237	856855
38700	100148	99488	934381
38700	99354	98804	334720
38700	100663	100001	901465
38700	49675	49498	274566
38700	100111	99450	386545
38700	100533	99918	429311
38700	99844	99151	862849
38700	99671	99110	292052
38700	99638	99026	1021071
38700	101571	100885	911007
38700	100487	99909	922470
38800	95002	94458	883412
38800	101202	100579	920261
38800	101250	100615	364394
38800	100010	99406	332169
38800	101267	100599	1027669
38800	44506	44446	924476
38800	100968	100353	922178
38800	99587	98995	991028
38800	101606	100871	1001838
38800	102947	102277	414217
38800	100728	100108	340111
38800	95590	94977	336099
38800	95569	95069	410023
38800	95051	94555	844593
38800	101201	100539	433387
38800	95497	95000	362664
38800	95007	94495	401736
38800	101484	100814	297357
38800	101162	100504	392937
38800	101897	101187	938469
38800	102571	101872	264837
38800	99811	99244	413942
38800	101691	101018	944200
38800	101282	100640	858000
38800	100444	99785	1002261
38800	94910	94423	277263
38800	99170	98512	942986
38800	96191	95534	894475
38800	95601	95071	367165
38800	101859	101163	437065
38800	94477	93931	855794
38800	96273	95731	371494
38800	44380	44325	292608
38800	96882	96356	918555
38800	103815	103071	913946
38800	99757	99108	428787
38800	96128	95582	1024158
38800	101421	100713	860706
38800	102402	101688	968981
38800	50307	50095	876708
38800	100092	99462	391356
38800	100141	99510	413947
38800	100603	99932	856814
38800	100722	100150	334683
38800	49978	49775	1028303
38800	44531	44472	843431
38800	94937	94431	1004083
38800	101092	100402	1021696
38800	102023	101318	907391
38800	101390	100773	328221
38900	100399	99778	293663
38900	103201	102470	878449
38900	100988	100290	925863
38900	100849	100228	430159
38900	102419	101731	421466
38900	101287	100606	279150
38900	102078	101418	419152
38900	100407	99763	997664
38900	100660	99994	289928
38900	101433	100778	1031696
38900	102622	101936	864999
38900	101235	100614	962615
38900	102756	102040	443572
38900	99731	99184	852066
38900	50395	50207	900509
38900	101826	101148	901969
38900	100990	100288	423110
38900	102187	101485	924154
38900	101170	100549	305801
38900	101525	100848	1028663
38900	102880	102185	906246
38900	101235	100594	879213
38900	100158	99589	366675
38900	101519	100884	943398
38900	100601	99996	925967
38900	101555	100891	437023
38900	101574	100912	374450
38900	102058	101402	335234
38900	101363	100703	855537
38900	50501	50304	308083
38900	94520	94009	875662
38900	100668	100045	1027889
38900	102268	101527	448107
38900	101897	101249	353489
38900	101178	100533	873558
38900	102578	101850	1003209
38900	101257	100597	360120
38900	100554	99946	318875
38900	101090	100458	884821
38900	97670	97166	388083
38900	101478	100809	915928
38900	100652	100007	931866
38900	100429	99779	346161
38900	101764	101002	943337
38900	49966	49790	371080
38900	100928	100294	854099
38900	102078	101354	364884
38900	102551	101825	969924
38900	100054	99489	966540
38900	104312	103595	1021925
39000	102649	102008	853187
39000	102509	101852	290682
39000	100665	100053	407368
39000	101383	100718	962491
39000	102940	102238	970493
39000	101456	100843	887338
39000	102191	101513	299929
39000	102089	101433	908659
39000	101924	101201	266868
39000	103004	102234	369464
39000	100629	100032	334055
39000	102637	101948	438419
39000	101018	100399	925734
39000	102668	101949	404061
39000	102864	102176	365928
39000	102590	101933	933459
39000	101454	100796	346708
39000	101938	101261	328062
39000	102067	101384	369336
39000	102333	101684	319285
39000	101821	101141	323328
39000	95788	95232	406172
39000	101159	100475	1025648
39000	102789	102127	399591
39000	103061	102305	847697
39000	101408	100713	1009384
39000	102507	101850	905885
39000	101900	101156	1032859
39000	101763	101132	944381
39000	101470	100790	1030341
39000	103170	102524	851780
39000	100457	99829	916085
39000	102861	102195	442163
39000	99951	99334	885473
39000	100826	100180	846819
39000	101428	100727	279980
39000	100683	100039	275300
39000	100292	99625	285406
39000	103330	102580	281146
39000	49970	49802	970113
39000	101675	100996	314574
39000	103103	102357	967336
39000	101349	100679	404384
39000	101162	100452	320453
39000	100609	100015	940142
39000	100602	100010	974752
39000	102244	101577	444089
39000	101158	100486	1009522
39000	101788	101111	283986
39000	101915	101308	446662
39100	101898	101191	1009008
39100	101917	101224	420540
39100	102200	101562	441836
39100	103405	102671	848341
39100	103141	102408	381987
39100	100212	99593	354415
39100	103722	103049	883194
39100	100389	99750	262131
39100	101965	101216	318286
39100	102000	101313	291001
39100	102073	101386	455351
39100	100630	99978	338550
39100	102827	102166	362410
39100	102258	101581	1023250
39100	101140	100451	1008296
39100	100586	99953	293948
39100	97127	96526	352786
39100	101633	100929	1041202
39100	100908	100280	942531
39100	99874	99282	429309
39100	101152	100531	322276
39100	100482	99908	912412
39100	96370	95814	960363
39100	102998	102311	449168
39100	100401	99816	931226
39100	102458	101832	455423
39100	100296	99739	948044
39100	102215	101497	986805
39100	101596	100895	393767
39100	103551	102828	439390
39100	102063	101418	323252
39100	101129	100502	307132
39100	101697	101039	414926
39100	103005	102395	934100
39100	101616	100973	956016
39100	100871	100283	880839
39100	102514	101816	403676
39100	101284	100673	351590
39100	101327	100691	974637
39100	51071	50846	1016695
39100	100634	100044	954591
39100	102283	101581	958664
39100	50740	50534	348483
39100	101699	101074	857449
39100	102546	101907	324436
39100	103499	102824	930984
39100	102069	101353	268874
39100	102954	102266	304898
39100	103313	102631	971018
39100	103674	102964	1001473
39200	101785	101149	908258
39200	103033	102319	918291
39200	101025	100454	915539
39200	100747	100127	882834
39200	103353	102694	388339
39200	99842	99280	962032
39200	99691	99148	317654
39200	101938	101242	377204
39200	102987	102282	920971
39200	102321	101666	890293
39200	101227	100579	907484
39200	101472	100885	1039505
39200	101224	100575	1019596
39200	101223	100592	904490
39200	96677	96167	433105
39200	100933	100292	304173
39200	103019	102296	387595
39200	103209	102532	310972
39200	102585	101883	412167
39200	101921	101203	998961
39200	101158	100556	876497
39200	102638	101931	978586
39200	101852	101200	367876
39200	101385	100694	268852
39200	101603	100929	944874
39200	103322	102624	905531
39200	102325	101624	332532
39200	102678	101982	1041239
39200	103128	102412	333817
39200	101988	101323	411691
39200	103012	102336	306995
39200	99610	99021	962726
39200	103834	103158	380186
39200	102483	101831	946467
39200	101875	101196	417658
39200	103506	102821	980711
39200	99668	99120	1029491
39200	103028	102332	1009392
39200	101979	101321	350261
39200	102091	101459	994493
39200	102665	101972	1042190
39200	102751	102069	933052
39200	102384	101718	386309
39200	101455	100794	990258
39200	101498	100822	856000
39200	101419	100784	1033403
39200	102638	101920	1029560
39200	102347	101697	362115
39200	103949	103178	378426
39200	103231	102450	344049
39300	101813	101176	888930
39300	103467	102751	897722
39300	102749	102069	983674
39300	101721	101054	975303
39300	103092	102425	370514
39300	102129	101475	266026
39300	50319	50169	270461
39300	103490	102799	892058
39300	102756	102081	278386
39300	50871	50674	455989
39300	102278	101641	341931
39300	104578	103869	285117
39300	102284	101675	898162
39300	101193	100589	906468
39300	104360	103619	1037563
39300	50243	50064	913279
39300	101290	100677	1027259
39300	102626	101928	999490
39300	102366	101715	926363
39300	102513	101901	1033668
39300	101908	101255	957343
39300	102723	102053	920325
39300	102338	101652	901612
39300	96603	96130	331171
39300	101734	101122	283135
39300	102964	102299	967775
39300	51120	50920	310688
39300	101596	100950	420714
39300	103345	102584	892305
39300	102172	101511	855468
39300	102490	101826	1043670
39300	50609	50437	450702
39300	103609	102869	936499
39300	103210	102501	367554
39300	105115	104453	326362
39300	102081	101335	430065
39300	101698	101097	989458
39300	103837	103146	351297
39300	101848	101180	411534
39300	50688	50502	891865
39300	101250	100565	348933
39300	101216	100591	1021358
39300	101757	101119	434173
39300	101290	100617	944923
39300	103678	102975	409704
39300	103598	102882	324233
39300	100901	100289	285807
39300	102853	102164	854919
39300	102871	102174	377160
39300	102212	101602	997742
39400	102360	101714	1011355
39400	102349	101729	395620
39400	101882	101260	873313
39400	96627	96106	407597
39400	103001	102321	973335
39400	103271	102613	1029485
39400	103603	102998	891775
39400	102976	102288	402633
39400	95907	95417	335871
39400	105554	104775	970029
39400	102026	101376	358032
39400	102889	102195	927262
39400	103109	102393	933912
39400	102278	101623	317768
39400	102926	102295	274952
39400	102726	102099	398029
39400	102832	102222	375840
39400	101832	101166	1040634
39400	101788	101163	952363
39400	101417	100805	869302
39400	100528	99908	310401
39400	102286	101606	925523
39400	102790	102083	377003
39400	103031	102378	304877
39400	100587	100031	394500
39400	102247	101581	868358
39400	98544	97916	963517
39400	101648	100985	969978
39400	102265	101604	376903
39400	101678	100995	264975
39400	104426	103661	436046
39400	103588	102906	966817
39400	102787	102115	376697
39400	101518	100830	382755
39400	101836	101188	450935
39400	102005	101352	1007966
39400	101809	101229	916815
39400	102574	101881	939781
39400	96857	96308	967261
39400	101777	101201	878977
39400	103516	102891	1021447
39400	102376	101741	880965
39400	102154	101517	959648
39400	103289	102624	1041966
39400	102334	101654	981977
39400	102641	101964	404899
39400	103265	102539	910302
39400	103105	102437	964216
39400	103710	102984	978117
39400	102599	101934	861594
39500	102800	102101	407934
39500	103853	103166	408944
39500	103287	102647	886043
39500	103717	102980	357878
39500	51507	51289	948319
39500	104152	103415	282466
39500	103848	103140	418067
39500	103522	102850	1037050
39500	102801	102161	960762
39500	104761	104015	1012721
39500	103005	102293	328771
39500	102303	101662	347646
39500	104070	103405	337654
39500	102804	102081	925374
39500	103223	102498	914420
39500	51409	51202	315324
39500	51379	51144	434487
39500	101479	100853	424804
39500	103426	102796	958776
39500	103112	102495	1023777
39500	103937	103227	867801
39500	103358	102675	872477
39500	97414	96890	390322
39500	102360	101754	939502
39500	102361	101690	899531
39500	102040	101361	349473
39500	102803	102105	324318
39500	103126	102441	304115
39500	102403	101815	858123
39500	50958	50767	316197
39500	102706	102143	314044
39500	103008	102320	342844
39500	51094	50892	353131
39500	103355	102685	1036619
39500	50981	50814	991176
39500	103772	103084	1016291
39500	104346	103593	374103
39500	51369	51134	371272
39500	103408	102697	878071
39500	50898	50725	896856
39500	103257	102579	920559
39500	51265	51058	390414
39500	102225	101613	333198
39500	103642	102968	356900
39500	103841	103085	304494
39500	51145	50937	994327
39500	101908	101312	454899
39500	50932	50750	289364
39500	102900	102258	397397
39500	102165	101483	381064
39600	98129	97525	990784
39600	101276	100696	954184
39600	97360	96805	1050652
39600	104867	104140	913940
39600	97364	96808	929664
39600	45421	45346	351678
39600	102434	101739	971865
39600	103188	102512	440314
39600	101841	101196	338965
39600	97449	96965	901115
39600	96959	96433	287831
39600	104348	103649	1043706
39600	103167	102530	1008256
39600	97633	97087	956546
39600	104359	103653	910569
39600	97647	97084	930392
39600	102392	101754	973823
39600	102447	101854	860918
39600	104380	103670	397377
39600	99408	98843	276115
39600	97853	97340	967568
39600	103485	102814	298205
39600	102527	101888	284105
39600	103487	102869	1016695
39600	103800	103061	1053400
39600	102598	101973	988822
39600	97225	96646	928005
39600	103498	102820	989945
39600	104968	104242	862314
39600	104438	103721	349786
39600	104199	103523	455753
39600	50984	50800	329781
39600	99090	98509	1024871
39600	103434	102786	886849
39600	102417	101735	919081
39600	105339	104614	315816
39600	102127	101470	393211
39600	104774	103971	980325
39600	104719	104021	389107
39600	51462	51258	989752
39600	102614	101926	936797
39600	100969	100352	1008214
39600	97100	96559	1031720
39600	51202	51013	1046396
39600	99102	98572	368334
39600	99280	98698	418335
39600	103488	102770	448319
39600	103824	103110	912781
39600	96492	95987	348825
39600	103476	102773	995700
39700	102492	101893	447279
39700	98268	97726	407480
39700	102779	102091	289536
39700	96478	95987	1010580
39700	102661	101926	348927
39700	102500	101854	301800
39700	103602	102920	412361
39700	101541	100922	302243
39700	104041	103388	408856
39700	102899	102281	363588
39700	97302	96762	293930
39700	104717	104027	988104
39700	105053	104422	971348
39700	103293	102623	951711
39700	103298	102575	935601
39700	97078	96549	281814
39700	101712	101088	967532
39700	104364	103656	286792
39700	103447	102743	430499
39700	102772	102053	1001916
39700	102324	101660	1027314
39700	96529	96042	391102
39700	97622	97109	967707
39700	103287	102578	310780
39700	103682	103044	350980
39700	97587	97020	363786
39700	95786	95220	282538
39700	103912	103248	1044293
39700	98352	97799	1008243
39700	102817	102160	434644
39700	51099	50924	913024
39700	103660	102961	1049498
39700	103210	102558	969528
39700	97689	97216	938822
39700	101470	100859	457492
39700	102624	102002	266404
39700	103220	102595	886118
39700	103229	102607	949844
39700	103624	102996	280296
39700	104673	103961	1048367
39700	97916	97371	962897
39700	103770	103104	929109
39700	103153	102449	427123
39700	101882	101255	308889
39700	103336	102662	319953
39700	98700	98145	382700
39700	104171	103453	982176
39700	104697	103954	1007274
39700	104993	104298	267987
39700	97364	96777	967425
39800	105320	104617	999363
39800	103436	102771	286015
39800	104193	103507	871329
39800	102275	101690	375186
39800	105516	104784	1041252
39800	103609	102967	350601
39800	103109	102466	270461
39800	102947	102272	1032231
39800	104347	103674	309723
39800	103732	103006	1018105
39800	103293	102574	367977
39800	100143	99587	353342
39800	104728	104028	418141
39800	104357	103693	893355
39800	51093	50931	304001
39800	102825	102191	1053395
39800	103226	102574	928961
39800	104996	104269	1048383
39800	102083	101466	1011223
39800	104316	103656	326862
39800	100915	100333	322672
39800	103805	103138	979271
39800	103837	103165	956097
39800	102590	101966	972237
39800	106120	105392	992223
39800	104651	103983	420985
39800	103127	102466	1024550
39800	102965	102302	451998
39800	102811	102164	1008105
39800	102931	102264	1007393
39800	102930	102298	287630
39800	103898	103249	388441
39800	103530	102813	877383
39800	103192	102493	354465
39800	104755	104066	425590
39800	103817	103112	387753
39800	103479	102770	1054872
39800	104724	104067	433313
39800	50873	50710	433480
39800	104001	103338	304566
39800	105624	104897	455084
39800	104466	103844	324352
39800	102334	101686	348449
39800	104043	103318	402601
39800	104218	103424	453944
39800	105479	104788	885085
39800	104641	103927	991145
39800	102720	102083	1037478
39800	103142	102469	988554
39800	51001	50828	456131
39900	104213	103559	1036986
39900	97386	96914	958182
39900	103777	103133	1024641
39900	102770	102141	431951
39900	99379	98790	1016727
39900	102857	102225	924947
39900	102478	101877	935860
39900	104093	103436	1023503
39900	104107	103379	405405
39900	104021	103335	319710
39900	104510	103826	1051974
39900	103771	103084	331136
39900	51642	51442	419601
39900	97971	97407	975217
39900	52187	51918	286919
39900	104199	103596	1030822
39900	97458	96902	958264
39900	104914	104219	911778
39900	102829	102222	358799
39900	103708	103062	1059828
39900	104458	103809	458648
39900	103359	102706	272266
39900	51389	51208	887901
39900	103749	103109	970345
39900	102743	102106	1029725
39900	98230	97759	931165
39900	104129	103476	351690
39900	104179	103516	373874
39900	105486	104751	370826
39900	103706	102985	269893
39900	102801	102140	953567
39900	103482	102806	940802
39900	104646	103985	282693
39900	103288	102706	305060
39900	98737	98205	968417
39900	103116	102514	1037930
39900	104510	103847	995198
39900	104164	103512	423108
39900	104603	103856	978261
39900	51122	50957	428742
39900	105543	104800	307978
39900	103994	103335	962961
39900	102680	102054	444604
39900	103217	102604	437850
39900	104188	103545	892747
39900	105312	104583	432000
39900	103020	102383	452858
39900	103899	103192	423557
39900	106553	105779	277058
39900	103743	103088	1037079
40000	104677	104016	436334
40000	101141	100561	416037
40000	105546	104863	407267
40000	103571	102905	1059306
40000	50840	50687	945246
40000	51212	51038	959894
40000	103658	103016	321805
40000	96861	96379	996178
40000	104289	103641	968713
40000	103113	102484	901125
40000	51874	51651	993545
40000	99021	98485	969355
40000	104257	103564	367490
40000	103403	102802	906051
40000	102464	101894	1057603
40000	104868	104185	384130
40000	104354	103634	282906
40000	51750	51579	377555
40000	105896	105134	286686
40000	104293	103606	369837
40000	103233	102648	373401
40000	103740	103072	936716
40000	104158	103511	266747
40000	106012	105253	1042890
40000	104094	103451	981318
40000	103307	102689	1033128
40000	104570	103946	929075
40000	104883	104149	349822
40000	104083	103452	1049437
40000	103790	103151	1062514
40000	101597	101028	417886
40000	103583	102942	1017931
40000	104196	103488	1015152
40000	106797	105992	441875
40000	103698	103092	350296
40000	104344	103708	869057
40000	103396	102754	365184
40000	104373	103723	351928
40000	51473	51301	870950
40000	103713	103092	286299
40000	102221	101536	352726
40000	105063	104379	296210
40000	104751	104030	271803
40000	103429	102792	303641
40000	104703	104005	337251
40000	106420	105766	1054894
40000	104939	104221	1003634
40000	103777	103139	359393
40000	104376	103721	416733
40000	104007	103342	988088
40100	104302	103670	407534
40100	98011	97524	924156
40100	105817	105066	1035037
40100	104273	103623	273149
40100	103790	103151	276835
40100	107212	106433	1028220
40100	104759	104136	417490
40100	103391	102735	935517
40100	104883	104219	896656
40100	51678	51476	392645
40100	103145	102562	1012592
40100	98831	98208	280937
40100	105161	104416	1046103
40100	104697	103955	889288
40100	104383	103732	337906
40100	104596	103908	992236
40100	105534	104837	376874
40100	51429	51220	927651
40100	103901	103307	322010
40100	104792	104066	338007
40100	105098	104340	456943
40100	105222	104554	1051416
40100	103985	103345	969527
40100	104724	104053	298813
40100	99576	99032	909658
40100	104584	103928	938897
40100	104138	103529	903832
40100	102982	102324	277425
40100	104898	104216	394888
40100	103665	103047	869061
40100	104030	103316	465166
40100	99176	98592	1028852
40100	98027	97492	459368
40100	104562	103927	307867
40100	104542	103812	1011755
40100	104035	103423	362979
40100	103643	102981	374112
40100	105297	104559	973129
40100	102419	101792	358816
40100	51985	51768	928505
40100	104763	104061	1000781
40100	103614	102946	444959
40100	102847	102206	896820
40100	51882	51695	931730
40100	103100	102507	326785
40100	105126	104454	873416
40100	105601	104905	407093
40100	104434	103729	281097
40100	104704	104010	934698
40100	104428	103792	378619
40200	106049	105243	300414
40200	104792	104166	1039243
40200	105442	104707	1064935
40200	104756	104080	459024
40200	106106	105369	347831
40200	103004	102403	986560
40200	104776	104105	944663
40200	105571	104896	396784
40200	106744	105992	375060
40200	104801	104100	978726
40200	104696	104081	1052062
40200	105762	105096	936488
40200	104382	103697	294058
40200	51837	51644	343053
40200	106229	105509	937886
40200	104303	103636	316600
40200	105660	104902	1056945
40200	50898	50753	998315
40200	103736	103099	296739
40200	105587	104889	1033502
40200	103990	103402	280309
40200	51501	51326	941951
40200	105444	104809	450098
40200	104176	103494	438801
40200	106041	105309	398962
40200	104339	103649	980697
40200	105230	104558	348167
40200	105073	104430	1026323
40200	104064	103455	336387
40200	105163	104522	1036438
40200	104537	103853	887161
40200	104231	103629	1060114
40200	105367	104709	953717
40200	104337	103702	1028531
40200	105019	104269	914511
40200	105258	104552	410002
40200	104507	103896	899791
40200	105538	104808	992486
40200	105785	105116	986803
40200	104599	103878	401319
40200	104577	103943	973907
40200	105835	105154	281000
40200	104819	104076	1052422
40200	51767	51586	380096
40200	105108	104367	971797
40200	102310	101660	404776
40200	52240	52014	391509
40200	104512	103834	290058
40200	105599	104918	457277
40200	105388	104700	384508
40300	104609	103956	1027778
40300	106155	105478	965606
40300	105331	104586	974575
40300	104496	103823	898776
40300	104835	104145	417216
40300	104039	103389	285203
40300	104669	104002	444074
40300	108000	107206	884908
40300	105554	104951	972636
40300	105097	104421	437545
40300	103177	102540	299178
40300	107597	106900	990524
40300	104602	103935	1055738
40300	104434	103743	926409
40300	106055	105315	992810
40300	103685	102990	942518
40300	105241	104502	289302
40300	104617	104001	434030
40300	51776	51587	324153
40300	103526	102877	372579
40300	103885	103297	438469
40300	103569	102889	317518
40300	103265	102620	384434
40300	105194	104491	878311
40300	104572	103899	427363
40300	105171	104492	379094
40300	104316	103616	280336
40300	104043	103391	400782
40300	103611	102990	439301
40300	106640	105966	1046399
40300	105621	104973	462906
40300	104053	103394	967314
40300	103799	103169	277679
40300	104526	103823	980680
40300	105495	104823	425308
40300	104482	103843	392074
40300	104984	104326	319408
40300	105493	104851	355016
40300	104090	103420	420168
40300	107227	106578	891234
40300	103800	103198	1006284
40300	104878	104238	428512
40300	106446	105713	410820
40300	103142	102479	352357
40300	104806	104187	396681
40300	98881	98366	1056796
40300	106644	105928	938341
40300	105514	104893	1009185
40300	104793	104158	921760
40300	52470	52242	364649
40400	104643	104009	974152
40400	104663	104019	1029742
40400	104983	104363	918705
40400	99447	98891	1029731
40400	51879	51683	906288
40400	105983	105267	958790
40400	106130	105408	995999
40400	104597	103963	442245
40400	104803	104122	433391
40400	105518	104824	310732
40400	105436	104775	352434
40400	104621	103984	1015928
40400	99256	98768	985988
40400	104547	103908	333753
40400	105294	104664	390959
40400	103744	103112	454707
40400	51995	51813	1016641
40400	106586	105911	331202
40400	105368	104699	367016
40400	98879	98412	985638
40400	104535	103851	1075003
40400	52381	52143	906868
40400	105666	104998	419559
40400	103339	102711	316139
40400	52653	52417	341425
40400	104308	103710	398756
40400	105635	104891	907303
40400	104883	104174	1026111
40400	104488	103821	301780
40400	105525	104853	997918
40400	107030	106289	407050
40400	105347	104695	1012084
40400	105790	105123	900881
40400	106084	105357	387996
40400	103592	102986	448564
40400	105866	105174	388612
40400	103791	103177	366318
40400	105104	104424	360725
40400	104312	103699	370536
40400	104717	104040	980880
40400	106215	105545	989919
40400	98773	98296	1032528
40400	106564	105888	998237
40400	99260	98722	293435
40400	103897	103258	357542
40400	98902	98364	454755
40400	106393	105733	940125
40400	104781	104129	1034320
40400	105356	104696	274947
40400	106404	105638	936232
40500	105084	104447	361221
40500	107303	106602	436817
40500	52593	52386	1057835
40500	104688	104042	1070808
40500	105224	104596	463895
40500	105810	105118	379127
40500	105388	104729	1076697
40500	104556	103871	991256
40500	106545	105861	999844
40500	107250	106475	924823
40500	107696	106964	894652
40500	106260	105579	277626
40500	106927	106225	995320
40500	106585	105792	1015653
40500	52490	52262	299341
40500	105716	105046	464401
40500	106048	105326	306477
40500	107122	106409	470021
40500	105541	104798	1002958
40500	104044	103390	1042351
40500	106281	105534	401328
40500	105335	104678	985133
40500	105235	104615	1004582
40500	106045	105347	1001351
40500	105076	104389	1000899
40500	105844	105130	285654
40500	106148	105364	926269
40500	105757	105106	1043445
40500	105338	104627	396665
40500	105666	105069	340689
40500	106607	105952	334133
40500	106423	105744	278717
40500	103957	103321	1047493
40500	104816	104179	333373
40500	106737	106061	983696
40500	105770	105045	282217
40500	104330	103774	405585
40500	52766	52548	973777
40500	52493	52299	414314
40500	105258	104579	370738
40500	104580	103947	448384
40500	106700	106008	987050
40500	104727	104088	958930
40500	105099	104474	885394
40500	104677	103956	986877
40500	105621	104902	318338
40500	105844	105170	982801
40500	105585	104888	346463
40500	52122	51927	431373
40500	105964	105259	888854
40600	106481	105788	290069
40600	106599	105898	966868
40600	105148	104470	993417
40600	105675	104981	954074
40600	106045	105378	999721
40600	104752	104105	389547
40600	99351	98856	398690
40600	104848	104199	1076481
40600	52578	52391	442748
40600	106541	105873	306294
40600	99291	98731	1005486
40600	105326	104695	435546
40600	105971	105271	993878
40600	106844	106097	414121
40600	104009	103413	391003
40600	105890	105237	952050
40600	106199	105529	468408
40600	105420	104761	369239
40600	105998	105324	1057298
40600	106306	105598	968982
40600	105943	105276	357479
40600	106858	106197	907178
40600	104923	104316	1062589
40600	104666	104041	398762
40600	107460	106690	285942
40600	104854	104141	350736
40600	107176	106418	1050157
40600	104370	103740	1051494
40600	105186	104548	1007991
40600	105151	104472	949988
40600	104968	104241	306246
40600	107638	106879	1034774
40600	104477	103833	371007
40600	104330	103735	290485
40600	105843	105102	1049262
40600	97631	97186	1039245
40600	106075	105408	288731
40600	104577	103954	364269
40600	106651	105866	411241
40600	106268	105561	320226
40600	100252	99672	931166
40600	105923	105224	1031103
40600	105090	104366	1074037
40600	103986	103404	376238
40600	106159	105475	320868
40600	104291	103648	922663
40600	104157	103543	404006
40600	104687	103991	891409
40600	105553	104904	469424
40600	106786	106104	1034581
40700	106208	105539	1040647
40700	104976	104342	369943
40700	106257	105558	324970
40700	107109	106358	929739
40700	106009	105327	339662
40700	107207	106553	469356
40700	101220	100690	1075276
40700	105146	104495	473383
40700	106023	105318	998751
40700	104522	103867	407158
40700	108193	107417	926117
40700	106198	105515	1080509
40700	105907	105243	350741
40700	52913	52718	318677
40700	106711	106045	437994
40700	106683	105931	1029005
40700	105388	104714	1020652
40700	106091	105429	991915
40700	104243	103612	336991
40700	52429	52248	942231
40700	106987	106262	384570
40700	101466	100847	1055557
40700	52824	52622	945478
40700	106341	105620	989642
40700	105865	105180	958674
40700	106631	105965	939131
40700	106610	105903	389526
40700	107760	106996	391161
40700	106958	106220	1006307
40700	105316	104687	991711
40700	104698	104063	1011440
40700	105284	104679	337500
40700	106855	106151	943459
40700	106159	105471	353437
40700	107321	106629	1062924
40700	106743	106034	1036590
40700	107993	107269	942546
40700	105859	105247	458408
40700	106244	105614	941968
40700	107185	106485	941254
40700	105881	105255	293267
40700	107649	106919	965415
40700	104493	103883	470698
40700	105958	105250	404454
40700	106318	105572	1017388
40700	107379	106702	1062726
40700	105287	104615	441175
40700	105344	104723	362139
40700	105798	105094	323243
40700	105731	105084	962647
40800	105789	105204	466578
40800	106322	105624	924195
40800	106572	105939	1038136
40800	105221	104621	337944
40800	100726	100170	469360
40800	105263	104572	1024462
40800	107683	106939	1018710
40800	107075	106339	1014051
40800	100576	100006	317840
40800	107529	106810	978911
40800	107208	106476	366874
40800	106421	105791	279492
40800	108112	107372	331512
40800	105814	105136	991378
40800	104833	104159	395287
40800	106783	106131	930786
40800	107521	106867	343605
40800	108241	107528	430907
40800	106073	105386	350601
40800	106361	105741	994063
40800	105655	104978	935400
40800	106298	105620	469839
40800	107553	106860	330331
40800	105376	104672	464177
40800	106923	106282	982587
40800	106236	105536	918961
40800	107891	107115	957642
40800	101244	100698	337601
40800	105059	104418	1017812
40800	105164	104520	1007380
40800	105964	105286	305610
40800	107571	106882	1069865
40800	105674	105068	957709
40800	107371	106749	352716
40800	107669	106952	988187
40800	107645	106894	985936
40800	107520	106828	432552
40800	101741	101135	324774
40800	99183	98642	352784
40800	103612	103051	436055
40800	107527	106733	443147
40800	105745	105048	338772
40800	105419	104836	896449
40800	107998	107294	1076472
40800	106203	105597	1033909
40800	106072	105385	279778
40800	106285	105588	914134
40800	105465	104794	383769
40800	106085	105369	998173
40800	106162	105523	310218
40900	105514	104826	934784
40900	107500	106779	915860
40900	102545	101973	476693
40900	101042	100504	1055331
40900	100882	100369	402146
40900	106992	106363	347552
40900	107695	106984	927129
40900	100013	99445	297907
40900	107183	106487	1053905
40900	101279	100694	1090343
40900	101384	100811	927443
40900	99645	99170	307530
40900	105464	104793	1087350
40900	100377	99853	978921
40900	105418	104741	311600
40900	98924	98418	379970
40900	101057	100497	293171
40900	99459	98891	926570
40900	107042	106393	943310
40900	100848	100320	273594
40900	101242	100686	1026681
40900	100985	100467	1068988
40900	99477	98973	970031
40900	106784	106052	460365
40900	101571	101016	413309
40900	100374	99845	385240
40900	101167	100570	350731
40900	100980	100464	284612
40900	105383	104774	1042159
40900	104813	104191	442949
40900	107966	107241	974650
40900	102072	101473	327533
40900	104584	104045	990520
40900	101189	100626	889123
40900	105934	105271	342036
40900	105709	105041	337377
40900	106765	106076	944544
40900	106332	105603	1033054
40900	107150	106391	971161
40900	106427	105746	374506
40900	107003	106279	452768
40900	107341	106646	375306
40900	106035	105356	351541
40900	107691	106921	468226
40900	108004	107265	401915
40900	102479	101920	996551
40900	100817	100212	423635
40900	107334	106617	1076105
40900	102238	101596	442659
40900	100678	100103	289510
41000	107556	106896	1045073
41000	108106	107437	955975
41000	107543	106890	943377
41000	99643	99119	307906
41000	107966	107194	888538
41000	106346	105651	456796
41000	107362	106626	303101
41000	107339	106580	386606
41000	105802	105146	1085060
41000	105616	104890	315661
41000	108013	107332	440761
41000	107478	106691	332226
41000	106500	105800	392839
41000	107571	106831	415486
41000	106483	105818	448239
41000	106932	106268	279094
41000	106647	105994	963520
41000	107168	106516	305814
41000	106963	106283	464020
41000	106583	105945	921071
41000	105644	105020	348774
41000	101277	100745	1082661
41000	107128	106434	1079591
41000	106681	105991	907081
41000	107535	106841	888744
41000	105759	105106	942807
41000	108560	107720	972716
41000	107477	106801	961148
41000	107050	106342	437669
41000	52936	52766	403745
41000	107437	106729	314080
41000	106663	105991	947551
41000	108356	107627	1006693
41000	101728	101133	344104
41000	106920	106270	1047932
41000	107232	106536	402872
41000	107571	106830	1088109
41000	106309	105641	916034
41000	106475	105830	941322
41000	107099	106455	336950
41000	107267	106576	1034271
41000	105994	105329	463444
41000	107077	106454	443528
41000	105479	104772	919795
41000	106109	105464	349878
41000	106460	105778	277896
41000	106105	105427	993300
41000	107513	106777	907965
41000	106038	105397	433020
41000	100928	100328	376685
41100	107691	106947	470690
41100	108718	107948	389856
41100	106746	106081	1016348
41100	106984	106303	312669
41100	52907	52712	963217
41100	108050	107373	953805
41100	108239	107575	294412
41100	107800	107137	428330
41100	107040	106383	944557
41100	106436	105760	932851
41100	106112	105458	357221
41100	107799	107011	368118
41100	52491	52303	373962
41100	109252	108561	976911
41100	108193	107503	381977
41100	106911	106216	449164
41100	108261	107555	274267
41100	107267	106612	444461
41100	107072	106442	1052293
41100	106930	106252	474538
41100	107353	106716	1065886
41100	53391	53178	280224
41100	107331	106711	299454
41100	106982	106342	948608
41100	107284	106637	331956
41100	107558	106882	280978
41100	107648	106936	316380
41100	108411	107697	339133
41100	106772	106127	277636
41100	107660	106976	969272
41100	108951	108230	302072
41100	106428	105700	960671
41100	106530	105884	906033
41100	106455	105818	286110
41100	106679	105991	942987
41100	107509	106785	1050866
41100	53001	52799	926983
41100	107767	107107	967509
41100	52643	52483	926086
41100	106660	106000	411027
41100	105392	104722	468208
41100	106906	106234	1016295
41100	108617	107897	917030
41100	52961	52774	345532
41100	107053	106389	1045120
41100	107170	106510	317331
41100	105613	105011	1021018
41100	107561	106901	1025873
41100	106174	105559	443396
41100	108116	107467	330224
41200	107006	106300	1090448
41200	107561	106898	1066433
41200	106448	105763	380464
41200	101965	101317	292495
41200	106630	105993	917287
41200	106938	106304	1077504
41200	106177	105442	1074326
41200	108499	107738	384556
41200	106623	105900	904290
41200	106121	105537	974013
41200	108718	107999	976078
41200	107399	106684	1029354
41200	106945	106283	985958
41200	53636	53420	957230
41200	108247	107564	1038706
41200	108382	107692	964992
41200	107786	107075	1061934
41200	106134	105444	336977
41200	106006	105362	952236
41200	105861	105208	438538
41200	107156	106564	940724
41200	108167	107498	355871
41200	104917	104345	416688
41200	108428	107656	463245
41200	106663	106042	1076635
41200	106837	106115	936196
41200	106666	106006	1060548
41200	107915	107203	1015934
41200	109001	108268	355907
41200	106076	105456	277023
41200	107298	106618	430103
41200	107876	107156	969900
41200	108918	108180	1006911
41200	107781	107093	1055922
41200	107479	106790	435820
41200	105703	104994	299506
41200	107969	107228	906935
41200	108108	107404	278443
41200	109028	108321	465874
41200	53288	53074	1039564
41200	107245	106508	438772
41200	52812	52652	981699
41200	106451	105791	437562
41200	106695	106037	397480
41200	107666	106922	408235
41200	107623	106937	392221
41200	107356	106678	390339
41200	107820	107086	346908
41200	107555	106878	1084116
41200	105734	105116	416341
41300	107779	107005	974189
41300	107811	107063	373327
41300	108478	107780	1001387
41300	107612	107004	1074425
41300	106842	106170	905111
41300	53900	53656	282585
41300	53861	53659	996648
41300	106097	105454	994458
41300	106897	106228	307638
41300	107274	106620	966804
41300	107749	107083	1017422
41300	108854	108156	326425
41300	108408	107690	1051812
41300	106402	105813	940338
41300	108414	107675	467736
41300	108403	107709	349213
41300	105981	105370	1021259
41300	106035	105326	344554
41300	107845	107131	303196
41300	106966	106310	422744
41300	109934	109211	396167
41300	107473	106810	928996
41300	106434	105754	391861
41300	107805	107071	320127
41300	107427	106759	472248
41300	107228	106543	1043279
41300	107325	106657	366514
41300	107607	106978	334215
41300	108060	107405	422642
41300	108667	107927	1060784
41300	105859	105236	1046936
41300	107507	106777	362863
41300	108558	107845	924418
41300	108210	107478	996207
41300	108437	107750	458493
41300	106610	106006	402455
41300	106530	105847	452222
41300	53094	52894	1101048
41300	107153	106470	932307
41300	53246	53078	416647
41300	106992	106357	474240
41300	108074	107337	402381
41300	108299	107560	445516
41300	107321	106670	1029435
41300	107853	107231	393656
41300	105582	104958	1021719
41300	107560	106901	1045033
41300	53373	53180	994557
41300	108161	107499	459492
41300	107974	107246	395735
41400	108271	107610	1100875
41400	107673	106970	316682
41400	107039	106393	1103662
41400	107841	107187	968269
41400	107295	106670	1040967
41400	109187	108494	355604
41400	107569	106913	363850
41400	100730	100159	321581
41400	108112	107447	965675
41400	106366	105716	1005450
41400	52944	52781	965431
41400	108815	108093	320920
41400	109165	108427	314574
41400	106403	105807	1031941
41400	107664	107019	371791
41400	106499	105888	393142
41400	108891	108190	1016188
41400	105995	105379	352151
41400	107956	107267	948829
41400	108499	107784	466064
41400	108797	108035	408885
41400	107979	107209	1083754
41400	107486	106791	316124
41400	108206	107525	1014467
41400	108150	107475	372273
41400	107913	107270	428938
41400	108105	107379	389995
41400	107638	106982	987613
41400	106362	105693	913386
41400	53385	53197	1014102
41400	109030	108327	1103304
41400	108433	107808	1051903
41400	52657	52510	353623
41400	107452	106799	997293
41400	107542	106899	284642
41400	108239	107524	448523
41400	106857	106239	1020447
41400	108031	107321	362469
41400	106952	106299	1101259
41400	107727	107020	997354
41400	107399	106759	937720
41400	108722	108037	1032547
41400	108505	107824	277290
41400	108421	107765	1020444
41400	108733	108035	1084839
41400	107390	106764	901792
41400	105730	105180	450988
41400	104683	104116	954898
41400	102108	101543	315969
41400	108182	107537	464636
41500	110060	109316	477589
41500	108247	107574	988234
41500	107875	107224	460526
41500	109568	108846	1028211
41500	106740	106079	950540
41500	108195	107470	426805
41500	109052	108337	1016563
41500	109001	108270	455472
41500	107251	106609	967542
41500	108438	107745	1055703
41500	108465	107747	991443
41500	108140	107532	411403
41500	106356	105727	1022235
41500	107242	106555	996720
41500	107137	106447	983413
41500	106716	106085	1015436
41500	105385	104834	357730
41500	107660	106995	952168
41500	103033	102573	340097
41500	108879	108205	341137
41500	107574	106833	976277
41500	53390	53194	367583
41500	105741	105154	1050764
41500	109109	108471	458563
41500	110027	109301	412601
41500	108189	107521	454395
41500	109681	108910	1077090
41500	108023	107433	1024840
41500	107951	107283	916780
41500	107615	106930	1094088
41500	107625	106976	319833
41500	107514	106893	904376
41500	109028	108318	954582
41500	109017	108321	314978
41500	106138	105533	935756
41500	109378	108627	304483
41500	108451	107754	338301
41500	107787	107178	291008
41500	53805	53610	1044265
41500	102132	101607	442978
41500	109199	108537	413310
41500	109093	108403	417572
41500	106380	105727	365564
41500	108013	107322	286403
41500	107835	107087	994790
41500	107173	106439	960162
41500	107563	106904	1100251
41500	107822	107153	1081228
41500	107398	106755	451512
41500	107643	106921	911743
41600	108731	108024	1034062
41600	107787	107155	333387
41600	107965	107296	928438
41600	108795	108127	973749
41600	108233	107485	356926
41600	108187	107474	1109230
41600	105922	105330	909491
41600	108702	107967	995699
41600	107616	106907	394873
41600	109708	108997	364069
41600	107603	106917	413118
41600	106761	106189	393085
41600	108181	107436	1023315
41600	108084	107421	345385
41600	108690	107984	318492
41600	108796	108112	959689
41600	109499	108756	316824
41600	108681	108006	1002423
41600	107190	106514	996773
41600	107874	107246	944052
41600	107546	106891	909648
41600	108368	107693	1075893
41600	109217	108516	1089388
41600	109982	109272	344106
41600	53562	53376	1070100
41600	108000	107311	1038942
41600	108283	107587	902886
41600	108833	108129	980436
41600	109066	108408	1074188
41600	106795	106180	375726
41600	109287	108552	349947
41600	107930	107258	1016556
41600	109280	108560	932577
41600	109013	108299	396359
41600	103372	102779	343878
41600	107603	106955	439955
41600	109187	108465	319672
41600	109130	108453	448530
41600	53706	53509	1044964
41600	109184	108473	438618
41600	107616	106974	382945
41600	109479	108724	1083584
41600	110566	109804	384640
41600	108336	107672	1041810
41600	54211	53980	465722
41600	107156	106527	959412
41600	108478	107782	330031
41600	109131	108406	314253
41600	108185	107474	426718
41600	109168	108463	1053896
41700	101341	100768	374907
41700	109891	109138	408354
41700	107984	107316	417954
41700	102818	102253	344767
41700	103153	102597	474523
41700	108085	107417	915199
41700	108801	108104	916660
41700	109414	108714	958531
41700	109336	108590	419635
41700	102494	101962	1071471
41700	102427	101912	393967
41700	107149	106545	1009413
41700	108311	107637	331958
41700	54347	54114	931883
41700	102872	102294	325545
41700	100962	100445	914916
41700	102819	102228	362821
41700	110026	109281	922875
41700	101303	100830	330172
41700	103546	102974	1017251
41700	109123	108432	482929
41700	106956	106336	1006833
41700	100760	100302	328290
41700	102121	101572	363635
41700	109265	108534	295185
41700	108687	107993	937150
41700	103011	102429	309212
41700	101780	101214	449183
41700	108594	107895	361323
41700	103284	102716	382575
41700	108836	108095	1065685
41700	109492	108815	334083
41700	102827	102304	946258
41700	104922	104284	457671
41700	103165	102585	950894
41700	53928	53739	1100631
41700	101183	100704	916508
41700	102556	101946	909812
41700	109573	108890	327683
41700	102118	101561	298766
41700	108936	108281	397422
41700	108455	107780	1062442
41700	103669	103059	385836
41700	109433	108780	364198
41700	108743	108028	931744
41700	103981	103413	992642
41700	102784	102235	476221
41700	109918	109207	1105953
41700	102316	101816	1051235
41700	109701	108979	297286
41800	109943	109176	318758
41800	109197	108516	414557
41800	108089	107404	912803
41800	108155	107495	338873
41800	109569	108892	366710
41800	110424	109748	1059037
41800	107294	106677	475017
41800	109648	108914	439781
41800	53990	53800	1096991
41800	109854	109137	1053036
41800	108618	107986	298460
41800	110239	109554	367488
41800	53976	53788	1105787
41800	108006	107399	381778
41800	108761	108078	369539
41800	107580	106926	917631
41800	109845	109172	1039724
41800	108214	107540	439241
41800	110765	109978	939997
41800	109722	108950	1040698
41800	110611	109938	297965
41800	109711	109003	422787
41800	107815	107143	359496
41800	54027	53832	448295
41800	108259	107617	459278
41800	108321	107630	381632
41800	110343	109600	374382
41800	108501	107788	289757
41800	109194	108480	476443
41800	110791	110062	360128
41800	108935	108245	1114391
41800	108826	108161	298222
41800	109178	108553	966153
41800	108413	107823	376322
41800	108882	108199	994547
41800	108258	107663	459095
41800	110150	109405	1090609
41800	111628	110896	351384
41800	108401	107732	340759
41800	53946	53758	1014631
41800	109892	109154	423560
41800	109772	109060	940856
41800	108500	107819	998462
41800	108881	108178	912580
41800	109102	108346	390838
41800	109638	108917	939299
41800	53999	53807	338117
41800	108781	108133	1071726
41800	109631	108930	1010220
41800	110651	109956	347458
41900	109445	108750	359388
41900	110474	109686	1016996
41900	108408	107764	406605
41900	109118	108496	1098790
41900	109740	109089	367229
41900	108705	108071	427851
41900	109547	108885	1012681
41900	108008	107318	962493
41900	108637	107998	405488
41900	110571	109878	397566
41900	110497	109761	438929
41900	110285	109554	1028014
41900	108659	108005	368375
41900	110440	109762	419735
41900	110248	109530	465558
41900	110820	110105	957880
41900	109036	108291	354562
41900	110216	109485	332687
41900	110441	109750	943521
41900	108915	108227	363312
41900	110468	109771	459388
41900	104981	104426	921784
41900	108027	107395	994989
41900	109379	108676	936439
41900	109296	108621	301413
41900	107800	107145	371128
41900	108889	108208	1023127
41900	109400	108760	1071094
41900	54519	54308	410461
41900	110456	109681	1047463
41900	109150	108450	1084847
41900	110263	109548	312533
41900	54592	54356	912599
41900	109773	109032	473809
41900	109251	108574	1035422
41900	109094	108431	333682
41900	110288	109537	418762
41900	108290	107609	291682
41900	109561	108877	283082
41900	108950	108319	1077438
41900	110111	109384	937549
41900	102894	102330	1053584
41900	108765	108057	962531
41900	108039	107404	955537
41900	110246	109486	347746
41900	109111	108426	1072089
41900	109116	108442	337504
41900	108531	107796	1002093
41900	107768	107093	461456
41900	109740	109010	1055188
42000	53557	53407	1098938
42000	108448	107839	1099165
42000	109614	108985	320687
42000	110484	109726	1097454
42000	108382	107735	1020135
42000	108350	107673	1017102
42000	108899	108158	994857
42000	109456	108681	1042034
42000	107446	106830	976384
42000	110952	110292	989650
42000	109330	108649	922486
42000	107923	107191	292419
42000	108779	108091	1004391
42000	109807	109154	383556
42000	108733	108087	438106
42000	101975	101464	314588
42000	109315	108656	984847
42000	109329	108602	488539
42000	109270	108548	944333
42000	109553	108882	447110
42000	110786	110108	1025030
42000	110441	109719	485199
42000	110774	110095	1067411
42000	108294	107637	1022630
42000	109079	108444	1013020
42000	109038	108371	1061477
42000	109153	108485	337609
42000	111041	110270	474615
42000	108692	107964	295414
42000	110438	109690	1089347
42000	109405	108653	1066225
42000	109764	109106	469727
42000	108723	108064	441444
42000	109697	109058	376394
42000	103267	102713	425969
42000	110677	109979	1074282
42000	109210	108527	481484
42000	109536	108823	944709
42000	108298	107616	1062224
42000	109536	108802	468184
42000	109201	108529	915907
42000	54299	54100	330799
42000	110516	109820	339924
42000	108865	108234	1095459
42000	54517	54306	1081248
42000	111600	110863	945466
42000	108307	107661	963733
42000	108155	107516	310185
42000	108618	107972	288159
42000	109792	109101	990556
42100	108773	108090	359507
42100	111485	110722	486874
42100	109463	108776	977188
42100	110626	109889	367851
42100	110265	109553	1021720
42100	108049	107378	318952
42100	54389	54203	341691
42100	109254	108578	938219
42100	108746	108125	444879
42100	110368	109653	973002
42100	109987	109282	373958
42100	109464	108741	369587
42100	111066	110333	391997
42100	109624	108961	316562
42100	105722	105185	384321
42100	111381	110627	339616
42100	109796	109087	442982
42100	109373	108701	915671
42100	109739	109067	920790
42100	110241	109579	320845
42100	110595	109867	459903
42100	108654	108012	1041031
42100	110268	109575	471961
42100	109881	109204	346910
42100	108342	107716	1078091
42100	110000	109287	395219
42100	111596	110839	929245
42100	110918	110211	992913
42100	108978	108319	1087473
42100	108843	108183	929702
42100	110753	110036	1105151
42100	109310	108635	476558
42100	110103	109462	917870
42100	109318	108665	1089396
42100	106886	106256	363180
42100	54654	54444	427147
42100	110038	109345	370252
42100	112491	111697	1002078
42100	109856	109153	349534
42100	103491	102927	980862
42100	110496	109798	469685
42100	110449	109755	981334
42100	109506	108861	447634
42100	109380	108674	476104
42100	110407	109696	397731
42100	109851	109163	956198
42100	111183	110469	324915
42100	54616	54397	1060275
42100	111013	110285	316410
42100	110050	109360	1032366
42200	105981	105316	355468
42200	109412	108762	983761
42200	109926	109246	396943
42200	109970	109283	1120404
42200	111121	110351	439405
42200	48350	48287	403460
42200	111054	110382	1045684
42200	110369	109620	1030867
42200	48420	48347	389676
42200	101785	101302	932030
42200	108332	107631	485331
42200	110316	109641	1097812
42200	109956	109245	1059186
42200	48337	48263	355929
42200	103550	103026	1023270
42200	48314	48250	975200
42200	109196	108548	1057743
42200	105332	104747	359145
42200	110001	109304	407331
42200	109521	108845	1034971
42200	108956	108272	1061854
42200	48403	48329	1018754
42200	108168	107562	478520
42200	103507	102983	373886
42200	110620	109910	472132
42200	110310	109589	354742
42200	104275	103684	466923
42200	109293	108612	455311
42200	103849	103278	933390
42200	109464	108799	1021301
42200	48608	48514	1082920
42200	104206	103670	1063314
42200	54179	53993	935511
42200	110716	109946	487996
42200	109809	109151	353793
42200	109935	109223	292299
42200	103808	103282	472850
42200	54795	54585	328638
42200	48291	48231	473262
42200	110156	109481	474277
42200	48171	48122	292192
42200	105834	105200	408363
42200	48266	48210	438603
42200	110711	110017	436879
42200	109670	108993	1083237
42200	101564	101059	998011
42200	48513	48428	463018
42200	109195	108531	305239
42200	110734	110008	473788
42200	109203	108524	392806
42300	111842	111145	416208
42300	111701	110982	435869
42300	109319	108658	483511
42300	110354	109632	934964
42300	110793	110139	472816
42300	112207	111482	1014907
42300	110640	109970	1072119
42300	110218	109532	1046593
42300	110191	109522	993946
42300	102304	101789	469542
42300	107978	107372	290281
42300	108012	107385	477419
42300	110134	109462	393755
42300	109709	109042	1088805
42300	110006	109247	420816
42300	109629	108973	364866
42300	111794	111059	993517
42300	110653	109968	937018
42300	110140	109434	1072415
42300	108962	108228	1116055
42300	111582	110844	987905
42300	54131	53971	969880
42300	111388	110646	973721
42300	109081	108463	286362
42300	108792	108156	435406
42300	112146	111356	462124
42300	112139	111377	425837
42300	109416	108763	1089356
42300	110145	109443	1019000
42300	109673	108953	1101708
42300	111049	110418	301165
42300	109537	108836	927050
42300	109832	109091	1077526
42300	109154	108526	462297
42300	105613	105047	1111458
42300	110811	110123	483427
42300	110981	110293	468655
42300	109178	108555	1084435
42300	109521	108839	959007
42300	110555	109843	402535
42300	111904	111196	437336
42300	111465	110786	1120627
42300	110343	109644	1027213
42300	111237	110521	1061399
42300	112494	111678	354170
42300	109176	108546	337335
42300	111057	110311	1093310
42300	109424	108718	963454
42300	110741	110021	916597
42300	112124	111422	442519
42400	110877	110097	423124
42400	107994	107410	482105
42400	111307	110596	1018556
42400	110542	109805	323604
42400	110238	109566	420202
42400	110021	109362	388980
42400	109842	109203	478039
42400	111885	111178	960503
42400	110091	109378	1098681
42400	110855	110154	351286
42400	111331	110628	946799
42400	110528	109821	1009074
42400	108750	108103	416565
42400	108338	107639	1004909
42400	110480	109789	936346
42400	109021	108393	288517
42400	111400	110599	308808
42400	110316	109671	416071
42400	110891	110197	360224
42400	112176	111425	289142
42400	111039	110306	1052430
42400	112379	111629	993414
42400	109793	109106	465555
42400	111389	110692	430536
42400	110536	109854	354911
42400	109673	108954	366343
42400	110185	109493	977308
42400	110623	109942	1019190
42400	108791	108139	461499
42400	111866	111124	343825
42400	112012	111232	429047
42400	110872	110168	455667
42400	109982	109299	340303
42400	104134	103547	1030754
42400	109602	108979	1087970
42400	110017	109324	454420
42400	110365	109707	367704
42400	111931	111151	925826
42400	108896	108223	419978
42400	110990	110291	928293
42400	111703	110996	1100666
42400	110908	110186	1001622
42400	109716	109036	971353
42400	110900	110241	475950
42400	110537	109790	337602
42400	109417	108774	310496
42400	111967	111285	991335
42400	109758	109097	1118307
42400	108976	108321	458865
42400	111216	110475	479446
42500	110520	109826	968083
42500	109165	108493	446852
42500	111706	111016	366246
42500	110490	109811	471500
42500	112073	111334	1020653
42500	105429	104821	369023
42500	110378	109649	1005260
42500	110838	110219	415002
42500	103286	102740	348982
42500	112185	111505	425429
42500	111201	110470	1108040
42500	108393	107799	415112
42500	110314	109652	1118244
42500	110706	109989	1037458
42500	110921	110204	947342
42500	101488	101063	415977
42500	110925	110241	350358
42500	111486	110759	961796
42500	111121	110362	1061327
42500	109744	109057	342020
42500	110365	109693	404309
42500	111598	110903	415916
42500	111098	110376	342274
42500	54678	54472	453801
42500	111134	110452	1100004
42500	108553	107868	404504
42500	112736	111989	331522
42500	110695	109975	1039760
42500	111037	110333	1119720
42500	110259	109630	997183
42500	111859	111087	385866
42500	109825	109162	318180
42500	110379	109696	1020435
42500	110900	110137	304877
42500	109353	108709	959176
42500	110798	110079	951461
42500	111818	111078	975615
42500	110576	109913	1026011
42500	111274	110626	480877
42500	110206	109516	1082365
42500	111648	110898	317308
42500	109218	108537	284234
42500	111829	111081	484582
42500	111728	110998	334409
42500	109752	109130	486028
42500	111614	110921	406275
42500	109692	108999	930650
42500	110581	109971	926480
42500	110809	110071	479646
42500	109972	109297	385419
42600	109810	109138	293070
42600	110739	109934	420686
42600	110450	109728	405279
42600	55030	54821	1011359
42600	110539	109811	294569
42600	111096	110419	961515
42600	109959	109343	960899
42600	110823	110222	312438
42600	111975	111249	394216
42600	110217	109562	413559
42600	109176	108576	340661
42600	111555	110861	364917
42600	110128	109432	309241
42600	112794	112084	487767
42600	110366	109675	421485
42600	110803	110090	926559
42600	111004	110327	337597
42600	112923	112239	1111087
42600	110058	109324	426896
42600	110069	109349	339328
42600	111364	110689	969476
42600	110960	110295	383030
42600	109361	108703	1087476
42600	111233	110564	932457
42600	110664	109984	954664
42600	111951	111215	980304
42600	109188	108524	286545
42600	110281	109565	956367
42600	109632	109012	284550
42600	110472	109805	289140
42600	109255	108640	436570
42600	109862	109186	414573
42600	104901	104343	483503
42600	109923	109283	352470
42600	110651	109970	1044745
42600	103827	103290	485877
42600	110581	109924	450205
42600	110165	109482	453003
42600	111811	111022	490392
42600	105433	104922	965221
42600	110708	110045	469239
42600	111258	110551	1003106
42600	112551	111780	1074056
42600	110866	110195	496452
42600	110833	110239	348288
42600	111935	111176	410248
42600	110624	109892	1055970
42600	110799	110117	1074718
42600	110321	109596	1039526
42600	111590	110914	1048153
42700	110656	109959	478512
42700	111759	111031	394812
42700	111121	110405	447153
42700	110105	109479	1094152
42700	111936	111206	355022
42700	112034	111335	996771
42700	111389	110637	308138
42700	109896	109253	408267
42700	110923	110273	1123681
42700	111895	111201	371357
42700	112422	111696	332423
42700	54642	54459	495700
42700	54771	54611	386506
42700	112185	111432	1129179
42700	111593	110811	1044761
42700	110877	110117	945347
42700	110462	109776	1063019
42700	111795	111057	300436
42700	112387	111606	451850
42700	110263	109544	1028068
42700	111925	111164	398620
42700	111801	111094	431645
42700	110362	109698	408885
42700	111578	110894	341352
42700	111039	110402	320594
42700	111350	110676	1052116
42700	108635	108004	988512
42700	112814	112103	935013
42700	111169	110483	304202
42700	113497	112795	329877
42700	111975	111248	310734
42700	112846	112138	999209
42700	111411	110763	469877
42700	111028	110302	949824
42700	111770	111015	308848
42700	55056	54838	330471
42700	110087	109453	980056
42700	111344	110631	462259
42700	110362	109731	1099134
42700	110926	110218	1115510
42700	110773	110107	450989
42700	110915	110252	477498
42700	111015	110328	466752
42700	54928	54762	328196
42700	55801	55556	370296
42700	109256	108629	1060983
42700	111942	111261	483817
42700	110981	110266	1079931
42700	110033	109310	1098662
42700	110965	110297	968535
42800	111245	110521	1019503
42800	111979	111250	312345
42800	103846	103336	1079928
42800	112481	111759	361860
42800	111779	111005	945741
42800	112269	111557	985905
42800	111134	110452	1041168
42800	110476	109806	933080
42800	111841	111076	1102120
42800	106836	106239	1106461
42800	112072	111354	994409
42800	112531	111836	382708
42800	111395	110734	466613
42800	109752	109077	1123953
42800	112137	111368	330528
42800	112381	111587	494895
42800	112051	111325	1015908
42800	111369	110690	1034669
42800	111875	111148	976750
42800	105206	104636	403180
42800	112690	111921	1060234
42800	109395	108805	358831
42800	111791	111115	312930
42800	111390	110709	374769
42800	111027	110356	390953
42800	110561	109888	967842
42800	112041	111313	1025552
42800	111906	111222	453821
42800	111941	111152	498464
42800	112421	111755	289927
42800	110389	109741	345385
42800	112661	111934	1095432
42800	112013	111313	939663
42800	112655	111988	1091698
42800	111416	110665	967480
42800	111279	110605	1078440
42800	112776	112051	398082
42800	113060	112299	1039728
42800	113225	112503	982973
42800	109588	108947	296893
42800	111489	110812	486441
42800	110873	110252	367083
42800	111738	111078	464340
42800	112910	112163	457115
42800	105535	104952	401363
42800	110527	109785	1031493
42800	112644	111873	298293
42800	105527	104904	301633
42800	111899	111230	1076293
42800	111253	110557	1020114
42900	111498	110846	457161
42900	111337	110603	499931
42900	112132	111468	945474
42900	111543	110886	1039373
42900	111718	111104	487017
42900	110980	110296	1125172
42900	111837	111120	288108
42900	111918	111259	1065186
42900	113110	112386	1054900
42900	110828	110147	430020
42900	112082	111389	1040605
42900	113492	112703	1073502
42900	111177	110514	372820
42900	112489	111756	1092260
42900	112151	111432	390699
42900	109141	108550	399951
42900	55338	55110	1103244
42900	111537	110874	326651
42900	55087	54897	290590
42900	113036	112275	1071771
42900	111840	111112	362287
42900	111285	110645	295569
42900	111531	110903	996526
42900	113024	112314	462759
42900	109249	108675	498752
42900	55750	55533	955806
42900	111505	110771	1046190
42900	111363	110704	373010
42900	111522	110843	953849
42900	112102	111412	319803
42900	111618	110959	1081431
42900	112584	111937	990475
42900	111467	110701	1079089
42900	111050	110381	932433
42900	111127	110476	455586
42900	111142	110424	460632
42900	112128	111483	484672
42900	111171	110522	408332
42900	112285	111586	470999
42900	112721	111976	450024
42900	110732	110034	1113066
42900	112764	112047	425562
42900	111156	110490	1046435
42900	111463	110792	490864
42900	55523	55294	459185
42900	110889	110220	410960
42900	55254	55065	1072536
42900	110582	109907	448799
42900	112461	111726	431837
42900	111972	111255	359119
43000	110649	110022	463972
43000	110928	110265	956945
43000	111707	111020	1038732
43000	112439	111717	968471
43000	112208	111493	1123996
43000	105119	104613	1142581
43000	110482	109844	1122308
43000	110387	109757	1093488
43000	113304	112617	497758
43000	113810	113065	971309
43000	112340	111641	335278
43000	111422	110743	1105393
43000	112390	111693	402044
43000	113047	112346	476719
43000	111758	111007	462070
43000	110679	109991	1046340
43000	113296	112531	1119380
43000	111093	110425	984507
43000	111393	110703	1080327
43000	110977	110327	388760
43000	105263	104726	369808
43000	111453	110783	304126
43000	55681	55465	288721
43000	111658	110962	380753
43000	104956	104388	1049197
43000	111836	111199	388525
43000	111159	110471	1006315
43000	112866	112135	324480
43000	104449	103988	1135096
43000	110880	110239	1059728
43000	111411	110691	381755
43000	111588	110911	1053897
43000	110873	110267	951306
43000	104266	103721	995256
43000	112004	111247	1055182
43000	112051	111346	1057577
43000	111772	111105	968463
43000	112162	111454	1043116
43000	113365	112638	335267
43000	105769	105205	460463
43000	111890	111157	349468
43000	105542	105005	955098
43000	112144	111464	350575
43000	105142	104621	1029553
43000	113024	112315	1099243
43000	112727	112053	1025212
43000	104474	103921	1046156
43000	111078	110365	1146439
43000	112229	111551	431999
43000	110648	110004	970962
43100	112352	111620	1101445
43100	114100	113417	465609
43100	55726	55516	1011299
43100	112978	112258	1036558
43100	112265	111556	418202
43100	55932	55727	1009643
43100	112314	111595	426954
43100	112736	112019	1009511
43100	113382	112622	1066546
43100	111673	110954	429320
43100	55521	55326	1015200
43100	110959	110276	1006223
43100	112127	111473	943944
43100	112787	112058	1002850
43100	110849	110201	1143877
43100	112615	111935	482729
43100	56129	55896	953618
43100	109125	108513	1114404
43100	55848	55649	1012169
43100	112968	112198	1044801
43100	111335	110663	945953
43100	113062	112343	1032560
43100	113142	112422	304671
43100	113589	112784	452728
43100	110828	110157	1008495
43100	113254	112520	393706
43100	112649	111947	466729
43100	112057	111372	986601
43100	113320	112577	328585
43100	112455	111768	328091
43100	55506	55301	1080364
43100	111697	111011	434652
43100	111783	111092	429284
43100	113022	112301	941741
43100	110726	110058	468792
43100	112302	111600	1018343
43100	113183	112457	428464
43100	112463	111749	408490
43100	112721	112051	492745
43100	113696	112953	1133268
43100	110520	109834	975788
43100	114266	113538	392129
43100	112415	111756	960596
43100	113493	112702	316339
43100	112168	111471	395965
43100	113384	112697	399670
43100	112230	111536	442734
43100	111794	111122	1082845
43100	113647	112844	1038447
43100	112516	111832	309496
43200	112261	111592	940872
43200	112593	111904	1136057
43200	111894	111236	947631
43200	112931	112220	424782
43200	113408	112724	302693
43200	112156	111399	966766
43200	112404	111730	995435
43200	113655	112949	386984
43200	112767	112054	468583
43200	111892	111204	1067632
43200	112504	111840	1040288
43200	113049	112340	319084
43200	112479	111789	312793
43200	112894	112199	483728
43200	110198	109590	452434
43200	113679	112964	1059195
43200	113786	113078	1095964
43200	111186	110490	1130312
43200	114684	113854	306419
43200	111341	110646	314424
43200	111471	110743	1092541
43200	111791	111141	1065431
43200	112038	111403	952286
43200	111499	110832	1076459
43200	114233	113471	1025123
43200	112579	111849	352095
43200	56149	55934	1037396
43200	111659	110986	377203
43200	113662	112909	1104758
43200	113940	113214	1145095
43200	113081	112325	1035030
43200	112969	112289	498960
43200	112551	111833	433325
43200	112684	112027	335405
43200	55842	55614	1148467
43200	111640	110941	962759
43200	113288	112557	962569
43200	113077	112364	480598
43200	55626	55432	1078458
43200	111985	111299	412320
43200	112973	112241	1136399
43200	112347	111579	1048850
43200	111184	110541	1007080
43200	113865	113141	396877
43200	113477	112749	1003363
43200	114021	113333	1029860
43200	111733	111066	360447
43200	114555	113818	1032810
43200	112345	111606	443633
43200	111379	110715	402028
43300	110867	110284	438620
43300	110119	109513	298282
43300	113331	112643	485628
43300	112488	111699	986244
43300	112209	111507	976506
43300	113134	112399	462567
43300	56084	55875	394802
43300	108168	107516	1105944
43300	113475	112708	993274
43300	112727	111968	1035524
43300	113421	112683	971335
43300	114487	113747	996582
43300	111631	110946	361356
43300	111588	110933	1053261
43300	112541	111862	377762
43300	112163	111481	985018
43300	113539	112814	978984
43300	115057	114297	498636
43300	113240	112562	1059523
43300	113406	112705	416037
43300	111702	111037	1076821
43300	110845	110219	479853
43300	113189	112429	378501
43300	113503	112856	983171
43300	113081	112397	290694
43300	111977	111253	945941
43300	113665	112924	1072964
43300	113845	113125	1056530
43300	113812	113076	459380
43300	56878	56597	433409
43300	112241	111490	424412
43300	114554	113784	1143558
43300	113057	112375	455717
43300	55999	55801	1099005
43300	114425	113682	481989
43300	111632	110967	407661
43300	112611	111874	1129988
43300	112801	112084	986641
43300	112317	111696	375235
43300	113011	112247	1074052
43300	112366	111654	946625
43300	111536	110861	1054931
43300	112110	111470	358846
43300	113332	112647	1008792
43300	113197	112461	1056552
43300	113894	113125	387939
43300	111507	110841	289285
43300	112401	111693	1074598
43300	113158	112400	314714
43300	112578	111841	1028366
43400	112648	111905	451049
43400	114505	113696	324507
43400	113142	112462	1059593
43400	112752	112028	368800
43400	115110	114298	296391
43400	112434	111703	397980
43400	55878	55651	1086724
43400	113633	112913	310381
43400	111969	111350	313501
43400	112909	112287	1039086
43400	112061	111457	373445
43400	113494	112793	1057777
43400	112804	112060	1144250
43400	112862	112122	1018467
43400	113642	112958	997894
43400	115236	114453	1003075
43400	111974	111337	321051
43400	113169	112480	292993
43400	113203	112469	951943
43400	112790	112099	293971
43400	114303	113595	1131042
43400	115014	114274	427006
43400	111909	111221	421322
43400	112911	112237	964325
43400	113654	112962	1007573
43400	112612	111971	390664
43400	113038	112279	391977
43400	114046	113290	970880
43400	112938	112253	388332
43400	113173	112491	317274
43400	113405	112645	447958
43400	113266	112543	1093969
43400	112825	112087	371418
43400	112208	111466	425068
43400	113679	112976	1063647
43400	114987	114245	1073846
43400	112722	112086	1037219
43400	112545	111877	999699
43400	111131	110477	1075286
43400	114328	113597	327815
43400	112177	111429	367474
43400	112621	111922	1033296
43400	114159	113410	344425
43400	113358	112643	501668
43400	113116	112403	359537
43400	113117	112412	328903
43400	113586	112905	1074266
43400	111750	111095	497269
43400	108995	108409	961558
43400	114512	113762	1100273
43500	113963	113229	1002467
43500	115000	114318	364838
43500	113260	112573	944217
43500	109963	109282	417222
43500	112594	111917	1038160
43500	113153	112454	306960
43500	112918	112189	349637
43500	112989	112295	376837
43500	112092	111414	945309
43500	114830	114123	329200
43500	114469	113736	960291
43500	113763	113073	367978
43500	112224	111592	345307
43500	112655	111956	1158430
43500	114077	113416	966439
43500	108809	108178	1115705
43500	114065	113346	1135678
43500	113889	113159	314307
43500	113856	113089	465432
43500	112670	111976	977304
43500	113815	113094	1132092
43500	112354	111669	1157653
43500	114203	113473	1016792
43500	113477	112824	1102686
43500	112332	111651	1105829
43500	111707	111018	1033509
43500	114910	114255	363534
43500	114595	113847	1068255
43500	113933	113209	1080380
43500	113091	112417	375103
43500	114767	114020	987586
43500	113047	112323	967234
43500	114126	113419	497609
43500	112323	111634	407557
43500	112478	111752	297903
43500	112683	112003	495813
43500	113713	113023	480261
43500	114122	113411	1119148
43500	113681	112975	472813
43500	113590	112841	398425
43500	106683	106092	495576
43500	113232	112587	294937
43500	113786	113066	991058
43500	113446	112737	500838
43500	112536	111808	470345
43500	114877	114128	301141
43500	113649	112882	1076431
43500	114741	113978	448837
43500	104935	104483	302436
43500	113781	113031	991498
43600	114280	113549	965391
43600	112083	111424	971733
43600	113895	113171	1050816
43600	114103	113391	462880
43600	105792	105255	1108894
43600	113568	112851	999253
43600	113262	112564	1035663
43600	56609	56380	374317
43600	114159	113417	462964
43600	115155	114472	323894
43600	56205	56025	952670
43600	113089	112318	1061909
43600	113505	112745	411663
43600	111059	110422	378617
43600	114878	114063	338467
43600	114388	113647	1125576
43600	56028	55831	1127443
43600	114143	113447	324531
43600	111682	111051	1062185
43600	114148	113390	354819
43600	56361	56164	371341
43600	113624	112922	501995
43600	111908	111228	378183
43600	114792	113999	987141
43600	113305	112660	364558
43600	113966	113286	352001
43600	114107	113375	949758
43600	112821	112145	1102710
43600	112707	111992	448632
43600	114014	113279	446266
43600	112191	111545	1133587
43600	112851	112160	405227
43600	113313	112631	1028902
43600	56461	56243	1138370
43600	112481	111785	981622
43600	112856	112202	365974
43600	114720	114055	298112
43600	113285	112544	1133723
43600	112295	111663	1108875
43600	112769	112106	472142
43600	114344	113625	420026
43600	113279	112600	319741
43600	112433	111715	454979
43600	108359	107774	977172
43600	112127	111455	1052361
43600	113513	112787	379647
43600	113105	112367	1103670
43600	113365	112709	1066536
43600	114500	113805	1147944
43600	110470	109886	1045058
43700	114714	113987	344841
43700	113628	112902	1112631
43700	112321	111639	1024389
43700	113074	112417	1153761
43700	113251	112575	338900
43700	112892	112268	297293
43700	106951	106376	1064344
43700	112037	111397	1021222
43700	114804	114063	1017263
43700	112751	112065	347335
43700	114127	113418	475246
43700	115566	114844	331684
43700	116343	115541	340696
43700	113351	112622	436165
43700	106920	106370	314143
43700	113178	112449	447807
43700	112946	112232	457300
43700	115781	115035	1138950
43700	113839	113096	498495
43700	114212	113459	1066693
43700	114896	114045	1145890
43700	114087	113391	1143441
43700	113121	112530	1073056
43700	113703	113060	316852
43700	114154	113467	1098416
43700	114869	114137	465603
43700	112993	112313	355870
43700	113821	113120	1054227
43700	113801	113075	1019614
43700	113279	112574	313236
43700	113938	113274	304053
43700	113692	112984	330766
43700	114193	113511	486717
43700	114198	113415	997886
43700	113145	112510	1035806
43700	113014	112291	1105778
43700	113319	112600	1041776
43700	56652	56442	452596
43700	113892	113153	380597
43700	112199	111552	444709
43700	106835	106263	1045003
43700	113384	112684	1086582
43700	114447	113687	416750
43700	114440	113719	454216
43700	114230	113550	438875
43700	115066	114359	375840
43700	114702	113918	998541
43700	105800	105285	438352
43700	113366	112665	416943
43700	115758	115015	394274
43800	114018	113277	296635
43800	114570	113876	963419
43800	114921	114190	484013
43800	57035	56796	1052046
43800	115236	114520	317893
43800	114139	113428	1108370
43800	112987	112293	377239
43800	115131	114414	1094898
43800	56378	56169	370864
43800	115604	114846	303251
43800	114596	113881	381704
43800	56350	56148	1049443
43800	107428	106844	1086605
43800	115383	114675	402782
43800	56913	56701	501256
43800	113171	112456	970335
43800	114249	113530	505682
43800	114801	114101	356267
43800	113221	112515	350072
43800	114311	113618	1104893
43800	114749	113944	383057
43800	114057	113383	431040
43800	113942	113286	473945
43800	114609	113841	356840
43800	56389	56204	989477
43800	56679	56455	1105956
43800	112873	112229	1022887
43800	114784	114060	959739
43800	108271	107683	301848
43800	108144	107600	1040436
43800	113676	112970	1133220
43800	114798	114030	486006
43800	112689	112116	438210
43800	112831	112181	479222
43800	107943	107375	1100012
43800	114149	113407	447583
43800	113374	112650	982715
43800	114568	113858	337054
43800	114430	113727	1010042
43800	107072	106500	418283
43800	114910	114180	979404
43800	115271	114537	1128977
43800	115317	114575	330719
43800	113893	113175	401155
43800	115426	114650	489993
43800	115322	114484	317114
43800	115127	114384	1136296
43800	115597	114829	1097974
43800	115136	114405	1087688
43800	115743	114974	306877
43900	115350	114623	330751
43900	115437	114624	323874
43900	115020	114231	1008428
43900	114723	113980	1024710
43900	114090	113399	1065923
43900	113769	113104	472279
43900	114160	113422	969937
43900	56633	56424	983859
43900	113225	112487	497802
43900	114856	114089	398577
43900	114085	113382	1122595
43900	114222	113516	292884
43900	116125	115383	387413
43900	115233	114530	991776
43900	112808	112105	1010405
43900	114134	113377	1117975
43900	115085	114390	975389
43900	114842	114108	398124
43900	114984	114266	373727
43900	113709	113003	391120
43900	113049	112364	365409
43900	115627	114921	1126537
43900	114456	113656	1144392
43900	113489	112769	500697
43900	56181	56008	1030514
43900	114888	114166	994795
43900	114096	113396	1136525
43900	114620	113896	1030236
43900	112491	111815	491450
43900	114005	113306	1025468
43900	113085	112408	1085793
43900	57175	56944	1002103
43900	114787	114099	439656
43900	114909	114184	334629
43900	113096	112476	415958
43900	113983	113281	470391
43900	114524	113862	355572
43900	57726	57433	1011036
43900	113870	113174	1005652
43900	115542	114766	303264
43900	56459	56267	1054868
43900	112631	111939	379752
43900	114996	114314	970501
43900	56367	56167	962762
43900	116182	115425	462218
43900	115151	114436	1006697
43900	115605	114894	345443
43900	114005	113278	998326
43900	115797	115108	476380
43900	111836	111290	1045855
44000	56995	56770	435779
44000	56930	56706	351880
44000	115541	114792	1115393
44000	114702	113938	297801
44000	114744	114036	358758
44000	115525	114800	483866
44000	113410	112726	1111012
44000	114082	113392	995271
44000	114266	113541	454610
44000	114885	114215	379949
44000	114642	113920	337834
44000	114423	113708	990401
44000	112119	111498	981410
44000	115095	114382	487407
44000	116871	116090	442808
44000	114356	113707	338983
44000	114134	113415	1008102
44000	56647	56446	348932
44000	113667	112998	1156039
44000	115362	114692	1119853
44000	115333	114638	387567
44000	115678	114917	1155435
44000	56726	56507	357270
44000	115846	115063	449421
44000	114503	113851	458865
44000	116609	115806	961526
44000	113319	112673	447833
44000	113705	113035	449773
44000	114619	113831	993915
44000	115660	114939	420975
44000	114707	114014	475869
44000	57596	57334	479195
44000	114639	113940	474828
44000	114408	113693	1047010
44000	114711	113962	1134446
44000	56954	56724	294424
44000	114614	113905	1122370
44000	114951	114254	373202
44000	114220	113556	1057032
44000	114100	113409	988288
44000	114917	114270	1079322
44000	114650	114000	1132438
44000	57109	56887	1070838
44000	56671	56454	318900
44000	114890	114066	349971
44000	114746	114036	1052393
44000	116484	115790	1062955
44000	115167	114428	976847
44000	108147	107572	486654
44000	56909	56713	451283
44100	115235	114487	394272
44100	108735	108174	433019
44100	114301	113643	402445
44100	116241	115457	473373
44100	114972	114198	1094041
44100	115362	114600	294988
44100	113602	112897	1044440
44100	115125	114415	371876
44100	115331	114663	315157
44100	116655	115890	1047587
44100	115631	114898	1095444
44100	116171	115423	391128
44100	115881	115204	1055619
44100	115697	115000	1009901
44100	115936	115173	1050030
44100	114201	113573	976317
44100	113618	112916	323159
44100	115180	114468	373760
44100	114731	114055	1035767
44100	114136	113439	509531
44100	115764	115022	501200
44100	114460	113743	449837
44100	116705	115946	505509
44100	114075	113403	1124224
44100	114224	113512	424294
44100	115992	115189	998542
44100	115472	114717	1166596
44100	114907	114238	294940
44100	117203	116447	1054881
44100	114528	113863	381238
44100	114578	113898	1111443
44100	115378	114642	1074880
44100	56880	56684	1055443
44100	114674	113994	1122085
44100	113912	113221	494411
44100	115654	114906	1047402
44100	113881	113207	355795
44100	111946	111311	1069625
44100	116190	115442	354409
44100	115733	114940	1059244
44100	115208	114446	971989
44100	115733	115004	1110573
44100	115003	114293	1035248
44100	113868	113242	319347
44100	107813	107229	466717
44100	117372	116566	392975
44100	114323	113680	1109999
44100	114410	113752	367775
44100	114718	114007	339813
44100	114690	113979	1143446
44200	115413	114656	301463
44200	114644	113894	1114011
44200	115602	114869	1117978
44200	115290	114482	385761
44200	114335	113622	1035415
44200	114139	113461	988205
44200	114179	113486	974007
44200	114102	113415	356992
44200	116006	115263	1075701
44200	114113	113457	309459
44200	115963	115256	1110660
44200	118048	117302	1140678
44200	114745	114084	1106782
44200	115432	114716	1089837
44200	116256	115537	490005
44200	57354	57137	410257
44200	115630	114915	1167553
44200	115288	114569	310822
44200	115931	115205	1172494
44200	114618	113922	386480
44200	115726	115093	505008
44200	115156	114492	372170
44200	116136	115365	1048893
44200	115100	114385	1026235
44200	113709	113050	1160322
44200	115215	114481	1129037
44200	115775	115049	1164052
44200	114681	113993	299651
44200	115561	114786	465864
44200	115181	114463	964527
44200	115583	114850	1053848
44200	117196	116387	1116196
44200	115034	114319	311744
44200	116926	116155	348017
44200	108281	107714	1095031
44200	115258	114488	348436
44200	114680	113954	408358
44200	115839	115132	442731
44200	114986	114287	342074
44200	114689	113948	401613
44200	108620	108070	442932
44200	114094	113406	981892
44200	113528	112893	490128
44200	115492	114718	332879
44200	112213	111579	1157224
44200	114663	113972	1034778
44200	114639	113907	451213
44200	115670	114934	1068388
44200	113858	113181	1095013
44200	116176	115408	474313
44300	57504	57252	1060743
44300	114862	114172	982466
44300	115632	114888	1020822
44300	109039	108431	1042098
44300	108716	108177	448382
44300	114455	113804	405719
44300	116536	115768	1171329
44300	115672	114964	1110154
44300	113934	113302	320507
44300	112100	111505	1000303
44300	115064	114399	990824
44300	115957	115229	507393
44300	116002	115249	483499
44300	116282	115516	357167
44300	115503	114830	515006
44300	109862	109242	1068122
44300	108188	107630	1098091
44300	115229	114510	299303
44300	115364	114678	306352
44300	114796	114057	1057276
44300	115895	115139	1125324
44300	116831	116112	1132010
44300	116152	115405	1169833
44300	114486	113754	512122
44300	110497	109853	1064205
44300	114214	113486	991116
44300	109550	108985	437772
44300	116122	115383	1124773
44300	108794	108230	351912
44300	116458	115654	402838
44300	116548	115843	1098657
44300	115343	114593	1052776
44300	114544	113864	428441
44300	115767	115027	399764
44300	50127	50082	463355
44300	110416	109837	320598
44300	108402	107823	1037170
44300	109986	109393	515763
44300	108704	108158	989137
44300	115231	114547	423321
44300	116832	116076	1043545
44300	116394	115667	1053280
44300	107747	107184	973212
44300	116007	115287	384737
44300	109380	108764	984620
44300	115612	114901	400842
44300	115417	114687	464163
44300	116209	115446	357691
44300	109870	109294	969201
44300	108231	107656	466797
44400	116460	115758	301271
44400	115085	114353	483557
44400	115703	114933	1155494
44400	114756	114115	975089
44400	115326	114661	971462
44400	116925	116183	408824
44400	114689	113974	300457
44400	115325	114731	1026345
44400	116753	115971	387647
44400	114771	114078	1160594
44400	113718	113010	1072875
44400	115640	114922	1023371
44400	116633	115961	367935
44400	114320	113718	1067736
44400	116274	115467	1083005
44400	110684	110068	1012549
44400	114635	113911	419508
44400	50107	50080	448744
44400	112527	111955	990741
44400	115126	114441	1115473
44400	113870	113230	1035803
44400	115992	115258	1070444
44400	56628	56455	1093731
44400	108809	108218	962153
44400	108882	108318	1070665
44400	107617	107050	1168117
44400	114647	114034	969387
44400	108379	107822	297330
44400	115296	114644	501445
44400	114152	113488	1021521
44400	115028	114319	1019490
44400	114040	113365	1117492
44400	115896	115186	402196
44400	114454	113766	987827
44400	116581	115866	389301
44400	115319	114619	503116
44400	116664	115880	1105608
44400	115521	114832	464043
44400	108503	107957	1127837
44400	117925	117163	1030096
44400	57494	57280	413105
44400	114880	114158	1122430
44400	114337	113636	398475
44400	115541	114807	1137603
44400	115253	114587	1050097
44400	115371	114671	1077744
44400	114783	114078	1107022
44400	115346	114636	1174110
44400	116579	115852	427218
44400	115381	114737	321047
44500	116346	115635	406036
44500	116969	116273	1172118
44500	113642	112985	970378
44500	116251	115544	384800
44500	113835	113141	342716
44500	116862	116211	1126306
44500	115540	114799	971052
44500	116155	115440	441971
44500	117582	116833	492578
44500	117766	117004	390025
44500	116592	115834	1139778
44500	117381	116624	1016209
44500	116702	115945	1073394
44500	113660	113011	386387
44500	117501	116714	1129555
44500	57609	57392	1097715
44500	118483	117653	312482
44500	115371	114708	1118716
44500	115311	114603	446868
44500	115594	114931	462280
44500	112657	112077	466681
44500	115300	114666	1044204
44500	119359	118544	501859
44500	114547	113865	435563
44500	114952	114265	446890
44500	115117	114430	420534
44500	115804	115089	965968
44500	116090	115391	422556
44500	116288	115562	423717
44500	114310	113640	1113361
44500	117682	116958	332453
44500	116605	115872	1035063
44500	116339	115625	1113681
44500	116716	116020	427200
44500	115036	114347	1061130
44500	115993	115340	381179
44500	116406	115654	1100175
44500	116311	115594	981436
44500	115467	114806	1032100
44500	115454	114667	334196
44500	116205	115488	371388
44500	115529	114853	1120114
44500	114703	114042	418427
44500	114992	114327	401610
44500	118836	118070	366348
44500	116547	115813	1075969
44500	117090	116281	1020409
44500	117297	116529	506879
44500	114552	113882	396702
44500	118293	117535	414300
44600	114866	114180	498404
44600	115355	114668	473396
44600	115627	114972	1048407
44600	116282	115549	1127567
44600	116878	116174	985171
44600	117180	116463	501642
44600	117055	116433	1163624
44600	117705	116991	1122637
44600	115944	115219	1179756
44600	116771	116079	1070517
44600	117030	116282	321326
44600	114018	113430	1130691
44600	115984	115238	1169427
44600	116756	116045	1097192
44600	115649	115011	363868
44600	116053	115337	506765
44600	116584	115852	1117490
44600	116277	115534	1058379
44600	117340	116606	1097462
44600	108883	108356	476935
44600	117193	116477	970398
44600	116232	115519	1116850
44600	114642	113901	1116741
44600	116763	116048	1113350
44600	110949	110388	974917
44600	116399	115585	409447
44600	115587	114893	467546
44600	116120	115431	1121365
44600	115905	115273	1142060
44600	116408	115723	1072045
44600	115656	114968	970364
44600	108399	107886	463467
44600	117471	116755	500353
44600	115880	115247	330700
44600	114524	113857	365455
44600	115223	114483	1024337
44600	115598	114870	372533
44600	115305	114589	388125
44600	116522	115756	1092247
44600	117288	116549	1111600
44600	116694	115987	462628
44600	115621	114915	984554
44600	116658	115933	1044602
44600	110554	109978	416163
44600	117024	116284	416060
44600	116356	115645	506706
44600	116846	116128	968485
44600	115543	114876	1054949
44600	117369	116612	361320
44600	117057	116304	1052797
44700	115535	114847	1037245
44700	115514	114805	1089882
44700	114876	114166	452581
44700	115371	114638	1050298
44700	117085	116361	1136992
44700	117861	117058	991769
44700	117371	116626	1130451
44700	116904	116211	1043829
44700	116520	115796	479221
44700	116467	115763	1081249
44700	116274	115623	1161533
44700	115874	115185	992718
44700	117516	116732	1119065
44700	115460	114770	1003124
44700	115537	114804	1096429
44700	113243	112616	372238
44700	115513	114805	396174
44700	114960	114331	1038865
44700	115991	115289	1182468
44700	116706	115980	1168739
44700	116725	116016	426306
44700	58135	57900	360012
44700	58756	58501	302973
44700	118223	117482	513249
44700	116786	116088	403698
44700	116838	116120	1014892
44700	116986	116256	414269
44700	117046	116283	491164
44700	115804	115082	979552
44700	116492	115771	407601
44700	58354	58100	1142019
44700	117798	117024	337191
44700	116905	116176	1092369
44700	116105	115356	1078938
44700	114902	114224	520472
44700	117244	116390	307915
44700	116979	116195	493999
44700	116829	116097	370019
44700	117627	116813	446033
44700	116336	115579	1030235
44700	116211	115536	410897
44700	116966	116193	1073758
44700	58316	58082	406427
44700	116795	116096	1185644
44700	117357	116623	1161494
44700	117066	116296	414952
44700	117946	117209	412173
44700	116352	115630	1002996
44700	116859	116203	1159581
44700	116044	115266	356938
44800	116846	116160	1067293
44800	116860	116184	326730
44800	115509	114868	1036428
44800	116335	115689	352224
44800	118924	118156	1188729
44800	116974	116294	313894
44800	115826	115158	502933
44800	117214	116495	1026983
44800	117582	116780	341599
44800	116288	115569	505294
44800	117251	116573	404037
44800	115927	115196	1057346
44800	117291	116593	306825
44800	117889	117098	1151362
44800	118414	117712	378458
44800	117234	116547	321232
44800	116633	115838	1022978
44800	115886	115186	1152149
44800	115083	114482	464713
44800	117545	116826	1186972
44800	116065	115390	379659
44800	116371	115715	1127385
44800	118660	117902	384514
44800	118145	117367	303781
44800	116779	116114	1004680
44800	115438	114758	1085580
44800	117348	116530	1060507
44800	115841	115198	1062288
44800	110909	110301	1170865
44800	115711	115031	1021814
44800	116470	115711	452598
44800	117625	116860	1060256
44800	117286	116616	1147064
44800	115912	115219	1053546
44800	116194	115481	1163358
44800	115118	114435	458251
44800	117283	116584	302525
44800	117922	117153	432097
44800	116827	116114	973718
44800	118033	117279	1062798
44800	116628	115916	1054252
44800	114965	114328	387047
44800	117758	117038	971588
44800	117175	116419	1113792
44800	116802	116044	1024189
44800	117105	116328	1148765
44800	117172	116380	470788
44800	117125	116384	1009239
44800	118088	117384	425902
44800	116837	116118	465871
44900	116031	115386	1109038
44900	115551	114819	463943
44900	118321	117589	332279
44900	119339	118572	1181600
44900	117806	117017	329570
44900	115670	115030	393503
44900	118384	117670	484423
44900	116623	115932	1101453
44900	107280	106826	1166421
44900	58196	57974	493994
44900	117569	116780	416690
44900	58333	58114	417216
44900	116122	115392	383317
44900	117588	116820	372581
44900	118629	117899	1013035
44900	116734	116010	1152291
44900	117765	117012	474835
44900	118333	117572	1049084
44900	116225	115542	1051993
44900	115995	115293	989496
44900	116878	116146	1043203
44900	117639	116922	363836
44900	118539	117757	360472
44900	117048	116294	453677
44900	117370	116653	1020563
44900	117738	117011	474558
44900	117653	116991	1049975
44900	116159	115496	1182468
44900	117485	116808	1078276
44900	57538	57387	1146401
44900	117348	116637	433185
44900	117557	116864	974168
44900	117336	116598	449302
44900	118046	117298	390353
44900	58485	58244	306998
44900	118062	117347	988344
44900	116393	115717	1088387
44900	115926	115232	1050466
44900	115771	115095	329558
44900	115972	115306	1005547
44900	118242	117510	339666
44900	115815	115112	1063269
44900	116606	115930	427964
44900	118046	117259	1064705
44900	117168	116496	393667
44900	117175	116462	468221
44900	116691	116010	445076
44900	116624	115939	417598
44900	57981	57755	1019547
44900	57142	56960	516274
45000	118273	117511	994835
45000	116476	115828	372790
45000	117396	116751	304669
45000	118992	118147	408759
45000	117426	116763	458348
45000	117425	116603	459507
45000	115785	115100	1187076
45000	115187	114519	1146088
45000	117214	116455	363603
45000	116973	116276	384127
45000	117764	117033	1030385
45000	118153	117448	341964
45000	117698	117003	1140484
45000	117877	117147	429645
45000	116398	115663	1027664
45000	114826	114156	1053560
45000	117069	116368	408108
45000	116858	116137	324143
45000	117133	116396	338430
45000	115989	115323	1040698
45000	118879	118120	392014
45000	117295	116551	1080574
45000	109800	109254	1119365
45000	111227	110712	1194043
45000	116207	115496	1094111
45000	57984	57767	1151011
45000	116945	116308	493451
45000	116755	116021	503736
45000	117348	116651	1041726
45000	117582	116886	1071168
45000	118115	117406	1161408
45000	117344	116618	323527
45000	116364	115636	1083570
45000	111366	110731	982053
45000	118773	118059	489583
45000	117104	116440	1035082
45000	116677	115997	313730
45000	118632	117795	328050
45000	116322	115596	1021688
45000	117589	116897	1163183
45000	116959	116227	439363
45000	115636	114977	367865
45000	116864	116201	1141172
45000	115389	114711	461716
45000	116049	115401	1038187
45000	119892	119168	377439
45000	117155	116379	1151894
45000	117492	116635	1128094
45000	116953	116254	1032781
45000	116935	116226	1035693
45100	117804	117119	356294
45100	116150	115501	1037303
45100	117522	116764	1103815
45100	118889	118136	379566
45100	116201	115503	1146993
45100	111242	110609	1152254
45100	58376	58175	1132441
45100	118588	117785	475698
45100	119556	118824	421713
45100	118209	117462	1001575
45100	117088	116357	979429
45100	117873	117142	1185326
45100	118501	117724	329494
45100	116965	116232	1169684
45100	118188	117459	499417
45100	118316	117503	409407
45100	111537	110953	309761
45100	110794	110229	983901
45100	118430	117694	430428
45100	117281	116546	1195835
45100	118717	117944	994186
45100	118797	118041	1123124
45100	117884	117171	472423
45100	118760	117996	301031
45100	117176	116488	1134420
45100	117485	116751	401336
45100	118264	117509	347426
45100	118334	117605	394831
45100	110624	110085	1041051
45100	119341	118543	437713
45100	112322	111672	344031
45100	58793	58566	983070
45100	111128	110519	426601
45100	118430	117741	397936
45100	117140	116432	1166519
45100	117554	116821	977645
45100	112390	111803	1133820
45100	117689	117019	1112209
45100	117502	116812	426997
45100	118352	117629	395978
45100	120192	119416	412093
45100	112998	112383	514556
45100	117608	116864	510763
45100	111027	110481	465405
45100	118139	117357	1015102
45100	110117	109531	1074510
45100	117784	117064	454728
45100	117554	116810	1185061
45100	118914	118158	441674
45100	117929	117244	458210
45200	110070	109542	396766
45200	118362	117687	1159611
45200	118037	117309	1036720
45200	118064	117375	345890
45200	109968	109385	1047272
45200	116714	116042	384677
45200	116791	116076	1167114
45200	110780	110224	1060931
45200	58239	58054	481824
45200	119537	118727	1175451
45200	116729	116033	486305
45200	110654	110091	1137668
45200	115129	114519	1092696
45200	118032	117277	331589
45200	117282	116618	1151376
45200	117739	117051	1061807
45200	117847	117168	1074218
45200	111104	110571	363551
45200	116933	116295	374000
45200	119246	118546	321148
45200	117001	116381	1089617
45200	117615	116832	1203896
45200	117580	116893	471965
45200	117652	116893	1184395
45200	118292	117501	990535
45200	116986	116242	359695
45200	117329	116595	481268
45200	115716	115099	1002860
45200	118670	117917	1020239
45200	119045	118323	463508
45200	117408	116646	1034767
45200	118518	117808	1073228
45200	117481	116788	1022659
45200	118052	117304	478233
45200	118493	117814	1041686
45200	118874	118074	1034664
45200	115856	115239	1150361
45200	114911	114245	440991
45200	118070	117325	318908
45200	110405	109880	1007174
45200	116416	115749	1047136
45200	119048	118340	339434
45200	117998	117300	1067440
45200	117330	116640	352919
45200	116912	116275	1153732
45200	116356	115672	998720
45200	110386	109839	1161808
45200	111172	110613	1096882
45200	117498	116787	1041160
45200	119010	118266	1193810
45300	117466	116742	341894
45300	118635	117914	410805
45300	117767	117065	364791
45300	119371	118629	1141303
45300	118669	117960	1031798
45300	120571	119755	508945
45300	117786	117137	1196711
45300	118668	117910	407080
45300	116901	116188	354381
45300	110092	109561	1007921
45300	114318	113730	342924
45300	118405	117645	1167509
45300	117783	117061	406582
45300	119410	118764	509034
45300	119555	118814	403191
45300	117415	116730	1181828
45300	115489	114886	383807
45300	118298	117564	358087
45300	117200	116519	1101809
45300	119065	118347	341021
45300	117483	116767	985285
45300	118663	117939	1050018
45300	118298	117551	416063
45300	118177	117423	515577
45300	116976	116227	1132307
45300	118171	117412	343211
45300	118791	118015	985512
45300	118375	117694	1096370
45300	116483	115805	510510
45300	117991	117280	511897
45300	115308	114636	1108041
45300	120133	119346	316508
45300	117382	116664	1036841
45300	118518	117724	1105166
45300	116990	116241	410882
45300	117933	117165	348018
45300	117043	116257	1162838
45300	116582	115925	1023472
45300	118078	117340	1018919
45300	119014	118283	325674
45300	117856	117117	1162656
45300	117986	117256	501919
45300	118400	117607	1066813
45300	119496	118724	398201
45300	116620	115953	1108312
45300	117756	117057	1048408
45300	117949	117180	1143628
45300	118753	117984	1145526
45300	118421	117624	491037
45300	118483	117700	1081690
45400	58890	58676	371802
45400	118254	117535	1181432
45400	119338	118502	453488
45400	112555	111995	1053103
45400	119276	118490	991756
45400	117311	116630	437292
45400	118245	117486	341548
45400	118342	117630	512381
45400	118791	118071	326018
45400	59132	58866	1116080
45400	119164	118406	1103736
45400	118580	117839	1038372
45400	117270	116514	1197768
45400	117019	116325	473078
45400	120297	119453	446932
45400	117612	116885	336099
45400	118030	117337	1105252
45400	117849	117163	469829
45400	119357	118609	424156
45400	118813	118046	428588
45400	116444	115815	1190607
45400	118387	117700	488063
45400	117745	117036	450563
45400	117616	116924	336354
45400	118785	118118	447053
45400	117955	117193	1128119
45400	117205	116508	1174906
45400	111999	111483	420350
45400	117623	116960	413586
45400	118208	117477	1008703
45400	115375	114771	374126
45400	118830	118052	1162611
45400	116661	116006	1182389
45400	118350	117644	513775
45400	118102	117386	1191184
45400	120349	119618	1073128
45400	118645	117920	1017760
45400	117538	116822	497648
45400	118937	118205	1010636
45400	119992	119227	415068
45400	115957	115309	334536
45400	118111	117423	405180
45400	118269	117560	1030396
45400	58547	58331	345857
45400	118971	118247	319925
45400	111964	111379	1118405
45400	120185	119451	413268
45400	116041	115395	1096937
45400	118350	117547	1090200
45400	118076	117274	356749
45500	117802	117032	1019403
45500	118336	117658	1063967
45500	119160	118435	1016003
45500	117918	117207	376485
45500	118763	117994	1110032
45500	116372	115705	1083697
45500	119264	118525	480668
45500	118884	118178	1021837
45500	119460	118718	434810
45500	118820	118080	408915
45500	117971	117264	1019709
45500	118512	117814	489111
45500	118435	117720	527963
45500	120018	119314	428845
45500	118378	117703	399534
45500	120150	119438	1192911
45500	58939	58721	353323
45500	117735	116997	1102597
45500	117149	116531	444131
45500	118754	117975	476623
45500	116497	115831	1022122
45500	119243	118540	1099528
45500	118196	117547	331436
45500	118462	117750	410248
45500	119083	118395	992702
45500	119436	118676	1030900
45500	59066	58833	410580
45500	118549	117880	453631
45500	118706	117950	402408
45500	117901	117177	440959
45500	118239	117531	494816
45500	117131	116403	1032593
45500	119302	118555	998095
45500	118193	117481	389240
45500	113841	113312	1057462
45500	119366	118620	1079977
45500	118325	117632	484130
45500	118016	117265	1149905
45500	118361	117596	1082506
45500	118508	117740	487602
45500	118188	117523	353666
45500	117926	117269	385944
45500	119900	119167	307677
45500	118777	118084	313867
45500	118829	118126	378235
45500	118269	117522	1134128
45500	119268	118540	1103622
45500	117493	116837	451685
45500	118278	117561	449826
45500	119243	118554	352340
45600	118943	118266	1118835
45600	119868	119136	1145072
45600	119623	118875	384283
45600	118090	117375	443278
45600	111534	110992	406356
45600	52318	52244	1080829
45600	112885	112298	994877
45600	117310	116717	1048066
45600	118720	118003	1035806
45600	118684	117989	454938
45600	118908	118222	1168515
45600	118129	117471	390182
45600	52188	52116	363942
45600	52094	52036	1158225
45600	118490	117769	501468
45600	116930	116235	470612
45600	111461	110913	438840
45600	112475	111906	1149806
45600	118148	117498	1060540
45600	110342	109784	997092
45600	112416	111845	1189780
45600	117562	116909	1139995
45600	111910	111292	1003083
45600	119551	118820	449145
45600	111595	111064	368513
45600	52004	51955	500401
45600	111885	111280	1019051
45600	118893	118179	1164526
45600	59540	59277	1097423
45600	119378	118652	1197588
45600	118721	118047	345602
45600	112819	112221	1121998
45600	120146	119413	501344
45600	111668	111156	528313
45600	110341	109766	1118111
45600	118751	118055	998274
45600	58826	58645	1040850
45600	112165	111566	1029733
45600	117883	117201	1134024
45600	111820	111284	1106768
45600	52111	52062	377366
45600	113358	112766	1003652
45600	119904	119169	1156438
45600	113569	112995	1018475
45600	110735	110218	457799
45600	119052	118303	1174399
45600	118435	117765	1197889
45600	117648	116975	471210
45600	119607	118842	1105437
45600	112169	111655	426842
45700	117296	116585	996872
45700	118266	117514	449376
45700	118724	118017	1096350
45700	113774	113112	516875
45700	119491	118719	1003191
45700	119299	118534	1011124
45700	117366	116708	1076943
45700	119931	119143	1053350
45700	118155	117453	1111196
45700	120346	119662	457283
45700	118366	117671	994213
45700	118335	117673	1091613
45700	117894	117188	359646
45700	120459	119703	1093485
45700	118335	117633	458990
45700	117986	117323	1106132
45700	118431	117737	1048498
45700	117764	117142	422134
45700	120067	119306	1211881
45700	119053	118313	327334
45700	118198	117541	1203722
45700	117357	116731	1105057
45700	113075	112479	442131
45700	118312	117583	317197
45700	119561	118815	375109
45700	118386	117701	379016
45700	119461	118742	333964
45700	118395	117736	1097484
45700	117388	116726	1167371
45700	118157	117459	383366
45700	118689	117989	1197309
45700	117198	116510	1175459
45700	118516	117771	353703
45700	118402	117740	1168349
45700	118826	118097	1187235
45700	118971	118272	1034372
45700	119667	118962	1042336
45700	119719	118973	1099684
45700	118306	117677	447571
45700	118745	118022	1156019
45700	117534	116821	436236
45700	120053	119365	1135002
45700	118940	118249	1081892
45700	119201	118458	436366
45700	116495	115910	327315
45700	117471	116779	1058377
45700	117423	116780	1173457
45700	120337	119555	386912
45700	119357	118692	1141134
45700	118611	117966	372154
45800	118337	117694	308992
45800	118816	118084	1069579
45800	58396	58224	332858
45800	118268	117596	1122369
45800	119581	118842	1066521
45800	119647	118956	479034
45800	119210	118491	1154150
45800	120545	119832	443353
45800	118298	117562	1188173
45800	121317	120590	343143
45800	118050	117366	1039146
45800	121707	120963	332474
45800	57821	57673	367954
45800	58433	58266	999656
45800	119624	118857	404259
45800	118613	117935	499152
45800	119032	118279	1168401
45800	118064	117372	1209117
45800	118657	117917	396660
45800	119220	118486	1060508
45800	117464	116831	996408
45800	118968	118233	397587
45800	117432	116765	503605
45800	58932	58763	485072
45800	120131	119395	1042201
45800	117981	117295	995678
45800	58432	58263	423470
45800	120744	119946	1110562
45800	119860	119111	1058633
45800	117933	117271	448121
45800	117610	116975	427158
45800	118610	117938	431578
45800	118814	118066	373127
45800	118677	117965	474791
45800	121241	120523	1069702
45800	119879	119137	1073409
45800	120167	119363	1196936
45800	119820	119059	1187844
45800	121350	120545	420207
45800	118431	117701	388355
45800	119056	118343	444014
45800	118581	117794	480095
45800	116766	116159	498005
45800	59672	59434	332731
45800	118775	118083	327019
45800	58528	58353	462500
45800	118464	117724	1105196
45800	58545	58394	1030826
45800	120130	119449	1012182
45800	120516	119733	1172105
45900	120583	119833	461105
45900	118241	117597	336758
45900	120390	119669	319586
45900	112958	112409	329893
45900	116917	116279	1079116
45900	120690	119971	404448
45900	117378	116758	446292
45900	112986	112433	1011077
45900	119397	118691	1096704
45900	119659	118969	1109229
45900	118180	117478	1154000
45900	120787	120059	414067
45900	118924	118209	1151805
45900	119735	119013	474476
45900	118941	118280	474276
45900	118716	117987	1135284
45900	118580	117937	510020
45900	120199	119497	1141840
45900	117780	117142	1140661
45900	121481	120739	504838
45900	118282	117617	1001177
45900	118519	117859	1180318
45900	120963	120160	1031755
45900	118402	117782	1042735
45900	117574	116934	427609
45900	118905	118217	449916
45900	117239	116599	1179760
45900	118393	117705	1066816
45900	112550	111991	367455
45900	117686	117033	333541
45900	118365	117716	326529
45900	120078	119338	1176492
45900	118403	117744	1188286
45900	117695	117113	350325
45900	113688	113146	1092017
45900	117456	116828	462945
45900	111842	111304	439264
45900	119616	118884	449039
45900	119759	119105	373252
45900	112841	112332	350521
45900	119039	118383	1142936
45900	117615	116941	1193229
45900	119446	118752	517110
45900	119530	118754	1047910
45900	119765	119050	1194177
45900	117849	117170	365374
45900	118750	118145	342120
45900	117373	116696	1115578
45900	121372	120626	1141863
45900	119308	118599	1126477
46000	120169	119430	1117719
46000	119201	118435	375993
46000	118671	117999	428817
46000	119889	119091	1051425
46000	120567	119864	415613
46000	120664	119946	1181417
46000	120339	119544	1211235
46000	117415	116796	1106143
46000	119212	118546	515138
46000	121148	120405	333101
46000	119331	118578	474016
46000	119496	118775	388658
46000	120887	120096	1101954
46000	120556	119797	455623
46000	118463	117750	1036839
46000	118037	117363	386540
46000	118130	117467	1033623
46000	119393	118696	1119739
46000	120498	119706	353714
46000	119166	118439	325712
46000	120873	120162	1200117
46000	119698	118954	521432
46000	120842	120099	476073
46000	120387	119659	377809
46000	59769	59520	456129
46000	119115	118473	1109778
46000	119164	118477	1017481
46000	121600	120775	434357
46000	119381	118594	1224781
46000	121134	120388	344726
46000	120460	119655	332515
46000	120094	119322	431174
46000	120208	119493	1222085
46000	120732	119971	427205
46000	119418	118695	1163262
46000	119012	118354	462845
46000	112767	112258	384038
46000	121104	120361	338649
46000	120937	120173	512548
46000	120849	120106	1115152
46000	117133	116488	1207673
46000	119600	118919	1031224
46000	118902	118180	529524
46000	119509	118821	1061924
46000	120382	119586	1216962
46000	119419	118734	357879
46000	120195	119394	427025
46000	120238	119498	356037
46000	119919	119165	1157523
46000	119247	118563	1221408
46100	122028	121260	468821
46100	118991	118255	1106025
46100	122078	121285	1025105
46100	119447	118691	1058889
46100	59185	58981	437653
46100	119804	119049	1097303
46100	60092	59836	1134020
46100	116557	115882	443180
46100	121079	120391	1218749
46100	119759	119026	1096084
46100	119585	118884	506130
46100	121768	120994	1051473
46100	121326	120539	406260
46100	119317	118612	377733
46100	120445	119709	1039303
46100	119371	118632	321630
46100	114054	113491	365733
46100	119863	119140	416965
46100	121040	120303	353128
46100	120276	119499	425704
46100	118918	118245	1018257
46100	120485	119716	522676
46100	121515	120743	468074
46100	59458	59249	519992
46100	113011	112423	431662
46100	118755	118032	1014538
46100	118418	117780	434047
46100	119288	118623	1082535
46100	120988	120243	1162542
46100	119844	119047	503660
46100	121612	120818	1135184
46100	120109	119312	1129894
46100	120161	119419	412396
46100	120297	119541	340976
46100	120328	119661	1106464
46100	113687	113089	1159009
46100	120167	119471	474686
46100	120085	119291	1087525
46100	118553	117863	1056932
46100	112098	111562	484913
46100	119867	119186	1055928
46100	119155	118429	1202168
46100	119294	118592	341423
46100	121708	120927	469577
46100	119475	118761	310933
46100	59856	59605	1037479
46100	121715	120956	434101
46100	118193	117472	1036668
46100	121621	120803	1098277
46100	120760	119981	1223443
46200	120459	119730	1180091
46200	119520	118823	485200
46200	59640	59444	1128743
46200	121820	121064	393833
46200	120405	119693	1213588
46200	119702	119010	347386
46200	120819	120080	503616
46200	121324	120572	411180
46200	119210	118507	529235
46200	112574	111996	1124638
46200	123527	122742	1090488
46200	123620	122805	324744
46200	120449	119753	455376
46200	59307	59118	425036
46200	120108	119400	374929
46200	119507	118797	1187804
46200	121850	121139	1165050
46200	119321	118588	358934
46200	121407	120718	1183399
46200	120424	119772	1169985
46200	122043	121270	1214469
46200	120441	119695	532994
46200	120408	119651	1100807
46200	121706	120885	312448
46200	119922	119277	530950
46200	120065	119364	1124051
46200	122073	121258	359939
46200	119849	119129	1138541
46200	120775	120067	1157548
46200	120139	119445	1022083
46200	121701	120874	1127795
46200	121375	120539	383522
46200	120677	119961	326740
46200	121846	121093	514066
46200	121027	120302	1211689
46200	119582	118869	1176205
46200	121212	120498	1150763
46200	121633	120855	1029023
46200	120544	119772	1020213
46200	119438	118747	374130
46200	121788	121039	1104317
46200	120203	119470	402229
46200	114794	114255	470593
46200	120586	119867	437665
46200	120128	119439	426938
46200	120231	119525	515064
46200	120175	119366	488256
46200	120094	119384	1138541
46200	120185	119395	330712
46200	114162	113675	403471
46300	122089	121304	1094570
46300	123181	122379	1190589
46300	119789	119074	1184491
46300	120916	120227	369941
46300	121795	121005	1117128
46300	119710	118967	504909
46300	120578	119892	1014799
46300	120351	119608	314492
46300	59964	59752	321776
46300	121235	120537	463760
46300	120599	119872	1030141
46300	120518	119777	1229434
46300	121365	120598	1107281
46300	119385	118665	1097974
46300	120686	119960	516966
46300	121684	120976	448391
46300	120817	120042	1052807
46300	119838	119129	1229800
46300	121709	120866	317029
46300	121776	120935	375162
46300	119652	118963	1144396
46300	123061	122250	463395
46300	120339	119588	1050523
46300	123494	122649	1071016
46300	120157	119513	405788
46300	120211	119505	395881
46300	121488	120750	532740
46300	121071	120318	1030894
46300	119078	118401	508140
46300	119563	118880	335343
46300	120137	119454	1142694
46300	119284	118634	1065393
46300	119936	119275	1101709
46300	121630	120948	399243
46300	121775	121057	467797
46300	60030	59823	1048101
46300	120777	120099	1078083
46300	120019	119351	349071
46300	119274	118607	517047
46300	120003	119323	1149999
46300	122554	121794	365341
46300	118851	118189	377390
46300	120327	119576	330178
46300	120777	120055	524909
46300	120087	119362	1055543
46300	121163	120453	454093
46300	120628	119880	390067
46300	120163	119421	373505
46300	120141	119450	1037263
46300	120441	119670	469534
46400	114092	113494	1107135
46400	114262	113705	399226
46400	120532	119804	459089
46400	120903	120129	1192237
46400	121214	120459	1063129
46400	122039	121227	376606
46400	112892	112342	323317
46400	120736	119981	1082748
46400	120785	120066	470517
46400	121998	121284	1227589
46400	120886	120180	462721
46400	112445	111922	357028
46400	120889	120182	436593
46400	113545	112958	1181979
46400	115496	114864	432571
46400	121334	120542	1086363
46400	121113	120371	469431
46400	115645	115041	328457
46400	114700	114089	1155683
46400	121255	120523	1022215
46400	113593	113034	473144
46400	113588	113058	366228
46400	119175	118464	441138
46400	114589	114013	364080
46400	120606	119868	1148375
46400	119121	118436	530195
46400	112487	111942	407338
46400	120743	120021	1200111
46400	121611	120826	399018
46400	113059	112511	509462
46400	112339	111768	313135
46400	59552	59357	507088
46400	112789	112217	452879
46400	119347	118641	359626
46400	114080	113462	390862
46400	112402	111819	1179114
46400	113035	112461	1183028
46400	115199	114566	372764
46400	113500	112937	505512
46400	120286	119553	467336
46400	114655	114022	395785
46400	112467	111925	1162274
46400	121486	120687	437831
46400	115286	114692	1216783
46400	120234	119525	1038232
46400	112981	112467	503208
46400	119015	118332	398919
46400	121327	120642	1121488
46400	120609	119866	1166122
46400	115241	114590	1186128
46500	120738	120053	1213909
46500	120778	120059	1076745
46500	60288	60042	1172917
46500	122308	121590	1221685
46500	121869	121104	1019866
46500	119204	118467	1054399
46500	120608	119863	1067663
46500	121886	121077	1132172
46500	120867	120150	1211426
46500	120608	119841	484204
46500	122448	121670	1165184
46500	121095	120378	1165942
46500	121999	121187	340701
46500	120203	119530	359113
46500	120469	119750	466917
46500	121028	120338	380552
46500	121664	120968	1049035
46500	120473	119752	451981
46500	120429	119751	356127
46500	114357	113742	1099686
46500	118952	118271	536265
46500	121058	120322	337686
46500	122680	121934	356978
46500	121162	120441	1173439
46500	121635	120901	463108
46500	59691	59506	447150
46500	121701	120916	1190919
46500	60103	59871	1036544
46500	120884	120128	1049249
46500	121532	120789	1025389
46500	119802	119100	314134
46500	121941	121162	1227990
46500	121518	120744	1226261
46500	119001	118383	484567
46500	120505	119746	455871
46500	124303	123521	332515
46500	120812	120057	1164307
46500	121065	120317	1023276
46500	120168	119487	1215553
46500	121533	120776	1212715
46500	120568	119834	1200548
46500	122657	121913	1210115
46500	121170	120447	501407
46500	60224	59988	428692
46500	121410	120658	355853
46500	121333	120673	1212670
46500	120052	119391	1161132
46500	119949	119226	402616
46500	120646	119988	428709
46500	123682	122924	1139514
46600	114611	113972	1047103
46600	119796	119034	327902
46600	120772	120074	536896
46600	122198	121424	1042504
46600	121682	121006	1208502
46600	120653	119946	324881
46600	120357	119635	393284
46600	122583	121886	1211777
46600	120896	120151	1135729
46600	120867	120102	400920
46600	120832	120117	542150
46600	120801	120109	1043509
46600	120508	119749	1147478
46600	122512	121809	336729
46600	119311	118610	1202324
46600	121058	120315	513120
46600	121380	120582	1016888
46600	115237	114576	1141238
46600	120839	120122	401950
46600	116584	115987	353707
46600	122039	121294	1147502
46600	120234	119511	1158519
46600	122518	121716	1179586
46600	122371	121550	353627
46600	120520	119857	1032163
46600	59629	59447	523252
46600	122468	121718	364243
46600	122370	121607	1049223
46600	60073	59865	396483
46600	121752	120998	1048160
46600	115520	114999	1107772
46600	121191	120441	538410
46600	122197	121457	360288
46600	116171	115561	1123967
46600	120964	120296	1076322
46600	120981	120291	340920
46600	121899	121108	1063516
46600	122733	121967	349748
46600	120158	119488	373628
46600	118986	118344	1182867
46600	121333	120632	1097626
46600	122502	121774	1232162
46600	121992	121289	1225096
46600	121008	120236	370464
46600	121486	120724	1146395
46600	120732	120094	355558
46600	122659	121799	1162494
46600	122366	121611	535880
46600	119565	118920	405414
46600	121817	121179	1092728
46700	120768	120008	1055112
46700	60704	60487	509065
46700	61186	60905	359748
46700	119653	119016	1094674
46700	122485	121714	1191065
46700	121807	121104	1041135
46700	121585	120898	312229
46700	121433	120752	1232504
46700	123090	122324	1085679
46700	122661	121875	525182
46700	122071	121320	1044951
46700	121851	121112	1144068
46700	60645	60395	1017403
46700	120481	119771	1078307
46700	113452	112848	540232
46700	60163	59935	1041743
46700	121564	120848	430331
46700	120712	120019	491463
46700	122108	121335	519582
46700	121394	120666	410766
46700	60354	60128	383285
46700	124162	123439	1084106
46700	122381	121617	1151200
46700	122982	122181	1244260
46700	121214	120490	506466
46700	60268	60061	401746
46700	122833	122113	456270
46700	120254	119559	517696
46700	120516	119813	1021024
46700	60655	60450	1159195
46700	121924	121195	471694
46700	123404	122568	519455
46700	121646	120996	1198805
46700	122663	121879	1103687
46700	120053	119347	491025
46700	120602	119952	474503
46700	122440	121717	1137488
46700	123225	122501	1234328
46700	121584	120800	1202498
46700	59401	59235	474916
46700	124055	123255	541783
46700	122922	122135	476952
46700	121308	120631	443524
46700	121551	120776	1184055
46700	121003	120304	454823
46700	121875	121141	451846
46700	60248	60037	523089
46700	121114	120342	1188907
46700	119760	118991	412900
46700	122004	121311	1067845
46800	121090	120389	544798
46800	122973	122231	1030476
46800	121888	121215	397352
46800	123060	122289	1155692
46800	122081	121355	347274
46800	119869	119213	1223998
46800	121572	120803	535860
46800	122334	121594	536365
46800	114370	113777	1152894
46800	121926	121229	522781
46800	120603	119857	1232450
46800	122481	121703	1070292
46800	124174	123440	1069022
46800	122124	121400	1169319
46800	122288	121531	1042613
46800	124304	123535	530606
46800	121672	120915	1116680
46800	122861	122133	482201
46800	122068	121417	1179104
46800	114046	113449	1164231
46800	121592	120872	382476
46800	122915	122125	445181
46800	122002	121237	1197215
46800	122290	121574	1205875
46800	121369	120716	398833
46800	120504	119838	453869
46800	121441	120687	504002
46800	122608	121868	1103032
46800	122494	121705	1178483
46800	120448	119818	359010
46800	119967	119331	1172217
46800	121221	120456	1146211
46800	122394	121621	1175241
46800	121323	120571	336339
46800	121729	121021	401552
46800	120819	120107	1164869
46800	124634	123838	534009
46800	122864	122091	1100667
46800	121306	120559	1097963
46800	123680	122908	491563
46800	121528	120815	1164004
46800	123643	122794	347583
46800	122357	121612	430743
46800	122329	121518	357896
46800	121678	120997	1120304
46800	121957	121224	1140132
46800	119943	119222	1019003
46800	121958	121188	421978
46800	124098	123284	340045
46800	60083	59867	1193797
46900	120687	119959	387953
46900	121417	120663	1040316
46900	124228	123417	1201333
46900	120971	120330	1247319
46900	114686	114127	1019060
46900	121609	120932	407242
46900	122324	121520	401381
46900	116012	115395	1127874
46900	124113	123308	1217248
46900	122981	122221	1187537
46900	122264	121510	1127062
46900	123060	122327	441444
46900	122285	121516	1155329
46900	123105	122393	431063
46900	122802	122075	1024294
46900	122538	121783	541101
46900	114805	114214	385272
46900	115189	114565	1060646
46900	122830	122043	328049
46900	121740	121059	337741
46900	123335	122537	461903
46900	120990	120341	1115575
46900	123069	122260	1096473
46900	121389	120597	1100602
46900	53755	53684	439575
46900	124285	123465	1203269
46900	122488	121779	1048583
46900	122555	121830	1226911
46900	122914	122159	432588
46900	117401	116734	1082701
46900	114671	114089	1151725
46900	121978	121181	1101660
46900	121614	120879	338611
46900	114131	113519	1224172
46900	122322	121591	1209377
46900	121954	121231	457799
46900	122967	122185	486803
46900	122886	122147	1107582
46900	122260	121507	1150217
46900	122569	121822	450358
46900	121616	120916	1059795
46900	120389	119751	454168
46900	121589	120874	1204534
46900	118991	118295	458449
46900	121753	121067	426428
46900	121170	120460	443427
46900	121041	120390	1042685
46900	120972	120259	1197091
46900	120928	120250	326317
46900	115695	115073	488109
47000	122249	121511	1241866
47000	120609	119919	370263
47000	123594	122837	422570
47000	122620	121866	1165269
47000	120881	120174	451542
47000	122152	121384	1240738
47000	120841	120173	1065881
47000	121775	121061	1190807
47000	122837	122095	423370
47000	61047	60801	323981
47000	122152	121393	385703
47000	120954	120300	508982
47000	122325	121607	336455
47000	114057	113576	1243808
47000	123534	122746	347099
47000	122432	121653	1072114
47000	121616	120849	455428
47000	121385	120709	522753
47000	121156	120483	377448
47000	122476	121773	1082047
47000	123925	123200	1086239
47000	122384	121702	538191
47000	122688	121965	540790
47000	123902	123135	475434
47000	122384	121652	1049799
47000	122226	121577	1096079
47000	122648	121949	1211013
47000	122855	122113	1100471
47000	121521	120782	1087080
47000	121817	121088	1170637
47000	123072	122315	504288
47000	121848	121121	408880
47000	121521	120848	1230555
47000	122276	121533	1036818
47000	123567	122778	346304
47000	121136	120409	1023318
47000	122593	121806	1230043
47000	122454	121673	1169301
47000	122648	121909	1219509
47000	120983	120272	1204734
47000	123750	123029	1204232
47000	122318	121622	1147487
47000	121914	121204	1243429
47000	122744	122079	337982
47000	122546	121803	434964
47000	121550	120863	340646
47000	123558	122829	446260
47000	121723	121002	385301
47000	120502	119813	477535
47000	123345	122549	1251243
47100	122296	121613	1069714
47100	122822	122113	395522
47100	124816	123944	349844
47100	122178	121460	502996
47100	121077	120396	315182
47100	123436	122658	1254655
47100	120610	119933	1032371
47100	122987	122288	533213
47100	121853	121139	1054458
47100	121459	120763	391372
47100	123308	122518	503187
47100	123932	123168	524130
47100	122341	121605	421736
47100	122403	121704	1122489
47100	122045	121363	1043521
47100	122158	121439	413662
47100	122726	122034	1139624
47100	122701	121987	1238966
47100	124968	124215	507060
47100	115915	115333	1209662
47100	59980	59797	540789
47100	60449	60233	351977
47100	124278	123456	1072069
47100	121697	121028	344408
47100	121075	120321	374044
47100	121530	120837	514602
47100	123945	123150	460590
47100	122094	121366	399382
47100	121562	120852	1203866
47100	124001	123181	1237963
47100	113638	113146	1157188
47100	122995	122220	389147
47100	122819	122069	343543
47100	123369	122592	451858
47100	122148	121474	1120639
47100	123235	122534	374503
47100	122175	121421	1173004
47100	121765	121069	345281
47100	121684	120983	507644
47100	123328	122560	1155481
47100	122423	121690	1234420
47100	122273	121479	539484
47100	122234	121557	548157
47100	123214	122475	479108
47100	120052	119390	1205589
47100	115001	114393	409206
47100	121584	120822	400104
47100	123047	122328	1166396
47100	121979	121229	1179926
47100	121546	120802	1038132
47200	60570	60357	1090003
47200	122003	121314	1155073
47200	123078	122358	315881
47200	123162	122409	1056054
47200	120960	120333	1204774
47200	122099	121333	1181136
47200	61723	61478	1181156
47200	123213	122492	409662
47200	123727	122973	1111584
47200	122598	121847	478463
47200	122029	121336	517859
47200	123502	122678	1069005
47200	123551	122833	1066394
47200	122994	122228	343515
47200	113802	113255	1176672
47200	125181	124400	378903
47200	122330	121558	1062031
47200	123677	122980	510489
47200	122935	122202	347997
47200	123383	122573	326762
47200	121638	120958	1186344
47200	122055	121323	1219518
47200	121254	120567	1241641
47200	123524	122788	483059
47200	124228	123429	396956
47200	122347	121610	1191412
47200	122264	121616	499089
47200	122790	122098	1188313
47200	122105	121340	542294
47200	122816	122048	512577
47200	124654	123902	413726
47200	121038	120396	1145716
47200	120492	119839	1117209
47200	123254	122478	1133981
47200	121050	120393	1131565
47200	120973	120363	1251688
47200	123557	122785	440873
47200	120985	120362	437982
47200	123191	122475	1052215
47200	123277	122581	390794
47200	121207	120453	357176
47200	121101	120343	1241606
47200	117458	116793	1212530
47200	121420	120692	349853
47200	124724	123883	1085583
47200	124045	123282	1181196
47200	122267	121578	409418
47200	123730	122966	1180227
47200	121889	121215	1182791
47200	122144	121401	1226887
47300	123868	123171	538735
47300	124227	123470	1111716
47300	121399	120783	326145
47300	121772	121099	461873
47300	122380	121654	1241704
47300	122613	121944	1236413
47300	122607	121909	1054740
47300	121437	120701	432974
47300	122852	122105	1184064
47300	125054	124292	1161878
47300	123891	123051	476819
47300	122183	121412	397850
47300	122445	121772	1223705
47300	124709	123943	517714
47300	124263	123500	518997
47300	123190	122379	448012
47300	122501	121777	1238187
47300	121224	120504	439418
47300	121019	120402	450462
47300	122186	121395	539327
47300	123518	122762	1137157
47300	122448	121707	506098
47300	124457	123589	508036
47300	121289	120674	1260081
47300	121615	120980	524609
47300	125085	124283	1219415
47300	123483	122755	542275
47300	123875	123099	451400
47300	122552	121870	404320
47300	123712	122963	1222249
47300	123433	122720	462017
47300	124146	123443	331689
47300	126604	125790	471045
47300	123355	122552	441413
47300	123771	123059	491679
47300	120844	120172	519129
47300	123493	122821	1087594
47300	123186	122476	490484
47300	122617	121923	490721
47300	116896	116327	526705
47300	122774	122064	1049308
47300	122524	121832	1193585
47300	122368	121734	475236
47300	123383	122600	494655
47300	122446	121769	1243361
47300	122517	121811	1232821
47300	124457	123675	368916
47300	123866	123161	368751
47300	121358	120724	1254193
47300	124596	123804	1094139
47400	61010	60783	501232
47400	123657	122862	1215841
47400	124029	123339	336005
47400	122536	121846	1176511
47400	121639	120881	414386
47400	124325	123549	1082475
47400	117307	116700	415265
47400	123478	122668	361567
47400	122035	121297	1256617
47400	122500	121750	435085
47400	123332	122580	334438
47400	123995	123244	541636
47400	122788	122040	326345
47400	125030	124254	1245804
47400	61363	61130	485863
47400	122316	121611	437199
47400	123917	123108	1148047
47400	123779	123059	466950
47400	123708	123018	1132471
47400	122586	121868	318333
47400	122961	122245	1045208
47400	123216	122503	1241396
47400	123008	122298	453349
47400	124906	124068	1227300
47400	122258	121542	514019
47400	61213	60995	1225640
47400	61365	61111	1241221
47400	124430	123685	402104
47400	123169	122469	1104030
47400	124978	124227	1227040
47400	123899	123170	1218386
47400	61238	61037	483261
47400	124547	123775	441532
47400	124976	124180	406078
47400	124465	123670	1229474
47400	123493	122729	1103725
47400	124656	123921	1255455
47400	124210	123434	533952
47400	124649	123883	538919
47400	123613	122846	488380
47400	125153	124359	539989
47400	124274	123553	437085
47400	123610	122873	1196642
47400	123051	122313	492676
47400	123348	122589	360874
47400	122830	122086	454960
47400	124100	123295	532340
47400	124466	123651	1244952
47400	124179	123426	1130963
47400	125155	124391	525270
47500	123104	122381	1047179
47500	125132	124285	519988
47500	122560	121784	511349
47500	123993	123232	471287
47500	125309	124612	500630
47500	123402	122707	1140754
47500	123173	122423	550119
47500	123289	122505	460100
47500	61658	61418	332113
47500	120154	119512	456458
47500	122914	122175	371682
47500	123219	122520	387797
47500	122118	121429	413903
47500	124371	123638	481973
47500	125146	124361	1029421
47500	123441	122644	1071693
47500	122208	121437	415090
47500	122789	122090	498945
47500	124568	123806	1150123
47500	117247	116593	328350
47500	124032	123304	358408
47500	122571	121847	348574
47500	123949	123262	474377
47500	122354	121695	342512
47500	122678	122010	483030
47500	124878	124122	517695
47500	123947	123289	531754
47500	124287	123521	1219890
47500	122785	122064	467244
47500	125021	124264	1060677
47500	124096	123365	1070500
47500	124685	123969	1261635
47500	125313	124582	1160468
47500	116604	115973	491018
47500	124374	123675	414402
47500	122975	122239	525474
47500	123738	122985	408751
47500	123074	122331	1216887
47500	123081	122391	1151641
47500	125616	124804	1157899
47500	115567	115005	1142514
47500	61144	60942	553871
47500	126106	125336	433329
47500	124271	123462	346715
47500	123717	122992	1033617
47500	122015	121320	1082300
47500	115803	115199	355425
47500	124405	123629	319758
47500	123996	123207	1089700
47500	124132	123367	1085183
47600	124585	123807	1118372
47600	123715	122987	1156937
47600	125019	124244	1143225
47600	122070	121413	492447
47600	124369	123661	1092720
47600	123259	122526	1084909
47600	123818	123093	1144174
47600	124800	123989	1213431
47600	124868	124112	1051414
47600	124167	123424	364355
47600	60974	60764	1228233
47600	123230	122521	382053
47600	124703	123919	1110468
47600	123937	123157	1076922
47600	61068	60882	345340
47600	123841	123075	531179
47600	126094	125331	1226085
47600	123998	123268	1054938
47600	125697	124876	518001
47600	125270	124517	354968
47600	125579	124748	1249005
47600	125319	124614	360988
47600	124435	123678	1083810
47600	123991	123247	441112
47600	61887	61624	343434
47600	123697	122929	414020
47600	125051	124305	467984
47600	124999	124201	1179209
47600	123757	122972	332589
47600	61564	61364	1256726
47600	124662	123908	418078
47600	123090	122356	1222789
47600	124820	124050	537706
47600	122935	122244	393352
47600	61924	61699	501901
47600	123652	122987	1175255
47600	122939	122224	430579
47600	61165	60945	1164156
47600	61672	61439	1232788
47600	123250	122578	1117986
47600	123945	123218	1169511
47600	124146	123440	485828
47600	124457	123699	405706
47600	123607	122867	1121825
47600	61768	61541	421148
47600	61820	61625	458793
47600	124426	123692	1231775
47600	126242	125427	478056
47600	122617	121939	1175116
47600	124867	124115	334178
47700	115981	115391	424667
47700	123514	122857	1177595
47700	125651	124855	1053383
47700	124429	123672	1199188
47700	124834	124107	516145
47700	125863	125068	1139423
47700	116896	116311	1258005
47700	123162	122453	510334
47700	118127	117476	1046467
47700	115779	115194	365692
47700	117633	117015	523930
47700	124765	123997	379415
47700	124400	123653	1261962
47700	117156	116571	356003
47700	124128	123424	1062925
47700	126364	125596	425252
47700	117717	117092	401448
47700	117402	116837	1213131
47700	61622	61419	409405
47700	118390	117762	351762
47700	117009	116405	1151839
47700	117640	117083	1191547
47700	123532	122787	522439
47700	124387	123562	1037028
47700	123709	122975	1167807
47700	116941	116346	341205
47700	124750	124032	1182937
47700	123282	122583	420655
47700	125434	124637	1115444
47700	123108	122445	516974
47700	116343	115705	381560
47700	124791	124028	1059087
47700	123844	123119	454801
47700	116102	115522	1124878
47700	123873	123159	1257552
47700	123330	122642	1170307
47700	116903	116339	1235202
47700	116178	115662	554460
47700	62400	62128	366520
47700	62017	61780	1081397
47700	126634	125871	493887
47700	118147	117525	377045
47700	125978	125134	415721
47700	123429	122714	518595
47700	117397	116831	319655
47700	124122	123392	552717
47700	117943	117328	1111318
47700	125356	124578	1244564
47700	123860	123146	1147388
47700	123649	122892	524021
47800	123493	122748	351913
47800	124995	124227	1240198
47800	117183	116591	539210
47800	124252	123526	1045952
47800	123843	123184	345535
47800	124813	124047	1078963
47800	123810	123059	1077887
47800	125632	124899	1039786
47800	123205	122516	1172928
47800	124039	123257	1049419
47800	117988	117380	537293
47800	118027	117432	1041815
47800	123952	123292	1161031
47800	118208	117565	1222322
47800	124390	123598	442249
47800	117015	116429	527144
47800	124480	123696	1273841
47800	125241	124446	1234211
47800	123602	122927	1172805
47800	124675	123908	1089587
47800	126164	125363	1235980
47800	125587	124836	1037238
47800	125280	124607	1209912
47800	117801	117232	429909
47800	117376	116788	405653
47800	124395	123644	1135173
47800	124368	123603	431666
47800	125163	124444	332766
47800	124955	124243	1252719
47800	126693	125894	496007
47800	125325	124521	1163674
47800	124266	123517	1048794
47800	117815	117193	1269529
47800	117145	116585	1244338
47800	124987	124200	1212836
47800	126165	125371	1176171
47800	124120	123372	483805
47800	124620	123833	384385
47800	116635	116040	1036494
47800	124144	123450	1148588
47800	115911	115326	1082307
47800	124093	123328	1075065
47800	124562	123744	475546
47800	123500	122790	1183788
47800	124934	124122	395925
47800	124572	123802	1258838
47800	123049	122329	404117
47800	124553	123815	1093908
47800	116540	115909	393025
47800	117667	117039	498702
47900	123833	123129	1219121
47900	124231	123533	483611
47900	123754	123048	1167080
47900	124209	123453	1228261
47900	126398	125646	382118
47900	61929	61711	1235516
47900	122900	122277	431576
47900	123463	122767	1118231
47900	124177	123456	1082724
47900	125522	124776	388742
47900	123817	123120	1243210
47900	124904	124167	459666
47900	125950	125132	391696
47900	125320	124555	492701
47900	124496	123813	1123630
47900	124833	124096	402015
47900	125096	124391	461165
47900	123997	123362	1208669
47900	126044	125270	1064063
47900	61980	61770	489072
47900	125810	125005	437196
47900	127642	126843	1259473
47900	124151	123479	1258476
47900	125075	124318	1208184
47900	123442	122768	466212
47900	124466	123788	1223069
47900	123887	123144	1156284
47900	125478	124763	404701
47900	124755	123984	370066
47900	125043	124255	415729
47900	61668	61459	453335
47900	126038	125248	1236955
47900	124253	123478	455171
47900	124162	123391	1045715
47900	122751	122013	1173630
47900	125724	125001	421525
47900	123553	122814	461972
47900	124702	123944	462974
47900	125893	125158	337643
47900	126000	125237	1248693
47900	125471	124732	1095338
47900	122088	121436	1061974
47900	124958	124189	1062818
47900	125195	124442	532641
47900	123008	122369	1136562
47900	124762	124068	486564
47900	126550	125803	335067
47900	124915	124236	1180462
47900	125109	124312	1129005
47900	125096	124356	1124215
48000	124387	123694	1248729
48000	124304	123589	507291
48000	61721	61513	1214021
48000	123764	123023	427353
48000	124347	123600	485422
48000	124780	124112	358607
48000	124466	123695	1107977
48000	126002	125283	423514
48000	124664	123924	1247126
48000	125030	124270	419728
48000	117990	117347	375460
48000	125309	124570	469271
48000	124344	123543	402556
48000	126110	125350	557200
48000	122897	122225	461852
48000	125235	124500	514192
48000	124913	124129	469519
48000	124694	123990	551655
48000	125450	124725	1174162
48000	62774	62528	525046
48000	124543	123858	1054678
48000	125232	124530	1265590
48000	124728	123909	425016
48000	125350	124643	1072422
48000	126514	125678	525511
48000	125616	124917	499998
48000	125429	124648	1095109
48000	124691	123890	538378
48000	124531	123751	419822
48000	118028	117444	430324
48000	126553	125726	1114654
48000	124527	123782	1090870
48000	125024	124249	333066
48000	123518	122892	1097141
48000	125327	124578	1190252
48000	125710	124949	557611
48000	125011	124245	1203621
48000	124632	123867	386681
48000	125032	124278	1188674
48000	125840	125118	356746
48000	124419	123633	331198
48000	122968	122336	502251
48000	125521	124729	1165210
48000	124019	123227	485034
48000	125420	124616	1277497
48000	126473	125672	1203871
48000	123937	123208	473563
48000	126037	125290	1193373
48000	124290	123515	1133619
48000	118333	117753	1248243
48100	125547	124808	1111811
48100	126049	125259	1139711
48100	123346	122661	469281
48100	125080	124293	1186034
48100	126360	125567	1234616
48100	124975	124277	1152066
48100	126936	126106	1196954
48100	126344	125619	1256327
48100	125469	124684	498809
48100	125600	124855	441510
48100	125709	125009	1256462
48100	125816	125002	488889
48100	126565	125816	1251287
48100	123841	123147	1169903
48100	126795	126023	358161
48100	124943	124248	416607
48100	127373	126618	538636
48100	125498	124738	1143777
48100	126733	125936	1124240
48100	124698	123988	405323
48100	123700	123031	1280203
48100	127205	126426	352914
48100	124247	123526	1125427
48100	124396	123703	1257123
48100	124156	123366	1243097
48100	125298	124544	515374
48100	125456	124759	377029
48100	124766	124072	1250382
48100	126297	125512	445232
48100	126123	125381	1272612
48100	128028	127163	1181952
48100	126416	125587	1142332
48100	124842	124115	1219222
48100	124746	124091	494825
48100	124828	124089	405960
48100	126363	125578	1131723
48100	126416	125706	557993
48100	125421	124668	480151
48100	125754	124956	1168224
48100	123578	122853	416623
48100	126987	126097	1087333
48100	61709	61517	325406
48100	124558	123796	390252
48100	124673	123971	1239514
48100	125605	124830	408996
48100	124935	124232	389679
48100	124877	124163	443032
48100	125337	124638	1265752
48100	124334	123538	1217330
48100	127327	126521	1157233
48200	126479	125734	444679
48200	126910	126172	1132176
48200	126830	126087	1149145
48200	124495	123759	464810
48200	125584	124829	522153
48200	125489	124742	454506
48200	127124	126357	1169086
48200	124164	123458	390920
48200	127396	126579	1240331
48200	125775	124994	549354
48200	123944	123209	1282673
48200	126122	125376	416603
48200	125070	124268	1257697
48200	125328	124569	1208939
48200	124428	123833	1093105
48200	125284	124508	1097097
48200	126427	125725	342561
48200	125071	124297	348853
48200	126425	125614	1064248
48200	125601	124906	534919
48200	126293	125540	351074
48200	124420	123737	1090508
48200	123463	122821	1254891
48200	124130	123454	1181622
48200	127208	126390	1075650
48200	125473	124719	1074354
48200	126854	126132	1063511
48200	125432	124719	1246267
48200	126839	126096	398028
48200	62650	62429	1049981
48200	124125	123466	379998
48200	125613	124889	326142
48200	122594	121906	1085167
48200	124163	123434	433224
48200	125517	124777	1086496
48200	125372	124655	1064052
48200	125259	124593	1074550
48200	125590	124892	1234569
48200	125457	124722	1231479
48200	125563	124827	464387
48200	127606	126869	1112461
48200	125565	124816	325028
48200	127023	126241	1132611
48200	126587	125857	1200384
48200	124991	124261	1210288
48200	126469	125679	492398
48200	117565	117042	1276630
48200	125213	124510	412338
48200	122042	121378	334551
48200	127717	126962	459679
48300	126384	125591	364448
48300	126415	125638	404700
48300	125179	124542	1105890
48300	125292	124618	499704
48300	124384	123689	1219171
48300	126657	125878	447732
48300	125028	124267	1210819
48300	125433	124729	1056040
48300	126671	125943	371456
48300	126966	126194	1146462
48300	125601	124804	563277
48300	61667	61478	1050467
48300	126508	125709	1097128
48300	126308	125509	1138699
48300	62844	62636	1079127
48300	124256	123539	1151538
48300	126088	125357	458415
48300	62668	62462	353658
48300	125223	124541	350716
48300	62704	62493	1209904
48300	126260	125510	1184582
48300	126353	125615	455723
48300	126818	126076	1206520
48300	124005	123292	358606
48300	126342	125569	345052
48300	125714	124990	546302
48300	125483	124760	1090090
48300	126050	125275	1052472
48300	125063	124229	1261045
48300	123512	122845	427942
48300	123634	122936	500045
48300	125594	124847	1148252
48300	125781	125004	1103623
48300	125243	124486	509186
48300	125440	124694	534592
48300	125716	124989	543103
48300	62811	62562	328118
48300	125082	124361	1263876
48300	126402	125629	1162231
48300	125698	124862	463807
48300	126065	125377	1104257
48300	125645	124928	489389
48300	125442	124682	1203478
48300	125235	124516	1125198
48300	125147	124418	1106920
48300	124493	123765	1220169
48300	127458	126666	537171
48300	125554	124883	1256415
48300	126319	125558	1243078
48300	125818	125067	404229
48400	125864	125096	1073144
48400	126907	126101	512635
48400	124254	123510	1237901
48400	126397	125658	1157760
48400	127259	126482	1092360
48400	127795	126948	439390
48400	126494	125759	1101300
48400	125498	124787	1150939
48400	126801	126047	413624
48400	126552	125812	537611
48400	126751	125996	489081
48400	126079	125376	498292
48400	125718	125006	336243
48400	125602	124826	1169104
48400	127408	126593	1195365
48400	126486	125695	1073527
48400	125627	124924	1286733
48400	126256	125477	1206711
48400	128187	127365	1117976
48400	126452	125628	493718
48400	126725	125991	1263115
48400	124907	124213	1200705
48400	124501	123794	1082096
48400	126882	126117	1217013
48400	126673	125912	1128188
48400	125941	125159	1271952
48400	126489	125689	373205
48400	125270	124504	334029
48400	125880	125107	536953
48400	127430	126692	1245246
48400	128239	127420	1180621
48400	126252	125514	541943
48400	124184	123525	539192
48400	126975	126197	464795
48400	125444	124704	426955
48400	127766	126933	1276327
48400	126159	125419	468716
48400	126994	126197	1257304
48400	126441	125631	1193692
48400	126816	125973	556847
48400	124926	124204	1282761
48400	126139	125403	497052
48400	125397	124686	1145920
48400	126775	125958	1101829
48400	125857	125148	539449
48400	119441	118837	1118221
48400	124750	124042	1132805
48400	126113	125323	1288697
48400	126069	125328	1223833
48400	126312	125549	1234964
48500	126216	125478	513245
48500	127682	126928	477923
48500	125926	125196	507989
48500	126130	125343	1275865
48500	126145	125421	1154724
48500	125846	125105	336694
48500	126060	125337	1117573
48500	127246	126478	388769
48500	128620	127754	472653
48500	126774	126028	455207
48500	126752	126010	450042
48500	128631	127845	349499
48500	126167	125500	508609
48500	127435	126667	1160280
48500	125377	124626	370481
48500	62695	62464	482382
48500	126611	125817	392556
48500	125111	124407	1090486
48500	127251	126538	489451
48500	125244	124510	519927
48500	62685	62465	1101587
48500	128077	127248	1137973
48500	125659	124922	1194801
48500	119701	119103	545059
48500	124123	123430	436304
48500	126259	125477	385749
48500	126890	126063	1207237
48500	126775	125992	1067224
48500	125727	125014	454875
48500	126897	126191	1168344
48500	61635	61469	468491
48500	126268	125463	1064023
48500	126164	125407	434935
48500	62858	62607	1264276
48500	125976	125259	548313
48500	118876	118299	347708
48500	129175	128352	1107223
48500	126539	125749	1091801
48500	125362	124619	1161210
48500	126827	126088	1078096
48500	63079	62861	1058521
48500	62692	62476	441506
48500	129195	128321	358343
48500	127513	126766	1114590
48500	118767	118159	530547
48500	127483	126695	396629
48500	127525	126749	528566
48500	127516	126691	488396
48500	127155	126318	445093
48500	125242	124512	1281144
48600	126225	125471	1246127
48600	126679	125956	1063943
48600	126179	125374	1141048
48600	128553	127711	447080
48600	126893	126150	499599
48600	126246	125554	1135416
48600	127157	126373	566692
48600	127094	126331	1278840
48600	127780	126973	1138635
48600	118836	118308	1059507
48600	127910	127110	503025
48600	126739	125935	1144671
48600	126115	125378	366731
48600	127023	126324	1181603
48600	127532	126736	1261023
48600	126515	125699	466601
48600	128626	127826	1066753
48600	126849	126102	425794
48600	62448	62246	1117480
48600	128648	127905	1133524
48600	126503	125695	461565
48600	125651	124885	1256644
48600	125767	125064	357296
48600	125319	124623	1131182
48600	126272	125582	554924
48600	127807	127006	1232663
48600	128460	127666	1272882
48600	126351	125618	1227771
48600	126237	125500	423735
48600	126782	126070	466415
48600	126210	125455	442299
48600	126506	125790	340840
48600	126545	125742	484201
48600	124879	124225	1071457
48600	124696	124065	370884
48600	125110	124426	1103752
48600	124521	123886	461736
48600	128127	127302	357057
48600	125338	124612	1247046
48600	127744	126966	1131779
48600	127551	126789	566172
48600	126233	125551	552872
48600	126528	125795	449059
48600	124793	124094	1100891
48600	128505	127610	1059644
48600	126558	125751	1127760
48600	126146	125485	337836
48600	127066	126346	436664
48600	128079	127269	479128
48600	125147	124460	405254
48700	124419	123719	518224
48700	127140	126372	391445
48700	125082	124374	332972
48700	126382	125610	478059
48700	126207	125472	337090
48700	126599	125855	331176
48700	118035	117443	1241640
48700	127193	126383	1128260
48700	128353	127547	1160528
48700	126225	125551	1266365
48700	126408	125747	397100
48700	126466	125694	1256821
48700	125613	124897	514003
48700	128497	127662	1125156
48700	127230	126504	332397
48700	127936	127154	1276515
48700	127032	126297	533254
48700	127065	126337	539892
48700	127223	126472	358798
48700	125040	124349	1100930
48700	127634	126906	1123558
48700	125324	124608	394770
48700	125709	125008	1123953
48700	127528	126800	568005
48700	126982	126169	1083810
48700	118684	118097	1150702
48700	126659	125891	419997
48700	128607	127836	1083034
48700	127924	127092	1096566
48700	126967	126207	566007
48700	124434	123753	1076375
48700	125500	124857	518068
48700	126618	125852	1297696
48700	118735	118197	390630
48700	125053	124399	1212032
48700	125606	124818	371797
48700	125876	125247	394740
48700	117320	116805	327846
48700	124747	124063	483382
48700	118578	117954	548637
48700	126309	125597	1268318
48700	126821	126107	538381
48700	124155	123488	445181
48700	124928	124186	413195
48700	128994	128137	339411
48700	126057	125348	1221981
48700	126247	125562	1159350
48700	126848	126097	437253
48700	127419	126625	1243893
48700	126796	126012	1260770
48800	126194	125480	447060
48800	126326	125683	338443
48800	126492	125808	407716
48800	127822	127076	404653
48800	126113	125389	413107
48800	124826	124172	1256789
48800	126166	125465	493107
48800	125782	125040	458761
48800	126114	125342	365120
48800	126677	125971	554697
48800	126405	125641	385161
48800	127272	126427	449251
48800	126917	126174	1271329
48800	127231	126551	534610
48800	126011	125255	436099
48800	127533	126797	371192
48800	126727	125982	1247209
48800	125068	124325	1101128
48800	127177	126426	344696
48800	125567	124918	1106090
48800	125212	124521	496341
48800	125783	125168	1178485
48800	129225	128383	552265
48800	119318	118760	490601
48800	128702	127826	408523
48800	128682	127893	1218239
48800	127157	126436	1133612
48800	125647	124954	388557
48800	126386	125689	1100161
48800	125154	124462	1165282
48800	124649	123953	1285437
48800	126798	126011	1211236
48800	63294	63082	1069607
48800	62932	62741	1297588
48800	125766	125077	1236364
48800	125925	125171	1228800
48800	126616	125935	331099
48800	125779	125069	374319
48800	126134	125433	459328
48800	125924	125218	564566
48800	126233	125549	1271673
48800	126820	126128	488384
48800	125865	125201	1294094
48800	125934	125158	1294222
48800	126531	125796	475413
48800	127244	126487	1141901
48800	124578	123816	395245
48800	124761	124047	503527
48800	125764	125054	493490
48800	126836	126084	1210786
48900	126134	125454	1267521
48900	127326	126622	469284
48900	125914	125232	424848
48900	126871	126117	440063
48900	126212	125463	568900
48900	128269	127488	1175659
48900	129696	128902	559242
48900	127271	126506	1285427
48900	126185	125474	1301982
48900	125515	124797	1099869
48900	125647	124976	1119742
48900	127501	126793	1099202
48900	126272	125571	1189964
48900	125770	125049	1185114
48900	127590	126821	1290548
48900	125626	124926	1151207
48900	128236	127432	481290
48900	126151	125477	542210
48900	127392	126660	492146
48900	126883	126134	1255253
48900	127216	126537	420236
48900	127478	126715	384518
48900	127515	126726	1157096
48900	126695	125979	532252
48900	127045	126244	1271243
48900	126951	126208	481316
48900	127069	126355	1228835
48900	125825	125111	1243607
48900	126213	125564	1241997
48900	127487	126716	1120177
48900	126305	125633	1255360
48900	127734	126956	522451
48900	127999	127214	1069739
48900	128819	128027	1106987
48900	127811	127065	1206703
48900	126977	126228	411940
48900	118215	117677	1293753
48900	126520	125814	396270
48900	126286	125548	342046
48900	63328	63106	1077096
48900	126884	126135	538461
48900	128006	127213	1282691
48900	127316	126549	1062588
48900	126355	125619	1242987
48900	130111	129295	1187742
48900	63759	63502	441314
48900	126915	126162	351870
48900	127385	126601	329995
48900	126619	125895	544352
48900	127434	126671	1104320
49000	129550	128755	355492
49000	129177	128357	1119658
49000	127803	127085	1157105
49000	129107	128382	513023
49000	127276	126552	378012
49000	120337	119749	1257289
49000	121369	120747	1151843
49000	119695	119153	393387
49000	126625	125863	1258690
49000	126931	126214	432964
49000	120323	119670	413807
49000	119883	119287	1305790
49000	127991	127264	464320
49000	128879	128093	1182496
49000	127205	126473	1227463
49000	128404	127623	1301467
49000	63772	63550	1257082
49000	120729	120085	1281832
49000	55975	55917	469108
49000	126887	126204	347021
49000	127835	127061	558828
49000	119105	118550	1231462
49000	120379	119761	1119852
49000	127296	126605	1063458
49000	119835	119245	1294167
49000	121200	120565	395454
49000	129372	128523	413816
49000	128274	127529	533100
49000	120559	119979	1255752
49000	119281	118723	553042
49000	125662	124966	1261796
49000	126418	125696	492771
49000	128810	128037	1130898
49000	122158	121474	514195
49000	128378	127589	456577
49000	127125	126382	380784
49000	127498	126724	1205389
49000	126345	125585	369492
49000	120429	119845	369225
49000	118729	118115	340256
49000	126806	126054	1157492
49000	127446	126747	1273381
49000	127554	126917	420870
49000	119091	118493	1141258
49000	121498	120908	352669
49000	128439	127743	1068722
49000	119017	118438	1068006
49000	126528	125838	509422
49000	127069	126328	413341
49000	120804	120164	1086509
49100	127971	127218	1223138
49100	63214	62982	1308121
49100	127609	126730	1098622
49100	119808	119211	1302338
49100	128858	128066	526775
49100	128814	128032	1122980
49100	127529	126761	444885
49100	126575	125867	459705
49100	127660	126934	430896
49100	129298	128500	1132846
49100	124626	123973	553002
49100	123239	122569	362342
49100	126518	125771	1074449
49100	127204	126483	464244
49100	63732	63495	1141926
49100	128206	127470	1210205
49100	129003	128194	555608
49100	63438	63213	1259495
49100	127751	127048	1111452
49100	128568	127818	398938
49100	120258	119608	528989
49100	127539	126821	539502
49100	126736	126108	393910
49100	127446	126702	525872
49100	127041	126254	393141
49100	125793	125120	1087271
49100	126908	126196	1263742
49100	127574	126893	1216180
49100	127883	127144	1119455
49100	128478	127665	1290060
49100	127407	126691	1236318
49100	127938	127207	1156539
49100	128218	127527	380508
49100	127475	126735	1272487
49100	127807	127009	1307671
49100	127712	126987	1141679
49100	127855	127112	1147309
49100	128166	127395	1064982
49100	126838	126104	1144171
49100	127312	126575	1263384
49100	128105	127368	384753
49100	129244	128492	1067003
49100	128482	127653	1288876
49100	127633	126833	1304478
49100	128223	127490	1219515
49100	127571	126810	329234
49100	126383	125678	404099
49100	129229	128433	572189
49100	129532	128760	557946
49100	127910	127157	1144464
49200	127490	126813	1273473
49200	128692	127863	465683
49200	129441	128648	550574
49200	128401	127654	406678
49200	126961	126235	1266082
49200	128639	127860	402769
49200	127571	126793	1137858
49200	127962	127260	1191848
49200	128540	127752	1290554
49200	127401	126697	461588
49200	130627	129855	1266217
49200	127121	126408	1071182
49200	127975	127271	512784
49200	128357	127624	1265244
49200	127468	126734	1284316
49200	129107	128347	1236623
49200	128036	127328	1080368
49200	128796	127992	489751
49200	127270	126566	355629
49200	127876	127115	1204796
49200	127587	126876	526384
49200	127133	126409	557790
49200	127319	126576	500910
49200	127872	127053	1223970
49200	63457	63246	413264
49200	130377	129614	1185053
49200	127397	126627	1273817
49200	128671	127875	408437
49200	127344	126680	399604
49200	127546	126799	1093183
49200	129203	128482	1156996
49200	129206	128431	1141330
49200	128652	127893	389673
49200	129473	128669	1282460
49200	126898	126220	1124151
49200	128967	128228	433119
49200	129595	128822	1260806
49200	129231	128452	1160903
49200	129199	128417	424118
49200	127161	126454	332570
49200	126954	126263	360295
49200	129321	128529	454268
49200	127258	126562	1227091
49200	128801	128019	566469
49200	129754	128927	1226235
49200	128315	127560	445333
49200	128880	128148	1213219
49200	127967	127271	1277722
49200	127464	126694	329547
49200	128416	127639	422407
49300	127088	126344	501349
49300	128036	127228	1129702
49300	128632	127898	1254675
49300	128618	127829	1107139
49300	128460	127680	342609
49300	120144	119585	425256
49300	126740	126061	1094009
49300	63777	63564	359522
49300	129627	128898	390950
49300	130453	129695	1281047
49300	121202	120572	382621
49300	128299	127544	1185586
49300	126519	125832	1202666
49300	128268	127495	1177911
49300	127645	126963	1258684
49300	128795	128033	475300
49300	126880	126167	1175749
49300	130980	130125	445301
49300	120141	119577	450957
49300	128170	127372	484250
49300	129683	128954	534238
49300	128429	127693	430794
49300	128262	127547	456958
49300	129960	129141	1123070
49300	121979	121371	440746
49300	129549	128772	405131
49300	121196	120612	346845
49300	130263	129487	436953
49300	130137	129335	1203349
49300	128527	127785	1135710
49300	128373	127645	343226
49300	126127	125486	1096523
49300	128254	127479	419789
49300	127525	126751	1244697
49300	120025	119510	1111187
49300	126264	125564	1106571
49300	127759	127040	1226262
49300	127886	127123	562626
49300	120905	120317	352248
49300	126201	125526	388129
49300	130040	129172	1195995
49300	121169	120595	1206731
49300	64139	63885	1151635
49300	121063	120443	1193150
49300	126177	125511	1258114
49300	128866	128032	527385
49300	127775	127021	1155773
49300	128489	127720	501683
49300	128660	127908	415507
49300	127497	126820	1220591
49400	64036	63785	1080104
49400	129645	128896	1285084
49400	128212	127433	1208350
49400	127840	127121	389741
49400	128555	127850	415297
49400	64241	64002	454848
49400	128078	127328	1116763
49400	128305	127529	381719
49400	127365	126690	1155892
49400	128087	127419	1153341
49400	128030	127264	399311
49400	128701	127940	1168632
49400	128681	127941	1077944
49400	129025	128281	1149408
49400	128157	127374	1263792
49400	131157	130310	467990
49400	128722	127922	1315478
49400	129242	128471	388983
49400	128637	127911	1169350
49400	128203	127445	528527
49400	127348	126522	1100038
49400	128116	127379	1091064
49400	121776	121159	1260273
49400	63838	63610	552477
49400	128046	127319	513799
49400	129678	128934	1142176
49400	127070	126402	1178311
49400	129381	128634	1123819
49400	130421	129674	447495
49400	126951	126289	1085075
49400	127460	126680	1080451
49400	129981	129247	359434
49400	128825	128119	491164
49400	129648	128853	1095892
49400	129785	128940	417347
49400	129094	128342	566476
49400	128778	128052	1123754
49400	128776	128051	348130
49400	63938	63708	1165032
49400	127692	126972	1239461
49400	126595	125906	465087
49400	64252	64013	1225111
49400	127779	127135	335634
49400	128693	127981	514653
49400	131210	130389	1159262
49400	63831	63614	1200611
49400	127751	127007	1169941
49400	130297	129501	1082160
49400	127423	126645	418994
49400	127726	126989	439530
49500	129126	128284	1312683
49500	128296	127584	1191262
49500	128337	127586	1194853
49500	64224	63974	539474
49500	128066	127382	343268
49500	129100	128367	477026
49500	129311	128570	472559
49500	64034	63826	1112767
49500	130660	129909	377058
49500	129751	128962	1308871
49500	129422	128711	560416
49500	127889	127249	1084141
49500	127592	126889	500542
49500	121383	120818	534531
49500	127772	127066	1216376
49500	128397	127669	354020
49500	128900	128168	1188835
49500	128846	128079	1306823
49500	129331	128584	362342
49500	129221	128450	1171038
49500	129900	129142	1099483
49500	128816	128067	1093980
49500	128909	128140	458447
49500	129166	128396	547542
49500	126441	125805	1134050
49500	127374	126652	1317872
49500	128968	128196	1115213
49500	127160	126393	1302404
49500	129734	128994	499161
49500	128983	128257	547524
49500	129051	128311	1114168
49500	64632	64387	1245775
49500	127832	127164	466827
49500	129377	128596	502542
49500	130088	129331	1261707
49500	128864	128131	512238
49500	122477	121851	1117258
49500	127957	127269	362306
49500	128420	127642	418371
49500	128067	127348	1231955
49500	130013	129222	1183778
49500	128090	127401	1076128
49500	128111	127397	414851
49500	126093	125382	1141395
49500	121834	121272	564108
49500	128850	128080	1087927
49500	128521	127774	1129375
49500	129719	128936	1147629
49500	130039	129191	1272917
49500	128327	127599	1089128
49600	128049	127298	1223751
49600	129488	128733	488268
49600	128762	128069	437821
49600	128990	128204	342337
49600	130158	129387	529957
49600	128106	127398	1114427
49600	121802	121174	382368
49600	130322	129649	1127725
49600	130357	129550	441904
49600	129863	129119	1299475
49600	127612	126903	522663
49600	129719	128984	1136173
49600	129197	128426	1308158
49600	129549	128782	404519
49600	127292	126673	508582
49600	127726	127045	512138
49600	130976	130161	1200761
49600	129998	129215	356522
49600	130778	129992	393534
49600	130359	129544	1131511
49600	129813	129030	345125
49600	129969	129264	1217702
49600	128728	128044	1099840
49600	131054	130257	381341
49600	129975	129161	407980
49600	128183	127497	343780
49600	129499	128712	541142
49600	128916	128102	1193683
49600	129212	128441	1182161
49600	130535	129785	527044
49600	129245	128516	1163718
49600	130185	129432	1080865
49600	129134	128404	1095583
49600	126981	126310	1098651
49600	128936	128216	414610
49600	128926	128111	477527
49600	128604	127882	483692
49600	131976	131131	1138397
49600	64447	64190	1289194
49600	130595	129784	419464
49600	130618	129836	1269551
49600	130780	130081	547573
49600	129637	128846	367150
49600	128222	127490	1264513
49600	129005	128222	396301
49600	130157	129383	1322616
49600	125576	124985	1259639
49600	129557	128808	1155566
49600	129164	128399	338508
49600	130427	129636	1164894
49700	129838	129018	574996
49700	129728	128913	509472
49700	129193	128450	420268
49700	131019	130230	1193950
49700	130087	129299	508053
49700	124733	124125	1089809
49700	129234	128532	543613
49700	121459	120868	402226
49700	128224	127441	446127
49700	130271	129470	1241617
49700	132133	131314	359181
49700	129032	128289	1201954
49700	129117	128379	465166
49700	127401	126778	1305943
49700	129606	128937	1265857
49700	127296	126653	1205741
49700	130026	129210	1193872
49700	130181	129425	1271572
49700	131812	131002	1138907
49700	128708	128000	1167824
49700	129647	128903	501207
49700	129727	128997	439975
49700	131201	130386	413106
49700	128961	128179	1283332
49700	129839	129079	507714
49700	128521	127733	464935
49700	129217	128496	383664
49700	130477	129743	1309422
49700	129679	128892	389623
49700	130766	129949	1215508
49700	128189	127435	1300625
49700	128694	127943	1142754
49700	126092	125463	1164682
49700	129840	129063	1216721
49700	131140	130264	485926
49700	130327	129543	1284687
49700	130246	129414	1247339
49700	130685	129906	387601
49700	129913	129178	1279027
49700	130280	129482	1297074
49700	131841	131055	400129
49700	130035	129260	1256414
49700	128942	128245	411548
49700	130589	129853	1083120
49700	128251	127474	1316225
49700	129792	129013	384393
49700	129479	128728	1320399
49700	128383	127659	410060
49700	127378	126722	382022
49700	127353	126648	445802
49800	130011	129252	349739
49800	130458	129669	1163984
49800	130370	129603	342234
49800	121318	120804	464645
49800	126773	126113	1245832
49800	121695	121115	391490
49800	129654	128934	519726
49800	131121	130339	549254
49800	122332	121724	1254098
49800	131181	130361	338895
49800	131342	130521	512729
49800	121259	120720	439178
49800	122815	122177	409500
49800	131373	130613	1289564
49800	131227	130368	1125493
49800	57164	57076	464655
49800	122037	121395	1274177
49800	128944	128204	1215581
49800	123358	122704	1089351
49800	129682	128859	1126917
49800	131437	130663	1166363
49800	124966	124307	413353
49800	130353	129629	526630
49800	130314	129532	1323483
49800	128215	127574	333031
49800	128599	127883	333888
49800	129549	128749	523236
49800	130479	129622	1222015
49800	129813	129089	578464
49800	128438	127739	1321559
49800	129939	129223	1259375
49800	121958	121408	393207
49800	129423	128698	1238149
49800	129890	129059	567065
49800	130879	130103	1259880
49800	120763	120232	509487
49800	121812	121247	403476
49800	122654	122042	1105714
49800	130512	129709	503811
49800	129100	128373	544393
49800	130310	129486	1317482
49800	128944	128192	1129524
49800	121873	121322	374573
49800	129240	128483	1121712
49800	123012	122393	1193133
49800	121280	120689	568348
49800	130317	129553	1255048
49800	123583	122978	394037
49800	128576	127833	1185979
49800	128962	128203	1080321
49900	128377	127711	470215
49900	131365	130642	1096310
49900	121725	121177	1255590
49900	130553	129779	482835
49900	130973	130216	1324755
49900	64343	64129	1309239
49900	130080	129287	472815
49900	129424	128667	494708
49900	63865	63673	1257773
49900	129987	129227	1291046
49900	130669	129901	571120
49900	131051	130307	571390
49900	129666	128962	504150
49900	129108	128393	1183447
49900	130870	130105	1237492
49900	129514	128722	444903
49900	131093	130273	556402
49900	130887	130123	1308400
49900	130033	129268	1168561
49900	129236	128545	1312186
49900	128808	128091	575476
49900	131020	130241	1287407
49900	129346	128616	399649
49900	129565	128753	513175
49900	130730	130002	391957
49900	130559	129814	1108933
49900	131082	130311	1264025
49900	130642	129836	507900
49900	130513	129700	425643
49900	121445	120853	1326533
49900	129563	128803	449045
49900	130179	129408	1082710
49900	120712	120179	535172
49900	129471	128727	450450
49900	128483	127759	576221
49900	129414	128703	566752
49900	130455	129665	1133462
49900	64289	64078	508820
49900	132427	131661	1133824
49900	127142	126530	461194
49900	129495	128705	577346
49900	129786	129094	531581
49900	130306	129593	1110747
49900	130470	129721	436141
49900	130131	129362	581237
49900	129707	128981	408659
49900	129930	129223	1303625
49900	132015	131245	1188595
49900	123253	122641	1228981
49900	123084	122431	1122557
50000	130063	129357	1319901
50000	130371	129604	462782
50000	131233	130452	1259416
50000	129441	128682	1149647
50000	128385	127728	1218589
50000	129292	128504	1230660
50000	129212	128466	533734
50000	131860	131037	375582
50000	130072	129313	376528
50000	130507	129762	559287
50000	131168	130359	478267
50000	129015	128340	1309138
50000	129229	128492	1144221
50000	129644	128934	553779
50000	128773	128043	386997
50000	128500	127752	503941
50000	130415	129720	1154839
50000	128561	127855	451713
50000	127997	127350	393810
50000	131017	130239	399056
50000	130306	129560	1320289
50000	131414	130647	460955
50000	129580	128893	378672
50000	130126	129361	359987
50000	131351	130563	506838
50000	129439	128705	565691
50000	129139	128424	538477
50000	130550	129837	1260499
50000	129452	128729	335060
50000	130427	129623	555226
50000	131261	130443	468670
50000	129371	128726	473976
50000	131398	130591	1177561
50000	127899	127225	1289033
50000	129675	128948	1162998
50000	130564	129771	546164
50000	130049	129287	506046
50000	131213	130412	1171450
50000	130921	130180	433372
50000	130980	130193	1157570
50000	130787	130146	566282
50000	131425	130618	1119704
50000	129951	129260	1137117
50000	129530	128731	1174747
50000	128754	128104	492841
50000	131148	130336	1243385
50000	130116	129371	1240502
50000	130249	129540	563379
50000	128976	128312	479615
50000	129052	128334	1211512
