100 2800 1068 291842
100 2800 1068 443618
100 2800 1068 445152
100 2800 1068 446686
100 2800 1068 441480
100 2800 1068 443442
100 2800 1068 449890
100 2800 1068 420186
100 2800 1068 412845
100 2800 1068 368756
100 2800 1068 436519
100 2800 1068 375052
100 2800 1068 384804
100 2800 1068 413930
100 2800 1068 393386
100 2800 1068 404837
100 2800 1068 402484
100 2800 1068 407532
100 2800 1068 404582
100 2800 1068 383876
100 2800 1068 396444
100 2800 1068 397682
100 2800 1068 414179
100 2800 1068 373617
100 2800 1068 526945
100 2800 1068 400235
100 2800 1068 470218
100 2800 1068 382704
100 2800 1068 418241
100 2800 1068 447181
100 2800 1068 414004
100 2800 1068 414845
100 2800 1068 437711
100 2800 1068 411701
100 2800 1068 415300
100 2800 1068 409744
100 2800 1068 383831
100 2800 1068 432173
100 2800 1068 416423
100 2800 1068 383563
100 2800 1068 414724
100 2800 1068 288033
100 2800 1068 295453
100 2800 1068 266613
100 2800 1068 241226
100 2800 1068 819664
100 2800 1068 277743
100 2800 1068 322344
100 2800 1068 295831
100 2800 1068 246303
200 7214 2714 550737
200 7214 2714 620233
200 7214 2714 548156
200 7214 2714 509849
200 7214 2714 529119
200 7214 2714 504234
200 7214 2714 513258
200 7214 2714 491321
200 7214 2714 423388
200 7214 2714 422708
200 7214 2714 428916
200 7214 2714 459687
200 7214 2714 504472
200 7214 2714 439649
200 7214 2714 385918
200 7214 2714 401874
200 7214 2714 410507
200 7214 2714 420190
200 7214 2714 503604
200 7214 2714 430080
200 7214 2714 389270
200 7214 2714 436354
200 7214 2714 406530
200 7214 2714 395579
200 7214 2714 323805
200 7214 2714 360094
200 7214 2714 399537
200 7214 2714 398598
200 7214 2714 336514
200 7214 2714 356309
200 7214 2714 369642
200 7214 2714 348701
200 7214 2714 392950
200 7214 2714 403791
200 7214 2714 421678
200 7214 2714 398460
200 7214 2714 379498
200 7214 2714 351024
200 7214 2714 341630
200 7214 2714 349745
200 7214 2714 345366
200 7214 2714 340308
200 7214 2714 309392
200 7214 2714 298212
200 7214 2714 311524
200 7214 2714 307354
200 7214 2714 310292
200 7214 2714 303210
200 7214 2714 309432
200 7214 2714 316609
300 11860 4248 468834
300 11860 4248 455123
300 11860 4248 478349
300 11860 4248 620908
300 11860 4248 526798
300 11860 4248 499031
300 11860 4248 495494
300 11860 4248 432937
300 11860 4248 469388
300 11860 4248 483516
300 11860 4248 483837
300 11860 4248 461437
300 11860 4248 427810
300 11860 4248 436298
300 11860 4248 446785
300 11860 4248 430840
300 11860 4248 399360
300 11860 4248 483382
300 11860 4248 411115
300 11860 4248 426714
300 11860 4248 434799
300 11860 4248 422464
300 11860 4248 428331
300 11860 4248 434485
300 11860 4248 487570
300 11860 4248 467881
300 11860 4248 460834
300 11860 4248 464067
300 11860 4248 469633
300 11860 4248 469081
300 11860 4248 753837
300 11860 4248 470674
300 11860 4248 444538
300 11860 4248 417127
300 11860 4248 406576
300 11860 4248 397397
300 11860 4248 463685
300 11860 4248 467728
300 11860 4248 451899
300 11860 4248 468319
300 11860 4248 456608
300 11860 4248 430288
300 11860 4248 464558
300 11860 4248 436475
300 11860 4248 461471
300 11860 4248 381102
300 11860 4248 462146
300 11860 4248 441154
300 11860 4248 452918
300 11860 4248 411051
400 17065 6340 641654
400 17065 6340 623130
400 17065 6340 595210
400 17065 6340 630637
400 17065 6340 579301
400 17065 6340 622097
400 17065 6340 598356
400 17065 6340 648161
400 17065 6340 590925
400 17065 6340 638709
400 17065 6340 634493
400 17065 6340 639478
400 17065 6340 611318
400 17065 6340 610377
400 17065 6340 603541
400 17065 6340 583826
400 17065 6340 653413
400 17065 6340 626592
400 17065 6340 566071
400 17065 6340 596477
400 17065 6340 749578
400 17065 6340 637112
400 17065 6340 619117
400 17065 6340 607934
400 17065 6340 599219
400 17065 6340 614364
400 17065 6340 644884
400 17065 6340 614141
400 17065 6340 622899
400 17065 6340 630174
400 17065 6340 617474
400 17065 6340 620240
400 17065 6340 605911
400 17065 6340 620530
400 17065 6340 610545
400 17065 6340 607284
400 17065 6340 618381
400 17065 6340 626519
400 17065 6340 606744
400 17065 6340 618236
400 17065 6340 622491
400 17065 6340 616410
400 17065 6340 653998
400 17065 6340 599317
400 17065 6340 627666
400 17065 6340 633536
400 17065 6340 606273
400 17065 6340 654754
400 17065 6340 643024
400 17065 6340 639375
500 22770 8124 800294
500 22770 8124 839773
500 22770 8124 805652
500 22770 8124 807236
500 22770 8124 774250
500 22770 8124 824798
500 22770 8124 856896
500 22770 8124 792420
500 22770 8124 787445
500 22770 8124 754203
500 22770 8124 879338
500 22770 8124 809473
500 22770 8124 752077
500 22770 8124 778088
500 22770 8124 917518
500 22770 8124 932609
500 22770 8124 958247
500 22770 8124 950802
500 22770 8124 930776
500 22770 8124 812414
500 22770 8124 928120
500 22770 8124 1026359
500 22770 8124 918134
500 22770 8124 803301
500 22770 8124 958614
500 22770 8124 950014
500 22770 8124 935788
500 22770 8124 927701
500 22770 8124 951156
500 22770 8124 939033
500 22770 8124 935118
500 22770 8124 808333
500 22770 8124 932273
500 22770 8124 932675
500 22770 8124 936279
500 22770 8124 929155
500 22770 8124 901977
500 22770 8124 950689
500 22770 8124 803114
500 22770 8124 910883
500 22770 8124 1235112
500 22770 8124 950011
500 22770 8124 953610
500 22770 8124 940040
500 22770 8124 951907
500 22770 8124 956193
500 22770 8124 965738
500 22770 8124 956364
500 22770 8124 964978
500 22770 8124 962810
600 28692 10227 1206075
600 28692 10227 1202869
600 28692 10227 1206254
600 28692 10227 1187764
600 28692 10227 1182011
600 28692 10227 1190859
600 28692 10227 1204601
600 28692 10227 1129422
600 28692 10227 1008444
600 28692 10227 1227572
600 28692 10227 1043825
600 28692 10227 1078416
600 28692 10227 1080231
600 28692 10227 1104989
600 28692 10227 1088169
600 28692 10227 1062518
600 28692 10227 1051208
600 28692 10227 1094035
600 28692 10227 1076223
600 28692 10227 1047261
600 28692 10227 1114664
600 28692 10227 990505
600 28692 10227 970857
600 28692 10227 1012831
600 28692 10227 994314
600 28692 10227 998484
600 28692 10227 1060711
600 28692 10227 1118252
600 28692 10227 1048516
600 28692 10227 1018043
600 28692 10227 1018139
600 28692 10227 1006048
600 28692 10227 1079118
600 28692 10227 1099463
600 28692 10227 1055582
600 28692 10227 1015257
600 28692 10227 1069983
600 28692 10227 1053983
600 28692 10227 1115014
600 28692 10227 1106319
600 28692 10227 1109158
600 28692 10227 1056722
600 28692 10227 1008603
600 28692 10227 1033313
600 28692 10227 1002027
600 28692 10227 998307
600 28692 10227 998952
600 28692 10227 948418
600 28692 10227 1000788
600 28692 10227 983406
700 33201 11514 1057957
700 33201 11514 1149922
700 33201 11514 1257034
700 33201 11514 1118482
700 33201 11514 2307030
700 33201 11514 1225467
700 33201 11514 1111776
700 33201 11514 1106931
700 33201 11514 1204809
700 33201 11514 1047822
700 33201 11514 1045313
700 33201 11514 1043544
700 33201 11514 1045015
700 33201 11514 1038769
700 33201 11514 1053845
700 33201 11514 1077710
700 33201 11514 1039537
700 33201 11514 1040183
700 33201 11514 1063385
700 33201 11514 1129796
700 33201 11514 1038327
700 33201 11514 1065596
700 33201 11514 1082166
700 33201 11514 1089676
700 33201 11514 1093839
700 33201 11514 1159651
700 33201 11514 1080846
700 33201 11514 1099675
700 33201 11514 1053067
700 33201 11514 1188373
700 33201 11514 1127608
700 33201 11514 1171288
700 33201 11514 1053915
700 33201 11514 1097252
700 33201 11514 1112253
700 33201 11514 1070833
700 33201 11514 1281724
700 33201 11514 1065933
700 33201 11514 1071221
700 33201 11514 1064593
700 33201 11514 1054329
700 33201 11514 1051438
700 33201 11514 1080912
700 33201 11514 1064619
700 33201 11514 1048956
700 33201 11514 1059532
700 33201 11514 1079562
700 33201 11514 1068841
700 33201 11514 1059348
700 33201 11514 1076437
800 39868 13429 1303988
800 39868 13429 1310650
800 39868 13429 1297912
800 39868 13429 1284056
800 39868 13429 1317839
800 39868 13429 1276073
800 39868 13429 1278324
800 39868 13429 1288112
800 39868 13429 1411814
800 39868 13429 1297484
800 39868 13429 1276377
800 39868 13429 1391226
800 39868 13429 1496249
800 39868 13429 1334279
800 39868 13429 1336488
800 39868 13429 1317120
800 39868 13429 1278432
800 39868 13429 1233542
800 39868 13429 1248825
800 39868 13429 1245775
800 39868 13429 1273104
800 39868 13429 1231602
800 39868 13429 1253001
800 39868 13429 1281085
800 39868 13429 1244395
800 39868 13429 3717818
800 39868 13429 1301306
800 39868 13429 1418891
800 39868 13429 1289817
800 39868 13429 1371662
800 39868 13429 1410128
800 39868 13429 1529560
800 39868 13429 1326878
800 39868 13429 1825257
800 39868 13429 1320255
800 39868 13429 1287463
800 39868 13429 1519096
800 39868 13429 1359032
800 39868 13429 1328315
800 39868 13429 1272256
800 39868 13429 1308615
800 39868 13429 1417267
800 39868 13429 1338968
800 39868 13429 1277570
800 39868 13429 1314678
800 39868 13429 1336486
800 39868 13429 1357370
800 39868 13429 1316278
800 39868 13429 1472804
800 39868 13429 1368923
900 45927 15738 1553674
900 45927 15738 1591299
900 45927 15738 1456127
900 45927 15738 1491545
900 45927 15738 1439877
900 45927 15738 1462018
900 45927 15738 1496568
900 45927 15738 1465391
900 45927 15738 1446027
900 45927 15738 1521463
900 45927 15738 1499119
900 45927 15738 1513565
900 45927 15738 1463193
900 45927 15738 1483133
900 45927 15738 1503561
900 45927 15738 1453063
900 45927 15738 1479716
900 45927 15738 1529393
900 45927 15738 1465959
900 45927 15738 1445879
900 45927 15738 1450221
900 45927 15738 1338272
900 45927 15738 1445069
900 45927 15738 1529589
900 45927 15738 1469268
900 45927 15738 1456588
900 45927 15738 1468278
900 45927 15738 1481288
900 45927 15738 1461477
900 45927 15738 1511225
900 45927 15738 1495995
900 45927 15738 1513215
900 45927 15738 1444337
900 45927 15738 1489315
900 45927 15738 1486820
900 45927 15738 1442323
900 45927 15738 1611265
900 45927 15738 1485927
900 45927 15738 1477557
900 45927 15738 1450617
900 45927 15738 1483427
900 45927 15738 1480561
900 45927 15738 1452743
900 45927 15738 1541593
900 45927 15738 1452390
900 45927 15738 1476412
900 45927 15738 1425246
900 45927 15738 1463421
900 45927 15738 1485466
900 45927 15738 1471713
1000 53085 18614 1774033
1000 53085 18614 1802429
1000 53085 18614 2022536
1000 53085 18614 1835154
1000 53085 18614 1764948
1000 53085 18614 1990971
1000 53085 18614 1767549
1000 53085 18614 1741482
1000 53085 18614 2033436
1000 53085 18614 1740747
1000 53085 18614 1716770
1000 53085 18614 1745628
1000 53085 18614 1742096
1000 53085 18614 1739759
1000 53085 18614 1794980
1000 53085 18614 1910636
1000 53085 18614 1731005
1000 53085 18614 1773759
1000 53085 18614 1772546
1000 53085 18614 1764665
1000 53085 18614 1945389
1000 53085 18614 1798277
1000 53085 18614 1706230
1000 53085 18614 1895095
1000 53085 18614 1822007
1000 53085 18614 1751719
1000 53085 18614 1746064
1000 53085 18614 1760655
1000 53085 18614 1503912
1000 53085 18614 1751415
1000 53085 18614 1836027
1000 53085 18614 2563615
1000 53085 18614 1830505
1000 53085 18614 1833572
1000 53085 18614 2900502
1000 53085 18614 1794161
1000 53085 18614 1967727
1000 53085 18614 1714262
1000 53085 18614 2278638
1000 53085 18614 1836823
1000 53085 18614 1806031
1000 53085 18614 2865741
1000 53085 18614 1795989
1000 53085 18614 2776279
1000 53085 18614 2738592
1000 53085 18614 1815641
1000 53085 18614 3065722
1000 53085 18614 1827450
1000 53085 18614 1792550
1000 53085 18614 1847827
1100 58062 20749 1846635
1100 58062 20749 2884272
1100 58062 20749 1947450
1100 58062 20749 1862279
1100 58062 20749 1891540
1100 58062 20749 1921441
1100 58062 20749 1847285
1100 58062 20749 1932585
1100 58062 20749 1922019
1100 58062 20749 2073317
1100 58062 20749 2190209
1100 58062 20749 1946658
1100 58062 20749 1857967
1100 58062 20749 1955478
1100 58062 20749 1883035
1100 58062 20749 1967671
1100 58062 20749 1874555
1100 58062 20749 1882349
1100 58062 20749 2134572
1100 58062 20749 1862225
1100 58062 20749 2757266
1100 58062 20749 1928568
1100 58062 20749 2476671
1100 58062 20749 1940452
1100 58062 20749 1933137
1100 58062 20749 2607507
1100 58062 20749 2060309
1100 58062 20749 1927293
1100 58062 20749 2788697
1100 58062 20749 1987134
1100 58062 20749 1991588
1100 58062 20749 1976638
1100 58062 20749 1961852
1100 58062 20749 1988699
1100 58062 20749 1901439
1100 58062 20749 2919635
1100 58062 20749 1905685
1100 58062 20749 1971804
1100 58062 20749 2503461
1100 58062 20749 1875172
1100 58062 20749 1870631
1100 58062 20749 1971914
1100 58062 20749 1846916
1100 58062 20749 1944836
1100 58062 20749 1949182
1100 58062 20749 1949225
1100 58062 20749 2602169
1100 58062 20749 1951412
1100 58062 20749 2740942
1100 58062 20749 1914116
1200 65708 23274 2200245
1200 65708 23274 2283636
1200 65708 23274 2128722
1200 65708 23274 2217419
1200 65708 23274 2114913
1200 65708 23274 2175844
1200 65708 23274 2151083
1200 65708 23274 2232057
1200 65708 23274 2155657
1200 65708 23274 2147328
1200 65708 23274 2217836
1200 65708 23274 2226071
1200 65708 23274 2145722
1200 65708 23274 2169531
1200 65708 23274 2248004
1200 65708 23274 1857558
1200 65708 23274 1984172
1200 65708 23274 2174204
1200 65708 23274 2115231
1200 65708 23274 2240385
1200 65708 23274 2249864
1200 65708 23274 2226410
1200 65708 23274 2108915
1200 65708 23274 2097422
1200 65708 23274 2131235
1200 65708 23274 2104538
1200 65708 23274 2200318
1200 65708 23274 2185755
1200 65708 23274 2148733
1200 65708 23274 2356372
1200 65708 23274 2322037
1200 65708 23274 2210315
1200 65708 23274 2915128
1200 65708 23274 2160527
1200 65708 23274 2215202
1200 65708 23274 2110854
1200 65708 23274 2210894
1200 65708 23274 2224599
1200 65708 23274 3108712
1200 65708 23274 2218553
1200 65708 23274 2212853
1200 65708 23274 3121988
1200 65708 23274 2228975
1200 65708 23274 2317809
1200 65708 23274 3020721
1200 65708 23274 2313844
1200 65708 23274 2231497
1200 65708 23274 3060028
1200 65708 23274 2204797
1200 65708 23274 2121852
1300 71366 24501 2311743
1300 71366 24501 2273653
1300 71366 24501 2286433
1300 71366 24501 2941033
1300 71366 24501 2499671
1300 71366 24501 2394405
1300 71366 24501 2313029
1300 71366 24501 2454619
1300 71366 24501 2294444
1300 71366 24501 2336192
1300 71366 24501 2432457
1300 71366 24501 2237370
1300 71366 24501 2329490
1300 71366 24501 2583541
1300 71366 24501 2389685
1300 71366 24501 2431529
1300 71366 24501 3271546
1300 71366 24501 2427585
1300 71366 24501 2509880
1300 71366 24501 2450421
1300 71366 24501 2411350
1300 71366 24501 2462110
1300 71366 24501 2526440
1300 71366 24501 2445811
1300 71366 24501 2749338
1300 71366 24501 2374762
1300 71366 24501 2382227
1300 71366 24501 2514646
1300 71366 24501 2342139
1300 71366 24501 2371272
1300 71366 24501 2334518
1300 71366 24501 2676238
1300 71366 24501 2262660
1300 71366 24501 2360920
1300 71366 24501 2437736
1300 71366 24501 2288886
1300 71366 24501 2358097
1300 71366 24501 2479078
1300 71366 24501 2276188
1300 71366 24501 2329719
1300 71366 24501 2457666
1300 71366 24501 2267227
1300 71366 24501 2360435
1300 71366 24501 2268428
1300 71366 24501 2381180
1300 71366 24501 2282853
1300 71366 24501 2452489
1300 71366 24501 2271893
1300 71366 24501 2360478
1300 71366 24501 2407724
1400 79249 27151 2569008
1400 79249 27151 2631700
1400 79249 27151 3848867
1400 79249 27151 2688406
1400 79249 27151 2668609
1400 79249 27151 2964043
1400 79249 27151 2823732
1400 79249 27151 2616231
1400 79249 27151 2609147
1400 79249 27151 2780886
1400 79249 27151 2585522
1400 79249 27151 2630084
1400 79249 27151 2649123
1400 79249 27151 6469517
1400 79249 27151 2685852
1400 79249 27151 2634282
1400 79249 27151 2791990
1400 79249 27151 2631042
1400 79249 27151 2692968
1400 79249 27151 2637351
1400 79249 27151 2635981
1400 79249 27151 2681082
1400 79249 27151 2606891
1400 79249 27151 2654197
1400 79249 27151 2716502
1400 79249 27151 2920459
1400 79249 27151 2621778
1400 79249 27151 2740655
1400 79249 27151 2652375
1400 79249 27151 2603958
1400 79249 27151 2853529
1400 79249 27151 2678200
1400 79249 27151 2682729
1400 79249 27151 2766836
1400 79249 27151 2669871
1400 79249 27151 2735951
1400 79249 27151 3531451
1400 79249 27151 2610206
1400 79249 27151 2643943
1400 79249 27151 2624194
1400 79249 27151 2820204
1400 79249 27151 2664190
1400 79249 27151 2809762
1400 79249 27151 4028028
1400 79249 27151 3103488
1400 79249 27151 3481286
1400 79249 27151 2899699
1400 79249 27151 3466983
1400 79249 27151 2811271
1400 79249 27151 2643113
1500 86406 29594 2852255
1500 86406 29594 3384736
1500 86406 29594 2957709
1500 86406 29594 2839570
1500 86406 29594 3029437
1500 86406 29594 3296186
1500 86406 29594 3069603
1500 86406 29594 3064709
1500 86406 29594 3130136
1500 86406 29594 2992422
1500 86406 29594 3246165
1500 86406 29594 3497234
1500 86406 29594 3777906
1500 86406 29594 3113241
1500 86406 29594 4995342
1500 86406 29594 3175475
1500 86406 29594 3120586
1500 86406 29594 3503212
1500 86406 29594 3913138
1500 86406 29594 3792701
1500 86406 29594 2913852
1500 86406 29594 3796151
1500 86406 29594 4109195
1500 86406 29594 3687660
1500 86406 29594 3049888
1500 86406 29594 7408119
1500 86406 29594 5291411
1500 86406 29594 2814385
1500 86406 29594 2824331
1500 86406 29594 2832387
1500 86406 29594 3112950
1500 86406 29594 2863266
1500 86406 29594 2921664
1500 86406 29594 3023437
1500 86406 29594 3728403
1500 86406 29594 2891988
1500 86406 29594 3108160
1500 86406 29594 3036467
1500 86406 29594 2980800
1500 86406 29594 2830426
1500 86406 29594 2944640
1500 86406 29594 2894506
1500 86406 29594 3058231
1500 86406 29594 3069258
1500 86406 29594 3109945
1500 86406 29594 3177999
1500 86406 29594 3997963
1500 86406 29594 3226629
1500 86406 29594 3196804
1500 86406 29594 3087076
1600 94161 32526 3629535
1600 94161 32526 3494759
1600 94161 32526 3494935
1600 94161 32526 4143037
1600 94161 32526 4655134
1600 94161 32526 3452043
1600 94161 32526 4090483
1600 94161 32526 3443452
1600 94161 32526 4597997
1600 94161 32526 5884267
1600 94161 32526 4456436
1600 94161 32526 3536889
1600 94161 32526 4689744
1600 94161 32526 4625376
1600 94161 32526 4880342
1600 94161 32526 4318367
1600 94161 32526 4162425
1600 94161 32526 4682047
1600 94161 32526 3581158
1600 94161 32526 3316809
1600 94161 32526 5051776
1600 94161 32526 4404953
1600 94161 32526 3495636
1600 94161 32526 4423035
1600 94161 32526 3687852
1600 94161 32526 3499439
1600 94161 32526 4213157
1600 94161 32526 3426376
1600 94161 32526 4895935
1600 94161 32526 5294777
1600 94161 32526 3431253
1600 94161 32526 3463139
1600 94161 32526 5084887
1600 94161 32526 4620152
1600 94161 32526 4539487
1600 94161 32526 5769950
1600 94161 32526 3885995
1600 94161 32526 3074012
1600 94161 32526 3047999
1600 94161 32526 3355848
1600 94161 32526 3423257
1600 94161 32526 3057271
1600 94161 32526 3134686
1600 94161 32526 3280332
1600 94161 32526 4076888
1600 94161 32526 3330433
1600 94161 32526 3383610
1600 94161 32526 3326564
1600 94161 32526 3058107
1600 94161 32526 3075374
1700 100950 35092 3488273
1700 100950 35092 4427758
1700 100950 35092 3482065
1700 100950 35092 3370266
1700 100950 35092 3480879
1700 100950 35092 3461123
1700 100950 35092 3619592
1700 100950 35092 3536316
1700 100950 35092 3423327
1700 100950 35092 3607910
1700 100950 35092 3344494
1700 100950 35092 3487259
1700 100950 35092 3446519
1700 100950 35092 3490598
1700 100950 35092 3965988
1700 100950 35092 3372306
1700 100950 35092 3552956
1700 100950 35092 3506266
1700 100950 35092 4046236
1700 100950 35092 3580241
1700 100950 35092 3393324
1700 100950 35092 3591415
1700 100950 35092 3438355
1700 100950 35092 3364619
1700 100950 35092 3457939
1700 100950 35092 3205645
1700 100950 35092 3316240
1700 100950 35092 3547399
1700 100950 35092 3443006
1700 100950 35092 3410332
1700 100950 35092 3464521
1700 100950 35092 3523890
1700 100950 35092 3572570
1700 100950 35092 4158353
1700 100950 35092 3349808
1700 100950 35092 3439357
1700 100950 35092 3610282
1700 100950 35092 3509966
1700 100950 35092 3761850
1700 100950 35092 3581053
1700 100950 35092 3490071
1700 100950 35092 3528877
1700 100950 35092 3460041
1700 100950 35092 3624152
1700 100950 35092 4125839
1700 100950 35092 3570904
1700 100950 35092 3296624
1700 100950 35092 3450846
1700 100950 35092 4111552
1700 100950 35092 3323990
1800 107724 36897 3506640
1800 107724 36897 4209030
1800 107724 36897 3526818
1800 107724 36897 3672106
1800 107724 36897 3651009
1800 107724 36897 3402403
1800 107724 36897 4161326
1800 107724 36897 3582271
1800 107724 36897 3784347
1800 107724 36897 3394706
1800 107724 36897 3701557
1800 107724 36897 3803846
1800 107724 36897 4241625
1800 107724 36897 3550585
1800 107724 36897 3659041
1800 107724 36897 3416837
1800 107724 36897 3722389
1800 107724 36897 4353484
1800 107724 36897 3615923
1800 107724 36897 3530785
1800 107724 36897 3497853
1800 107724 36897 3678114
1800 107724 36897 3629258
1800 107724 36897 3702398
1800 107724 36897 3548483
1800 107724 36897 3561284
1800 107724 36897 3565993
1800 107724 36897 3739464
1800 107724 36897 3654666
1800 107724 36897 5382085
1800 107724 36897 3757644
1800 107724 36897 4286968
1800 107724 36897 3698529
1800 107724 36897 3681366
1800 107724 36897 4213652
1800 107724 36897 3996203
1800 107724 36897 3453402
1800 107724 36897 3379728
1800 107724 36897 3544255
1800 107724 36897 4039610
1800 107724 36897 3625441
1800 107724 36897 3333240
1800 107724 36897 3444460
1800 107724 36897 4286197
1800 107724 36897 3777583
1800 107724 36897 3560552
1800 107724 36897 3619477
1800 107724 36897 3851578
1800 107724 36897 3711439
1800 107724 36897 3412362
1900 112448 38312 3507126
1900 112448 38312 3859056
1900 112448 38312 3737998
1900 112448 38312 3269613
1900 112448 38312 4039499
1900 112448 38312 3886995
1900 112448 38312 3853003
1900 112448 38312 3862128
1900 112448 38312 3823406
1900 112448 38312 3670608
1900 112448 38312 3660684
1900 112448 38312 3586891
1900 112448 38312 3704746
1900 112448 38312 3635553
1900 112448 38312 3689627
1900 112448 38312 3586474
1900 112448 38312 2830998
1900 112448 38312 3672944
1900 112448 38312 3819041
1900 112448 38312 3570009
1900 112448 38312 3712916
1900 112448 38312 3980802
1900 112448 38312 4534170
1900 112448 38312 3774030
1900 112448 38312 3811048
1900 112448 38312 3766577
1900 112448 38312 3654263
1900 112448 38312 3677359
1900 112448 38312 2915865
1900 112448 38312 3694929
1900 112448 38312 3678678
1900 112448 38312 3247734
1900 112448 38312 3495596
1900 112448 38312 3608696
1900 112448 38312 4231559
1900 112448 38312 3724576
1900 112448 38312 3622273
1900 112448 38312 3528160
1900 112448 38312 3836673
1900 112448 38312 3526085
1900 112448 38312 4087032
1900 112448 38312 3535758
1900 112448 38312 3710283
1900 112448 38312 3729014
1900 112448 38312 3596613
1900 112448 38312 3466014
1900 112448 38312 3047497
1900 112448 38312 3757974
1900 112448 38312 3737774
1900 112448 38312 3789692
2000 118258 39889 4072597
2000 118258 39889 4365117
2000 118258 39889 3720474
2000 118258 39889 3757290
2000 118258 39889 3932254
2000 118258 39889 3787123
2000 118258 39889 3775973
2000 118258 39889 3746343
2000 118258 39889 3902123
2000 118258 39889 4029566
2000 118258 39889 4097893
2000 118258 39889 3672764
2000 118258 39889 3938522
2000 118258 39889 3593550
2000 118258 39889 4263692
2000 118258 39889 4316812
2000 118258 39889 3674034
2000 118258 39889 4377726
2000 118258 39889 4345745
2000 118258 39889 4300234
2000 118258 39889 4369494
2000 118258 39889 3633281
2000 118258 39889 3602968
2000 118258 39889 3667059
2000 118258 39889 4652896
2000 118258 39889 3854967
2000 118258 39889 3622539
2000 118258 39889 4682451
2000 118258 39889 3589341
2000 118258 39889 4772480
2000 118258 39889 3578400
2000 118258 39889 3899091
2000 118258 39889 3764350
2000 118258 39889 4268591
2000 118258 39889 4000391
2000 118258 39889 4663950
2000 118258 39889 3628819
2000 118258 39889 4634440
2000 118258 39889 4261385
2000 118258 39889 3891210
2000 118258 39889 4254716
2000 118258 39889 3840279
2000 118258 39889 4331033
2000 118258 39889 4322891
2000 118258 39889 4349286
2000 118258 39889 3880753
2000 118258 39889 4453011
2000 118258 39889 3757069
2000 118258 39889 4236406
2000 118258 39889 3836718
2100 125116 41971 4509245
2100 125116 41971 4743904
2100 125116 41971 4741647
2100 125116 41971 3846126
2100 125116 41971 4373338
2100 125116 41971 4108371
2100 125116 41971 4604213
2100 125116 41971 3805290
2100 125116 41971 4819766
2100 125116 41971 3897934
2100 125116 41971 3938219
2100 125116 41971 4378098
2100 125116 41971 4699102
2100 125116 41971 4137438
2100 125116 41971 4837311
2100 125116 41971 5131658
2100 125116 41971 4138190
2100 125116 41971 4133447
2100 125116 41971 4030240
2100 125116 41971 3973950
2100 125116 41971 4902631
2100 125116 41971 4103121
2100 125116 41971 4613625
2100 125116 41971 4001956
2100 125116 41971 4994730
2100 125116 41971 4110854
2100 125116 41971 4197101
2100 125116 41971 4291590
2100 125116 41971 4859484
2100 125116 41971 4043559
2100 125116 41971 3933881
2100 125116 41971 3840421
2100 125116 41971 3846960
2100 125116 41971 4604935
2100 125116 41971 3351821
2100 125116 41971 3298145
2100 125116 41971 3224220
2100 125116 41971 4159992
2100 125116 41971 2947912
2100 125116 41971 3946735
2100 125116 41971 4052243
2100 125116 41971 4058233
2100 125116 41971 3493412
2100 125116 41971 3846826
2100 125116 41971 3892524
2100 125116 41971 3842576
2100 125116 41971 3546036
2100 125116 41971 3912374
2100 125116 41971 3643046
2100 125116 41971 3260255
2200 131381 43378 3712423
2200 131381 43378 3841985
2200 131381 43378 3630410
2200 131381 43378 4179917
2200 131381 43378 4186030
2200 131381 43378 4159960
2200 131381 43378 3931965
2200 131381 43378 4048645
2200 131381 43378 4659330
2200 131381 43378 4852045
2200 131381 43378 4917283
2200 131381 43378 4436690
2200 131381 43378 4500065
2200 131381 43378 4103518
2200 131381 43378 4081833
2200 131381 43378 4166134
2200 131381 43378 3998780
2200 131381 43378 4075470
2200 131381 43378 4121024
2200 131381 43378 4220178
2200 131381 43378 4048040
2200 131381 43378 4215756
2200 131381 43378 3403263
2200 131381 43378 4146078
2200 131381 43378 4114135
2200 131381 43378 2967764
2200 131381 43378 3279190
2200 131381 43378 4062726
2200 131381 43378 4277808
2200 131381 43378 4234748
2200 131381 43378 4123456
2200 131381 43378 4118065
2200 131381 43378 4472217
2200 131381 43378 4188326
2200 131381 43378 4215326
2200 131381 43378 4148346
2200 131381 43378 4743056
2200 131381 43378 4022737
2200 131381 43378 4515284
2200 131381 43378 4149351
2200 131381 43378 4216515
2200 131381 43378 4116611
2200 131381 43378 4031359
2200 131381 43378 4352320
2200 131381 43378 4476845
2200 131381 43378 4319724
2200 131381 43378 4454380
2200 131381 43378 4275069
2200 131381 43378 4040939
2200 131381 43378 4165274
2300 139744 46147 4469530
2300 139744 46147 4511799
2300 139744 46147 4453713
2300 139744 46147 4512822
2300 139744 46147 3264657
2300 139744 46147 4243923
2300 139744 46147 3564101
2300 139744 46147 3289210
2300 139744 46147 4136533
2300 139744 46147 5148884
2300 139744 46147 4870028
2300 139744 46147 3280931
2300 139744 46147 4284064
2300 139744 46147 4104845
2300 139744 46147 4585418
2300 139744 46147 4246082
2300 139744 46147 4222121
2300 139744 46147 4553379
2300 139744 46147 4405744
2300 139744 46147 4848003
2300 139744 46147 4382891
2300 139744 46147 4518186
2300 139744 46147 4745796
2300 139744 46147 4438055
2300 139744 46147 4542930
2300 139744 46147 4505108
2300 139744 46147 4377983
2300 139744 46147 5112758
2300 139744 46147 4450652
2300 139744 46147 5183466
2300 139744 46147 4524597
2300 139744 46147 4531329
2300 139744 46147 4209278
2300 139744 46147 4586962
2300 139744 46147 4461196
2300 139744 46147 4053803
2300 139744 46147 4641343
2300 139744 46147 4478364
2300 139744 46147 3331192
2300 139744 46147 4545907
2300 139744 46147 4545189
2300 139744 46147 4695313
2300 139744 46147 4735502
2300 139744 46147 4666740
2300 139744 46147 5322819
2300 139744 46147 5140738
2300 139744 46147 4581790
2300 139744 46147 4712569
2300 139744 46147 4678525
2300 139744 46147 4347726
2400 148881 48653 4872085
2400 148881 48653 4813387
2400 148881 48653 5209217
2400 148881 48653 4699044
2400 148881 48653 4964219
2400 148881 48653 4664919
2400 148881 48653 4966304
2400 148881 48653 5180179
2400 148881 48653 4832065
2400 148881 48653 4755082
2400 148881 48653 4576703
2400 148881 48653 4548940
2400 148881 48653 4620002
2400 148881 48653 4450387
2400 148881 48653 4823711
2400 148881 48653 5079139
2400 148881 48653 5029770
2400 148881 48653 4855170
2400 148881 48653 4803599
2400 148881 48653 4733147
2400 148881 48653 5165193
2400 148881 48653 5090771
2400 148881 48653 4954596
2400 148881 48653 5269400
2400 148881 48653 4795980
2400 148881 48653 4776832
2400 148881 48653 4712102
2400 148881 48653 4826462
2400 148881 48653 4541864
2400 148881 48653 5050084
2400 148881 48653 4905034
2400 148881 48653 5087721
2400 148881 48653 5314392
2400 148881 48653 4874415
2400 148881 48653 4771884
2400 148881 48653 4735626
2400 148881 48653 4730479
2400 148881 48653 4814449
2400 148881 48653 4662255
2400 148881 48653 4927680
2400 148881 48653 4551657
2400 148881 48653 5006180
2400 148881 48653 4915199
2400 148881 48653 5031495
2400 148881 48653 4729225
2400 148881 48653 4859701
2400 148881 48653 5034078
2400 148881 48653 5211281
2400 148881 48653 4861785
2400 148881 48653 5243505
2500 156718 52634 5273626
2500 156718 52634 5087662
2500 156718 52634 5119979
2500 156718 52634 5329391
2500 156718 52634 5180980
2500 156718 52634 5043973
2500 156718 52634 5434710
2500 156718 52634 5894701
2500 156718 52634 5327156
2500 156718 52634 5076929
2500 156718 52634 5234213
2500 156718 52634 5187433
2500 156718 52634 5227951
2500 156718 52634 5741611
2500 156718 52634 5083895
2500 156718 52634 8636756
2500 156718 52634 5142254
2500 156718 52634 4921865
2500 156718 52634 5129875
2500 156718 52634 5120832
2500 156718 52634 3595405
2500 156718 52634 4237588
2500 156718 52634 5264474
2500 156718 52634 5340839
2500 156718 52634 4795696
2500 156718 52634 5018624
2500 156718 52634 5050840
2500 156718 52634 4872214
2500 156718 52634 5499588
2500 156718 52634 4952188
2500 156718 52634 5014806
2500 156718 52634 5529958
2500 156718 52634 5095070
2500 156718 52634 5301923
2500 156718 52634 5071269
2500 156718 52634 5064007
2500 156718 52634 5044183
2500 156718 52634 5008802
2500 156718 52634 4609669
2500 156718 52634 5011029
2500 156718 52634 4839152
2500 156718 52634 5150757
2500 156718 52634 5121275
2500 156718 52634 5124398
2500 156718 52634 5069545
2500 156718 52634 5146841
2500 156718 52634 5156725
2500 156718 52634 5117523
2500 156718 52634 4870233
2500 156718 52634 5144532
2600 162354 53191 5115973
2600 162354 53191 4933762
2600 162354 53191 5081001
2600 162354 53191 5064981
2600 162354 53191 5032030
2600 162354 53191 4970533
2600 162354 53191 5008195
2600 162354 53191 5019605
2600 162354 53191 3632959
2600 162354 53191 4583037
2600 162354 53191 4852948
2600 162354 53191 4167700
2600 162354 53191 4919544
2600 162354 53191 4807919
2600 162354 53191 4848161
2600 162354 53191 4750477
2600 162354 53191 5319179
2600 162354 53191 5170551
2600 162354 53191 5160081
2600 162354 53191 5239259
2600 162354 53191 5744725
2600 162354 53191 4498466
2600 162354 53191 5662462
2600 162354 53191 5228319
2600 162354 53191 5547890
2600 162354 53191 6422734
2600 162354 53191 5108397
2600 162354 53191 5167589
2600 162354 53191 5045120
2600 162354 53191 5107697
2600 162354 53191 5148116
2600 162354 53191 5218990
2600 162354 53191 5058030
2600 162354 53191 6355841
2600 162354 53191 6322088
2600 162354 53191 5102746
2600 162354 53191 4813886
2600 162354 53191 5682170
2600 162354 53191 4849586
2600 162354 53191 5725911
2600 162354 53191 5108874
2600 162354 53191 5804481
2600 162354 53191 5042899
2600 162354 53191 5062768
2600 162354 53191 5081052
2600 162354 53191 5769325
2600 162354 53191 5044370
2600 162354 53191 5004796
2600 162354 53191 5012261
2600 162354 53191 5999108
2700 170338 56496 5683037
2700 170338 56496 6529613
2700 170338 56496 5559579
2700 170338 56496 4936416
2700 170338 56496 5474756
2700 170338 56496 6627244
2700 170338 56496 6216667
2700 170338 56496 6033287
2700 170338 56496 6499477
2700 170338 56496 6435903
2700 170338 56496 6424552
2700 170338 56496 7045077
2700 170338 56496 6233528
2700 170338 56496 6168329
2700 170338 56496 6036857
2700 170338 56496 6184550
2700 170338 56496 5768103
2700 170338 56496 6021138
2700 170338 56496 5923824
2700 170338 56496 5365665
2700 170338 56496 6086420
2700 170338 56496 5277853
2700 170338 56496 5357364
2700 170338 56496 5883128
2700 170338 56496 5920337
2700 170338 56496 6133425
2700 170338 56496 6039605
2700 170338 56496 5939587
2700 170338 56496 5917125
2700 170338 56496 5325330
2700 170338 56496 6424036
2700 170338 56496 5497390
2700 170338 56496 6051903
2700 170338 56496 6062649
2700 170338 56496 6293442
2700 170338 56496 5290556
2700 170338 56496 5430573
2700 170338 56496 5468196
2700 170338 56496 6225702
2700 170338 56496 5795581
2700 170338 56496 5687351
2700 170338 56496 6276901
2700 170338 56496 6228402
2700 170338 56496 5231073
2700 170338 56496 5161478
2700 170338 56496 5362577
2700 170338 56496 5092692
2700 170338 56496 5130358
2700 170338 56496 5029786
2700 170338 56496 5243459
2800 179506 59609 6080879
2800 179506 59609 5900598
2800 179506 59609 5728545
2800 179506 59609 5750779
2800 179506 59609 5560456
2800 179506 59609 5609835
2800 179506 59609 5538020
2800 179506 59609 5612100
2800 179506 59609 5614235
2800 179506 59609 5375283
2800 179506 59609 5811335
2800 179506 59609 5705994
2800 179506 59609 5443127
2800 179506 59609 5611252
2800 179506 59609 5386271
2800 179506 59609 6054559
2800 179506 59609 5327580
2800 179506 59609 5848380
2800 179506 59609 5780368
2800 179506 59609 5317403
2800 179506 59609 5803779
2800 179506 59609 5746746
2800 179506 59609 5374942
2800 179506 59609 5820801
2800 179506 59609 5549028
2800 179506 59609 5331833
2800 179506 59609 4803871
2800 179506 59609 5210574
2800 179506 59609 5376575
2800 179506 59609 5781937
2800 179506 59609 5338884
2800 179506 59609 5825278
2800 179506 59609 5938535
2800 179506 59609 5709635
2800 179506 59609 5844323
2800 179506 59609 5939073
2800 179506 59609 5988114
2800 179506 59609 5295870
2800 179506 59609 5462622
2800 179506 59609 5782166
2800 179506 59609 4691640
2800 179506 59609 5338747
2800 179506 59609 4693230
2800 179506 59609 6007312
2800 179506 59609 5970383
2800 179506 59609 5975595
2800 179506 59609 5507509
2800 179506 59609 5771706
2800 179506 59609 4130588
2800 179506 59609 5598655
2900 185136 61885 5746681
2900 185136 61885 5303962
2900 185136 61885 6090448
2900 185136 61885 5622069
2900 185136 61885 5949961
2900 185136 61885 6358279
2900 185136 61885 5688052
2900 185136 61885 5767856
2900 185136 61885 5987648
2900 185136 61885 6469499
2900 185136 61885 6119388
2900 185136 61885 5920130
2900 185136 61885 6336987
2900 185136 61885 6313309
2900 185136 61885 5766858
2900 185136 61885 6062066
2900 185136 61885 5884243
2900 185136 61885 5729789
2900 185136 61885 5714964
2900 185136 61885 5969006
2900 185136 61885 5952356
2900 185136 61885 5804041
2900 185136 61885 5673240
2900 185136 61885 5696084
2900 185136 61885 5833952
2900 185136 61885 5857411
2900 185136 61885 6529875
2900 185136 61885 6299100
2900 185136 61885 5021958
2900 185136 61885 4054652
2900 185136 61885 5417881
2900 185136 61885 6084896
2900 185136 61885 4593305
2900 185136 61885 5979037
2900 185136 61885 5402154
2900 185136 61885 4786682
2900 185136 61885 5720437
2900 185136 61885 5610162
2900 185136 61885 5790584
2900 185136 61885 5791458
2900 185136 61885 5973987
2900 185136 61885 6504619
2900 185136 61885 6086061
2900 185136 61885 5797073
2900 185136 61885 5534396
2900 185136 61885 5390991
2900 185136 61885 5639946
2900 185136 61885 5968477
2900 185136 61885 5606129
2900 185136 61885 6065777
3000 196468 66519 7342536
3000 196468 66519 6421894
3000 196468 66519 6710118
3000 196468 66519 6569856
3000 196468 66519 6872373
3000 196468 66519 6447692
3000 196468 66519 6361803
3000 196468 66519 6407224
3000 196468 66519 6427454
3000 196468 66519 6806626
3000 196468 66519 6806896
3000 196468 66519 6594940
3000 196468 66519 5654473
3000 196468 66519 6474893
3000 196468 66519 7026024
3000 196468 66519 6281192
3000 196468 66519 4809731
3000 196468 66519 6295010
3000 196468 66519 6481058
3000 196468 66519 6370470
3000 196468 66519 6060155
3000 196468 66519 5611863
3000 196468 66519 5342587
3000 196468 66519 5880866
3000 196468 66519 6312268
3000 196468 66519 6245463
3000 196468 66519 6014331
3000 196468 66519 6281226
3000 196468 66519 6433148
3000 196468 66519 7043448
3000 196468 66519 6167626
3000 196468 66519 4962883
3000 196468 66519 6509220
3000 196468 66519 6425671
3000 196468 66519 6461178
3000 196468 66519 6255108
3000 196468 66519 6461957
3000 196468 66519 6231643
3000 196468 66519 6338762
3000 196468 66519 4493076
3000 196468 66519 6390212
3000 196468 66519 7181616
3000 196468 66519 6342747
3000 196468 66519 6303469
3000 196468 66519 4925487
3000 196468 66519 6379112
3000 196468 66519 5757491
3000 196468 66519 6505157
3000 196468 66519 6323708
3000 196468 66519 5993444
3100 204131 70529 6765081
3100 204131 70529 6735741
3100 204131 70529 7379163
3100 204131 70529 4876919
3100 204131 70529 5983314
3100 204131 70529 5024217
3100 204131 70529 5558660
3100 204131 70529 6223610
3100 204131 70529 6839792
3100 204131 70529 6280757
3100 204131 70529 7154768
3100 204131 70529 6589315
3100 204131 70529 6726691
3100 204131 70529 6839160
3100 204131 70529 6674647
3100 204131 70529 6942971
3100 204131 70529 6734415
3100 204131 70529 6452461
3100 204131 70529 6563912
3100 204131 70529 6539637
3100 204131 70529 6592255
3100 204131 70529 6673895
3100 204131 70529 6842354
3100 204131 70529 7434701
3100 204131 70529 7285464
3100 204131 70529 7308488
3100 204131 70529 6736470
3100 204131 70529 6507002
3100 204131 70529 6741990
3100 204131 70529 6780668
3100 204131 70529 6873218
3100 204131 70529 6875169
3100 204131 70529 6706460
3100 204131 70529 7768479
3100 204131 70529 7391922
3100 204131 70529 7180187
3100 204131 70529 7325411
3100 204131 70529 7679270
3100 204131 70529 8470299
3100 204131 70529 7135686
3100 204131 70529 7271957
3100 204131 70529 7367489
3100 204131 70529 9003196
3100 204131 70529 6951379
3100 204131 70529 7319789
3100 204131 70529 8849713
3100 204131 70529 6758749
3100 204131 70529 6843231
3100 204131 70529 6709913
3100 204131 70529 6833991
3200 211048 72195 7001384
3200 211048 72195 6385979
3200 211048 72195 6967014
3200 211048 72195 6415579
3200 211048 72195 6834287
3200 211048 72195 6020182
3200 211048 72195 6685560
3200 211048 72195 5000627
3200 211048 72195 6899390
3200 211048 72195 6453750
3200 211048 72195 7133516
3200 211048 72195 7046634
3200 211048 72195 6513500
3200 211048 72195 6829306
3200 211048 72195 7184088
3200 211048 72195 6749677
3200 211048 72195 6809110
3200 211048 72195 6826331
3200 211048 72195 7071606
3200 211048 72195 6198909
3200 211048 72195 6912482
3200 211048 72195 5844634
3200 211048 72195 7242240
3200 211048 72195 6114517
3200 211048 72195 6638205
3200 211048 72195 6412659
3200 211048 72195 6467801
3200 211048 72195 6674345
3200 211048 72195 6664389
3200 211048 72195 6723268
3200 211048 72195 6709113
3200 211048 72195 6425807
3200 211048 72195 6834356
3200 211048 72195 6426683
3200 211048 72195 6221338
3200 211048 72195 6742925
3200 211048 72195 6092191
3200 211048 72195 5477880
3200 211048 72195 7084195
3200 211048 72195 6973975
3200 211048 72195 6817230
3200 211048 72195 6936051
3200 211048 72195 6988162
3200 211048 72195 6779345
3200 211048 72195 6641077
3200 211048 72195 6710250
3200 211048 72195 6830332
3200 211048 72195 7715213
3200 211048 72195 6681792
3200 211048 72195 6975234
3300 214749 73818 6762870
3300 214749 73818 6920849
3300 214749 73818 8136605
3300 214749 73818 5716951
3300 214749 73818 5165753
3300 214749 73818 6889002
3300 214749 73818 7302639
3300 214749 73818 6876195
3300 214749 73818 7061933
3300 214749 73818 6884854
3300 214749 73818 7461248
3300 214749 73818 6721371
3300 214749 73818 6675432
3300 214749 73818 8577847
3300 214749 73818 6292278
3300 214749 73818 5731434
3300 214749 73818 6644006
3300 214749 73818 6418214
3300 214749 73818 4988597
3300 214749 73818 5576565
3300 214749 73818 6605911
3300 214749 73818 6878652
3300 214749 73818 6949156
3300 214749 73818 6625240
3300 214749 73818 6640412
3300 214749 73818 6931122
3300 214749 73818 8916680
3300 214749 73818 6678696
3300 214749 73818 6592371
3300 214749 73818 6685583
3300 214749 73818 6915046
3300 214749 73818 6483866
3300 214749 73818 6225932
3300 214749 73818 6396310
3300 214749 73818 6273738
3300 214749 73818 6482738
3300 214749 73818 6487780
3300 214749 73818 6525116
3300 214749 73818 6402118
3300 214749 73818 6666656
3300 214749 73818 6614317
3300 214749 73818 6769842
3300 214749 73818 6619983
3300 214749 73818 6399071
3300 214749 73818 6018178
3300 214749 73818 5756554
3300 214749 73818 7158628
3300 214749 73818 7413869
3300 214749 73818 6696780
3300 214749 73818 7226825
3400 217567 74304 6775233
3400 217567 74304 6929053
3400 217567 74304 6746807
3400 217567 74304 6930933
3400 217567 74304 5755848
3400 217567 74304 5223082
3400 217567 74304 6599618
3400 217567 74304 6918398
3400 217567 74304 6535889
3400 217567 74304 6814902
3400 217567 74304 6832970
3400 217567 74304 6684625
3400 217567 74304 4958877
3400 217567 74304 6600799
3400 217567 74304 6691213
3400 217567 74304 6513998
3400 217567 74304 6624573
3400 217567 74304 6520644
3400 217567 74304 6492171
3400 217567 74304 6858440
3400 217567 74304 6414736
3400 217567 74304 5962149
3400 217567 74304 5146104
3400 217567 74304 5556615
3400 217567 74304 4858738
3400 217567 74304 4772699
3400 217567 74304 6553344
3400 217567 74304 6587109
3400 217567 74304 6901111
3400 217567 74304 6900141
3400 217567 74304 6784386
3400 217567 74304 7270954
3400 217567 74304 7008866
3400 217567 74304 6944627
3400 217567 74304 7058766
3400 217567 74304 5818253
3400 217567 74304 6940799
3400 217567 74304 6733341
3400 217567 74304 6991480
3400 217567 74304 6409062
3400 217567 74304 5069230
3400 217567 74304 6882077
3400 217567 74304 6600473
3400 217567 74304 6920089
3400 217567 74304 6697849
3400 217567 74304 6625003
3400 217567 74304 6286962
3400 217567 74304 6844958
3400 217567 74304 6692598
3400 217567 74304 6776421
3500 228822 78063 6988732
3500 228822 78063 7140364
3500 228822 78063 7352777
3500 228822 78063 6769947
3500 228822 78063 7449888
3500 228822 78063 7269201
3500 228822 78063 7323442
3500 228822 78063 7082303
3500 228822 78063 7306461
3500 228822 78063 7810418
3500 228822 78063 7577627
3500 228822 78063 7263358
3500 228822 78063 7273144
3500 228822 78063 7700028
3500 228822 78063 7285364
3500 228822 78063 6269737
3500 228822 78063 7646568
3500 228822 78063 7354868
3500 228822 78063 6913677
3500 228822 78063 7581677
3500 228822 78063 7515375
3500 228822 78063 7037755
3500 228822 78063 7245315
3500 228822 78063 7234943
3500 228822 78063 7098180
3500 228822 78063 7349971
3500 228822 78063 6882919
3500 228822 78063 7287804
3500 228822 78063 7714334
3500 228822 78063 7614059
3500 228822 78063 7153587
3500 228822 78063 8022710
3500 228822 78063 7147810
3500 228822 78063 9505664
3500 228822 78063 7191479
3500 228822 78063 7450862
3500 228822 78063 8272771
3500 228822 78063 8360853
3500 228822 78063 7192178
3500 228822 78063 7244220
3500 228822 78063 7361968
3500 228822 78063 7331724
3500 228822 78063 7458234
3500 228822 78063 5942299
3500 228822 78063 7490102
3500 228822 78063 7797056
3500 228822 78063 7269127
3500 228822 78063 7557845
3500 228822 78063 7077368
3500 228822 78063 7286016
3600 241530 82385 8183481
3600 241530 82385 8365897
3600 241530 82385 8308442
3600 241530 82385 8292397
3600 241530 82385 8313973
3600 241530 82385 7907885
3600 241530 82385 8221353
3600 241530 82385 7975250
3600 241530 82385 8651993
3600 241530 82385 7934868
3600 241530 82385 8567921
3600 241530 82385 8525290
3600 241530 82385 9836379
3600 241530 82385 8478886
3600 241530 82385 8826989
3600 241530 82385 9298875
3600 241530 82385 9070345
3600 241530 82385 9566529
3600 241530 82385 8454758
3600 241530 82385 7867055
3600 241530 82385 8674788
3600 241530 82385 8231286
3600 241530 82385 7964505
3600 241530 82385 8267421
3600 241530 82385 8281999
3600 241530 82385 6884676
3600 241530 82385 6590184
3600 241530 82385 7610730
3600 241530 82385 6307041
3600 241530 82385 6444844
3600 241530 82385 6075794
3600 241530 82385 7874477
3600 241530 82385 7393110
3600 241530 82385 8104791
3600 241530 82385 7403132
3600 241530 82385 7713675
3600 241530 82385 7378604
3600 241530 82385 7787504
3600 241530 82385 8667649
3600 241530 82385 7397816
3600 241530 82385 8430653
3600 241530 82385 8698971
3600 241530 82385 7662985
3600 241530 82385 8312864
3600 241530 82385 7374492
3600 241530 82385 8157780
3600 241530 82385 8272101
3600 241530 82385 8135678
3600 241530 82385 8100514
3600 241530 82385 7988930
3700 248237 84181 8345138
3700 248237 84181 7556833
3700 248237 84181 8514790
3700 248237 84181 8173153
3700 248237 84181 9412305
3700 248237 84181 8061461
3700 248237 84181 7149364
3700 248237 84181 7888030
3700 248237 84181 7024645
3700 248237 84181 8028143
3700 248237 84181 8606290
3700 248237 84181 7867034
3700 248237 84181 7402584
3700 248237 84181 7983869
3700 248237 84181 6932279
3700 248237 84181 8038478
3700 248237 84181 8751691
3700 248237 84181 6810295
3700 248237 84181 8603859
3700 248237 84181 7510259
3700 248237 84181 6850527
3700 248237 84181 7619949
3700 248237 84181 8560930
3700 248237 84181 8387444
3700 248237 84181 6901886
3700 248237 84181 6984968
3700 248237 84181 6963684
3700 248237 84181 7075680
3700 248237 84181 7892368
3700 248237 84181 7702011
3700 248237 84181 9040875
3700 248237 84181 7967430
3700 248237 84181 8738706
3700 248237 84181 8070607
3700 248237 84181 7138214
3700 248237 84181 6645038
3700 248237 84181 6439047
3700 248237 84181 7113385
3700 248237 84181 8322662
3700 248237 84181 7947222
3700 248237 84181 6114390
3700 248237 84181 7250584
3700 248237 84181 7966342
3700 248237 84181 7957112
3700 248237 84181 8646560
3700 248237 84181 7861127
3700 248237 84181 7873795
3700 248237 84181 6883271
3700 248237 84181 8788287
3700 248237 84181 7496561
3800 254166 85291 6697894
3800 254166 85291 8065227
3800 254166 85291 8896230
3800 254166 85291 7782602
3800 254166 85291 7386554
3800 254166 85291 8625332
3800 254166 85291 8412239
3800 254166 85291 7406690
3800 254166 85291 6423623
3800 254166 85291 6975103
3800 254166 85291 6444164
3800 254166 85291 8629563
3800 254166 85291 8269426
3800 254166 85291 7728264
3800 254166 85291 7597866
3800 254166 85291 8370394
3800 254166 85291 8839716
3800 254166 85291 7697703
3800 254166 85291 8781763
3800 254166 85291 8201019
3800 254166 85291 8181840
3800 254166 85291 6429379
3800 254166 85291 6882087
3800 254166 85291 8497703
3800 254166 85291 8431539
3800 254166 85291 5803439
3800 254166 85291 7474600
3800 254166 85291 5951152
3800 254166 85291 7788421
3800 254166 85291 6984024
3800 254166 85291 7455437
3800 254166 85291 8168613
3800 254166 85291 8436437
3800 254166 85291 8202188
3800 254166 85291 8688877
3800 254166 85291 7800840
3800 254166 85291 8630715
3800 254166 85291 7692094
3800 254166 85291 8030111
3800 254166 85291 6970719
3800 254166 85291 6829734
3800 254166 85291 6271939
3800 254166 85291 7397566
3800 254166 85291 7678529
3800 254166 85291 8968161
3800 254166 85291 8412538
3800 254166 85291 8563208
3800 254166 85291 6430554
3800 254166 85291 8612522
3800 254166 85291 8989864
3900 261591 86981 8259511
3900 261591 86981 9318237
3900 261591 86981 8320805
3900 261591 86981 9129140
3900 261591 86981 8306660
3900 261591 86981 8822266
3900 261591 86981 6838867
3900 261591 86981 8482604
3900 261591 86981 6454441
3900 261591 86981 8503109
3900 261591 86981 6507353
3900 261591 86981 8009216
3900 261591 86981 7363574
3900 261591 86981 8232920
3900 261591 86981 7360271
3900 261591 86981 8294188
3900 261591 86981 8384608
3900 261591 86981 8412401
3900 261591 86981 7083362
3900 261591 86981 8297367
3900 261591 86981 7283906
3900 261591 86981 7318880
3900 261591 86981 6730681
3900 261591 86981 7039797
3900 261591 86981 6122929
3900 261591 86981 6183009
3900 261591 86981 7877925
3900 261591 86981 8258993
3900 261591 86981 8114326
3900 261591 86981 6465467
3900 261591 86981 8357695
3900 261591 86981 6455844
3900 261591 86981 7036590
3900 261591 86981 6299623
3900 261591 86981 7767698
3900 261591 86981 8126306
3900 261591 86981 8888271
3900 261591 86981 6616780
3900 261591 86981 8177278
3900 261591 86981 7455280
3900 261591 86981 8292671
3900 261591 86981 8459107
3900 261591 86981 8339530
3900 261591 86981 7747766
3900 261591 86981 6554242
3900 261591 86981 6676624
3900 261591 86981 7876050
3900 261591 86981 8095999
3900 261591 86981 8016658
3900 261591 86981 8453089
4000 271642 89842 7569272
4000 271642 89842 7578300
4000 271642 89842 7940472
4000 271642 89842 6589678
4000 271642 89842 8806055
4000 271642 89842 6962052
4000 271642 89842 8698865
4000 271642 89842 8455371
4000 271642 89842 8496866
4000 271642 89842 7942603
4000 271642 89842 9104935
4000 271642 89842 8150724
4000 271642 89842 8233112
4000 271642 89842 8638157
4000 271642 89842 8495724
4000 271642 89842 8617969
4000 271642 89842 8402313
4000 271642 89842 8434432
4000 271642 89842 8240998
4000 271642 89842 8604738
4000 271642 89842 8985031
4000 271642 89842 9144851
4000 271642 89842 8817356
4000 271642 89842 8940280
4000 271642 89842 9133508
4000 271642 89842 8962451
4000 271642 89842 9162795
4000 271642 89842 9053355
4000 271642 89842 9162563
4000 271642 89842 8661458
4000 271642 89842 9696117
4000 271642 89842 8679941
4000 271642 89842 9517057
4000 271642 89842 9184164
4000 271642 89842 8580210
4000 271642 89842 8488371
4000 271642 89842 8911364
4000 271642 89842 9062526
4000 271642 89842 8795386
4000 271642 89842 7877210
4000 271642 89842 8786085
4000 271642 89842 8966155
4000 271642 89842 9476594
4000 271642 89842 7644431
4000 271642 89842 9425175
4000 271642 89842 8523940
4000 271642 89842 8320312
4000 271642 89842 8066766
4000 271642 89842 8398182
4000 271642 89842 8243764
4100 279021 92197 9605985
4100 279021 92197 8220184
4100 279021 92197 7871067
4100 279021 92197 8916518
4100 279021 92197 7412264
4100 279021 92197 8804361
4100 279021 92197 8634491
4100 279021 92197 8385884
4100 279021 92197 8689910
4100 279021 92197 7087973
4100 279021 92197 7319297
4100 279021 92197 10009113
4100 279021 92197 8024945
4100 279021 92197 8053503
4100 279021 92197 8556989
4100 279021 92197 9390285
4100 279021 92197 9060725
4100 279021 92197 9050171
4100 279021 92197 8716205
4100 279021 92197 8146322
4100 279021 92197 10167347
4100 279021 92197 8831700
4100 279021 92197 7936101
4100 279021 92197 8129243
4100 279021 92197 8480395
4100 279021 92197 9432687
4100 279021 92197 8825762
4100 279021 92197 9118525
4100 279021 92197 7786141
4100 279021 92197 7277800
4100 279021 92197 9602509
4100 279021 92197 8883267
4100 279021 92197 10242533
4100 279021 92197 8330163
4100 279021 92197 9712603
4100 279021 92197 8812740
4100 279021 92197 7882807
4100 279021 92197 8409583
4100 279021 92197 9136240
4100 279021 92197 8846207
4100 279021 92197 9019377
4100 279021 92197 8751887
4100 279021 92197 10337979
4100 279021 92197 9370927
4100 279021 92197 7460563
4100 279021 92197 9299905
4100 279021 92197 8756037
4100 279021 92197 8412705
4100 279021 92197 8631956
4100 279021 92197 8772251
4200 289705 96306 7728070
4200 289705 96306 9416125
4200 289705 96306 9224445
4200 289705 96306 9577628
4200 289705 96306 9345247
4200 289705 96306 7818188
4200 289705 96306 9248772
4200 289705 96306 8944256
4200 289705 96306 9468336
4200 289705 96306 8991074
4200 289705 96306 9256837
4200 289705 96306 8907624
4200 289705 96306 9026964
4200 289705 96306 7609924
4200 289705 96306 9356110
4200 289705 96306 9230652
4200 289705 96306 9386443
4200 289705 96306 8689802
4200 289705 96306 9472267
4200 289705 96306 9971090
4200 289705 96306 8955111
4200 289705 96306 9444289
4200 289705 96306 9426303
4200 289705 96306 9285862
4200 289705 96306 9284636
4200 289705 96306 9706923
4200 289705 96306 8598021
4200 289705 96306 8552745
4200 289705 96306 9754898
4200 289705 96306 9382408
4200 289705 96306 9410905
4200 289705 96306 9319411
4200 289705 96306 9185029
4200 289705 96306 9268419
4200 289705 96306 8933419
4200 289705 96306 8773527
4200 289705 96306 9007557
4200 289705 96306 8579019
4200 289705 96306 8077935
4200 289705 96306 9609854
4200 289705 96306 9793939
4200 289705 96306 9580346
4200 289705 96306 7226053
4200 289705 96306 9213640
4200 289705 96306 7499562
4200 289705 96306 9004240
4200 289705 96306 8829636
4200 289705 96306 8889895
4200 289705 96306 8286632
4200 289705 96306 8125428
4300 294251 97551 9073541
4300 294251 97551 8858233
4300 294251 97551 8971473
4300 294251 97551 9422698
4300 294251 97551 9214328
4300 294251 97551 9202767
4300 294251 97551 7786998
4300 294251 97551 8578682
4300 294251 97551 6862737
4300 294251 97551 9368708
4300 294251 97551 8878741
4300 294251 97551 9096326
4300 294251 97551 8251118
4300 294251 97551 7227910
4300 294251 97551 9375249
4300 294251 97551 9410048
4300 294251 97551 8978824
4300 294251 97551 7973156
4300 294251 97551 9472060
4300 294251 97551 9278384
4300 294251 97551 9038025
4300 294251 97551 8913318
4300 294251 97551 9964336
4300 294251 97551 8986954
4300 294251 97551 7873329
4300 294251 97551 7691591
4300 294251 97551 8627831
4300 294251 97551 9403583
4300 294251 97551 8886781
4300 294251 97551 9296063
4300 294251 97551 9320591
4300 294251 97551 9933718
4300 294251 97551 8065752
4300 294251 97551 9245159
4300 294251 97551 8614619
4300 294251 97551 8067174
4300 294251 97551 9045175
4300 294251 97551 7981633
4300 294251 97551 8508396
4300 294251 97551 10237250
4300 294251 97551 9351723
4300 294251 97551 8174384
4300 294251 97551 9264165
4300 294251 97551 9450166
4300 294251 97551 7571091
4300 294251 97551 8849777
4300 294251 97551 9322464
4300 294251 97551 7807951
4300 294251 97551 8937845
4300 294251 97551 8770511
4400 306827 102153 9073144
4400 306827 102153 7841576
4400 306827 102153 9145055
4400 306827 102153 8950238
4400 306827 102153 10358860
4400 306827 102153 9974512
4400 306827 102153 9642138
4400 306827 102153 9095153
4400 306827 102153 10405531
4400 306827 102153 10086239
4400 306827 102153 9816301
4400 306827 102153 16137459
4400 306827 102153 11140242
4400 306827 102153 16563870
4400 306827 102153 14433651
4400 306827 102153 10418424
4400 306827 102153 12412580
4400 306827 102153 9920836
4400 306827 102153 9985427
4400 306827 102153 9973930
4400 306827 102153 10011421
4400 306827 102153 10277686
4400 306827 102153 13820686
4400 306827 102153 13879144
4400 306827 102153 10203716
4400 306827 102153 10135366
4400 306827 102153 15093434
4400 306827 102153 10518282
4400 306827 102153 12148351
4400 306827 102153 9887454
4400 306827 102153 9489130
4400 306827 102153 10045515
4400 306827 102153 9735239
4400 306827 102153 9376579
4400 306827 102153 9141861
4400 306827 102153 8153123
4400 306827 102153 9579436
4400 306827 102153 10472883
4400 306827 102153 7806550
4400 306827 102153 10185038
4400 306827 102153 9785784
4400 306827 102153 9673205
4400 306827 102153 11213320
4400 306827 102153 10210912
4400 306827 102153 10257438
4400 306827 102153 10804289
4400 306827 102153 9074451
4400 306827 102153 9569445
4400 306827 102153 8518319
4400 306827 102153 7200682
4500 313860 104156 7400491
4500 313860 104156 10286520
4500 313860 104156 8925008
4500 313860 104156 8769819
4500 313860 104156 9947604
4500 313860 104156 7940919
4500 313860 104156 8563917
4500 313860 104156 10206637
4500 313860 104156 10131256
4500 313860 104156 9973986
4500 313860 104156 8778259
4500 313860 104156 9903082
4500 313860 104156 6988359
4500 313860 104156 9870891
4500 313860 104156 7428451
4500 313860 104156 7780880
4500 313860 104156 9334585
4500 313860 104156 8035977
4500 313860 104156 8608727
4500 313860 104156 11169351
4500 313860 104156 10641156
4500 313860 104156 8060037
4500 313860 104156 10920200
4500 313860 104156 10390035
4500 313860 104156 9437260
4500 313860 104156 8707943
4500 313860 104156 9888192
4500 313860 104156 10114599
4500 313860 104156 8226117
4500 313860 104156 8756132
4500 313860 104156 9165668
4500 313860 104156 8620523
4500 313860 104156 8579138
4500 313860 104156 9964418
4500 313860 104156 10462965
4500 313860 104156 10143956
4500 313860 104156 10263016
4500 313860 104156 10107042
4500 313860 104156 7654296
4500 313860 104156 9233213
4500 313860 104156 10799251
4500 313860 104156 9754794
4500 313860 104156 9056845
4500 313860 104156 9533093
4500 313860 104156 10178494
4500 313860 104156 10325625
4500 313860 104156 9525272
4500 313860 104156 9578003
4500 313860 104156 8482880
4500 313860 104156 9316904
4600 323320 107908 8187068
4600 323320 107908 9749695
4600 323320 107908 9787156
4600 323320 107908 10860536
4600 323320 107908 8525821
4600 323320 107908 10089342
4600 323320 107908 9980345
4600 323320 107908 9495163
4600 323320 107908 9745721
4600 323320 107908 10159787
4600 323320 107908 9661629
4600 323320 107908 9470978
4600 323320 107908 10345220
4600 323320 107908 10236723
4600 323320 107908 10426064
4600 323320 107908 10026939
4600 323320 107908 9897794
4600 323320 107908 9477334
4600 323320 107908 10527122
4600 323320 107908 8501004
4600 323320 107908 10089005
4600 323320 107908 10147797
4600 323320 107908 8305946
4600 323320 107908 10772180
4600 323320 107908 10439908
4600 323320 107908 10097685
4600 323320 107908 13279943
4600 323320 107908 9979859
4600 323320 107908 9898633
4600 323320 107908 10254608
4600 323320 107908 10678555
4600 323320 107908 9017170
4600 323320 107908 10014382
4600 323320 107908 10237513
4600 323320 107908 8928302
4600 323320 107908 9794446
4600 323320 107908 8688892
4600 323320 107908 7564867
4600 323320 107908 9682040
4600 323320 107908 8369032
4600 323320 107908 10904034
4600 323320 107908 10113588
4600 323320 107908 10224437
4600 323320 107908 10414836
4600 323320 107908 10052616
4600 323320 107908 12025864
4600 323320 107908 10052185
4600 323320 107908 8979702
4600 323320 107908 9224796
4600 323320 107908 10312823
4700 326740 108720 10548419
4700 326740 108720 10442452
4700 326740 108720 8984842
4700 326740 108720 7518248
4700 326740 108720 9391492
4700 326740 108720 7463162
4700 326740 108720 10581189
4700 326740 108720 10438997
4700 326740 108720 8414142
4700 326740 108720 9346130
4700 326740 108720 9628648
4700 326740 108720 10039429
4700 326740 108720 10546223
4700 326740 108720 10188409
4700 326740 108720 9768689
4700 326740 108720 7924252
4700 326740 108720 7803952
4700 326740 108720 9405525
4700 326740 108720 9770674
4700 326740 108720 10552000
4700 326740 108720 10812693
4700 326740 108720 10329133
4700 326740 108720 10638927
4700 326740 108720 10328768
4700 326740 108720 9777675
4700 326740 108720 10518181
4700 326740 108720 10323771
4700 326740 108720 10126865
4700 326740 108720 10577792
4700 326740 108720 9968280
4700 326740 108720 10316552
4700 326740 108720 11334563
4700 326740 108720 10637748
4700 326740 108720 10966111
4700 326740 108720 10102647
4700 326740 108720 10373102
4700 326740 108720 9783239
4700 326740 108720 11036108
4700 326740 108720 9520955
4700 326740 108720 10636956
4700 326740 108720 7856724
4700 326740 108720 10605498
4700 326740 108720 10767791
4700 326740 108720 9996032
4700 326740 108720 10131844
4700 326740 108720 10181713
4700 326740 108720 11148040
4700 326740 108720 10708980
4700 326740 108720 9473630
4700 326740 108720 10210655
4800 343181 115025 10985893
4800 343181 115025 13350568
4800 343181 115025 11107272
4800 343181 115025 11755899
4800 343181 115025 11453776
4800 343181 115025 11387481
4800 343181 115025 11283555
4800 343181 115025 11479493
4800 343181 115025 11592244
4800 343181 115025 11171039
4800 343181 115025 11813708
4800 343181 115025 12093492
4800 343181 115025 11851231
4800 343181 115025 11778247
4800 343181 115025 11257056
4800 343181 115025 11345714
4800 343181 115025 10112441
4800 343181 115025 16296092
4800 343181 115025 15117457
4800 343181 115025 11860326
4800 343181 115025 11347316
4800 343181 115025 11625068
4800 343181 115025 11364212
4800 343181 115025 10283249
4800 343181 115025 11790916
4800 343181 115025 10643700
4800 343181 115025 10000618
4800 343181 115025 11397364
4800 343181 115025 11665351
4800 343181 115025 10227146
4800 343181 115025 11908948
4800 343181 115025 11703409
4800 343181 115025 11175604
4800 343181 115025 11352237
4800 343181 115025 11257409
4800 343181 115025 11251808
4800 343181 115025 12511170
4800 343181 115025 10597278
4800 343181 115025 11685745
4800 343181 115025 11133172
4800 343181 115025 10741556
4800 343181 115025 10930398
4800 343181 115025 11031111
4800 343181 115025 11087802
4800 343181 115025 11281879
4800 343181 115025 10254669
4800 343181 115025 11725197
4800 343181 115025 10489807
4800 343181 115025 9887952
4800 343181 115025 12500292
4900 348348 116804 11859264
4900 348348 116804 11504676
4900 348348 116804 11474111
4900 348348 116804 11252855
4900 348348 116804 11370956
4900 348348 116804 11886417
4900 348348 116804 11021300
4900 348348 116804 10764462
4900 348348 116804 10582405
4900 348348 116804 11869728
4900 348348 116804 11147834
4900 348348 116804 11115168
4900 348348 116804 9400542
4900 348348 116804 11425670
4900 348348 116804 11222063
4900 348348 116804 9394478
4900 348348 116804 11536863
4900 348348 116804 12016985
4900 348348 116804 11732438
4900 348348 116804 11541626
4900 348348 116804 11261941
4900 348348 116804 11350366
4900 348348 116804 13127838
4900 348348 116804 11691095
4900 348348 116804 10925723
4900 348348 116804 9253703
4900 348348 116804 9587220
4900 348348 116804 9302977
4900 348348 116804 12145484
4900 348348 116804 10085126
4900 348348 116804 11077445
4900 348348 116804 10970022
4900 348348 116804 11566555
4900 348348 116804 11600940
4900 348348 116804 9313203
4900 348348 116804 11001336
4900 348348 116804 11363489
4900 348348 116804 8253580
4900 348348 116804 11020606
4900 348348 116804 9555137
4900 348348 116804 8047185
4900 348348 116804 10844712
4900 348348 116804 8946462
4900 348348 116804 9419134
4900 348348 116804 11632804
4900 348348 116804 11635857
4900 348348 116804 11398988
4900 348348 116804 11343696
4900 348348 116804 10496345
4900 348348 116804 9270577
5000 361207 121898 10367224
5000 361207 121898 13145984
5000 361207 121898 12094444
5000 361207 121898 11975921
5000 361207 121898 11227650
5000 361207 121898 11782603
5000 361207 121898 11046944
5000 361207 121898 12445163
5000 361207 121898 12202178
5000 361207 121898 11996256
5000 361207 121898 10003900
5000 361207 121898 9858562
5000 361207 121898 11981947
5000 361207 121898 12155713
5000 361207 121898 11908710
5000 361207 121898 12168955
5000 361207 121898 11499464
5000 361207 121898 11984678
5000 361207 121898 11742123
5000 361207 121898 11590928
5000 361207 121898 11764990
5000 361207 121898 13552095
5000 361207 121898 9127035
5000 361207 121898 10840800
5000 361207 121898 12285389
5000 361207 121898 11825169
5000 361207 121898 12601049
5000 361207 121898 11271325
5000 361207 121898 12037947
5000 361207 121898 11540777
5000 361207 121898 11063368
5000 361207 121898 12564160
5000 361207 121898 11382358
5000 361207 121898 11848471
5000 361207 121898 11981257
5000 361207 121898 12257042
5000 361207 121898 12489721
5000 361207 121898 11600204
5000 361207 121898 11136170
5000 361207 121898 12025840
5000 361207 121898 11922508
5000 361207 121898 11188001
5000 361207 121898 11711360
5000 361207 121898 11459953
5000 361207 121898 11544579
5000 361207 121898 11859581
5000 361207 121898 11920205
5000 361207 121898 12370379
5000 361207 121898 12368573
5000 361207 121898 12005088
5100 365920 123297 12070491
5100 365920 123297 13643980
5100 365920 123297 12168085
5100 365920 123297 12031288
5100 365920 123297 12346233
5100 365920 123297 12146957
5100 365920 123297 12618131
5100 365920 123297 11970636
5100 365920 123297 12236890
5100 365920 123297 12579795
5100 365920 123297 11759344
5100 365920 123297 11924929
5100 365920 123297 11985348
5100 365920 123297 11122733
5100 365920 123297 12591663
5100 365920 123297 12438616
5100 365920 123297 10002194
5100 365920 123297 12008699
5100 365920 123297 11865735
5100 365920 123297 11991513
5100 365920 123297 12032266
5100 365920 123297 9249075
5100 365920 123297 10499348
5100 365920 123297 12297065
5100 365920 123297 11393107
5100 365920 123297 11561154
5100 365920 123297 11910168
5100 365920 123297 11420748
5100 365920 123297 11690571
5100 365920 123297 11473855
5100 365920 123297 12168833
5100 365920 123297 12522801
5100 365920 123297 11356897
5100 365920 123297 12037428
5100 365920 123297 12061859
5100 365920 123297 12875945
5100 365920 123297 12832568
5100 365920 123297 12057587
5100 365920 123297 12904263
5100 365920 123297 11883610
5100 365920 123297 12857391
5100 365920 123297 12446031
5100 365920 123297 11480978
5100 365920 123297 12116045
5100 365920 123297 12425987
5100 365920 123297 12336847
5100 365920 123297 20256120
5100 365920 123297 13300616
5100 365920 123297 12492681
5100 365920 123297 12033533
5200 371497 124553 12695736
5200 371497 124553 9970580
5200 371497 124553 12130575
5200 371497 124553 12116899
5200 371497 124553 11746469
5200 371497 124553 11189641
5200 371497 124553 11957765
5200 371497 124553 12710404
5200 371497 124553 11199726
5200 371497 124553 10838192
5200 371497 124553 9315225
5200 371497 124553 11682392
5200 371497 124553 12263779
5200 371497 124553 11830069
5200 371497 124553 11761918
5200 371497 124553 11621843
5200 371497 124553 11913999
5200 371497 124553 11728843
5200 371497 124553 10245151
5200 371497 124553 11057014
5200 371497 124553 11836368
5200 371497 124553 9764839
5200 371497 124553 12013578
5200 371497 124553 10247816
5200 371497 124553 11243622
5200 371497 124553 11782182
5200 371497 124553 11928734
5200 371497 124553 12041758
5200 371497 124553 10871944
5200 371497 124553 8695860
5200 371497 124553 9833332
5200 371497 124553 11243786
5200 371497 124553 10785839
5200 371497 124553 12288057
5200 371497 124553 11901825
5200 371497 124553 11674683
5200 371497 124553 8620107
5200 371497 124553 12005763
5200 371497 124553 11081110
5200 371497 124553 9343660
5200 371497 124553 10337147
5200 371497 124553 11465314
5200 371497 124553 10369759
5200 371497 124553 11356066
5200 371497 124553 12796019
5200 371497 124553 12074703
5200 371497 124553 12908367
5200 371497 124553 15012408
5200 371497 124553 12641726
5200 371497 124553 9284077
5300 382827 127394 11665040
5300 382827 127394 13191181
5300 382827 127394 12148867
5300 382827 127394 11119135
5300 382827 127394 11207036
5300 382827 127394 11494744
5300 382827 127394 12799556
5300 382827 127394 12006507
5300 382827 127394 12345729
5300 382827 127394 12050144
5300 382827 127394 11017288
5300 382827 127394 12087766
5300 382827 127394 12337833
5300 382827 127394 11311716
5300 382827 127394 12623073
5300 382827 127394 12470664
5300 382827 127394 12474310
5300 382827 127394 11600286
5300 382827 127394 10191350
5300 382827 127394 12677519
5300 382827 127394 12650411
5300 382827 127394 12490146
5300 382827 127394 12494204
5300 382827 127394 9973612
5300 382827 127394 11145312
5300 382827 127394 12198048
5300 382827 127394 10253921
5300 382827 127394 9317664
5300 382827 127394 12620557
5300 382827 127394 11676278
5300 382827 127394 11871783
5300 382827 127394 12847510
5300 382827 127394 9780742
5300 382827 127394 10181399
5300 382827 127394 10519082
5300 382827 127394 12500624
5300 382827 127394 8904172
5300 382827 127394 10961957
5300 382827 127394 11286336
5300 382827 127394 12461626
5300 382827 127394 13249380
5300 382827 127394 12274519
5300 382827 127394 13445268
5300 382827 127394 8893087
5300 382827 127394 10755683
5300 382827 127394 12424922
5300 382827 127394 12614238
5300 382827 127394 9294347
5300 382827 127394 11480140
5300 382827 127394 11739469
5400 389561 129388 10511230
5400 389561 129388 12519266
5400 389561 129388 12566676
5400 389561 129388 11009122
5400 389561 129388 11748962
5400 389561 129388 12228116
5400 389561 129388 10189725
5400 389561 129388 10614346
5400 389561 129388 10199919
5400 389561 129388 12410789
5400 389561 129388 11905383
5400 389561 129388 12010541
5400 389561 129388 11002702
5400 389561 129388 9049015
5400 389561 129388 12477204
5400 389561 129388 10144087
5400 389561 129388 9650909
5400 389561 129388 12493422
5400 389561 129388 11828103
5400 389561 129388 12451398
5400 389561 129388 11533334
5400 389561 129388 11796649
5400 389561 129388 13296689
5400 389561 129388 10901985
5400 389561 129388 12194597
5400 389561 129388 12469939
5400 389561 129388 11820710
5400 389561 129388 12038287
5400 389561 129388 13057256
5400 389561 129388 13728261
5400 389561 129388 12519984
5400 389561 129388 11900752
5400 389561 129388 12817026
5400 389561 129388 12216735
5400 389561 129388 11380878
5400 389561 129388 8930266
5400 389561 129388 12743067
5400 389561 129388 12356894
5400 389561 129388 11829297
5400 389561 129388 9794581
5400 389561 129388 12968643
5400 389561 129388 12176800
5400 389561 129388 12873630
5400 389561 129388 13091352
5400 389561 129388 12975452
5400 389561 129388 9708287
5400 389561 129388 11550389
5400 389561 129388 12506408
5400 389561 129388 11366055
5400 389561 129388 12250571
5500 393571 131149 12663104
5500 393571 131149 11078934
5500 393571 131149 16446523
5500 393571 131149 11600081
5500 393571 131149 12631793
5500 393571 131149 13024059
5500 393571 131149 11873925
5500 393571 131149 12229526
5500 393571 131149 12393236
5500 393571 131149 12209339
5500 393571 131149 12445085
5500 393571 131149 11395565
5500 393571 131149 12095405
5500 393571 131149 13001244
5500 393571 131149 12634300
5500 393571 131149 12181858
5500 393571 131149 12849809
5500 393571 131149 13757310
5500 393571 131149 13184239
5500 393571 131149 12900666
5500 393571 131149 12754721
5500 393571 131149 12621961
5500 393571 131149 14587974
5500 393571 131149 13475997
5500 393571 131149 13690659
5500 393571 131149 12769604
5500 393571 131149 13907875
5500 393571 131149 11395766
5500 393571 131149 12093202
5500 393571 131149 13110452
5500 393571 131149 10224469
5500 393571 131149 10905528
5500 393571 131149 11053395
5500 393571 131149 12905761
5500 393571 131149 10590815
5500 393571 131149 12393137
5500 393571 131149 12641696
5500 393571 131149 11608367
5500 393571 131149 10587514
5500 393571 131149 12253264
5500 393571 131149 10995068
5500 393571 131149 11046129
5500 393571 131149 12111179
5500 393571 131149 11106269
5500 393571 131149 12488234
5500 393571 131149 12483961
5500 393571 131149 12548816
5500 393571 131149 11648188
5500 393571 131149 11232075
5500 393571 131149 12795116
5600 399899 132883 13109933
5600 399899 132883 11454397
5600 399899 132883 11978297
5600 399899 132883 13435714
5600 399899 132883 12502284
5600 399899 132883 11252961
5600 399899 132883 10688516
5600 399899 132883 9229180
5600 399899 132883 10487629
5600 399899 132883 11561210
5600 399899 132883 12367321
5600 399899 132883 12360029
5600 399899 132883 12450968
5600 399899 132883 11390898
5600 399899 132883 9041818
5600 399899 132883 12404042
5600 399899 132883 10893793
5600 399899 132883 11057372
5600 399899 132883 12211347
5600 399899 132883 12688451
5600 399899 132883 12709579
5600 399899 132883 12057184
5600 399899 132883 12783182
5600 399899 132883 13746076
5600 399899 132883 10710201
5600 399899 132883 12525421
5600 399899 132883 12207141
5600 399899 132883 12833637
5600 399899 132883 12892791
5600 399899 132883 11583076
5600 399899 132883 11786160
5600 399899 132883 10880590
5600 399899 132883 10949164
5600 399899 132883 11705326
5600 399899 132883 13343541
5600 399899 132883 11348664
5600 399899 132883 10937033
5600 399899 132883 12954787
5600 399899 132883 12475025
5600 399899 132883 11845796
5600 399899 132883 10338604
5600 399899 132883 10905965
5600 399899 132883 12865904
5600 399899 132883 12256609
5600 399899 132883 13626449
5600 399899 132883 11848478
5600 399899 132883 12971347
5600 399899 132883 12095098
5600 399899 132883 11912034
5600 399899 132883 10633367
5700 407034 134619 13117580
5700 407034 134619 12653073
5700 407034 134619 12451222
5700 407034 134619 12808183
5700 407034 134619 12892751
5700 407034 134619 13049729
5700 407034 134619 12345976
5700 407034 134619 10902100
5700 407034 134619 12826288
5700 407034 134619 11939533
5700 407034 134619 13415796
5700 407034 134619 10172092
5700 407034 134619 10469432
5700 407034 134619 12059119
5700 407034 134619 12571830
5700 407034 134619 11908660
5700 407034 134619 11730506
5700 407034 134619 11967522
5700 407034 134619 12611464
5700 407034 134619 13508748
5700 407034 134619 12965265
5700 407034 134619 13316379
5700 407034 134619 13056172
5700 407034 134619 13303906
5700 407034 134619 12286980
5700 407034 134619 12949469
5700 407034 134619 13177238
5700 407034 134619 11319807
5700 407034 134619 12384721
5700 407034 134619 13164478
5700 407034 134619 11687237
5700 407034 134619 12882714
5700 407034 134619 13294499
5700 407034 134619 13433145
5700 407034 134619 13227219
5700 407034 134619 12131186
5700 407034 134619 14201039
5700 407034 134619 13455103
5700 407034 134619 13409718
5700 407034 134619 12684019
5700 407034 134619 12995068
5700 407034 134619 13653118
5700 407034 134619 11929087
5700 407034 134619 12616061
5700 407034 134619 12858175
5700 407034 134619 13611952
5700 407034 134619 12055676
5700 407034 134619 12919100
5700 407034 134619 13074580
5700 407034 134619 12942937
5800 417240 137788 13428946
5800 417240 137788 12779381
5800 417240 137788 13011152
5800 417240 137788 13279385
5800 417240 137788 12780354
5800 417240 137788 11502143
5800 417240 137788 11633443
5800 417240 137788 13125931
5800 417240 137788 13147931
5800 417240 137788 12125145
5800 417240 137788 13757097
5800 417240 137788 13547439
5800 417240 137788 12227614
5800 417240 137788 13215204
5800 417240 137788 13695219
5800 417240 137788 14484415
5800 417240 137788 12744998
5800 417240 137788 12126180
5800 417240 137788 13234822
5800 417240 137788 12285488
5800 417240 137788 11495585
5800 417240 137788 13148283
5800 417240 137788 11785677
5800 417240 137788 12617063
5800 417240 137788 14385180
5800 417240 137788 12681275
5800 417240 137788 12105867
5800 417240 137788 13464688
5800 417240 137788 11270234
5800 417240 137788 13419512
5800 417240 137788 13225334
5800 417240 137788 13197106
5800 417240 137788 12777894
5800 417240 137788 13021939
5800 417240 137788 12459511
5800 417240 137788 12799541
5800 417240 137788 12862179
5800 417240 137788 13102240
5800 417240 137788 13078504
5800 417240 137788 13148012
5800 417240 137788 13260034
5800 417240 137788 13258018
5800 417240 137788 13852311
5800 417240 137788 14206806
5800 417240 137788 14006345
5800 417240 137788 17626632
5800 417240 137788 17706283
5800 417240 137788 13040213
5800 417240 137788 13632608
5800 417240 137788 12839079
5900 419765 137805 12820927
5900 419765 137805 13404828
5900 419765 137805 12777182
5900 419765 137805 12960500
5900 419765 137805 13940378
5900 419765 137805 13430016
5900 419765 137805 13664035
5900 419765 137805 13585491
5900 419765 137805 13650145
5900 419765 137805 13071830
5900 419765 137805 12934577
5900 419765 137805 12980017
5900 419765 137805 13081093
5900 419765 137805 12752627
5900 419765 137805 11894937
5900 419765 137805 12244238
5900 419765 137805 11166748
5900 419765 137805 11930982
5900 419765 137805 13264612
5900 419765 137805 13030016
5900 419765 137805 12742562
5900 419765 137805 12389698
5900 419765 137805 11820555
5900 419765 137805 12290795
5900 419765 137805 12856025
5900 419765 137805 12834355
5900 419765 137805 12990990
5900 419765 137805 11816099
5900 419765 137805 10855397
5900 419765 137805 13243245
5900 419765 137805 12544761
5900 419765 137805 12556655
5900 419765 137805 12074676
5900 419765 137805 11485128
5900 419765 137805 11387924
5900 419765 137805 12240743
5900 419765 137805 11146710
5900 419765 137805 12392326
5900 419765 137805 12431313
5900 419765 137805 12111301
5900 419765 137805 10075772
5900 419765 137805 12943392
5900 419765 137805 13140354
5900 419765 137805 12708497
5900 419765 137805 12223294
5900 419765 137805 13085840
5900 419765 137805 13253269
5900 419765 137805 13356294
5900 419765 137805 13306479
5900 419765 137805 13047967
6000 430383 141127 13491773
6000 430383 141127 10588448
6000 430383 141127 12516018
6000 430383 141127 14200166
6000 430383 141127 13481612
6000 430383 141127 12179503
6000 430383 141127 12967836
6000 430383 141127 12526287
6000 430383 141127 13495776
6000 430383 141127 13866438
6000 430383 141127 14249555
6000 430383 141127 13336223
6000 430383 141127 13515237
6000 430383 141127 12422469
6000 430383 141127 13278617
6000 430383 141127 12797163
6000 430383 141127 12391857
6000 430383 141127 15867914
6000 430383 141127 16304015
6000 430383 141127 14868226
6000 430383 141127 14158117
6000 430383 141127 13031711
6000 430383 141127 12724536
6000 430383 141127 12650357
6000 430383 141127 14213140
6000 430383 141127 11953987
6000 430383 141127 13161049
6000 430383 141127 14252747
6000 430383 141127 13137392
6000 430383 141127 12793277
6000 430383 141127 13358852
6000 430383 141127 14570072
6000 430383 141127 12747433
6000 430383 141127 14188678
6000 430383 141127 13077670
6000 430383 141127 12957461
6000 430383 141127 12048628
6000 430383 141127 12367501
6000 430383 141127 12296874
6000 430383 141127 13547986
6000 430383 141127 12817352
6000 430383 141127 10430530
6000 430383 141127 13225559
6000 430383 141127 13167068
6000 430383 141127 12516606
6000 430383 141127 13766893
6000 430383 141127 13589205
6000 430383 141127 13599222
6000 430383 141127 11653633
6000 430383 141127 13401715
6100 429324 140098 12686719
6100 429324 140098 12170881
6100 429324 140098 11784123
6100 429324 140098 13859732
6100 429324 140098 13511017
6100 429324 140098 13805470
6100 429324 140098 11342338
6100 429324 140098 11925780
6100 429324 140098 11447981
6100 429324 140098 12717872
6100 429324 140098 10425547
6100 429324 140098 10544680
6100 429324 140098 11665333
6100 429324 140098 10830974
6100 429324 140098 11345078
6100 429324 140098 13844592
6100 429324 140098 13159674
6100 429324 140098 13245180
6100 429324 140098 12091514
6100 429324 140098 13256187
6100 429324 140098 12753832
6100 429324 140098 11525934
6100 429324 140098 10091129
6100 429324 140098 10406214
6100 429324 140098 12668812
6100 429324 140098 12933027
6100 429324 140098 13260127
6100 429324 140098 12492015
6100 429324 140098 10688148
6100 429324 140098 12257884
6100 429324 140098 13253702
6100 429324 140098 13750702
6100 429324 140098 13635236
6100 429324 140098 13303093
6100 429324 140098 11675904
6100 429324 140098 11970520
6100 429324 140098 11477067
6100 429324 140098 11002479
6100 429324 140098 12434002
6100 429324 140098 12617173
6100 429324 140098 13402328
6100 429324 140098 12050431
6100 429324 140098 11779272
6100 429324 140098 11674726
6100 429324 140098 13654425
6100 429324 140098 12293872
6100 429324 140098 11782651
6100 429324 140098 12689515
6100 429324 140098 10026598
6100 429324 140098 12733659
6200 443885 145714 13532577
6200 443885 145714 13621112
6200 443885 145714 10061686
6200 443885 145714 11263164
6200 443885 145714 13731011
6200 443885 145714 14060479
6200 443885 145714 13657195
6200 443885 145714 13525052
6200 443885 145714 13003591
6200 443885 145714 14937520
6200 443885 145714 13234465
6200 443885 145714 11869762
6200 443885 145714 12351332
6200 443885 145714 13503797
6200 443885 145714 13864624
6200 443885 145714 13706372
6200 443885 145714 14192556
6200 443885 145714 14130744
6200 443885 145714 13889643
6200 443885 145714 14458788
6200 443885 145714 14208691
6200 443885 145714 14247489
6200 443885 145714 14150338
6200 443885 145714 14112399
6200 443885 145714 14485378
6200 443885 145714 15085829
6200 443885 145714 13554864
6200 443885 145714 13874299
6200 443885 145714 14306893
6200 443885 145714 13876054
6200 443885 145714 13628441
6200 443885 145714 12978550
6200 443885 145714 12304760
6200 443885 145714 13122224
6200 443885 145714 11266670
6200 443885 145714 11098172
6200 443885 145714 11412831
6200 443885 145714 10481283
6200 443885 145714 11812599
6200 443885 145714 12518499
6200 443885 145714 11443769
6200 443885 145714 13935414
6200 443885 145714 12502761
6200 443885 145714 14059598
6200 443885 145714 13649303
6200 443885 145714 11919463
6200 443885 145714 12037614
6200 443885 145714 13231500
6200 443885 145714 13143040
6200 443885 145714 12023891
6300 453728 148193 12437800
6300 453728 148193 11046598
6300 453728 148193 11709879
6300 453728 148193 12378926
6300 453728 148193 10153692
6300 453728 148193 13723740
6300 453728 148193 13713859
6300 453728 148193 13812208
6300 453728 148193 13830808
6300 453728 148193 12532706
6300 453728 148193 14123154
6300 453728 148193 14532858
6300 453728 148193 13446283
6300 453728 148193 11607991
6300 453728 148193 11250659
6300 453728 148193 13429126
6300 453728 148193 14398465
6300 453728 148193 14480617
6300 453728 148193 12155124
6300 453728 148193 13110106
6300 453728 148193 10309220
6300 453728 148193 12458130
6300 453728 148193 11546528
6300 453728 148193 11367065
6300 453728 148193 12903373
6300 453728 148193 14448100
6300 453728 148193 12916224
6300 453728 148193 13584534
6300 453728 148193 13325746
6300 453728 148193 12314064
6300 453728 148193 10362060
6300 453728 148193 12523948
6300 453728 148193 13865421
6300 453728 148193 13843470
6300 453728 148193 13731105
6300 453728 148193 11970456
6300 453728 148193 11328941
6300 453728 148193 12114366
6300 453728 148193 14400628
6300 453728 148193 14986889
6300 453728 148193 14357038
6300 453728 148193 12203851
6300 453728 148193 12526765
6300 453728 148193 14261577
6300 453728 148193 15202007
6300 453728 148193 12709290
6300 453728 148193 13223304
6300 453728 148193 13542106
6300 453728 148193 13448997
6300 453728 148193 14259276
6400 461054 149894 15189744
6400 461054 149894 11654933
6400 461054 149894 10444908
6400 461054 149894 11746812
6400 461054 149894 14104006
6400 461054 149894 14065649
6400 461054 149894 13973386
6400 461054 149894 12218319
6400 461054 149894 12284587
6400 461054 149894 13328317
6400 461054 149894 11955564
6400 461054 149894 13478589
6400 461054 149894 13344478
6400 461054 149894 12872653
6400 461054 149894 13951099
6400 461054 149894 13968468
6400 461054 149894 10912710
6400 461054 149894 12284305
6400 461054 149894 10937854
6400 461054 149894 10811345
6400 461054 149894 13843748
6400 461054 149894 14376536
6400 461054 149894 13982752
6400 461054 149894 14050804
6400 461054 149894 11459900
6400 461054 149894 13218137
6400 461054 149894 14284927
6400 461054 149894 13913963
6400 461054 149894 14266413
6400 461054 149894 14990756
6400 461054 149894 11965335
6400 461054 149894 15096669
6400 461054 149894 12817759
6400 461054 149894 13870953
6400 461054 149894 13872687
6400 461054 149894 14096950
6400 461054 149894 14068026
6400 461054 149894 13102251
6400 461054 149894 13883896
6400 461054 149894 10899430
6400 461054 149894 13570158
6400 461054 149894 12157734
6400 461054 149894 13471749
6400 461054 149894 13997599
6400 461054 149894 12603366
6400 461054 149894 13875246
6400 461054 149894 12923906
6400 461054 149894 14474498
6400 461054 149894 14067951
6400 461054 149894 12521709
6500 464841 150380 11728344
6500 464841 150380 11986726
6500 464841 150380 12973049
6500 464841 150380 11485386
6500 464841 150380 10518710
6500 464841 150380 12565146
6500 464841 150380 13778847
6500 464841 150380 9850249
6500 464841 150380 13182353
6500 464841 150380 12926710
6500 464841 150380 13470159
6500 464841 150380 12873973
6500 464841 150380 10405891
6500 464841 150380 13043541
6500 464841 150380 13051869
6500 464841 150380 13370027
6500 464841 150380 13206741
6500 464841 150380 12302167
6500 464841 150380 14035697
6500 464841 150380 14411802
6500 464841 150380 13915404
6500 464841 150380 11792453
6500 464841 150380 12524425
6500 464841 150380 10570144
6500 464841 150380 9834114
6500 464841 150380 11855107
6500 464841 150380 13261653
6500 464841 150380 14330425
6500 464841 150380 15501659
6500 464841 150380 12253937
6500 464841 150380 11567137
6500 464841 150380 13161776
6500 464841 150380 14385346
6500 464841 150380 12221347
6500 464841 150380 12711480
6500 464841 150380 11548701
6500 464841 150380 11472597
6500 464841 150380 11307146
6500 464841 150380 13877412
6500 464841 150380 13545645
6500 464841 150380 13470700
6500 464841 150380 13369153
6500 464841 150380 13671079
6500 464841 150380 14464710
6500 464841 150380 14807281
6500 464841 150380 13907227
6500 464841 150380 14000548
6500 464841 150380 14150343
6500 464841 150380 14234461
6500 464841 150380 14690477
6600 477189 153741 13698103
6600 477189 153741 14115652
6600 477189 153741 14554868
6600 477189 153741 15422304
6600 477189 153741 14893750
6600 477189 153741 14552537
6600 477189 153741 13202201
6600 477189 153741 12741868
6600 477189 153741 13109532
6600 477189 153741 13674216
6600 477189 153741 14764785
6600 477189 153741 13970601
6600 477189 153741 14527648
6600 477189 153741 14873955
6600 477189 153741 11231091
6600 477189 153741 12099234
6600 477189 153741 12602186
6600 477189 153741 13139155
6600 477189 153741 15538528
6600 477189 153741 13313931
6600 477189 153741 12172015
6600 477189 153741 14920006
6600 477189 153741 12813726
6600 477189 153741 15337094
6600 477189 153741 14913118
6600 477189 153741 13956470
6600 477189 153741 12971847
6600 477189 153741 13982601
6600 477189 153741 14727813
6600 477189 153741 12788160
6600 477189 153741 13066093
6600 477189 153741 14051666
6600 477189 153741 14445415
6600 477189 153741 11896784
6600 477189 153741 13839723
6600 477189 153741 12105159
6600 477189 153741 13950697
6600 477189 153741 13929014
6600 477189 153741 12489399
6600 477189 153741 11063021
6600 477189 153741 15732739
6600 477189 153741 12614811
6600 477189 153741 14953518
6600 477189 153741 14368933
6600 477189 153741 15285041
6600 477189 153741 11358858
6600 477189 153741 13687913
6600 477189 153741 13354889
6600 477189 153741 13325833
6600 477189 153741 13855383
6700 483704 155250 10483222
6700 483704 155250 13569288
6700 483704 155250 13835067
6700 483704 155250 15578195
6700 483704 155250 14962149
6700 483704 155250 12092963
6700 483704 155250 14628450
6700 483704 155250 14021012
6700 483704 155250 10288719
6700 483704 155250 13041700
6700 483704 155250 13190937
6700 483704 155250 12701232
6700 483704 155250 12240436
6700 483704 155250 13788659
6700 483704 155250 14716962
6700 483704 155250 13528941
6700 483704 155250 13037301
6700 483704 155250 15378575
6700 483704 155250 13409092
6700 483704 155250 14458840
6700 483704 155250 17840199
6700 483704 155250 14910390
6700 483704 155250 14887262
6700 483704 155250 12860112
6700 483704 155250 13707438
6700 483704 155250 11474692
6700 483704 155250 12683744
6700 483704 155250 14529060
6700 483704 155250 14746082
6700 483704 155250 14553961
6700 483704 155250 14893551
6700 483704 155250 13659892
6700 483704 155250 12983986
6700 483704 155250 14691606
6700 483704 155250 14847966
6700 483704 155250 14596101
6700 483704 155250 13805731
6700 483704 155250 14776993
6700 483704 155250 14836403
6700 483704 155250 15121956
6700 483704 155250 12910209
6700 483704 155250 13744899
6700 483704 155250 11731685
6700 483704 155250 12723380
6700 483704 155250 11443626
6700 483704 155250 12842029
6700 483704 155250 14360121
6700 483704 155250 14082859
6700 483704 155250 13464463
6700 483704 155250 12092024
6800 494962 158924 12444930
6800 494962 158924 13997235
6800 494962 158924 14411361
6800 494962 158924 12161093
6800 494962 158924 14422235
6800 494962 158924 15481196
6800 494962 158924 14106304
6800 494962 158924 14681794
6800 494962 158924 11435385
6800 494962 158924 12892441
6800 494962 158924 12323863
6800 494962 158924 15785324
6800 494962 158924 13796761
6800 494962 158924 14154928
6800 494962 158924 14439838
6800 494962 158924 12955996
6800 494962 158924 11582772
6800 494962 158924 14293807
6800 494962 158924 13398252
6800 494962 158924 13227754
6800 494962 158924 14720482
6800 494962 158924 14492304
6800 494962 158924 14833605
6800 494962 158924 11765729
6800 494962 158924 15212317
6800 494962 158924 14237838
6800 494962 158924 11336898
6800 494962 158924 11873752
6800 494962 158924 13573873
6800 494962 158924 12655966
6800 494962 158924 13443611
6800 494962 158924 12031791
6800 494962 158924 12746895
6800 494962 158924 15145191
6800 494962 158924 15505479
6800 494962 158924 14042860
6800 494962 158924 13556567
6800 494962 158924 11820736
6800 494962 158924 13153457
6800 494962 158924 13764296
6800 494962 158924 15436616
6800 494962 158924 14578240
6800 494962 158924 13830330
6800 494962 158924 13615672
6800 494962 158924 12400264
6800 494962 158924 13974649
6800 494962 158924 14937579
6800 494962 158924 12935840
6800 494962 158924 15067632
6800 494962 158924 15079688
6900 503381 162132 13141655
6900 503381 162132 14305377
6900 503381 162132 13166820
6900 503381 162132 15442619
6900 503381 162132 13309203
6900 503381 162132 14373749
6900 503381 162132 14510117
6900 503381 162132 12631816
6900 503381 162132 12940885
6900 503381 162132 14863021
6900 503381 162132 13030382
6900 503381 162132 14609044
6900 503381 162132 14834855
6900 503381 162132 15658893
6900 503381 162132 15214521
6900 503381 162132 12631513
6900 503381 162132 13263498
6900 503381 162132 16390579
6900 503381 162132 27437141
6900 503381 162132 19493545
6900 503381 162132 16420738
6900 503381 162132 16156784
6900 503381 162132 16430582
6900 503381 162132 16543834
6900 503381 162132 15994255
6900 503381 162132 15562759
6900 503381 162132 18651064
6900 503381 162132 15313850
6900 503381 162132 15116197
6900 503381 162132 12838671
6900 503381 162132 13656186
6900 503381 162132 12839902
6900 503381 162132 15011679
6900 503381 162132 14754865
6900 503381 162132 14217884
6900 503381 162132 14016320
6900 503381 162132 13329186
6900 503381 162132 14000304
6900 503381 162132 14674704
6900 503381 162132 14777030
6900 503381 162132 14609322
6900 503381 162132 14970547
6900 503381 162132 14002476
6900 503381 162132 12644481
6900 503381 162132 14228292
6900 503381 162132 15230168
6900 503381 162132 13397639
6900 503381 162132 13683198
6900 503381 162132 13629909
6900 503381 162132 13880450
7000 510979 164149 15986824
7000 510979 164149 14312181
7000 510979 164149 11755720
7000 510979 164149 14047506
7000 510979 164149 14932663
7000 510979 164149 15902578
7000 510979 164149 15733910
7000 510979 164149 10973613
7000 510979 164149 14207157
7000 510979 164149 12395358
7000 510979 164149 13581636
7000 510979 164149 15515878
7000 510979 164149 14153071
7000 510979 164149 13225435
7000 510979 164149 11244540
7000 510979 164149 14495158
7000 510979 164149 13770735
7000 510979 164149 12990263
7000 510979 164149 12121658
7000 510979 164149 15617156
7000 510979 164149 13738730
7000 510979 164149 13771899
7000 510979 164149 15497956
7000 510979 164149 13411240
7000 510979 164149 12110763
7000 510979 164149 14240781
7000 510979 164149 13967195
7000 510979 164149 14813241
7000 510979 164149 15064479
7000 510979 164149 12090209
7000 510979 164149 13333033
7000 510979 164149 14622852
7000 510979 164149 13700485
7000 510979 164149 15514509
7000 510979 164149 12367719
7000 510979 164149 14737381
7000 510979 164149 15671732
7000 510979 164149 15380470
7000 510979 164149 13197478
7000 510979 164149 15483789
7000 510979 164149 15662404
7000 510979 164149 15929187
7000 510979 164149 15512375
7000 510979 164149 12981912
7000 510979 164149 14989748
7000 510979 164149 15238339
7000 510979 164149 15199484
7000 510979 164149 13336706
7000 510979 164149 15107117
7000 510979 164149 15964540
7100 521981 166600 17661588
7100 521981 166600 16422664
7100 521981 166600 15939308
7100 521981 166600 16089843
7100 521981 166600 15472302
7100 521981 166600 13591360
7100 521981 166600 14310012
7100 521981 166600 16310806
7100 521981 166600 15436697
7100 521981 166600 15856607
7100 521981 166600 14493140
7100 521981 166600 15222892
7100 521981 166600 13987259
7100 521981 166600 16151671
7100 521981 166600 15578408
7100 521981 166600 16606919
7100 521981 166600 15544551
7100 521981 166600 15981857
7100 521981 166600 15986483
7100 521981 166600 16557582
7100 521981 166600 15894088
7100 521981 166600 15902790
7100 521981 166600 15777683
7100 521981 166600 16253463
7100 521981 166600 16109402
7100 521981 166600 15190697
7100 521981 166600 15514048
7100 521981 166600 14460557
7100 521981 166600 15631406
7100 521981 166600 16738051
7100 521981 166600 15952838
7100 521981 166600 14465245
7100 521981 166600 14642698
7100 521981 166600 14694156
7100 521981 166600 15689186
7100 521981 166600 15676155
7100 521981 166600 15802390
7100 521981 166600 15294855
7100 521981 166600 14801634
7100 521981 166600 13965281
7100 521981 166600 13772588
7100 521981 166600 15888152
7100 521981 166600 15949090
7100 521981 166600 15942311
7100 521981 166600 12673109
7100 521981 166600 15317705
7100 521981 166600 15372110
7100 521981 166600 15402059
7100 521981 166600 16506364
7100 521981 166600 15875738
7200 537414 171801 15337105
7200 537414 171801 15096527
7200 537414 171801 14432031
7200 537414 171801 16558217
7200 537414 171801 16616608
7200 537414 171801 16925617
7200 537414 171801 15550455
7200 537414 171801 15336595
7200 537414 171801 14479652
7200 537414 171801 16814243
7200 537414 171801 15681724
7200 537414 171801 14761430
7200 537414 171801 15487376
7200 537414 171801 15035668
7200 537414 171801 16574907
7200 537414 171801 15696481
7200 537414 171801 17235140
7200 537414 171801 15291007
7200 537414 171801 15466449
7200 537414 171801 15626358
7200 537414 171801 15962992
7200 537414 171801 16266010
7200 537414 171801 14177294
7200 537414 171801 15724356
7200 537414 171801 15179760
7200 537414 171801 16872710
7200 537414 171801 16022846
7200 537414 171801 15828460
7200 537414 171801 15890907
7200 537414 171801 15179120
7200 537414 171801 17607310
7200 537414 171801 13474345
7200 537414 171801 16445164
7200 537414 171801 25643878
7200 537414 171801 15694220
7200 537414 171801 18387323
7200 537414 171801 18693460
7200 537414 171801 17878409
7200 537414 171801 18492324
7200 537414 171801 18187012
7200 537414 171801 17559372
7200 537414 171801 24002389
7200 537414 171801 20700761
7200 537414 171801 17378342
7200 537414 171801 18716457
7200 537414 171801 16576594
7200 537414 171801 15870088
7200 537414 171801 17109120
7200 537414 171801 16623981
7200 537414 171801 19030365
7300 544065 174253 17253600
7300 544065 174253 17581832
7300 544065 174253 16998984
7300 544065 174253 17170773
7300 544065 174253 17554229
7300 544065 174253 17079264
7300 544065 174253 16568590
7300 544065 174253 13219099
7300 544065 174253 15623846
7300 544065 174253 15255843
7300 544065 174253 14491294
7300 544065 174253 14484325
7300 544065 174253 12589205
7300 544065 174253 15021068
7300 544065 174253 13009146
7300 544065 174253 12959005
7300 544065 174253 15807936
7300 544065 174253 16554077
7300 544065 174253 16683347
7300 544065 174253 17296737
7300 544065 174253 12265663
7300 544065 174253 16922036
7300 544065 174253 13493370
7300 544065 174253 16415225
7300 544065 174253 15929631
7300 544065 174253 17305532
7300 544065 174253 16567216
7300 544065 174253 14193537
7300 544065 174253 16102883
7300 544065 174253 12565374
7300 544065 174253 14006151
7300 544065 174253 13736381
7300 544065 174253 14571243
7300 544065 174253 14504184
7300 544065 174253 16697222
7300 544065 174253 17835429
7300 544065 174253 17645133
7300 544065 174253 15130989
7300 544065 174253 15677227
7300 544065 174253 16771449
7300 544065 174253 15994413
7300 544065 174253 14980924
7300 544065 174253 14626353
7300 544065 174253 14876345
7300 544065 174253 14989278
7300 544065 174253 16574645
7300 544065 174253 16025988
7300 544065 174253 12994293
7300 544065 174253 14077242
7300 544065 174253 14386210
7400 546463 176199 14713031
7400 546463 176199 16839895
7400 546463 176199 16269439
7400 546463 176199 16924398
7400 546463 176199 17216601
7400 546463 176199 17222414
7400 546463 176199 17948107
7400 546463 176199 16889386
7400 546463 176199 16667443
7400 546463 176199 14146890
7400 546463 176199 14409203
7400 546463 176199 13504471
7400 546463 176199 14915608
7400 546463 176199 14608530
7400 546463 176199 16243365
7400 546463 176199 15483883
7400 546463 176199 16353902
7400 546463 176199 15700198
7400 546463 176199 13670076
7400 546463 176199 14328055
7400 546463 176199 16020268
7400 546463 176199 13028043
7400 546463 176199 15266851
7400 546463 176199 12724612
7400 546463 176199 14413512
7400 546463 176199 17087576
7400 546463 176199 15178780
7400 546463 176199 12252508
7400 546463 176199 16583913
7400 546463 176199 16269073
7400 546463 176199 16101802
7400 546463 176199 15019749
7400 546463 176199 17046055
7400 546463 176199 17338916
7400 546463 176199 16996634
7400 546463 176199 17148658
7400 546463 176199 17534358
7400 546463 176199 17571673
7400 546463 176199 15402227
7400 546463 176199 14955224
7400 546463 176199 13133949
7400 546463 176199 16932543
7400 546463 176199 14704689
7400 546463 176199 16353283
7400 546463 176199 15936300
7400 546463 176199 13916020
7400 546463 176199 14582070
7400 546463 176199 16486402
7400 546463 176199 14986548
7400 546463 176199 17030747
7500 563340 184358 16502164
7500 563340 184358 15681879
7500 563340 184358 15463861
7500 563340 184358 15857631
7500 563340 184358 17372408
7500 563340 184358 16059095
7500 563340 184358 15284332
7500 563340 184358 18195668
7500 563340 184358 17342786
7500 563340 184358 18048736
7500 563340 184358 18608473
7500 563340 184358 16294543
7500 563340 184358 13380859
7500 563340 184358 15150211
7500 563340 184358 16556853
7500 563340 184358 18156753
7500 563340 184358 17524816
7500 563340 184358 17215805
7500 563340 184358 17170022
7500 563340 184358 15917154
7500 563340 184358 17388955
7500 563340 184358 16821201
7500 563340 184358 16700243
7500 563340 184358 14437498
7500 563340 184358 14366931
7500 563340 184358 13028026
7500 563340 184358 14733504
7500 563340 184358 12482151
7500 563340 184358 15437382
7500 563340 184358 16849979
7500 563340 184358 15609746
7500 563340 184358 12744286
7500 563340 184358 17953522
7500 563340 184358 17193012
7500 563340 184358 15764217
7500 563340 184358 14881399
7500 563340 184358 18254349
7500 563340 184358 14328353
7500 563340 184358 13618034
7500 563340 184358 16269561
7500 563340 184358 18060968
7500 563340 184358 16532688
7500 563340 184358 16515063
7500 563340 184358 15434238
7500 563340 184358 15632506
7500 563340 184358 14593299
7500 563340 184358 15191244
7500 563340 184358 16545381
7500 563340 184358 17029095
7500 563340 184358 15870291
7600 569755 184868 13454730
7600 569755 184868 13956342
7600 569755 184868 14919317
7600 569755 184868 16344438
7600 569755 184868 16687534
7600 569755 184868 17392223
7600 569755 184868 16633096
7600 569755 184868 16908431
7600 569755 184868 17342414
7600 569755 184868 18699043
7600 569755 184868 17773548
7600 569755 184868 16082792
7600 569755 184868 13378504
7600 569755 184868 15511969
7600 569755 184868 16127674
7600 569755 184868 17039124
7600 569755 184868 17036170
7600 569755 184868 17050588
7600 569755 184868 16967561
7600 569755 184868 16940742
7600 569755 184868 17695325
7600 569755 184868 17807503
7600 569755 184868 17097711
7600 569755 184868 17444331
7600 569755 184868 17374249
7600 569755 184868 17551874
7600 569755 184868 16021475
7600 569755 184868 16272318
7600 569755 184868 16355150
7600 569755 184868 16295783
7600 569755 184868 17133624
7600 569755 184868 17110901
7600 569755 184868 13697836
7600 569755 184868 14991793
7600 569755 184868 16584451
7600 569755 184868 16619059
7600 569755 184868 15947489
7600 569755 184868 15617768
7600 569755 184868 16962126
7600 569755 184868 16435883
7600 569755 184868 13071008
7600 569755 184868 13879897
7600 569755 184868 14202717
7600 569755 184868 13200278
7600 569755 184868 15808344
7600 569755 184868 18310603
7600 569755 184868 18232557
7600 569755 184868 17580982
7600 569755 184868 13477154
7600 569755 184868 16551317
7700 571340 183154 14007224
7700 571340 183154 17196477
7700 571340 183154 16334150
7700 571340 183154 18132465
7700 571340 183154 18269987
7700 571340 183154 17915570
7700 571340 183154 17236663
7700 571340 183154 18206203
7700 571340 183154 15079350
7700 571340 183154 17412653
7700 571340 183154 11943720
7700 571340 183154 15943577
7700 571340 183154 15320527
7700 571340 183154 16468375
7700 571340 183154 13585238
7700 571340 183154 15371406
7700 571340 183154 13138712
7700 571340 183154 16130815
7700 571340 183154 14780149
7700 571340 183154 16094263
7700 571340 183154 17188846
7700 571340 183154 16103689
7700 571340 183154 13439868
7700 571340 183154 14557196
7700 571340 183154 16609403
7700 571340 183154 13175300
7700 571340 183154 14816531
7700 571340 183154 17486344
7700 571340 183154 16410960
7700 571340 183154 17187196
7700 571340 183154 14267498
7700 571340 183154 16430349
7700 571340 183154 18622761
7700 571340 183154 17441762
7700 571340 183154 17904438
7700 571340 183154 13829940
7700 571340 183154 13503547
7700 571340 183154 14784049
7700 571340 183154 16202517
7700 571340 183154 17550903
7700 571340 183154 17430281
7700 571340 183154 16514174
7700 571340 183154 12925124
7700 571340 183154 15899801
7700 571340 183154 15515157
7700 571340 183154 17303688
7700 571340 183154 17709866
7700 571340 183154 13585672
7700 571340 183154 15771045
7700 571340 183154 15550270
7800 585469 187393 17271679
7800 585469 187393 17525359
7800 585469 187393 17358552
7800 585469 187393 18462398
7800 585469 187393 16858189
7800 585469 187393 16081433
7800 585469 187393 15601616
7800 585469 187393 15559691
7800 585469 187393 18280681
7800 585469 187393 16394723
7800 585469 187393 14113116
7800 585469 187393 13809414
7800 585469 187393 15792550
7800 585469 187393 16551811
7800 585469 187393 15419898
7800 585469 187393 14952546
7800 585469 187393 17841992
7800 585469 187393 17713587
7800 585469 187393 15974776
7800 585469 187393 14100081
7800 585469 187393 18604543
7800 585469 187393 17324926
7800 585469 187393 17904138
7800 585469 187393 17929662
7800 585469 187393 18250592
7800 585469 187393 15173129
7800 585469 187393 16767823
7800 585469 187393 17030968
7800 585469 187393 16529964
7800 585469 187393 15028714
7800 585469 187393 18011961
7800 585469 187393 18070301
7800 585469 187393 17081275
7800 585469 187393 15082854
7800 585469 187393 17984315
7800 585469 187393 17810386
7800 585469 187393 18308176
7800 585469 187393 18093570
7800 585469 187393 18763027
7800 585469 187393 15832497
7800 585469 187393 15723516
7800 585469 187393 17045235
7800 585469 187393 17574092
7800 585469 187393 16945655
7800 585469 187393 17802439
7800 585469 187393 15807603
7800 585469 187393 18027697
7800 585469 187393 15518716
7800 585469 187393 15881157
7800 585469 187393 17845072
7900 589214 191343 17937086
7900 589214 191343 16322952
7900 589214 191343 17173815
7900 589214 191343 16757420
7900 589214 191343 15043418
7900 589214 191343 16104995
7900 589214 191343 17493077
7900 589214 191343 15288281
7900 589214 191343 15630843
7900 589214 191343 15531934
7900 589214 191343 17902922
7900 589214 191343 17724575
7900 589214 191343 17421234
7900 589214 191343 22894888
7900 589214 191343 23699406
7900 589214 191343 16009698
7900 589214 191343 16960099
7900 589214 191343 19452077
7900 589214 191343 15542196
7900 589214 191343 16007749
7900 589214 191343 16593070
7900 589214 191343 14928233
7900 589214 191343 17562901
7900 589214 191343 19218564
7900 589214 191343 18724347
7900 589214 191343 17749615
7900 589214 191343 16458854
7900 589214 191343 17453335
7900 589214 191343 17648743
7900 589214 191343 18044085
7900 589214 191343 18262686
7900 589214 191343 18178129
7900 589214 191343 16439243
7900 589214 191343 18272145
7900 589214 191343 16082788
7900 589214 191343 19697088
7900 589214 191343 16156893
7900 589214 191343 18756562
7900 589214 191343 22912776
7900 589214 191343 19142821
7900 589214 191343 18817639
7900 589214 191343 18904210
7900 589214 191343 22779172
7900 589214 191343 22814388
7900 589214 191343 22627382
7900 589214 191343 18800579
7900 589214 191343 17989931
7900 589214 191343 18420183
7900 589214 191343 16209882
7900 589214 191343 16603332
8000 610452 197371 17656445
8000 610452 197371 16526868
8000 610452 197371 15614994
8000 610452 197371 17677373
8000 610452 197371 17428362
8000 610452 197371 17204713
8000 610452 197371 17717031
8000 610452 197371 17623883
8000 610452 197371 14375982
8000 610452 197371 16125173
8000 610452 197371 14104421
8000 610452 197371 16994670
8000 610452 197371 18287472
8000 610452 197371 17391033
8000 610452 197371 16495143
8000 610452 197371 16366745
8000 610452 197371 16022251
8000 610452 197371 18477065
8000 610452 197371 18400805
8000 610452 197371 18993100
8000 610452 197371 21153733
8000 610452 197371 17073498
8000 610452 197371 19091765
8000 610452 197371 18710845
8000 610452 197371 16000530
8000 610452 197371 15935078
8000 610452 197371 18518539
8000 610452 197371 18636861
8000 610452 197371 17249732
8000 610452 197371 19269083
8000 610452 197371 18765910
8000 610452 197371 17891659
8000 610452 197371 15746469
8000 610452 197371 17156998
8000 610452 197371 16118389
8000 610452 197371 18293793
8000 610452 197371 16975198
8000 610452 197371 18380231
8000 610452 197371 16656102
8000 610452 197371 18997235
8000 610452 197371 20584875
8000 610452 197371 19167420
8000 610452 197371 19424311
8000 610452 197371 16337380
8000 610452 197371 18150962
8000 610452 197371 18738250
8000 610452 197371 15757588
8000 610452 197371 18549697
8000 610452 197371 18249239
8000 610452 197371 16752853
8100 612313 198159 15932409
8100 612313 198159 14477267
8100 612313 198159 19269246
8100 612313 198159 18952831
8100 612313 198159 19754938
8100 612313 198159 18448831
8100 612313 198159 18866883
8100 612313 198159 19289762
8100 612313 198159 18370606
8100 612313 198159 14050505
8100 612313 198159 18916439
8100 612313 198159 17585890
8100 612313 198159 16454825
8100 612313 198159 13847209
8100 612313 198159 16968842
8100 612313 198159 14196861
8100 612313 198159 17784456
8100 612313 198159 17755458
8100 612313 198159 18177020
8100 612313 198159 16637537
8100 612313 198159 16197624
8100 612313 198159 17874455
8100 612313 198159 16426857
8100 612313 198159 18428280
8100 612313 198159 16741857
8100 612313 198159 14239932
8100 612313 198159 17044471
8100 612313 198159 16053422
8100 612313 198159 18710702
8100 612313 198159 18427678
8100 612313 198159 17392696
8100 612313 198159 16456730
8100 612313 198159 19175726
8100 612313 198159 17139899
8100 612313 198159 17799781
8100 612313 198159 19086304
8100 612313 198159 19427604
8100 612313 198159 18539990
8100 612313 198159 16282990
8100 612313 198159 14828050
8100 612313 198159 18614635
8100 612313 198159 17735846
8100 612313 198159 15468103
8100 612313 198159 17242497
8100 612313 198159 18018728
8100 612313 198159 16148497
8100 612313 198159 18103796
8100 612313 198159 18063148
8100 612313 198159 19812839
8100 612313 198159 18279813
8200 621959 202219 20563141
8200 621959 202219 19639589
8200 621959 202219 18676564
8200 621959 202219 19555085
8200 621959 202219 18876992
8200 621959 202219 17927315
8200 621959 202219 19184895
8200 621959 202219 16567053
8200 621959 202219 16158543
8200 621959 202219 16236064
8200 621959 202219 18002996
8200 621959 202219 19009040
8200 621959 202219 17659729
8200 621959 202219 18284019
8200 621959 202219 18011896
8200 621959 202219 17851961
8200 621959 202219 15559180
8200 621959 202219 17198471
8200 621959 202219 17378352
8200 621959 202219 16792252
8200 621959 202219 18034514
8200 621959 202219 15434042
8200 621959 202219 18410813
8200 621959 202219 14998477
8200 621959 202219 19200952
8200 621959 202219 15809521
8200 621959 202219 18975088
8200 621959 202219 18271999
8200 621959 202219 19677149
8200 621959 202219 18978061
8200 621959 202219 19945552
8200 621959 202219 19482650
8200 621959 202219 17428056
8200 621959 202219 18705216
8200 621959 202219 17895846
8200 621959 202219 15763217
8200 621959 202219 17560866
8200 621959 202219 15922333
8200 621959 202219 16834579
8200 621959 202219 17460687
8200 621959 202219 14662284
8200 621959 202219 18000021
8200 621959 202219 16072337
8200 621959 202219 20898257
8200 621959 202219 18394316
8200 621959 202219 19015073
8200 621959 202219 16974727
8200 621959 202219 18321962
8200 621959 202219 17775516
8200 621959 202219 18788081
8300 625362 203619 18912193
8300 625362 203619 13980555
8300 625362 203619 16576484
8300 625362 203619 14955844
8300 625362 203619 19068112
8300 625362 203619 19161875
8300 625362 203619 16299864
8300 625362 203619 19513039
8300 625362 203619 19483556
8300 625362 203619 19671447
8300 625362 203619 19499484
8300 625362 203619 19391820
8300 625362 203619 19776633
8300 625362 203619 18269755
8300 625362 203619 19666326
8300 625362 203619 17411498
8300 625362 203619 18145915
8300 625362 203619 14217156
8300 625362 203619 17479744
8300 625362 203619 14224746
8300 625362 203619 19486305
8300 625362 203619 19240881
8300 625362 203619 18326553
8300 625362 203619 18865540
8300 625362 203619 18925613
8300 625362 203619 16875331
8300 625362 203619 19077716
8300 625362 203619 17080459
8300 625362 203619 14740097
8300 625362 203619 18533021
8300 625362 203619 15788795
8300 625362 203619 18535639
8300 625362 203619 17360050
8300 625362 203619 18353271
8300 625362 203619 16756011
8300 625362 203619 16456478
8300 625362 203619 16911652
8300 625362 203619 16879522
8300 625362 203619 18246884
8300 625362 203619 18967752
8300 625362 203619 16781636
8300 625362 203619 16561356
8300 625362 203619 15767561
8300 625362 203619 16130515
8300 625362 203619 19082012
8300 625362 203619 17831382
8300 625362 203619 14750394
8300 625362 203619 18080330
8300 625362 203619 13530083
8300 625362 203619 19343219
8400 642639 208159 17938149
8400 642639 208159 19901886
8400 642639 208159 15283344
8400 642639 208159 16373169
8400 642639 208159 17905387
8400 642639 208159 18378043
8400 642639 208159 19083681
8400 642639 208159 14712080
8400 642639 208159 16401549
8400 642639 208159 15266055
8400 642639 208159 17932338
8400 642639 208159 16472693
8400 642639 208159 18778904
8400 642639 208159 17229135
8400 642639 208159 16289706
8400 642639 208159 14615722
8400 642639 208159 17572080
8400 642639 208159 17614723
8400 642639 208159 18132614
8400 642639 208159 16954323
8400 642639 208159 15547488
8400 642639 208159 17625168
8400 642639 208159 19468302
8400 642639 208159 18700168
8400 642639 208159 19274804
8400 642639 208159 22260121
8400 642639 208159 19220743
8400 642639 208159 16729008
8400 642639 208159 19691637
8400 642639 208159 19136705
8400 642639 208159 14397760
8400 642639 208159 16352750
8400 642639 208159 17280365
8400 642639 208159 14658691
8400 642639 208159 16229114
8400 642639 208159 17334561
8400 642639 208159 17896596
8400 642639 208159 21895895
8400 642639 208159 19203541
8400 642639 208159 19016355
8400 642639 208159 18994493
8400 642639 208159 16691353
8400 642639 208159 17766151
8400 642639 208159 18222508
8400 642639 208159 18884612
8400 642639 208159 15987241
8400 642639 208159 16413015
8400 642639 208159 17177450
8400 642639 208159 19269792
8400 642639 208159 17264859
8500 648633 210454 17607218
8500 648633 210454 18712810
8500 648633 210454 18231691
8500 648633 210454 16429227
8500 648633 210454 15138877
8500 648633 210454 18543487
8500 648633 210454 15940300
8500 648633 210454 20380118
8500 648633 210454 19860668
8500 648633 210454 14275505
8500 648633 210454 18947345
8500 648633 210454 16135370
8500 648633 210454 19280869
8500 648633 210454 19459786
8500 648633 210454 16600172
8500 648633 210454 16432902
8500 648633 210454 18605274
8500 648633 210454 16149969
8500 648633 210454 16734784
8500 648633 210454 16303034
8500 648633 210454 18242957
8500 648633 210454 15188973
8500 648633 210454 20502201
8500 648633 210454 20785357
8500 648633 210454 17510347
8500 648633 210454 19630429
8500 648633 210454 19850019
8500 648633 210454 16047840
8500 648633 210454 16201198
8500 648633 210454 17860678
8500 648633 210454 18340046
8500 648633 210454 18818172
8500 648633 210454 17775901
8500 648633 210454 14433820
8500 648633 210454 18408974
8500 648633 210454 15955621
8500 648633 210454 19482601
8500 648633 210454 19092728
8500 648633 210454 19941874
8500 648633 210454 14470321
8500 648633 210454 17064772
8500 648633 210454 15279680
8500 648633 210454 19558171
8500 648633 210454 18614954
8500 648633 210454 17776403
8500 648633 210454 19541193
8500 648633 210454 18475481
8500 648633 210454 14758975
8500 648633 210454 16438610
8500 648633 210454 15556748
8600 660902 216031 20266482
8600 660902 216031 20454680
8600 660902 216031 19944919
8600 660902 216031 17141224
8600 660902 216031 18406268
8600 660902 216031 19005497
8600 660902 216031 19830682
8600 660902 216031 16392326
8600 660902 216031 17193146
8600 660902 216031 20089027
8600 660902 216031 17441655
8600 660902 216031 20425316
8600 660902 216031 19494763
8600 660902 216031 15148166
8600 660902 216031 16458997
8600 660902 216031 20042815
8600 660902 216031 18395723
8600 660902 216031 17945886
8600 660902 216031 18806732
8600 660902 216031 17248737
8600 660902 216031 19923245
8600 660902 216031 16055352
8600 660902 216031 20295855
8600 660902 216031 20238104
8600 660902 216031 19043682
8600 660902 216031 15070241
8600 660902 216031 21360357
8600 660902 216031 19855933
8600 660902 216031 19669104
8600 660902 216031 19916662
8600 660902 216031 20000078
8600 660902 216031 20119588
8600 660902 216031 21242276
8600 660902 216031 20814374
8600 660902 216031 20562797
8600 660902 216031 22984864
8600 660902 216031 21608310
8600 660902 216031 20114544
8600 660902 216031 19380905
8600 660902 216031 16983333
8600 660902 216031 18424727
8600 660902 216031 17582403
8600 660902 216031 20296356
8600 660902 216031 19011780
8600 660902 216031 20448350
8600 660902 216031 17144719
8600 660902 216031 17404242
8600 660902 216031 19469558
8600 660902 216031 18673895
8600 660902 216031 16416015
8700 662773 215895 19505386
8700 662773 215895 14913603
8700 662773 215895 16883086
8700 662773 215895 16416845
8700 662773 215895 19959834
8700 662773 215895 15807604
8700 662773 215895 18424905
8700 662773 215895 19218976
8700 662773 215895 16863873
8700 662773 215895 15372247
8700 662773 215895 17633584
8700 662773 215895 19689990
8700 662773 215895 18703079
8700 662773 215895 18719744
8700 662773 215895 17281661
8700 662773 215895 15617297
8700 662773 215895 16579750
8700 662773 215895 15844373
8700 662773 215895 18243920
8700 662773 215895 16199691
8700 662773 215895 19237239
8700 662773 215895 19710899
8700 662773 215895 17863493
8700 662773 215895 15027459
8700 662773 215895 16984112
8700 662773 215895 16777111
8700 662773 215895 17203795
8700 662773 215895 20085439
8700 662773 215895 20543985
8700 662773 215895 17605829
8700 662773 215895 17771503
8700 662773 215895 18221128
8700 662773 215895 17799162
8700 662773 215895 17796524
8700 662773 215895 19365799
8700 662773 215895 19765643
8700 662773 215895 16387434
8700 662773 215895 18852592
8700 662773 215895 17913564
8700 662773 215895 19445069
8700 662773 215895 20408076
8700 662773 215895 19831096
8700 662773 215895 17542265
8700 662773 215895 17093696
8700 662773 215895 20695755
8700 662773 215895 20328507
8700 662773 215895 20124289
8700 662773 215895 19437245
8700 662773 215895 19866997
8700 662773 215895 16818086
8800 667201 217694 16788496
8800 667201 217694 19156380
8800 667201 217694 17388564
8800 667201 217694 20141605
8800 667201 217694 19327371
8800 667201 217694 20950292
8800 667201 217694 19569431
8800 667201 217694 21032710
8800 667201 217694 19677085
8800 667201 217694 17597865
8800 667201 217694 18348849
8800 667201 217694 21103172
8800 667201 217694 17446347
8800 667201 217694 20622548
8800 667201 217694 20017065
8800 667201 217694 17276601
8800 667201 217694 18817820
8800 667201 217694 18005575
8800 667201 217694 19162984
8800 667201 217694 17990251
8800 667201 217694 19553380
8800 667201 217694 20660688
8800 667201 217694 17975379
8800 667201 217694 21332062
8800 667201 217694 20418710
8800 667201 217694 20320759
8800 667201 217694 20875519
8800 667201 217694 20392147
8800 667201 217694 21051646
8800 667201 217694 20729730
8800 667201 217694 20040622
8800 667201 217694 18738723
8800 667201 217694 19332941
8800 667201 217694 16712226
8800 667201 217694 17767241
8800 667201 217694 20446400
8800 667201 217694 16698674
8800 667201 217694 19014131
8800 667201 217694 21722856
8800 667201 217694 19458047
8800 667201 217694 19993225
8800 667201 217694 19746986
8800 667201 217694 18428100
8800 667201 217694 19361212
8800 667201 217694 18317071
8800 667201 217694 20200531
8800 667201 217694 16627210
8800 667201 217694 16841051
8800 667201 217694 21322715
8800 667201 217694 22547174
8900 681194 222532 21909754
8900 681194 222532 19696103
8900 681194 222532 18512908
8900 681194 222532 20447428
8900 681194 222532 21538676
8900 681194 222532 18290393
8900 681194 222532 20492653
8900 681194 222532 18466008
8900 681194 222532 19903108
8900 681194 222532 19810470
8900 681194 222532 18331278
8900 681194 222532 17919138
8900 681194 222532 18341598
8900 681194 222532 19713390
8900 681194 222532 16980017
8900 681194 222532 20946156
8900 681194 222532 20656144
8900 681194 222532 19208317
8900 681194 222532 17895237
8900 681194 222532 19454161
8900 681194 222532 20132094
8900 681194 222532 20804479
8900 681194 222532 19254054
8900 681194 222532 19835743
8900 681194 222532 20394279
8900 681194 222532 19540629
8900 681194 222532 17701248
8900 681194 222532 21731981
8900 681194 222532 19273732
8900 681194 222532 16389567
8900 681194 222532 18409259
8900 681194 222532 19526363
8900 681194 222532 22101584
8900 681194 222532 19341458
8900 681194 222532 19171329
8900 681194 222532 19222172
8900 681194 222532 20074210
8900 681194 222532 18011409
8900 681194 222532 20568406
8900 681194 222532 21093370
8900 681194 222532 21171406
8900 681194 222532 21190740
8900 681194 222532 22160550
8900 681194 222532 21975443
8900 681194 222532 19881726
8900 681194 222532 18839473
8900 681194 222532 17451815
8900 681194 222532 20624958
8900 681194 222532 20624915
8900 681194 222532 22241151
9000 702426 231363 24163267
9000 702426 231363 24506395
9000 702426 231363 23025224
9000 702426 231363 22560185
9000 702426 231363 25330903
9000 702426 231363 25354814
9000 702426 231363 24304443
9000 702426 231363 18625546
9000 702426 231363 21999397
9000 702426 231363 21828356
9000 702426 231363 19541482
9000 702426 231363 20230866
9000 702426 231363 19358058
9000 702426 231363 16022640
9000 702426 231363 18110669
9000 702426 231363 19106300
9000 702426 231363 20031887
9000 702426 231363 15049066
9000 702426 231363 20138955
9000 702426 231363 18685362
9000 702426 231363 18444514
9000 702426 231363 23955588
9000 702426 231363 19678843
9000 702426 231363 19661196
9000 702426 231363 20257902
9000 702426 231363 21582342
9000 702426 231363 19024696
9000 702426 231363 16903136
9000 702426 231363 19452431
9000 702426 231363 20902306
9000 702426 231363 16389296
9000 702426 231363 20533877
9000 702426 231363 17633991
9000 702426 231363 20604575
9000 702426 231363 20000061
9000 702426 231363 18685983
9000 702426 231363 18605743
9000 702426 231363 19791002
9000 702426 231363 21326487
9000 702426 231363 20090895
9000 702426 231363 20351725
9000 702426 231363 19268757
9000 702426 231363 17899513
9000 702426 231363 17221233
9000 702426 231363 20969454
9000 702426 231363 20872217
9000 702426 231363 20132588
9000 702426 231363 18465326
9000 702426 231363 19710712
9000 702426 231363 18348696
9100 713181 237200 17483215
9100 713181 237200 18213086
9100 713181 237200 20359730
9100 713181 237200 19156268
9100 713181 237200 22730012
9100 713181 237200 21342535
9100 713181 237200 16703501
9100 713181 237200 19074644
9100 713181 237200 18692565
9100 713181 237200 20068606
9100 713181 237200 22320680
9100 713181 237200 20073286
9100 713181 237200 17546463
9100 713181 237200 20334761
9100 713181 237200 23759023
9100 713181 237200 23203195
9100 713181 237200 21966430
9100 713181 237200 22661896
9100 713181 237200 21688599
9100 713181 237200 21350454
9100 713181 237200 21199980
9100 713181 237200 18193041
9100 713181 237200 18748767
9100 713181 237200 21465841
9100 713181 237200 21368677
9100 713181 237200 21770801
9100 713181 237200 19146120
9100 713181 237200 23044710
9100 713181 237200 21475241
9100 713181 237200 19834759
9100 713181 237200 21348964
9100 713181 237200 22732545
9100 713181 237200 22133500
9100 713181 237200 19357946
9100 713181 237200 20416421
9100 713181 237200 20228442
9100 713181 237200 22991919
9100 713181 237200 21697125
9100 713181 237200 21173322
9100 713181 237200 21569497
9100 713181 237200 20744514
9100 713181 237200 21989838
9100 713181 237200 18691544
9100 713181 237200 20100604
9100 713181 237200 20487787
9100 713181 237200 20720701
9100 713181 237200 20244136
9100 713181 237200 22101306
9100 713181 237200 18596759
9100 713181 237200 19329822
9200 720769 241015 21740956
9200 720769 241015 19033630
9200 720769 241015 23526237
9200 720769 241015 21385359
9200 720769 241015 22272347
9200 720769 241015 21302443
9200 720769 241015 22813618
9200 720769 241015 22290775
9200 720769 241015 20833398
9200 720769 241015 22698631
9200 720769 241015 22274688
9200 720769 241015 22819943
9200 720769 241015 21671278
9200 720769 241015 19716280
9200 720769 241015 20685048
9200 720769 241015 20950110
9200 720769 241015 21226350
9200 720769 241015 17657852
9200 720769 241015 23657112
9200 720769 241015 21527943
9200 720769 241015 19888706
9200 720769 241015 24228014
9200 720769 241015 18434019
9200 720769 241015 21775972
9200 720769 241015 22222303
9200 720769 241015 21726779
9200 720769 241015 20514740
9200 720769 241015 23595698
9200 720769 241015 19402545
9200 720769 241015 20902892
9200 720769 241015 22808053
9200 720769 241015 18982169
9200 720769 241015 18634621
9200 720769 241015 19177827
9200 720769 241015 20294919
9200 720769 241015 20009684
9200 720769 241015 21022501
9200 720769 241015 17699739
9200 720769 241015 18752577
9200 720769 241015 22894995
9200 720769 241015 20113486
9200 720769 241015 22648774
9200 720769 241015 20749343
9200 720769 241015 22228291
9200 720769 241015 19310882
9200 720769 241015 20604835
9200 720769 241015 18035214
9200 720769 241015 23106838
9200 720769 241015 22087869
9200 720769 241015 22472561
9300 728085 244213 20038347
9300 728085 244213 22971898
9300 728085 244213 22448697
9300 728085 244213 23054259
9300 728085 244213 23646944
9300 728085 244213 19557908
9300 728085 244213 22490510
9300 728085 244213 19838372
9300 728085 244213 21406907
9300 728085 244213 23043185
9300 728085 244213 22914157
9300 728085 244213 17504564
9300 728085 244213 20763847
9300 728085 244213 19197462
9300 728085 244213 22747653
9300 728085 244213 26127580
9300 728085 244213 24146386
9300 728085 244213 23175153
9300 728085 244213 22802980
9300 728085 244213 22698423
9300 728085 244213 22839826
9300 728085 244213 23863162
9300 728085 244213 24136254
9300 728085 244213 22206892
9300 728085 244213 22650576
9300 728085 244213 19333095
9300 728085 244213 17260442
9300 728085 244213 20122522
9300 728085 244213 21566878
9300 728085 244213 20639388
9300 728085 244213 21520802
9300 728085 244213 21923733
9300 728085 244213 20708707
9300 728085 244213 20349322
9300 728085 244213 22552489
9300 728085 244213 23472696
9300 728085 244213 22218815
9300 728085 244213 21500826
9300 728085 244213 19328550
9300 728085 244213 17088021
9300 728085 244213 20763903
9300 728085 244213 19460246
9300 728085 244213 22344913
9300 728085 244213 22550888
9300 728085 244213 22091732
9300 728085 244213 16891003
9300 728085 244213 20085828
9300 728085 244213 20076351
9300 728085 244213 18729597
9300 728085 244213 22406133
9400 733401 244617 21806499
9400 733401 244617 17185148
9400 733401 244617 18934533
9400 733401 244617 18818344
9400 733401 244617 18302870
9400 733401 244617 21517508
9400 733401 244617 22570972
9400 733401 244617 21817189
9400 733401 244617 22828980
9400 733401 244617 22081876
9400 733401 244617 18866693
9400 733401 244617 18133006
9400 733401 244617 23492713
9400 733401 244617 21603020
9400 733401 244617 18305280
9400 733401 244617 22275476
9400 733401 244617 20582651
9400 733401 244617 20230165
9400 733401 244617 22236406
9400 733401 244617 16299739
9400 733401 244617 21931809
9400 733401 244617 20004719
9400 733401 244617 23211583
9400 733401 244617 23734010
9400 733401 244617 19003428
9400 733401 244617 16899886
9400 733401 244617 21542231
9400 733401 244617 19949521
9400 733401 244617 21206820
9400 733401 244617 23557848
9400 733401 244617 20972695
9400 733401 244617 21652145
9400 733401 244617 24656640
9400 733401 244617 19522856
9400 733401 244617 23140453
9400 733401 244617 18119533
9400 733401 244617 24627325
9400 733401 244617 22732560
9400 733401 244617 23130115
9400 733401 244617 21059766
9400 733401 244617 19160259
9400 733401 244617 20108834
9400 733401 244617 23162359
9400 733401 244617 22108884
9400 733401 244617 19530126
9400 733401 244617 21717908
9400 733401 244617 18450343
9400 733401 244617 20150916
9400 733401 244617 21701140
9400 733401 244617 18960655
9500 740576 246825 20360524
9500 740576 246825 18710026
9500 740576 246825 22093473
9500 740576 246825 21194435
9500 740576 246825 23272226
9500 740576 246825 19445559
9500 740576 246825 19803538
9500 740576 246825 21535019
9500 740576 246825 19259820
9500 740576 246825 19449313
9500 740576 246825 17342703
9500 740576 246825 21885019
9500 740576 246825 21522778
9500 740576 246825 18678931
9500 740576 246825 22225740
9500 740576 246825 20769623
9500 740576 246825 21081898
9500 740576 246825 20527885
9500 740576 246825 19675264
9500 740576 246825 18063321
9500 740576 246825 18151917
9500 740576 246825 24038835
9500 740576 246825 22636014
9500 740576 246825 20970599
9500 740576 246825 22750785
9500 740576 246825 19282279
9500 740576 246825 18501453
9500 740576 246825 21628395
9500 740576 246825 22993899
9500 740576 246825 20515831
9500 740576 246825 18444832
9500 740576 246825 17468787
9500 740576 246825 22394465
9500 740576 246825 21846214
9500 740576 246825 21131360
9500 740576 246825 21607556
9500 740576 246825 17477394
9500 740576 246825 19482401
9500 740576 246825 19382016
9500 740576 246825 20901369
9500 740576 246825 19640601
9500 740576 246825 20327093
9500 740576 246825 20686882
9500 740576 246825 21891235
9500 740576 246825 18702547
9500 740576 246825 23857979
9500 740576 246825 20612786
9500 740576 246825 22294528
9500 740576 246825 19666513
9500 740576 246825 24103678
9600 755924 251120 19692560
9600 755924 251120 18655610
9600 755924 251120 23184496
9600 755924 251120 22038723
9600 755924 251120 21889096
9600 755924 251120 20908528
9600 755924 251120 17668721
9600 755924 251120 21010728
9600 755924 251120 21863420
9600 755924 251120 17426647
9600 755924 251120 17532621
9600 755924 251120 18968824
9600 755924 251120 21133627
9600 755924 251120 21001321
9600 755924 251120 19109481
9600 755924 251120 20608945
9600 755924 251120 24381598
9600 755924 251120 22359921
9600 755924 251120 23110160
9600 755924 251120 19551529
9600 755924 251120 21727828
9600 755924 251120 22039304
9600 755924 251120 21068836
9600 755924 251120 23049412
9600 755924 251120 18480329
9600 755924 251120 23147997
9600 755924 251120 19772456
9600 755924 251120 21625199
9600 755924 251120 23922692
9600 755924 251120 20740130
9600 755924 251120 21469586
9600 755924 251120 21385838
9600 755924 251120 22458697
9600 755924 251120 23121154
9600 755924 251120 23119177
9600 755924 251120 22732763
9600 755924 251120 23357098
9600 755924 251120 23054651
9600 755924 251120 23414912
9600 755924 251120 21352616
9600 755924 251120 23153602
9600 755924 251120 21332695
9600 755924 251120 25682228
9600 755924 251120 18596681
9600 755924 251120 19598322
9600 755924 251120 20824230
9600 755924 251120 21110791
9600 755924 251120 24005851
9600 755924 251120 17757997
9600 755924 251120 20713446
9700 748991 248584 19007891
9700 748991 248584 18217794
9700 748991 248584 21235925
9700 748991 248584 21539662
9700 748991 248584 17909832
9700 748991 248584 18514005
9700 748991 248584 22694360
9700 748991 248584 21510803
9700 748991 248584 20707428
9700 748991 248584 22007625
9700 748991 248584 21565144
9700 748991 248584 22268339
9700 748991 248584 21070686
9700 748991 248584 23181032
9700 748991 248584 22292923
9700 748991 248584 20551307
9700 748991 248584 23144651
9700 748991 248584 23427792
9700 748991 248584 21415971
9700 748991 248584 18613877
9700 748991 248584 21838007
9700 748991 248584 21808860
9700 748991 248584 21855471
9700 748991 248584 21973236
9700 748991 248584 19440128
9700 748991 248584 19706073
9700 748991 248584 20804807
9700 748991 248584 19550566
9700 748991 248584 22323308
9700 748991 248584 23344286
9700 748991 248584 20458240
9700 748991 248584 19050662
9700 748991 248584 21011931
9700 748991 248584 22077752
9700 748991 248584 24588968
9700 748991 248584 19663924
9700 748991 248584 21999966
9700 748991 248584 18095527
9700 748991 248584 21236738
9700 748991 248584 23946025
9700 748991 248584 18979257
9700 748991 248584 18750335
9700 748991 248584 22385482
9700 748991 248584 23547552
9700 748991 248584 21707888
9700 748991 248584 19210411
9700 748991 248584 19823857
9700 748991 248584 20347211
9700 748991 248584 22280577
9700 748991 248584 22612420
9800 765100 255022 25152233
9800 765100 255022 22233595
9800 765100 255022 24002737
9800 765100 255022 22610701
9800 765100 255022 23029043
9800 765100 255022 20506269
9800 765100 255022 21169548
9800 765100 255022 22192468
9800 765100 255022 20637768
9800 765100 255022 21671271
9800 765100 255022 22509692
9800 765100 255022 24100365
9800 765100 255022 23111288
9800 765100 255022 20143829
9800 765100 255022 18146441
9800 765100 255022 22708750
9800 765100 255022 20499535
9800 765100 255022 20707149
9800 765100 255022 25014229
9800 765100 255022 21679081
9800 765100 255022 18402587
9800 765100 255022 21992385
9800 765100 255022 22918553
9800 765100 255022 19993846
9800 765100 255022 22768157
9800 765100 255022 21909148
9800 765100 255022 17079166
9800 765100 255022 23040618
9800 765100 255022 21366084
9800 765100 255022 24726898
9800 765100 255022 22287312
9800 765100 255022 22258105
9800 765100 255022 22265052
9800 765100 255022 18925355
9800 765100 255022 20898698
9800 765100 255022 20960720
9800 765100 255022 20066441
9800 765100 255022 22894903
9800 765100 255022 22044904
9800 765100 255022 24058488
9800 765100 255022 17590045
9800 765100 255022 23714947
9800 765100 255022 22953872
9800 765100 255022 19852325
9800 765100 255022 19863075
9800 765100 255022 18326650
9800 765100 255022 21628155
9800 765100 255022 21141548
9800 765100 255022 23900436
9800 765100 255022 24148065
9900 765787 255867 22888201
9900 765787 255867 24526739
9900 765787 255867 25101255
9900 765787 255867 22314053
9900 765787 255867 22272210
9900 765787 255867 22107824
9900 765787 255867 20983483
9900 765787 255867 21127197
9900 765787 255867 22794175
9900 765787 255867 22793841
9900 765787 255867 18894619
9900 765787 255867 17889372
9900 765787 255867 20451579
9900 765787 255867 22574591
9900 765787 255867 22977341
9900 765787 255867 24465199
9900 765787 255867 22476094
9900 765787 255867 23234660
9900 765787 255867 17247978
9900 765787 255867 22668172
9900 765787 255867 23826823
9900 765787 255867 18941469
9900 765787 255867 22147534
9900 765787 255867 21268828
9900 765787 255867 18556098
9900 765787 255867 20970911
9900 765787 255867 22990962
9900 765787 255867 20335338
9900 765787 255867 19515862
9900 765787 255867 24734012
9900 765787 255867 23026730
9900 765787 255867 20393890
9900 765787 255867 22419856
9900 765787 255867 20166678
9900 765787 255867 20624450
9900 765787 255867 20918418
9900 765787 255867 22308964
9900 765787 255867 21427546
9900 765787 255867 22680713
9900 765787 255867 20162627
9900 765787 255867 21826722
9900 765787 255867 23455904
9900 765787 255867 23642178
9900 765787 255867 23205144
9900 765787 255867 20239093
9900 765787 255867 21503281
9900 765787 255867 20781683
9900 765787 255867 21153533
9900 765787 255867 22500672
9900 765787 255867 23389930
10000 775241 258700 24096142
10000 775241 258700 24045660
10000 775241 258700 23105601
10000 775241 258700 21772340
10000 775241 258700 24445462
10000 775241 258700 24327182
10000 775241 258700 19447569
10000 775241 258700 24009441
10000 775241 258700 25484127
10000 775241 258700 23823391
10000 775241 258700 20104797
10000 775241 258700 22324549
10000 775241 258700 17494490
10000 775241 258700 19822134
10000 775241 258700 20150661
10000 775241 258700 19192713
10000 775241 258700 23763250
10000 775241 258700 22173662
10000 775241 258700 21080584
10000 775241 258700 19938295
10000 775241 258700 22855468
10000 775241 258700 17739631
10000 775241 258700 20331120
10000 775241 258700 20589179
10000 775241 258700 23373242
10000 775241 258700 22837978
10000 775241 258700 22605496
10000 775241 258700 20097106
10000 775241 258700 22334914
10000 775241 258700 21950670
10000 775241 258700 21642924
10000 775241 258700 22741090
10000 775241 258700 18819777
10000 775241 258700 18289196
10000 775241 258700 19138827
10000 775241 258700 22178674
10000 775241 258700 21541947
10000 775241 258700 22750235
10000 775241 258700 17827872
10000 775241 258700 17548224
10000 775241 258700 20394695
10000 775241 258700 22813488
10000 775241 258700 22469250
10000 775241 258700 22579316
10000 775241 258700 23117340
10000 775241 258700 19617218
10000 775241 258700 19470357
10000 775241 258700 21381453
10000 775241 258700 23967194
10000 775241 258700 24245747
