100 593 226 39250
100 557 252 52259
100 586 247 61213
100 553 224 52085
100 559 233 50083
100 574 253 48470
100 680 192 53187
100 556 188 57453
100 591 192 47879
100 579 257 50868
100 582 224 50100
100 628 243 54167
100 600 269 56443
100 555 276 62179
100 551 310 65558
100 603 205 56682
100 632 206 55878
100 548 279 61659
100 570 242 58243
100 639 224 59237
100 559 206 59746
100 617 307 64086
100 596 202 57915
100 565 221 60164
100 549 248 58219
100 613 241 59034
100 604 240 61773
100 628 199 52972
100 561 259 54420
100 574 226 185339
100 535 240 55967
100 539 260 59054
100 648 220 59042
100 554 258 61604
100 606 283 60515
100 673 272 58346
100 527 214 51256
100 627 275 55333
100 616 240 59266
100 562 218 53287
100 631 290 61578
100 657 186 51402
100 561 211 53371
100 591 203 50521
100 553 233 54940
100 576 205 45428
100 586 236 48618
100 566 241 43731
100 556 228 49841
100 605 216 56513
200 1411 546 119868
200 1599 530 133834
200 1514 612 121828
200 1371 615 123197
200 1427 708 130261
200 1423 641 123943
200 1534 480 121404
200 1341 490 136817
200 1362 585 124224
200 1411 452 120297
200 1380 497 122983
200 1490 546 121526
200 1415 515 116127
200 1532 452 117792
200 1360 565 115584
200 1509 590 86729
200 1451 635 90334
200 1300 555 84124
200 1344 527 86809
200 1350 542 72310
200 1378 534 87710
200 1437 557 86690
200 1570 490 84030
200 1560 486 90083
200 1616 649 99307
200 1383 515 90402
200 1434 686 86640
200 1372 619 88952
200 1426 594 81786
200 1360 541 88987
200 1337 456 75386
200 1424 527 81059
200 1358 546 147754
200 1516 532 63555
200 1398 544 64781
200 1333 512 61912
200 1508 557 62796
200 1416 603 59806
200 1478 563 65878
200 1405 529 61248
200 1341 522 61240
200 1370 531 62391
200 1506 626 66779
200 1389 503 61737
200 1521 515 62676
200 1294 589 64231
200 1336 683 69179
200 1363 638 70822
200 1383 597 63819
200 1338 540 76223
300 2410 789 96970
300 2233 920 96904
300 2227 845 97465
300 2246 882 94320
300 2341 820 91058
300 2604 797 94856
300 2710 796 102982
300 2465 839 88436
300 2433 783 79437
300 2264 873 75623
300 2479 925 80605
300 2478 950 82616
300 2387 911 84019
300 2281 853 76293
300 2322 836 74442
300 2283 1031 80337
300 2274 881 85853
300 2289 877 80535
300 2314 953 78321
300 2396 934 82676
300 2447 982 87977
300 2259 839 85784
300 2282 874 85131
300 2460 933 82205
300 2285 916 80032
300 2244 911 85533
300 2293 754 82919
300 2258 788 83430
300 2316 738 80989
300 2301 880 83240
300 2522 879 87996
300 2308 808 83792
300 2301 974 82564
300 2580 948 70623
300 2293 821 68230
300 2425 691 59897
300 2270 787 65757
300 2257 843 70098
300 2265 811 67377
300 2486 826 61741
300 2592 759 59707
300 2809 865 79324
300 2461 813 75109
300 2233 885 60852
300 2602 844 61550
300 2351 1145 69555
300 2294 757 59933
300 2350 1004 71127
300 2291 954 68789
300 2580 826 66581
400 3350 1392 98937
400 3266 1113 81336
400 3727 1336 110497
400 3447 1365 96357
400 3081 1377 90636
400 3392 1293 87299
400 3353 1162 87550
400 3263 1404 96908
400 3268 1211 102885
400 3080 1201 99417
400 3431 1266 104166
400 3454 1390 99349
400 3475 1133 91416
400 3421 1234 95759
400 3248 1230 94532
400 3184 1224 97544
400 3475 1412 78809
400 3303 1158 79908
400 3368 1370 74990
400 3281 1116 78790
400 3096 1391 79921
400 3400 1258 88857
400 3632 1208 92222
400 3177 1304 71078
400 3241 1260 76959
400 4038 1229 87871
400 3422 1131 74354
400 3420 1189 86300
400 3476 1148 81189
400 3470 1189 85822
400 3426 1122 76741
400 3648 1273 85643
400 3387 1426 86472
400 3814 1149 76666
400 3345 1395 85120
400 3496 1302 88742
400 3184 1196 70095
400 3206 1244 69550
400 3200 1231 74580
400 3116 1252 79809
400 3544 1581 86405
400 3384 1208 80886
400 3504 1248 77684
400 3244 1484 87449
400 3146 1370 73533
400 3210 1234 77561
400 3908 1613 84775
400 3112 1245 78887
400 3223 1197 79551
400 3301 1320 85247
500 4347 1618 105082
500 4481 1605 98836
500 4263 1686 97756
500 4525 1575 94123
500 4240 1929 106273
500 4089 1840 93040
500 4245 1486 108186
500 4369 1450 90197
500 4255 1743 95118
500 4162 1780 102048
500 4257 1975 100289
500 4320 1629 96231
500 4370 1704 98454
500 4175 1770 100820
500 4305 1496 91739
500 4364 2065 99881
500 4288 1729 92859
500 4417 1663 98438
500 4674 1510 97801
500 4379 2016 98494
500 4264 1669 104357
500 4640 1540 94470
500 4385 1766 104791
500 4389 1644 138027
500 4393 1691 102247
500 4182 1796 93334
500 4589 1544 95195
500 4588 1593 97911
500 4538 1652 98770
500 4474 1641 106311
500 4368 1971 86187
500 4212 1739 92628
500 4144 1458 96647
500 4430 1860 108006
500 4226 1536 92321
500 4309 1513 91291
500 4216 1511 88780
500 4069 1578 91910
500 4194 1721 94664
500 4541 1699 93027
500 4336 1908 92567
500 4606 1840 106691
500 4202 1663 87033
500 4117 1565 84192
500 4597 1395 86803
500 4278 1679 87679
500 4534 1596 98475
500 4284 1485 96044
500 4417 1530 97289
500 4188 1850 98787
600 5714 2013 111909
600 6085 1868 111275
600 5196 2220 126538
600 5429 2105 112503
600 5430 2065 123763
600 5435 2010 107451
600 5205 1838 109158
600 5432 2335 123937
600 5896 2027 131086
600 5510 2011 126186
600 5544 1821 124326
600 6331 1721 116689
600 5477 2076 127222
600 5567 2172 123158
600 5512 2111 122759
600 5287 1940 119463
600 5621 2144 121611
600 5857 1763 125255
600 5368 2179 130983
600 5271 1920 112692
600 5638 1947 117877
600 5217 1910 112927
600 5352 2011 114410
600 5124 1996 124480
600 5472 2009 116331
600 5004 2049 111930
600 5485 2240 121438
600 5752 1843 118319
600 5892 1934 125378
600 5656 2186 127534
600 5556 1920 119597
600 5731 1791 113622
600 5320 1842 111613
600 5777 2144 126679
600 5367 2057 119017
600 5749 1811 127146
600 5221 2075 115991
600 5091 2357 115148
600 5346 1831 117925
600 5480 1881 118461
600 5391 1990 129080
600 5601 2053 135840
600 6484 1739 136362
600 5689 2218 129526
600 5653 1735 116508
600 5764 1858 119795
600 5501 1941 122109
600 5928 1994 115485
600 5667 2072 124954
600 5318 2060 111589
700 6315 2542 142623
700 6477 3023 144617
700 6092 2403 136634
700 6692 2537 150184
700 6594 2297 140143
700 6855 2671 149080
700 6679 2787 157295
700 6745 2480 142826
700 7740 2866 155291
700 6699 2255 141931
700 6340 2346 133421
700 6445 2791 139433
700 6522 2489 141156
700 6700 2493 142410
700 6723 2681 144493
700 6625 2309 128239
700 6539 2505 137343
700 6076 2491 133612
700 6500 2577 138147
700 6237 2833 140600
700 6220 2648 130606
700 6325 2449 131176
700 6296 2352 139079
700 6546 2373 132932
700 6239 2352 133513
700 6446 2299 143778
700 6115 2100 144989
700 7304 2110 149256
700 7579 2402 147445
700 7244 2280 140386
700 6049 2267 138205
700 6749 2722 155897
700 6266 2452 141705
700 6432 2138 136566
700 7016 2241 140785
700 7052 2115 146451
700 7025 2281 146225
700 6883 2401 141142
700 7039 2363 143730
700 6247 2267 144029
700 6078 2553 147572
700 6166 2423 141747
700 6727 2182 139644
700 6054 2297 146931
700 6995 2461 149213
700 6640 2414 137236
700 6423 2454 148260
700 6475 2023 142180
700 6914 2497 148663
700 6869 2460 151309
800 7356 2586 165574
800 7984 3047 178664
800 8324 2632 164100
800 7577 2832 167480
800 7488 2772 170347
800 7580 2713 171363
800 7911 3639 182051
800 7832 2478 149426
800 7855 2758 168886
800 8938 2656 171102
800 7551 2698 165397
800 7391 2928 169109
800 7513 2630 169024
800 8590 2571 182425
800 7576 3061 161804
800 7406 3153 168754
800 8299 2477 173677
800 7675 2483 165129
800 7359 2880 169152
800 7240 3253 173635
800 7253 2883 168592
800 7732 2592 172567
800 7990 2747 165536
800 7862 2747 169277
800 7549 2811 174504
800 7764 2697 167871
800 7239 2826 169385
800 7803 3030 174507
800 8242 2571 171651
800 8083 2509 172942
800 7426 2606 171075
800 8328 2504 176493
800 7348 2979 174639
800 7663 2837 172815
800 7443 2900 166536
800 7344 2393 159959
800 7800 2580 191943
800 7464 3203 169347
800 8282 2656 169842
800 7380 2960 167484
800 8398 3006 171731
800 7299 2682 163445
800 7559 2697 164216
800 8703 3110 167845
800 8003 2705 200740
800 7179 2807 159902
800 7500 2461 158229
800 7329 2789 163837
800 7379 2563 164256
800 8138 2549 166601
900 9047 3605 193105
900 8340 3753 189908
900 9692 3139 184199
900 8585 3027 171464
900 9613 3124 1032657
900 9361 3248 193312
900 8322 3388 177429
900 8364 3352 190134
900 9309 3093 190149
900 9156 3667 206165
900 9188 2869 197798
900 9333 3219 205123
900 8441 2990 191952
900 8325 3523 214481
900 9250 3144 190714
900 8430 3727 191815
900 9120 3069 191708
900 8442 3603 190359
900 8268 3240 186574
900 8753 3389 191857
900 8678 3136 181277
900 8595 3295 187481
900 8639 3062 195898
900 9576 3851 215042
900 9688 2919 197438
900 8758 3469 190680
900 9806 3051 184595
900 8978 3159 189334
900 8881 3566 193952
900 9963 3595 185981
900 9012 2865 180472
900 8234 3316 192645
900 8869 2734 192089
900 8829 4178 209494
900 9536 3635 208675
900 8968 3049 195099
900 10097 3055 198809
900 9060 4092 206804
900 8817 3313 197686
900 8389 3577 199911
900 8435 3377 198597
900 9215 3071 196217
900 8391 3662 195006
900 8461 3318 189207
900 8590 3072 184702
900 8489 3343 187729
900 8420 3081 186092
900 9308 3250 184974
900 8568 3143 186580
900 9421 2975 191437
1000 11817 3493 225685
1000 10203 3698 220326
1000 11833 3982 231059
1000 10011 3627 213981
1000 9835 4041 218443
1000 9370 3686 300628
1000 9645 3430 205051
1000 9973 3684 205999
1000 10141 3333 210640
1000 10035 4213 232441
1000 10106 3502 223568
1000 9850 3884 221740
1000 9663 3732 218041
1000 9872 3261 216486
1000 9440 3718 334615
1000 9541 3813 212978
1000 10635 3674 225307
1000 10364 3859 218051
1000 10422 4042 224137
1000 10251 3169 215099
1000 10943 3618 225808
1000 9817 4150 220959
1000 10041 3415 218254
1000 9679 4036 219357
1000 10203 3631 217003
1000 10040 3720 215597
1000 10270 3345 213208
1000 10244 4330 227810
1000 10287 3303 215783
1000 9553 3639 219540
1000 11332 3264 227534
1000 10487 3404 282593
1000 9977 3706 220997
1000 9681 3501 219217
1000 9778 4141 217117
1000 9683 3530 215860
1000 9890 3677 223710
1000 10918 3323 218599
1000 10182 4106 218751
1000 9905 3981 216695
1000 9693 3566 208899
1000 10216 3485 218248
1000 10500 3573 224773
1000 10299 3387 214979
1000 10513 4437 225615
1000 10541 4146 218986
1000 10206 4176 229874
1000 9930 3639 221446
1000 9264 3304 206141
1000 10495 4193 233545
1100 11046 4462 240926
1100 10538 3963 240007
1100 11394 3964 244305
1100 10452 4018 240109
1100 11317 5011 267242
1100 10567 4250 245247
1100 10765 4115 238736
1100 11473 3433 231665
1100 11141 3852 234700
1100 12883 4401 254106
1100 12045 5031 254806
1100 11186 3738 234994
1100 11318 3832 1081659
1100 10863 4049 235831
1100 10699 4026 235588
1100 11451 4098 242556
1100 10856 3697 231510
1100 11563 3982 247295
1100 11331 4613 232682
1100 11345 3548 234082
1100 10646 4154 236958
1100 11561 3882 237784
1100 11131 4009 236078
1100 11593 4672 245540
1100 11039 3998 240137
1100 10739 4254 237654
1100 11553 4454 253778
1100 11560 3674 235650
1100 10898 3687 241532
1100 10876 3726 233093
1100 10941 4069 252695
1100 11227 4259 238825
1100 11007 3833 219624
1100 10711 4148 241959
1100 11095 4401 240444
1100 10597 4089 234265
1100 10732 4069 235301
1100 11956 3597 237290
1100 10578 4554 240221
1100 11444 4478 243812
1100 11283 3774 235976
1100 10853 3882 237122
1100 11341 4329 244709
1100 11039 3863 234052
1100 11421 3760 233937
1100 11669 4189 241374
1100 11544 4225 241839
1100 10947 3656 231689
1100 11132 3814 256456
1100 13208 3937 252899
1200 11564 4070 251949
1200 12410 4576 273448
1200 12593 4390 260414
1200 11813 4301 272407
1200 11927 4082 254272
1200 12689 4805 277523
1200 12543 4993 267023
1200 12876 4647 262922
1200 12235 4348 242642
1200 12427 4437 261649
1200 12085 4232 257434
1200 13038 4520 266781
1200 12814 4452 268765
1200 11945 4466 270596
1200 13930 4775 276925
1200 12057 4541 260254
1200 12913 5150 273479
1200 13090 4215 265288
1200 15081 4378 279186
1200 12075 4471 275644
1200 12303 4668 264191
1200 12679 4220 260854
1200 11745 4200 255720
1200 12821 5404 277877
1200 12500 4718 252323
1200 12839 4124 235226
1200 11887 4629 1052881
1200 12494 4411 239245
1200 12098 4692 278404
1200 12683 4136 268282
1200 13306 4195 269423
1200 12240 4501 290883
1200 14537 4896 305808
1200 12352 4517 257592
1200 12405 4084 256980
1200 12073 3993 254494
1200 12048 4203 256972
1200 12027 5420 271560
1200 12292 3997 257569
1200 12228 4284 259590
1200 12514 4016 260317
1200 12707 4098 257805
1200 13525 3937 264555
1200 12664 4915 270362
1200 12680 5038 268731
1200 13163 4262 1113454
1200 13214 4551 243943
1200 13027 4357 250892
1200 12604 4625 236676
1200 12230 4468 251931
1300 13209 5631 291266
1300 12622 4463 303816
1300 13709 6244 284405
1300 14616 5902 306961
1300 12989 4583 290300
1300 13156 5167 287481
1300 13393 4989 283275
1300 13910 5958 299441
1300 13258 4699 283183
1300 14318 4988 268098
1300 12829 4613 263483
1300 13357 5604 273673
1300 13291 5026 271149
1300 13125 4945 263870
1300 13238 4867 251760
1300 13479 5676 282905
1300 12967 5625 269413
1300 13377 4931 277251
1300 13561 4764 274363
1300 13144 4689 272054
1300 13253 5211 277216
1300 13107 5019 262684
1300 14087 5351 267418
1300 13286 5294 288464
1300 12752 4950 300078
1300 12922 4811 277507
1300 13335 4758 271319
1300 13251 4338 293458
1300 13182 5520 288968
1300 13304 5102 316433
1300 13764 5215 281676
1300 13554 5047 283544
1300 12996 4656 270423
1300 16035 7018 308280
1300 13434 5309 279799
1300 12793 4974 261221
1300 13084 4560 274693
1300 13491 5195 299818
1300 13514 5661 289193
1300 13377 4456 283655
1300 13976 4564 289597
1300 14393 4442 270887
1300 13896 5875 1472488
1300 13671 5416 288158
1300 13398 5052 278408
1300 14016 4930 283762
1300 13149 5622 300257
1300 15490 4720 320530
1300 13531 4876 282861
1300 13842 5014 295106
1400 15847 5513 325954
1400 14043 5587 310053
1400 16498 5380 331947
1400 14361 5024 309860
1400 15156 5891 325738
1400 14851 5010 304459
1400 14642 5795 313470
1400 15111 6338 321185
1400 13956 5143 1436971
1400 15392 5294 306657
1400 15548 5180 316687
1400 15388 4804 309948
1400 14340 5334 303818
1400 14457 5160 299964
1400 14228 5391 298656
1400 15453 5595 319214
1400 15366 5007 302312
1400 15171 5011 308530
1400 14600 5726 306800
1400 14304 6287 320470
1400 14776 5228 309432
1400 15607 6170 324038
1400 14931 4923 310085
1400 17252 4983 333182
1400 15716 6522 344266
1400 14874 4881 297242
1400 14789 5655 311847
1400 15432 4780 297260
1400 14287 5397 289631
1400 15205 6174 315549
1400 13762 4768 300689
1400 14513 6329 326482
1400 14695 5374 309584
1400 16624 5604 331104
1400 14444 5175 320585
1400 14537 5169 322687
1400 14234 5832 322526
1400 14660 5466 302326
1400 14836 5167 329379
1400 15127 5057 323210
1400 14603 6019 313934
1400 16088 5780 314954
1400 15094 6651 325899
1400 14557 5853 312451
1400 14772 4991 309054
1400 14960 5129 305400
1400 14141 5452 314450
1400 15214 5720 319995
1400 14444 5734 334283
1400 15008 5268 317246
1500 16037 5560 335343
1500 16122 5956 342904
1500 15744 5726 336528
1500 16156 6144 349850
1500 16228 5863 468115
1500 16195 6339 347890
1500 15453 5485 336881
1500 15818 5991 338358
1500 15940 5949 339309
1500 15420 5850 337089
1500 16787 5816 340455
1500 15215 5526 325876
1500 15836 5865 342756
1500 16067 5282 335684
1500 15795 6526 333581
1500 15519 6163 330342
1500 16296 5981 338145
1500 17527 5254 326807
1500 15294 5580 324456
1500 16523 5912 343351
1500 16541 5831 364254
1500 17031 5252 342880
1500 15920 6033 346175
1500 15834 6002 338656
1500 15577 5416 333767
1500 16222 5679 350561
1500 17110 5621 1654368
1500 15645 5604 326063
1500 16258 6762 353475
1500 16062 6577 355312
1500 15422 5749 359990
1500 15460 5605 327801
1500 15273 5692 338357
1500 16028 6472 347860
1500 16048 5579 338763
1500 15204 5844 341396
1500 16952 5394 1504108
1500 16340 5887 329866
1500 15958 5455 336473
1500 15661 5906 342700
1500 18474 5102 1192595
1500 16342 6420 334701
1500 16530 5803 336809
1500 17219 5410 343049
1500 16764 6698 351217
1500 17315 5672 349059
1500 16189 6265 327496
1500 16149 5939 315690
1500 15999 5889 346077
1500 15591 6017 342353
1600 16489 6173 364593
1600 17029 5841 365275
1600 17309 6206 370204
1600 16968 6158 364365
1600 20271 6464 393543
1600 17142 6517 371315
1600 17376 5954 362809
1600 17440 6276 355321
1600 16538 6470 364617
1600 18007 7424 409210
1600 16517 6089 344307
1600 17450 5698 335233
1600 16671 6434 361157
1600 16428 6358 359257
1600 16405 6138 354715
1600 16552 6473 362913
1600 17124 6835 368202
1600 17165 6556 364308
1600 18498 6187 373518
1600 17129 5938 359084
1600 18441 6972 385406
1600 16835 7022 424632
1600 20578 5666 361367
1600 18109 6297 376745
1600 17080 6664 347652
1600 18304 5465 353295
1600 17171 6653 362245
1600 18324 5988 371771
1600 17300 7416 377007
1600 19324 5730 372447
1600 17608 6632 371532
1600 17885 7833 514016
1600 17381 6271 365471
1600 17536 6027 338467
1600 20436 5309 376422
1600 17048 6731 348450
1600 18808 6123 380297
1600 18890 6870 381303
1600 17402 6264 363984
1600 16334 5924 350970
1600 18546 6934 380042
1600 17259 5920 369608
1600 17390 5878 360007
1600 17069 5805 354907
1600 17940 6091 361584
1600 17928 6528 375520
1600 17340 6974 598780
1600 17689 6211 365435
1600 17114 5830 354657
1600 17932 5632 361258
1700 17841 7094 387188
1700 18282 6857 396144
1700 18089 6476 384645
1700 18976 6099 388007
1700 19402 6255 388220
1700 19429 6532 389746
1700 18300 7139 414309
1700 18558 7073 390686
1700 19684 6882 369861
1700 19408 6002 374199
1700 17855 7402 389143
1700 18155 6854 397666
1700 18429 6403 364657
1700 18359 6726 392735
1700 17990 7273 396592
1700 18413 6362 370051
1700 19537 6895 372109
1700 18578 7135 369212
1700 18855 7712 397708
1700 19439 6149 377804
1700 17782 6852 356996
1700 18702 7389 374674
1700 18114 7432 382256
1700 19041 6559 385840
1700 19318 7698 369771
1700 18626 6472 386189
1700 18681 6467 389121
1700 19206 6271 405856
1700 17929 7531 380271
1700 18799 6536 390394
1700 17400 6165 358808
1700 18822 6021 372361
1700 18452 5920 379945
1700 17651 7117 385437
1700 18895 8163 390767
1700 18211 7251 393435
1700 18616 6184 369564
1700 19312 6916 391504
1700 18806 6357 377367
1700 19266 6221 373061
1700 18271 6073 375634
1700 18787 7910 383076
1700 18351 6653 375980
1700 19362 6291 375382
1700 17772 7006 379789
1700 19570 7126 380275
1700 18487 6189 366533
1700 19509 6173 358747
1700 18128 6605 363842
1700 18333 6343 370308
1800 20459 7071 401005
1800 20431 6972 402826
1800 19560 6109 383117
1800 19991 7625 409648
1800 19307 7710 437116
1800 19827 7273 427087
1800 19329 7608 422429
1800 19339 7498 395647
1800 19548 7873 406226
1800 20812 7163 405783
1800 22220 7798 427404
1800 21176 8168 414597
1800 20562 9992 429892
1800 21066 7612 452882
1800 19635 7517 427707
1800 18623 7812 418742
1800 19698 7283 396508
1800 20459 6474 395174
1800 20139 7313 400032
1800 19405 7108 399978
1800 20682 7767 406691
1800 21069 7513 404930
1800 20338 8550 414833
1800 20141 7827 405067
1800 18924 6994 386410
1800 21271 8255 425215
1800 19238 7469 407273
1800 19641 7392 407493
1800 19977 7682 414731
1800 18959 7305 392154
1800 19386 7655 403815
1800 19725 6943 394903
1800 19688 7480 402248
1800 20318 8131 413476
1800 18875 7114 387338
1800 18706 7321 396472
1800 19453 8081 422863
1800 19554 8349 429973
1800 20186 6880 402307
1800 20506 6822 393885
1800 19522 7256 415995
1800 20731 7835 408972
1800 19649 7097 394864
1800 19418 7287 399494
1800 19771 6615 390063
1800 22881 6522 420471
1800 21824 6895 417174
1800 19918 7873 423969
1800 21195 8468 441084
1800 18645 7047 397704
1900 23511 7355 439488
1900 21086 7051 425226
1900 21459 7012 416817
1900 20910 7643 417913
1900 22875 7456 435592
1900 21089 8236 446169
1900 21079 8021 451749
1900 21500 8034 438058
1900 20911 8177 435500
1900 20472 7627 437505
1900 21044 8532 433876
1900 21667 7810 426044
1900 20712 8318 453656
1900 20666 8471 432914
1900 20075 7570 405314
1900 23514 7712 448502
1900 21223 7509 441226
1900 19898 7603 434202
1900 23056 7867 442547
1900 20903 8088 433161
1900 22262 7618 424022
1900 21350 7209 420227
1900 19748 7411 415145
1900 23030 7378 433334
1900 20519 8065 435343
1900 19827 7548 436477
1900 21291 8342 452892
1900 21182 7037 437508
1900 22317 7701 431744
1900 21586 9313 443991
1900 21261 8858 441268
1900 21327 8273 429311
1900 22948 7979 430905
1900 21655 6982 427457
1900 20394 8495 439756
1900 20761 7239 427028
1900 21040 7450 440953
1900 21321 8355 458596
1900 21758 7515 466128
1900 21842 7215 447665
1900 20354 7073 441392
1900 21547 8396 465619
1900 22034 8388 482184
1900 21072 7364 436836
1900 20272 8907 453127
1900 24147 6677 445897
1900 21499 6740 437900
1900 21638 7138 438829
1900 22574 8807 459165
1900 20072 8284 434733
2000 22554 7145 468162
2000 22653 8084 482476
2000 21752 7658 457941
2000 23954 9961 667108
2000 23053 11723 518633
2000 24352 8675 486790
2000 21805 7968 459847
2000 22568 9433 486108
2000 22398 8142 466979
2000 22363 8394 514583
2000 22862 8112 456823
2000 22297 7946 486023
2000 24912 7511 446261
2000 22811 8076 492488
2000 22244 8787 474564
2000 22068 8124 467122
2000 22026 7852 493020
2000 21687 8785 480999
2000 23726 9170 489758
2000 21593 8306 602453
2000 23150 8564 475723
2000 22093 8678 477866
2000 22207 8607 476519
2000 22967 7452 463993
2000 22449 7678 455570
2000 22478 8834 528885
2000 22096 9039 445097
2000 22110 9082 484633
2000 22760 9230 486657
2000 21842 7908 429116
2000 21847 8627 440719
2000 23477 8855 447895
2000 23054 9104 452057
2000 23736 8102 448607
2000 23564 8634 491398
2000 23110 7414 443564
2000 22040 9101 513421
2000 22352 9551 471121
2000 21133 8567 456792
2000 22111 7929 497266
2000 23182 7894 462697
2000 23540 7357 464449
2000 21408 8565 500086
2000 23153 7498 460965
2000 22677 8821 520436
2000 23823 8587 493344
2000 23534 8764 470881
2000 25086 8376 548529
2000 23702 10046 474335
2000 22255 7013 443366
2100 22901 8492 542865
2100 25109 8935 499557
2100 23686 8433 482154
2100 25371 8558 553481
2100 23653 8636 521432
2100 22892 8913 508040
2100 24022 9156 510465
2100 22840 8228 493902
2100 23613 8862 493832
2100 26242 8073 527808
2100 22485 8327 652179
2100 23291 7929 474026
2100 23370 10218 561537
2100 24925 7664 470557
2100 23807 8699 481865
2100 24331 8732 552982
2100 24783 8232 485286
2100 23463 8441 506888
2100 23054 8199 473542
2100 23911 8092 482112
2100 22885 8419 523518
2100 24481 8066 505668
2100 23243 9594 487559
2100 25256 7859 514462
2100 24304 10016 502228
2100 22657 8343 480705
2100 25943 7962 529193
2100 24985 10699 551584
2100 24190 8767 489961
2100 22483 8946 504002
2100 23522 10066 543907
2100 25105 7881 492517
2100 24372 8662 491458
2100 23331 9572 674944
2100 24338 8425 483805
2100 23318 8476 485166
2100 25132 9876 570394
2100 22665 9502 541089
2100 23912 9470 495073
2100 23691 8568 502250
2100 27459 8584 561811
2100 23173 8782 469781
2100 22598 8812 512719
2100 24175 8073 515349
2100 25469 9205 506054
2100 22450 7965 504531
2100 23624 8230 543669
2100 25611 8040 492709
2100 25154 8413 486511
2100 23774 9076 533287
2200 25747 9769 507834
2200 24186 8822 506613
2200 23734 8123 557111
2200 25115 9585 532326
2200 25326 10050 522033
2200 23846 9074 505670
2200 25600 7816 518295
2200 24883 9005 538452
2200 24917 8811 522919
2200 24544 9940 538206
2200 25967 8467 563874
2200 28055 9332 571731
2200 24464 9928 534053
2200 24272 8964 512002
2200 27353 10308 547692
2200 24509 9181 535383
2200 24418 8800 523206
2200 25368 9112 526781
2200 23743 9339 517893
2200 25602 9681 555979
2200 25993 9281 538890
2200 25810 10217 498780
2200 27370 9532 515821
2200 27372 8913 490381
2200 24914 9468 505724
2200 24744 9782 589695
2200 24500 9073 504415
2200 25053 8774 528487
2200 25309 8791 524084
2200 25550 9904 542231
2200 24625 10455 582146
2200 23628 8474 506254
2200 26192 10258 584164
2200 24753 9116 858693
2200 30187 8095 567923
2200 24132 9173 526851
2200 24463 8338 492933
2200 25432 9183 577901
2200 24108 8584 597949
2200 24306 8284 518949
2200 26172 11058 540388
2200 24911 8745 554075
2200 23259 9351 493452
2200 26024 8527 555350
2200 25336 9399 546114
2200 26318 10170 545386
2200 24014 8397 541533
2200 24799 9097 519101
2200 24502 9907 526529
2200 24420 9497 560052
2300 25552 8953 556648
2300 25303 9037 516826
2300 26204 9909 595595
2300 27768 10080 558092
2300 26525 10311 542770
2300 26684 10882 613276
2300 25467 8711 522452
2300 26503 9791 530777
2300 26675 11179 724169
2300 26207 8829 516371
2300 26664 10915 612395
2300 27410 8863 535018
2300 25597 9685 538873
2300 30108 11098 613782
2300 27359 8415 560183
2300 26750 9347 547379
2300 30943 11038 551040
2300 26542 11189 559657
2300 26473 10025 559050
2300 25159 9283 529808
2300 26516 8388 514822
2300 25090 9287 526019
2300 25524 9811 554130
2300 26115 10331 535761
2300 28672 10600 600274
2300 27381 8975 595104
2300 26439 9959 717348
2300 26694 9217 603588
2300 25447 11146 548542
2300 27609 8998 537322
2300 25335 8800 535234
2300 25279 9571 564268
2300 25986 9162 520003
2300 27668 8852 588411
2300 25982 10062 569683
2300 29506 8879 599617
2300 26014 9529 530625
2300 26587 9042 560995
2300 27479 9460 530884
2300 27807 9293 586133
2300 25420 9647 535250
2300 27280 8754 554057
2300 27875 10602 570055
2300 25481 8895 531763
2300 25610 9084 586884
2300 25596 9700 528929
2300 26459 9347 589852
2300 27350 10330 560780
2300 25368 8548 536044
2300 27020 8961 500918
2400 26550 10380 589227
2400 27738 9448 591175
2400 27069 11059 569683
2400 27374 10003 585801
2400 27602 9103 601084
2400 30887 9685 590793
2400 27902 11115 588498
2400 27892 10277 583556
2400 27177 9218 561347
2400 27364 10474 583487
2400 27877 8891 577307
2400 27790 10625 592846
2400 27183 10708 585096
2400 28322 10681 593839
2400 28658 10389 597858
2400 28932 11701 616607
2400 27848 11730 567694
2400 29906 9762 555571
2400 28500 8972 533763
2400 27269 9541 568899
2400 28769 8745 568412
2400 28110 9868 626540
2400 27111 10225 612752
2400 28078 8734 555610
2400 28347 10980 552420
2400 26656 9916 571912
2400 26525 9790 722365
2400 26335 9319 702827
2400 27356 9458 594506
2400 27854 10209 584229
2400 27504 9300 560367
2400 28777 9179 614741
2400 28747 10468 583366
2400 29547 9348 629615
2400 27318 10474 568268
2400 28211 11479 607362
2400 26285 9915 551134
2400 26334 9377 586163
2400 26696 10229 582852
2400 26498 10999 574679
2400 27099 9383 624620
2400 27158 10006 558775
2400 29295 10480 624483
2400 27696 9694 588746
2400 28004 10162 563708
2400 28220 9794 631487
2400 27495 9975 551132
2400 27258 11183 636067
2400 31761 11614 605265
2400 28299 9543 578474
2500 29591 10150 648504
2500 30005 10483 584622
2500 31446 10091 621402
2500 27776 10664 647571
2500 27606 10145 563832
2500 29338 10248 657393
2500 28693 10791 592120
2500 31455 9291 607568
2500 29733 10153 658273
2500 29076 11646 608501
2500 29933 10259 606742
2500 29209 10464 661010
2500 28472 11884 603853
2500 28798 9717 602020
2500 28311 10482 597814
2500 28069 10237 598156
2500 28470 9960 643076
2500 30233 11953 613787
2500 29495 9918 618413
2500 28544 10628 641549
2500 28946 11062 625348
2500 28779 11087 649086
2500 28940 10240 581242
2500 28558 11271 633991
2500 29447 9512 572459
2500 29079 10418 611229
2500 30152 9156 646381
2500 30408 11682 616381
2500 30742 10007 619528
2500 30760 9647 654250
2500 28420 10158 578001
2500 28593 11117 628839
2500 29838 10459 596508
2500 30496 11559 649116
2500 30148 9550 640147
2500 30452 12412 651539
2500 28307 10673 612645
2500 28568 11990 648163
2500 30986 10358 618187
2500 30601 11310 653272
2500 29258 11891 659599
2500 28333 10360 586954
2500 29237 11374 585998
2500 28405 10332 602058
2500 27897 11732 662960
2500 30331 9468 595419
2500 28005 9666 589960
2500 28739 10229 633333
2500 29527 10931 598061
2500 28700 12248 648207
2600 30049 11019 672361
2600 31474 10447 610905
2600 31468 11741 704045
2600 31001 10977 636378
2600 31986 10915 662232
2600 30026 10670 672825
2600 30927 11314 659653
2600 31515 10781 638198
2600 31858 9932 635837
2600 33029 12244 669456
2600 29889 10801 653475
2600 30539 10609 614218
2600 29748 11319 673956
2600 34972 10124 646038
2600 28847 10746 619907
2600 30275 11045 651736
2600 29609 11039 635203
2600 29259 10466 632076
2600 30042 12235 636735
2600 29018 11413 601878
2600 29033 9603 621718
2600 31082 10658 663825
2600 31683 9659 612554
2600 29514 12349 662973
2600 30304 11134 633056
2600 31363 12175 666798
2600 29495 11106 571385
2600 29925 10919 649447
2600 32393 10777 607824
2600 30283 10924 640870
2600 30969 10192 567826
2600 31414 10035 589375
2600 30835 11087 814630
2600 30121 10198 614905
2600 29999 11288 805394
2600 34112 10991 688809
2600 29965 11427 619016
2600 28426 10826 649246
2600 29770 11083 611370
2600 30760 12058 692168
2600 31789 11217 622797
2600 29612 10497 659919
2600 32945 10891 614128
2600 29117 10297 593383
2600 30258 13578 675035
2600 29642 10344 601372
2600 29176 10208 627026
2600 30445 12301 647974
2600 30682 11996 656095
2600 30916 12712 660792
2700 32074 10872 660799
2700 32681 13109 714536
2700 30172 10427 620792
2700 31990 11134 646069
2700 34103 10454 675732
2700 32157 10246 663859
2700 30713 10616 648522
2700 30324 10876 587857
2700 30301 12464 660728
2700 30964 11122 634485
2700 31787 12461 672980
2700 31006 10821 654789
2700 33062 12393 681894
2700 31187 11989 674731
2700 32368 11830 676256
2700 33698 11956 657251
2700 34056 11693 686914
2700 32376 11391 676033
2700 33548 10706 654714
2700 36723 13036 754531
2700 32700 11185 673381
2700 34473 12368 679961
2700 31915 12318 728892
2700 34875 12834 672303
2700 33107 10594 704325
2700 31964 10760 637365
2700 31452 13060 698367
2700 31435 11157 642932
2700 31733 11833 706226
2700 32428 11853 658620
2700 30403 11348 695778
2700 32700 11257 637117
2700 30607 10405 672012
2700 32253 11049 636244
2700 30725 10090 672059
2700 31760 10786 636311
2700 30953 12544 691535
2700 32894 10140 623954
2700 31247 11839 704205
2700 31223 10163 654215
2700 34121 11498 718404
2700 32337 10811 630917
2700 31447 11408 694841
2700 31850 10825 640018
2700 34856 9840 678755
2700 32489 10777 644834
2700 32293 11334 697767
2700 35190 14277 684829
2700 30862 10194 699633
2700 31641 10359 624420
2800 34619 10834 693528
2800 32149 12034 668164
2800 34199 14080 768490
2800 35685 11319 679783
2800 35267 11774 731425
2800 34901 10750 727206
2800 34546 12021 723318
2800 32665 12293 708604
2800 35925 11132 699268
2800 33065 12836 705746
2800 33417 11709 683120
2800 33413 12905 710966
2800 32646 12775 695600
2800 32508 12475 673313
2800 34809 10924 731217
2800 33001 11538 711487
2800 31892 13190 677958
2800 33153 11552 686680
2800 32088 11687 675768
2800 35976 11179 695946
2800 33676 11097 731252
2800 33483 11118 646203
2800 33174 12748 708564
2800 32784 11883 691717
2800 32774 11194 670641
2800 35202 12911 707766
2800 32679 11582 722919
2800 35435 10982 673188
2800 32734 11891 682356
2800 32353 11660 646352
2800 33849 13252 859900
2800 33125 11392 698569
2800 32069 11380 649951
2800 32498 12024 744777
2800 33813 14097 683962
2800 39376 10283 741162
2800 32546 10649 650562
2800 34333 10876 742781
2800 31828 12476 661502
2800 33283 11284 719881
2800 34100 11420 680789
2800 34519 12154 708122
2800 31952 12032 674545
2800 33501 11475 681755
2800 32308 11325 715246
2800 32189 11338 639808
2800 32199 12414 715366
2800 33830 12559 675483
2800 32575 13216 759501
2800 31672 11992 655270
2900 35633 12478 755131
2900 33993 12059 685746
2900 33043 12034 721074
2900 33787 13273 718319
2900 33869 12312 940678
2900 33790 13358 763638
2900 34572 12286 697941
2900 36515 12440 756175
2900 33682 12097 701564
2900 35356 13436 783470
2900 35040 14834 760369
2900 35000 12847 745373
2900 35516 13030 734563
2900 33179 11807 704947
2900 34143 12664 719764
2900 34467 12384 721731
2900 35495 11175 714027
2900 33605 12039 701134
2900 35444 11792 713755
2900 34010 11894 708376
2900 33876 13101 735701
2900 36810 13384 729432
2900 33274 12543 722130
2900 33130 13034 711977
2900 33363 13337 706679
2900 34532 11441 687391
2900 35812 11957 707934
2900 32960 11210 677413
2900 35023 14366 780003
2900 34233 14416 710057
2900 33664 12960 723130
2900 32960 12251 8506597
2900 39951 14211 766127
2900 36208 14386 687567
2900 33878 11322 658349
2900 34119 12478 707705
2900 37241 11248 688340
2900 36808 13980 697259
2900 39363 11221 741889
2900 33545 12557 846306
2900 37344 11979 767904
2900 33849 11762 663239
2900 35988 12473 764426
2900 33853 11114 680183
2900 33567 12237 728848
2900 33727 12983 727718
2900 34955 11182 672215
2900 34180 13830 752835
2900 32877 12450 736797
2900 33858 13467 706262
3000 37215 12995 806172
3000 35915 11977 1087773
3000 35105 12760 703295
3000 35947 14705 760946
3000 34327 12657 711496
3000 36508 12837 781205
3000 36536 12867 738621
3000 35450 14195 807419
3000 36366 12319 751200
3000 34054 12944 1112270
3000 37844 13896 754476
3000 41933 12391 838993
3000 40910 14305 771489
3000 35187 14529 742108
3000 40572 12813 823584
3000 33758 13047 719176
3000 37269 13309 760925
3000 36134 13742 1134106
3000 37184 11292 744183
3000 35133 12230 732853
3000 39945 12549 768106
3000 35040 13085 700189
3000 34739 11576 777646
3000 37390 13487 736612
3000 35657 12951 709344
3000 35368 13837 764346
3000 37586 13034 733490
3000 38372 15592 834058
3000 35972 11488 707961
3000 36834 12281 799427
3000 36825 14715 756659
3000 34650 13759 785100
3000 37724 12380 725296
3000 34125 13645 783349
3000 36403 12868 724210
3000 36680 14844 811361
3000 36370 12331 1118994
3000 35658 14488 779204
3000 35083 14392 746343
3000 36956 12999 723564
3000 35128 13866 768932
3000 34653 13032 899359
3000 36092 12437 740191
3000 35672 12197 693331
3000 35625 12763 788149
3000 35139 13291 731179
3000 35605 14933 807195
3000 38084 12554 736346
3000 34759 12602 726535
3000 34447 13135 736909
3100 37673 13006 739354
3100 38908 14488 842561
3100 37746 13741 756321
3100 36925 12540 774844
3100 36959 13533 745703
3100 40727 13749 800934
3100 38242 12301 751747
3100 37256 14038 774835
3100 36658 14839 791089
3100 37666 13171 767068
3100 36146 14218 813743
3100 36895 12780 773424
3100 38994 13818 750884
3100 39213 13857 781012
3100 37094 14903 902031
3100 38989 13894 792742
3100 37108 13200 777579
3100 35922 12027 759707
3100 35953 13163 697439
3100 36793 11344 690957
3100 38771 13134 781264
3100 35456 13336 711231
3100 35741 14465 728054
3100 36912 13025 976937
3100 38505 14300 820828
3100 36648 13268 761373
3100 41627 12709 751372
3100 36403 13520 818258
3100 36528 13728 786235
3100 39638 13926 739497
3100 38614 12916 777486
3100 36146 14348 776054
3100 38109 13252 833047
3100 35605 12317 733657
3100 38533 15302 774580
3100 38586 12552 793573
3100 43385 12476 796239
3100 39485 12742 738862
3100 37943 16017 786061
3100 37850 15807 778119
3100 36717 13146 801746
3100 38250 13153 790354
3100 37008 13123 742741
3100 37185 14941 776753
3100 36315 15175 809742
3100 37891 12866 753364
3100 36497 13979 784231
3100 39642 12441 836316
3100 37348 12522 746204
3100 37786 12557 754388
3200 39974 14201 839491
3200 37813 13637 788254
3200 37381 15579 777147
3200 39782 16757 1065706
3200 38228 15773 804210
3200 37853 15758 798296
3200 37772 13129 777859
3200 42059 16539 859351
3200 38337 13328 810813
3200 37370 14278 786473
3200 37629 14112 790045
3200 38301 14232 812233
3200 41028 14264 808850
3200 39516 16130 802062
3200 39100 16498 1314760
3200 41118 16762 813982
3200 40027 12772 772980
3200 37843 14716 819758
3200 37455 13431 764080
3200 37598 13833 790591
3200 36913 13090 817423
3200 37890 14657 773289
3200 39006 13536 806425
3200 37802 13719 783313
3200 38170 15994 840596
3200 42377 15713 834551
3200 37969 13904 777076
3200 38884 12799 823728
3200 40428 13816 1176086
3200 36877 13651 760787
3200 37144 15312 827688
3200 37439 12202 759451
3200 37413 13762 821235
3200 37496 12126 761473
3200 39411 13233 767172
3200 37907 15809 826083
3200 37124 14293 791903
3200 41186 13400 773638
3200 37789 14885 780569
3200 40580 13208 825471
3200 37054 14587 786295
3200 37792 13175 756265
3200 38966 13130 765661
3200 42860 14114 835271
3200 36989 13693 789178
3200 36805 14200 777674
3200 39218 18043 847765
3200 37235 13471 796679
3200 38795 13744 793828
3200 37402 13657 784475
3300 40403 15606 837705
3300 39455 14169 819726
3300 40107 15684 793996
3300 43700 14851 848151
3300 38548 14097 808885
3300 40553 17424 1208672
3300 38950 14453 800696
3300 41210 13495 768769
3300 39087 14719 842514
3300 38961 14099 788936
3300 38918 14596 780382
3300 38854 13306 838206
3300 39517 14157 794300
3300 37760 15171 795812
3300 43104 14896 881698
3300 39285 13844 803620
3300 44617 13200 833432
3300 40954 16207 874136
3300 41105 14378 801339
3300 39486 14693 807954
3300 38767 13562 823897
3300 41128 15933 833976
3300 43718 14844 875568
3300 42058 17031 850288
3300 40565 16640 837236
3300 44247 13888 869648
3300 41586 14383 816033
3300 39295 15459 808400
3300 44462 14806 2218678
3300 40694 13509 789198
3300 43048 14370 873976
3300 38696 15026 815134
3300 40841 12996 807373
3300 38230 14008 828069
3300 39485 14632 1148454
3300 42779 12921 804416
3300 40727 14557 836832
3300 39569 13987 776587
3300 40449 14528 833932
3300 40375 12867 832274
3300 40000 18625 848906
3300 38595 14099 838197
3300 38362 14633 1167595
3300 43118 17387 877806
3300 39785 15463 842068
3300 39972 15234 802155
3300 40428 15680 843814
3300 39910 14040 1044814
3300 40575 15085 813893
3300 41094 15340 826639
3400 41482 15580 895339
3400 42387 14474 840267
3400 40977 15446 864623
3400 42868 14835 832191
3400 45190 14929 882271
3400 40442 14562 871050
3400 40511 15467 814877
3400 40352 17394 841310
3400 42623 14839 879197
3400 41408 16013 871988
3400 45213 14078 827853
3400 41203 15463 842403
3400 42342 17327 921827
3400 40097 14409 817663
3400 44073 16934 842471
3400 41866 13470 863653
3400 40036 16302 835794
3400 41588 13807 885332
3400 39606 14524 811867
3400 39858 14792 837159
3400 39572 15027 843518
3400 42977 14180 1354500
3400 40854 14889 820374
3400 40934 14542 819875
3400 41046 17280 896518
3400 45252 13469 872182
3400 40844 15813 862088
3400 40806 14961 846500
3400 40905 14463 832826
3400 40107 15540 846210
3400 41278 15217 848916
3400 41608 15023 863252
3400 44475 14062 1227783
3400 45059 14651 903453
3400 42383 15701 858517
3400 40000 13735 820282
3400 40434 16135 818285
3400 45651 14164 852243
3400 42206 14103 796393
3400 39819 14787 886938
3400 40940 15948 839388
3400 42627 16827 862397
3400 42546 14748 842910
3400 41087 14760 818918
3400 41208 16508 889668
3400 41989 15392 849003
3400 40453 14721 803710
3400 42891 15484 1149676
3400 41778 14201 840009
3400 42689 13156 819764
3500 42301 14912 905812
3500 43894 14634 857403
3500 43950 17889 928926
3500 43243 14872 883671
3500 41644 15439 844313
3500 42605 15154 874404
3500 43091 16314 883355
3500 43332 13840 864000
3500 41152 14805 887600
3500 45981 14303 875890
3500 42301 16625 855397
3500 41927 15005 880180
3500 42611 14547 921458
3500 44162 16330 888621
3500 42365 13834 844037
3500 47179 15284 894201
3500 42737 16254 896009
3500 45042 16493 879494
3500 43775 14540 920654
3500 44371 13180 910220
3500 43617 14446 853188
3500 41033 15674 879607
3500 42620 14197 920534
3500 43321 15425 868575
3500 43542 14692 853592
3500 45820 14227 927269
3500 40403 15923 911408
3500 42094 14458 889916
3500 43975 13404 972713
3500 40621 15406 879914
3500 43040 14961 843569
3500 41483 16366 912846
3500 43571 15160 863535
3500 42344 15779 889222
3500 41680 15495 879572
3500 42702 15301 854232
3500 44421 15467 894874
3500 41950 16026 865614
3500 42789 16381 898825
3500 43921 15660 882407
3500 42001 16476 920463
3500 44680 16369 902801
3500 42181 16652 875680
3500 42237 15518 889541
3500 42442 14845 873026
3500 45621 15247 897613
3500 43958 15696 857176
3500 42531 16093 894992
3500 41931 15227 861101
3500 41923 14441 832871
3600 44811 14709 951164
3600 46109 16637 904936
3600 42909 14857 919688
3600 43720 15875 872787
3600 44329 15083 898121
3600 43646 17120 913542
3600 44375 15412 905248
3600 44833 18172 930531
3600 44167 15931 877647
3600 43501 16248 939454
3600 45383 16403 932827
3600 44516 16269 914989
3600 44656 16635 895272
3600 44674 16332 885855
3600 43811 15289 877402
3600 42906 15133 877099
3600 42614 16598 930966
3600 43161 14524 827844
3600 47843 14968 892477
3600 43464 18262 903929
3600 47415 15494 914178
3600 48386 15883 1182907
3600 45673 15611 894755
3600 45191 17356 956499
3600 42650 16717 883883
3600 42718 15366 940855
3600 43111 17023 883450
3600 44610 16910 883006
3600 44976 16184 948875
3600 43477 16011 863956
3600 46433 14921 915972
3600 46331 15597 939011
3600 41695 15227 869961
3600 44498 14902 935482
3600 47557 14920 962772
3600 42750 15007 903092
3600 44554 16490 909384
3600 43699 18234 944567
3600 43930 18404 906113
3600 44143 15296 925807
3600 43903 14336 919778
3600 45322 14844 906452
3600 41867 14896 893212
3600 44687 14391 895909
3600 45962 20534 977639
3600 44719 14908 874773
3600 44234 16215 946589
3600 46145 14872 946099
3600 50338 17528 929336
3600 49121 19374 1085883
3700 45963 15400 1245534
3700 49951 13828 918899
3700 48493 14439 902317
3700 44921 15657 971501
3700 44571 17115 928102
3700 50062 17805 940565
3700 49887 17776 1048681
3700 43985 17726 953605
3700 44648 16728 1976203
3700 44205 18093 959264
3700 46789 18411 996060
3700 44992 15679 903360
3700 43993 16799 889766
3700 46195 17423 995780
3700 44854 15842 894413
3700 45543 15675 962104
3700 45781 16055 895961
3700 46185 15758 948634
3700 47972 18018 978665
3700 44223 15939 971677
3700 45417 15242 965444
3700 44449 17310 957984
3700 44186 15913 966233
3700 43409 15949 890040
3700 44808 15815 951728
3700 45256 17064 956256
3700 44933 18227 954390
3700 44692 15924 920012
3700 49427 14453 937717
3700 47115 16866 1622352
3700 44218 16108 923821
3700 46898 15270 938007
3700 43635 15698 844232
3700 44674 16389 929549
3700 45070 17222 876304
3700 43840 15490 1656981
3700 46989 19488 984603
3700 44346 16008 928516
3700 45125 15160 884160
3700 45714 17052 984420
3700 45233 16116 908130
3700 44172 17515 1615327
3700 44988 14688 889911
3700 44021 16004 939503
3700 45258 17241 1640209
3700 43587 16566 993847
3700 43833 17046 1003772
3700 47963 19857 1798577
3700 47395 17136 991959
3700 45417 17270 917234
3800 44980 15589 971575
3800 45639 16538 935223
3800 45831 16771 959419
3800 47615 18029 1014516
3800 47464 17280 993483
3800 45510 16654 981393
3800 45961 15329 928686
3800 46838 16279 960965
3800 47661 17706 1555931
3800 54281 15245 1025478
3800 47844 19135 981034
3800 48647 19023 993081
3800 49051 17393 1574333
3800 45825 17448 982160
3800 49434 17534 990979
3800 49359 16391 1010643
3800 47641 19217 969901
3800 46037 17317 1012901
3800 45769 15780 914788
3800 47186 16899 1438443
3800 47610 16284 1021980
3800 46537 16038 1124937
3800 46263 16077 925295
3800 45993 16882 1681821
3800 47721 19831 1035927
3800 45573 17881 1003561
3800 49412 20146 998373
3800 47184 16496 968725
3800 46949 18551 1012334
3800 46942 16944 935629
3800 45491 16539 965180
3800 47543 15588 930908
3800 44935 17418 1628734
3800 49027 17513 967282
3800 45864 17658 913220
3800 48007 15854 865443
3800 51564 16133 911497
3800 47193 16448 880416
3800 45438 17441 891199
3800 46099 17763 932864
3800 47918 17224 926619
3800 47587 17584 938684
3800 47635 16573 928144
3800 47905 16959 918649
3800 46933 17393 914128
3800 51159 17195 905560
3800 48538 15374 877118
3800 48795 16256 911924
3800 49811 20646 1072941
3800 45192 16071 960218
3900 49533 15976 1158385
3900 46337 17164 959995
3900 49941 18462 1008600
3900 47168 18579 966250
3900 46260 17428 959390
3900 47789 18843 936455
3900 50822 20469 1044587
3900 46527 16108 894393
3900 47764 17469 920643
3900 49858 16836 904391
3900 47811 17064 916166
3900 47727 17087 924336
3900 53954 16199 943489
3900 48273 15746 934882
3900 47525 17087 952614
3900 50358 15760 921067
3900 48193 19287 952618
3900 47223 17805 909661
3900 49013 20047 937701
3900 47322 17397 911751
3900 48392 18054 910982
3900 46304 18200 920865
3900 47251 18752 955431
3900 47147 18269 936408
3900 47490 17914 920853
3900 51490 18462 980514
3900 49709 20737 1003471
3900 48645 17948 961221
3900 46050 17465 936636
3900 50214 16112 918854
3900 50186 17472 971585
3900 49786 18744 1001450
3900 48577 19343 1001086
3900 46972 17629 954730
3900 48559 17070 947069
3900 48558 18651 969632
3900 57360 18639 1032734
3900 49826 16363 940117
3900 46749 17915 955222
3900 48207 18575 932734
3900 50802 16384 918438
3900 47085 17839 922214
3900 48963 18535 933648
3900 49779 18617 1012440
3900 47572 16153 920592
3900 49712 22313 958738
3900 48581 18144 953368
3900 51116 17829 922343
3900 48153 19451 937884
3900 48214 18456 913576
4000 50795 18489 1056599
4000 49546 18116 933752
4000 52071 20568 1074623
4000 55240 16155 1024497
4000 52738 16462 1044364
4000 48587 19336 967152
4000 50908 19508 1047877
4000 52040 17663 1059126
4000 60664 16480 1015737
4000 50383 16747 1005293
4000 50155 21402 1003936
4000 49352 16789 975520
4000 54092 16492 1044380
4000 50072 20876 1058168
4000 49188 18227 992319
4000 49441 17082 955721
4000 49737 19546 982792
4000 48221 17540 994553
4000 48515 19446 1018508
4000 51099 17556 959139
4000 50378 18839 973240
4000 49386 17916 3241005
4000 52076 18280 1110587
4000 48145 16282 1030291
4000 51118 20390 1128279
4000 49491 16714 1057750
4000 51125 17619 1072776
4000 47806 18150 984826
4000 50715 16330 1016019
4000 51264 19827 1076551
4000 50378 18962 1002108
4000 49700 18833 1009332
4000 50072 19843 1063265
4000 48776 16911 1046053
4000 49284 16519 971359
4000 49123 17850 1030906
4000 48596 19071 1049114
4000 52460 17686 1052573
4000 52948 16857 1007078
4000 48635 17030 1023000
4000 49620 18333 1078503
4000 49807 18654 995964
4000 50179 17954 1072034
4000 50216 19206 1076777
4000 53358 15748 990839
4000 50853 16972 1143124
4000 50697 19510 1056381
4000 49666 16714 999425
4000 54526 16806 1047695
4000 50443 18320 1018685
4100 50366 16878 966888
4100 51847 18707 1102681
4100 51603 17290 998512
4100 51986 20213 1059710
4100 49617 19110 1070820
4100 53135 17407 1018199
4100 50851 18074 1038799
4100 52406 20922 1051365
4100 52211 18383 979896
4100 49907 17971 976858
4100 52255 22406 1043037
4100 51689 19582 1106263
4100 50625 17509 1079417
4100 49302 17962 1059606
4100 51068 18055 1071211
4100 52779 17623 1244132
4100 49967 17732 1180322
4100 56803 17962 1083069
4100 54870 16885 1074221
4100 54485 17588 1045486
4100 51675 17472 1024397
4100 53536 15980 1023920
4100 49317 17201 1023258
4100 51855 19313 1088954
4100 51475 19724 1068405
4100 50427 18028 1058708
4100 48811 18475 1032098
4100 49132 18518 1031470
4100 49700 17502 1026813
4100 53160 19403 1079928
4100 53380 16223 968829
4100 56049 16978 986131
4100 48889 18459 1029069
4100 50874 19145 1004951
4100 53333 23583 1114515
4100 50906 19755 1086418
4100 51386 18905 1101312
4100 49957 18273 1046511
4100 50339 17475 1057531
4100 48636 18858 1062482
4100 49175 19314 1044989
4100 55021 21183 1139011
4100 52066 21590 1143903
4100 51078 19796 1075863
4100 50351 17064 1070718
4100 51905 19503 1059315
4100 53326 17371 1055089
4100 51153 17375 1052368
4100 55235 17110 1072097
4100 50108 18748 1032646
4200 52498 19218 1065742
4200 55009 21040 1146641
4200 52962 19077 1106359
4200 52070 16945 1119168
4200 49917 18646 1093177
4200 53770 17517 1118083
4200 52194 17287 1080355
4200 52174 20670 1087104
4200 50954 17981 1098886
4200 51824 17811 1048861
4200 59626 17159 1038500
4200 53816 20364 1096059
4200 51405 17838 1077834
4200 52372 20176 1073806
4200 53037 19745 1079972
4200 55833 19740 1055181
4200 53000 16369 1020262
4200 54465 20046 1073439
4200 54354 17330 1099497
4200 53848 19096 1074613
4200 51821 20942 1082749
4200 52520 19374 1109484
4200 52155 18122 1104583
4200 50463 19972 1094054
4200 50952 17389 1086816
4200 51081 18434 1073818
4200 51663 19299 1184046
4200 52611 18598 1047736
4200 53649 18505 1069400
4200 53451 20270 1061258
4200 54172 19252 1052283
4200 50425 17761 1041149
4200 51500 18293 1049980
4200 56112 19052 1103747
4200 51866 18416 1067612
4200 51034 17158 1036148
4200 53511 20087 1098030
4200 54051 22059 1129789
4200 56905 18397 1084061
4200 53559 19877 1089068
4200 55671 17350 1073278
4200 52926 18840 1067030
4200 52083 18203 1030923
4200 53005 19175 1038026
4200 53917 18877 1117513
4200 52863 17817 1096845
4200 56704 17367 1100522
4200 57046 21392 1141125
4200 52866 19458 1111162
4200 49904 18439 1053892
4300 51575 18842 1120348
4300 55583 18548 1133638
4300 52482 20227 1119890
4300 51732 19554 1103760
4300 55931 20686 1081631
4300 52884 19767 1124499
4300 53629 19539 1133649
4300 52763 18728 1115218
4300 58107 17415 1122640
4300 53812 21051 1111584
4300 55615 19004 1109286
4300 58166 23115 1141842
4300 57164 20685 1111749
4300 51864 19972 1068773
4300 57520 20887 1132170
4300 55125 18600 1040506
4300 51805 19289 1094865
4300 52258 17237 1063152
4300 58295 16870 1079861
4300 57143 20968 1148128
4300 54111 19323 1136556
4300 52821 19823 1178888
4300 52362 19595 1079140
4300 54775 20688 1160088
4300 56164 22426 1155032
4300 53641 18933 1137436
4300 57383 17471 1073276
4300 53304 19279 1110811
4300 52063 20433 1095986
4300 53267 18533 1092662
4300 53904 19193 1124337
4300 56726 20484 1101999
4300 53607 18258 1110843
4300 62086 20133 1215842
4300 54710 21336 1107798
4300 55416 22211 1173907
4300 52731 20434 1092031
4300 55693 17891 1076262
4300 55697 18371 1096404
4300 53547 18351 1078875
4300 51943 19285 1070200
4300 57200 18982 1148075
4300 53194 19937 1124151
4300 54359 17872 1132193
4300 53972 19812 1134496
4300 55293 18783 1090787
4300 55611 17197 1117962
4300 51774 19066 1099924
4300 53250 22752 1076367
4300 55522 22734 1162373
4400 55037 20277 1107823
4400 56928 21346 1199163
4400 54543 18786 1110407
4400 57953 21545 1152799
4400 55411 20189 1163631
4400 55833 19282 1075029
4400 55199 19312 1144285
4400 54423 20053 1159785
4400 55651 21105 1152745
4400 54962 21201 1107789
4400 53451 19600 1139564
4400 55706 21827 1186935
4400 54305 18336 1034369
4400 55344 19853 1210848
4400 60382 18008 1135558
4400 55466 18895 1174072
4400 56707 21241 1170566
4400 55189 19051 1140960
4400 56077 18945 1133355
4400 55860 19357 1223069
4400 58593 22553 1118597
4400 56928 20304 1215327
4400 56658 20123 1169907
4400 55566 18219 1154573
4400 56357 19546 1118138
4400 54962 20372 1138699
4400 52296 19550 1111329
4400 57682 21244 1231690
4400 60379 19960 1184982
4400 56632 19138 1162160
4400 54910 19746 1164694
4400 56139 18884 1145745
4400 56943 19181 1138662
4400 54838 20022 1083255
4400 55359 21078 1186682
4400 53689 23992 1223397
4400 58686 19205 1161940
4400 57155 20776 1192625
4400 56504 19228 1087328
4400 56898 21838 1189015
4400 58775 22834 1227102
4400 55991 20031 1162650
4400 55440 19821 1141243
4400 56828 19406 1133729
4400 54961 18897 1140380
4400 59005 17926 1162885
4400 55121 20089 1161284
4400 56463 24302 1261752
4400 55950 18063 1172183
4400 57027 20269 1189950
4500 60620 18854 1168803
4500 56834 18748 1146047
4500 54795 19303 1138270
4500 62232 20780 1253702
4500 56063 21120 1153780
4500 55496 19016 1071869
4500 55673 22571 1158849
4500 55487 20076 1136300
4500 56568 20043 1199569
4500 55789 19944 1199276
4500 54911 19697 1112366
4500 56954 18558 1186357
4500 54191 20666 1186752
4500 56599 20610 1220012
4500 57577 19451 1191678
4500 61504 23414 1275136
4500 56021 20747 1185955
4500 56538 18833 1132558
4500 59339 24071 1230316
4500 56249 20532 1145997
4500 57506 22373 1166453
4500 56904 21668 1219803
4500 60587 20001 1239477
4500 56073 21156 1160001
4500 58973 19562 1199811
4500 58868 19584 1173511
4500 57410 20323 1170419
4500 59156 19603 1138867
4500 58589 21375 1196327
4500 54626 19140 1177161
4500 54277 20857 1183879
4500 57400 21150 1221088
4500 55311 21050 1193041
4500 60350 19763 1190741
4500 60600 20647 1206647
4500 57834 21478 1221753
4500 55704 20153 1200209
4500 57889 20495 1216689
4500 56642 22689 1238388
4500 60608 19664 1143963
4500 59862 20186 1183993
4500 54797 19687 1170852
4500 56404 20328 1173954
4500 56347 20876 1128749
4500 56800 18507 1472205
4500 58194 20848 1315227
4500 58423 21221 1164856
4500 57729 21542 1208653
4500 56086 19534 1171871
4500 62663 24896 1197886
4600 58210 21096 1228571
4600 58005 22321 1244986
4600 56956 22542 1145796
4600 58127 22622 1418966
4600 55707 20964 1201420
4600 61838 21113 1175863
4600 62571 19436 1198875
4600 58690 21626 1271416
4600 59141 19568 1186831
4600 56576 19618 1187886
4600 61704 20410 1142646
4600 58186 22669 2054477
4600 60894 24345 1175920
4600 56566 24061 1132243
4600 56881 20937 1190003
4600 57819 19267 1130549
4600 64056 18852 1162868
4600 59248 20129 1196365
4600 57351 18601 1097065
4600 62230 19604 1123328
4600 58097 22480 1168461
4600 60999 20850 1122164
4600 59107 21621 1149040
4600 56918 20152 1115752
4600 59098 21475 1156025
4600 56739 21226 1111629
4600 59267 21980 1139442
4600 59895 20976 1211101
4600 58851 21728 1138425
4600 58155 21636 1098843
4600 64617 19432 1176267
4600 56879 19389 1083834
4600 59423 23105 1210147
4600 57512 22232 1153147
4600 55858 21404 1132421
4600 59219 22300 1106109
4600 59189 20789 1186403
4600 62621 19880 1113769
4600 58729 21096 1157139
4600 58046 20913 1084108
4600 59778 20327 1159571
4600 60607 18826 1151903
4600 60947 23259 1173028
4600 60087 21311 1137217
4600 63143 22364 1189310
4600 59108 22755 1202740
4600 59337 21445 1134875
4600 62001 18750 1073973
4600 61824 18658 1178507
4600 59354 22286 1169290
4700 58100 19581 1125202
4700 56504 21705 1212253
4700 60999 20464 1155768
4700 57865 21933 1164355
4700 60996 21233 1253979
4700 61536 22931 1159962
4700 63472 21707 1253914
4700 60713 21472 1139773
4700 61851 22970 1247415
4700 58869 24662 1206621
4700 59772 22169 1204196
4700 60313 20721 1135111
4700 59689 19602 1195383
4700 67429 18914 1201980
4700 57834 19890 1172710
4700 58342 21116 1146370
4700 58884 21097 1213805
4700 62508 20693 1176867
4700 60080 19821 1166526
4700 60941 23799 1158155
4700 59708 23447 1215496
4700 59371 23884 1204131
4700 61809 19401 1214829
4700 58601 20341 1115560
4700 60300 19841 1155111
4700 60097 22513 1258655
4700 65522 19779 1167793
4700 59743 22510 1133943
4700 63881 23003 1279088
4700 60297 21071 1144613
4700 59679 20516 1119597
4700 61222 19750 1195944
4700 60720 21294 1262783
4700 58846 19882 1131500
4700 60747 21144 1154661
4700 63417 21742 1150844
4700 57661 19954 1123242
4700 62254 20186 1260055
4700 59601 24418 1167619
4700 60901 21144 1185361
4700 58152 20118 1157039
4700 58592 20731 1119292
4700 68255 23979 1323818
4700 57851 21332 1134613
4700 57653 20746 1159752
4700 61470 21770 1188762
4700 61046 21368 1128003
4700 60177 20921 1161862
4700 59883 24708 1199390
4700 59723 21373 1186080
4800 64849 24111 1288243
4800 59431 25639 1204204
4800 60287 22338 1136778
4800 61743 20864 1242366
4800 60943 20473 1116414
4800 59407 23662 1185691
4800 62360 20387 1237201
4800 59497 22393 1127573
4800 60494 24966 1221140
4800 63285 23546 1211682
4800 61796 20279 1184334
4800 61223 20659 1145188
4800 59329 22113 1165595
4800 58828 20565 1203691
4800 68329 22818 1266330
4800 61787 21743 1210713
4800 59998 22683 1246426
4800 59994 23412 1693242
4800 59673 21182 1231266
4800 61738 20992 1193877
4800 59446 22419 1133373
4800 62495 22008 1257793
4800 60680 23136 1201780
4800 62983 20524 1204991
4800 61752 21665 1134315
4800 59912 21766 1186279
4800 61912 24567 1279978
4800 61459 20331 1140744
4800 62241 27056 1238833
4800 66297 23777 1386380
4800 59370 22996 1241780
4800 62527 20435 1172093
4800 59408 21004 1208232
4800 60513 24112 1180688
4800 59536 22095 1299394
4800 60277 21050 1168728
4800 63206 27476 1353850
4800 62289 24388 1260385
4800 61093 23167 1208453
4800 60512 22832 1284365
4800 61943 22234 1168563
4800 60121 22089 1245963
4800 58885 22042 1224350
4800 62780 21375 1204569
4800 63077 26784 1330261
4800 60922 21932 1201243
4800 60496 23170 1265031
4800 61026 21653 1218067
4800 61388 20269 1104821
4800 62432 20997 1199391
4900 65370 21464 1247970
4900 63378 22265 1213054
4900 64312 20568 1211494
4900 64015 19701 1207572
4900 60436 21569 1227965
4900 65741 23227 1222439
4900 62460 23873 1304981
4900 67722 21402 1280852
4900 63656 22171 1242221
4900 60713 22910 1263805
4900 66411 20668 1246779
4900 66741 25101 1249577
4900 66381 21835 1290712
4900 64401 20902 1214655
4900 60376 22845 1214079
4900 63956 23069 1248028
4900 64128 22341 1238910
4900 65203 21414 1222104
4900 62479 22114 1227968
4900 65318 23426 1259858
4900 66170 22697 1257509
4900 61132 22625 1276505
4900 63420 23813 1256433
4900 63007 20851 1256984
4900 66612 22641 1300312
4900 63209 22438 1262286
4900 67120 21160 1339107
4900 61547 24226 1218457
4900 63400 23452 1184263
4900 66812 20655 1197004
4900 66250 25383 1280327
4900 62641 24602 1266021
4900 67312 22132 1214779
4900 61445 22878 1227034
4900 63398 23285 1171859
4900 67486 20186 1205474
4900 62336 22177 1184220
4900 64443 21629 1214014
4900 65145 20604 1187056
4900 67239 22596 1246599
4900 60660 22197 1185780
4900 62780 21810 1209376
4900 62655 25064 1220936
4900 63094 24485 1272890
4900 63352 22540 1193464
4900 64144 29501 1249747
4900 64514 22078 1300240
4900 64080 22373 1228999
4900 72732 21912 1289759
4900 64192 20845 1195597
5000 64254 25959 1280980
5000 64701 23170 1197034
5000 65570 23271 1340199
5000 64127 20876 1229813
5000 65803 23250 1254683
5000 64220 22916 1210498
5000 61359 21314 1226080
5000 63002 23671 1255880
5000 65508 20888 1267417
5000 64631 22876 1254525
5000 63645 24570 1224679
5000 66009 22423 1341969
5000 67236 22127 1257043
5000 61275 23622 1273589
5000 67167 22321 1235091
5000 65442 21921 1246900
5000 63136 24002 1252626
5000 69299 20545 1276616
5000 63053 22184 1250453
5000 63865 25095 1281540
5000 69925 20851 1368089
5000 65927 29837 1371610
5000 66332 21384 1251201
5000 65488 23184 1322530
5000 64047 23984 1331592
5000 64585 23268 1333217
5000 62958 22147 1286643
5000 62562 24083 1270866
5000 64220 22193 1432525
5000 64524 21191 1267693
5000 66990 23620 1256824
5000 68935 23157 1284367
5000 70982 21091 1378557
5000 60910 23433 1255625
5000 65313 29436 1457836
5000 64374 21909 1250651
5000 70618 24627 1309153
5000 63235 22506 1271070
5000 65734 21918 1372053
5000 62983 22574 1257749
5000 69362 25596 1377258
5000 68494 23366 1365131
5000 68073 22036 1265253
5000 64993 23619 1311831
5000 65863 21830 1244415
5000 64077 22596 1269011
5000 65053 20285 1195999
5000 62374 20652 1313903
5000 64554 23189 1254690
5000 64010 25147 1369722
5100 64624 23448 1295464
5100 67672 24524 1318386
5100 74035 22221 1469595
5100 64953 24315 1319932
5100 67603 27198 1461154
5100 63441 25991 1381238
5100 66383 20735 1356654
5100 65120 25558 1395351
5100 68967 25478 1334802
5100 66190 23069 1312423
5100 66497 26844 1438882
5100 65239 23294 1286916
5100 69190 22740 1380589
5100 66667 25302 1333223
5100 65259 23158 1252526
5100 73362 23333 1333540
5100 63800 24098 1368907
5100 64242 25002 1315125
5100 64136 25825 1415376
5100 66008 24168 1349984
5100 67796 24653 1299698
5100 62978 22292 1229595
5100 67048 25532 1333530
5100 63495 23007 1335459
5100 66874 23364 1274305
5100 65225 23956 1318840
5100 65058 23925 1339933
5100 66436 21708 1325090
5100 68483 27960 1358920
5100 70367 24667 1419369
5100 66689 27043 1390443
5100 64002 24383 1300612
5100 67419 27679 1434666
5100 64302 24096 1381512
5100 64626 26916 1628800
5100 66286 23658 1448373
5100 66753 22782 1314910
5100 65600 23675 1356743
5100 69497 23200 1387712
5100 67472 23505 1365121
5100 73223 27386 1494150
5100 67393 21410 1273988
5100 63903 24722 1382914
5100 72212 22046 1526190
5100 71999 23908 1408068
5100 67523 23915 1328752
5100 63953 22838 1279013
5100 63761 24509 1303901
5100 65123 22751 1347517
5100 68255 24452 1372754
5200 69623 23403 1409111
5200 66695 24207 1374147
5200 68222 23419 1307457
5200 67893 24811 1405784
5200 65955 24577 1392061
5200 65550 26615 1379703
5200 68618 23666 1396993
5200 74168 22942 1330288
5200 65803 23855 1392341
5200 65230 23119 1343093
5200 69269 29452 1424309
5200 64870 23890 1385216
5200 70480 26186 1685591
5200 65640 23324 1565388
5200 72194 26000 1436866
5200 66563 26200 1409406
5200 69010 28044 1401332
5200 68831 23310 1378733
5200 69435 27132 1427419
5200 67580 23855 1382023
5200 65879 24378 1302418
5200 67531 26583 1376448
5200 65359 23905 1283761
5200 64768 23858 1278943
5200 68097 26411 1438804
5200 66877 22133 1427905
5200 65961 22549 1320831
5200 67987 25560 1434600
5200 70235 23604 1386401
5200 66026 25093 1372121
5200 65969 25102 1328075
5200 66883 22559 1376959
5200 70045 24623 1391188
5200 68196 22004 1344000
5200 69893 21864 1524986
5200 67776 24533 1353868
5200 67551 23685 1371058
5200 71369 23382 1390602
5200 65352 24203 1340581
5200 67712 23396 1344870
5200 65362 22572 1364981
5200 67307 24456 1340254
5200 69796 21321 1375042
5200 69217 26478 1435528
5200 66693 23343 1298297
5200 67469 24082 1370881
5200 68331 25985 1428419
5200 72022 23723 1343096
5200 68267 24958 1412079
5200 67135 26893 1378399
5300 68269 22983 1721280
5300 69497 23008 1310258
5300 69645 23224 1458142
5300 68088 23718 1368116
5300 69295 25301 1461292
5300 72277 26474 1419350
5300 70201 26096 1379178
5300 68745 23525 1350423
5300 71286 23905 1462604
5300 69257 28501 1395284
5300 66362 25374 1355529
5300 66992 24166 1663446
5300 66459 24523 1407262
5300 67492 23061 1352302
5300 66457 24041 1368879
5300 69606 24472 1409581
5300 67295 26390 1436001
5300 67753 23797 1386090
5300 66623 25775 1315596
5300 66525 23194 1723517
5300 69232 23409 1719771
5300 70376 23565 1346659
5300 69588 23033 1343126
5300 70306 24484 1437890
5300 66758 26481 1424841
5300 66793 27195 1448655
5300 66050 23396 1364062
5300 67606 24790 1353488
5300 67638 24889 1457064
5300 74933 26746 1457823
5300 72246 22378 1451063
5300 72822 24806 1465017
5300 66745 23778 1329668
5300 68987 24940 1398283
5300 71456 25264 1639287
5300 70036 26452 1404344
5300 65148 24250 1401505
5300 68594 25963 1447439
5300 71623 22695 1384830
5300 66329 25292 1403296
5300 71792 26232 1383098
5300 65118 24475 1376155
5300 68937 24898 1406915
5300 66430 22998 1375526
5300 70519 27923 1503426
5300 69189 24473 1356147
5300 68564 24373 1431244
5300 67585 26394 1444638
5300 67588 26271 1660857
5300 67935 23381 1362026
5400 69385 24190 1647385
5400 71005 25460 1474491
5400 73761 25559 1477559
5400 71969 23662 1364447
5400 66066 22086 1382487
5400 67708 25696 1452272
5400 70254 25640 1461923
5400 68603 23046 1299952
5400 71002 27191 2505735
5400 71360 26874 1435027
5400 71590 23288 1363445
5400 70461 24246 1447162
5400 67265 26702 1403714
5400 70922 26178 1462138
5400 71630 24999 1467889
5400 67680 26662 1458171
5400 68493 24301 1347183
5400 67568 25736 2794367
5400 68668 26096 1411131
5400 72163 24905 1380341
5400 68903 25436 1428973
5400 69138 23247 1294768
5400 69825 25193 1390195
5400 67357 24800 1350120
5400 74895 24340 3926802
5400 67740 26035 1345423
5400 70496 23065 1349335
5400 68257 23435 1306184
5400 71265 25020 1367720
5400 67524 25534 3709821
5400 68453 24009 2438332
5400 76295 29104 1445759
5400 68974 25761 1477127
5400 75957 27125 1645570
5400 70336 23371 1357297
5400 66785 23872 1303671
5400 71239 23851 1344704
5400 71336 30345 1465027
5400 71812 26478 1379867
5400 72096 23140 1357535
5400 70748 26238 1338163
5400 70797 27647 1389828
5400 72183 29086 1360904
5400 69864 24633 1338818
5400 74838 25248 1573726
5400 68468 26022 1296585
5400 70889 25615 1739790
5400 68896 24719 1340783
5400 76233 23239 1655097
5400 70922 24625 1428921
5500 73350 25499 1346161
5500 70414 26691 1403871
5500 73139 25528 1434846
5500 70240 25205 1339093
5500 80512 28908 1746637
5500 71777 26476 1421443
5500 73101 25954 1358041
5500 70508 24018 1387753
5500 72813 25345 1417002
5500 71368 27556 1370247
5500 70308 26994 1430024
5500 75927 23549 1338858
5500 70185 24854 1450171
5500 69125 25093 1361709
5500 73586 28764 1505646
5500 71557 27200 1399894
5500 73084 25050 1492017
5500 70651 24628 1394632
5500 71037 24902 1361302
5500 69181 24579 1439460
5500 70773 26574 1371544
5500 71572 24986 1392961
5500 70773 26688 1402298
5500 70667 28407 1388124
5500 73700 26755 1413565
5500 74038 27115 1526184
5500 70635 24491 1376803
5500 72624 26567 1351397
5500 71622 26958 1508252
5500 73392 23990 1395906
5500 71725 25171 1373002
5500 76207 22974 1390824
5500 74726 23788 1446473
5500 74325 25008 1456365
5500 71113 26208 1455114
5500 69649 25646 1381430
5500 69251 24382 1383826
5500 71559 22950 1544691
5500 70296 25101 1400196
5500 77659 21312 1382201
5500 70004 25100 1384063
5500 72320 24448 1367960
5500 71234 25101 1425502
5500 72117 28991 1429299
5500 75981 25662 1413543
5500 74364 28829 1475364
5500 70311 26608 1416934
5500 69562 26546 1394355
5500 69643 25703 1390212
5500 71520 25712 1399070
5600 74285 24915 1417835
5600 70281 24436 1401185
5600 79088 26003 1449329
5600 75723 31197 1575759
5600 72637 24761 1399852
5600 76660 29326 1527511
5600 75745 28634 1471339
5600 74321 27776 1460483
5600 70666 26320 2291119
5600 75537 27307 1449244
5600 73778 26552 1482932
5600 75123 25998 1450795
5600 70760 24227 1382390
5600 73939 26780 1432959
5600 73944 24411 1455000
5600 73354 30510 1572889
5600 71532 25234 1498062
5600 71183 24618 1399835
5600 69258 24550 2064345
5600 71951 25300 1404040
5600 76144 24781 1416355
5600 78626 25867 1437470
5600 77436 25176 1456013
5600 74156 29123 1487584
5600 76529 23617 1406103
5600 72978 25827 1387529
5600 71933 26494 1762452
5600 74284 23977 1436775
5600 70992 25071 1379905
5600 72001 28822 1451319
5600 72244 25467 1414227
5600 75297 24436 1452159
5600 72828 23559 1921290
5600 77331 27992 1444088
5600 74474 26353 1448667
5600 74645 29681 1474148
5600 72458 28685 1443376
5600 75880 25826 1423240
5600 77041 24454 1418398
5600 79140 23982 1491808
5600 72600 24125 1459337
5600 73302 25121 1396112
5600 72749 27802 1509008
5600 74901 25132 1422242
5600 72462 25207 1431882
5600 71378 26405 1610582
5600 74538 30447 1478028
5600 75179 28801 1546168
5600 76124 28526 1463663
5600 76655 28004 1562482
5700 76638 27865 1468106
5700 81512 23885 1444672
5700 72782 25881 1423278
5700 77651 28946 1920570
5700 75105 27275 1471907
5700 72117 28628 1469913
5700 71218 27587 1456195
5700 74037 26418 1462906
5700 83688 26935 1907198
5700 80139 24702 1472090
5700 75912 27852 1683663
5700 74094 26013 1577748
5700 76468 25883 1487255
5700 73577 26230 1436455
5700 75161 26606 1435828
5700 73321 26254 1555234
5700 74196 26306 1485171
5700 84497 25209 1540559
5700 78391 30016 1532829
5700 75384 27276 1598176
5700 73999 26642 1497260
5700 74101 26566 2036774
5700 70648 26712 1439955
5700 72218 26860 1673260
5700 71404 30213 1475860
5700 75578 24877 1410827
5700 70717 26525 1429102
5700 73218 26594 1644790
5700 80111 27675 1526664
5700 82341 26011 1924864
5700 74665 26177 1456956
5700 81161 26958 1628623
5700 73461 26849 1525267
5700 75021 30463 1472931
5700 72923 26812 1461014
5700 73666 25404 1429565
5700 74328 27799 1555562
5700 73099 26475 1453103
5700 75488 26899 2014949
5700 76543 27027 1447598
5700 76342 28312 1747825
5700 74325 29105 1488611
5700 75336 25044 1437491
5700 73037 25165 2065325
5700 77964 27044 1515146
5700 72851 26355 2626134
5700 74828 30006 1825714
5700 74211 25942 1450542
5700 72573 25997 1438893
5700 79353 27634 1667663
5800 73077 25907 1424046
5800 75448 29838 1489081
5800 76374 28238 1713454
5800 84409 25161 1547318
5800 77812 24940 1454707
5800 75732 27792 1594762
5800 85039 27649 1545400
5800 79272 30547 1989714
5800 81473 34252 1847228
5800 83296 25402 2023287
5800 80985 27840 1491210
5800 78280 26729 1541761
5800 77202 27465 1508514
5800 75875 29478 1524663
5800 76318 25631 1815200
5800 74932 31309 1777221
5800 73933 27938 1472304
5800 75238 27669 1492765
5800 83398 31008 1561944
5800 75024 25851 1445264
5800 78834 25584 1471318
5800 82929 25317 1813593
5800 84411 22978 1462605
5800 76084 26449 1455846
5800 74548 26619 1470226
5800 75422 27535 1530823
5800 75038 26927 1511088
5800 76716 32553 1829003
5800 75347 25813 1691646
5800 75264 27239 1463696
5800 75915 28820 2509912
5800 80380 31990 1543927
5800 77628 26559 1965429
5800 78213 26297 1483562
5800 80921 32356 1656840
5800 79100 27031 1686146
5800 79678 27075 1501026
5800 74114 27046 1483590
5800 84929 31405 1569717
5800 75725 27077 1535978
5800 76925 30984 1956578
5800 73143 27665 2170995
5800 75975 29242 1650658
5800 76723 26433 1872921
5800 76314 25340 1627416
5800 80665 30512 1608944
5800 77634 28735 1587047
5800 75697 27369 1546715
5800 76166 27195 1587451
5800 77532 26349 1540536
5900 74493 27772 1604300
5900 78389 25745 1631445
5900 74908 28840 1543896
5900 79147 27147 1590578
5900 82910 29807 1642743
5900 76563 25752 1469525
5900 78442 27483 1860327
5900 78257 28697 1629407
5900 77936 28209 1554739
5900 82061 29983 1652129
5900 79285 29594 1696408
5900 78616 27391 1583829
5900 78608 27939 2010848
5900 76328 30025 1542868
5900 79272 26706 1631638
5900 75806 28592 1662735
5900 77919 28105 1589231
5900 75489 28053 1575642
5900 81315 27147 1587081
5900 80469 31488 1858052
5900 82904 25856 1517497
5900 77644 31291 1601412
5900 78781 26985 2291160
5900 78880 25499 1538751
5900 75639 27743 1556245
5900 75364 25812 1505207
5900 76317 30014 1526429
5900 74493 25998 1497116
5900 77534 28980 1508873
5900 74952 29918 1574770
5900 80137 28582 1627062
5900 73898 27120 1648062
5900 76142 27291 1497421
5900 76535 29370 1585053
5900 78128 28219 1520166
5900 79100 26368 1588442
5900 77970 29097 1546648
5900 77904 28055 1904586
5900 75617 25809 1488444
5900 79966 26284 1900756
5900 77713 28257 1561640
5900 77173 30012 1552782
5900 77544 27196 1581924
5900 74952 26574 1502036
5900 83479 27697 6380936
5900 78388 27191 1516600
5900 79334 30258 1571901
5900 77987 28787 1538839
5900 75224 28307 1500804
5900 77910 28067 1536558
6000 79939 31782 1598930
6000 79696 30424 1998329
6000 75348 27161 1546714
6000 85440 27489 1701462
6000 81837 28324 1567361
6000 76245 28970 1536433
6000 79126 28202 1556151
6000 77437 26147 1743790
6000 82757 34414 1665238
6000 75226 26727 1507323
6000 81216 28529 1589856
6000 76066 26517 1516610
6000 77510 28266 1510128
6000 76816 27474 1527643
6000 80552 29408 1645547
6000 80113 31718 1596954
6000 81887 30173 1628431
6000 83917 27582 1754779
6000 78482 27659 5185587
6000 78440 32538 1659154
6000 80434 28232 1727922
6000 91115 26421 1611257
6000 78771 27300 1572255
6000 88279 26492 1525524
6000 79212 26992 1530420
6000 83582 25035 1542814
6000 79528 30074 1523633
6000 79096 26141 1529815
6000 78670 28633 1524906
6000 79030 28995 1511335
6000 77437 29209 1488597
6000 77235 27177 1630384
6000 78854 28358 1639680
6000 80021 29189 1617759
6000 77422 28504 1624096
6000 76926 29596 1504618
6000 78810 25781 1501180
6000 88446 27874 1624920
6000 82852 33277 1645557
6000 79112 31278 1578239
6000 83090 28088 1543246
6000 81180 27033 1633415
6000 82158 28011 1561990
6000 84621 29057 1519460
6000 80368 31118 1535277
6000 78491 30768 1558245
6000 76373 26640 1472256
6000 77930 26891 1449579
6000 80517 29413 1591471
6000 83096 30882 1616306
6100 78594 30237 1623188
6100 85789 30046 1594686
6100 86030 25705 2008559
6100 78957 28016 1528645
6100 83914 29380 1615363
6100 85999 31098 1595407
6100 81835 28449 1569753
6100 81262 25902 1470604
6100 81432 28697 1518355
6100 81013 27866 1518872
6100 81979 27127 1543742
6100 81511 32209 1613612
6100 81667 28611 1570710
6100 79203 26855 1601931
6100 82098 31737 1596452
6100 78202 31913 1524102
6100 80293 29007 1550787
6100 90587 27482 1582028
6100 79365 26500 1504364
6100 77789 28637 1574221
6100 80610 30750 1585522
6100 79837 32232 1582955
6100 82187 27091 1531116
6100 81357 29722 1846935
6100 84011 30875 1585039
6100 86593 28211 1591394
6100 79206 29873 1606990
6100 82196 32593 1592877
6100 84794 27270 1558715
6100 83190 28932 1636533
6100 80789 27784 1504063
6100 87090 30088 1765157
6100 82170 35870 1604101
6100 80376 27960 1600783
6100 79914 31116 1616431
6100 80647 29706 1599380
6100 78488 28150 1609828
6100 80221 30305 1590750
6100 81320 28006 1539372
6100 78537 30114 1523499
6100 90842 31100 1633503
6100 84149 29384 1606056
6100 79015 29410 1554265
6100 81773 28353 1533556
6100 80390 28895 1537871
6100 76779 30764 1511194
6100 83896 30467 1824348
6100 82237 29013 1609964
6100 78964 28283 1584193
6100 79797 29075 1543577
6200 84342 28389 1575073
6200 83212 32658 1643047
6200 82257 30440 1597739
6200 80581 28137 1605038
6200 85440 27399 1561007
6200 81714 27960 1500443
6200 85738 27961 1598538
6200 85159 27459 1601624
6200 82947 30035 1553176
6200 82632 28775 1593433
6200 84093 27987 1558562
6200 87831 28071 1630149
6200 83313 27416 1559066
6200 79811 26852 1502843
6200 81793 32007 1586551
6200 82243 29394 1553681
6200 94676 27294 1564126
6200 87151 31271 1608656
6200 82810 30759 1705082
6200 81120 27926 1585760
6200 79233 25674 1532122
6200 81569 29327 1547725
6200 80960 29869 1542122
6200 78275 28340 1493088
6200 88386 28771 1592886
6200 86878 32017 1587287
6200 82588 33697 1656500
6200 81533 29212 1593406
6200 84359 31566 1630805
6200 90481 30169 1645977
6200 80982 30197 1668291
6200 83547 27712 1504624
6200 80593 29089 1591352
6200 80975 28140 1671744
6200 86594 32473 1686728
6200 81541 29298 1611384
6200 81908 32715 1589608
6200 88227 30333 1630364
6200 81510 29853 1617794
6200 82931 28778 1562928
6200 88459 34081 1649565
6200 82723 29148 1563285
6200 79751 28001 1541247
6200 83656 29254 1623999
6200 80829 29485 1570590
6200 83444 28642 1605914
6200 79332 28321 1536313
6200 80817 31532 1572244
6200 81906 27846 1533852
6200 85321 29530 1606187
6300 89030 28999 1619873
6300 85125 30074 1619891
6300 86802 26726 1601245
6300 83370 31859 1638161
6300 84481 30310 1615604
6300 85807 27856 1641357
6300 82453 29892 1624922
6300 83697 31903 1647773
6300 80931 28956 1617486
6300 79361 31040 1649293
6300 83550 29925 1627371
6300 81316 30210 1869153
6300 90307 28784 1636117
6300 82758 30378 1649297
6300 83917 29823 1648097
6300 84962 34793 1663007
6300 80931 31043 1742208
6300 83392 30137 1620970
6300 90785 28599 1674414
6300 85581 29578 1754764
6300 80122 30720 1679498
6300 84624 28636 1587794
6300 86556 35990 1704016
6300 87174 28106 1671180
6300 85988 33652 1694324
6300 84094 28368 1569611
6300 82178 28745 1629192
6300 87422 34550 1636471
6300 83729 27117 1495387
6300 81663 29542 1589907
6300 79864 26706 1515418
6300 85483 29058 1623179
6300 81857 32067 1601976
6300 87868 32874 1744688
6300 83621 33769 1688369
6300 90117 30871 1616176
6300 88559 27498 1556459
6300 85477 28798 1587686
6300 87287 30275 1731564
6300 84808 34357 1660097
6300 87623 31328 1585595
6300 86819 28074 1833386
6300 86436 30922 3665888
6300 85848 29161 1750712
6300 82185 30816 1588505
6300 81415 29103 1657569
6300 82848 29723 1639377
6300 82687 31799 1693719
6300 80604 29807 1562251
6300 84119 33020 1602190
6400 82665 28655 1690608
6400 85626 30468 1683755
6400 83068 30095 1699428
6400 84175 32620 1695057
6400 86438 34127 1700848
6400 86877 27956 1671392
6400 84627 29285 1599900
6400 87333 34544 1687891
6400 86292 29446 1627375
6400 84524 27664 1550133
6400 89056 27970 1768444
6400 84894 30398 1773938
6400 86582 31795 1674230
6400 82868 29787 1715742
6400 85134 27788 1640189
6400 84665 30111 1623535
6400 90561 29899 1664272
6400 84171 30715 1925813
6400 87555 34160 1692773
6400 84029 28496 1601940
6400 87553 28681 1846704
6400 88833 29109 1672055
6400 90096 34931 1884895
6400 84859 31189 1674265
6400 83547 33251 4527624
6400 84652 31923 1648524
6400 82970 30485 1734675
6400 84686 31501 1642413
6400 89726 29111 1667102
6400 82563 30095 1557362
6400 83389 30102 1568337
6400 84364 28982 1589037
6400 96962 30891 1651610
6400 85453 28852 2344466
6400 92658 29211 1636711
6400 86604 30796 1568903
6400 88642 29521 1586757
6400 88448 31402 2873203
6400 93836 35399 4474622
6400 86498 31113 1696977
6400 83898 28702 1726956
6400 83541 33050 2330534
6400 81555 33256 1621009
6400 86222 35007 1681176
6400 85203 33073 1660654
6400 84306 30558 1668674
6400 85959 30752 1607782
6400 82385 31155 1550099
6400 84337 33460 1600695
6400 82266 31761 1693526
6500 84506 28835 1647244
6500 84849 30587 1769593
6500 88930 30586 2010884
6500 87300 31594 1662317
6500 87481 30793 1679165
6500 86631 30646 1682096
6500 86373 29984 1694116
6500 90129 28587 1595724
6500 84545 31591 1627426
6500 86910 28630 1745441
6500 89985 33252 1678872
6500 89071 29067 1653663
6500 86118 30808 1609005
6500 88089 30741 1812234
6500 83599 28902 1582474
6500 87367 32419 1682233
6500 84255 30387 1649076
6500 92823 28238 1621843
6500 86057 32275 1635281
6500 88313 28366 1628283
6500 89003 32164 1647297
6500 85081 30974 1616887
6500 91015 29113 1628697
6500 87445 29378 1677504
6500 90795 35069 1670506
6500 87525 32806 1662066
6500 92948 30200 1680588
6500 89494 31001 1679587
6500 89372 32227 1665098
6500 89312 29349 1684478
6500 91349 30343 1811994
6500 85076 33705 1789161
6500 91351 30704 1694155
6500 87348 31627 1698205
6500 91206 27050 1595802
6500 100606 28509 1644874
6500 84771 33043 1972337
6500 84698 30659 1634461
6500 86723 30472 1688215
6500 89390 28669 1668391
6500 85414 29481 1694346
6500 84864 29874 1745128
6500 91179 32280 1723678
6500 87321 34588 1717459
6500 85684 30552 1682483
6500 86298 31101 1717863
6500 87565 33732 1689222
6500 88850 27071 1630758
6500 91554 34640 1727153
6500 87096 30191 1609678
6600 94434 33037 1698990
6600 86787 31385 1713721
6600 92803 28001 1717372
6600 85561 29910 1629291
6600 85885 28895 1676987
6600 87072 34703 1755825
6600 89731 31536 1732932
6600 86055 31365 1691995
6600 89908 30207 1685767
6600 85019 32305 1697069
6600 86827 31518 1720785
6600 86098 33914 1667023
6600 86881 30867 1706186
6600 89745 27978 2640661
6600 93794 34578 1833492
6600 88224 34363 1948868
6600 90514 35583 7363090
6600 88934 37718 1797037
6600 89528 29819 1745075
6600 86697 29668 1706244
6600 85686 28636 1702251
6600 88650 30171 1792583
6600 87001 30511 1818272
6600 92704 35198 1837120
6600 84798 31898 1938336
6600 83300 30007 2261463
6600 84534 29735 3102465
6600 85960 31495 1927237
6600 90432 29687 2017501
6600 89352 29661 4739157
6600 90798 32874 2065712
6600 91874 32262 1896531
6600 89414 32845 2054950
6600 86322 32995 1800868
6600 85941 34611 1912279
6600 89258 34549 2648202
6600 94507 30168 1718877
6600 93896 30427 1845955
6600 93249 35599 1872896
6600 90308 35357 1791210
6600 88993 30967 1752524
6600 89802 32208 1739873
6600 96739 34968 1842668
6600 88830 29611 1674047
6600 84394 32239 4691676
6600 85617 32519 1735298
6600 86151 31697 1735177
6600 91775 29991 1715521
6600 85225 30700 1966002
6600 84937 30562 1716663
6700 94150 33963 2439406
6700 92244 29416 1709854
6700 95980 28516 1793180
6700 88982 33729 1968428
6700 92321 30762 1743234
6700 88684 32790 1791903
6700 91453 34535 1777237
6700 88343 29992 2058113
6700 94264 32431 1772078
6700 90453 34319 1810312
6700 87622 29665 3422761
6700 93099 32510 2382680
6700 88407 33866 1772102
6700 86569 32938 1759379
6700 91878 34946 1808196
6700 92990 33804 1799674
6700 89136 30033 1718357
6700 101198 31483 1825318
6700 88686 32521 1744063
6700 90845 35987 1863935
6700 94595 27524 1925044
6700 89929 29646 1851366
6700 90885 37450 1801449
6700 95535 29834 1747493
6700 93762 30117 1785478
6700 94405 31480 1819236
6700 92450 40067 1842924
6700 88842 31626 1722843
6700 86978 32650 1747613
6700 89002 31454 2212790
6700 96671 33135 1830275
6700 89701 30774 1767820
6700 86992 31821 1736917
6700 90504 33576 1779081
6700 90283 35939 1827996
6700 90334 37691 1809407
6700 92388 34968 1823292
6700 94271 32651 1803417
6700 87911 35508 1897114
6700 87328 33515 1856571
6700 93226 34252 1859392
6700 91008 29867 1877995
6700 92312 35176 1901401
6700 87479 33617 1957266
6700 90744 34448 1792221
6700 89534 31711 1881147
6700 88110 35281 1883614
6700 91746 33398 1823818
6700 91070 34382 1918087
6700 88247 30585 1804231
6800 99967 32426 1647625
6800 104012 30514 1809995
6800 87368 32037 1712018
6800 90646 34792 1826488
6800 103464 30190 1936099
6800 96863 32458 1775282
6800 96158 31579 1742273
6800 91990 33314 1750240
6800 99116 31032 1884178
6800 91869 29745 1892164
6800 90345 35236 1836609
6800 88994 31694 1807372
6800 98416 34766 1898933
6800 91763 37020 1849922
6800 91495 30226 1692875
6800 88646 35423 1855327
6800 91891 33459 1821523
6800 90101 32385 1876527
6800 93031 34863 1897865
6800 95257 32741 1774585
6800 89856 34911 1982435
6800 88269 32448 1826977
6800 93734 33622 1876932
6800 94645 37523 1923734
6800 88637 35891 1798679
6800 91207 34327 1710166
6800 89668 31374 1755799
6800 88779 31903 1802435
6800 88485 30292 1746728
6800 97509 29621 1827619
6800 91689 35716 1778562
6800 92495 31834 1744630
6800 88768 31122 1808730
6800 89056 34704 1909208
6800 96638 37616 1887845
6800 92467 30677 1828628
6800 92304 35653 1825295
6800 88697 31060 1836486
6800 91541 33746 1773409
6800 88751 32473 1772893
6800 92525 31092 1825832
6800 90187 35275 1822705
6800 89055 35640 1851533
6800 88579 31887 1854888
6800 90683 30510 1791195
6800 87384 33983 1842524
6800 91296 33133 1815775
6800 91964 33079 1925238
6800 91260 32079 1943051
6800 98990 38930 2020614
6900 94641 35903 1959038
6900 92932 32333 1821378
6900 93541 36962 1992639
6900 113806 31129 1915144
6900 97913 34954 1935170
6900 91122 31700 1794068
6900 103617 32455 2001278
6900 94288 32039 1873901
6900 94188 33903 1902259
6900 91126 34178 1840480
6900 89296 31586 1854348
6900 95287 32130 1854478
6900 92258 35001 1880315
6900 97093 33113 1885958
6900 92904 36687 1958940
6900 91703 33933 1922268
6900 93315 36954 1991177
6900 89408 32439 1818492
6900 93706 36188 1967217
6900 93809 35118 1900370
6900 93574 30950 1871425
6900 93437 33626 1807572
6900 95500 29446 1844249
6900 95091 34152 1819654
6900 96979 33607 1903151
6900 93886 30617 1869571
6900 99816 43298 2258143
6900 92073 31787 1882455
6900 93321 31895 1872017
6900 96782 37079 1934018
6900 92281 29078 1854668
6900 90811 32369 1857359
6900 97837 35299 1934500
6900 89992 36001 1908314
6900 89498 33388 1783895
6900 94540 33089 1893018
6900 91523 33735 1937467
6900 92869 34266 1955917
6900 91004 33239 1915552
6900 94722 34070 1858691
6900 90185 32982 1867519
6900 93485 33335 1836914
6900 92674 34277 1847703
6900 92522 37025 3616709
6900 93497 32305 1801909
6900 95106 32116 1811646
6900 96908 33596 1783613
6900 91041 33989 1761517
6900 96880 34638 1745885
6900 98480 35427 1872710
7000 96516 35273 2050820
7000 102387 31990 1850384
7000 98527 33469 1850114
7000 97915 35206 2048395
7000 94846 31177 1789432
7000 95806 36683 1916173
7000 94122 33671 1823954
7000 94015 32490 2171616
7000 92436 33383 1901335
7000 94409 34322 2927742
7000 94697 32815 1885564
7000 94513 35476 2634726
7000 93055 33174 1897514
7000 97872 32146 1906761
7000 95012 36429 2925744
7000 100203 32997 1923127
7000 101029 41865 2845361
7000 93425 36115 1832982
7000 94498 35205 1737142
7000 94558 32727 1842051
7000 99729 31223 1991282
7000 92052 31413 1942494
7000 91836 32743 1891121
7000 95973 31437 1713113
7000 92433 32228 1946075
7000 97894 41551 2085342
7000 90822 33116 1881640
7000 98045 32789 2098228
7000 94291 34328 1924678
7000 92910 33230 1895364
7000 93406 34098 1897515
7000 97570 37793 1917829
7000 95713 32178 1981797
7000 92633 32173 1955057
7000 95575 33141 1920109
7000 94231 34106 1801241
7000 97449 39594 2178208
7000 92721 35901 1921138
7000 92758 33221 1853907
7000 99188 37355 2067576
7000 101241 29820 1789773
7000 93544 32231 1814868
7000 102091 35853 1918723
7000 90465 31748 1874124
7000 93519 36491 1907656
7000 99572 37727 1956219
7000 93326 37029 1945782
7000 90950 34224 2046296
7000 92587 31837 1870642
7000 97339 33525 1923104
7100 98373 33165 1878468
7100 105775 31027 1785783
7100 97736 32796 2732120
7100 97354 33728 1898814
7100 94653 35148 3016751
7100 96226 31749 2629525
7100 99654 39064 1918339
7100 95782 32087 1915977
7100 101885 31550 2001158
7100 97294 40476 2191030
7100 95093 37458 1874123
7100 100126 30672 1918103
7100 95537 33197 1917904
7100 93607 34817 2747239
7100 98138 31907 1883338
7100 97736 33310 1880300
7100 99390 34040 1853471
7100 99877 34090 2639267
7100 97789 32994 1874728
7100 97393 32612 1788113
7100 94815 34143 1867598
7100 91179 34791 1820306
7100 94836 35499 1837612
7100 94249 33087 1835425
7100 91821 33174 3077992
7100 96945 34257 1901232
7100 96863 33962 1874392
7100 97685 32679 1874572
7100 96659 34757 1838511
7100 98122 38398 1971357
7100 100650 34680 1977529
7100 92959 35101 2495832
7100 95111 34724 2194361
7100 95613 34102 2490042
7100 94294 31758 1863179
7100 101286 37938 2330554
7100 99540 31202 1909482
7100 94776 32133 1777829
7100 100865 31953 1802529
7100 95156 33457 1816661
7100 96448 36936 1928605
7100 94496 34341 1814212
7100 96261 30886 1882295
7100 98359 34659 1905584
7100 94413 37582 1956041
7100 98140 30874 1899748
7100 96511 33214 1828022
7100 95117 35940 1931797
7100 101033 35654 2026696
7100 96109 35020 1858609
7200 98000 35293 2060382
7200 98175 35328 1960598
7200 93247 32666 1864595
7200 95970 36408 2536991
7200 100348 37171 1907221
7200 95927 33512 1873524
7200 92994 32859 1846389
7200 100473 32655 1897638
7200 105181 34822 1956860
7200 97153 34007 1881640
7200 97088 32903 1933683
7200 100231 31154 1802479
7200 96489 37125 1936273
7200 94374 35329 1916743
7200 96931 40724 1949117
7200 99825 31070 1796455
7200 93334 35583 1929848
7200 98372 32600 1969921
7200 94911 34674 1849764
7200 98596 35439 1902229
7200 100526 35242 2856332
7200 99381 32257 1853601
7200 95729 33435 1835722
7200 97142 35091 1948757
7200 96304 37486 1884332
7200 94583 35649 2773340
7200 101622 31791 1872129
7200 95250 34554 1835457
7200 95195 34608 1885909
7200 94943 34484 1915313
7200 98845 33042 2049947
7200 100262 34763 2026218
7200 97480 34032 1957944
7200 95088 34302 1959527
7200 94632 33930 1889766
7200 100124 37068 1998673
7200 93798 35236 2079822
7200 96195 34497 1853180
7200 100489 31761 2016734
7200 100112 32759 1833183
7200 99009 33215 1997499
7200 100899 34840 1949294
7200 110919 33786 1999637
7200 98310 34457 1918016
7200 94518 35749 1906175
7200 102869 30885 1921974
7200 97124 33938 2775794
7200 98621 33475 1877641
7200 102279 37054 1971394
7200 97301 37173 3128389
7300 102528 32283 2979773
7300 95196 34157 1941608
7300 101705 35135 1953493
7300 95480 32591 1904637
7300 95188 34012 2759316
7300 113458 32658 1968016
7300 103046 34393 2794679
7300 101234 35117 1949970
7300 96546 34932 1919393
7300 107999 34435 1975089
7300 96768 35055 1931762
7300 98102 35240 1985613
7300 110831 34599 1995387
7300 99261 34516 2015352
7300 94891 32583 2624634
7300 102930 37994 1986207
7300 99285 34419 1939049
7300 95805 38530 2683241
7300 105452 35822 2008959
7300 101518 37836 2790227
7300 97547 33009 1902531
7300 103763 32942 2678968
7300 102218 40248 2780869
7300 97975 36585 2643983
7300 96799 36764 3151880
7300 98811 34087 1846294
7300 96825 34632 1830776
7300 100569 31454 1856438
7300 100228 35741 1952340
7300 105884 40629 2064316
7300 100899 33685 1978584
7300 94931 35831 1943968
7300 96498 37096 2041780
7300 96585 33622 1977352
7300 99460 38163 2013909
7300 97971 33851 1917990
7300 99590 36673 2009829
7300 96404 35256 1966459
7300 101415 37005 2028626
7300 98201 38490 2060096
7300 97813 35185 2004096
7300 99282 37586 2004886
7300 98310 34896 1951738
7300 99913 34257 1958903
7300 100557 35606 1983938
7300 98406 34586 1965533
7300 104225 34933 2088638
7300 98615 32789 1929957
7300 100079 34935 1957589
7300 98782 36257 1939705
7400 102126 36285 2117409
7400 103739 38486 2104492
7400 96382 36993 2184538
7400 98603 37760 2043684
7400 100840 35147 2059891
7400 105246 33070 1992595
7400 105229 34872 2053352
7400 99279 38774 2072954
7400 98276 37629 2008087
7400 100307 34446 2029200
7400 101505 34182 2038236
7400 102577 35484 2046840
7400 103886 37677 2113080
7400 110184 35197 2015610
7400 98397 33545 1998300
7400 101610 37968 2062464
7400 101797 36566 2069796
7400 101285 33753 2002913
7400 102642 41759 2109105
7400 98083 35638 2027861
7400 100040 37975 2064150
7400 101692 37141 1954650
7400 107265 43624 2027948
7400 100661 35625 2466215
7400 103508 33865 1931149
7400 98814 35898 1928419
7400 99364 33938 1964745
7400 99929 35362 1954122
7400 101856 36469 1964928
7400 99668 37342 1946894
7400 102418 36011 2035307
7400 108343 33734 1936922
7400 107391 37488 2027184
7400 117431 34066 2154019
7400 104175 34009 1975166
7400 102249 35358 1926928
7400 101197 36066 1939422
7400 101840 37116 1994420
7400 100862 33828 4665838
7400 105398 37266 2016105
7400 100964 40942 2048318
7400 102441 35118 2028626
7400 99032 37925 2060891
7400 100505 34928 1956839
7400 102853 39075 2063023
7400 99057 36244 2005826
7400 103642 34326 2053740
7400 99773 36731 4624642
7400 107912 36093 1921795
7400 104922 37917 1967189
7500 100404 35553 1980431
7500 109819 37971 2037719
7500 102728 37154 1931929
7500 102339 35575 1953289
7500 102668 34775 1977684
7500 101482 33778 1917927
7500 102501 38658 2749042
7500 98464 35385 1940951
7500 102638 35428 4554676
7500 107596 33287 2183692
7500 108763 33262 2140185
7500 104221 37415 2045796
7500 101421 35512 2317292
7500 101440 38829 1968822
7500 106542 39888 2018153
7500 102921 35945 2060846
7500 105487 34557 1928507
7500 104304 34974 2032231
7500 105103 41547 2117594
7500 100919 36199 1972682
7500 104875 34463 1946468
7500 103879 37730 2033529
7500 102221 41043 2182246
7500 100202 36670 1987421
7500 99742 35259 1954985
7500 106538 46036 3060340
7500 109718 35013 2035756
7500 104553 35906 1928828
7500 103992 38257 1900334
7500 104372 36432 2133396
7500 101565 37680 2087905
7500 102888 36313 2326341
7500 107155 36261 2037673
7500 101270 34833 1968257
7500 101339 43668 2049133
7500 103978 34438 2089028
7500 106805 39510 2062010
7500 110057 39798 2083559
7500 101145 36068 1918792
7500 106003 36840 2031096
7500 105383 33212 2169450
7500 103323 32655 1956026
7500 101115 41622 1952659
7500 107999 32930 2700527
7500 99124 34048 1818835
7500 113909 36057 2894816
7500 108837 33320 1971343
7500 98770 39134 2856943
7500 105872 35793 2624436
7500 103610 42899 6475730
7600 103942 43030 2056995
7600 100521 35505 1995026
7600 101554 35763 1955683
7600 100096 33333 2067570
7600 108258 41062 2031727
7600 101971 34266 2099103
7600 102541 35888 2001239
7600 98862 37735 2513140
7600 105507 34852 2220238
7600 98348 37691 1953707
7600 105033 40856 2186273
7600 101699 37737 2043361
7600 107243 37716 2097081
7600 99870 36918 2089587
7600 105209 37731 2115832
7600 102297 38038 2101742
7600 105703 35420 4841340
7600 103040 36533 1961596
7600 104054 40091 2006102
7600 106626 34945 1964984
7600 105743 39736 1984848
7600 108401 37655 2002245
7600 108192 37110 1990844
7600 104264 40749 1946687
7600 102145 35841 1947627
7600 107430 40541 2126306
7600 105965 39577 2234268
7600 103765 40456 2060965
7600 101584 38260 1993458
7600 103000 36388 2010054
7600 102350 35707 2069050
7600 103124 38733 1985443
7600 117600 36739 2009538
7600 103120 35905 1896121
7600 103970 36646 1964510
7600 105650 36632 2001394
7600 110751 35071 2096313
7600 102574 35137 2073219
7600 102605 38999 2139204
7600 102832 37797 2082676
7600 99814 37835 1929260
7600 100759 35509 1953163
7600 103391 35543 1937224
7600 109174 42362 2105765
7600 107980 33895 1972700
7600 100687 38310 2023525
7600 101477 37988 2849324
7600 102709 36851 2015586
7600 101216 38329 2168919
7600 103616 41148 2146694
7700 104421 37831 2975379
7700 105979 37403 2009938
7700 109011 36809 3040917
7700 112832 35063 2010964
7700 111193 40671 2071514
7700 112517 38067 1990393
7700 102526 37503 2132212
7700 107423 39792 3058822
7700 102788 35786 2015145
7700 108016 36782 2839057
7700 110488 39058 2176410
7700 106447 40296 2824497
7700 104580 42517 1992384
7700 106279 42941 2227466
7700 105344 37534 2821943
7700 108397 40969 2634537
7700 102108 37063 2711816
7700 105061 40921 2131888
7700 109977 34751 2616466
7700 101890 37980 2567774
7700 111136 41050 2647895
7700 101820 36508 1942725
7700 104774 36149 2635300
7700 106632 35303 2582747
7700 109230 41144 2635643
7700 106793 43937 2816597
7700 106944 38241 2107178
7700 109647 34717 2654773
7700 109159 38399 2057801
7700 105813 36939 2054712
7700 103161 35352 2235830
7700 108194 38925 2052926
7700 106882 36583 2177759
7700 109605 36351 2157046
7700 105450 35677 2021861
7700 107227 39486 3199465
7700 102115 39257 2152861
7700 103451 36417 2822644
7700 102949 34848 2043982
7700 108179 34860 3090096
7700 109149 33887 2008745
7700 103411 39333 2098489
7700 99719 38036 2095760
7700 101762 33915 2038384
7700 107419 44980 3092721
7700 108621 43678 2909619
7700 107597 39685 2976585
7700 102504 34072 2928759
7700 104458 34674 2815153
7700 113353 35484 2157888
7800 107017 38708 2174916
7800 109598 38804 2100893
7800 104610 36152 2102514
7800 103855 36096 2179032
7800 104382 36751 2103616
7800 108498 40684 2090365
7800 105112 39477 2054576
7800 117208 40051 2191801
7800 103286 37758 2227434
7800 103067 40781 2039170
7800 109088 38880 2103993
7800 103632 41511 2071808
7800 103048 37308 2162742
7800 110431 41670 2375526
7800 104756 40450 2202928
7800 113336 34997 2185739
7800 107213 37773 2500670
7800 105493 42807 2259928
7800 108595 35166 2264960
7800 108295 41859 2164728
7800 106235 38456 2039923
7800 105305 37206 2198570
7800 106900 39574 2006298
7800 106224 34752 2182524
7800 114182 35499 2089650
7800 101559 38123 2105987
7800 105703 39287 2113368
7800 108366 36652 2165768
7800 111580 33857 2145399
7800 106254 39392 2177052
7800 113485 37668 2204404
7800 108248 36610 2061026
7800 103883 37450 2132263
7800 116520 38277 2144105
7800 109960 39766 2098278
7800 101269 34709 2015835
7800 105697 34973 1938466
7800 106950 37525 2254963
7800 109124 38096 2044520
7800 109797 37586 2083120
7800 106325 42671 2095402
7800 106384 37608 2160508
7800 110878 38350 2061790
7800 106561 40157 1983898
7800 109305 34684 2103381
7800 106242 37344 2088572
7800 110586 36780 5756138
7800 106707 42086 2081563
7800 107915 39078 2041682
7800 107742 37531 2049102
7900 109373 36351 2059801
7900 109430 42233 2351687
7900 115235 34920 2185874
7900 110393 35188 2036599
7900 107686 35247 2113274
7900 111411 40791 2059467
7900 107874 42008 2102223
7900 111021 39765 2095951
7900 108174 43609 2114674
7900 112817 42903 2151009
7900 108503 39060 2111346
7900 103300 38631 2009407
7900 106056 38430 2068864
7900 105243 36147 2087860
7900 103476 38980 2100101
7900 105662 39586 2371428
7900 111206 38701 2117927
7900 108281 37086 2014151
7900 104178 40809 2232670
7900 107826 35685 2168889
7900 103896 38333 2169223
7900 105270 41185 2152989
7900 125548 36713 3644375
7900 105605 43625 2236394
7900 109569 36305 2210396
7900 109383 37665 2098556
7900 108487 39176 2110430
7900 106484 40358 2099702
7900 110742 36688 2212059
7900 103520 38419 4542226
7900 107565 39070 3528161
7900 124717 38952 2302185
7900 109426 43548 2166002
7900 104844 38216 2517925
7900 111387 36208 2101098
7900 107349 37844 2064540
7900 107343 43049 2067605
7900 106491 37353 2203422
7900 104749 40332 2180109
7900 111494 34798 2108882
7900 115483 42503 2206244
7900 109144 38840 2059392
7900 107282 40915 2224795
7900 111578 36899 2191907
7900 104395 41089 2411525
7900 108208 35782 2116068
7900 105870 39883 2625752
7900 109470 35849 4260673
7900 112855 37071 3582347
7900 106801 36198 2214074
8000 113771 37703 2145728
8000 106943 38535 2246117
8000 111235 35743 2225904
8000 113095 34628 2120743
8000 106082 36861 2499785
8000 106827 41397 2079003
8000 116729 50112 2506822
8000 109989 37789 2192676
8000 111071 37445 2216983
8000 115976 39113 2338825
8000 110741 37879 2218516
8000 106921 36536 2095003
8000 113484 36910 2342511
8000 110487 37346 2115131
8000 107154 38232 2147152
8000 110612 37744 2327084
8000 113229 44222 2193610
8000 111355 35777 2071590
8000 110875 43091 2117934
8000 110237 36270 2018720
8000 109524 38887 2067602
8000 105422 43220 2133501
8000 109146 39451 2102546
8000 105974 39715 2212345
8000 111139 38246 2137620
8000 114650 38605 2141429
8000 109740 40192 2216909
8000 110886 37154 2208531
8000 106970 40164 2097355
8000 112454 36407 2104539
8000 116519 46663 3284124
8000 117590 40637 2229700
8000 110360 36793 2039276
8000 111372 36568 2075809
8000 104059 36059 2814164
8000 109763 42459 2534097
8000 112047 44214 5017281
8000 109392 38221 2152692
8000 111476 37881 2069875
8000 110303 39200 2129586
8000 107775 36483 1999403
8000 108021 39358 2113829
8000 112823 40130 2233174
8000 115724 43537 2297564
8000 108104 39169 2138539
8000 114311 45334 2271495
8000 108433 41324 2236160
8000 108636 37141 2066094
8000 108888 39100 2168775
8000 112141 39565 2085538
8100 110785 37717 2137894
8100 111958 42351 2222696
8100 111574 37275 2049168
8100 115142 36728 2144630
8100 112693 42336 2140982
8100 109646 42590 2102959
8100 107652 36154 2016780
8100 109635 41719 2270543
8100 109683 38670 2184886
8100 111749 43692 2193538
8100 117110 38676 2157141
8100 108942 40402 2221135
8100 111153 45988 2194145
8100 112459 40155 2935266
8100 115010 42073 2871720
8100 108683 41838 2887649
8100 108490 38242 2179410
8100 112761 36866 2980882
8100 108866 40261 2072875
8100 107781 38963 3007108
8100 112991 40283 2901993
8100 117341 40719 3053808
8100 110270 38056 2138958
8100 132609 38627 3101496
8100 109267 35914 2076791
8100 110559 41376 3026228
8100 122952 39497 2355204
8100 115808 36208 2132746
8100 113779 37527 2304738
8100 118469 42627 2388835
8100 112697 42055 2319369
8100 114474 36085 2151972
8100 110566 37961 2224772
8100 113730 41851 2141267
8100 111903 41830 2142340
8100 117963 47122 2251893
8100 109677 39647 2136483
8100 108738 42394 2754504
8100 118520 39440 3139356
8100 107995 41789 2115407
8100 115710 37709 2224815
8100 111134 46754 2658602
8100 118810 41061 2813801
8100 111311 38762 3326921
8100 111614 42339 3322134
8100 112363 40503 2114652
8100 108593 37934 2123862
8100 110041 38809 2686160
8100 113190 40724 2203698
8100 111445 40205 2184131
8200 114404 41821 2236734
8200 117362 43688 2208810
8200 122771 40871 2322800
8200 112493 36400 2379588
8200 110960 40622 2237745
8200 114101 40133 2119450
8200 111964 39686 2217623
8200 111654 42723 2513771
8200 112556 38970 2167744
8200 108488 38580 2307272
8200 112062 36412 2122963
8200 115226 38559 2175433
8200 120868 38965 2159896
8200 117433 39662 2187129
8200 110938 40539 2177490
8200 112463 38752 2155830
8200 113253 40092 2156982
8200 114608 42399 2557128
8200 114293 37175 2148449
8200 114192 43685 2469133
8200 110624 37991 2158824
8200 118824 40315 2220367
8200 111487 40846 2226438
8200 119105 40994 2196722
8200 116601 48484 2353486
8200 112916 42444 2208901
8200 115631 40914 2319029
8200 115682 39475 2241450
8200 111996 39003 2323996
8200 113894 42964 2525854
8200 114023 43244 2201227
8200 113778 44354 2275468
8200 109012 40652 2244615
8200 112794 38952 2254639
8200 117030 39534 2160089
8200 113574 39877 2093150
8200 115190 45284 2264646
8200 138206 39827 2358613
8200 117920 40481 2277068
8200 113634 38991 2161314
8200 121564 38222 2282737
8200 110834 39627 2260514
8200 127283 43228 2351296
8200 114313 40303 2203124
8200 114619 40023 2163895
8200 114914 39320 2257797
8200 110553 41289 2277611
8200 112026 41582 2179743
8200 117269 38032 2203884
8200 114608 38237 2110686
8300 112467 47835 2256304
8300 111517 40684 2192337
8300 115155 45763 3072581
8300 110368 41205 2911576
8300 114437 37859 2191741
8300 115933 37464 2297648
8300 118508 37387 2228014
8300 117388 43816 7291839
8300 117952 38236 2178305
8300 116928 39283 2625752
8300 114871 41616 2457258
8300 114350 41445 2344090
8300 114122 42553 2339192
8300 118522 38863 2204755
8300 111491 43308 2255538
8300 122594 38969 3357030
8300 117589 41458 2211868
8300 116504 44439 2284756
8300 118232 40511 2284133
8300 112660 39669 2131099
8300 120712 41380 2322200
8300 112526 41620 2291464
8300 111569 39535 2277736
8300 114190 39767 2284500
8300 119379 37977 2277747
8300 118293 37413 3253661
8300 118686 37126 2318923
8300 111349 42159 2324118
8300 117996 44234 2367416
8300 121924 38042 3150792
8300 121225 36331 2258468
8300 115206 40660 2307280
8300 113797 42098 2259393
8300 119890 38563 3116944
8300 114080 41195 2357160
8300 116833 36549 2211543
8300 116699 40667 2398771
8300 111771 40233 2129751
8300 120024 46725 3590538
8300 114263 41212 2205184
8300 115413 39307 2507979
8300 111061 42421 2226995
8300 119090 51777 2415105
8300 114230 37035 2149490
8300 116061 42097 2274722
8300 118259 47578 2396318
8300 119051 41359 2276926
8300 115889 35198 2108502
8300 115551 42252 2366597
8300 116132 40524 2551246
8400 118248 42797 2565790
8400 117980 41145 2238203
8400 116274 40761 2416819
8400 116523 38916 2340948
8400 125480 44545 2349676
8400 119213 42653 2523056
8400 119001 38752 2266623
8400 114136 41527 2166152
8400 119031 41776 2259196
8400 121505 42459 2337898
8400 120656 44070 2244949
8400 122128 36870 2157716
8400 118529 43888 2258762
8400 124549 42819 2304724
8400 119126 43521 2289428
8400 112365 38735 2176960
8400 122068 42585 2328271
8400 127972 43040 2352987
8400 119712 39662 2259238
8400 116178 47422 2324377
8400 118133 42603 2364896
8400 110565 40335 2170253
8400 120856 39937 2391712
8400 121636 44695 2235606
8400 118366 45181 2292153
8400 122093 39152 2219368
8400 115601 41048 2256317
8400 122898 42093 2234730
8400 119516 41447 2271132
8400 113901 40148 2160940
8400 114896 40106 2206815
8400 117143 45072 2479706
8400 129116 39596 2336842
8400 114652 38670 2188270
8400 118934 43897 2288170
8400 114197 38616 2191009
8400 117070 40834 2294665
8400 116276 45055 2259036
8400 113561 42495 2230250
8400 113297 43074 2210342
8400 113330 40791 2165040
8400 121419 42092 2380119
8400 112971 44772 2317688
8400 111766 39281 2271648
8400 122001 39860 2208089
8400 112702 44406 2220779
8400 114696 39040 2162140
8400 116318 37942 2197739
8400 114275 41447 2295314
8400 119179 36212 2185115
8500 116150 46812 2364587
8500 123317 45073 2398182
8500 115738 40316 2331725
8500 116503 40797 2229721
8500 114778 40957 2258392
8500 121100 42209 2253097
8500 125509 38945 2209415
8500 117939 38386 2238116
8500 118334 40046 2135294
8500 117921 43183 2316366
8500 121235 39116 2187777
8500 116303 45049 2271789
8500 122757 41079 2232009
8500 114389 38606 2110503
8500 119221 37375 2197003
8500 116108 42202 2181144
8500 118090 42451 2415541
8500 112320 40781 2164445
8500 119222 45841 2403630
8500 118165 37916 2158340
8500 116853 38167 2180973
8500 119974 39109 2243216
8500 119826 37585 2209734
8500 126014 38285 2234697
8500 119924 39112 2250384
8500 115206 42251 2265382
8500 119341 42204 2278264
8500 117321 41128 2428564
8500 119904 40490 2305544
8500 116447 43135 2370536
8500 114743 39528 2252827
8500 128212 47407 2404647
8500 120483 44630 2308448
8500 117182 39110 2179703
8500 121406 40242 2233408
8500 121170 41252 2306399
8500 115279 44340 2300674
8500 118370 40854 2173417
8500 114925 39423 2313746
8500 121927 44431 2338026
8500 117954 40354 2271335
8500 125787 41938 2269439
8500 117900 45009 2301806
8500 116554 43458 2267498
8500 118087 39809 2284299
8500 115379 42636 2334576
8500 120214 49583 2358081
8500 122983 46593 2243665
8500 122505 44597 2300481
8500 119573 42035 2310506
8600 120155 41144 2380355
8600 118786 41692 2356404
8600 120812 39139 2236113
8600 118578 46051 2471426
8600 120082 43439 2367626
8600 118790 40338 2212547
8600 120475 47678 2351258
8600 129969 41860 2335941
8600 120238 38936 2235009
8600 127391 38924 2276412
8600 124483 37978 2306818
8600 127007 45510 2526899
8600 123770 41756 2375126
8600 120832 42884 2290130
8600 121284 41903 2312722
8600 126080 39289 2321463
8600 113408 41691 2249082
8600 116798 45553 2381286
8600 119348 40475 2445522
8600 117915 40043 2314616
8600 126690 46825 2455650
8600 118282 43088 2290053
8600 120883 47752 2464125
8600 118001 40994 2331462
8600 117472 43962 2214231
8600 115163 46967 2265439
8600 119701 39952 2358832
8600 115098 41761 2355956
8600 116709 42720 2347270
8600 112963 40858 2326608
8600 124838 41535 2358995
8600 120043 40762 2253934
8600 117213 44383 2419519
8600 122518 40851 2437108
8600 126768 41600 2411504
8600 120819 43167 2387946
8600 117949 39765 2374309
8600 130986 42283 2488214
8600 115065 43065 2277314
8600 118906 41606 2319351
8600 119889 45707 2344916
8600 125622 42706 2889549
8600 118863 40484 2321287
8600 127908 46528 2406633
8600 119127 40683 2363677
8600 116845 42650 2274531
8600 115870 43689 2349640
8600 130860 39577 2599846
8600 117096 40697 2331754
8600 115176 40961 2250913
8700 121925 42512 2313228
8700 118357 46328 2418244
8700 118692 40784 2337317
8700 121440 48227 2415521
8700 119553 47913 2568745
8700 134126 43890 2453983
8700 127580 39923 2412814
8700 125708 40518 2503678
8700 123358 51189 2564749
8700 121675 46110 2526990
8700 131571 48122 2452976
8700 120330 49908 2507954
8700 116584 44947 2372486
8700 118367 41661 2253860
8700 118859 47167 2426705
8700 121591 39807 2425361
8700 120908 40006 2381451
8700 115508 41664 2371903
8700 119552 39737 2426741
8700 120773 44589 2362879
8700 120861 44236 2302246
8700 121395 41231 2262753
8700 122036 47222 2318084
8700 126630 41695 2308406
8700 128377 43615 2102357
8700 120501 45993 2324351
8700 123056 41755 2392252
8700 121085 46097 2374182
8700 122253 41537 2499017
8700 122664 40257 2531546
8700 116768 42504 2457295
8700 121642 43308 2357343
8700 124835 48899 3553500
8700 121082 41767 2429537
8700 120022 41420 2293171
8700 120996 40414 2396339
8700 120288 47315 2332793
8700 118951 42686 2380943
8700 119801 42153 2342378
8700 118953 39412 2266929
8700 126113 43009 2352346
8700 119698 44647 2539839
8700 123408 44641 2441586
8700 124244 41406 2390525
8700 116871 43626 2415243
8700 120012 45714 2480012
8700 119503 40948 2368836
8700 124575 43446 2289625
8700 124164 44460 2420703
8700 121808 45800 2403410
8800 122112 42957 2532755
8800 123003 43391 2307086
8800 120147 48876 2494551
8800 128137 50391 2373168
8800 123695 44391 2349525
8800 120258 46780 2511518
8800 119272 45343 2465106
8800 122982 43646 2371564
8800 137425 46389 2466765
8800 125049 39678 2368248
8800 125476 45400 2514507
8800 123282 45129 2370203
8800 121754 46880 2823162
8800 121891 42995 2353974
8800 121807 48694 2501511
8800 117843 45928 2693089
8800 126173 39340 2342350
8800 123349 41774 2378436
8800 123507 39903 2293889
8800 124980 41445 2442910
8800 129776 43310 2498043
8800 122095 44867 2533004
8800 121440 49494 2802009
8800 119451 42608 2358364
8800 125699 44616 2461521
8800 122372 43481 2337989
8800 118941 44195 2496632
8800 116902 42197 2409863
8800 124361 40977 2336971
8800 136867 47651 2541411
8800 124888 44125 2393136
8800 123192 49215 2398745
8800 123247 46352 2288097
8800 130674 42060 2304986
8800 117855 45656 2375368
8800 122415 46401 2422135
8800 128823 40634 2415544
8800 120879 44439 2488952
8800 121921 44267 2340724
8800 119215 46685 2423414
8800 120173 43677 2296779
8800 126662 41689 2374438
8800 123104 45756 2397435
8800 120727 44661 2469020
8800 123979 47955 2597737
8800 121068 40570 2369743
8800 116887 46995 2539542
8800 124038 42466 2360005
8800 125704 40950 2404320
8800 119959 40431 2309047
8900 125820 46372 2451104
8900 122132 46517 2428682
8900 124090 40306 2376689
8900 121888 41886 2360390
8900 121896 44520 2390779
8900 124394 47018 2407182
8900 131721 54506 2572579
8900 134593 50642 2641474
8900 120063 48579 2552285
8900 121633 42500 2503692
8900 130212 43384 2546703
8900 131125 46788 2579383
8900 124477 46213 2522419
8900 131148 42532 2397925
8900 119421 44505 2450315
8900 127932 44638 2463217
8900 123295 43605 2446544
8900 123584 48475 2498460
8900 124481 49210 2596500
8900 121014 49102 3078173
8900 119492 43843 2534352
8900 125370 43771 2486211
8900 127121 42169 2480849
8900 122171 45597 2520882
8900 125302 47706 2449426
8900 123464 41563 2353471
8900 126494 38649 2328677
8900 135485 41337 2452510
8900 124587 44522 2376982
8900 122043 46845 2385011
8900 120366 43210 2423691
8900 120057 43710 2403601
8900 123653 42822 2451404
8900 126368 42390 2445781
8900 119632 43964 2367987
8900 129900 48728 2492857
8900 129123 44634 2613034
8900 121048 45645 2410110
8900 127314 45887 2480772
8900 125329 43784 2445277
8900 120469 44899 2521582
8900 122895 42756 2472897
8900 122706 43370 2403258
8900 124460 43569 2511995
8900 127101 42966 2399521
8900 126734 43836 2457573
8900 124042 45999 2396248
8900 125009 42673 2510707
8900 122940 45030 2531184
8900 118397 47931 2408823
9000 123535 41621 2412988
9000 122199 44387 2411502
9000 121093 44473 2408192
9000 126648 43715 2490589
9000 126808 43220 2440519
9000 128022 50718 2641886
9000 119125 42998 2476153
9000 127157 43239 2481304
9000 135244 43809 2494129
9000 124868 44300 2456719
9000 122466 43708 2512050
9000 121966 42410 2409217
9000 136006 44455 2532143
9000 126518 46715 2421740
9000 123535 46279 2511091
9000 128217 41433 2460356
9000 124161 45941 2410214
9000 121819 42862 2385499
9000 128057 43990 2473974
9000 126211 48869 2459840
9000 122234 45883 2348860
9000 129365 46806 2450611
9000 125906 43207 2304022
9000 128400 42782 2323773
9000 127665 42091 2363915
9000 126769 41614 2329360
9000 123112 46155 2538499
9000 123179 45403 2719013
9000 125673 43974 2476015
9000 122195 44949 2402685
9000 124304 44403 2451680
9000 130855 46464 2490577
9000 124304 44122 2414319
9000 123747 51172 2586988
9000 122785 43427 2624413
9000 119285 42630 2501973
9000 126307 42668 2553303
9000 130803 50979 2623057
9000 128518 40915 2480098
9000 119911 46280 2486987
9000 121587 42132 2459896
9000 124080 45973 2743098
9000 129241 42136 2524353
9000 125208 44443 2369664
9000 127283 42753 2535907
9000 123874 44401 2485102
9000 124022 42552 2612295
9000 123130 44507 2429896
9000 122136 44865 2511593
9000 125089 44399 2615987
9100 125218 48462 2648960
9100 130661 47299 2612096
9100 126618 51888 2757501
9100 124570 46981 2587993
9100 127165 47288 2564464
9100 132230 45711 2583164
9100 126318 43310 2646354
9100 129937 47077 2541754
9100 127553 41222 2428886
9100 125820 42032 2393606
9100 131942 45129 2471119
9100 132064 54456 2725448
9100 123806 41652 2424934
9100 127200 46721 2482356
9100 132497 44649 2601137
9100 123532 42643 2689547
9100 127121 53588 2545957
9100 139943 48181 2605080
9100 121855 46763 2480982
9100 124261 46911 2565670
9100 124871 45977 2561149
9100 131643 47008 2521097
9100 135597 50028 2780518
9100 126239 42140 2424759
9100 141385 48390 2596736
9100 127561 46197 2510454
9100 125347 52212 2969037
9100 151159 43796 3249948
9100 125146 43842 2657210
9100 123276 45922 2527965
9100 125553 45896 2345530
9100 123058 47392 3144098
9100 135094 44008 2556670
9100 128559 45107 2524697
9100 126731 43239 2675806
9100 124601 46063 2610514
9100 132427 42980 2622367
9100 125962 48135 2595818
9100 124126 47007 2511966
9100 125051 46299 2497728
9100 126394 45419 2441443
9100 131285 43216 2587257
9100 125809 43809 2428930
9100 128196 42468 2576348
9100 130614 49869 2683288
9100 126228 45713 2613464
9100 128945 47661 2638322
9100 132323 44314 2559351
9100 130951 44003 2434730
9100 133288 53483 2794531
9200 138050 43636 2729042
9200 125092 47070 2613617
9200 125343 42822 2509858
9200 127047 42356 2406845
9200 128131 46371 2513029
9200 130550 43786 2478835
9200 129380 51587 2688126
9200 130855 42253 2495518
9200 127147 44620 2436205
9200 125966 41163 2572552
9200 127821 45270 2475085
9200 125895 50177 2536989
9200 127342 47480 5113397
9200 126689 48255 2477605
9200 130080 53589 2643466
9200 123771 46282 2613142
9200 124557 43583 4663114
9200 126183 45581 2454286
9200 126592 45421 2579139
9200 128275 47106 2620682
9200 127539 45972 2579212
9200 126948 43711 2493681
9200 126515 45345 2496679
9200 128798 45707 2484601
9200 131933 49356 2656190
9200 127947 45675 2549069
9200 138359 42334 2601817
9200 121611 42961 2405530
9200 129857 42230 2511505
9200 126078 44766 2490664
9200 133719 40752 2590640
9200 125827 48578 2608514
9200 125434 46725 2463905
9200 131952 44420 2529105
9200 126728 43661 2447039
9200 128941 42365 2569303
9200 127563 43769 2570327
9200 126929 50612 2564792
9200 128801 46428 2509472
9200 126836 43344 2652721
9200 130384 52110 2658833
9200 131746 53886 2916619
9200 128951 46209 2650124
9200 130325 47440 2546379
9200 127600 47400 2644059
9200 128779 50609 2680730
9200 128021 46188 2690488
9200 127217 42756 2580244
9200 131005 48458 2568598
9200 129854 43748 2497807
9300 134886 50078 2706570
9300 136780 41093 2579911
9300 129220 53393 2622931
9300 130852 44810 2493105
9300 124546 43727 2620228
9300 130914 49793 2652480
9300 126562 44082 2468013
9300 157245 43464 2706442
9300 131405 43959 2499783
9300 133878 45764 10345737
9300 126944 44777 2921389
9300 129077 43882 2613438
9300 134034 51100 2624218
9300 131299 42985 2603508
9300 126763 47629 2486498
9300 128779 46307 2539416
9300 129848 49358 2730952
9300 128542 45800 2645709
9300 134511 51518 2649215
9300 131990 43290 2491704
9300 124680 43794 2465755
9300 127175 44653 2546798
9300 127790 50671 2709037
9300 136421 42902 2407322
9300 131957 47781 2441281
9300 130273 47338 2549052
9300 128264 49141 2549527
9300 130035 46528 2631935
9300 126810 45871 2466779
9300 127439 48082 2491017
9300 138387 44252 2650482
9300 153042 45565 10720634
9300 138326 51115 2611668
9300 135149 43383 2547861
9300 126827 48798 2524319
9300 127836 46440 2580358
9300 138261 53957 2656790
9300 125364 45042 2461516
9300 127011 46824 2495459
9300 129994 45326 2845250
9300 131113 46427 2617006
9300 137160 57586 2620962
9300 131097 45799 2589873
9300 126801 43852 2448082
9300 142708 42951 2478526
9300 141240 45608 2646986
9300 125601 42024 2469132
9300 132714 43942 2483065
9300 136828 50347 2569984
9300 132141 49730 2693434
9400 133379 47285 2654779
9400 130696 44353 2760211
9400 134538 43230 2625706
9400 131753 56003 2777299
9400 126897 43325 2506532
9400 137076 46311 2645167
9400 135667 48691 2559984
9400 136616 46104 2667924
9400 130915 44029 2662865
9400 135929 46439 2658800
9400 134841 47848 2671105
9400 135427 45746 2567548
9400 130874 47983 2654740
9400 132405 45901 2628364
9400 132880 54097 2611647
9400 128178 44242 2519324
9400 131576 47558 2609599
9400 135595 46978 2642964
9400 131147 47612 2538171
9400 132156 49645 2587874
9400 134772 46909 2519937
9400 129621 47020 2678388
9400 129039 46467 2662772
9400 132041 49726 2631148
9400 134788 51154 2620304
9400 130957 46691 2645543
9400 141836 48965 2620383
9400 133140 53273 2614030
9400 137145 44324 2649122
9400 133007 48092 2590654
9400 126095 47777 2485687
9400 129010 49341 2546157
9400 129156 46683 2675020
9400 130462 43706 2506056
9400 131138 50511 2564193
9400 130375 51484 2716079
9400 134074 43154 2757006
9400 130174 45371 2471808
9400 132267 49009 2719949
9400 131961 46133 2543349
9400 130996 47082 2526519
9400 138319 47966 2733137
9400 131383 44431 2505601
9400 132752 47314 2678603
9400 131368 45114 2736378
9400 142740 47048 2743956
9400 131822 48524 2588600
9400 130692 44194 2512659
9400 132226 43999 2602979
9400 131113 49013 2681375
9500 145539 47635 2653050
9500 140149 59428 3017060
9500 135355 48455 2824721
9500 138637 53159 2530062
9500 131050 50803 2734282
9500 136265 50064 2648200
9500 133569 51432 2610781
9500 134690 47566 2474205
9500 138596 44433 2627718
9500 137476 49676 2630664
9500 142583 43829 2528274
9500 129911 47573 2599938
9500 132823 48399 2576559
9500 133077 45881 2583868
9500 132877 54542 2676594
9500 134058 48094 2611252
9500 137168 49935 2659186
9500 134336 51181 2596571
9500 133169 46983 2724043
9500 136193 54216 2678058
9500 128682 46455 2680200
9500 133868 45879 2616463
9500 136043 48163 2598777
9500 133217 52618 2701991
9500 138357 43510 2611438
9500 133360 47241 2581732
9500 134872 47407 2588750
9500 145217 45890 2797555
9500 132490 44975 2565218
9500 128693 47328 2602715
9500 131918 49297 2726929
9500 134483 43627 2653066
9500 136487 51756 2661145
9500 131916 50085 2623918
9500 130727 44903 2663111
9500 135251 44624 2584300
9500 132429 44851 2551652
9500 133318 46523 2729817
9500 136108 47110 2758608
9500 140939 51993 2724926
9500 131366 51003 2642692
9500 130656 51164 2618264
9500 131386 46340 2658559
9500 133367 51594 2603762
9500 138981 54596 2764601
9500 131751 47758 2613491
9500 131142 46411 2566583
9500 129789 47117 2628619
9500 136617 50750 2700884
9500 136561 43689 2612937
9600 133060 49406 2603424
9600 138589 52631 2680962
9600 141770 50343 2672249
9600 138886 52413 2711915
9600 135442 55281 2770785
9600 135474 49408 2672320
9600 133558 50945 2697363
9600 133109 44915 2658060
9600 135455 45743 2879132
9600 136933 45659 2648764
9600 131693 48180 2622758
9600 138310 43372 2526119
9600 130915 53458 2657962
9600 133766 45550 2681223
9600 134906 45706 2577073
9600 136664 52907 2725166
9600 143671 45359 2625020
9600 134279 47797 2693599
9600 133526 51911 2780569
9600 134741 50692 2676971
9600 134276 49431 2605811
9600 135791 51226 2632969
9600 136137 47544 2625178
9600 137678 50361 2769802
9600 134593 48521 2765452
9600 136376 52016 3380311
9600 131546 48990 3414689
9600 136300 51595 2626228
9600 133584 50087 2650300
9600 138400 49748 2773116
9600 139281 46804 2640739
9600 136584 48145 2642532
9600 132752 45596 2530446
9600 141772 57766 2861819
9600 136527 49407 2679099
9600 134314 51566 2625472
9600 139165 50595 3079530
9600 131212 46200 2562585
9600 136227 51927 2581078
9600 142400 52449 2693659
9600 138953 48389 2566303
9600 134878 52408 2578721
9600 133719 48252 2683780
9600 138466 47168 2631875
9600 136273 52550 2897970
9600 138114 42984 2475432
9600 133535 49188 2743258
9600 139667 42748 2682061
9600 131196 46748 2580495
9600 135295 42847 2507136
9700 135352 49854 2731478
9700 133813 43710 2655898
9700 134109 50716 2658826
9700 139478 54843 2790292
9700 133998 48292 2588522
9700 134242 46066 2620138
9700 145403 48608 2719707
9700 134708 54033 2755822
9700 137272 51581 2637368
9700 155849 47324 2855512
9700 134650 47980 2747612
9700 135065 50752 2704131
9700 149699 44239 2548846
9700 137667 50805 9810592
9700 132857 49501 2656977
9700 133813 47587 2654154
9700 140813 49610 2812611
9700 134828 48065 2729599
9700 135461 51332 2677544
9700 134030 46618 2840900
9700 132073 46312 2644991
9700 137286 44452 3284961
9700 134693 48669 2694855
9700 131958 45392 2639075
9700 137500 49752 3069877
9700 134788 48747 2678006
9700 133824 44833 2684815
9700 145129 53698 2858975
9700 135328 47331 2715937
9700 137591 52764 2745316
9700 144787 47519 2723409
9700 138366 52670 2802134
9700 138304 57346 2811587
9700 136871 50989 2550718
9700 138707 45851 2585754
9700 132722 46321 2587063
9700 131586 51616 2728276
9700 134851 54267 5646537
9700 139407 51927 2739319
9700 141336 50692 2729541
9700 137118 43992 2561809
9700 137768 50033 2748092
9700 141412 50820 2808778
9700 139176 49871 2913387
9700 131006 52648 2804254
9700 139145 45284 2832384
9700 135545 48638 2644619
9700 138568 47973 4618332
9700 135387 52226 2626816
9700 132834 47452 2531064
9800 141296 48978 2631121
9800 142168 48852 2668086
9800 146690 51964 2708790
9800 143728 50296 2741279
9800 136538 51886 2780054
9800 135826 47882 2629554
9800 142096 47596 2763180
9800 130663 49637 2742648
9800 137459 49768 2644939
9800 139900 51212 2871652
9800 146908 44085 2685638
9800 137971 45440 2565450
9800 143941 53288 2912275
9800 138980 49147 2823465
9800 158783 48918 3216303
9800 153911 44239 2677985
9800 141395 50393 2689491
9800 136578 47082 3215220
9800 134668 44694 2589594
9800 144002 55096 3277194
9800 144694 53809 3200182
9800 135096 50512 2685946
9800 142786 57444 2907346
9800 143259 48923 2872924
9800 133595 46421 2861996
9800 146914 45957 2785387
9800 138912 50644 2754515
9800 144066 45986 3061496
9800 142570 48945 2687070
9800 149164 52965 2836158
9800 135093 49492 2640834
9800 140392 48581 2701796
9800 138093 49197 3365003
9800 147449 55606 3846466
9800 157076 47472 3400019
9800 136067 48608 2685306
9800 139279 52354 2716448
9800 144002 47661 2733096
9800 144358 48224 2718223
9800 144283 54808 3294751
9800 146681 47354 2840541
9800 140125 49409 2676825
9800 136037 48779 2792722
9800 136034 47266 2805103
9800 141120 51149 2707891
9800 138378 52311 2906794
9800 137474 50357 2985425
9800 140444 48255 2789316
9800 143324 54436 2772310
9800 137186 52451 2661475
9900 137554 51547 2848242
9900 138280 50177 2666533
9900 148178 53449 2777936
9900 140490 50639 2820843
9900 139225 50750 2728989
9900 137289 45321 2698697
9900 141011 52856 2811644
9900 149767 46496 2823340
9900 135615 55330 2983108
9900 138276 48371 2629514
9900 148138 57439 2736144
9900 140729 49673 2849413
9900 138683 49400 2795783
9900 139711 57073 2950593
9900 137531 46772 2858138
9900 139905 58728 2912821
9900 140003 47481 2656574
9900 140457 50111 2662427
9900 138309 49348 2934865
9900 142650 49726 2686092
9900 136141 46239 2577122
9900 140940 45905 2624209
9900 145374 50612 2718347
9900 138716 47923 2704059
9900 137921 54137 2760406
9900 139860 57884 2757293
9900 140171 49089 2634008
9900 137146 53169 2655827
9900 142383 45347 2690057
9900 137172 49976 2867030
9900 145258 45810 2815781
9900 137200 51525 2743786
9900 138874 54600 2757310
9900 139675 50775 2872879
9900 134630 53501 2798857
9900 142976 49265 2934259
9900 145104 48797 2668369
9900 137395 49142 2745396
9900 134621 50171 2801237
9900 136601 49706 2772912
9900 144793 45289 2860401
9900 148579 48372 2714456
9900 140656 51543 2903104
9900 144089 53057 2981480
9900 145990 52241 2810369
9900 135777 50178 2670097
9900 143626 47823 2877895
9900 139846 51773 2824255
9900 137651 49129 2700773
9900 138508 47913 2610333
10000 137284 52064 3045738
10000 136107 54859 2915163
10000 141433 47866 2811417
10000 147424 52711 2827107
10000 148204 56742 3114183
10000 153975 52102 2828040
10000 141922 56779 2947254
10000 141948 47275 2783369
10000 152170 50019 2863516
10000 141866 57152 2805669
10000 151008 49838 2922203
10000 138860 48675 2590382
10000 136735 49463 2819056
10000 150082 58550 2948980
10000 142913 50605 2953771
10000 139811 49309 2900833
10000 143280 48565 2830672
10000 140448 54028 2771041
10000 155021 50044 2838093
10000 152634 60955 3050469
10000 146725 46621 2833763
10000 140867 49814 2763418
10000 141031 46780 2648956
10000 140426 49685 3117549
10000 146149 47767 2848157
10000 140939 59452 2913539
10000 142598 48233 3254229
10000 140799 52475 2881388
10000 158692 56639 2932687
10000 140907 52369 2845850
10000 140463 47465 2799063
10000 144573 47491 2695842
10000 137056 47610 2771130
10000 139339 52136 2860236
10000 136548 52691 2757523
10000 139685 50668 2620271
10000 143800 47144 2639565
10000 144248 52050 2867429
10000 142590 48943 2614797
10000 142491 49063 2790909
10000 149664 46002 2787232
10000 151784 46505 2955271
10000 139087 51357 2691192
10000 144224 49404 2875465
10000 140644 46134 2747668
10000 144889 55400 2831958
10000 156567 54663 2867352
10000 147785 44747 2840152
10000 142876 50533 2940263
10000 139693 50443 2853644
