100 1377 822 26744
100 1499 841 33350
100 1510 887 33153
100 1620 911 38711
100 1510 835 33788
100 1599 980 40813
100 1759 906 40775
100 1311 762 35121
100 1425 793 36389
100 1747 1021 42618
100 1773 939 41742
100 1598 885 36006
100 1645 960 39881
100 1643 950 34213
100 1433 808 32563
100 1540 927 37769
100 1497 833 36156
100 1481 837 36114
100 1742 1025 40815
100 1504 828 36576
100 1466 872 35617
100 1593 921 35880
100 1394 859 34860
100 1673 969 41913
100 1547 862 34160
100 1736 1053 36219
100 1541 936 34656
100 1516 895 31122
100 1997 1113 37395
100 1734 900 33310
100 1620 949 33804
100 1488 887 38064
100 1297 791 32603
100 1596 893 35542
100 1414 798 32900
100 1465 901 305119
100 1598 972 37172
100 1466 844 34382
100 1573 860 29974
100 1458 855 32738
100 1409 859 29149
100 1868 1183 38107
100 1896 992 38145
100 1468 835 33071
100 1557 961 34173
100 1423 833 33008
100 1715 902 36427
100 1716 958 36895
100 1561 907 35080
100 1767 1010 39278
200 3940 2154 81931
200 4085 2287 78425
200 3500 2102 69466
200 4045 2341 83074
200 4306 2403 87929
200 3510 1902 77304
200 3699 1980 77783
200 3976 2228 78101
200 3980 2139 83267
200 4152 2501 84156
200 3618 2024 74484
200 3870 2033 83454
200 3635 2176 82001
200 3904 2057 81671
200 4205 2112 88423
200 4446 2730 92352
200 4162 2513 87464
200 3484 2042 78376
200 3545 2016 77633
200 3941 2265 75967
200 3551 2065 72091
200 3781 2095 75614
200 3712 2264 83633
200 3627 2036 76340
200 3591 2072 72528
200 3818 2178 74007
200 3773 2276 85026
200 3506 2134 74930
200 4058 2138 74324
200 4020 2143 76259
200 3594 2037 244244
200 3594 2010 79282
200 3755 2262 84180
200 3684 2116 83062
200 3754 2212 84079
200 3719 2086 82637
200 3525 2032 81748
200 3356 1995 77884
200 3629 2031 84036
200 3805 2099 83798
200 3929 2271 88250
200 3648 2200 83746
200 3586 2059 81886
200 3666 2018 82257
200 4483 2637 97141
200 3584 2038 83692
200 3927 2312 84851
200 4039 2364 87214
200 3794 2099 78395
200 3556 2084 80110
300 7714 3898 150628
300 5911 3257 125506
300 6508 3840 137833
300 6324 3617 127356
300 6016 3334 1544104
300 6375 3416 136094
300 6757 3672 154322
300 5749 3335 146002
300 6199 3719 138432
300 5801 3194 119973
300 7618 4305 151144
300 6239 3618 130736
300 7097 3948 142584
300 7382 4541 176416
300 6594 3908 140903
300 6878 3822 183318
300 6097 3294 175983
300 6526 3375 182942
300 5905 3185 170980
300 6296 3594 170372
300 6413 3597 169637
300 6561 3573 170649
300 5758 3342 155164
300 6476 3512 167781
300 5914 3311 160355
300 6172 3441 164325
300 6625 3710 176129
300 6517 3673 345204
300 6192 3407 138887
300 6119 3412 137533
300 5742 3131 119128
300 5880 3291 152198
300 6371 3688 148237
300 6610 3648 147761
300 6470 3891 147271
300 6313 3333 140231
300 6444 3964 150366
300 6563 3546 145738
300 6686 4062 151896
300 6278 3334 138316
300 6824 3478 283043
300 7125 3708 152511
300 5815 3176 130891
300 6364 3452 142794
300 6169 3190 137894
300 6116 3319 138550
300 6571 4074 152723
300 6229 3410 138984
300 6401 3864 148481
300 6235 3629 142286
400 8445 4477 191833
400 9233 4973 203869
400 10120 5711 222314
400 8587 4786 194452
400 9938 5390 214608
400 10128 5808 224032
400 8916 4795 196898
400 8705 4606 341851
400 7811 4454 178522
400 8205 4669 193777
400 10204 5707 226796
400 9571 4967 202588
400 7969 4498 186650
400 8732 4833 194416
400 8093 4697 184370
400 8497 4712 200309
400 8183 4467 183553
400 9521 5346 204505
400 9471 4951 201314
400 8645 4797 355697
400 8547 4377 190208
400 8664 4986 196262
400 9858 5982 221653
400 8003 4615 185128
400 9332 5106 205630
400 9147 5191 207897
400 8410 4884 195126
400 9659 5304 213249
400 8926 4934 199107
400 8262 4687 188540
400 8498 4715 191244
400 8998 4826 206514
400 9329 5235 200435
400 9387 5694 207398
400 9968 5401 194977
400 8489 4458 170618
400 9661 5725 196067
400 8306 4811 174329
400 8866 4745 191447
400 9255 4937 209793
400 8694 4909 198894
400 8279 4856 188721
400 9017 4764 200375
400 10122 5581 214891
400 9713 5455 207738
400 10351 6060 224230
400 8586 4791 203092
400 7789 4292 177827
400 9364 4852 202757
400 10236 5827 223691
500 11671 6266 257388
500 11508 6237 259136
500 11480 6659 253177
500 11220 6324 253987
500 11086 6197 248665
500 11811 6361 259972
500 12086 6739 458583
500 12133 6563 339290
500 11575 6135 256506
500 13927 8025 299629
500 11464 6576 259800
500 11006 6009 245906
500 11590 6588 260797
500 14241 8115 310403
500 11603 6068 254952
500 11960 6864 276217
500 12671 7131 279580
500 13649 7334 290639
500 12264 6635 269539
500 13161 7297 287267
500 12404 7094 274981
500 12061 6576 265923
500 11536 6261 251893
500 10945 6243 248370
500 12287 6871 270237
500 11925 6568 264562
500 11374 6764 256218
500 12393 7136 276633
500 13818 8508 305551
500 11287 6096 253251
500 11123 6249 248873
500 10992 6148 247479
500 10899 6099 246632
500 12525 6876 272785
500 11200 6161 250955
500 11799 6335 265892
500 12118 6812 267516
500 11617 6230 258313
500 11456 6281 256053
500 12524 7159 276380
500 11846 6236 257299
500 11329 6405 253497
500 12910 7253 283111
500 12538 6445 266302
500 11148 6327 535285
500 11178 6205 251185
500 13397 8016 296004
500 13450 7426 291889
500 12167 7093 271289
500 11405 6501 257773
600 14217 7483 314648
600 14649 8012 325147
600 14860 8052 323648
600 14551 7504 319571
600 14296 8528 327755
600 15651 8988 348041
600 13444 7522 304398
600 14578 7950 322711
600 15001 8254 327872
600 14709 7920 327158
600 16607 8612 378661
600 13870 7844 314428
600 13792 7397 307304
600 14391 8501 325812
600 14241 7753 320416
600 14762 8167 329683
600 15773 8442 342251
600 13780 7666 309789
600 14498 7853 319417
600 15310 8455 338789
600 15469 8562 622534
600 16066 8912 351233
600 17554 10547 383415
600 15253 8191 317598
600 14946 8284 312890
600 14394 8281 320557
600 13839 7638 282184
600 13960 8045 278478
600 15065 8242 309851
600 15800 8814 580387
600 15352 8410 287044
600 14850 8337 283025
600 13520 7259 276446
600 13775 7776 280082
600 14669 8048 285840
600 15309 8128 295721
600 15199 8319 302844
600 15419 8362 335020
600 16836 9875 338662
600 13918 7637 278476
600 14804 8345 315347
600 15295 8002 302634
600 14558 7935 322029
600 15453 8344 297623
600 14037 7594 277196
600 15627 8514 317576
600 14303 8359 306310
600 13226 7437 274698
600 15494 8669 319605
600 13623 7648 306146
700 19204 9753 398836
700 17611 9920 339230
700 18463 10398 342590
700 17091 9496 365573
700 17957 10120 381790
700 20109 10717 360949
700 17845 9319 370249
700 18587 10039 403129
700 18077 9621 372139
700 16279 8917 340857
700 19011 10715 449942
700 19622 10851 360232
700 17339 9767 355884
700 17745 10154 388795
700 17161 8916 365028
700 17755 9614 348310
700 16538 8871 356198
700 16215 9106 344973
700 17150 9915 327296
700 17535 9292 340653
700 17496 9981 384033
700 18317 10600 346674
700 16617 9507 348038
700 17140 9603 371258
700 22143 12505 418986
700 16128 9029 333648
700 17941 9647 344479
700 18097 10144 351017
700 16728 9296 357715
700 17708 10012 377352
700 18861 9519 375508
700 17176 9243 376622
700 17984 9500 388041
700 19374 10642 400363
700 17752 9813 361395
700 19643 9840 367454
700 22891 11976 422066
700 18651 10078 355352
700 18377 10503 359673
700 18068 9500 351622
700 17082 9253 338954
700 17358 9792 348855
700 18736 10472 360934
700 17296 9434 329234
700 17110 9671 359842
700 16341 9149 349008
700 17998 9639 389150
700 17814 9977 382536
700 16991 9532 356067
700 16401 9075 353125
800 19109 10711 405148
800 21029 11112 437174
800 19297 11078 396177
800 23281 14338 458063
800 21392 12368 432670
800 21040 11066 441157
800 21692 12178 513594
800 22469 12726 457468
800 20358 11343 392504
800 18900 10385 380704
800 20832 10886 407023
800 21073 11231 441990
800 18978 10502 362505
800 19061 10632 442064
800 20908 12139 418965
800 19627 10872 387877
800 21118 11426 439621
800 20260 11614 430746
800 21709 12231 428692
800 20251 11343 414228
800 21529 11989 434233
800 22684 12021 461180
800 20823 11698 442221
800 19673 11072 426460
800 20539 10781 431916
800 20726 11543 431318
800 23783 12936 534737
800 21835 12118 455470
800 20477 11367 416807
800 21254 11640 445745
800 20559 11166 434133
800 19545 10724 398756
800 22147 12124 450257
800 21136 12334 454105
800 20530 11972 465032
800 19648 10992 410525
800 21592 11271 453797
800 21079 11724 458987
800 19941 11100 413339
800 19713 10972 495483
800 20531 10891 431811
800 24493 13510 478774
800 20690 11815 424208
800 19988 10756 407374
800 21304 11925 772535
800 19559 11258 432126
800 19562 11182 464643
800 22219 12796 463152
800 20449 11012 439027
800 21782 12042 453054
900 23538 12433 465745
900 24400 13425 513122
900 22792 12181 471041
900 23673 12832 494195
900 22382 12667 487550
900 22559 12316 453420
900 22417 12863 457871
900 23095 13058 476224
900 22892 12643 467079
900 21772 12241 457351
900 24286 13708 491685
900 25040 14606 510829
900 23777 13188 485950
900 23628 12840 484548
900 24218 14012 500721
900 22670 12755 469265
900 23655 13435 486104
900 24926 14406 491763
900 23644 12657 487400
900 23711 13035 482060
900 25729 14175 500192
900 23055 13005 480487
900 28916 15686 556383
900 22591 12525 473515
900 26581 14809 553405
900 25093 13706 532264
900 25062 13315 540745
900 22589 12704 497294
900 25439 14016 514846
900 22577 12126 475162
900 25826 14823 507989
900 27467 16293 550284
900 22929 13032 499044
900 23648 12815 469813
900 23880 13404 518636
900 24711 13625 534671
900 24263 12892 471611
900 23804 13415 516346
900 23445 13476 507260
900 24183 14206 530874
900 22273 12402 456724
900 25210 14061 493446
900 25082 14563 511040
900 23160 12954 474165
900 23778 14152 483105
900 21960 12464 455452
900 23386 13050 489516
900 25203 13994 507255
900 26271 14054 549602
900 22017 12126 455039
1000 24945 13812 530052
1000 28729 15430 581342
1000 25407 14505 539433
1000 28106 15185 633957
1000 28484 16267 591497
1000 25823 14450 548030
1000 27670 15485 608664
1000 26311 14479 535275
1000 26286 14335 558305
1000 26643 15220 564350
1000 25926 14507 572615
1000 28640 14892 564611
1000 28632 15678 606146
1000 25992 13789 517558
1000 28113 16172 635981
1000 26536 14697 530597
1000 25935 14659 534075
1000 27619 16057 549761
1000 27279 14441 548717
1000 26712 14626 536252
1000 28883 15900 588548
1000 27977 14450 592734
1000 26322 13753 545715
1000 29630 16098 613012
1000 27888 16078 585454
1000 27973 14974 588606
1000 27012 14390 568583
1000 29760 16016 628219
1000 28853 16407 618597
1000 26824 14322 556311
1000 27458 15717 558652
1000 28103 15416 560154
1000 27079 15069 580595
1000 27566 14369 527583
1000 26980 16043 561971
1000 27626 15753 555294
1000 26888 15695 551540
1000 27652 15976 558629
1000 27066 15106 547598
1000 25268 14477 521910
1000 26270 14284 523975
1000 26707 14841 547021
1000 28407 15670 557219
1000 27665 15428 567395
1000 27368 15358 569654
1000 29566 16164 616201
1000 27217 15786 565374
1000 28538 16652 564880
1000 27553 15641 564449
1000 26894 15193 546859
1100 29873 17441 624566
1100 28643 15487 588668
1100 29568 15603 599542
1100 29310 16424 620060
1100 28937 16351 667414
1100 30890 16935 634766
1100 31593 16164 638595
1100 31912 17861 616087
1100 29983 16193 616509
1100 29392 16265 609401
1100 31959 18202 629124
1100 30520 17773 621367
1100 31382 17693 645822
1100 30601 18295 627552
1100 29354 16390 581112
1100 32929 17714 638995
1100 30808 16991 618804
1100 30670 17276 627290
1100 28712 15986 584393
1100 35117 19959 699938
1100 30504 16963 1106546
1100 31696 17403 713139
1100 28901 15881 630399
1100 28687 16328 631406
1100 31784 18108 648876
1100 31164 16798 612688
1100 29164 15840 595935
1100 29274 16606 620797
1100 30218 16167 624268
1100 29616 15627 610720
1100 32693 17487 657092
1100 29143 16488 626522
1100 33247 17773 797808
1100 32045 17276 667901
1100 31036 17575 731696
1100 30438 16041 665099
1100 33953 18076 711730
1100 35379 18477 669271
1100 29331 15829 600346
1100 31141 17502 618266
1100 34657 19420 696336
1100 30761 17207 642080
1100 30800 17383 633881
1100 35706 21161 724929
1100 30005 16831 632144
1100 30396 17547 645623
1100 28707 15204 577591
1100 31559 17327 637201
1100 30976 16250 628732
1100 32250 18091 632615
1200 32782 18500 672649
1200 33056 17667 683661
1200 31376 17550 639036
1200 37096 21002 735136
1200 33305 18996 673189
1200 34503 18904 686900
1200 31825 17808 658319
1200 33743 19904 695721
1200 32527 18257 657038
1200 36367 20015 740746
1200 37331 19450 720426
1200 33076 18429 661168
1200 30996 17075 623950
1200 32058 16940 640676
1200 37985 19160 728512
1200 34477 19791 690275
1200 34103 18841 917465
1200 32638 17626 924563
1200 33347 18847 938220
1200 32653 18007 916373
1200 39692 21548 1090844
1200 37067 19765 1027561
1200 30874 17469 896154
1200 32718 18372 924104
1200 35098 19878 980974
1200 33245 17989 904290
1200 33277 19057 950049
1200 34572 19676 1000530
1200 33260 17219 909756
1200 34445 18982 963375
1200 33846 18588 938651
1200 31441 16643 866166
1200 34721 18584 936962
1200 32174 16751 896761
1200 39177 19733 1039197
1200 33857 18799 940984
1200 35160 19472 994416
1200 35916 19463 695970
1200 32688 18993 666299
1200 31835 18233 637207
1200 35674 20592 774126
1200 33932 19527 672948
1200 40355 23656 1392017
1200 31289 17014 644475
1200 34790 18558 681853
1200 32203 17863 633631
1200 34268 19005 683834
1200 38489 20618 741532
1200 36051 20184 723806
1200 34859 19397 687875
1300 40426 22759 808193
1300 36812 20043 764847
1300 37674 20875 745550
1300 35193 19885 718129
1300 40245 22216 786306
1300 35668 19602 726615
1300 36028 19888 717671
1300 41998 22733 826399
1300 35827 19363 706504
1300 39401 20792 800836
1300 38261 20784 745839
1300 37347 21427 749968
1300 40168 22688 807679
1300 35532 19829 726846
1300 36175 19579 714973
1300 34675 19679 714818
1300 38039 22103 778559
1300 39185 21612 780438
1300 37624 21886 757036
1300 34943 19135 706889
1300 37176 20032 766522
1300 42923 22596 827600
1300 37713 21011 757285
1300 40187 21960 781402
1300 37804 20918 755293
1300 38671 20763 787306
1300 37436 19768 755590
1300 34867 18683 763113
1300 37221 20480 725416
1300 35445 19890 726143
1300 40299 22070 799376
1300 37689 21193 760726
1300 37831 21333 770554
1300 40044 22229 768871
1300 34915 19658 719941
1300 36243 20154 738103
1300 37089 20312 781930
1300 39187 22408 772245
1300 36336 19752 761330
1300 36369 20166 715764
1300 44075 23496 852135
1300 35465 19218 710555
1300 36087 20032 756913
1300 35203 20065 701006
1300 41462 23654 816305
1300 38616 21463 755172
1300 41592 23197 827719
1300 35121 19189 697426
1300 37249 20807 734607
1300 37149 20320 751253
1400 45637 25016 877754
1400 40526 22039 806209
1400 40463 23067 831951
1400 44679 25110 911953
1400 37687 20611 769934
1400 37804 20452 756999
1400 43410 23479 845129
1400 41057 22496 813021
1400 39771 21306 806242
1400 45148 24801 872520
1400 42554 21914 840521
1400 37902 21822 766639
1400 40758 22712 816440
1400 42333 21642 824421
1400 42721 24366 855812
1400 41789 22907 813980
1400 39576 22549 804687
1400 38758 21210 791636
1400 43220 22569 888474
1400 39732 22262 790745
1400 37746 20938 783368
1400 38149 21254 759952
1400 37591 21128 769111
1400 43209 22484 822812
1400 43497 24138 879263
1400 40318 22310 911874
1400 40395 23702 831151
1400 42845 22263 897703
1400 38711 21917 859062
1400 40680 21200 847410
1400 38398 22129 879958
1400 41382 23698 832555
1400 40489 22073 862155
1400 40705 22126 882769
1400 43035 24639 911917
1400 38801 21187 789707
1400 41292 22427 806732
1400 45515 25442 936617
1400 38055 20753 759032
1400 39375 20946 793746
1400 43147 23333 903710
1400 43485 23191 878413
1400 39135 21748 784683
1400 40558 22394 833372
1400 42736 24184 854004
1400 38268 20907 785549
1400 43363 23435 854707
1400 38558 21791 807200
1400 40753 21376 857073
1400 38769 21375 798229
1500 45358 24923 907872
1500 43925 24902 888570
1500 41654 23079 827987
1500 42008 23600 868953
1500 40893 23171 838955
1500 40217 22821 822537
1500 49717 26588 963347
1500 44870 25018 928455
1500 46006 24897 892205
1500 43225 23673 836545
1500 46680 26724 942593
1500 45014 24267 890395
1500 45546 24566 844763
1500 44387 24928 893777
1500 42300 24500 825572
1500 49814 27335 964453
1500 47483 25971 920981
1500 42705 23598 981553
1500 46570 26556 913581
1500 47836 25435 930476
1500 42857 22313 838493
1500 43862 24540 930134
1500 43377 23834 840621
1500 47212 26518 927971
1500 50881 27926 980323
1500 45988 26896 875892
1500 45807 24597 914321
1500 42469 23674 822786
1500 44207 24434 886891
1500 44175 24083 899412
1500 43996 23718 819223
1500 46078 24688 916445
1500 47270 24410 863369
1500 45880 25231 930960
1500 46606 25553 888685
1500 43568 25248 879871
1500 42844 23624 880120
1500 41997 23406 860933
1500 45520 24562 890568
1500 43663 24130 997371
1500 42081 23226 831217
1500 47195 24688 886097
1500 43547 23202 850439
1500 46840 27322 952842
1500 42021 23302 843350
1500 45369 25452 893780
1500 44655 25327 1003415
1500 42839 24866 861501
1500 53664 29179 1014267
1500 43671 24888 965286
1600 46346 26601 949189
1600 50549 28711 1017035
1600 47387 24819 954917
1600 46811 26021 933879
1600 51667 26206 1007618
1600 45000 25360 917887
1600 51250 27035 1003744
1600 45527 25823 913701
1600 51008 26348 970052
1600 50164 28501 1003160
1600 46169 25532 940877
1600 49950 27275 996506
1600 45479 24508 915106
1600 43388 24523 883237
1600 45347 24453 909025
1600 43850 24090 909684
1600 48529 25901 949401
1600 46590 26379 934077
1600 50377 27734 1003130
1600 47819 26064 944165
1600 49410 26860 1119600
1600 47808 26390 1053607
1600 47130 24845 956614
1600 48428 25536 960183
1600 48072 26236 945944
1600 50447 27020 1044173
1600 53815 30273 1170125
1600 56082 28719 1041540
1600 47166 26075 972111
1600 43548 24012 887494
1600 45404 24566 906627
1600 48440 26830 1066094
1600 47401 27184 932790
1600 44602 24065 915623
1600 47586 27011 1044295
1600 50395 28733 988124
1600 46482 25336 920522
1600 44021 25116 908105
1600 50948 26030 940940
1600 48424 27577 966800
1600 52450 29442 1027894
1600 47967 26260 903526
1600 47419 25334 940195
1600 49236 27535 985591
1600 51211 27291 968142
1600 50134 26792 958140
1600 50431 27356 989131
1600 43666 23575 891476
1600 47805 27505 999252
1600 51838 26531 1011176
1700 50649 27532 994320
1700 53447 28831 1024312
1700 51741 28118 1026135
1700 53980 30519 1081031
1700 50166 27058 1014364
1700 57405 31121 1136142
1700 50162 26614 947001
1700 51699 28918 1020988
1700 48665 28046 960838
1700 55584 32245 1097278
1700 48463 27017 959488
1700 48904 27978 975549
1700 49882 28992 1060630
1700 48999 26798 993501
1700 47773 26332 950630
1700 51395 28554 1056259
1700 53215 30074 1074181
1700 50958 27826 950703
1700 50475 27011 1053224
1700 51721 27012 1011296
1700 48094 27270 1150028
1700 49564 26843 1196167
1700 48834 26963 973595
1700 51309 29415 1022334
1700 51104 28219 1036497
1700 52383 28775 1048044
1700 52466 29297 1020376
1700 49797 27442 1035233
1700 52507 30065 1038234
1700 49156 28059 998337
1700 55538 29338 1089725
1700 51386 27549 1003757
1700 49581 27493 1002876
1700 47722 26860 1010676
1700 57712 31369 1102304
1700 54857 30453 1081684
1700 51924 28816 1058525
1700 51792 28307 1002460
1700 48727 27287 975379
1700 52256 29790 1096607
1700 49950 28168 980908
1700 48904 26383 996422
1700 49367 26887 1093897
1700 49159 27921 982502
1700 55622 31861 1127717
1700 49007 27821 1003109
1700 49926 28549 973655
1700 49970 27052 1031861
1700 50389 27286 1049236
1700 47579 26697 943036
1800 52878 28856 1101924
1800 52504 28926 1056506
1800 59153 30829 1118709
1800 59758 32601 1196907
1800 54745 29582 1057704
1800 51587 29303 1072650
1800 53633 30775 1121869
1800 56688 29137 1045253
1800 56336 31809 1138008
1800 56288 31670 1166243
1800 61234 33145 1126233
1800 60248 33692 1221114
1800 55465 32556 1130740
1800 51900 29281 1060804
1800 64895 36518 1270468
1800 53098 29402 1079026
1800 53595 28982 1059581
1800 57233 30471 1177044
1800 53909 31092 1072931
1800 55528 31515 1215747
1800 52411 29168 1076097
1800 52257 29474 1031425
1800 60596 34504 1235719
1800 57516 31755 1132439
1800 52358 29643 1086556
1800 57954 31708 1166561
1800 53481 29633 1049849
1800 55467 31407 1160450
1800 59488 32888 1138078
1800 56713 29918 1098517
1800 52217 28775 1093987
1800 54310 29142 1053651
1800 49401 28044 1047783
1800 57558 30516 1151454
1800 60623 32211 1133566
1800 51695 29141 1091294
1800 52456 29574 1057353
1800 57558 29840 1087513
1800 54655 29807 1131083
1800 53835 29370 1042784
1800 61802 33604 1198270
1800 55906 31928 1135974
1800 57597 31836 1115446
1800 58659 33069 1198116
1800 52395 28436 1049575
1800 51645 29549 1051436
1800 55661 29391 1127247
1800 57213 33761 1124938
1800 58200 31676 1186347
1800 59447 31893 1136994
1900 57887 32432 1158152
1900 61170 35652 1261424
1900 57556 30341 1114368
1900 55514 29043 1142256
1900 57400 32033 1166933
1900 59662 32204 1197924
1900 58435 31836 1184680
1900 55791 30908 1104814
1900 62711 33396 1262138
1900 64219 35233 1227259
1900 57532 32507 1204245
1900 55500 30218 1131442
1900 59125 32526 1199467
1900 60808 33604 1222133
1900 63675 36440 1279908
1900 59373 32579 1211663
1900 54832 30254 1107885
1900 56824 31207 1159978
1900 56402 29797 1111721
1900 67832 35014 1344766
1900 57467 31352 1148170
1900 58447 32428 1123608
1900 62354 32813 1262367
1900 56419 31467 1122597
1900 59489 32645 1136437
1900 67489 37386 1277870
1900 58188 31492 1097620
1900 62894 33997 1237751
1900 57381 32266 1143893
1900 57964 33960 1197471
1900 58736 31735 1131867
1900 54475 30164 1082947
1900 54106 30865 1120889
1900 58534 32974 1161598
1900 58077 32939 1217296
1900 59254 31403 1167201
1900 60122 33801 1248953
1900 62133 32247 1212736
1900 60086 33426 1240011
1900 58750 32003 1180422
1900 58349 31920 1211073
1900 59050 32538 1180793
1900 64103 34093 1184449
1900 55653 31045 1137690
1900 61360 33593 1220952
1900 59655 34434 1212789
1900 61033 33557 1220414
1900 59122 32069 1180745
1900 59088 33527 1237734
1900 56378 31412 1137375
2000 63854 33676 1230946
2000 60007 33515 1233891
2000 61372 33884 1233488
2000 65622 37300 1322932
2000 62502 35221 1243600
2000 64565 34998 1320729
2000 65544 35699 1244682
2000 58240 31318 1169579
2000 59611 33343 1236168
2000 58710 32071 1129454
2000 67350 35415 1337657
2000 59107 32430 1170634
2000 58684 32334 1214376
2000 61873 35609 1266216
2000 64149 33873 1244215
2000 65104 35588 1347724
2000 63174 35415 1267254
2000 61336 35095 1285617
2000 58111 32032 1175447
2000 58637 31596 1219532
2000 61679 32095 1171974
2000 61150 32843 1250996
2000 56464 30995 1149712
2000 58581 32156 1204153
2000 62909 34029 1269588
2000 60447 32285 1192743
2000 62974 33754 1244921
2000 61674 34200 1261029
2000 60589 34247 1211951
2000 59490 32669 1203774
2000 57966 33857 1175804
2000 76629 40492 1475529
2000 62123 35049 1332919
2000 58307 31777 1184094
2000 62072 32706 1246776
2000 68109 37326 1333746
2000 66323 38355 1369885
2000 60494 31508 1159971
2000 60944 33412 1165735
2000 61782 34284 1277933
2000 63585 34020 1271166
2000 65424 35194 1327969
2000 61388 32582 1217583
2000 59005 32875 1215668
2000 62911 34559 1263291
2000 60978 33720 1249722
2000 61767 33672 1234333
2000 65724 34467 1294167
2000 66783 39046 1281327
2000 61937 33369 1243222
2100 61949 33130 1227650
2100 65057 35610 1261815
2100 62722 33241 1280432
2100 63539 33978 1259979
2100 64809 35508 1233508
2100 68316 39872 1417335
2100 69873 38178 1357260
2100 61384 34863 1268452
2100 64493 35981 1330855
2100 64374 36420 1290078
2100 62069 33775 1255541
2100 63893 35839 1288879
2100 62401 34827 1293150
2100 62359 35052 1260580
2100 64829 36364 1295981
2100 65432 37541 1337176
2100 69038 39718 1379496
2100 70150 40405 1449904
2100 67508 38380 1347739
2100 73624 37870 1406733
2100 66038 35551 1330664
2100 69906 36624 1374811
2100 64876 36950 1335752
2100 68665 35643 1371554
2100 70880 38459 1446218
2100 65428 36446 1325072
2100 67235 37014 1319982
2100 64824 36102 1347333
2100 72939 38096 1378852
2100 66572 37618 1386242
2100 79901 44598 1524875
2100 67709 35832 1335105
2100 65349 36890 1316090
2100 65039 35600 1318207
2100 64233 34850 1304676
2100 67991 36485 1313487
2100 64015 34657 1313941
2100 67230 37178 1321378
2100 67787 36771 1379071
2100 64839 35989 1303876
2100 66127 36639 1331492
2100 69671 39647 1408976
2100 63551 35417 1267472
2100 63449 34427 1312135
2100 67911 37244 1321376
2100 62196 33835 1302783
2100 61851 35050 1277269
2100 62442 32784 1237052
2100 63044 33930 1305810
2100 69933 37272 1366977
2200 68337 35958 1346105
2200 66062 37537 1318180
2200 67627 35625 1292017
2200 68377 36893 1332506
2200 67355 37372 1299216
2200 65436 36053 1279477
2200 73447 37976 1392015
2200 64444 35562 1384354
2200 67804 35980 1351208
2200 70136 38225 1486225
2200 66282 36987 1438469
2200 67739 37601 1593569
2200 72938 38748 1505127
2200 67653 36318 1585434
2200 64775 36014 1313617
2200 67406 37735 1372057
2200 71023 37303 1396998
2200 71747 38877 1461947
2200 64782 36458 1330397
2200 65864 36760 1650143
2200 63421 34387 1275136
2200 70538 39834 1434184
2200 73655 39345 1506652
2200 82589 46075 1604759
2200 67792 36074 1348973
2200 65709 35914 1461971
2200 70232 39179 1406334
2200 63691 35080 1301342
2200 67523 37412 1391071
2200 67980 37070 1353445
2200 66493 37600 1345273
2200 74765 43807 1646776
2200 71357 40284 1444447
2200 68809 36848 1372932
2200 76787 42676 1521661
2200 76686 43704 1569960
2200 67703 36581 1401413
2200 71732 40097 1444313
2200 69774 38056 1429213
2200 66707 36399 1314312
2200 78813 45394 1534376
2200 69939 40077 1404133
2200 68512 38068 1391082
2200 74383 42134 1467733
2200 66980 37836 1332894
2200 63453 35460 1294739
2200 74500 40363 1458576
2200 64812 35885 1447284
2200 73357 40242 1496414
2200 73224 38096 1502130
2300 72230 40277 1408937
2300 72084 39138 1437905
2300 81982 43323 1599576
2300 73018 41219 1492440
2300 70432 39419 1425112
2300 67540 37843 1403412
2300 79025 42653 1532579
2300 71979 40143 1796346
2300 71196 40040 1598421
2300 70236 39880 1423869
2300 79601 46374 1579102
2300 74709 41190 1502915
2300 69440 39606 1409443
2300 70981 39429 1441197
2300 71873 38917 1420996
2300 68959 38999 1406006
2300 73494 39357 1428160
2300 73149 39271 1454633
2300 71015 39351 1403235
2300 70451 37993 1401164
2300 80114 43653 1552669
2300 74230 39185 1470812
2300 73009 41961 1469879
2300 69000 38998 1384779
2300 68904 37969 1402847
2300 68943 37753 1394471
2300 71953 40622 1417720
2300 76387 39653 1492150
2300 75835 42618 1557741
2300 83439 45526 1611388
2300 71019 37667 1408200
2300 75160 41432 1464657
2300 69223 37750 1717365
2300 73701 41859 1498518
2300 70105 37622 1477342
2300 79805 44573 1662604
2300 73262 39224 1509512
2300 75876 40920 1632917
2300 75497 41722 1557057
2300 70656 38074 1459825
2300 73858 39353 1467432
2300 74223 40552 1557733
2300 70307 37118 1506515
2300 74025 41560 1533233
2300 70867 39544 1480012
2300 74333 39059 1483541
2300 71534 39626 1436344
2300 80911 42700 1621171
2300 78921 42199 1626373
2300 66759 36541 1409189
2400 74087 39923 1453319
2400 71815 40150 1455536
2400 82349 44137 1585201
2400 73820 40886 1513030
2400 82360 45571 1604190
2400 83862 44536 1626449
2400 82764 45770 1620387
2400 74644 39518 1478560
2400 75810 41656 1482333
2400 78709 44738 1572846
2400 76269 41855 1509845
2400 73152 40986 1493309
2400 74757 40490 1485569
2400 75838 40494 1501575
2400 71559 39623 1441221
2400 78237 45955 1570164
2400 76670 42965 1502428
2400 70198 38713 1419172
2400 75129 41085 1480836
2400 74635 42169 1503962
2400 72555 40831 1469361
2400 75691 41381 1484031
2400 69630 38576 1406046
2400 70730 39249 1425669
2400 83125 42988 1642933
2400 72250 39898 1443164
2400 69466 38500 1381581
2400 71256 39076 1420786
2400 73664 39488 1486923
2400 69167 38482 1408669
2400 76006 39900 1498185
2400 75374 43115 1519620
2400 76188 42419 1519597
2400 75617 41089 1494790
2400 77748 43285 1737418
2400 84267 47657 1630905
2400 72481 40338 1474499
2400 68729 38166 1407496
2400 84310 46869 1679815
2400 81135 44106 1575043
2400 74916 40580 1472917
2400 70462 38999 1423118
2400 72960 40096 1459243
2400 80548 46835 1591060
2400 78461 43118 1539345
2400 80008 42964 1557910
2400 75220 42066 1513612
2400 72859 40355 1460880
2400 77110 42284 1511774
2400 79409 45191 1575324
2500 77533 42438 1566810
2500 78172 43553 1552244
2500 79936 43458 1576595
2500 88700 49172 1974470
2500 75738 40592 1527029
2500 77406 41175 1547342
2500 79783 43390 1574535
2500 84945 45411 1676326
2500 79429 41927 1551679
2500 82460 46023 1649161
2500 78889 43292 1583569
2500 73869 40042 1501853
2500 82384 44443 1596323
2500 82251 45638 1784219
2500 80506 45764 1590282
2500 81216 44000 1586095
2500 84084 45347 2343056
2500 77011 43306 1642424
2500 81755 45333 1609423
2500 76059 41944 1557434
2500 75610 43601 1708946
2500 79614 42167 1565493
2500 88250 45851 1948893
2500 78603 43162 7993756
2500 80332 45795 1696131
2500 78482 43857 1570894
2500 79100 44112 1721356
2500 77020 42543 1545241
2500 77096 40675 1611754
2500 75254 41281 1608475
2500 87303 46896 1735266
2500 81137 44898 1661803
2500 81464 45267 1673974
2500 80160 43821 1599926
2500 75011 41475 1521048
2500 75364 41397 1451048
2500 79583 43590 1579499
2500 79545 45492 1547276
2500 81392 44809 1626959
2500 84016 46883 1623100
2500 74454 40696 1509525
2500 81817 46521 1602149
2500 89286 49102 1727272
2500 80851 46059 1662872
2500 81233 46253 1744262
2500 84473 47355 1760192
2500 82925 48548 1737395
2500 78788 42621 1599301
2500 74464 41435 1478851
2500 76299 41850 1510305
2600 81861 46524 1646708
2600 82005 43856 1681963
2600 78152 42038 1797815
2600 78045 42807 1579048
2600 84522 46842 1660473
2600 85031 45925 3403280
2600 94630 49530 1950127
2600 84229 48339 1794868
2600 89947 50219 1786816
2600 88638 48085 1689631
2600 80901 44102 1649235
2600 84132 48509 1678735
2600 81924 43288 1651682
2600 88572 48397 1712777
2600 84230 46473 1712054
2600 90351 51107 1750552
2600 81806 46718 1679035
2600 79594 43526 1581176
2600 86419 49298 1717496
2600 77446 43781 1534368
2600 81833 44043 1648608
2600 82443 45486 1602373
2600 81527 45427 1608488
2600 84029 45936 1649535
2600 89333 50351 1795131
2600 77347 41708 1655765
2600 84410 46885 1687622
2600 88987 46624 1666860
2600 81519 44997 1679536
2600 87665 49515 1753644
2600 79767 43724 1607958
2600 81594 46520 1622209
2600 87915 49745 1739469
2600 81041 43829 4288358
2600 78888 43933 1570282
2600 86095 50356 1723050
2600 89437 48117 1656949
2600 83425 45596 1671640
2600 82552 48212 1707046
2600 91059 48423 1920253
2600 89614 50594 1819124
2600 80131 45384 1748374
2600 82372 45581 1867567
2600 83590 45757 1747627
2600 82139 44405 1729934
2600 80356 44557 1704077
2600 91912 51824 2587441
2600 82815 44025 1649289
2600 90704 49829 1785111
2600 75549 41031 2245440
2700 95444 54490 1818536
2700 82711 45118 1647740
2700 85823 46169 1953211
2700 82660 45357 1785341
2700 85518 49462 1974435
2700 87683 46483 1950483
2700 89188 49952 1903557
2700 90815 51186 2079127
2700 90292 48933 1748709
2700 94915 50120 1977519
2700 94553 51532 1893841
2700 86916 48901 1875411
2700 96144 52722 1860978
2700 89039 48480 1722336
2700 81946 44906 1605445
2700 90897 48579 1758894
2700 91126 49973 1863160
2700 84889 47384 1670328
2700 85317 46175 1744464
2700 81695 47088 1868459
2700 89360 48440 1867106
2700 89073 47023 1865986
2700 85283 46040 1848273
2700 91679 51872 1966487
2700 91406 50408 1979394
2700 83019 48312 1837552
2700 87981 47744 1940459
2700 95109 53107 2034360
2700 83363 44222 1812573
2700 85553 48749 1933116
2700 93333 52028 1935097
2700 84914 48357 1795626
2700 86298 45321 1892420
2700 84643 45462 1823337
2700 91525 49892 7416615
2700 89579 47726 1925408
2700 82948 46064 1830091
2700 89495 50850 1971260
2700 87574 46420 1880234
2700 86310 46698 1718007
2700 86656 48420 1794745
2700 86648 48602 1810721
2700 87072 49583 1909120
2700 86217 47212 1866319
2700 92310 50569 1863931
2700 104429 59669 2150929
2700 84749 46685 1845906
2700 84588 47491 1733512
2700 86409 48481 1843722
2700 85779 47359 1874672
2800 90500 48903 1906866
2800 85459 46798 1814247
2800 98329 52143 2010027
2800 95360 51972 1936744
2800 89271 48877 1815273
2800 91926 50506 1855955
2800 95407 56148 1935435
2800 95066 52969 1857533
2800 94360 51571 1950352
2800 85780 46685 1814029
2800 88734 47543 1769724
2800 95270 51647 1777581
2800 93302 52248 1946829
2800 89484 48583 1825360
2800 98147 51835 1863664
2800 87820 49442 1875475
2800 92708 49718 1854162
2800 88480 48256 1830628
2800 89905 49388 3418007
2800 92263 52390 2301040
2800 96981 52971 1937129
2800 98827 52747 2002097
2800 95615 52252 1950784
2800 94333 51251 2013372
2800 96738 51593 1843271
2800 96752 52622 2029693
2800 91555 51755 1853698
2800 95528 51099 1880703
2800 88535 49342 1786094
2800 99020 54979 1972870
2800 92022 49047 1703119
2800 98590 55263 1985939
2800 94389 51547 1837812
2800 86609 47724 1737535
2800 103422 55912 1973280
2800 88909 49678 1786195
2800 100068 52632 1936384
2800 92040 50240 1841803
2800 108396 59107 2157675
2800 93439 49724 1798246
2800 92684 50139 1822992
2800 84190 47380 1811781
2800 90419 49113 1797778
2800 95473 49737 1948210
2800 100092 55454 1958968
2800 88081 49382 1890044
2800 94314 51700 1884331
2800 88494 48007 1837350
2800 87180 48800 1837056
2800 97266 50937 2014088
2900 94318 49478 1982446
2900 95227 52518 1886707
2900 90131 50833 1952379
2900 96487 54583 1917804
2900 90114 49892 1887113
2900 93356 50771 1879824
2900 104252 55717 2123495
2900 98516 51823 2064438
2900 98007 54598 1944346
2900 100203 55356 2116469
2900 92513 49586 1938016
2900 100083 55627 2114694
2900 89785 48978 1786335
2900 88678 49903 1949588
2900 88640 47543 1902021
2900 100103 54055 1952377
2900 94984 52377 2007459
2900 87295 47833 1960878
2900 94615 51066 1921690
2900 97332 53370 2017812
2900 93316 51553 1932294
2900 92515 51435 1979236
2900 89736 47374 1692772
2900 98248 55471 1883690
2900 93253 48824 1738748
2900 92309 50693 1768070
2900 92358 49838 1735734
2900 91488 49483 1761545
2900 105573 55502 1970399
2900 96487 53465 1964176
2900 103158 52384 1931660
2900 101955 54612 1972431
2900 107770 58350 2057900
2900 96374 54054 1899042
2900 92042 50267 1790780
2900 90167 47885 1825718
2900 91753 48959 1903473
2900 104266 56513 2013072
2900 97371 51962 1873741
2900 89879 50352 1947394
2900 102427 54695 2055032
2900 101829 57120 2101249
2900 88325 48353 1778146
2900 90909 51851 1854007
2900 96888 54150 1944356
2900 94830 51991 1964931
2900 88897 49494 1924105
2900 90953 50696 1794305
2900 96830 49852 1875831
2900 96603 55380 1951610
3000 100526 53483 1997164
3000 95585 53380 2023440
3000 100451 56693 2111361
3000 91795 50357 1854719
3000 102609 55640 2126197
3000 93362 50341 1910000
3000 97013 54794 2032820
3000 94705 50501 2031237
3000 111565 58427 2167008
3000 93350 52555 1968024
3000 94509 54287 1932530
3000 109386 56564 2228333
3000 95837 53187 1941750
3000 103014 55785 2174808
3000 99494 55311 2116067
3000 95369 55209 1949669
3000 106754 61272 2262252
3000 100244 54540 1991271
3000 96694 52817 2061850
3000 98029 53814 2018253
3000 98595 52642 1953056
3000 103948 57942 2071344
3000 110822 61368 2305770
3000 93554 51498 1892243
3000 101463 54034 2117737
3000 107147 58865 2198107
3000 96732 52471 1937879
3000 104073 56344 2187088
3000 94643 54145 2072257
3000 95867 53240 1939168
3000 99180 54174 2117368
3000 105740 54870 2122769
3000 102622 58086 2188953
3000 94950 51697 2032364
3000 98582 54792 2118480
3000 94833 52396 1916396
3000 98427 53039 2108591
3000 97606 54473 2023542
3000 94095 51046 1874025
3000 102054 58263 2221113
3000 105883 60099 2239766
3000 96127 53490 1931473
3000 100309 53316 2132688
3000 95199 52651 2047886
3000 98198 55186 1986927
3000 95093 50643 1887696
3000 100114 55421 2024821
3000 96379 55653 2131906
3000 97642 52231 2718841
3000 97125 54800 2080728
3100 110058 61790 2206330
3100 100965 56775 2016221
3100 98406 52506 2115781
3100 95526 53120 2121622
3100 105139 55182 2025673
3100 103057 56268 2201094
3100 100883 55132 1968594
3100 101756 58331 2035591
3100 104098 56909 2176498
3100 99683 53444 2142462
3100 107271 60339 2281416
3100 108399 59462 2294804
3100 97876 56277 2025557
3100 100705 54170 2115006
3100 102544 56275 2048377
3100 98234 55142 2062647
3100 104836 60195 2199105
3100 121210 66445 2472852
3100 105269 56290 2091011
3100 107293 56943 2253980
3100 101045 54887 2018500
3100 96774 54601 2109286
3100 108669 60358 2166254
3100 96852 53442 2037132
3100 101868 57986 2164976
3100 112338 65343 2229610
3100 99932 53596 2268417
3100 102381 55525 2004834
3100 102567 57831 2049215
3100 105922 56572 2024504
3100 112975 59441 2250207
3100 102642 55645 2044930
3100 106639 55828 2042954
3100 127347 64500 2450806
3100 110555 60071 2120097
3100 97949 53756 1989480
3100 103120 54682 2408268
3100 101884 54592 2017616
3100 110063 62039 2207663
3100 95915 54184 1946813
3100 99873 55090 1995272
3100 100121 55781 2074708
3100 106671 59760 2145065
3100 101638 55487 2074910
3100 108198 56844 2210681
3100 114186 61795 2229820
3100 96236 53899 1905397
3100 97153 54895 2061650
3100 101809 57266 2033094
3100 98673 52479 1917530
3200 111354 59242 2355305
3200 103249 54140 2018673
3200 107214 58232 2269411
3200 114420 61487 2301761
3200 104878 56969 2248162
3200 111788 60056 2212575
3200 111945 61791 2185291
3200 101811 54407 2014013
3200 110073 58042 2194862
3200 104500 60745 2224479
3200 99333 54840 2102524
3200 99602 55234 2112964
3200 110935 63005 2234116
3200 103280 56315 2048631
3200 106933 58136 2136693
3200 100703 54072 2020203
3200 109006 55581 2142905
3200 106142 59007 2066273
3200 122019 69949 2408289
3200 115829 65076 2380492
3200 116212 61842 2265448
3200 108148 60210 2240817
3200 105520 56727 2173275
3200 113464 62907 7734312
3200 106311 59341 2127209
3200 101148 54448 2072832
3200 115157 65283 2287819
3200 119004 67459 2315659
3200 108263 59430 2275160
3200 105492 58914 2205400
3200 121297 69481 2472314
3200 101763 57966 2134100
3200 106516 59321 2271187
3200 106181 60386 2308441
3200 109731 59424 2219963
3200 115321 65823 2475330
3200 99750 55886 2126642
3200 115084 62619 2304008
3200 105167 57617 2225421
3200 110523 62383 2352890
3200 116820 63950 2465942
3200 108025 60325 2265161
3200 106479 62087 2201193
3200 117232 61773 2273688
3200 113613 62621 2408929
3200 100343 56996 2190501
3200 105878 58096 2141029
3200 112635 62874 2221349
3200 108270 59694 2136886
3200 118837 62648 2274819
3300 123921 70491 2408607
3300 107694 60698 2224912
3300 124014 70001 2578557
3300 116982 65069 2401163
3300 108811 58846 2084722
3300 104873 57166 2103695
3300 108983 59127 2220267
3300 109443 62371 2299911
3300 103345 57847 2190968
3300 115294 63427 2320787
3300 109929 60857 2172648
3300 113216 59766 2303168
3300 112513 62780 2226021
3300 108909 56500 2177201
3300 115754 63789 2444389
3300 107921 61764 2342106
3300 126438 68496 2621892
3300 104336 55997 2157823
3300 106903 58030 2179369
3300 110120 63204 2390490
3300 114264 62719 2341520
3300 108685 59389 2244449
3300 103771 56677 2172837
3300 105805 57234 2216994
3300 103283 56232 2321429
3300 112653 64233 2383350
3300 113405 62633 2357768
3300 119151 66143 2406821
3300 122153 65457 2550277
3300 108005 58385 2267961
3300 104440 56576 2122393
3300 106718 57925 2150940
3300 114815 64339 2273402
3300 124741 70622 2556226
3300 130934 65754 2430934
3300 108886 62981 2357787
3300 108065 57239 2238086
3300 111590 59300 2247472
3300 117709 64677 2471043
3300 102060 56271 2093312
3300 104977 57293 2134132
3300 103162 57727 3082515
3300 104437 56898 2126763
3300 129089 70230 2471470
3300 111352 61067 2183770
3300 105792 59663 2092532
3300 107773 60693 2168883
3300 107368 58523 2094085
3300 106294 56745 2192467
3300 109440 60774 2284305
3400 110846 62398 2323058
3400 121750 67199 2458498
3400 116854 63017 2354084
3400 120377 65425 2471858
3400 109697 61408 2281784
3400 106781 59696 2188640
3400 106977 57321 2140812
3400 112607 61100 2253423
3400 112513 61969 2251218
3400 107856 57217 2273727
3400 110492 60141 2252355
3400 110293 62146 2142129
3400 112318 63048 2183889
3400 111264 62644 2303281
3400 110716 60990 2269570
3400 113781 62480 2373829
3400 110844 62961 2366327
3400 111064 63026 2358834
3400 110946 58405 2125380
3400 111892 63870 2178307
3400 113011 61889 2280981
3400 109220 57465 2167175
3400 105866 56884 2163554
3400 118918 65055 2292134
3400 112666 60568 2230294
3400 111935 63169 2236640
3400 112374 58404 2242839
3400 113317 61227 2253642
3400 112836 63979 2169527
3400 119577 65639 4580557
3400 108135 59833 2385956
3400 110329 60969 2217456
3400 109612 57245 2169201
3400 112355 63844 2242018
3400 105944 59811 2403833
3400 111999 62956 2249976
3400 113614 64146 2612883
3400 108660 60216 2383520
3400 115114 61544 3222943
3400 116971 65635 2412164
3400 114676 63114 2855771
3400 109812 59155 2182268
3400 114562 62948 2288333
3400 111802 64172 2288849
3400 117952 65934 2261096
3400 112826 62308 2420544
3400 117902 64510 2481564
3400 112313 60600 2254137
3400 106303 57278 2086744
3400 113986 65124 2258623
3500 112771 61068 2421513
3500 120255 67411 2416749
3500 110875 60604 2351033
3500 112593 64130 2737107
3500 112035 59379 2273251
3500 116120 65463 2517485
3500 121277 66841 2340605
3500 124747 69839 2813603
3500 126992 70923 2683120
3500 115541 62002 2375743
3500 115308 64422 2473116
3500 125263 68203 2494056
3500 115384 63114 2341533
3500 117753 66617 2530861
3500 117061 66485 2389068
3500 113980 61206 2521865
3500 115451 64653 2336652
3500 125215 65577 2569599
3500 124360 68587 2473766
3500 115651 61515 2424759
3500 124664 68360 2548857
3500 118962 63441 2361563
3500 113237 64158 2308157
3500 129230 73803 2698962
3500 121181 64952 2413126
3500 113479 62208 2465134
3500 121251 67841 2483339
3500 110382 60655 2219619
3500 110016 59932 2273005
3500 122939 69364 2643703
3500 122944 64008 2470015
3500 118996 67816 2469725
3500 130220 69858 2575108
3500 116014 64867 2463159
3500 116792 62529 2363559
3500 114210 61347 2470806
3500 115897 62175 2327765
3500 119280 65655 2458949
3500 114040 61805 2226255
3500 134417 72272 2699849
3500 124816 69785 2463718
3500 130472 69905 2623078
3500 120142 67466 2383993
3500 124979 70523 2414729
3500 123267 67040 2401134
3500 121026 68856 2578852
3500 113755 61171 2262318
3500 122411 66950 2397862
3500 125446 68967 2469896
3500 114961 62021 2232565
3600 120394 64663 2340016
3600 122993 65370 2407095
3600 122727 68501 2474844
3600 139070 77063 2784456
3600 120236 67390 2437971
3600 122338 67774 2409314
3600 126718 66048 2634937
3600 120702 65634 2385518
3600 139436 77136 2699257
3600 120259 66206 2464382
3600 127889 72797 2805213
3600 123749 67084 2505449
3600 123045 64734 2461293
3600 124421 71903 2447921
3600 122324 69855 2534345
3600 126485 71637 2869062
3600 120632 64010 2353026
3600 118931 65329 2339827
3600 117654 63303 3251967
3600 118743 65010 2411721
3600 117449 64975 2455630
3600 121431 68265 2363608
3600 118059 63971 2351775
3600 117524 63422 2319089
3600 120954 64990 2365607
3600 115343 65560 2269502
3600 122059 64807 2346443
3600 125865 67804 2471277
3600 120105 65977 2401314
3600 118727 69024 2429224
3600 123908 70286 2407672
3600 118455 64880 2503646
3600 135714 73289 2693070
3600 125946 69664 2605006
3600 136746 70670 2751814
3600 115662 63762 2361485
3600 115648 66106 2288800
3600 121639 64569 2383027
3600 126258 70340 2569222
3600 121275 63950 2383885
3600 129161 69649 2518620
3600 122274 68762 2524981
3600 135789 71312 2608366
3600 115229 62567 2444693
3600 122490 69166 2518558
3600 122577 66639 2480035
3600 116896 62151 2338601
3600 132296 73253 2778830
3600 117649 65407 2339571
3600 119046 65919 2422282
3700 136227 75354 2600740
3700 125039 69075 2499420
3700 155830 86208 4387376
3700 130091 74596 2675006
3700 126275 68379 2687108
3700 132017 69126 2606111
3700 125870 71611 3572953
3700 117415 63821 2534928
3700 151089 80739 3386737
3700 146881 84027 2928732
3700 120212 66714 3467020
3700 118001 65116 2359801
3700 118658 65782 2405227
3700 125308 69916 2813950
3700 120822 65767 2423301
3700 128030 72820 2548946
3700 122471 67440 2839127
3700 126280 68673 2961722
3700 120440 68199 2810493
3700 133374 76840 2800160
3700 122876 67049 2817911
3700 129436 71626 2849550
3700 121472 66649 2519264
3700 124952 68565 2835267
3700 132917 72838 2967394
3700 121722 65358 2449922
3700 119963 66524 2864022
3700 131627 71962 5856266
3700 127317 71342 2538629
3700 118372 66312 2542688
3700 127269 68886 6447267
3700 124367 69259 2817290
3700 124237 67886 2572022
3700 127349 69767 2833089
3700 128535 68507 2517203
3700 119364 64135 2623521
3700 124845 67460 2765977
3700 126268 70333 2613963
3700 119438 67131 2642408
3700 131136 68882 2707217
3700 124858 71688 2787285
3700 127323 70821 2635334
3700 117862 64306 2355264
3700 127537 68025 2864258
3700 122098 67950 2305148
3700 121096 65318 4395422
3700 133130 73416 2636537
3700 127926 68898 2570827
3700 129131 73185 3071326
3700 127263 66818 2678772
3800 138331 76158 2755978
3800 134637 73297 2999028
3800 126437 69654 2711957
3800 140436 76141 3034526
3800 128118 68281 2546844
3800 126132 70949 2791760
3800 129347 69874 2539030
3800 128148 70882 2575348
3800 121424 67159 2741903
3800 129477 71549 2690023
3800 132954 70720 2706199
3800 131026 70116 2836482
3800 128833 73298 3044015
3800 133262 75574 2635150
3800 119907 64135 2801576
3800 126584 70172 2614259
3800 132844 72524 2599695
3800 132012 69059 2554436
3800 130105 71853 2505959
3800 129042 72768 2580426
3800 146647 78240 2828286
3800 135164 74549 2805258
3800 142208 74417 2783314
3800 129016 71114 3115840
3800 121576 67011 2656687
3800 130088 71134 2692676
3800 128963 73092 2648818
3800 132928 73493 2578187
3800 129436 72746 2524098
3800 140476 75761 2899889
3800 127464 71595 2657475
3800 130501 69590 2536050
3800 128279 69195 2746468
3800 142376 78807 2737856
3800 132913 77402 2867918
3800 150223 83363 2820639
3800 137706 75176 2721847
3800 128903 69830 3244093
3800 125006 68427 2527938
3800 128523 69788 2761903
3800 132955 73820 2581170
3800 125396 66627 2734526
3800 146611 77119 2843173
3800 125580 67543 2768393
3800 131682 72315 2663462
3800 124602 68444 2480318
3800 128114 70665 2659794
3800 130632 71600 2741365
3800 134676 71723 2717798
3800 122157 67602 2585999
3900 134719 73041 2846206
3900 139208 75259 2889389
3900 129720 70635 2548479
3900 127159 69641 2654200
3900 130866 74685 2664213
3900 128834 69882 2808543
3900 130325 70134 2620033
3900 129683 71972 2759682
3900 133056 71306 2584557
3900 134875 71615 2880766
3900 146561 80015 2822170
3900 124294 68379 2580916
3900 132415 71232 2570593
3900 133509 77261 2790428
3900 136934 75629 2736715
3900 133786 74657 2702575
3900 130116 72259 2922251
3900 138185 73607 2690908
3900 140250 79078 2959657
3900 130552 71008 2671934
3900 145817 81937 2934591
3900 128047 71202 2562585
3900 128431 71985 2633545
3900 128205 69271 2563065
3900 135189 75318 2874517
3900 130925 71838 2603583
3900 129626 68928 2742303
3900 130653 69541 2612639
3900 156486 84368 3099148
3900 137939 73505 2753524
3900 128886 70489 2798916
3900 136760 73792 2684372
3900 130118 72159 2630805
3900 126444 68893 2664821
3900 136564 76115 2696736
3900 134453 74892 2636322
3900 128237 70898 2880260
3900 129195 70575 2480968
3900 136133 77573 2787354
3900 140535 77501 2943658
3900 132952 69850 3858677
3900 141063 78044 2983099
3900 127092 67730 3181504
3900 144252 79846 2731388
3900 135096 76539 3318972
3900 139476 73217 3106650
3900 131550 69281 3328819
3900 132299 71780 2864603
3900 128830 72537 2987165
3900 127431 71156 2971656
4000 138076 75197 2731835
4000 134013 71340 3104304
4000 142503 81003 2984058
4000 148162 83790 2990952
4000 134057 72718 2922811
4000 134831 74482 2916965
4000 134419 72108 2760405
4000 137426 75711 2862815
4000 145816 82427 3128960
4000 137300 79169 2855436
4000 146097 83406 3323071
4000 136314 71851 3151203
4000 140321 74800 2638063
4000 128788 71771 3020352
4000 156087 81854 2880776
4000 128738 72433 2790468
4000 138787 77804 3107257
4000 140368 79433 2958342
4000 136391 74018 2724829
4000 153350 87430 2909179
4000 131303 72003 2662595
4000 142572 79923 3250686
4000 130855 72383 3010070
4000 138514 77292 6101596
4000 129733 70083 2672150
4000 133624 74259 2813951
4000 127450 70048 2630181
4000 147693 80030 3113817
4000 133211 73488 7314402
4000 132609 73497 2967581
4000 145686 79183 2977502
4000 134321 70516 2788958
4000 138647 76397 2896596
4000 142273 77936 2915084
4000 151613 81586 3259248
4000 128952 70425 2753836
4000 134090 73354 2789092
4000 145463 78364 3076604
4000 134566 72021 2734988
4000 139511 75844 2772582
4000 131632 69409 2823508
4000 131474 71681 2734533
4000 135339 75163 2771985
4000 149256 80405 2966839
4000 156445 90295 3229383
4000 138631 74206 3168450
4000 131068 72688 7261346
4000 132600 71913 2682539
4000 139586 77192 2982166
4000 137427 72814 2914523
4100 133949 72997 2861474
4100 146218 79496 2880407
4100 129308 70148 2653051
4100 143077 79423 2731215
4100 135703 73903 2813861
4100 140066 75506 2841412
4100 151386 78529 3002007
4100 140602 77554 2959535
4100 134527 73026 4202263
4100 146569 78557 2945087
4100 142137 78654 2835301
4100 145484 77975 2998803
4100 137134 71149 2546641
4100 134596 75439 2876717
4100 137503 78326 2765524
4100 143639 74273 2778396
4100 145330 75551 2914009
4100 133104 73157 2829017
4100 151406 88100 3117684
4100 142934 75233 2840325
4100 143596 77391 2911110
4100 143293 78517 2790554
4100 135436 75680 2889055
4100 149163 80264 2979553
4100 136099 73478 2812948
4100 139626 75099 2821056
4100 143812 80271 2935366
4100 142776 77074 2981678
4100 136418 73720 2904094
4100 149700 80675 3270575
4100 140171 76413 2971542
4100 150624 81391 3100876
4100 135915 75441 2539722
4100 139163 73631 2485521
4100 144253 80709 2954438
4100 142728 77011 3421368
4100 150594 81323 2964639
4100 147553 77928 2162973
4100 136055 74306 2953501
4100 140263 79777 2865743
4100 145798 78559 2870887
4100 132164 71359 2974307
4100 144611 74791 2928343
4100 134114 75286 2722389
4100 157638 84532 2990793
4100 155353 81711 3801249
4100 144411 83256 3053269
4100 138983 77442 6199040
4100 144482 75007 2824334
4100 157935 85362 3216720
4200 149409 80360 3009512
4200 148263 77643 2835807
4200 138972 74386 2623795
4200 160988 93704 3091702
4200 140706 79988 2948849
4200 146215 79277 2867042
4200 140939 76992 2907468
4200 144213 79983 2996819
4200 146732 81222 2975503
4200 154247 83081 2924746
4200 149964 79895 2977977
4200 136243 74401 3605688
4200 140866 79031 2971762
4200 141455 76223 2851141
4200 137598 75345 2756749
4200 146541 79028 2753959
4200 165632 95603 3136340
4200 146044 81582 2974352
4200 151369 80130 2983646
4200 137225 74643 2703603
4200 134861 75066 2763199
4200 147335 78233 2875734
4200 141196 74665 2812370
4200 147779 83168 2938279
4200 147578 80049 2860773
4200 144764 76434 2778758
4200 147829 80717 3113366
4200 136478 74858 2907692
4200 161281 91631 3208727
4200 153231 82081 3254891
4200 148155 83476 2942275
4200 150497 81858 2976056
4200 147710 79403 2886007
4200 140612 77834 2854171
4200 141710 76787 2674227
4200 137056 75747 2745766
4200 137138 74751 3144240
4200 148256 83695 2935138
4200 140687 79342 2747325
4200 138838 78440 2685859
4200 153692 81789 2980350
4200 144610 80276 2852890
4200 139544 75314 2746697
4200 152199 80093 2936386
4200 142109 77623 2773593
4200 142965 77492 2836010
4200 143314 78402 2805821
4200 148314 79568 2890883
4200 142612 80029 2836181
4200 139060 76959 2897972
4300 152580 85614 3081707
4300 143103 78420 2900810
4300 153610 80828 2975107
4300 144692 81559 2908631
4300 158798 85954 3138482
4300 142437 79799 2898589
4300 146405 83512 2946683
4300 158457 89257 3263953
4300 142818 75622 2906923
4300 154010 85154 3032043
4300 137075 77888 2868670
4300 146215 82948 2974839
4300 154005 84038 2968204
4300 144758 79705 2844070
4300 141979 81183 2967488
4300 148854 81313 3124258
4300 149601 82574 2928329
4300 153593 86477 3035002
4300 162261 86836 3215109
4300 144996 78007 4515944
4300 149936 81424 3012724
4300 154123 83237 3089851
4300 148447 83879 2939477
4300 159544 89029 3118970
4300 146843 81418 3005142
4300 143653 78781 2880881
4300 158841 81148 3098382
4300 157526 84458 3212777
4300 150669 83211 3124940
4300 176514 94735 3253806
4300 145189 80898 3276991
4300 150460 79608 2967193
4300 143652 77585 2987129
4300 152064 77473 3218410
4300 145718 77218 2961851
4300 157912 88513 3202945
4300 155027 89346 3258315
4300 152298 81596 3047507
4300 151866 81949 3303686
4300 139579 76836 2969347
4300 147040 77852 2865975
4300 159966 81786 3163581
4300 152169 81582 3156942
4300 153887 82927 3112143
4300 144429 81393 3057074
4300 150248 79399 3143198
4300 162480 92441 4358450
4300 152922 82008 3924312
4300 146619 78748 3060148
4300 147671 79128 3591057
4400 163251 90084 3215422
4400 146301 77478 2890095
4400 157824 86726 3290534
4400 153356 84052 3065023
4400 142878 79159 2931215
4400 139208 76182 2903150
4400 169490 90609 3559585
4400 161382 87508 3193215
4400 159920 84212 3272029
4400 178506 103260 3634463
4400 176549 97530 3623060
4400 159124 85978 3332567
4400 149789 79132 2974167
4400 146368 81245 2956316
4400 151655 80676 2922021
4400 144901 81502 2767493
4400 156563 86568 3132186
4400 163923 92667 3342430
4400 168455 86886 3200504
4400 151854 81149 2874008
4400 147640 80058 3010464
4400 157267 86684 3309865
4400 158063 84211 3077218
4400 157708 85197 3093938
4400 140004 75176 2869469
4400 163614 91029 3294797
4400 159396 91885 3273564
4400 159009 87860 3334200
4400 155065 82619 3162942
4400 163355 94210 3228058
4400 153492 82318 3154615
4400 156199 85986 3132811
4400 169677 93742 3476334
4400 151383 84845 3711234
4400 156621 85247 3124985
4400 164964 90974 3143059
4400 145119 80045 3032956
4400 158398 91172 3204092
4400 146983 80229 2938258
4400 161725 90110 3101053
4400 152798 83691 3006618
4400 148659 80557 3389806
4400 149130 83924 3294037
4400 144596 80893 2886856
4400 161524 87633 3047703
4400 183707 99322 3625703
4400 164395 85719 3350789
4400 145859 81130 3147847
4400 163655 90222 3303080
4400 158166 89104 3171844
4500 154891 86350 3159677
4500 157293 88498 3162572
4500 154629 86298 3123173
4500 155289 80006 3091590
4500 165389 94606 3300592
4500 164574 86773 3238019
4500 158056 88748 3219669
4500 158568 87755 3174618
4500 158885 86375 3241939
4500 159720 88752 3300012
4500 162275 89292 3309483
4500 157452 84681 3185244
4500 155549 86904 3233375
4500 158161 85641 3200856
4500 157633 84886 3340179
4500 160712 87438 3165894
4500 165415 90449 3402342
4500 153800 86100 3250298
4500 155057 86226 3253027
4500 175229 97489 3709926
4500 157763 84923 3272660
4500 160128 85905 3039775
4500 161269 89058 3420076
4500 151886 83941 3210322
4500 156416 85747 3330534
4500 164050 86838 3295645
4500 155947 84995 3160794
4500 159296 92770 3599382
4500 153997 86983 3294033
4500 151857 83324 3225841
4500 152128 83798 3108431
4500 153131 85800 3212749
4500 163242 87808 3432219
4500 158853 89642 3508374
4500 167939 90396 3370853
4500 145961 80146 3072931
4500 171508 94800 3425516
4500 179966 101308 3613993
4500 154533 83732 3210685
4500 162319 90864 3333305
4500 153542 85119 3244310
4500 154862 86575 3239896
4500 162013 86795 3191858
4500 176329 97429 3484443
4500 175584 93277 3490639
4500 162922 84870 3193183
4500 153683 86206 3052289
4500 161552 90050 3331712
4500 148443 82334 3010821
4500 144966 79108 2943739
4600 145406 79894 2840566
4600 165047 95635 3162163
4600 168962 96247 3350643
4600 156198 83746 3144545
4600 155458 83115 3277592
4600 165046 91038 3253429
4600 166462 92099 3261146
4600 160688 86642 5068939
4600 181326 93837 3444758
4600 184174 98053 3560778
4600 163504 84342 3334958
4600 167173 88134 3463736
4600 163317 88394 3240457
4600 164898 90832 3274295
4600 160035 85919 3234685
4600 157699 87953 3292065
4600 157581 86683 3331865
4600 161315 90500 3315116
4600 154498 84447 3167458
4600 166185 89554 3656622
4600 160146 87224 3319781
4600 158319 84753 3182323
4600 162732 86310 3166988
4600 152289 82371 3278556
4600 157966 87442 3288791
4600 158251 87528 3237338
4600 166098 88322 3190307
4600 158283 90813 3374619
4600 161776 84584 3360340
4600 168042 89230 3275295
4600 157721 85983 3125598
4600 152130 82437 3058669
4600 159857 86164 3134785
4600 169595 93007 3390080
4600 154641 84732 3060968
4600 163302 86022 3217392
4600 163746 86991 3633029
4600 150629 83501 3100126
4600 160064 83972 3176313
4600 166211 86441 3077432
4600 157252 89780 3508371
4600 170018 87017 3376730
4600 162950 88684 3186042
4600 173671 93079 3454026
4600 166093 88964 3590842
4600 161499 87484 3256472
4600 164520 88612 3269041
4600 150199 82711 3133484
4600 181875 100200 3609271
4600 170616 90930 3388618
4700 159170 85199 3148265
4700 179977 99702 3604128
4700 168953 86698 3281895
4700 161046 83849 3128322
4700 155930 88503 3303101
4700 180527 91046 3451492
4700 170548 96679 3459644
4700 159028 85092 3107606
4700 167263 92917 3410746
4700 156605 85647 3169571
4700 172988 94638 3376528
4700 162320 92209 3367870
4700 173577 93315 3944053
4700 172887 98649 3417891
4700 171932 90670 3546269
4700 180949 101420 3568577
4700 152443 83174 3201197
4700 160598 90778 3287720
4700 160565 88936 3329508
4700 161544 88622 3367942
4700 167227 90778 3332315
4700 171721 93939 3397343
4700 173076 100567 3547207
4700 182001 92401 3655612
4700 172693 95483 3514876
4700 172820 98433 3402774
4700 158644 87005 3168296
4700 173181 91830 3616801
4700 163287 87692 3364837
4700 165457 95411 3488533
4700 167266 88695 3215711
4700 162115 90019 3207627
4700 160488 87591 3177763
4700 165613 91906 3734621
4700 166351 92845 3332460
4700 170678 91600 3451332
4700 165080 89770 3358969
4700 179603 100141 3499324
4700 161547 91346 3854207
4700 162076 87295 3237392
4700 158392 86813 3138435
4700 172444 90460 3425189
4700 161501 92124 3478598
4700 167518 91267 2939844
4700 164498 92980 3392630
4700 163265 89632 3360075
4700 163995 86617 3230882
4700 168931 96542 3570995
4700 172613 97534 3747745
4700 163872 88616 3746943
4800 184348 98320 3671313
4800 165138 90093 3412723
4800 168394 91541 3694347
4800 167456 91468 3604691
4800 189186 102310 3838302
4800 172256 92959 3468826
4800 177929 97967 3642978
4800 168915 91546 3541135
4800 164936 92515 3401073
4800 168076 92683 3352233
4800 169720 87877 3381429
4800 185041 100917 3809452
4800 176838 99784 3502888
4800 173320 100471 4278678
4800 181435 93879 3922779
4800 166319 91324 3348527
4800 160104 85274 3819728
4800 167825 91756 3584809
4800 168319 89699 3406099
4800 165533 92014 3423899
4800 185529 98906 3665821
4800 165987 86176 3277732
4800 170162 95363 3446503
4800 160180 86141 3357889
4800 186751 98379 4107446
4800 172228 97289 3475866
4800 162791 87463 3456377
4800 180280 98177 4021628
4800 176792 99421 3607390
4800 179661 99113 3567203
4800 177287 100675 3680881
4800 163678 90026 3213894
4800 154685 84254 3157596
4800 177434 102118 3635580
4800 165702 90517 3411834
4800 163004 86884 3206589
4800 169849 90453 3366631
4800 166429 90504 3403748
4800 180884 101416 3676026
4800 164632 87792 3396514
4800 171327 96377 3409843
4800 174813 94462 3576962
4800 166504 91468 3413815
4800 168963 95759 3561191
4800 186075 99039 3651096
4800 167388 87540 3458465
4800 169577 91595 3444778
4800 178217 95445 3456362
4800 181450 96961 3600668
4800 195782 111191 3970002
4900 180420 105422 3778897
4900 167992 93757 3457711
4900 178511 95254 3668589
4900 201990 110166 4032229
4900 174138 97414 3557050
4900 179208 99207 3717096
4900 178955 95789 3650935
4900 162247 89107 3172189
4900 167424 93949 3233978
4900 187983 108580 4685074
4900 194760 111821 3949764
4900 179823 96353 3409138
4900 187459 99888 3671091
4900 169409 93447 3370256
4900 175202 101082 3579942
4900 173278 100025 3663024
4900 170917 90378 3495637
4900 166176 90294 3535107
4900 164333 90870 3288895
4900 166655 91348 3039574
4900 168251 90393 3427405
4900 190294 106247 3724349
4900 167509 91467 3410200
4900 176027 97890 3592243
4900 173461 93122 3518914
4900 164697 90274 3295696
4900 186889 106349 3844686
4900 180997 92671 3512936
4900 207250 118636 4166393
4900 169847 93860 3303137
4900 171745 96072 3380524
4900 175599 92851 3410683
4900 169185 94699 3488792
4900 167828 91653 3451533
4900 185481 99733 3650884
4900 171289 95774 3522964
4900 170361 93318 3281161
4900 178823 92086 3616903
4900 176018 97212 3599120
4900 192315 109901 3886705
4900 163296 91409 3328947
4900 171430 94036 3591774
4900 180334 94016 3653460
4900 165795 89895 3452443
4900 169588 94132 3387942
4900 168825 89915 3346121
4900 183055 96769 3570319
4900 174160 91659 3439712
4900 171019 94362 4664419
4900 182119 100372 3487100
5000 173273 92831 3001200
5000 188322 104087 3875608
5000 169224 91306 3349407
5000 183982 98624 3753513
5000 179311 99956 3805335
5000 176326 91299 3864206
5000 176276 97200 3643692
5000 174952 93252 3475492
5000 173826 92304 3887080
5000 205342 110704 4077206
5000 172199 94189 3558795
5000 184976 100243 3848307
5000 173179 97671 3584755
5000 170214 93549 4032347
5000 168639 93965 3626594
5000 194631 105766 3809406
5000 173073 90504 3667216
5000 214751 113734 4284492
5000 181894 99300 4051365
5000 178866 95358 3587435
5000 189747 101825 3880901
5000 169460 92945 3493195
5000 178024 100106 3602878
5000 185609 95803 3856163
5000 174558 97327 3612937
5000 183957 99026 3590942
5000 177268 98454 3820257
5000 184505 104055 3850057
5000 164517 91480 6185480
5000 172953 92956 6666228
5000 176419 94011 3819603
5000 174436 90265 4197595
5000 176339 98779 3723115
5000 166903 90336 3828111
5000 194594 100283 3793124
5000 180020 102303 6537350
5000 180638 101039 3627898
5000 174178 93934 3316253
5000 176979 94476 3638242
5000 188306 104078 4004040
5000 180375 99550 3632038
5000 174141 95311 3467034
5000 176550 102393 3567250
5000 175819 96309 3758970
5000 180377 95589 3586897
5000 182175 97865 3602538
5000 181148 98056 3811461
5000 173229 94475 3393599
5000 182859 102951 3566794
5000 179376 97018 3603154
5100 173575 94955 3645346
5100 193311 106539 3959911
5100 181366 99052 3551443
5100 189918 107705 4029128
5100 193282 111016 3899140
5100 177579 98352 3729963
5100 179109 95312 3641680
5100 182471 99959 3749473
5100 178138 98994 3763317
5100 182299 100075 4091191
5100 180520 99561 3931267
5100 184571 104293 3802234
5100 192871 112926 4130736
5100 196644 108256 4051665
5100 178493 99473 3602631
5100 175281 95296 3433854
5100 186139 103230 3767146
5100 177489 98402 3927942
5100 188026 104997 4254151
5100 190164 102116 3670124
5100 188218 107041 3667414
5100 176314 98900 3589149
5100 174296 97892 3432280
5100 192365 103556 3664885
5100 174167 96083 3448518
5100 186501 97898 3751344
5100 176119 97505 3510259
5100 182724 106152 3956783
5100 179614 98168 3535133
5100 181630 97165 3622311
5100 187103 102274 3691748
5100 192725 103988 3737651
5100 177985 97871 3524804
5100 185120 98897 3723968
5100 196386 99871 3737284
5100 172481 94586 3418649
5100 178787 100934 3720533
5100 169288 93793 3622553
5100 177360 99173 3491074
5100 192353 106123 3776279
5100 185281 95727 3749209
5100 185695 100293 3905685
5100 177186 95260 3617323
5100 194850 104592 3925708
5100 177311 94377 3616923
5100 191167 104549 3073913
5100 186206 99129 3744573
5100 179719 100210 3755106
5100 180143 99494 3653138
5100 176167 97958 3565847
5200 187740 101432 4160597
5200 181915 100159 3728856
5200 187968 103679 4095103
5200 179002 96709 3588117
5200 180075 95801 4128913
5200 188643 109424 3789290
5200 194778 101618 3934194
5200 187412 99079 3856829
5200 191465 107177 3932913
5200 192676 108242 3831590
5200 178121 100109 3814441
5200 188769 103312 4040996
5200 192604 103073 3854091
5200 181351 100693 3778925
5200 193317 105428 3764407
5200 185491 97869 3718177
5200 181655 99014 3559670
5200 197739 106754 3782594
5200 173161 93608 3532914
5200 196565 103528 3829630
5200 186737 102564 3781489
5200 195350 109379 3881529
5200 176798 96677 3651375
5200 188619 99891 3655617
5200 179537 95203 3528794
5200 212862 116383 4884514
5200 177409 97532 3484719
5200 182943 101160 3586166
5200 198627 108655 3935566
5200 188156 104185 3677332
5200 175895 95361 3419122
5200 185191 103118 3731414
5200 183609 102827 3838207
5200 189400 106489 4022843
5200 193284 106008 3974874
5200 186687 103516 3930315
5200 180817 98404 3668477
5200 175662 97240 3653407
5200 190263 103130 3851487
5200 192345 102868 3861027
5200 197724 108446 4131907
5200 183479 99526 3687174
5200 186286 100653 3786109
5200 193995 103870 3872253
5200 203627 112032 4154558
5200 192370 104269 3943740
5200 192903 103898 3797233
5200 180567 99738 3571406
5200 198000 103058 3748803
5200 187050 102209 3792663
5300 198327 110425 4011963
5300 191574 103085 3714960
5300 190480 103944 3804836
5300 188131 106400 3810795
5300 187970 102754 3850798
5300 177708 95558 3619959
5300 190374 104445 3860665
5300 204487 104297 3898230
5300 208581 116106 3929329
5300 200730 109396 4131694
5300 204263 116107 4249259
5300 190042 103583 3854246
5300 176469 96043 3616396
5300 190430 100641 4137344
5300 209048 114891 4157692
5300 221678 120714 4163857
5300 192298 103559 3879202
5300 186908 97708 3823079
5300 189046 101757 3922009
5300 179539 100976 3819204
5300 206279 119511 4267932
5300 185195 99577 3271141
5300 194909 104629 3721046
5300 183735 104162 3812861
5300 189144 104874 4057865
5300 182551 98488 3490586
5300 194281 112116 3953469
5300 204801 113546 4489050
5300 196806 108298 3897236
5300 190771 105254 3961578
5300 188917 100983 3893117
5300 187115 102024 3905115
5300 194931 105600 4080206
5300 199759 107115 3962221
5300 206410 118716 4247634
5300 191596 107045 3848602
5300 184518 102208 3831207
5300 186262 98695 3579638
5300 186157 103796 3877880
5300 197829 107194 3886353
5300 181767 97961 3536674
5300 186754 104433 3511964
5300 198833 104586 3975429
5300 195213 106587 3801315
5300 189321 100750 3911652
5300 188331 99325 3741297
5300 206299 112510 4075223
5300 186360 102751 3773496
5300 182032 97608 3744036
5300 194564 107426 3983453
5400 195974 108103 3848149
5400 185747 105409 3703957
5400 193488 103327 3802729
5400 192203 107694 3831085
5400 201617 105036 3729596
5400 182633 98458 3599491
5400 191576 105132 3790354
5400 192836 106079 3785709
5400 214279 108929 4239742
5400 184449 101423 3718992
5400 206091 115527 4064002
5400 192174 102693 3895438
5400 187843 103181 3712475
5400 182359 100610 3740627
5400 200658 103509 3821347
5400 189892 105262 3588914
5400 192460 105662 3788373
5400 189302 103828 3866268
5400 185499 103769 3734148
5400 198580 104791 4085282
5400 202234 110995 4106104
5400 196334 108643 3997773
5400 191035 104459 4078644
5400 190736 104288 3925347
5400 189373 99993 3769557
5400 201986 110147 4144425
5400 217399 111247 4304370
5400 195286 107230 4034561
5400 190905 104960 3897967
5400 192359 102903 3778120
5400 190542 101810 3702084
5400 194450 104375 3744353
5400 199365 106891 3902533
5400 191597 107186 3815593
5400 194001 103946 3612506
5400 190614 102226 3623250
5400 183775 102802 3626386
5400 192008 110084 3854773
5400 203338 114384 4078720
5400 202220 114179 4003698
5400 202799 112972 3952484
5400 186281 99413 3665934
5400 189302 103780 3700376
5400 236589 126528 4658280
5400 203139 107369 4313979
5400 186090 99487 3616828
5400 205520 111702 4417996
5400 194059 106553 4450946
5400 191311 104415 3655274
5400 190621 101496 4203030
5500 202843 112896 4224366
5500 192106 105103 3744235
5500 198981 106282 4421020
5500 205932 111566 4087569
5500 190200 106761 4032925
5500 189811 104689 4003079
5500 248855 133652 4793201
5500 193161 106449 3968568
5500 198024 108139 3781280
5500 207744 112571 4254991
5500 200821 111719 4081381
5500 206380 109147 4286221
5500 187884 102602 3640592
5500 196300 101244 3930113
5500 195598 101371 3879405
5500 194593 106418 3749248
5500 198576 106928 3974319
5500 197005 106476 3850079
5500 201779 106538 3885265
5500 194377 105140 3554500
5500 199571 112686 3974811
5500 194398 110843 4052422
5500 187696 100643 2911625
5500 201024 107444 3808712
5500 215666 114354 4174714
5500 193232 107419 3659922
5500 210491 120211 4141070
5500 192427 104863 3959541
5500 219074 122056 4233439
5500 193141 111206 4211063
5500 204440 112900 4424992
5500 194146 102156 3936367
5500 198509 104297 4011804
5500 191120 106025 3967046
5500 186974 101493 4020717
5500 204796 119225 4259402
5500 190494 103466 3993786
5500 193241 107027 3886532
5500 209812 112148 4207367
5500 190785 102227 4004150
5500 201689 111283 3890994
5500 199078 107528 4754249
5500 194126 109259 3495018
5500 219056 116830 4530410
5500 189947 105884 3664754
5500 198808 110118 4249060
5500 206415 114657 4810320
5500 218498 120967 4098573
5500 208953 109715 4254172
5500 204730 113944 4131951
5600 207262 107774 4311560
5600 206364 118639 3515163
5600 190155 103811 3927709
5600 202368 107907 4146223
5600 194968 106805 3807962
5600 213305 117002 4109920
5600 201796 110384 4204472
5600 194663 108322 3891062
5600 198263 108979 3943291
5600 204326 108680 4074299
5600 208255 109862 4299028
5600 196136 109664 3915571
5600 194105 106044 3885796
5600 201411 108984 4228980
5600 195980 109183 3776346
5600 204877 116146 4117642
5600 208997 113258 4178476
5600 198842 108588 3774009
5600 196349 108747 3438159
5600 208215 113028 4077930
5600 187587 103675 4330475
5600 206985 115748 4750330
5600 199004 103205 4123377
5600 203114 110278 4013064
5600 211982 115902 3969080
5600 202720 111580 3670127
5600 193996 106894 3868888
5600 192617 108959 3664143
5600 203462 114598 4366701
5600 197403 109485 4465778
5600 192215 107466 3823155
5600 201299 110601 4016339
5600 206704 112438 4022320
5600 210852 114440 4251228
5600 196629 104775 3945151
5600 194841 105258 3927637
5600 199124 107404 3919985
5600 202569 111428 4011977
5600 198745 107966 3952469
5600 207429 106790 3932547
5600 201625 111186 4215952
5600 216026 114741 4197617
5600 201467 112246 4079926
5600 198729 109617 4175910
5600 201372 115552 4035534
5600 206793 115372 4774497
5600 211905 117177 4350362
5600 196332 108321 3892127
5600 226928 115679 4467517
5600 190968 102936 3778243
5700 215147 113416 4217792
5700 204565 111898 4018069
5700 208312 115228 4101805
5700 195614 108076 3934257
5700 213767 110032 4281936
5700 221203 117866 4048898
5700 216614 125657 4266026
5700 228207 123041 4406848
5700 214337 118165 4398761
5700 227019 117902 4405637
5700 208252 118594 4182817
5700 209398 117019 4163427
5700 201269 107730 4125201
5700 216095 113036 4308994
5700 212394 119131 5248152
5700 200054 107306 3983582
5700 226249 122216 5228071
5700 205471 108699 3833905
5700 197202 107483 4136943
5700 195022 110689 4004597
5700 218146 119112 4274309
5700 204689 110316 4046527
5700 206620 112962 4115872
5700 219039 117005 4382578
5700 224620 125124 4424951
5700 201009 110547 4362928
5700 205363 113567 4687557
5700 214521 117378 4409258
5700 221153 121435 4522862
5700 215915 120171 4421486
5700 206672 107398 4263737
5700 218950 117079 4419123
5700 190606 100932 3931202
5700 215527 115091 4276674
5700 244963 140738 4910373
5700 203801 114481 4135458
5700 231217 128550 4474704
5700 202578 110021 4273135
5700 204276 111567 4031115
5700 204320 117955 4373013
5700 207073 114759 4047127
5700 211350 118041 4341175
5700 207810 115265 3978276
5700 201833 110891 4191953
5700 237428 123476 4647971
5700 206860 114045 4069659
5700 198159 108384 3955251
5700 215059 120282 4307159
5700 198931 109510 3715447
5700 222818 132962 4947752
5800 203539 111737 3748622
5800 193819 106216 4260604
5800 214865 117144 4333473
5800 225274 125928 4527229
5800 211114 112385 4207270
5800 215648 116827 4128847
5800 198566 110673 4398852
5800 203933 110530 4392089
5800 219644 117435 4548506
5800 211114 117104 4195084
5800 218987 121892 4316210
5800 216778 117395 4311812
5800 226101 119756 4166099
5800 220818 125385 4494169
5800 237853 128524 4674653
5800 200750 109104 3963325
5800 216454 120123 4422498
5800 214443 113172 4195411
5800 234892 123627 4370841
5800 209222 111227 4151880
5800 206092 112392 4169761
5800 200422 108285 3966071
5800 209796 118636 4323768
5800 234587 120626 4673427
5800 207244 110890 4091154
5800 215805 122510 4351097
5800 196697 105787 4416122
5800 201912 111641 4136718
5800 200081 108538 4095438
5800 219206 114961 4507324
5800 211913 120842 4589401
5800 226032 121768 4336295
5800 206090 109671 4082529
5800 211405 117303 4348514
5800 200459 108014 3775813
5800 216202 113531 4160629
5800 221031 121909 4169782
5800 215716 112021 4187097
5800 203254 111882 4205310
5800 222382 119335 4568537
5800 208637 112732 4017823
5800 213281 114700 4608902
5800 239837 132907 5003626
5800 205402 110312 4250054
5800 201686 108534 4102053
5800 214017 115834 4298352
5800 211863 120693 4600352
5800 208540 113788 4401973
5800 212698 117908 4547151
5800 211490 118854 4447345
5900 215410 115644 4409146
5900 219290 119564 4519025
5900 226000 124517 4397242
5900 219463 121474 4378512
5900 213148 113457 4331529
5900 234915 124813 4403208
5900 208653 112839 4250929
5900 228276 129823 4488031
5900 230652 121115 4516382
5900 217309 118388 4400542
5900 206350 112313 4171370
5900 218833 123944 4377367
5900 215989 119637 4374357
5900 216240 121535 4335974
5900 217111 114207 4303724
5900 224386 121730 4579766
5900 232914 124522 4520803
5900 215972 110751 4218666
5900 236369 130140 4672249
5900 221565 125189 4644432
5900 205056 113999 4298854
5900 236664 125858 4725996
5900 202938 113969 4089109
5900 231251 118901 4533136
5900 208878 116327 4223741
5900 218048 120699 4388620
5900 216804 119690 4387295
5900 229928 130722 4815433
5900 237368 117928 4503704
5900 199973 109433 4044007
5900 206646 111336 4226304
5900 207694 116564 4159232
5900 215142 113282 4474918
5900 228018 121673 4434685
5900 214773 117459 4302362
5900 214073 115142 4260522
5900 223421 122138 4395403
5900 217369 122215 4385898
5900 210720 116235 4361600
5900 224731 123392 4622753
5900 204307 110501 4077579
5900 205835 109394 4045102
5900 224113 125022 4596100
5900 231176 117770 4606724
5900 224502 120563 4392527
5900 208287 110118 4325037
5900 227379 123346 4666172
5900 204270 111349 4186090
5900 215368 120197 4415600
5900 211682 113640 4464475
6000 215449 122068 4422574
6000 233424 121660 4628650
6000 207131 112087 4236117
6000 220604 120196 4536088
6000 215214 116819 4294249
6000 209340 115756 4385783
6000 225572 124048 4711232
6000 210494 118324 4327150
6000 224026 119738 4609709
6000 212274 114518 4313274
6000 221222 122503 4584138
6000 213383 113265 4528232
6000 214587 115734 4439072
6000 212021 113155 6588138
6000 221083 116249 4441428
6000 209378 115214 4212545
6000 229425 131756 4846169
6000 221385 117725 4501728
6000 225644 119727 4395310
6000 239865 131813 4716185
6000 224901 122647 4491695
6000 214531 117480 4192091
6000 223967 121323 4568422
6000 225287 130027 4395853
6000 216572 117526 4479906
6000 214702 116743 4440200
6000 230689 123488 4593268
6000 237402 128211 5459458
6000 228497 118704 4500893
6000 245092 135744 4955991
6000 229433 125344 3903485
6000 218526 119706 4256173
6000 208170 110630 4120611
6000 223524 118019 4495501
6000 206866 115080 4048516
6000 220200 117074 4143849
6000 229203 120754 4487118
6000 219126 119479 4335177
6000 234137 125203 4360570
6000 212063 114690 4337205
6000 215193 114959 4146374
6000 203984 112158 3921677
6000 221676 120279 4347214
6000 214392 115642 4277779
6000 222754 122742 4095265
6000 216793 116220 4298152
6000 215749 118422 4303620
6000 212175 117178 3983939
6000 212293 112762 4066060
6000 228169 125188 4548045
6100 219163 117959 4064934
6100 222527 122766 4233546
6100 219384 117435 4524651
6100 230264 130560 4586233
6100 240984 132988 4650596
6100 210731 117663 4432782
6100 241808 133355 4598953
6100 260888 143302 4943730
6100 231017 120575 4681979
6100 218538 116927 4453842
6100 224935 125913 4594075
6100 234188 124472 5279356
6100 223062 123812 4413244
6100 249720 136280 5852906
6100 224550 117677 4491825
6100 233621 132931 4466099
6100 212297 117182 3980731
6100 228719 123452 4426365
6100 229569 118428 4004394
6100 222233 121727 4302355
6100 229835 127655 4637508
6100 221518 122514 4286124
6100 248640 137876 4784963
6100 232515 123340 4428181
6100 221355 123993 4330455
6100 214450 114491 4177990
6100 222272 124892 4451750
6100 226833 122872 4368636
6100 229448 127881 4481739
6100 229611 119463 4386946
6100 218836 119653 4226474
6100 224626 119314 4674213
6100 225307 119139 4669739
6100 230113 128305 4919905
6100 214043 113232 4529839
6100 243373 132097 4901258
6100 238501 127564 4427872
6100 218294 119890 4576538
6100 223181 119982 4522557
6100 218022 117199 4234794
6100 229498 122900 4641548
6100 224170 120031 4554281
6100 216303 114660 4528541
6100 246885 135858 4884512
6100 209811 115396 4439358
6100 224605 121320 4655774
6100 221423 120547 4527079
6100 229376 121553 4817697
6100 217308 121352 3984146
6100 223533 123472 3982211
6200 249435 137081 4694309
6200 221083 120887 3703341
6200 213784 115172 4449969
6200 243493 132914 4751495
6200 222107 122404 4560137
6200 219235 120187 4449351
6200 246183 131203 4652533
6200 229120 124440 4344183
6200 236085 126163 4681309
6200 213058 113929 4272496
6200 230516 130991 4840743
6200 231299 130496 5016462
6200 231347 122793 4612183
6200 225507 121412 4593536
6200 244586 133237 4893330
6200 217472 118397 4330973
6200 218418 116728 3684016
6200 218026 118279 4505114
6200 234529 123510 4566771
6200 232356 126955 4565199
6200 238523 128311 4742560
6200 228427 122041 4606993
6200 224942 124785 4466158
6200 233889 128524 4566716
6200 223843 121288 4527157
6200 232126 126294 4501469
6200 218304 121736 4614828
6200 223150 120413 4390702
6200 237485 132943 4489166
6200 227552 126014 4459973
6200 225739 122996 4357208
6200 234758 126529 4548674
6200 248699 134958 4948130
6200 226384 123997 4568260
6200 232776 130216 4449671
6200 227348 130414 4763080
6200 231688 124089 4667887
6200 227755 123858 4634707
6200 211579 114604 4412697
6200 235289 127627 4743017
6200 217712 116778 4374326
6200 237293 128817 4567136
6200 217225 117690 4546563
6200 214231 115754 4289626
6200 235042 127627 4569083
6200 213839 116986 4227793
6200 239537 130072 4713426
6200 224362 122976 4590165
6200 211556 113458 4567821
6200 250330 136202 4933871
6300 226142 124297 4420470
6300 229968 127090 4459858
6300 225842 121831 5192229
6300 263703 149231 5352481
6300 258225 136763 4324476
6300 234786 132274 4261359
6300 228021 123342 4630485
6300 222203 123926 4499723
6300 236815 125603 4629339
6300 232022 123271 4612014
6300 246486 137131 4897489
6300 238586 134741 4736276
6300 240387 124553 4555074
6300 233387 131232 4686398
6300 238011 127882 4878658
6300 226547 126371 4388708
6300 245403 137188 4859644
6300 241202 129205 4750724
6300 241042 131413 4836306
6300 226075 126343 4642345
6300 229867 129929 4743422
6300 242605 126972 4560232
6300 220956 120582 4503626
6300 236980 133170 5266853
6300 220701 120084 3650458
6300 257262 138011 4464479
6300 224623 124852 4685968
6300 222388 122584 3875958
6300 219369 122365 4065912
6300 229813 124219 4047631
6300 227702 124208 4372615
6300 258971 144010 5423400
6300 226200 123823 4418789
6300 226950 125206 4539562
6300 235259 132149 4877236
6300 229224 126568 4512577
6300 231251 132634 4325230
6300 236244 128589 4864178
6300 241512 137616 4769098
6300 245305 134573 4952916
6300 238402 130342 4786481
6300 218604 122639 4373218
6300 220684 120429 4385220
6300 262048 141686 5146021
6300 222011 122291 4009521
6300 239993 128326 4970517
6300 251610 136502 5129137
6300 251003 126392 4942389
6300 244447 134075 5081796
6300 229164 126564 4761739
6400 224192 125445 4818699
6400 244873 130233 4923515
6400 269266 153286 5268524
6400 256297 145432 5042023
6400 230601 130780 4489870
6400 235801 128023 4826662
6400 228385 124936 4517718
6400 237348 137264 4913274
6400 233811 126863 4618906
6400 239010 127171 4616360
6400 224472 122208 4448834
6400 226079 125484 4453265
6400 251118 135392 4952732
6400 232977 124898 4833413
6400 238210 128625 4887592
6400 262362 145121 5246695
6400 228792 127756 4660795
6400 236806 126101 4577246
6400 228933 125289 4723787
6400 228428 127022 4809371
6400 228289 128263 5030048
6400 235516 129103 4737864
6400 241519 136496 5020821
6400 218559 115237 4417020
6400 241337 130783 4786229
6400 244810 126909 4788866
6400 243934 137988 4980160
6400 232063 123867 4638807
6400 241112 126460 4173774
6400 221719 121687 4565667
6400 229671 126811 4574356
6400 255718 137062 5000744
6400 232606 128726 4739443
6400 239372 130557 4836270
6400 227884 121509 4711200
6400 256022 135894 5318936
6400 232287 129910 4744248
6400 248408 132326 4931399
6400 237405 132498 5096257
6400 277590 144262 5054117
6400 248425 134397 4663644
6400 254552 130739 5145948
6400 228087 123713 4806231
6400 248225 132499 5192400
6400 227223 126472 4509941
6400 229886 126546 4620347
6400 224909 125274 4416398
6400 246780 131687 5182639
6400 252136 133486 4704034
6400 238896 127522 4586810
6500 246055 139273 4779407
6500 227051 123919 4684332
6500 232799 132288 4447495
6500 230291 128333 4545022
6500 234148 126217 4635455
6500 259363 139502 5092146
6500 254834 136759 4898288
6500 242232 132254 4641393
6500 233818 127993 4513031
6500 239013 132527 5363023
6500 245697 134585 4719087
6500 236721 131173 4723583
6500 250770 142313 5480835
6500 235548 129575 4786490
6500 230664 125468 4791818
6500 254298 145566 5262884
6500 220663 119764 4451400
6500 236272 126454 4543684
6500 222939 123311 4720032
6500 230527 121634 4634298
6500 228917 124044 4876324
6500 237195 127037 4344247
6500 239959 134435 4530583
6500 255446 140635 5002510
6500 237975 131448 4525286
6500 237565 128135 4481938
6500 244253 133128 4904303
6500 244713 133673 4573798
6500 234883 129541 4572939
6500 242363 136362 4763637
6500 246087 135820 4704453
6500 242332 133410 4782626
6500 273708 147885 5285222
6500 239651 134370 8769861
6500 240676 130697 4937091
6500 223753 120551 4599863
6500 229631 122957 6356847
6500 250619 137880 8328424
6500 237044 130347 4873193
6500 248728 137598 6771204
6500 238045 128790 6565956
6500 245875 136358 7945144
6500 241383 132209 5043787
6500 252877 131693 5022600
6500 237203 130106 4757911
6500 237723 125614 5524092
6500 258884 144159 5177746
6500 255867 140436 5598946
6500 242769 137767 5337045
6500 249366 134933 4749750
6600 242690 130679 5270994
6600 242453 135188 4783632
6600 250881 128597 4804406
6600 240132 128104 4685171
6600 278414 150430 5361949
6600 251945 133611 4880846
6600 254898 145331 5167351
6600 273195 154830 5522342
6600 272211 143952 5280446
6600 264339 151572 5712757
6600 261506 142504 5206297
6600 248325 136290 5087219
6600 273323 149071 7508988
6600 258060 139346 5208195
6600 233320 127771 4783329
6600 256607 143279 5936925
6600 245299 135325 5118067
6600 251937 133111 5456611
6600 250229 137462 4865233
6600 247785 135162 4973588
6600 238697 133744 4396717
6600 257661 146618 5073929
6600 242197 137556 4949307
6600 250116 132345 4880922
6600 244151 133179 4592728
6600 229981 124838 4557613
6600 250823 135908 4955693
6600 240312 132768 5011707
6600 265558 144518 5269135
6600 227444 124179 4707518
6600 248993 134491 4565137
6600 230349 130051 4798870
6600 245778 135643 5107150
6600 236044 129577 4598546
6600 247476 134698 5045446
6600 238176 129864 5056892
6600 232873 124724 5005986
6600 239494 133070 4127641
6600 265124 150624 5053598
6600 240444 127501 4849741
6600 280170 142916 5451673
6600 237103 129945 4944818
6600 235904 130041 4726763
6600 232599 127992 4873888
6600 232576 123741 4654094
6600 236215 124558 5179488
6600 255681 145156 5291162
6600 247806 135277 5122740
6600 237721 134446 4853079
6600 243002 135405 4992624
6700 243826 128188 4762370
6700 260595 142698 5338388
6700 271600 150708 5523280
6700 230969 125249 4664122
6700 248833 143553 5174234
6700 250805 137847 5027665
6700 251973 135468 5091298
6700 236469 129006 5153123
6700 239775 133586 4779616
6700 237985 131782 5016722
6700 267386 146645 5644902
6700 240637 127817 4827055
6700 260973 140689 5315163
6700 279851 147121 5300083
6700 243896 140304 5104747
6700 287555 153280 5433859
6700 246375 132685 5003304
6700 250845 139906 5102574
6700 243742 136963 4864775
6700 241859 132599 5445881
6700 249577 140100 5037251
6700 257957 145125 5126478
6700 256578 132417 4980431
6700 244585 135423 3725634
6700 239788 133213 5003856
6700 253304 144442 5092309
6700 279417 147247 5535498
6700 233760 128518 4963552
6700 239744 128766 4310539
6700 249566 135192 5033221
6700 239170 132374 5110014
6700 233214 127679 5007964
6700 233862 131808 4841118
6700 255899 142712 5307610
6700 258517 136816 4973965
6700 240283 131793 3998538
6700 239484 126630 4523834
6700 230995 126662 4593227
6700 254786 136371 5212159
6700 243052 131875 5026888
6700 247029 132773 5046496
6700 261204 149095 5477126
6700 266831 145287 5467116
6700 260895 146586 5399813
6700 262109 145632 5261645
6700 240224 137003 4738188
6700 251499 141012 5170797
6700 252058 137985 5279010
6700 242032 130351 4941717
6700 251714 137479 5212336
6800 272462 152556 5266515
6800 262877 140333 5175898
6800 269540 150225 5836044
6800 264190 144407 5522210
6800 255932 137462 4788754
6800 253308 134318 5396118
6800 244126 131381 5423990
6800 270067 143334 4060919
6800 247761 135735 4847636
6800 255891 139251 4907710
6800 252796 138174 5064467
6800 236731 134498 4787712
6800 255102 136810 5236084
6800 248644 139003 4428488
6800 251998 135412 5187450
6800 258227 145049 4980315
6800 246807 133117 4670460
6800 245106 136071 5206221
6800 254264 140680 4664400
6800 254729 146927 5473708
6800 262342 140907 4957673
6800 260528 139469 5113209
6800 261334 152129 5346960
6800 253929 138345 4430179
6800 253899 136557 5110926
6800 266913 142720 5463144
6800 258641 142216 5493513
6800 251938 137821 5270741
6800 240889 129296 5036866
6800 251627 137169 5029713
6800 246409 132091 4884673
6800 243217 133181 4171667
6800 250832 141958 4410092
6800 241265 133436 4758361
6800 252234 142057 4597188
6800 242671 131621 4803551
6800 286817 160355 5636013
6800 250650 135438 4948446
6800 248647 136807 4891355
6800 266553 148472 5342634
6800 262224 138545 5215271
6800 255348 136454 5182787
6800 261920 149205 5384082
6800 247175 137194 5172639
6800 246086 132367 4092151
6800 262504 141363 5293825
6800 255967 141366 5230263
6800 255418 139982 4958716
6800 238015 130823 4958190
6800 261981 138551 5075373
6900 264869 147128 5350612
6900 277312 150494 5396830
6900 253099 137061 4962003
6900 251611 136746 4923798
6900 270827 152675 5565753
6900 258182 143568 4969976
6900 250025 133254 5032760
6900 242967 133775 5011604
6900 252728 142641 5147900
6900 250854 140851 5008083
6900 249679 134778 4738859
6900 262537 145121 5264421
6900 261498 142118 5174212
6900 252688 134941 5195109
6900 260952 145697 5228075
6900 257835 139059 4861922
6900 285678 166789 4941109
6900 241247 126949 4607484
6900 257227 139914 4912239
6900 263430 150022 5047967
6900 246683 137405 4986222
6900 242667 133882 4952683
6900 253756 140759 5242348
6900 243935 133583 4919953
6900 260364 139954 5129576
6900 252912 139085 5145704
6900 259067 141081 5168799
6900 267688 146890 5539098
6900 259657 138143 4701147
6900 272265 150080 5210800
6900 252869 139831 5343580
6900 265730 150582 5576416
6900 262738 138352 4233835
6900 264834 145598 5734598
6900 256581 147250 5338498
6900 275989 148772 5266834
6900 250648 134632 5189174
6900 258831 143103 5017221
6900 248659 138409 5116674
6900 251921 137549 5119610
6900 261200 142189 5125318
6900 289749 152691 6142195
6900 245442 137514 4962416
6900 265159 142295 5448940
6900 252293 132645 5089464
6900 254667 143597 5141837
6900 255067 139571 5239290
6900 252793 138311 4854221
6900 251423 140386 5117008
6900 276866 153112 5629591
7000 252697 131900 4330805
7000 259033 142489 4651811
7000 252372 136797 5181737
7000 255563 142579 4999349
7000 289423 154966 5616166
7000 256502 139417 4960906
7000 260654 141669 5126093
7000 244714 130595 4883410
7000 274806 151594 4631100
7000 280133 153373 5403907
7000 264301 146763 5301854
7000 286313 164917 5800913
7000 255488 139536 5016547
7000 245585 135229 4944779
7000 272599 144946 5461794
7000 254038 139427 4811823
7000 265870 151278 5331745
7000 265433 141197 5401956
7000 254116 137146 5403768
7000 273154 149095 6202079
7000 251719 134597 4938689
7000 276988 150568 5661850
7000 263459 144850 5345465
7000 258809 143589 5335312
7000 255123 138554 5218926
7000 259666 138867 5312577
7000 264074 145177 4697187
7000 254504 142661 4363925
7000 266901 137774 5270317
7000 254379 139337 5055788
7000 273681 158058 5523590
7000 271343 149995 5410712
7000 267931 154736 5225424
7000 266826 143226 4960155
7000 255508 140474 4442288
7000 264289 144678 5232639
7000 247945 132624 4972039
7000 262012 144518 5671794
7000 279573 147883 5250914
7000 264072 140674 5216165
7000 264605 144978 5069937
7000 251977 137740 4858707
7000 267659 137733 5262548
7000 265408 139229 5294621
7000 257702 141635 5194180
7000 267387 144299 5300983
7000 274737 147391 5166293
7000 265146 143210 5355507
7000 261745 141480 5260408
7000 253233 137496 5073732
7100 260940 141371 5281152
7100 257063 142024 5103468
7100 254205 137582 5037195
7100 257469 141310 5153722
7100 261806 147148 5237928
7100 270899 147033 5392648
7100 260628 139518 5208934
7100 268778 146684 5269240
7100 259727 145396 5143279
7100 278657 159368 5595856
7100 262913 141080 5162895
7100 254402 141496 5116686
7100 261801 141979 5200848
7100 260716 141942 5109062
7100 269867 148149 5468247
7100 289106 158605 5883426
7100 275898 151253 5530073
7100 268809 146236 5362442
7100 262352 139502 5210158
7100 259992 144774 5278428
7100 249561 134151 5111100
7100 251714 138004 4937204
7100 267873 141046 5368387
7100 270338 147861 5574189
7100 272000 156420 5379786
7100 283494 150682 5806136
7100 257258 134758 5019194
7100 264544 145089 5185335
7100 296294 164026 5669283
7100 261085 138290 5125223
7100 255197 139039 5128491
7100 249986 138629 4991185
7100 253179 141496 5437511
7100 265304 145212 5417141
7100 256271 143295 5377325
7100 262247 140678 5317793
7100 276723 157912 5341489
7100 275677 151505 5054500
7100 277374 153219 5861702
7100 289471 156625 4889631
7100 264174 145177 5279691
7100 263124 146292 5395686
7100 248452 137650 5099963
7100 259738 142432 5234666
7100 264193 144990 4749339
7100 254838 140142 5460053
7100 272342 154225 5549513
7100 262148 140233 5325411
7100 283633 149825 5981960
7100 261890 145645 5235494
7200 262731 142419 5542339
7200 258650 144000 5273018
7200 269344 148702 5390415
7200 262363 144646 5116634
7200 275750 149774 5213087
7200 261482 141337 5464765
7200 260776 141105 5030553
7200 268052 147841 5362612
7200 274806 144992 5245785
7200 274130 145126 5303872
7200 280382 157540 5544948
7200 273121 149956 5555103
7200 259227 141836 5202442
7200 277955 149484 5366992
7200 281360 157763 5766703
7200 291982 161893 5922019
7200 260416 141205 5386868
7200 262027 139490 5282277
7200 274768 148739 5296392
7200 260743 144975 5245169
7200 282376 148337 5515952
7200 285915 154693 5694006
7200 283032 151192 5663240
7200 274442 146213 5083831
7200 272064 148588 5231018
7200 309233 171141 4908343
7200 248651 134597 4866168
7200 269442 145499 5617969
7200 270034 144875 5488082
7200 305181 167130 5982077
7200 265443 145083 5455915
7200 258339 140186 5138543
7200 256982 142529 5121178
7200 279258 150352 5659111
7200 263937 143175 5254501
7200 286720 153851 5599052
7200 253210 138887 5097454
7200 272227 147679 5468333
7200 260949 143113 5461129
7200 263620 142491 5652884
7200 284043 160528 5858736
7200 261015 145648 4961758
7200 271155 145371 5573919
7200 293530 163554 6560669
7200 279778 148361 5423567
7200 267346 144531 5535227
7200 271513 153865 5701494
7200 261956 144307 5449226
7200 285622 155068 5732654
7200 266971 147374 5282601
7300 274636 156722 6405928
7300 264293 145804 5307654
7300 309412 171817 6283743
7300 289348 160349 5755725
7300 268557 144315 5493513
7300 265028 145831 4797340
7300 264676 147020 5430329
7300 279712 148481 5605359
7300 284669 151607 5493469
7300 264526 143623 5580023
7300 276721 150168 5377565
7300 303054 162220 6499322
7300 263057 138955 5192640
7300 283370 153104 5709478
7300 274118 152969 5643132
7300 269562 150483 5982757
7300 274545 151998 5432586
7300 280325 154760 5523229
7300 283681 158227 5635684
7300 269430 146236 5359378
7300 276476 159083 4564898
7300 265407 144993 5257619
7300 294459 157417 5897753
7300 276949 146028 5470537
7300 269716 151070 5146248
7300 258224 139116 5303974
7300 285230 149261 6541507
7300 296688 165801 5772406
7300 270594 143733 5151888
7300 274739 154653 5595709
7300 263628 146488 5464876
7300 274013 147832 5759494
7300 278787 152653 5448780
7300 266822 145834 5516836
7300 267737 141747 5583894
7300 273662 148961 5886765
7300 264300 147378 4734691
7300 312945 166302 6252308
7300 271158 148899 5641676
7300 267563 145283 5127825
7300 264534 146482 4903416
7300 302081 150911 5087643
7300 265688 145348 5009651
7300 280071 156942 5703104
7300 278415 152418 5475665
7300 283201 157205 5371238
7300 263383 142103 5417668
7300 277390 150983 5668039
7300 268881 142891 5782531
7300 262937 147862 5918043
7400 287025 150322 4392074
7400 295852 166621 5544273
7400 299422 162864 5035730
7400 266810 144573 5706075
7400 285470 155002 5832751
7400 260698 142457 5672737
7400 274776 148914 5457291
7400 274805 150517 5522138
7400 278231 156934 5571093
7400 295086 166215 5830814
7400 272381 151116 5586173
7400 279763 156189 5877833
7400 285501 154551 5440936
7400 277870 149863 5420220
7400 265409 146179 4747334
7400 289125 151666 5820920
7400 284503 156590 5641956
7400 275769 152171 5448574
7400 268626 147521 5287192
7400 286773 156508 5688474
7400 279873 155962 5606992
7400 264341 147916 5176209
7400 284266 152551 5824368
7400 275901 150615 5230326
7400 267473 146334 5481402
7400 278600 149912 5619716
7400 276634 151313 5374503
7400 296642 157239 5832006
7400 289446 161440 5852293
7400 280251 152920 5283792
7400 277004 153928 5490577
7400 260133 143030 5491687
7400 279747 158526 5800667
7400 271367 147269 5570992
7400 264277 148380 5522762
7400 282236 152061 5925911
7400 287081 160093 6031202
7400 279878 151030 5447724
7400 274867 152734 5391432
7400 277835 148739 5637170
7400 285489 154863 5703807
7400 278797 145839 5260141
7400 281877 159446 5482061
7400 297436 167841 5673449
7400 283375 154889 5567275
7400 276189 151121 5381799
7400 292479 154007 5742321
7400 277699 148271 5420214
7400 291040 160186 4858950
7400 292799 156825 5990728
7500 277557 151512 5312874
7500 290381 165675 5200693
7500 308034 157925 5803593
7500 280029 146459 5785893
7500 283665 161547 5658134
7500 274208 150655 5538717
7500 294864 165271 5021273
7500 285662 158285 6258260
7500 268302 145318 4513248
7500 293177 158088 5486110
7500 292469 155401 4681888
7500 269852 146224 5796635
7500 277669 152356 5541746
7500 278721 150249 5516607
7500 328111 173757 6254622
7500 290850 160212 6116845
7500 290305 157190 5592572
7500 321989 175822 6216471
7500 284765 161046 5935128
7500 299604 152553 5546411
7500 274587 151647 5571441
7500 283423 153282 5928558
7500 272841 152023 7130992
7500 271216 148484 5551159
7500 278376 149939 5288788
7500 278213 156914 5741673
7500 277019 147396 5352641
7500 273199 154905 5638560
7500 279048 147683 5241552
7500 276163 148968 5884699
7500 277570 157984 5435488
7500 284312 155589 5559900
7500 279803 150945 5449623
7500 288183 160309 5853374
7500 294813 156516 5975120
7500 297110 160720 5963064
7500 283429 158397 5590669
7500 287388 160030 9522899
7500 282849 158836 5709199
7500 302870 153604 6419013
7500 290273 153477 6242172
7500 269251 145938 6106004
7500 275495 151535 5890766
7500 300245 158958 6588234
7500 293952 162994 5803256
7500 269989 148854 5516701
7500 275551 150603 6251702
7500 275578 148078 5875221
7500 279611 148379 6064682
7500 270183 151892 6086159
7600 287035 152036 6058031
7600 286784 158280 5936700
7600 289334 156733 5655753
7600 280940 155384 5557536
7600 298357 158575 6000687
7600 319240 174294 6341699
7600 300641 160468 5915587
7600 308339 166385 6206759
7600 273153 150129 5498832
7600 276883 152210 6134631
7600 308820 164520 6379726
7600 280144 154230 5981103
7600 300284 159307 6199393
7600 298615 167042 5947542
7600 290182 164944 5602782
7600 324190 177411 7251046
7600 284176 153237 5525970
7600 296641 160414 5734904
7600 271742 147307 6114568
7600 289440 157682 5554829
7600 275576 150619 5362007
7600 283324 159610 5749153
7600 300453 166354 5975135
7600 287823 154850 5670854
7600 287243 154109 5559468
7600 300770 172023 6095565
7600 285877 160593 5509455
7600 269452 145094 5807427
7600 283797 150821 6332577
7600 288686 157509 5542568
7600 288804 151413 5472801
7600 286693 156858 6389207
7600 294532 162843 6185466
7600 288169 159089 6362678
7600 266080 144403 5612728
7600 278311 152611 6047154
7600 278655 153937 5798861
7600 281771 157792 5728797
7600 272142 146266 5505426
7600 283047 152472 5526594
7600 283093 151466 5516483
7600 301066 167112 5776407
7600 295297 160899 5632202
7600 287473 163079 5711954
7600 279474 153235 5739500
7600 286003 160485 5719895
7600 288021 151130 5681150
7600 274838 151580 6151856
7600 300343 162860 5756297
7600 298642 158929 5598739
7700 294759 160702 6610312
7700 288216 158055 5955036
7700 288423 154484 5807137
7700 290057 156399 5791326
7700 306383 166633 6004032
7700 286170 154306 6408204
7700 275920 152161 5277867
7700 308087 164723 6198887
7700 298246 159199 5890837
7700 305651 163508 6067583
7700 310207 164369 5968597
7700 283709 159120 5763383
7700 278326 154710 5734455
7700 319641 182901 5872127
7700 302953 169102 5972576
7700 286539 159568 5205216
7700 281455 149548 5744673
7700 296553 164721 5762028
7700 290397 156276 5317711
7700 288631 152422 5405437
7700 277788 148796 4272759
7700 322381 171947 5974105
7700 283479 158340 5783903
7700 290366 154524 5787428
7700 290257 163638 5913713
7700 286025 159543 5942791
7700 287996 154071 6074147
7700 288644 159714 4457485
7700 282484 153554 5586608
7700 299837 155675 6614810
7700 291691 163451 4616313
7700 301468 167570 6273460
7700 289536 166113 6069059
7700 269595 146437 5646810
7700 319219 183336 5913120
7700 304371 168841 6191985
7700 302739 166906 6049548
7700 276837 153016 5274075
7700 290243 162448 5935862
7700 293719 162717 5237673
7700 285536 158570 5987336
7700 291578 159333 5766460
7700 306108 166172 6066492
7700 290091 163654 6023923
7700 290983 156043 5870348
7700 304381 173343 6285752
7700 298443 157310 5792804
7700 302948 167439 6468862
7700 302065 168936 6026839
7700 281958 152919 6347938
7800 297232 171192 6253243
7800 282527 148562 5578362
7800 320702 171332 6129012
7800 296868 158815 4968260
7800 310327 164223 6227523
7800 289134 158752 5847875
7800 304118 168875 6143858
7800 317066 178098 6358062
7800 285377 156416 5697088
7800 287661 160641 4689293
7800 311358 163791 5634787
7800 305618 159627 5456919
7800 301424 166924 5858141
7800 287226 153625 5826671
7800 303204 175169 5813809
7800 297833 165478 6165886
7800 298534 172491 5560910
7800 279705 149510 5770685
7800 298351 163011 5960704
7800 284368 158183 5914170
7800 287635 152473 5183245
7800 308851 165217 5469857
7800 298734 168613 6045167
7800 286807 158018 5939034
7800 285401 158801 5899550
7800 292852 160050 6732467
7800 294738 161653 5665786
7800 297227 158223 6238172
7800 326783 178621 7264402
7800 329553 182931 6150816
7800 301194 166856 6101816
7800 295821 163982 5854604
7800 293323 155331 5475060
7800 285226 151842 5726737
7800 290689 159419 5747383
7800 294751 158962 5772830
7800 296796 163962 5881676
7800 286754 158386 5752410
7800 314951 177666 6186049
7800 326713 172680 6363096
7800 297575 160304 6075900
7800 298789 165671 5593356
7800 284708 160338 5020376
7800 325597 174454 6812053
7800 299117 161619 6479956
7800 288281 156627 5589542
7800 291820 162801 4979944
7800 291692 161498 5580079
7800 305107 170400 6152150
7800 290404 154465 5765676
7900 290641 161962 6049161
7900 312799 178141 6436837
7900 284578 161298 5837838
7900 292364 158660 5636822
7900 290537 159896 6358723
7900 291921 162272 5735676
7900 314041 164665 6594090
7900 302557 162605 5663865
7900 285412 152800 5251712
7900 305490 160281 6179579
7900 283402 155449 5846104
7900 290825 163306 5543978
7900 302694 164926 6081234
7900 305935 166336 5739663
7900 307626 166568 6185888
7900 307198 167848 6007377
7900 283031 150862 5797087
7900 327753 178707 6575923
7900 290667 155526 5696624
7900 290647 159629 5951985
7900 317092 176604 6445042
7900 319587 172941 6256905
7900 310312 172341 6409568
7900 297722 167619 5883558
7900 291435 162508 5815624
7900 303301 164506 5245243
7900 283229 150379 5583681
7900 314232 173897 6303737
7900 297896 155618 5402015
7900 285713 157860 5255542
7900 290522 158771 6259242
7900 312042 170419 6054500
7900 301169 159700 6037038
7900 295747 162658 5908494
7900 297582 167307 6215931
7900 300363 164702 5324645
7900 296676 159027 5782836
7900 292110 158616 5717431
7900 296672 161153 6586398
7900 287322 156195 6085970
7900 291931 163718 6116330
7900 330471 163913 5511870
7900 302183 164102 6401300
7900 295550 161309 6043154
7900 299149 165032 6222197
7900 294499 154435 5979079
7900 305913 173309 6204186
7900 291598 158480 5886082
7900 283422 152895 5673869
7900 281033 154924 5450880
8000 321700 168483 6203133
8000 336058 177155 6746900
8000 307073 157886 5884434
8000 292239 157352 6038656
8000 298592 161756 6516493
8000 343209 180065 7127084
8000 312557 169816 6008748
8000 332722 170885 6457822
8000 281113 152301 5289925
8000 309306 168084 6266827
8000 315479 164656 6159387
8000 301060 165174 6299707
8000 289394 159574 6015577
8000 299975 163241 5605689
8000 307873 169100 6074917
8000 297711 160572 5923843
8000 312794 169933 6511676
8000 292297 160199 5739692
8000 310263 166559 6276999
8000 318004 168022 6345804
8000 295907 164379 5999965
8000 342081 183446 8324712
8000 321742 180765 5808309
8000 310661 158655 5242817
8000 319339 169971 5880589
8000 311327 166198 6283367
8000 320090 176122 5999791
8000 306580 175742 6373186
8000 283579 154534 5848673
8000 297134 166173 5954336
8000 301219 166081 6156694
8000 297448 155514 5522510
8000 315689 175672 6176282
8000 287640 161877 5925274
8000 282218 156192 5875916
8000 300301 166887 6226982
8000 336636 179489 6323704
8000 282789 154168 5519338
8000 289711 154875 5464992
8000 322033 179159 6378447
8000 309897 170670 6002993
8000 302422 167437 6242637
8000 285995 158456 5834595
8000 304455 165889 5149960
8000 300476 164017 5667375
8000 293039 159931 5598464
8000 311811 165741 6221557
8000 330136 172102 6136211
8000 292167 164508 6057729
8000 339586 189740 6544636
8100 311184 164649 5937608
8100 325893 174627 6466701
8100 301566 162771 4563100
8100 308065 164893 6350360
8100 310863 177684 5274252
8100 312423 172363 5415756
8100 303055 172325 5737969
8100 307105 161541 5145253
8100 345029 180874 6514832
8100 332558 177781 6640253
8100 320710 175989 6261925
8100 309525 165297 5984312
8100 304137 165622 6189438
8100 307442 174357 6200115
8100 306171 168747 6524104
8100 298732 162797 6070027
8100 298726 161430 5895181
8100 308697 163114 6326297
8100 315666 168563 6058352
8100 342582 189480 6847066
8100 294305 161838 5988426
8100 294400 161873 6015378
8100 294283 156832 6039910
8100 326038 176499 6554960
8100 309315 173533 6476136
8100 306519 168402 8695095
8100 328721 177329 6683554
8100 341969 185975 7309068
8100 294019 161361 5890802
8100 303615 168988 6437610
8100 320997 178713 6580041
8100 301891 164622 6018689
8100 315727 176386 6465521
8100 312331 170110 6717888
8100 310477 165062 6387775
8100 303984 166360 6230835
8100 300259 163656 6343447
8100 314009 174265 6886427
8100 305638 164279 6083507
8100 309904 168514 5960592
8100 308827 166387 6168607
8100 329039 181496 6542771
8100 299518 163855 6480084
8100 293774 155796 5595710
8100 307315 170591 6118578
8100 298368 161794 5985128
8100 305522 164801 5965971
8100 315213 171691 6049619
8100 321989 170340 6306276
8100 290319 156644 5614512
8200 329273 183614 7114180
8200 304941 168412 6202453
8200 310065 178871 6152531
8200 298743 162885 5837913
8200 301963 161573 6292648
8200 325442 182795 6489655
8200 308387 170701 6573591
8200 300615 166181 6360597
8200 314576 176059 6537918
8200 329533 174775 6648621
8200 345380 186681 6986948
8200 326147 172253 8799351
8200 315232 166843 6645843
8200 330574 188522 6607494
8200 353524 178256 6770030
8200 303365 166441 6208974
8200 301430 161156 6082776
8200 358597 186615 7043536
8200 295846 162646 5890290
8200 310535 161802 5850894
8200 300339 165260 6202724
8200 298627 160976 5786565
8200 303632 164174 6043191
8200 318934 170897 6239156
8200 325108 176043 6445378
8200 330763 174326 5693522
8200 326878 176058 4935031
8200 298009 162159 6860477
8200 351431 184729 6698693
8200 321429 180744 6656746
8200 297846 163126 6280125
8200 296053 164572 5741486
8200 297231 167491 6130081
8200 303468 171090 5986151
8200 339743 181158 6849035
8200 328489 178355 5625073
8200 312448 170558 6037206
8200 331612 186560 6306674
8200 311695 171497 6151193
8200 311765 164682 6201357
8200 323959 181460 6224047
8200 329669 176050 6360145
8200 312324 172195 6109134
8200 311500 168413 6121395
8200 306146 170626 6133689
8200 308209 171539 5839737
8200 319113 174590 6428642
8200 305887 169857 6398109
8200 304436 168462 6195775
8200 329911 165834 4986448
8300 315603 167198 5704354
8300 324446 171894 6351618
8300 326177 179459 6583817
8300 306068 165591 6318326
8300 312123 169519 6356110
8300 324374 173400 6661810
8300 322756 177360 6882671
8300 338873 181798 7015174
8300 312526 170853 5722366
8300 308968 171346 6245817
8300 309189 166215 6315952
8300 303988 162710 6045907
8300 308353 165530 7110374
8300 318820 175928 6798492
8300 294330 160768 5931046
8300 338633 175467 6383801
8300 321428 175863 6677874
8300 312755 170067 6210323
8300 301464 164404 6025320
8300 312970 171600 6530580
8300 334619 183305 6730735
8300 321020 175840 6499391
8300 313016 175791 5910440
8300 309089 175207 6409162
8300 303591 167868 6380149
8300 298512 164341 6066339
8300 315053 168137 6076449
8300 316040 176199 6647118
8300 325342 181912 5970448
8300 307613 173569 6681545
8300 313940 172559 6107181
8300 311108 171600 6311974
8300 322062 173752 6335771
8300 321874 178622 6284826
8300 368942 189545 7084483
8300 344384 191513 6436008
8300 307554 167669 6408339
8300 319032 175292 6380621
8300 318026 176441 6352312
8300 311228 176722 6682706
8300 308887 166254 6515149
8300 324347 179448 6611046
8300 305482 173059 6279196
8300 337076 179773 6237125
8300 321849 178949 6536664
8300 327714 176162 6506274
8300 295771 163623 6194050
8300 307289 169560 6613422
8300 300785 167783 5423985
8300 305679 169525 5673257
8400 343157 194747 5519794
8400 347480 180206 6869076
8400 348176 176070 6333492
8400 323488 177657 6936382
8400 331074 174603 7051423
8400 317777 173086 6513918
8400 336181 182835 7121379
8400 325754 172650 6435417
8400 345179 187366 6874717
8400 350096 199256 6777519
8400 344689 189929 6038042
8400 315033 174282 6319347
8400 308848 164941 6019055
8400 335052 184803 6599519
8400 338429 176540 6782482
8400 333454 171617 6524071
8400 317130 166462 6336156
8400 325128 179675 6505812
8400 301094 164611 6213389
8400 304566 167884 6061664
8400 321297 180382 6733406
8400 324978 176809 6617759
8400 353434 188648 6937112
8400 317887 166570 6404934
8400 338840 184246 6233429
8400 348172 188503 6069710
8400 329854 173591 6508149
8400 348562 189689 6865324
8400 322231 167058 6278181
8400 315559 171277 6306077
8400 306170 169945 7993093
8400 313987 174401 6937094
8400 320643 175088 6844022
8400 323657 172863 6691973
8400 298071 163044 6545506
8400 311132 169957 7764960
8400 325347 179249 5586653
8400 304977 169188 5656196
8400 310090 170454 5844440
8400 309640 166922 6431346
8400 322372 177142 6595660
8400 314763 172374 6230059
8400 321947 177518 6547744
8400 321282 171974 6555175
8400 347002 185848 6964490
8400 328169 179725 6554474
8400 314505 169699 6451278
8400 317046 174945 6238042
8400 328635 177744 6693689
8400 320038 171268 6335066
8500 315867 172639 6508815
8500 309472 167079 6106396
8500 318381 179082 6472901
8500 320175 178123 6189554
8500 317714 174997 6454054
8500 337343 185670 6284672
8500 313707 170634 5759634
8500 331762 176332 6501366
8500 319132 167312 6322988
8500 333867 182661 6617675
8500 328489 177649 6505674
8500 333894 179697 6723539
8500 318037 168246 6251307
8500 329959 184316 6744474
8500 317975 175660 6523662
8500 333335 185061 6382272
8500 311637 172136 6394943
8500 336055 184238 6691279
8500 323218 182802 5781110
8500 332887 178795 6547354
8500 316974 177112 6283032
8500 333491 185589 6677034
8500 314106 169913 6383143
8500 337136 184991 6828733
8500 324333 176227 7437698
8500 374016 198905 7270918
8500 337103 179599 7109338
8500 332968 177702 6805068
8500 323166 176274 6715186
8500 339120 184377 7008649
8500 319096 173076 4977912
8500 325100 177604 5783432
8500 345267 191369 5317111
8500 337280 183296 6040082
8500 335055 181084 6075953
8500 319898 178147 4934080
8500 333100 171491 7174058
8500 312707 169252 6409213
8500 328276 180945 6756013
8500 311106 173988 5681628
8500 349934 189340 6797864
8500 320862 175943 5732413
8500 367782 189181 7270479
8500 313860 172895 6568911
8500 314633 171183 6113793
8500 333476 189376 7046412
8500 339530 174978 6905978
8500 336516 188146 6746842
8500 308073 168202 5991798
8500 323844 182982 6939073
8600 323009 178889 6815297
8600 353929 201953 6075812
8600 326510 173343 6242204
8600 324522 179991 6692118
8600 374055 194668 7186958
8600 342690 181397 6215804
8600 313796 171301 6718279
8600 316528 172741 6068822
8600 316851 167526 6546294
8600 331545 186354 6540443
8600 314625 176010 6453196
8600 337001 186258 7037520
8600 329709 185458 7011589
8600 331118 177229 6811276
8600 333403 180617 7005544
8600 336040 186731 6973269
8600 330333 179005 6742781
8600 320168 172827 6398181
8600 314203 171187 6393767
8600 336741 189221 6844625
8600 342976 186336 6897888
8600 334941 194622 7163498
8600 360625 190951 7224018
8600 327808 183298 6758738
8600 358286 196738 7352541
8600 327515 179922 6754227
8600 326164 181886 6737457
8600 331400 178773 6777351
8600 336505 186630 6740807
8600 315603 167408 6763550
8600 332324 183745 6698681
8600 310600 169097 6459579
8600 314942 170952 6083379
8600 332742 182973 6572982
8600 323729 174612 6339093
8600 329691 185771 6832587
8600 343377 181727 7113584
8600 336095 175517 6848349
8600 316750 177346 6629590
8600 334742 183114 7117090
8600 328331 181485 6662809
8600 303767 165472 6176776
8600 363334 200650 7394888
8600 338404 185596 7244794
8600 339126 181912 7240789
8600 314613 171966 6721303
8600 333071 173686 6853883
8600 307319 168348 6456326
8600 324092 182640 6466753
8600 307845 167007 5807412
8700 319816 173179 6502715
8700 335863 180727 6918338
8700 309525 166383 6140333
8700 345997 184742 6574576
8700 331676 187148 6120966
8700 352373 197029 6805734
8700 326687 184033 6805580
8700 329337 177431 5721291
8700 330228 180875 6467791
8700 351010 187051 6908953
8700 345226 189946 6795506
8700 329024 181527 5864718
8700 320902 176059 5011327
8700 314394 173598 6277785
8700 351052 194793 7043460
8700 333935 189916 6707935
8700 340666 183727 7027310
8700 315771 174064 6337057
8700 326338 174905 6241057
8700 334027 176696 5696888
8700 339105 190460 7048824
8700 334164 188834 6918347
8700 358560 197279 6844250
8700 332691 185582 6805401
8700 317631 170586 6563489
8700 340898 185561 6817919
8700 354785 184392 7092045
8700 332441 185719 6875552
8700 326465 179599 6776776
8700 346551 188128 6223633
8700 317571 170484 6376097
8700 340138 187394 7027826
8700 316972 175428 6345141
8700 358110 207885 7105021
8700 363646 203126 6111561
8700 349470 187946 7233781
8700 348046 187506 7126107
8700 351431 189033 7427405
8700 328711 186073 6427827
8700 333146 187330 7003486
8700 339861 178671 7097247
8700 309484 170063 5685456
8700 319938 178793 6595710
8700 332174 186699 6153648
8700 330610 180238 6190410
8700 351929 195479 7418890
8700 343230 196165 7292173
8700 330819 189799 6759845
8700 339950 182124 6657303
8700 371099 200998 7213084
8800 355640 187396 6921117
8800 334813 179626 6564400
8800 326847 178223 6676881
8800 355472 196824 7361871
8800 326952 179105 6888143
8800 347518 193524 7042776
8800 313738 167658 6592857
8800 365179 195831 7270307
8800 349332 185940 7068254
8800 361601 193341 6820173
8800 339943 184267 6728566
8800 342596 194885 6990832
8800 335527 183323 6030300
8800 339951 185028 6738630
8800 357794 188912 6929825
8800 346688 189752 6593836
8800 340880 184487 6412171
8800 351910 191494 7288574
8800 337088 179550 6832187
8800 349939 191236 7567136
8800 343599 189051 6934149
8800 338632 184363 6664674
8800 335709 182547 6440813
8800 356309 199437 7130455
8800 340486 191231 6948051
8800 346703 192598 7155657
8800 361127 204133 7365073
8800 336001 189213 6640049
8800 364890 190219 6697709
8800 338086 186121 6011692
8800 334211 183627 6241695
8800 337929 187438 5768026
8800 353761 194163 6180476
8800 331096 181891 6821463
8800 333926 187489 6889769
8800 338971 192603 6840574
8800 342131 186216 6966629
8800 364781 191795 5512732
8800 345894 189157 7079725
8800 331171 180996 6605967
8800 336516 179679 6865658
8800 347539 192429 6981584
8800 359351 200256 7312312
8800 357337 194458 6972328
8800 359263 199098 6888690
8800 336598 183476 6687022
8800 319636 174166 5138369
8800 335658 181655 5905739
8800 359913 190466 6562768
8800 325805 176764 6595328
8900 344270 182324 6639217
8900 364081 191633 6827397
8900 336318 185401 6828757
8900 332840 180262 6408694
8900 335226 183586 6860935
8900 324485 177979 5784821
8900 350288 191115 7114446
8900 324971 176235 6702665
8900 334867 181245 6668925
8900 340881 184358 6812669
8900 367573 199829 7183015
8900 373379 198203 6295535
8900 344845 185019 6862370
8900 374543 210310 7460962
8900 359917 194425 7154910
8900 335892 185000 6570692
8900 387165 204356 7381828
8900 358406 192522 6881940
8900 344141 188044 6824099
8900 332514 184683 6703149
8900 348119 188721 6946447
8900 323610 172498 6494807
8900 377274 203203 7291323
8900 335442 179492 6329654
8900 366654 205292 7563304
8900 334802 178440 6848284
8900 340010 190358 6827294
8900 326097 180106 5989349
8900 335662 186542 6685259
8900 357563 202918 6187304
8900 366720 188129 6722372
8900 326273 176831 6463557
8900 366963 192300 6361313
8900 355448 193028 5610317
8900 344874 192583 7117898
8900 345070 193836 6750717
8900 337802 180345 6841964
8900 353087 194479 7388413
8900 376928 211005 7362000
8900 345846 187837 6880050
8900 326745 180483 6036100
8900 334308 179722 6622508
8900 337733 180231 6654339
8900 332100 186875 7081147
8900 347588 193775 6804549
8900 349582 193677 6814847
8900 346770 192938 6842470
8900 328504 176822 6536208
8900 334552 184035 7397454
8900 333292 184431 6563655
9000 349656 188451 6794376
9000 342951 187325 6818323
9000 339921 180301 6928524
9000 349851 192858 7114344
9000 367283 199519 7160245
9000 362889 196596 7172205
9000 339335 184380 6917035
9000 349918 193648 7228357
9000 354288 186680 7195329
9000 359665 204945 7249145
9000 347935 188811 6899072
9000 367696 197449 7239628
9000 338163 186217 6781831
9000 344034 184358 6252857
9000 343282 184967 6476736
9000 326729 174900 6746628
9000 357224 193164 6662251
9000 367280 210600 7436516
9000 348874 192996 6988119
9000 362462 204068 7471656
9000 347934 193557 6760970
9000 338488 185326 7041362
9000 377537 215594 7430110
9000 357175 194390 7259677
9000 328839 177212 6667065
9000 340864 186161 7034551
9000 332335 180480 6942325
9000 354196 184093 6016340
9000 331972 181673 6194057
9000 356168 197098 6709268
9000 342121 185231 5428026
9000 362335 199674 7077198
9000 336208 184311 6873086
9000 361162 201217 7285774
9000 357518 187755 6495020
9000 381669 209008 7663749
9000 332984 181177 6834664
9000 332766 177693 6789790
9000 345100 185114 7175250
9000 340762 186981 6865082
9000 356430 188671 6923338
9000 357053 187707 6847331
9000 356102 187713 6781091
9000 327323 179084 6631888
9000 344582 192584 6927528
9000 331635 174350 6675057
9000 332450 180293 6620871
9000 329040 178225 6870966
9000 352477 182793 7025510
9000 333876 175290 6714227
9100 353015 193724 7238945
9100 358936 200676 7455188
9100 337355 180756 6761015
9100 353006 196993 7326428
9100 389629 220235 7956342
9100 356902 189619 7132208
9100 374793 206898 7284756
9100 345792 183684 6867741
9100 348194 185689 6824842
9100 357170 195935 7172505
9100 349693 195803 7086317
9100 339425 183688 7007909
9100 359617 201065 7089139
9100 336655 173983 6709133
9100 331227 178498 6840409
9100 364613 197251 7411697
9100 358764 197268 7202507
9100 349892 193597 7358778
9100 374473 206689 7448430
9100 354305 194817 7165440
9100 352199 191018 9780595
9100 345450 189093 7613463
9100 383188 203735 8043660
9100 360089 197244 7579681
9100 330887 181528 7323484
9100 356718 195741 8108181
9100 367871 205048 7249445
9100 343975 188478 6996011
9100 368975 209372 7599301
9100 390845 216307 8274738
9100 380875 210016 7947508
9100 338655 187815 7391606
9100 359997 202614 7926077
9100 393315 217638 8079014
9100 382288 212954 7675628
9100 341580 181591 7012419
9100 350459 193762 6311124
9100 352126 184042 6992402
9100 374268 212333 7347408
9100 353205 186678 6715716
9100 366238 204231 7456017
9100 361519 194528 7169612
9100 351313 189551 6792089
9100 360296 188810 7332578
9100 345189 196386 7158959
9100 367410 204789 7567469
9100 347603 185333 6666433
9100 356363 197703 7080283
9100 354120 196647 6948567
9100 363180 186052 7151632
9200 368925 194848 7525002
9200 350283 187878 7673526
9200 346126 187583 7198810
9200 351491 188685 7095399
9200 351944 189598 7076002
9200 343939 189461 7110373
9200 363264 199577 7999217
9200 342696 182953 5810755
9200 361096 202421 7719215
9200 349550 192375 7052331
9200 376168 211962 7469815
9200 372107 211217 7596066
9200 339745 187553 6848938
9200 382184 216909 6950508
9200 369656 211678 6236211
9200 344766 187793 6724403
9200 356101 187371 6697592
9200 368607 207047 7399093
9200 356638 194157 6970260
9200 356214 194424 7188846
9200 366048 206126 7181304
9200 361529 196003 7222300
9200 339397 184698 6813068
9200 337144 185851 6535036
9200 337604 184500 7268922
9200 360489 196059 7470727
9200 344530 187745 7250218
9200 355094 199573 6550376
9200 360041 205737 5649929
9200 367214 194352 6233765
9200 350213 194582 5838514
9200 379323 214514 7073896
9200 385416 219327 8030187
9200 377024 205808 7749809
9200 353617 188566 7017571
9200 339316 189556 6401970
9200 341777 183763 5702611
9200 368302 201182 6981682
9200 359562 199560 7090391
9200 346722 194171 6877176
9200 363267 203656 7358037
9200 357082 191353 7257458
9200 357316 199903 7136140
9200 353755 196366 7440249
9200 361217 198207 7181841
9200 359385 194473 6225629
9200 360075 193071 7239407
9200 354801 200955 7333374
9200 374146 201025 7598681
9200 350119 190720 6884386
9300 333993 183632 6830877
9300 354598 187108 7456630
9300 360727 205414 7192158
9300 341559 188326 6870216
9300 368234 202982 6985065
9300 375377 208535 7644305
9300 354719 195879 7312999
9300 376592 217342 7836812
9300 350736 185535 6987065
9300 353004 188706 6783260
9300 395712 217053 7731494
9300 373730 197575 7280150
9300 344260 187314 6886919
9300 378241 206780 7578019
9300 380196 203218 7558422
9300 346664 191267 7195348
9300 347090 191804 7586631
9300 367949 197153 7382236
9300 359641 204381 7587699
9300 370000 205376 8265459
9300 367166 202176 8530234
9300 358131 197053 7836066
9300 378843 211432 7852112
9300 359418 195437 7690700
9300 366485 204209 7713009
9300 376609 199779 10396798
9300 343997 186296 7087912
9300 347195 188526 5933678
9300 375400 202434 6678226
9300 361061 194584 6241096
9300 353779 192477 6342066
9300 367305 200813 6856841
9300 372749 198741 7530998
9300 385826 217921 7679574
9300 390038 211287 7688512
9300 382066 207320 7619166
9300 341422 188981 6927830
9300 362453 194604 7300652
9300 369505 205800 7814286
9300 394098 216251 7772980
9300 333749 180897 6732427
9300 392306 223459 7903095
9300 342423 187076 6116938
9300 356601 196694 7314485
9300 403381 216710 8165412
9300 355322 198741 7027501
9300 369926 206992 7378617
9300 354230 194266 6873308
9300 391866 206111 7805186
9300 361004 198398 6828212
9400 390737 207008 7687186
9400 344998 195975 7320396
9400 353252 198257 7777609
9400 366497 203945 7448940
9400 421370 232170 7464648
9400 372114 209166 7222466
9400 382364 210835 7740091
9400 364600 198640 7313325
9400 401043 218322 7668679
9400 355218 187278 6831248
9400 371312 210948 6308530
9400 357965 193288 7694113
9400 353938 196070 6474745
9400 401221 217831 8282208
9400 370458 203307 6687025
9400 355680 191656 6727713
9400 356281 191332 5603438
9400 372826 212502 6708468
9400 371641 204262 7015502
9400 362436 196167 6980333
9400 354065 193960 7117680
9400 395268 222319 7819486
9400 345370 188580 6619616
9400 345996 188664 6772775
9400 377056 203714 6720301
9400 370006 195097 6971929
9400 359883 196041 6868178
9400 364507 195512 7079886
9400 367439 196426 7263059
9400 368375 199576 7336797
9400 347823 192871 6928764
9400 368845 199262 6943710
9400 395793 213990 7846844
9400 365983 196620 7157139
9400 350980 193961 7275705
9400 380505 209239 7696848
9400 375302 213885 7220012
9400 368699 195092 7331138
9400 359047 190228 6239284
9400 362810 198834 6470401
9400 391164 205666 7482760
9400 370849 201194 7274431
9400 379055 198612 7231964
9400 353165 194982 6267720
9400 350908 195538 7769442
9400 360454 197242 7559297
9400 368743 197303 6022074
9400 367058 205410 6343039
9400 388635 216570 7306844
9400 351212 183192 6648359
9500 382924 203263 6311172
9500 367156 199397 7459085
9500 357591 197237 7000600
9500 360351 193818 7195224
9500 359667 189801 6831660
9500 371807 197177 7464567
9500 365742 199040 7462020
9500 372230 208094 7348870
9500 369868 205273 7623056
9500 370621 205065 7020607
9500 384081 216303 7508175
9500 367154 199993 6816166
9500 363374 200481 7072519
9500 375148 205225 7124207
9500 349656 192992 7002163
9500 373513 198852 7337530
9500 371071 203129 7152205
9500 377208 199246 7213227
9500 367491 205902 7176917
9500 402516 215818 7663794
9500 377564 209081 7261240
9500 371766 203641 7286169
9500 375217 205549 7184574
9500 408604 219737 7717993
9500 348776 194559 6833390
9500 372250 207933 7424495
9500 367454 190495 7668977
9500 369386 203834 7941611
9500 338128 185047 7284913
9500 353172 194525 7692391
9500 356131 203143 7582363
9500 356910 197903 10521191
9500 373352 207599 7108000
9500 392013 206008 10565743
9500 378380 202741 11840079
9500 359903 194492 7219534
9500 367534 204303 7252904
9500 377040 202508 8112306
9500 377334 210634 7167069
9500 382898 209472 7836335
9500 369193 201892 7478926
9500 356863 192156 9347488
9500 365343 199354 8127856
9500 378906 207616 7523584
9500 381978 211294 7635581
9500 365255 199540 7150077
9500 387091 209364 6389429
9500 375967 207122 7529131
9500 372019 207743 7560219
9500 357464 198353 7261854
9600 405950 220472 11926500
9600 387909 208167 7725351
9600 363794 202994 7489170
9600 397854 202072 6975738
9600 380827 200175 7123581
9600 384650 217766 7118868
9600 360878 196624 7331721
9600 394159 207624 7895400
9600 371947 201469 7868546
9600 364892 189751 7565133
9600 378659 209792 7774290
9600 396649 214459 7980563
9600 347535 193142 5996578
9600 384522 208490 6153625
9600 367389 199902 7493343
9600 385643 208743 7903127
9600 393302 211834 6895226
9600 360552 194337 7535430
9600 363925 200321 8114081
9600 369270 204925 6975709
9600 408986 235806 8033238
9600 387087 201222 7190623
9600 372811 199778 7552478
9600 377910 211076 7897406
9600 383048 215779 6817265
9600 366850 199551 6943129
9600 380050 214994 7829194
9600 366902 202622 7295446
9600 383311 207574 7545076
9600 370105 203979 6614527
9600 367609 200500 7471675
9600 366106 207093 7447563
9600 387503 213615 7929470
9600 372969 205286 6075727
9600 376130 202362 7647745
9600 374217 201119 7402274
9600 385014 216348 7913485
9600 380354 206846 7648724
9600 372580 201528 7194047
9600 362639 197081 7380450
9600 358458 197266 6008850
9600 390835 210892 8046961
9600 374877 203879 7500346
9600 397787 225993 8356308
9600 392014 208628 7869852
9600 373379 198013 7687646
9600 377686 202947 7669573
9600 376504 207175 7296162
9600 394063 216652 8090635
9600 408355 225312 9494956
9700 376179 210286 8052359
9700 378077 199438 6245142
9700 379364 201943 6107041
9700 410585 210918 7031323
9700 364883 198379 6780974
9700 358027 196988 7159999
9700 365783 205196 6484421
9700 378539 203827 8017670
9700 398650 222367 7488880
9700 364442 202090 6825492
9700 380468 211649 7398647
9700 355881 191596 7010987
9700 392825 220391 7939199
9700 359579 193805 6741233
9700 378870 210410 7449198
9700 373937 205208 7582783
9700 386842 199847 7649672
9700 355614 192811 6375377
9700 377032 204062 7450663
9700 377776 197128 9530228
9700 425252 237462 8200807
9700 379409 209796 7207431
9700 371515 201576 6646181
9700 379292 203833 7644586
9700 375554 206055 7644385
9700 379538 203397 7599502
9700 373081 194281 6057899
9700 355879 186522 7271715
9700 377886 203920 7866901
9700 377111 205230 7736163
9700 392310 214473 7824726
9700 388587 208396 7018285
9700 369822 201203 7552008
9700 392144 219794 7823939
9700 406959 225943 8307165
9700 383445 216890 6975607
9700 366498 201234 7211658
9700 384818 204879 7548575
9700 407550 221160 8090994
9700 386385 216032 7814636
9700 431787 231481 8494660
9700 367393 199438 7209138
9700 366209 200900 6381562
9700 370831 206579 5656481
9700 383219 204121 7639910
9700 393762 218247 7964095
9700 359366 193448 6817827
9700 359999 198364 7349208
9700 399344 209770 7466129
9700 390461 217028 6738474
9800 387908 212712 8191288
9800 370323 194692 5741982
9800 367876 199307 7610833
9800 379483 208739 7983702
9800 382040 210837 7776628
9800 395661 213954 7983157
9800 370003 200588 7436331
9800 386161 211768 7802586
9800 412600 220937 8127121
9800 363876 201889 7380913
9800 371193 206156 7891399
9800 405942 215584 7657236
9800 397500 214698 7783628
9800 389318 224828 7771552
9800 390627 217537 7607531
9800 377732 202120 8059918
9800 397567 208390 7626456
9800 402082 220187 7349256
9800 355252 190710 7282462
9800 369533 204762 7386683
9800 376670 209568 7446201
9800 366334 199321 7480413
9800 383404 204872 7621390
9800 381976 206278 7447507
9800 374440 207477 7200874
9800 368047 203275 7263420
9800 379067 214314 7691611
9800 402421 225954 8019703
9800 396749 215836 8050318
9800 383907 206523 7592689
9800 395100 221729 7997609
9800 371702 203355 6581431
9800 391396 209904 7817247
9800 365458 199894 7151098
9800 370455 199059 7599364
9800 398220 216516 8966856
9800 373144 208849 8204369
9800 384076 217876 7520343
9800 396943 209609 7720925
9800 424441 238988 8154118
9800 377157 204530 7504667
9800 387337 205987 7838350
9800 373264 198652 7409185
9800 437251 243487 8375217
9800 366799 203336 7392087
9800 380846 207493 5947878
9800 373462 202967 7314988
9800 447562 249568 8526899
9800 391846 215197 8398591
9800 376765 201903 7186060
9900 379869 204029 6033818
9900 389001 211132 7498918
9900 422566 246082 8042935
9900 366309 204565 6572131
9900 392603 212786 7649488
9900 376403 203524 7475651
9900 384270 204909 7464253
9900 427909 230573 8043042
9900 379380 207737 7260161
9900 398910 219572 7505661
9900 398707 227050 7698350
9900 389787 211819 7694518
9900 383006 209051 7802148
9900 391571 216217 7601350
9900 419448 225598 7260793
9900 374844 203611 7568427
9900 366309 197622 7042871
9900 366774 205798 7431615
9900 403688 216194 7175867
9900 422512 235638 8648193
9900 388733 204428 7791971
9900 412433 224421 8616411
9900 390941 219378 7212580
9900 387594 206061 7474958
9900 390708 218628 7970412
9900 429724 228864 8894602
9900 404739 224443 7870008
9900 375288 204834 7953964
9900 359334 196921 7579969
9900 406883 235323 8099627
9900 424340 244498 8376589
9900 394384 216966 7798409
9900 359111 197036 7223825
9900 380116 207902 7660510
9900 376025 201204 7378388
9900 418736 226629 8180593
9900 387846 221125 7778795
9900 372686 204288 7437765
9900 395596 218980 7816706
9900 394265 211618 7922146
9900 417658 228542 8344850
9900 403571 214379 8043091
9900 398757 207469 8355367
9900 414030 220108 8866934
9900 403278 221245 8516485
9900 365857 205589 7795007
9900 369053 200728 7877524
9900 376415 202259 7765851
9900 373031 196118 7746612
9900 386966 209089 8164638
10000 423562 222634 8423246
10000 392704 210677 8606760
10000 399967 217803 8035359
10000 422226 236312 8469487
10000 395296 217788 7967524
10000 399262 210782 8060415
10000 388239 210010 7578312
10000 388314 215217 7941344
10000 421232 233308 8420389
10000 390410 208388 7988712
10000 388129 208437 7685807
10000 372132 206847 7907849
10000 399030 210287 7136800
10000 407502 221061 7874455
10000 365886 197651 7196122
10000 413916 221483 8112964
10000 438776 240017 8718969
10000 382583 210275 7441251
10000 373592 206834 6544003
10000 371567 202947 6187959
10000 432527 233259 7927614
10000 374597 204215 7333077
10000 384060 205580 7317274
10000 400741 209459 7955222
10000 379010 203663 7448589
10000 407712 209428 8068137
10000 390115 204798 8010634
10000 386251 214245 7869842
10000 414056 224500 8313141
10000 389754 211364 7708141
10000 423696 236456 8452656
10000 381938 210505 7670278
10000 392851 217966 7724909
10000 401521 220375 8181347
10000 397485 217293 8028043
10000 392114 217203 7898082
10000 385174 215730 7902844
10000 406039 213948 7822407
10000 375546 211996 7692702
10000 380687 210774 8235164
10000 404400 222273 7884623
10000 378299 200428 8343911
10000 382469 210559 7797398
10000 414806 231025 8825856
10000 394004 216147 8607970
10000 411434 220969 8376555
10000 405893 227170 8120099
10000 387275 212527 7938333
10000 384056 205574 7903556
10000 408640 215523 7964794
