100 328 248
100 144 56
100 99 12
100 126 42
100 294 219
100 271 141
100 190 100
100 396 242
100 214 133
100 223 91
100 295 216
100 367 294
100 274 166
100 207 115
100 189 82
100 223 146
100 223 154
100 345 182
100 218 137
100 114 30
100 267 96
100 162 71
100 110 26
100 264 149
100 190 107
100 291 194
100 309 234
100 332 215
100 219 38
100 485 326
100 273 197
100 202 106
100 214 102
100 209 128
100 201 116
100 151 64
100 338 220
100 165 75
100 211 133
100 202 111
100 432 280
100 258 168
100 317 230
100 262 181
100 288 124
100 158 80
100 193 107
100 123 38
100 261 92
100 225 128
200 514 337
200 496 195
200 267 99
200 918 653
200 450 102
200 362 164
200 337 137
200 363 164
200 325 125
200 468 227
200 277 108
200 418 214
200 422 234
200 657 439
200 349 165
200 386 214
200 628 381
200 748 386
200 631 391
200 560 317
200 501 205
200 415 199
200 542 337
200 548 352
200 448 278
200 588 385
200 544 314
200 469 277
200 578 364
200 463 219
200 392 157
200 640 459
200 620 163
200 510 316
200 393 198
200 470 272
200 592 430
200 356 182
200 337 168
200 463 175
200 595 324
200 382 212
200 704 297
200 451 247
200 247 52
200 317 149
200 331 122
200 398 222
200 833 539
200 445 234
300 356 83
300 576 237
300 450 145
300 883 551
300 851 547
300 939 651
300 646 351
300 1168 582
300 502 183
300 757 422
300 570 279
300 659 305
300 553 207
300 594 296
300 477 96
300 891 580
300 880 496
300 723 317
300 854 563
300 848 542
300 570 235
300 1000 719
300 1363 797
300 565 261
300 773 399
300 487 145
300 666 265
300 771 457
300 909 642
300 506 231
300 471 165
300 973 658
300 1136 764
300 1068 720
300 635 63
300 756 403
300 691 421
300 794 431
300 655 364
300 404 73
300 1225 709
300 844 589
300 735 404
300 924 655
300 536 170
300 404 140
300 1096 764
300 658 300
300 502 177
300 638 309
400 1043 651
400 1052 295
400 1046 305
400 748 376
400 1214 808
400 649 201
400 1539 1143
400 774 410
400 674 189
400 922 550
400 966 592
400 1362 935
400 1025 312
400 803 324
400 954 483
400 1070 660
400 886 388
400 1343 782
400 1456 985
400 1173 714
400 1172 829
400 1268 792
400 1323 475
400 852 347
400 587 176
400 1189 552
400 1673 1023
400 1044 699
400 934 525
400 1377 709
400 1104 629
400 512 102
400 1327 501
400 1700 910
400 957 478
400 899 419
400 1727 1047
400 970 583
400 573 162
400 1017 592
400 541 131
400 1570 910
400 1511 671
400 924 435
400 1043 369
400 1079 692
400 1704 956
400 1180 711
400 1072 479
400 1382 792
500 2352 1584
500 2060 1344
500 1012 536
500 1009 525
500 2395 1468
500 1328 395
500 909 345
500 1619 830
500 916 413
500 1258 782
500 1517 874
500 1772 1196
500 2023 988
500 1094 322
500 1476 596
500 1091 541
500 2286 1388
500 1588 177
500 1620 899
500 1070 581
500 1797 1338
500 1807 864
500 1527 945
500 1206 653
500 1450 658
500 1492 954
500 1138 697
500 2001 1363
500 747 272
500 1521 944
500 2155 975
500 822 329
500 1953 1000
500 597 122
500 1888 1009
500 1063 147
500 1514 843
500 1101 522
500 694 184
500 1508 948
500 1424 637
500 656 187
500 2003 892
500 920 456
500 1688 1045
500 1663 993
500 1230 407
500 1617 1120
500 1202 410
500 1945 1385
600 1206 527
600 2242 1671
600 1362 834
600 2003 1138
600 1433 854
600 1794 1193
600 1536 830
600 1569 933
600 1101 352
600 1712 921
600 948 406
600 1752 691
600 1199 530
600 2184 1378
600 1947 1296
600 1466 614
600 1801 1140
600 891 216
600 1475 551
600 1240 645
600 2029 1350
600 1800 565
600 906 240
600 954 301
600 1996 1300
600 1506 899
600 1512 925
600 1964 1098
600 2504 1527
600 1292 577
600 1571 447
600 765 182
600 1443 294
600 1960 1186
600 1156 572
600 1222 535
600 3061 1852
600 1499 785
600 1232 627
600 1923 808
600 2030 1445
600 1184 518
600 1771 852
600 1693 961
600 1645 940
600 2031 1059
600 1292 717
600 1243 681
600 1565 929
600 1005 385
700 1059 355
700 1240 512
700 2221 628
700 3735 2290
700 2450 1458
700 1834 689
700 1035 411
700 1800 909
700 1804 942
700 1720 444
700 1139 368
700 2565 1383
700 873 176
700 1165 512
700 2726 923
700 2132 1275
700 2418 1076
700 2423 1263
700 1277 274
700 3844 3151
700 1217 412
700 1470 756
700 984 332
700 2002 1157
700 1477 793
700 999 324
700 1954 1228
700 1605 689
700 2104 1474
700 1030 348
700 2303 1422
700 2367 993
700 2153 924
700 1842 1012
700 1883 1058
700 1617 774
700 1993 1160
700 2646 683
700 1015 352
700 1464 184
700 1659 273
700 1059 226
700 971 256
700 1848 771
700 1634 937
700 971 312
700 1355 737
700 2267 1595
700 2640 1447
700 2230 1498
800 1227 281
800 1263 276
800 1726 720
800 2059 1124
800 2107 584
800 3155 2055
800 1870 962
800 1841 295
800 2697 1788
800 1213 342
800 1888 369
800 1543 779
800 2582 1725
800 1406 477
800 1901 1154
800 1382 493
800 2854 1858
800 3038 1803
800 1000 253
800 2368 1141
800 1292 312
800 1146 278
800 1348 457
800 1392 509
800 3684 2201
800 2160 1121
800 1838 984
800 1736 962
800 3174 1942
800 2893 1398
800 2200 1319
800 1734 675
800 1720 811
800 2295 790
800 3286 2434
800 3344 2343
800 1240 456
800 1427 471
800 2430 1725
800 1059 244
800 1906 689
800 1240 475
800 2285 844
800 2764 2015
800 3161 2339
800 1366 409
800 1997 962
800 1970 1097
800 1082 204
800 1975 1051
900 1835 659
900 2220 955
900 1864 739
900 1879 828
900 2059 1140
900 1506 550
900 1745 901
900 1661 654
900 2667 1057
900 2805 1668
900 1361 353
900 2547 1521
900 3310 1772
900 2855 1894
900 1672 844
900 1663 732
900 2978 1709
900 1454 397
900 2413 773
900 1334 453
900 1312 336
900 1637 739
900 2065 1112
900 2563 713
900 2814 1218
900 1868 842
900 1895 254
900 2469 1153
900 1126 277
900 1781 849
900 1847 1025
900 3080 1682
900 1604 748
900 3149 2090
900 2591 1738
900 1327 498
900 2133 1033
900 1436 604
900 3034 2122
900 3761 2057
900 2717 1815
900 2250 1166
900 3732 2776
900 2041 1138
900 2388 758
900 1365 408
900 2703 1650
900 1278 316
900 2279 1421
900 1683 471
1000 2623 1679
1000 2299 848
1000 1373 407
1000 2184 1232
1000 2124 695
1000 3224 2213
1000 3920 2447
1000 2023 1134
1000 2812 1861
1000 2509 1291
1000 2280 1180
1000 1233 335
1000 1860 818
1000 2629 1434
1000 2642 1503
1000 1417 374
1000 2406 919
1000 2948 2022
1000 3225 1374
1000 2101 1038
1000 2861 1880
1000 1530 519
1000 2064 525
1000 2999 1770
1000 2107 1010
1000 4947 3100
1000 2857 1744
1000 1865 949
1000 2486 973
1000 2036 738
1000 4144 2701
1000 4269 3237
1000 3004 2015
1000 2515 1461
1000 2019 1034
1000 3404 1837
1000 2621 1322
1000 2306 1159
1000 2064 884
1000 2483 1494
1000 4562 3008
1000 2556 1276
1000 2273 1062
1000 2042 1009
1000 3081 1670
1000 1766 772
1000 2994 1318
1000 1855 964
1000 2272 1216
1000 1701 807
1100 2287 991
1100 2921 1737
1100 1635 522
1100 3335 1907
1100 2130 939
1100 2172 738
1100 4404 1937
1100 2330 646
1100 2266 797
1100 2283 1128
1100 2139 1018
1100 4396 3202
1100 3698 2692
1100 3954 2481
1100 3227 1667
1100 3916 2874
1100 3403 1684
1100 3939 2159
1100 4263 2833
1100 3087 948
1100 2068 708
1100 2907 886
1100 3130 1605
1100 2543 1177
1100 2874 1643
1100 2449 1132
1100 3778 2013
1100 2617 1320
1100 2806 1788
1100 2535 930
1100 1750 483
1100 2851 1468
1100 1534 395
1100 2617 1578
1100 3210 1801
1100 4933 3115
1100 2449 1296
1100 2927 1701
1100 3185 1094
1100 2054 1022
1100 3329 1518
1100 2843 1548
1100 2328 792
1100 1927 608
1100 5154 3397
1100 1411 342
1100 4542 3461
1100 2417 1416
1100 2854 1454
1100 3005 1812
1200 2526 1370
1200 2819 1440
1200 4133 2640
1200 2721 1425
1200 2723 1536
1200 3790 2641
1200 2506 1160
1200 3697 1502
1200 2260 808
1200 1799 436
1200 2695 1563
1200 3791 2214
1200 2218 882
1200 5149 3883
1200 2248 1142
1200 2624 1254
1200 4184 1823
1200 2391 1156
1200 2991 1613
1200 2729 1441
1200 2767 1307
1200 3122 961
1200 3309 1059
1200 2652 1229
1200 1374 252
1200 3295 592
1200 4258 2445
1200 4096 2371
1200 4299 1813
1200 2578 999
1200 3994 1284
1200 3313 1840
1200 3453 1782
1200 3276 2028
1200 3222 2143
1200 3737 2532
1200 2214 688
1200 2014 489
1200 3840 2156
1200 2264 836
1200 5626 3765
1200 1890 710
1200 2633 1484
1200 3029 1649
1200 2343 1060
1200 4089 2361
1200 3411 1511
1200 2528 250
1200 3002 1652
1200 4937 3417
1300 2847 405
1300 3582 1919
1300 4769 2529
1300 1874 541
1300 2711 1399
1300 3176 1770
1300 5251 2834
1300 3425 710
1300 2761 1581
1300 3965 1965
1300 4472 2823
1300 4489 3060
1300 4801 3238
1300 2553 1181
1300 4860 2848
1300 1525 283
1300 4003 1451
1300 4354 2763
1300 3602 1433
1300 2838 1583
1300 3351 1245
1300 2303 720
1300 4844 1665
1300 3016 1616
1300 2445 1205
1300 4815 1285
1300 3677 1537
1300 4068 1694
1300 4655 2197
1300 2136 628
1300 3145 1562
1300 3077 1484
1300 3571 1077
1300 4296 1280
1300 2549 1304
1300 2494 1247
1300 3459 1703
1300 3910 1657
1300 2520 1235
1300 2372 981
1300 4652 2478
1300 4988 3412
1300 2182 976
1300 3859 1820
1300 1524 355
1300 2513 941
1300 2974 1604
1300 2364 1030
1300 2985 1407
1300 1633 279
1400 2192 828
1400 3475 1608
1400 5050 3436
1400 1792 452
1400 1749 418
1400 2644 701
1400 3587 2318
1400 3996 2537
1400 2926 1263
1400 3674 2162
1400 4099 2493
1400 3593 2328
1400 2573 1063
1400 3351 2094
1400 4177 2577
1400 4873 3126
1400 5321 3680
1400 3574 1494
1400 2350 901
1400 1545 287
1400 4176 2843
1400 4014 2376
1400 4709 2968
1400 3210 1915
1400 2441 1029
1400 4634 2129
1400 3825 2128
1400 3535 1684
1400 2489 981
1400 4544 1903
1400 2176 610
1400 3429 1273
1400 2101 700
1400 3320 1702
1400 2820 1536
1400 3017 1560
1400 4328 2729
1400 3491 1968
1400 3983 1808
1400 2631 1127
1400 5758 3017
1400 4240 2357
1400 3644 1054
1400 3982 830
1400 2919 1410
1400 2807 1401
1400 3596 1794
1400 2218 761
1400 5234 2477
1400 3978 2537
1500 4178 2729
1500 4018 2151
1500 4804 3038
1500 4867 3222
1500 3886 698
1500 4238 1211
1500 3301 1945
1500 1878 442
1500 2924 1396
1500 6617 4518
1500 5336 3408
1500 4239 2352
1500 4270 1262
1500 3559 1990
1500 2120 550
1500 5603 3147
1500 4394 1629
1500 4281 2586
1500 3811 2018
1500 2562 775
1500 4593 3103
1500 2559 1033
1500 6447 4590
1500 5118 2887
1500 2898 1308
1500 2410 863
1500 3212 1633
1500 2606 993
1500 3951 2466
1500 3596 1972
1500 4590 2982
1500 3512 1707
1500 5358 2867
1500 4914 1872
1500 3787 1953
1500 3681 876
1500 5988 3884
1500 5277 3637
1500 4254 2662
1500 3056 1235
1500 2620 759
1500 3566 1636
1500 5554 2481
1500 5127 3055
1500 5372 3401
1500 2638 1139
1500 2122 686
1500 2504 741
1500 4812 2438
1500 4288 2605
1600 4854 2226
1600 1880 368
1600 5306 2314
1600 2489 939
1600 6491 2963
1600 2766 1160
1600 4344 2042
1600 4034 1557
1600 4534 2828
1600 3986 2252
1600 2236 648
1600 4148 2445
1600 2753 688
1600 5621 3796
1600 5544 2588
1600 3667 1795
1600 5009 3053
1600 6052 3554
1600 4867 2702
1600 6552 3313
1600 3884 2459
1600 3507 1867
1600 3042 1134
1600 4416 2929
1600 3422 1740
1600 2278 507
1600 3822 1876
1600 2068 403
1600 4117 2174
1600 4055 2304
1600 3811 953
1600 4099 2228
1600 6194 2267
1600 5310 3128
1600 4759 2613
1600 4392 2537
1600 4456 2986
1600 3354 1645
1600 6047 2672
1600 2650 998
1600 3923 1647
1600 3746 1986
1600 2811 1093
1600 3672 1938
1600 5747 3540
1600 2811 1071
1600 2820 1256
1600 3168 1341
1600 3175 1562
1600 10059 8130
1700 3408 1625
1700 3517 1638
1700 5526 3928
1700 3639 1789
1700 6176 4006
1700 4303 2630
1700 3471 1846
1700 3200 1295
1700 4671 2060
1700 3124 1459
1700 3811 1921
1700 5998 4426
1700 3835 1256
1700 4864 2842
1700 6520 2648
1700 2921 1117
1700 8203 6305
1700 6307 4533
1700 3312 1625
1700 3476 1889
1700 3961 1819
1700 5268 3445
1700 3974 2012
1700 6760 4912
1700 3459 1570
1700 2863 1170
1700 3266 1477
1700 3577 1883
1700 4603 2314
1700 4648 1879
1700 3430 1519
1700 4837 2082
1700 2887 1091
1700 4429 670
1700 5741 4047
1700 4879 3060
1700 7084 5216
1700 5053 3535
1700 3122 1332
1700 3144 781
1700 2786 1003
1700 3439 1754
1700 3619 1994
1700 4681 2726
1700 4120 2173
1700 2806 1097
1700 4372 2672
1700 6275 3002
1700 4301 2186
1700 5875 3455
1800 3395 1062
1800 4145 1644
1800 3404 1290
1800 4037 2078
1800 3110 667
1800 6269 3000
1800 3390 1133
1800 5067 2801
1800 3187 1047
1800 4264 2665
1800 4270 2403
1800 2424 696
1800 5706 3284
1800 7454 3679
1800 5104 2622
1800 2441 540
1800 3243 1351
1800 4993 2837
1800 2472 581
1800 7898 4828
1800 3585 1541
1800 5025 2386
1800 3628 1885
1800 7403 3648
1800 5293 2485
1800 3186 1241
1800 7895 4408
1800 3574 1893
1800 3162 1190
1800 4879 2757
1800 2034 420
1800 2796 800
1800 6910 1952
1800 4506 2807
1800 2848 1120
1800 5928 2505
1800 4076 2072
1800 5387 2491
1800 3545 1672
1800 3914 2077
1800 3045 1367
1800 7787 5777
1800 5246 3276
1800 2969 1184
1800 5029 2614
1800 4208 2117
1800 4453 1915
1800 4725 3097
1800 2620 645
1800 3099 1177
1900 4464 2227
1900 3119 975
1900 7600 5341
1900 5837 3374
1900 4306 1951
1900 5900 3717
1900 6031 3946
1900 5378 3416
1900 8763 5288
1900 3594 1890
1900 4039 2273
1900 7741 5910
1900 9932 8016
1900 4721 2200
1900 3689 1988
1900 6726 3462
1900 6852 3151
1900 8117 5744
1900 5329 3448
1900 5515 2073
1900 3268 1536
1900 3774 1187
1900 5762 4002
1900 3934 1858
1900 6457 3521
1900 4969 1550
1900 4457 1769
1900 4325 2331
1900 2951 1066
1900 3902 1339
1900 9740 5594
1900 2386 482
1900 4838 2093
1900 3670 1496
1900 5664 3852
1900 3542 1583
1900 5437 3447
1900 4763 1920
1900 3741 2039
1900 8069 3977
1900 6685 4609
1900 6390 1976
1900 4002 2225
1900 3798 1770
1900 5210 2300
1900 5611 1782
1900 3049 1193
1900 3437 1351
1900 5266 2185
1900 4255 1461
2000 5374 3185
2000 3887 1967
2000 5067 2821
2000 7313 3928
2000 3178 1133
2000 3586 1176
2000 5309 2770
2000 8027 3964
2000 3019 1186
2000 3792 1683
2000 3756 1799
2000 4597 1624
2000 3920 926
2000 5662 3614
2000 5502 1650
2000 5430 3324
2000 4991 2967
2000 4605 1828
2000 4209 1821
2000 4434 1656
2000 7852 5473
2000 4411 2072
2000 4213 2192
2000 5578 3409
2000 4509 2479
2000 5211 2762
2000 5221 2619
2000 4514 2490
2000 5860 3713
2000 6699 4328
2000 7119 2827
2000 3848 1313
2000 2779 708
2000 3720 1538
2000 3031 949
2000 4819 2510
2000 2659 573
2000 4149 1591
2000 6642 3125
2000 3529 1276
2000 5395 3033
2000 3201 1044
2000 4210 1550
2000 6728 3059
2000 7485 3933
2000 6073 3809
2000 5050 2230
2000 2749 689
2000 5772 2855
2000 5142 2782
2100 4726 2437
2100 3231 821
2100 2962 748
2100 7972 4080
2100 6342 1544
2100 6085 1662
2100 3492 1325
2100 2376 447
2100 6433 3759
2100 5430 2824
2100 3830 1628
2100 4589 1944
2100 3466 1491
2100 7718 5607
2100 6683 3905
2100 5675 1822
2100 10108 6602
2100 5451 2930
2100 4366 1251
2100 5919 3518
2100 3514 1184
2100 3841 1684
2100 6696 4383
2100 4655 1922
2100 6252 3982
2100 3779 1671
2100 4977 2686
2100 3552 1394
2100 5345 2481
2100 3842 1706
2100 4106 1652
2100 7117 4573
2100 4731 2470
2100 4724 2401
2100 7717 2949
2100 3366 932
2100 3340 983
2100 3668 1402
2100 4057 1932
2100 2627 513
2100 2991 773
2100 5744 3858
2100 5465 3026
2100 5004 3037
2100 5757 2857
2100 7544 5299
2100 4995 2183
2100 2736 599
2100 5212 3054
2100 5601 3347
2200 5939 2205
2200 7157 2583
2200 4002 1547
2200 6028 3530
2200 8127 2705
2200 4895 2501
2200 5698 2888
2200 5524 2454
2200 3315 1035
2200 7306 3887
2200 6771 1529
2200 3946 1535
2200 7770 5438
2200 8114 5333
2200 6894 3864
2200 3142 915
2200 12698 7665
2200 7530 5353
2200 4370 2113
2200 3986 1557
2200 4504 1553
2200 7609 4493
2200 4860 1916
2200 6103 3105
2200 8853 5746
2200 4390 2126
2200 8224 4629
2200 3697 1399
2200 3659 1535
2200 5602 3358
2200 7426 5189
2200 8565 5469
2200 6950 4892
2200 2535 494
2200 9224 6878
2200 3561 1188
2200 3237 863
2200 4260 1948
2200 4344 2262
2200 3981 1372
2200 3634 845
2200 5866 3472
2200 6780 4328
2200 7947 4563
2200 6098 3493
2200 6157 3577
2200 8167 4270
2200 4438 2340
2200 3246 1060
2200 4331 1421
2300 9232 5887
2300 4052 1559
2300 7048 4662
2300 4425 1648
2300 4696 1406
2300 6313 3027
2300 7172 4772
2300 5469 2308
2300 10754 7534
2300 9795 6317
2300 3011 662
2300 4124 1161
2300 7792 3094
2300 9092 4137
2300 6925 4128
2300 4359 2271
2300 4821 1869
2300 5093 2476
2300 4591 2324
2300 6699 3621
2300 5240 2552
2300 4575 1956
2300 5057 2338
2300 2756 488
2300 5692 3002
2300 3097 703
2300 5813 2525
2300 4927 1581
2300 8462 4201
2300 6523 2069
2300 5117 1948
2300 5509 3164
2300 3888 1295
2300 4141 1469
2300 8814 5504
2300 7343 3962
2300 6665 2890
2300 7452 2939
2300 5658 3266
2300 3070 734
2300 7135 4770
2300 7059 4039
2300 7832 4101
2300 5676 2693
2300 8656 4201
2300 4772 2496
2300 4438 1611
2300 3442 801
2300 8242 5433
2300 6376 3889
2400 5621 2433
2400 4067 1768
2400 6242 1441
2400 4489 1943
2400 4203 1252
2400 6049 3669
2400 10649 8099
2400 5435 2701
2400 9992 7639
2400 6271 1794
2400 4315 1604
2400 3460 534
2400 6184 808
2400 6459 2925
2400 7289 4378
2400 8273 3381
2400 9626 6584
2400 4908 2255
2400 5677 2820
2400 6112 2793
2400 4257 1634
2400 4463 2229
2400 6278 3389
2400 8215 4028
2400 2958 646
2400 6012 1536
2400 4748 1293
2400 5236 1893
2400 5869 3334
2400 8631 4552
2400 5912 2130
2400 4325 1839
2400 4604 1994
2400 8995 6646
2400 3172 992
2400 3686 1303
2400 6263 3725
2400 6792 3544
2400 5935 3546
2400 4704 2328
2400 14350 9388
2400 5216 2534
2400 5063 2117
2400 7537 3101
2400 6283 1684
2400 4059 1177
2400 4497 2202
2400 6642 3984
2400 4323 1736
2400 4151 1386
2500 8999 5892
2500 6418 1488
2500 5630 3041
2500 8022 4764
2500 8688 4803
2500 10788 7886
2500 9092 3158
2500 8080 4854
2500 7100 2947
2500 4610 1578
2500 5879 3096
2500 7810 3439
2500 5591 3242
2500 10000 5561
2500 4779 2190
2500 7021 3950
2500 4111 1379
2500 7009 2481
2500 8661 4991
2500 9365 5333
2500 7305 4918
2500 7022 4359
2500 6197 3771
2500 3426 722
2500 9165 3725
2500 4930 2153
2500 4678 1945
2500 8738 5748
2500 3237 872
2500 6250 3386
2500 7183 3449
2500 3585 659
2500 6233 2986
2500 9128 4554
2500 3546 1201
2500 8939 3109
2500 9116 4468
2500 10146 4559
2500 8658 4046
2500 4482 1881
2500 10164 7652
2500 4918 2384
2500 5089 2657
2500 3208 809
2500 7324 3987
2500 5128 2159
2500 8158 5097
2500 8624 5994
2500 11098 6428
2500 6100 3318
2600 8748 4484
2600 6789 3418
2600 5482 2192
2600 3641 1048
2600 6641 3735
2600 5584 2564
2600 5130 2606
2600 5081 2293
2600 3911 1414
2600 6091 2543
2600 8913 5222
2600 6108 3386
2600 6788 4214
2600 6212 992
2600 9296 5027
2600 8172 3269
2600 7087 4353
2600 4216 1458
2600 4077 1406
2600 5135 1440
2600 7878 3976
2600 5931 2851
2600 7112 3826
2600 6187 3407
2600 6987 2876
2600 6574 3183
2600 7397 2699
2600 3869 1250
2600 3048 551
2600 3975 1390
2600 6776 3262
2600 5426 2075
2600 6895 4105
2600 8791 4085
2600 4799 1633
2600 5306 2880
2600 5999 2495
2600 6293 3312
2600 5807 2810
2600 4882 2120
2600 6078 3483
2600 5600 3139
2600 6614 3224
2600 5703 3002
2600 6719 4174
2600 5731 3064
2600 4399 1862
2600 7132 3890
2600 6358 1549
2600 5591 1697
2700 5342 1936
2700 6798 3520
2700 9428 6246
2700 4038 1153
2700 7450 3658
2700 4166 1535
2700 9718 5794
2700 7706 4552
2700 4421 1810
2700 6160 2056
2700 6996 3640
2700 5934 3335
2700 8540 5134
2700 6940 3277
2700 13224 7196
2700 6926 3364
2700 11546 5050
2700 8517 5956
2700 9780 6092
2700 4738 1520
2700 6558 3429
2700 8475 5158
2700 6299 1234
2700 4704 1907
2700 7032 3817
2700 8444 5080
2700 3400 763
2700 4651 1478
2700 3258 621
2700 6795 3845
2700 8727 5618
2700 9900 4711
2700 7359 4432
2700 7839 2599
2700 8311 4630
2700 4909 1987
2700 5577 2990
2700 4643 1670
2700 6068 3473
2700 3718 928
2700 9059 6527
2700 6555 3726
2700 6331 3586
2700 7857 5021
2700 4258 1662
2700 9158 5540
2700 4268 1272
2700 8665 4391
2700 7055 4094
2700 6813 3294
2800 8395 4085
2800 9174 5919
2800 9017 5358
2800 7888 5065
2800 5197 1617
2800 4745 1844
2800 5350 2094
2800 7241 4274
2800 5138 1780
2800 6720 3464
2800 7188 4441
2800 6801 3375
2800 6698 3811
2800 4535 1452
2800 13343 8666
2800 6203 2866
2800 4573 1529
2800 7790 5118
2800 6991 3179
2800 9859 6316
2800 4105 1000
2800 6951 3962
2800 7796 4657
2800 10018 6795
2800 14716 7227
2800 9149 4527
2800 7425 4081
2800 8608 4211
2800 3502 607
2800 10384 5622
2800 4177 1277
2800 9490 5921
2800 4432 1571
2800 5690 2731
2800 3986 1018
2800 9252 5140
2800 4800 1922
2800 10663 7340
2800 7804 4640
2800 4826 1949
2800 6063 3077
2800 14597 9509
2800 4827 1803
2800 13602 7412
2800 5098 1628
2800 7418 4391
2800 8970 5763
2800 4232 1578
2800 4571 1058
2800 9235 5647
2900 7974 4227
2900 9187 5540
2900 8372 5783
2900 9001 4298
2900 4560 1384
2900 11789 8247
2900 10210 5322
2900 8815 4038
2900 8376 5521
2900 4989 1280
2900 5353 2473
2900 7465 3375
2900 4295 1216
2900 6719 2514
2900 6371 3618
2900 4535 1128
2900 5225 2135
2900 8012 4893
2900 7985 3873
2900 9919 4571
2900 13691 5588
2900 9425 3964
2900 6579 3494
2900 8640 4884
2900 6497 3041
2900 9399 3342
2900 5382 1121
2900 4983 2267
2900 5978 2044
2900 6591 3661
2900 9579 5056
2900 5090 1360
2900 9722 6119
2900 8518 3627
2900 4015 730
2900 7133 3176
2900 6376 2045
2900 9914 7325
2900 7851 3580
2900 11135 7782
2900 4302 1135
2900 7620 4299
2900 5972 2851
2900 4677 1556
2900 7914 4983
2900 6284 2189
2900 10265 6995
2900 7911 3131
2900 9381 6011
2900 5856 2270
3000 4287 1109
3000 4781 1921
3000 6215 2919
3000 5394 2383
3000 11324 3293
3000 11150 4674
3000 4574 1673
3000 11538 8384
3000 7608 4154
3000 10558 7471
3000 8477 5289
3000 9547 3687
3000 5695 2686
3000 9639 6303
3000 6677 871
3000 6891 3946
3000 4961 1883
3000 6685 3415
3000 4534 1439
3000 14379 10904
3000 8222 2976
3000 4354 1419
3000 7871 2372
3000 5265 2404
3000 13251 6770
3000 7460 4586
3000 8178 5164
3000 9339 4311
3000 4702 1373
3000 7429 3456
3000 8774 3316
3000 5977 2563
3000 6102 1998
3000 8546 4879
3000 6451 3495
3000 8509 5227
3000 8457 2620
3000 5235 1854
3000 4977 1614
3000 9120 5543
3000 8219 4287
3000 12065 8721
3000 12749 8042
3000 6227 3317
3000 6219 2589
3000 6688 2554
3000 7140 3534
3000 5805 2651
3000 4397 1177
3000 6625 2728
3100 3607 746
3100 7072 3656
3100 4040 931
3100 10175 6909
3100 6039 2200
3100 9223 5422
3100 11930 8809
3100 7965 4543
3100 9703 4504
3100 8804 5435
3100 11500 8336
3100 14607 10321
3100 5791 2795
3100 7515 3995
3100 5116 1584
3100 8233 4942
3100 7104 2386
3100 10391 5688
3100 8214 5048
3100 10023 4152
3100 8756 4014
3100 8337 3162
3100 12082 3989
3100 7521 4401
3100 7334 3651
3100 5301 2258
3100 9889 6656
3100 5621 1971
3100 7311 1747
3100 9999 4865
3100 9366 5597
3100 10700 5338
3100 10611 7505
3100 10028 4059
3100 9090 5721
3100 6098 3253
3100 7954 1785
3100 8495 2012
3100 13155 7023
3100 8851 5132
3100 8645 3684
3100 8837 2448
3100 9154 6247
3100 7210 1569
3100 5667 1731
3100 7881 4128
3100 13175 9023
3100 11619 4998
3100 8775 4975
3100 4709 1543
3200 6011 2803
3200 9402 5140
3200 6566 2996
3200 8886 2807
3200 5546 1925
3200 10299 6775
3200 6962 3010
3200 13864 10315
3200 4313 1079
3200 6837 3443
3200 9096 5384
3200 6212 2471
3200 6019 2294
3200 6114 2966
3200 7154 4042
3200 4399 1104
3200 7075 3194
3200 5176 1530
3200 11892 6803
3200 8157 3454
3200 10035 3915
3200 4192 961
3200 8851 3059
3200 13236 9332
3200 8219 2445
3200 5692 2188
3200 6442 1864
3200 9573 4776
3200 8470 4970
3200 9161 2905
3200 6767 3614
3200 9793 3396
3200 8390 3859
3200 12998 8832
3200 11281 7467
3200 7739 4399
3200 9482 5234
3200 5513 1801
3200 8253 3985
3200 5084 1488
3200 11387 5263
3200 15743 9377
3200 8054 2382
3200 9959 5403
3200 9952 6135
3200 8523 5046
3200 7024 3443
3200 8762 5263
3200 9030 4365
3200 6554 2654
3300 7148 3951
3300 5004 1621
3300 7299 4116
3300 14118 6537
3300 10462 5072
3300 5731 1534
3300 8479 4914
3300 9069 4687
3300 9615 4980
3300 12529 7127
3300 7778 4088
3300 11309 8258
3300 11065 4920
3300 9230 4711
3300 9784 6016
3300 10171 6753
3300 7854 3738
3300 9254 2290
3300 11866 5418
3300 6688 3003
3300 7047 3228
3300 6458 2179
3300 7937 4122
3300 12385 6414
3300 9582 5555
3300 6525 3247
3300 6457 3415
3300 5253 1909
3300 6614 2866
3300 14665 10378
3300 9544 4518
3300 6697 3112
3300 7061 3034
3300 7466 4315
3300 4181 1033
3300 10887 5744
3300 5886 1785
3300 4819 1739
3300 8817 4838
3300 10242 6335
3300 7243 3503
3300 14546 8996
3300 8393 3790
3300 10006 6336
3300 9576 3417
3300 4815 1388
3300 10940 5145
3300 5658 1704
3300 10857 6179
3300 4461 780
3400 6994 3834
3400 11425 7748
3400 10657 7140
3400 6737 3433
3400 10157 5321
3400 6622 2339
3400 13660 10468
3400 5802 2018
3400 10915 6272
3400 12057 5790
3400 15040 8716
3400 6827 2641
3400 13576 8844
3400 9515 4640
3400 10896 5907
3400 5873 1807
3400 5888 2675
3400 8641 5593
3400 10792 5818
3400 8754 5683
3400 7781 4372
3400 8245 4430
3400 10314 4958
3400 8641 3686
3400 5856 2042
3400 13414 5470
3400 4907 1288
3400 13878 6175
3400 8954 4676
3400 9200 5253
3400 7533 2783
3400 9374 5400
3400 5835 1431
3400 7882 2786
3400 8866 5345
3400 11604 6838
3400 8640 5362
3400 4146 717
3400 17394 13676
3400 9226 6019
3400 9047 5518
3400 15803 11506
3400 7868 1106
3400 12200 5423
3400 11305 5341
3400 16841 7487
3400 9744 5557
3400 10049 5648
3400 8245 4256
3400 8694 5110
3500 8062 4014
3500 13219 6799
3500 16449 8415
3500 9242 5290
3500 11950 8056
3500 10058 2843
3500 13106 9150
3500 7697 4281
3500 8065 4534
3500 7847 3442
3500 7776 4106
3500 6193 1986
3500 13932 4179
3500 10267 4664
3500 9554 4484
3500 7253 3595
3500 6309 2932
3500 7589 3681
3500 6631 1897
3500 9498 2441
3500 14960 7762
3500 8117 4261
3500 11734 6799
3500 8113 4834
3500 12312 7698
3500 4269 717
3500 8953 5210
3500 11897 8143
3500 7500 3215
3500 12380 6528
3500 7026 606
3500 5930 2073
3500 9337 4075
3500 8735 4472
3500 10019 4139
3500 9158 4874
3500 10582 5708
3500 12226 7985
3500 7480 3795
3500 5070 999
3500 8793 2142
3500 9405 2175
3500 11525 7395
3500 7147 3093
3500 10348 6410
3500 3969 736
3500 8698 3739
3500 6629 2879
3500 7770 4435
3500 9493 4712
3600 6765 2156
3600 12491 5877
3600 6894 2935
3600 11051 7344
3600 18970 11427
3600 13265 6696
3600 13009 9289
3600 8354 1568
3600 7543 2691
3600 4797 935
3600 10549 6039
3600 7224 3289
3600 9828 5821
3600 11749 6654
3600 16393 11590
3600 9444 3920
3600 8885 4184
3600 9043 3264
3600 11156 6553
3600 10927 5539
3600 11987 8306
3600 10502 6198
3600 9663 4580
3600 11254 6889
3600 10272 4784
3600 8058 4232
3600 11607 4798
3600 6483 2539
3600 9649 4643
3600 8089 3897
3600 10429 5410
3600 8023 3029
3600 10469 3831
3600 17072 13318
3600 13606 7023
3600 8829 4981
3600 11166 6133
3600 7425 798
3600 22656 15620
3600 17481 10000
3600 11664 5056
3600 17705 10667
3600 11672 3999
3600 9330 5669
3600 12682 8078
3600 15059 10828
3600 8561 2462
3600 9173 5339
3600 6174 1881
3600 6280 2271
3700 7857 1158
3700 17643 10823
3700 8038 4243
3700 7523 1892
3700 8343 4617
3700 6171 2103
3700 12631 6202
3700 11278 6992
3700 7421 2432
3700 6403 2950
3700 10928 6241
3700 17589 12212
3700 13701 7268
3700 5506 1799
3700 7786 4171
3700 11994 7817
3700 7382 3551
3700 6334 2851
3700 6772 3163
3700 6663 2171
3700 7922 4101
3700 6134 1090
3700 12093 7963
3700 4611 991
3700 7706 3880
3700 11350 6612
3700 9253 5355
3700 10351 5635
3700 12981 7676
3700 13518 9562
3700 8730 4153
3700 12278 7409
3700 8402 3043
3700 5524 1666
3700 12501 8312
3700 5065 1370
3700 6069 2709
3700 9264 4961
3700 6848 3185
3700 7793 2290
3700 6567 2522
3700 11964 5786
3700 5914 2524
3700 7200 3589
3700 10114 5864
3700 7970 3723
3700 12273 3818
3700 8358 5025
3700 6752 2197
3700 6038 2345
3800 13019 7347
3800 11169 4000
3800 6293 1896
3800 11608 4873
3800 7435 2640
3800 11950 4328
3800 12260 5109
3800 12001 3554
3800 5864 1737
3800 9688 2169
3800 11573 4491
3800 11468 6218
3800 16208 11184
3800 13418 7599
3800 6792 2929
3800 4615 974
3800 4576 939
3800 10185 5865
3800 10359 6470
3800 8545 3840
3800 7910 3530
3800 8932 1910
3800 6407 2103
3800 5670 1608
3800 13025 8395
3800 7790 3737
3800 11174 6920
3800 7830 4235
3800 15367 5650
3800 11863 8086
3800 5848 1763
3800 4737 927
3800 7141 3142
3800 10100 5884
3800 10351 3487
3800 10418 3395
3800 6327 2106
3800 12461 5628
3800 8641 4825
3800 9018 5126
3800 9085 5089
3800 4644 855
3800 7057 3161
3800 10236 5496
3800 12876 6520
3800 9371 5198
3800 10163 5714
3800 10527 5723
3800 7711 3669
3800 15307 7606
3900 9819 5497
3900 10771 6145
3900 6969 2136
3900 18094 11410
3900 12079 3108
3900 8651 4842
3900 5345 1525
3900 8250 3223
3900 8297 4156
3900 6820 2260
3900 5291 1022
3900 6738 2371
3900 7986 3975
3900 11566 3262
3900 10956 3013
3900 14224 10093
3900 10865 6768
3900 11933 6134
3900 12580 7021
3900 5982 1842
3900 11428 7899
3900 9984 5978
3900 8135 2890
3900 5675 2097
3900 12357 6681
3900 9802 5281
3900 8357 2926
3900 9873 6015
3900 7126 2709
3900 5900 1740
3900 11083 3702
3900 9324 3248
3900 9337 4377
3900 10349 5700
3900 6875 2703
3900 6291 1750
3900 6767 2685
3900 18846 13481
3900 9150 5405
3900 12951 7417
3900 12747 5267
3900 8669 3382
3900 9746 5810
3900 7535 3168
3900 12425 4998
3900 9848 5934
3900 5764 1851
3900 10455 6137
3900 8311 4202
3900 10450 5139
4000 15473 9741
4000 9963 6169
4000 8585 3348
4000 12763 8614
4000 7583 3258
4000 7225 2962
4000 9457 4900
4000 9636 4126
4000 6449 1479
4000 8208 3121
4000 17202 12085
4000 7754 3923
4000 10797 5358
4000 12381 5128
4000 17304 10983
4000 9405 4748
4000 19731 15138
4000 8842 3832
4000 11140 3256
4000 10563 5785
4000 10916 6769
4000 7741 3733
4000 5700 1529
4000 12157 4747
4000 13017 8129
4000 6481 2147
4000 8649 4777
4000 13215 8414
4000 8635 4313
4000 6145 2082
4000 12082 6803
4000 11351 7636
4000 10040 4968
4000 10823 6871
4000 8391 2889
4000 12432 8403
4000 11369 6046
4000 15492 8011
4000 12525 7876
4000 7751 2761
4000 9071 3515
4000 6704 1266
4000 9031 4581
4000 9563 4717
4000 11935 6379
4000 13860 6727
4000 11500 5393
4000 10296 2596
4000 21186 11090
4000 13878 9921
4100 9668 4957
4100 10338 6197
4100 7795 3495
4100 13554 9390
4100 11293 2055
4100 7895 3464
4100 14855 9287
4100 12303 8234
4100 11389 3729
4100 9466 1991
4100 7828 2910
4100 11856 7137
4100 13903 9213
4100 11346 7091
4100 6447 1533
4100 16698 12613
4100 13746 9044
4100 11101 4444
4100 6497 2670
4100 14803 8557
4100 8905 4590
4100 13437 8796
4100 6542 2730
4100 10292 5959
4100 16496 6530
4100 8623 3134
4100 9038 3869
4100 18700 14333
4100 8136 3413
4100 6156 1287
4100 9291 3761
4100 8169 4160
4100 8079 2715
4100 14050 8906
4100 7186 2731
4100 9653 4996
4100 8434 3785
4100 6110 1269
4100 14260 9693
4100 11239 6516
4100 7750 3768
4100 12084 7527
4100 7065 1920
4100 12259 5354
4100 7137 1862
4100 8025 3584
4100 12421 6013
4100 9975 5042
4100 7382 2173
4100 14059 9357
4200 10897 6498
4200 9502 2892
4200 7691 1938
4200 8060 3576
4200 10277 5918
4200 13047 8169
4200 6002 910
4200 17689 8095
4200 10715 5923
4200 10106 5441
4200 6257 1242
4200 8228 3772
4200 8944 3434
4200 5426 1158
4200 10901 6056
4200 17115 8869
4200 13757 8712
4200 5317 1512
4200 7441 2535
4200 9254 4779
4200 15130 7014
4200 5808 1292
4200 9920 2825
4200 15624 11525
4200 7732 3475
4200 5251 1012
4200 12579 8477
4200 13683 5403
4200 6232 2019
4200 9345 2634
4200 9294 3667
4200 8395 3646
4200 8856 4436
4200 12433 7459
4200 8959 1377
4200 18486 9547
4200 15206 7225
4200 18510 13782
4200 17196 9876
4200 9004 4433
4200 8789 3994
4200 8582 3401
4200 11625 7252
4200 8472 4696
4200 12150 5579
4200 10744 4461
4200 9259 5161
4200 6546 2173
4200 10623 6274
4200 12273 6706
4300 13265 9345
4300 21682 9102
4300 13651 8792
4300 7899 3587
4300 20938 14577
4300 15169 6022
4300 16971 12145
4300 12912 9040
4300 5043 948
4300 24375 13982
4300 8136 3727
4300 14269 8317
4300 11301 5921
4300 6371 1666
4300 12618 8053
4300 17917 12481
4300 18691 13697
4300 12718 7998
4300 14625 8953
4300 11845 5452
4300 5818 1775
4300 9328 4693
4300 10313 5700
4300 6026 1431
4300 9138 4070
4300 14854 9919
4300 9894 5036
4300 8442 4165
4300 10095 5318
4300 12186 7059
4300 14974 9066
4300 7871 3171
4300 8728 4227
4300 7943 3041
4300 7103 3081
4300 5477 997
4300 11533 7264
4300 8101 3143
4300 15676 10433
4300 10828 5518
4300 5596 1090
4300 12390 6682
4300 17120 11948
4300 15084 10472
4300 18028 13164
4300 7927 3628
4300 11125 2311
4300 11629 6834
4300 7728 2311
4300 9577 4708
4400 10434 5876
4400 12596 8027
4400 8584 3351
4400 11128 4683
4400 12777 5482
4400 17860 10964
4400 13764 8633
4400 6486 1444
4400 9424 1154
4400 10186 5317
4400 6989 1728
4400 10810 5118
4400 12726 8645
4400 6847 2169
4400 8320 3238
4400 12793 7994
4400 11200 6871
4400 19409 10868
4400 9764 4218
4400 5937 1477
4400 17342 9345
4400 16977 12553
4400 6608 2296
4400 5711 1320
4400 9902 5701
4400 17770 11015
4400 6956 1484
4400 11720 3237
4400 7242 2269
4400 14019 6092
4400 8376 3470
4400 10710 5306
4400 8630 3499
4400 8905 4338
4400 11357 5422
4400 6243 1754
4400 10717 2778
4400 14805 10305
4400 7217 2811
4400 13223 8046
4400 6159 1914
4400 10009 4976
4400 11291 6373
4400 14568 4824
4400 8506 4008
4400 9740 4745
4400 14139 7990
4400 16719 11711
4400 8840 3954
4400 12092 6897
4500 15571 6864
4500 5247 1012
4500 10017 1448
4500 12496 8199
4500 9744 3554
4500 9520 4016
4500 7597 2647
4500 8040 2361
4500 9691 4333
4500 11606 5776
4500 17971 9819
4500 19675 8545
4500 5975 1317
4500 14283 8486
4500 17273 10498
4500 14544 8363
4500 8153 2908
4500 12324 3979
4500 18023 12825
4500 8542 3788
4500 6635 2339
4500 17949 11256
4500 9890 5394
4500 10743 5682
4500 11041 5121
4500 11427 6748
4500 7447 2740
4500 6821 1868
4500 10762 6255
4500 12594 7794
4500 8088 2996
4500 8394 3112
4500 8924 4317
4500 9173 4617
4500 7106 2620
4500 19320 10706
4500 6666 1522
4500 5275 945
4500 16306 10619
4500 14923 7737
4500 9620 1171
4500 16456 11245
4500 9920 4504
4500 17721 11012
4500 15688 11060
4500 11651 6525
4500 10589 2515
4500 8346 3746
4500 8492 4184
4500 10882 5811
4600 13953 8020
4600 21178 15241
4600 7176 1693
4600 17717 13440
4600 16328 10736
4600 17612 9505
4600 14002 8168
4600 12990 4076
4600 10833 5876
4600 13646 8676
4600 15700 10420
4600 12151 3879
4600 7434 2189
4600 7646 3063
4600 22650 12391
4600 15694 8774
4600 12449 6747
4600 17989 8530
4600 12928 7914
4600 12272 6876
4600 8284 3865
4600 11371 6437
4600 10800 5788
4600 6774 1843
4600 10359 5605
4600 9487 4810
4600 8506 2804
4600 8694 4084
4600 10409 5745
4600 8629 4191
4600 13647 6331
4600 10946 4100
4600 14834 8659
4600 15444 9166
4600 16342 11225
4600 19138 10654
4600 9675 3558
4600 11871 6997
4600 16741 11173
4600 11418 6268
4600 20115 11893
4600 16438 10798
4600 14542 9708
4600 14605 8455
4600 17532 12172
4600 11198 6244
4600 18910 13973
4600 15216 9103
4600 8950 4041
4600 11230 5421
4700 7401 2250
4700 8046 3063
4700 10475 4013
4700 12498 2946
4700 11965 6880
4700 18734 13812
4700 13750 5850
4700 18824 5480
4700 12128 5354
4700 8834 3320
4700 13610 8771
4700 7388 2168
4700 11276 4655
4700 15888 11191
4700 13907 8049
4700 19362 14425
4700 8183 2106
4700 14362 4584
4700 13356 3434
4700 14579 9921
4700 10213 3983
4700 13112 7055
4700 13111 7043
4700 12736 3407
4700 17858 10963
4700 6949 2304
4700 9499 3902
4700 13029 6472
4700 11731 6327
4700 19151 5979
4700 14438 5653
4700 10427 5842
4700 6900 2535
4700 8945 4030
4700 10421 1820
4700 16660 10707
4700 11034 5623
4700 11468 6602
4700 11959 6709
4700 9514 5207
4700 14548 8926
4700 10797 4585
4700 13875 9200
4700 13045 7783
4700 10240 2846
4700 11905 5792
4700 14765 8456
4700 12684 7929
4700 6254 1585
4700 19979 13900
4800 11249 3998
4800 6549 1531
4800 15624 4776
4800 7982 3100
4800 14612 5990
4800 19293 12036
4800 19101 13367
4800 10640 4800
4800 13373 8136
4800 16066 10197
4800 10937 2279
4800 12454 5032
4800 14119 7101
4800 10600 3873
4800 9631 4429
4800 6338 1113
4800 15642 11068
4800 5440 1011
4800 13739 4680
4800 11525 4703
4800 15940 9924
4800 14546 5787
4800 15477 9622
4800 16159 11345
4800 10057 5314
4800 5951 1362
4800 20251 13516
4800 13616 8040
4800 8543 3227
4800 5798 1313
4800 11172 5084
4800 16878 11879
4800 10087 3613
4800 7742 2939
4800 15810 10195
4800 8843 4124
4800 10309 5557
4800 7806 2445
4800 9757 4504
4800 6270 1279
4800 19126 11842
4800 9039 3543
4800 7898 2398
4800 15680 6662
4800 10249 5641
4800 9566 4088
4800 13993 5068
4800 11618 6865
4800 11568 5474
4800 15370 7836
4900 7082 2602
4900 13443 8295
4900 8142 2072
4900 14024 4501
4900 8328 3137
4900 6760 1748
4900 11040 5961
4900 21775 13746
4900 9154 3621
4900 14640 8980
4900 10502 3775
4900 14719 3199
4900 6899 2028
4900 15588 5875
4900 10687 4088
4900 9923 4120
4900 12280 7447
4900 12877 5746
4900 6453 1317
4900 14844 7529
4900 16099 10547
4900 17756 11892
4900 10531 5799
4900 19828 9916
4900 9003 3399
4900 11479 5456
4900 7087 2580
4900 28134 16068
4900 19841 10862
4900 10691 4794
4900 6442 1089
4900 17466 8175
4900 17884 10992
4900 14779 4199
4900 10528 5154
4900 13279 7863
4900 16201 7754
4900 11859 5705
4900 16441 10258
4900 14067 7834
4900 8535 4134
4900 13571 5184
4900 22016 12798
4900 11291 6750
4900 22877 17455
4900 15256 8171
4900 12978 7889
4900 6256 1383
4900 11229 6479
4900 17622 8034
5000 11282 5143
5000 11606 6541
5000 15548 6198
5000 14506 9285
5000 14692 7092
5000 13789 8336
5000 14083 4552
5000 6984 1972
5000 15771 5468
5000 16373 9867
5000 24704 12472
5000 11888 6241
5000 17240 9787
5000 7173 2010
5000 14141 7916
5000 13308 2356
5000 6580 1333
5000 11286 6205
5000 19900 5522
5000 9881 3657
5000 13597 4495
5000 10904 5059
5000 12112 4343
5000 7656 2726
5000 19268 7643
5000 11639 6724
5000 10161 5191
5000 21968 15104
5000 9873 3601
5000 15693 5343
5000 8990 2605
5000 18010 7830
5000 16391 11513
5000 10651 5569
5000 18292 11916
5000 8487 2341
5000 19296 13006
5000 8188 3323
5000 9691 4133
5000 12220 7352
5000 7758 2965
5000 7685 2774
5000 14485 8866
5000 21103 13813
5000 11444 5302
5000 5996 1276
5000 12485 6113
5000 21789 12379
5000 7720 2020
5000 16278 10479
5100 22919 13140
5100 7756 2293
5100 11411 6308
5100 11800 6106
5100 11588 6474
5100 16503 9918
5100 12655 5718
5100 23319 13106
5100 20757 10702
5100 13520 7360
5100 21801 13787
5100 16131 10524
5100 15704 11029
5100 12849 3417
5100 14605 6888
5100 14203 8882
5100 17710 5797
5100 18852 10235
5100 24934 15166
5100 9749 3737
5100 17452 9040
5100 7433 2739
5100 15039 9354
5100 19152 11217
5100 10827 4310
5100 24204 10187
5100 9756 4173
5100 11275 4021
5100 13598 7321
5100 22798 14855
5100 17575 9635
5100 12485 6873
5100 5820 1027
5100 18162 12374
5100 24211 15144
5100 10189 4459
5100 6835 1472
5100 13532 6466
5100 6664 1348
5100 15784 6469
5100 13484 6120
5100 15422 10017
5100 6840 1913
5100 9406 3727
5100 17030 8341
5100 16183 11263
5100 28242 22603
5100 16974 6523
5100 18525 11073
5100 12000 6858
5200 9622 4268
5200 7508 1525
5200 15194 8206
5200 16833 11432
5200 17778 12334
5200 11335 4549
5200 15400 9485
5200 8804 2633
5200 16034 6136
5200 11382 5909
5200 16672 4938
5200 10086 3602
5200 25587 10967
5200 7705 2668
5200 12317 2697
5200 10670 5125
5200 10878 5322
5200 13363 2903
5200 17596 12491
5200 11904 1762
5200 9386 2859
5200 10406 5014
5200 7103 1497
5200 14855 8137
5200 26413 16672
5200 23383 17628
5200 11570 6353
5200 12851 6892
5200 10449 3260
5200 19143 7244
5200 13271 7777
5200 18660 13045
5200 8719 2534
5200 17293 6525
5200 15370 9600
5200 10468 4531
5200 19271 11082
5200 21880 11206
5200 9854 3710
5200 10157 4961
5200 14161 8797
5200 15406 9373
5200 8407 3093
5200 15654 6985
5200 17676 12590
5200 12997 7719
5200 9205 3983
5200 6976 1600
5200 18824 11642
5200 14183 7778
5300 16758 8462
5300 10201 3640
5300 12764 6755
5300 16753 10675
5300 17622 11662
5300 19772 13616
5300 7534 1897
5300 12263 6242
5300 11371 5685
5300 9968 4704
5300 8031 2311
5300 21381 15475
5300 14134 8224
5300 9953 3047
5300 7377 2287
5300 17598 11560
5300 11189 5234
5300 19010 13700
5300 6990 1212
5300 7623 2017
5300 10456 4390
5300 15126 9664
5300 12796 2415
5300 17030 8369
5300 18441 11320
5300 15438 10188
5300 7222 1924
5300 27610 18202
5300 13425 7272
5300 23631 13348
5300 18574 3021
5300 7954 2139
5300 10456 4430
5300 17798 10689
5300 10482 4075
5300 11931 4893
5300 11259 5038
5300 13927 4198
5300 10905 5814
5300 15763 5776
5300 16124 11158
5300 14726 8603
5300 16297 7166
5300 21461 15298
5300 15442 10589
5300 19520 7379
5300 16685 11286
5300 21015 8465
5300 14894 3246
5300 11340 5025
5400 18151 12011
5400 14465 4409
5400 17493 7738
5400 15826 7573
5400 18974 2342
5400 14390 5412
5400 8525 2707
5400 16423 11271
5400 13702 7578
5400 9930 3918
5400 12673 6392
5400 20991 10647
5400 8275 2836
5400 9955 3988
5400 9301 3007
5400 12201 3973
5400 21135 11476
5400 12526 3160
5400 18034 10997
5400 17429 8197
5400 16326 10422
5400 6081 1151
5400 17920 10507
5400 11184 4444
5400 19624 13433
5400 10263 5226
5400 16570 11116
5400 12552 6353
5400 10256 3280
5400 24718 14837
5400 15688 10089
5400 7506 1870
5400 18008 11231
5400 16330 10108
5400 25549 13533
5400 15087 9610
5400 9947 3776
5400 15007 4560
5400 13936 7377
5400 20593 11503
5400 22778 12977
5400 23890 13978
5400 7229 2226
5400 12542 7551
5400 6470 1461
5400 10173 3922
5400 8584 3087
5400 6813 1488
5400 16851 10539
5400 11955 2143
5500 9771 3016
5500 11760 5794
5500 8012 2497
5500 18400 11831
5500 11356 5415
5500 12920 6768
5500 20302 13449
5500 7548 1995
5500 13455 5512
5500 21251 15990
5500 10643 4509
5500 19839 14065
5500 18829 12742
5500 6780 1657
5500 21100 6791
5500 14283 3636
5500 17512 9716
5500 9789 3231
5500 36723 23279
5500 17652 11365
5500 12302 5745
5500 10273 4324
5500 17069 10112
5500 8043 2368
5500 14679 8056
5500 13867 5900
5500 11075 4477
5500 10520 3643
5500 15830 9000
5500 26869 14848
5500 15225 9802
5500 14309 7132
5500 17339 11708
5500 11291 6186
5500 10703 4952
5500 27238 16091
5500 14775 6837
5500 11390 5809
5500 16768 6991
5500 23066 17563
5500 23186 11743
5500 13912 8031
5500 9252 2332
5500 14994 8941
5500 14803 4553
5500 6854 1553
5500 15825 9052
5500 13497 4928
5500 13015 6390
5500 7122 1271
5600 9975 3668
5600 7884 1970
5600 11394 6042
5600 8261 2763
5600 13731 6801
5600 13174 2515
5600 23374 12583
5600 8282 3203
5600 11405 4814
5600 14450 7335
5600 7581 2009
5600 16956 11092
5600 22119 15123
5600 11762 5612
5600 11156 4619
5600 11755 4344
5600 13087 7570
5600 15118 5984
5600 23643 17051
5600 16880 6280
5600 14631 7895
5600 15853 9149
5600 12540 2171
5600 17772 9570
5600 14289 8518
5600 21501 11450
5600 15259 9940
5600 37071 26407
5600 16649 6135
5600 17196 11125
5600 20195 11359
5600 19708 5642
5600 19884 12404
5600 15459 6840
5600 18083 8529
5600 7251 1888
5600 10382 5048
5600 9668 3195
5600 11991 4847
5600 23276 7449
5600 14644 6904
5600 18514 12262
5600 15057 9384
5600 9950 4417
5600 20017 2946
5600 9353 2939
5600 21684 11504
5600 13459 6569
5600 18622 9324
5600 22494 12090
5700 14820 9379
5700 14530 8082
5700 9994 3315
5700 18891 12428
5700 12108 6112
5700 9079 3115
5700 20631 13133
5700 14277 8016
5700 11029 5845
5700 13048 6474
5700 13880 6602
5700 20240 14577
5700 10171 3654
5700 11611 856
5700 18913 13051
5700 10273 3953
5700 15660 9328
5700 22134 11883
5700 11514 3101
5700 10992 3332
5700 18968 12831
5700 15497 9154
5700 13512 8064
5700 6725 1375
5700 9440 1951
5700 12714 4579
5700 10843 4933
5700 26287 15551
5700 21365 12445
5700 19708 7994
5700 7042 1472
5700 13544 3209
5700 9135 3666
5700 8060 2636
5700 18121 7349
5700 7638 1467
5700 12757 6115
5700 9034 2817
5700 11667 5489
5700 16559 10703
5700 18685 11718
5700 17599 10039
5700 16558 4039
5700 25843 17558
5700 11902 5084
5700 10216 4697
5700 20273 13453
5700 15254 9373
5700 20345 9960
5700 19609 13372
5800 23264 12003
5800 17817 6395
5800 20478 14266
5800 15397 8055
5800 25171 15611
5800 18667 7338
5800 9927 4000
5800 15688 8941
5800 23245 17514
5800 10666 3585
5800 13634 6701
5800 20054 11052
5800 15164 6550
5800 9310 2981
5800 13754 7417
5800 16299 7977
5800 13669 7093
5800 12613 1388
5800 8472 2054
5800 11836 5896
5800 11966 5767
5800 18750 12489
5800 18142 11229
5800 16641 10125
5800 14520 8061
5800 10451 4530
5800 9524 3347
5800 9815 3524
5800 18167 5182
5800 13939 1636
5800 20346 9331
5800 17202 10130
5800 10075 3093
5800 17708 4745
5800 10782 4886
5800 13176 4998
5800 12347 6794
5800 12934 7012
5800 14843 8682
5800 9600 2811
5800 22628 16004
5800 9717 3320
5800 12710 5961
5800 15228 8250
5800 10798 5196
5800 16057 6397
5800 16714 9550
5800 15418 7193
5800 13436 7836
5800 14810 8438
5900 35319 27730
5900 16884 6912
5900 12685 4242
5900 20828 12639
5900 11136 3906
5900 8897 3450
5900 12209 5838
5900 20446 13231
5900 8559 2528
5900 9969 3749
5900 7641 1301
5900 12958 6351
5900 21371 10857
5900 9709 3087
5900 28811 17657
5900 16499 3757
5900 22314 9613
5900 8457 1967
5900 14307 7365
5900 13269 6519
5900 13911 7370
5900 18026 6265
5900 12803 4591
5900 17060 10972
5900 8633 3089
5900 21421 11492
5900 12437 1621
5900 14523 2892
5900 17404 11866
5900 13799 7355
5900 19347 10942
5900 15446 9053
5900 16617 7186
5900 24893 13067
5900 11718 5936
5900 16796 10589
5900 13888 5520
5900 20354 10416
5900 11308 4999
5900 13280 6798
5900 10364 3311
5900 21112 12130
5900 14435 2450
5900 8077 2307
5900 27618 19238
5900 13667 8193
5900 16392 9515
5900 12133 6150
5900 7577 1746
5900 17287 5205
6000 21622 14393
6000 11436 5146
6000 31436 18777
6000 15309 9281
6000 18580 12007
6000 10200 4012
6000 10699 4948
6000 25059 18416
6000 27919 15293
6000 17959 5035
6000 14301 6514
6000 13149 5747
6000 9164 2571
6000 17382 6855
6000 16874 10195
6000 9621 2761
6000 8546 2335
6000 27677 21252
6000 14214 6547
6000 18628 11519
6000 10630 2831
6000 14290 8124
6000 13528 6112
6000 18948 10291
6000 11105 5281
6000 18318 10860
6000 11687 5832
6000 26008 19255
6000 18620 12321
6000 23188 16622
6000 19316 12791
6000 17896 7387
6000 14756 6874
6000 18817 13151
6000 20359 13427
6000 13043 6358
6000 11883 6445
6000 21541 10802
6000 11821 4913
6000 17273 10687
6000 12882 3328
6000 9310 2131
6000 14827 7206
6000 20706 8356
6000 16064 9629
6000 9346 2884
6000 18593 11045
6000 19493 8799
6000 9920 4172
6000 29911 15158
6100 19001 9813
6100 13879 2432
6100 27404 14660
6100 12731 3783
6100 8827 2041
6100 13465 7836
6100 22361 11245
6100 19709 6425
6100 17938 10375
6100 12973 3945
6100 22783 15392
6100 17019 7157
6100 15231 8334
6100 13538 7179
6100 13288 6630
6100 9776 2351
6100 20859 11281
6100 17233 7531
6100 14657 6748
6100 15936 9848
6100 19521 11521
6100 7363 1371
6100 12261 5279
6100 16070 3529
6100 23010 7700
6100 17479 11150
6100 10581 3251
6100 17536 9795
6100 24186 14387
6100 15184 3990
6100 20001 7423
6100 22639 14466
6100 15849 7684
6100 7280 1537
6100 13619 7808
6100 17773 10596
6100 12571 6843
6100 29588 20900
6100 24385 17931
6100 11704 4402
6100 13582 6898
6100 16908 9997
6100 13766 8150
6100 12758 6563
6100 9807 3229
6100 20897 13428
6100 23779 9827
6100 23930 17583
6100 20185 11658
6100 12197 4101
6200 14208 7865
6200 18988 12700
6200 19062 9212
6200 15829 7407
6200 16001 9380
6200 13392 5963
6200 18354 10927
6200 24919 15799
6200 17162 8847
6200 19895 12031
6200 15291 6726
6200 33922 25073
6200 20861 13446
6200 19074 7577
6200 10362 3264
6200 17852 8479
6200 22826 11687
6200 9227 2596
6200 12134 6374
6200 16047 4820
6200 25241 18616
6200 17826 11308
6200 10288 3033
6200 21582 10713
6200 13909 6178
6200 21314 13435
6200 16587 9883
6200 15043 9209
6200 14073 4867
6200 21837 12937
6200 21840 13859
6200 9791 4214
6200 9015 2095
6200 10350 3789
6200 18274 11356
6200 16671 10058
6200 39652 29753
6200 20260 10130
6200 11692 5763
6200 12597 6156
6200 22025 13016
6200 18768 12155
6200 18581 1284
6200 15084 8755
6200 17294 10196
6200 16126 9092
6200 16311 3902
6200 23138 14951
6200 14701 8270
6200 13077 6467
6300 15552 9633
6300 19338 11768
6300 14731 8440
6300 15737 9877
6300 18943 9109
6300 22735 10720
6300 26292 18766
6300 15379 8301
6300 31035 18572
6300 15603 7772
6300 14083 6010
6300 13498 6262
6300 16241 9558
6300 7845 1993
6300 17161 10699
6300 13845 7057
6300 18193 11001
6300 13940 6597
6300 13286 7057
6300 17154 8128
6300 15036 8832
6300 20955 13232
6300 16133 7850
6300 21459 14599
6300 16472 9952
6300 7087 1347
6300 22461 16735
6300 12675 1298
6300 19950 13352
6300 11481 5385
6300 10882 3830
6300 18795 11656
6300 10348 1928
6300 16327 10294
6300 18174 9944
6300 12501 6330
6300 25227 17251
6300 27640 12546
6300 13975 7604
6300 24520 18026
6300 17889 11158
6300 10777 3360
6300 18019 6249
6300 17412 5603
6300 7605 1487
6300 10157 3718
6300 17354 7387
6300 15380 9253
6300 22151 14689
6300 14518 4706
6400 10521 4214
6400 18691 11266
6400 16657 9436
6400 14210 2170
6400 20388 8482
6400 20128 11496
6400 12273 3129
6400 22453 13879
6400 17275 10063
6400 14212 7062
6400 21963 14131
6400 21713 5974
6400 9916 3297
6400 15883 8690
6400 24287 16647
6400 10822 3645
6400 22332 13121
6400 18540 11683
6400 21772 15610
6400 21219 3644
6400 21623 13371
6400 12202 3863
6400 20345 12767
6400 11726 5040
6400 13105 6466
6400 21333 14094
6400 33760 24564
6400 15688 8695
6400 15913 9164
6400 18687 11790
6400 16512 6309
6400 19235 7975
6400 15167 7813
6400 8801 2316
6400 9195 2737
6400 20050 8993
6400 36521 22151
6400 7205 1302
6400 23253 15859
6400 12740 4965
6400 10955 3177
6400 20637 6846
6400 22576 10018
6400 18662 10046
6400 26557 12202
6400 12159 5289
6400 11072 4455
6400 13055 6616
6400 10256 2930
6400 21841 10730
6500 31782 16722
6500 19585 4020
6500 15031 8245
6500 19836 11406
6500 15212 6660
6500 10585 2768
6500 12390 5629
6500 15821 8113
6500 9429 3272
6500 23399 14964
6500 12609 5099
6500 19770 11617
6500 16442 8507
6500 14814 2635
6500 9784 3511
6500 15810 3519
6500 31859 13060
6500 17019 8624
6500 27335 9036
6500 11606 3318
6500 20319 12758
6500 22378 15421
6500 14303 7860
6500 14193 6936
6500 10932 4066
6500 20454 13532
6500 24766 11673
6500 18870 6458
6500 12657 4819
6500 13816 4479
6500 15303 7452
6500 13663 6736
6500 20823 11223
6500 17307 4334
6500 19869 13577
6500 16084 3463
6500 17481 11328
6500 12992 4795
6500 9775 2713
6500 17554 10880
6500 24951 14182
6500 12429 5287
6500 24716 18000
6500 23770 16105
6500 8196 1593
6500 15327 8090
6500 13007 5860
6500 14405 5060
6500 14029 7185
6500 10219 2490
6600 10580 2800
6600 18817 12193
6600 26150 16398
6600 13713 7090
6600 27618 15423
6600 13622 6658
6600 17855 9970
6600 16274 7731
6600 10041 2211
6600 8792 2306
6600 8039 1604
6600 17182 2739
6600 14959 7960
6600 28704 13492
6600 9878 2459
6600 13241 5632
6600 10713 3585
6600 28423 15982
6600 10160 2664
6600 23155 16374
6600 10822 4180
6600 12404 4021
6600 20315 7063
6600 10013 3154
6600 12996 6274
6600 16189 7924
6600 19994 12764
6600 30062 17144
6600 18801 10638
6600 14195 6272
6600 20869 8500
6600 23845 17075
6600 23986 9334
6600 14390 6620
6600 12567 5409
6600 16341 8111
6600 12204 4862
6600 16003 8756
6600 18256 9682
6600 15963 8806
6600 23868 12598
6600 10279 3176
6600 15582 8675
6600 34986 23891
6600 21745 14823
6600 12924 6736
6600 20811 6497
6600 16085 9270
6600 18416 11194
6600 14526 7856
6700 17005 8962
6700 12854 6118
6700 21790 10300
6700 14143 7769
6700 17670 10499
6700 19291 10430
6700 17065 10240
6700 14247 7090
6700 15556 8416
6700 14992 4936
6700 19301 8596
6700 24547 17562
6700 12319 3842
6700 22806 13960
6700 16873 8790
6700 21936 15546
6700 17739 4451
6700 19537 11267
6700 22278 13067
6700 15388 6382
6700 23764 15097
6700 10778 3524
6700 17486 6093
6700 13650 6661
6700 16146 8186
6700 19438 11626
6700 14472 6040
6700 18186 6017
6700 13653 6441
6700 13869 6054
6700 21768 8645
6700 21619 12385
6700 14870 6994
6700 11816 3819
6700 16560 9791
6700 15377 7569
6700 23538 12115
6700 19822 13341
6700 26353 18971
6700 19821 11841
6700 11206 3695
6700 17619 8423
6700 17641 10677
6700 11012 4214
6700 16658 3693
6700 23345 7391
6700 18059 9186
6700 14636 6820
6700 19092 9598
6700 15698 8942
6800 10432 3213
6800 20180 7607
6800 11125 3912
6800 20114 10268
6800 17219 6713
6800 23917 10744
6800 10206 3758
6800 18973 10906
6800 12399 4756
6800 20477 13500
6800 15088 7595
6800 15080 7587
6800 10082 2171
6800 24357 10695
6800 15077 5755
6800 24077 15617
6800 13924 6462
6800 27521 17317
6800 28176 10315
6800 18213 11046
6800 25780 19436
6800 19149 10733
6800 11900 5475
6800 22298 10382
6800 28132 16652
6800 14246 5386
6800 12819 4612
6800 8182 1684
6800 15453 8102
6800 12089 4943
6800 23026 12898
6800 20643 11020
6800 14803 6943
6800 22318 14513
6800 23022 8788
6800 21863 11991
6800 16116 6181
6800 24855 11793
6800 16463 7116
6800 27201 19065
6800 17648 6292
6800 9335 2671
6800 16354 8468
6800 15851 7711
6800 29117 18641
6800 18466 6163
6800 14806 7559
6800 20864 10140
6800 17007 9740
6800 26726 11568
6900 8913 2088
6900 11861 4171
6900 14602 6135
6900 15151 6018
6900 15474 8292
6900 11677 4006
6900 9952 2656
6900 10677 3167
6900 16220 7050
6900 15841 8157
6900 17247 6856
6900 28183 13106
6900 15205 8219
6900 12316 4149
6900 26163 12380
6900 16038 9452
6900 14440 6749
6900 9213 1812
6900 21714 8430
6900 12833 4799
6900 13188 5136
6900 18230 10957
6900 10464 3529
6900 19290 3740
6900 15714 6607
6900 12648 5051
6900 21618 12494
6900 20425 8416
6900 23798 17216
6900 17318 8351
6900 34211 22406
6900 16906 8653
6900 12333 3527
6900 14997 5746
6900 10854 3057
6900 12096 4531
6900 13045 5115
6900 16558 10207
6900 8677 1749
6900 29353 17595
6900 21987 7315
6900 17720 7473
6900 26012 9808
6900 12974 6076
6900 11430 3024
6900 12276 4756
6900 25920 7896
6900 27865 20437
6900 14133 6863
6900 20022 5785
7000 19287 11810
7000 22509 13041
7000 20703 13575
7000 19602 12096
7000 11732 4416
7000 24896 12056
7000 24019 15863
7000 16023 9119
7000 30252 20316
7000 31008 24005
7000 34680 17893
7000 14050 6657
7000 17393 10641
7000 32852 13625
7000 22641 15264
7000 13894 5646
7000 21472 14759
7000 42952 17587
7000 16682 6789
7000 17277 7543
7000 21894 15357
7000 11769 3905
7000 21045 14050
7000 16636 9220
7000 19612 9978
7000 21849 10727
7000 24133 9589
7000 12399 5498
7000 12421 4138
7000 16216 5299
7000 33317 19933
7000 17704 8561
7000 14178 5666
7000 16824 8859
7000 25166 17433
7000 12144 4897
7000 20788 7694
7000 12591 5654
7000 17140 3424
7000 18293 11651
7000 22836 12579
7000 9371 1624
7000 19696 11503
7000 16366 8277
7000 27285 13591
7000 28192 12689
7000 25271 10918
7000 22981 9306
7000 13065 5497
7000 15454 7708
7100 17361 5893
7100 15776 9283
7100 21221 11611
7100 32558 24996
7100 40448 17399
7100 20611 13422
7100 24263 13107
7100 18314 10091
7100 14854 6805
7100 11745 4808
7100 18660 7909
7100 19455 12400
7100 27935 15818
7100 30380 16997
7100 8555 1449
7100 17064 9208
7100 18446 4760
7100 16328 8888
7100 11699 4395
7100 29313 19083
7100 17845 10065
7100 31955 14327
7100 29815 15595
7100 21221 13246
7100 22386 15359
7100 20714 12374
7100 9597 2071
7100 12720 4844
7100 28951 20372
7100 17120 7953
7100 14575 5889
7100 10000 2418
7100 11150 2993
7100 18289 9166
7100 18280 5050
7100 9374 1582
7100 22635 12844
7100 12089 3586
7100 14616 7028
7100 20905 13654
7100 23541 16272
7100 15157 4924
7100 18153 11024
7100 21828 13658
7100 41034 28778
7100 16693 9530
7100 19758 5849
7100 14355 6528
7100 17667 10663
7100 36563 24652
7200 21857 15015
7200 26272 13038
7200 22683 13041
7200 20914 12815
7200 8941 2063
7200 18479 9893
7200 15569 7048
7200 24082 16407
7200 30205 20748
7200 13000 4208
7200 25706 16731
7200 12610 2909
7200 13952 5620
7200 26753 17689
7200 20314 12393
7200 15118 6929
7200 22407 13334
7200 19862 4689
7200 20755 7810
7200 24041 15367
7200 22557 10749
7200 15468 6966
7200 9843 2918
7200 16756 8804
7200 14243 6294
7200 12419 4197
7200 20575 8479
7200 17430 10227
7200 8626 1820
7200 14880 6793
7200 16768 7245
7200 17488 9964
7200 22084 14339
7200 11177 3273
7200 16614 5875
7200 16357 8072
7200 18882 7095
7200 13885 6203
7200 31258 21849
7200 17874 8053
7200 19169 10443
7200 21437 10142
7200 18007 9674
7200 12804 6155
7200 14908 7509
7200 21154 12526
7200 17795 9506
7200 14564 7618
7200 14511 5596
7200 12537 5179
7300 11659 3489
7300 32021 17679
7300 31700 24604
7300 20085 10940
7300 18773 9405
7300 15745 7310
7300 12030 4101
7300 13655 5901
7300 12280 5042
7300 16173 8281
7300 14700 3766
7300 32456 20767
7300 20188 9915
7300 32229 17339
7300 26186 14183
7300 13687 6035
7300 26375 19390
7300 20709 13153
7300 21327 9617
7300 33122 23546
7300 12707 2896
7300 17762 3703
7300 17340 10227
7300 16043 5899
7300 17710 10453
7300 23173 15609
7300 16411 6478
7300 24939 4449
7300 18548 10091
7300 23071 13494
7300 10218 3296
7300 28547 14451
7300 16431 1890
7300 31734 17727
7300 17428 6812
7300 14731 7222
7300 11651 4155
7300 16198 8669
7300 9225 2038
7300 17499 7758
7300 28153 16051
7300 36715 24487
7300 30181 19877
7300 22849 14633
7300 14996 7842
7300 13141 3533
7300 14802 4342
7300 15248 6106
7300 15087 4923
7300 8367 1653
7400 26295 17906
7400 23755 14256
7400 24721 6993
7400 13302 3776
7400 25557 15548
7400 13449 6107
7400 11697 3551
7400 28410 14623
7400 12088 3891
7400 24194 5893
7400 24489 16877
7400 19551 9435
7400 15346 7898
7400 20534 12546
7400 17377 6364
7400 20188 11942
7400 29086 20572
7400 15715 8335
7400 19764 9957
7400 11964 3675
7400 17347 4046
7400 16490 8351
7400 17298 9672
7400 11664 3334
7400 18968 4802
7400 21077 13008
7400 17316 8106
7400 16778 5544
7400 12973 4904
7400 22994 12872
7400 16233 8096
7400 12025 4442
7400 19208 7977
7400 10795 1863
7400 29020 21943
7400 29842 16068
7400 25692 14531
7400 23106 11862
7400 24294 17055
7400 14503 4938
7400 33264 22196
7400 32047 13560
7400 14519 5944
7400 19085 5666
7400 13213 3354
7400 13240 6378
7400 22467 10282
7400 23909 8397
7400 25767 15302
7400 16877 7205
7500 15852 8525
7500 17181 9017
7500 16729 5168
7500 17887 9684
7500 22345 12636
7500 12487 5301
7500 19730 8703
7500 27589 19227
7500 17720 5999
7500 23394 14197
7500 17574 7889
7500 18031 9699
7500 11436 2981
7500 10927 2860
7500 15815 8574
7500 26454 13721
7500 19256 11488
7500 11732 3025
7500 22835 15544
7500 14548 6167
7500 20102 4582
7500 24363 8995
7500 15385 6108
7500 9655 2056
7500 15372 7255
7500 29921 19670
7500 25842 17777
7500 30199 20309
7500 18166 10289
7500 32668 18360
7500 20837 6807
7500 16587 8103
7500 24491 17300
7500 12747 5067
7500 27161 13430
7500 21692 9335
7500 15912 6744
7500 16202 8580
7500 36763 23465
7500 25861 12596
7500 9307 2176
7500 17318 6223
7500 24047 9084
7500 15155 6410
7500 10939 3545
7500 16119 8644
7500 17999 6021
7500 19150 11041
7500 20650 13139
7500 10459 2492
7600 10215 2700
7600 17467 8537
7600 15038 5435
7600 13035 5017
7600 20680 5476
7600 29531 14144
7600 13023 4048
7600 20608 13534
7600 20483 12476
7600 16648 6524
7600 33417 24687
7600 26667 11000
7600 18027 9485
7600 16727 9093
7600 17427 7482
7600 26020 15752
7600 9601 2325
7600 18967 5043
7600 19992 12320
7600 13512 4209
7600 10548 2941
7600 15910 7144
7600 17295 5403
7600 32069 18404
7600 22168 12193
7600 24639 16309
7600 19359 6574
7600 34632 21052
7600 21264 10420
7600 19149 10782
7600 18636 11130
7600 28943 21689
7600 18916 11304
7600 25745 4794
7600 24144 14368
7600 19096 12076
7600 8898 1687
7600 17549 9647
7600 26314 9123
7600 21739 14901
7600 13307 5648
7600 15035 7513
7600 10843 3312
7600 17348 3248
7600 25574 11124
7600 14834 6375
7600 41902 29193
7600 18654 9859
7600 23499 14196
7600 15775 6643
7700 21684 11404
7700 8922 1616
7700 21980 12327
7700 15479 7115
7700 19811 11440
7700 9729 2145
7700 20005 10348
7700 24164 7993
7700 23442 13631
7700 39986 29624
7700 19014 8905
7700 19495 11075
7700 18721 8692
7700 12739 4637
7700 20635 6443
7700 11920 4149
7700 15275 6050
7700 16160 7352
7700 23005 9143
7700 15041 5765
7700 15858 6376
7700 35148 25277
7700 20486 8792
7700 31172 20607
7700 17075 8742
7700 16972 5643
7700 12149 3645
7700 28041 19287
7700 19797 10965
7700 24915 16537
7700 18818 8890
7700 36946 27903
7700 25161 17635
7700 17120 10130
7700 14316 6419
7700 20591 11919
7700 17919 10077
7700 16702 2858
7700 19168 9268
7700 19816 4668
7700 11586 3542
7700 11078 3076
7700 17430 9690
7700 15247 8182
7700 22246 11598
7700 32986 20575
7700 17104 6180
7700 11411 2438
7700 11454 3028
7700 16070 8358
7800 23506 8453
7800 26090 17115
7800 12602 4616
7800 13403 4852
7800 21365 12828
7800 15331 5262
7800 26282 16739
7800 13654 3473
7800 11511 2965
7800 9302 1939
7800 35344 18923
7800 14166 5294
7800 13944 5992
7800 11315 3242
7800 17578 8066
7800 19398 11847
7800 17042 8595
7800 17360 6439
7800 17336 6548
7800 10850 2570
7800 28520 14203
7800 11320 2999
7800 16318 6669
7800 18002 10295
7800 28134 19182
7800 14979 7128
7800 31431 20282
7800 22889 13127
7800 12771 3449
7800 11557 3222
7800 24006 11043
7800 21892 12836
7800 24739 13789
7800 14572 7058
7800 12765 3695
7800 19036 9765
7800 12319 4402
7800 16009 6057
7800 22580 9377
7800 19840 4799
7800 13991 6243
7800 15559 1335
7800 11007 3058
7800 14530 7245
7800 12750 5040
7800 16949 8601
7800 19596 11803
7800 23002 12974
7800 12935 2773
7800 23166 15104
7900 20412 12057
7900 24834 11850
7900 19393 11591
7900 23201 14981
7900 22084 13694
7900 18706 8430
7900 23102 15615
7900 18526 10549
7900 11269 2065
7900 21335 10938
7900 19003 9917
7900 13641 5890
7900 18930 2596
7900 17293 9539
7900 19037 9836
7900 14324 3915
7900 16951 6910
7900 26963 17392
7900 19624 8746
7900 28070 16630
7900 13356 5297
7900 26901 17865
7900 16436 7873
7900 18141 11040
7900 20182 12407
7900 12657 3661
7900 13108 5667
7900 14731 5344
7900 22147 13714
7900 20951 10177
7900 14537 7143
7900 35029 25706
7900 15881 7676
7900 23195 9988
7900 20137 4560
7900 23638 13544
7900 27017 19194
7900 23423 15741
7900 21303 11267
7900 17475 8916
7900 22388 10474
7900 17826 9690
7900 14942 6653
7900 11532 2625
7900 17071 6334
7900 18892 8673
7900 15574 5507
7900 15047 6663
7900 22512 13163
7900 27292 18000
8000 32018 16969
8000 11139 3276
8000 12044 2970
8000 11907 3113
8000 23733 13824
8000 11357 2722
8000 19745 3420
8000 13254 5076
8000 21069 5813
8000 16817 8670
8000 32273 22910
8000 19796 9524
8000 18314 8698
8000 27930 12731
8000 12279 3758
8000 14245 4763
8000 49676 37260
8000 34869 21513
8000 20171 11561
8000 27697 16174
8000 16969 8701
8000 9189 1634
8000 30986 22149
8000 30255 22069
8000 21637 11648
8000 20134 3547
8000 28709 14797
8000 12750 3939
8000 9344 1652
8000 17378 9360
8000 18604 10324
8000 24379 15104
8000 17226 6938
8000 23668 14881
8000 13436 6073
8000 11333 2814
8000 29581 20092
8000 15310 5626
8000 22535 10335
8000 23764 14745
8000 17040 9184
8000 20350 4109
8000 10419 2756
8000 33308 22469
8000 20121 10905
8000 19785 9307
8000 37628 19060
8000 24429 14266
8000 10631 1958
8000 15986 4365
8100 25725 15697
8100 15045 7387
8100 26076 10073
8100 18015 8953
8100 30365 21495
8100 38777 23628
8100 14614 5286
8100 19082 10740
8100 17261 2403
8100 28464 12137
8100 13661 5119
8100 21608 8650
8100 30926 15431
8100 15126 5927
8100 11670 3017
8100 37052 23227
8100 23840 14270
8100 33050 22617
8100 33084 21457
8100 24606 16573
8100 23381 8049
8100 28969 13323
8100 24189 7425
8100 10021 1871
8100 19191 7258
8100 12186 3110
8100 25731 15476
8100 11584 1954
8100 29716 17101
8100 24682 16362
8100 17210 9061
8100 25087 12354
8100 26185 10822
8100 42133 28088
8100 36210 6028
8100 22516 13748
8100 24062 14885
8100 21624 14218
8100 14945 3198
8100 17191 5212
8100 27459 9973
8100 16735 5832
8100 28915 18477
8100 21225 9243
8100 22525 6579
8100 16344 7958
8100 21336 11869
8100 18200 2814
8100 27386 19065
8100 14578 4297
8200 36477 20989
8200 28398 18751
8200 14888 6869
8200 16498 7313
8200 35568 20421
8200 10791 1852
8200 16136 1162
8200 26761 15892
8200 13320 5149
8200 35650 22281
8200 19712 9981
8200 15217 5510
8200 22718 10319
8200 30565 19931
8200 14623 4358
8200 24005 8058
8200 14637 5225
8200 30116 19932
8200 25351 9292
8200 23880 13048
8200 20276 11204
8200 28911 12347
8200 25430 16703
8200 21473 13014
8200 25944 14069
8200 18349 9005
8200 23040 14762
8200 29490 20018
8200 37806 23883
8200 22282 13968
8200 15639 7060
8200 24392 12588
8200 23934 15783
8200 15719 5473
8200 15035 4738
8200 31378 16308
8200 12517 4324
8200 25086 16890
8200 25017 4192
8200 32468 23576
8200 19518 7528
8200 21511 11117
8200 14207 4669
8200 17220 9310
8200 18244 4361
8200 22668 8909
8200 23412 13618
8200 33051 15497
8200 10633 2220
8200 24430 15437
8300 12295 3431
8300 21571 11732
8300 10603 2464
8300 11339 2742
8300 25951 15640
8300 26368 12373
8300 20941 8414
8300 15878 5959
8300 37245 22634
8300 14066 3842
8300 14283 4697
8300 39987 27212
8300 15747 7102
8300 26200 12282
8300 16933 8836
8300 19905 10473
8300 22545 11880
8300 18297 2781
8300 9603 1949
8300 27693 13035
8300 27410 18250
8300 22971 12076
8300 28455 18965
8300 12290 3171
8300 21734 12158
8300 17945 9405
8300 29322 19964
8300 23909 12804
8300 18295 8546
8300 12823 4806
8300 27784 12350
8300 29450 17323
8300 20463 11257
8300 21428 5244
8300 12871 3481
8300 22911 12551
8300 13039 5405
8300 21723 10938
8300 17983 9660
8300 11083 3008
8300 31799 14614
8300 26558 17492
8300 16463 5101
8300 25425 7596
8300 42511 20278
8300 18971 9624
8300 13278 3500
8300 21985 12070
8300 27746 9072
8300 18692 9596
8400 15291 6719
8400 31539 18627
8400 19560 10082
8400 29718 16915
8400 34239 23704
8400 13714 4348
8400 10500 1789
8400 11728 2881
8400 11442 2160
8400 16781 7815
8400 14049 5607
8400 18657 8166
8400 9720 1800
8400 23517 13537
8400 30212 16606
8400 15840 5252
8400 12268 3743
8400 24976 14812
8400 22160 12231
8400 15234 4248
8400 27369 13425
8400 24551 5570
8400 29528 21660
8400 23704 13636
8400 18259 10070
8400 14140 6321
8400 22590 14752
8400 36053 20825
8400 20587 10757
8400 18400 2073
8400 29547 17365
8400 10045 2026
8400 28928 17701
8400 15809 6847
8400 21414 3807
8400 16934 5726
8400 10296 2139
8400 24682 12223
8400 33258 24333
8400 15162 7146
8400 22890 13435
8400 22396 6235
8400 24812 12934
8400 12277 2950
8400 24620 14474
8400 17308 8769
8400 24896 14576
8400 24596 13501
8400 11836 3829
8400 16234 7981
8500 31268 21602
8500 15906 5813
8500 24773 15076
8500 21712 8590
8500 23370 8370
8500 16204 6837
8500 13188 4549
8500 19050 8513
8500 13632 5019
8500 14554 4019
8500 40552 18921
8500 31645 12098
8500 13940 3608
8500 13976 3963
8500 16537 6960
8500 13761 5652
8500 17430 9625
8500 38323 21596
8500 23701 16066
8500 14114 4943
8500 10501 2419
8500 17319 5789
8500 11962 2791
8500 14973 5813
8500 16445 7399
8500 18804 7546
8500 25661 15015
8500 20579 11108
8500 23688 13861
8500 14575 4886
8500 27074 9467
8500 25047 11489
8500 31388 16797
8500 33573 22669
8500 31550 20664
8500 41651 31790
8500 32268 14867
8500 17151 7975
8500 12318 4261
8500 22330 10080
8500 14951 6668
8500 28168 17134
8500 16633 5177
8500 28050 17076
8500 23068 13965
8500 10685 2437
8500 16833 4380
8500 34028 23685
8500 18261 7057
8500 33187 20885
8600 11275 1968
8600 22402 14529
8600 17946 8060
8600 17584 7563
8600 18983 8576
8600 29884 21550
8600 22676 11210
8600 16305 7214
8600 34093 18017
8600 35980 18488
8600 39851 17624
8600 15638 5752
8600 17347 4086
8600 16382 7593
8600 14717 5654
8600 26333 18102
8600 34129 15376
8600 19221 10529
8600 32070 17083
8600 19536 9835
8600 20591 10717
8600 25981 11695
8600 25105 8997
8600 16742 6446
8600 19268 10708
8600 24427 15893
8600 21591 12221
8600 14654 5746
8600 33900 17633
8600 26391 10892
8600 15865 5745
8600 15023 6654
8600 40237 22677
8600 14382 4536
8600 14828 4752
8600 19555 11463
8600 32855 23508
8600 32614 19175
8600 21839 13550
8600 48778 31849
8600 10174 2039
8600 12023 3732
8600 23817 7361
8600 27755 15832
8600 35093 20897
8600 17277 5898
8600 21554 12329
8600 18537 8435
8600 17207 8597
8600 16229 4407
8700 23143 14267
8700 22919 11574
8700 14907 4168
8700 16491 5379
8700 17804 9255
8700 42854 29259
8700 47605 31842
8700 15277 5490
8700 11532 2311
8700 19647 8958
8700 16628 7091
8700 24515 11419
8700 21404 10856
8700 31805 19180
8700 26980 15617
8700 16841 8169
8700 20531 11794
8700 17385 6562
8700 26643 15601
8700 23952 13148
8700 10894 2340
8700 21386 13150
8700 32766 21499
8700 19708 9460
8700 43488 28710
8700 20687 11417
8700 38155 23228
8700 15744 6031
8700 33493 17522
8700 12295 3966
8700 22297 12893
8700 26497 10723
8700 35951 21013
8700 22001 9985
8700 19382 9457
8700 19580 2578
8700 14709 4441
8700 14813 5903
8700 13514 3630
8700 30567 12112
8700 14412 5387
8700 18816 10738
8700 25547 15451
8700 24443 12806
8700 18269 8591
8700 24082 6946
8700 12489 3531
8700 26895 10340
8700 19175 3368
8700 24586 9939
8800 26307 16677
8800 20236 9544
8800 11875 2762
8800 17370 7688
8800 26627 12987
8800 26867 12595
8800 27053 13686
8800 24986 14535
8800 32617 18766
8800 23898 7310
8800 18564 8863
8800 20582 10850
8800 22635 13620
8800 26273 15614
8800 22684 10730
8800 24202 13425
8800 22855 12799
8800 19974 3672
8800 26659 16116
8800 28613 15529
8800 16631 5003
8800 30054 18867
8800 45188 34363
8800 33566 21192
8800 19953 9948
8800 24328 11593
8800 26163 15340
8800 13722 5421
8800 23080 14148
8800 20122 10645
8800 24870 13550
8800 17013 7530
8800 15762 7025
8800 33650 17252
8800 20868 9690
8800 23522 14493
8800 13470 4717
8800 12345 3292
8800 19888 10098
8800 18094 8681
8800 20249 2020
8800 21337 12338
8800 13200 5102
8800 30290 15766
8800 28182 13372
8800 24313 13959
8800 21969 3779
8800 36065 24170
8800 16991 7386
8800 27628 17726
8900 16093 7528
8900 11783 3159
8900 25677 6110
8900 22315 10710
8900 25378 13485
8900 17892 8676
8900 27569 18274
8900 22710 13732
8900 23679 14045
8900 22195 6001
8900 13550 4234
8900 39531 29940
8900 16665 7973
8900 34830 22940
8900 25461 5895
8900 28905 12346
8900 13607 3071
8900 13760 5114
8900 19202 10892
8900 16854 7027
8900 22386 13011
8900 21235 10743
8900 27567 9918
8900 24911 12399
8900 20326 8728
8900 28093 18736
8900 28451 19472
8900 25265 12063
8900 17699 6370
8900 13292 2767
8900 25786 12641
8900 12758 3783
8900 17377 8520
8900 25677 13876
8900 16056 7352
8900 22197 11422
8900 25058 14439
8900 18619 8732
8900 19233 7707
8900 17906 7793
8900 27018 16934
8900 24856 13147
8900 28510 16589
8900 19515 9441
8900 36615 26235
8900 11401 2809
8900 26762 16759
8900 27887 19437
8900 12519 3739
8900 17818 7337
9000 12625 4049
9000 12093 2921
9000 19227 8217
9000 18456 7150
9000 13568 3030
9000 16291 6084
9000 21759 10189
9000 18080 6199
9000 22877 13413
9000 29775 20105
9000 22053 4516
9000 16250 7697
9000 14396 5434
9000 23745 14897
9000 39911 24718
9000 17251 8313
9000 19447 9196
9000 20117 6643
9000 15043 5233
9000 52911 31622
9000 14097 5068
9000 22176 12589
9000 20093 10062
9000 20030 8441
9000 30250 14966
9000 16148 6023
9000 28786 13332
9000 45338 27707
9000 20384 9504
9000 30900 20419
9000 17052 6325
9000 19831 10616
9000 13886 4310
9000 11513 2286
9000 33592 23878
9000 21602 7532
9000 20739 9567
9000 21881 10876
9000 27133 7126
9000 24197 14981
9000 17218 7785
9000 26670 14738
9000 22825 9643
9000 30981 21105
9000 25264 11789
9000 16158 6494
9000 23901 14811
9000 18999 9453
9000 22544 4946
9000 13463 3669
9100 16889 7899
9100 18880 8935
9100 27846 17158
9100 22046 3935
9100 20974 7334
9100 28662 17692
9100 19562 9863
9100 22278 11197
9100 25864 16750
9100 16056 6162
9100 29812 11088
9100 21897 4339
9100 28152 18731
9100 24805 14567
9100 27478 10888
9100 20551 8956
9100 26249 14495
9100 16181 6961
9100 22474 11428
9100 21888 13426
9100 27273 14786
9100 22456 10415
9100 32269 14791
9100 18901 8420
9100 20096 5995
9100 38784 28821
9100 16861 8175
9100 25485 15446
9100 25916 17312
9100 28891 18585
9100 35878 20990
9100 28506 15497
9100 25209 5351
9100 11992 2850
9100 20478 7276
9100 19870 8243
9100 13199 3306
9100 14700 5366
9100 16320 7262
9100 23639 11373
9100 19573 2567
9100 18853 10060
9100 14522 4093
9100 29163 10901
9100 27337 15959
9100 35446 26621
9100 16843 7496
9100 15259 4467
9100 24351 9374
9100 19129 9718
9200 14609 3924
9200 40115 13310
9200 27515 15824
9200 15665 4880
9200 20976 11184
9200 27222 11181
9200 14696 5066
9200 36627 12137
9200 27755 14997
9200 25937 12908
9200 28556 18842
9200 32330 15499
9200 15197 6026
9200 23511 5712
9200 25996 13758
9200 19317 10604
9200 30320 20791
9200 22383 13340
9200 17453 6896
9200 24196 7140
9200 26466 10531
9200 31839 20242
9200 30534 11993
9200 15412 3899
9200 19853 6796
9200 22069 12601
9200 19081 8682
9200 28780 11135
9200 30068 12659
9200 21408 12517
9200 24440 13161
9200 14693 3876
9200 22750 11264
9200 26046 12738
9200 28362 11277
9200 19368 7915
9200 21948 12120
9200 15454 6183
9200 20709 2687
9200 21233 11942
9200 30320 18704
9200 26916 14716
9200 18001 8824
9200 17781 8005
9200 22010 8063
9200 13564 3543
9200 35586 26074
9200 30796 19673
9200 20881 11376
9200 17265 6337
9300 19479 9363
9300 36545 24146
9300 31102 12914
9300 13546 2626
9300 16777 5712
9300 43553 26152
9300 33249 13360
9300 31347 19881
9300 25520 14029
9300 18191 9695
9300 22750 13165
9300 38239 20282
9300 13555 3186
9300 24036 14700
9300 16234 6801
9300 33499 22295
9300 33238 19774
9300 34259 23378
9300 25511 12920
9300 34979 24110
9300 28372 17840
9300 17847 7828
9300 20643 10428
9300 28004 18282
9300 21284 4264
9300 23661 14846
9300 24214 12552
9300 23668 12296
9300 29182 16390
9300 22902 12224
9300 33953 12692
9300 24180 9477
9300 36298 25151
9300 32375 19511
9300 17417 6535
9300 18023 6116
9300 25341 6184
9300 29831 17373
9300 29829 15414
9300 17471 6771
9300 12114 3033
9300 33221 23137
9300 22688 13712
9300 21465 12123
9300 26912 7518
9300 16133 4622
9300 24218 12439
9300 24199 12209
9300 16514 6003
9300 12217 3331
9400 30347 17243
9400 10657 1895
9400 29296 17375
9400 13962 4910
9400 34078 16966
9400 17101 7044
9400 16006 5550
9400 21423 10376
9400 17108 4309
9400 34495 24154
9400 44504 34496
9400 24359 12109
9400 13040 3608
9400 26857 13537
9400 26739 16546
9400 12896 3576
9400 39278 20885
9400 23613 11673
9400 23228 10275
9400 18037 6456
9400 22624 11146
9400 19215 9701
9400 22579 8406
9400 18847 8710
9400 12954 3266
9400 16174 4690
9400 22755 9101
9400 42706 31406
9400 18768 9388
9400 47388 28480
9400 32634 21214
9400 15489 3712
9400 27584 9696
9400 25613 13550
9400 12570 3188
9400 12360 2966
9400 14094 3680
9400 26548 18025
9400 22321 13412
9400 29797 20855
9400 25733 16575
9400 24356 14358
9400 19008 7388
9400 35098 22135
9400 22125 9546
9400 27446 16592
9400 24566 13655
9400 32371 12007
9400 15400 4612
9400 25108 12969
9500 14526 5262
9500 24333 12028
9500 23594 11525
9500 23333 12143
9500 18676 6836
9500 18530 6449
9500 30982 21626
9500 24753 6689
9500 29460 15307
9500 32781 21745
9500 29261 16260
9500 19520 8554
9500 17890 8905
9500 19071 7708
9500 18106 8433
9500 44471 35298
9500 16518 3675
9500 16210 7044
9500 15870 4475
9500 30760 18404
9500 29000 16603
9500 19043 8779
9500 37824 27575
9500 17086 8332
9500 36703 25558
9500 12171 2269
9500 13396 3020
9500 20132 5906
9500 19691 9641
9500 11973 2286
9500 19479 8942
9500 38027 18068
9500 18202 6980
9500 20637 11746
9500 37117 23912
9500 21274 9718
9500 16940 7479
9500 33122 19457
9500 26986 8590
9500 31191 21761
9500 27018 17810
9500 39323 19270
9500 20211 11448
9500 19002 9760
9500 28858 18738
9500 23648 10835
9500 15396 4372
9500 26047 17044
9500 21079 11312
9500 17182 7535
9600 19008 9256
9600 37799 10827
9600 20256 11625
9600 25961 15246
9600 19787 8599
9600 23811 9379
9600 13964 2698
9600 14539 3444
9600 17058 6816
9600 34216 18642
9600 41939 23946
9600 20740 11652
9600 27284 17577
9600 33209 17442
9600 25037 7389
9600 23021 13153
9600 14569 5239
9600 25222 11797
9600 22740 11419
9600 16370 4984
9600 26099 13864
9600 14975 3179
9600 21076 10538
9600 20388 9021
9600 25513 15427
9600 29048 13045
9600 16330 5415
9600 22618 12280
9600 21572 11239
9600 27486 10389
9600 22752 12042
9600 18185 6598
9600 27524 13918
9600 15667 3469
9600 31630 19894
9600 49602 31826
9600 17368 7277
9600 17846 7349
9600 19462 9096
9600 60019 41524
9600 24794 12684
9600 28335 16585
9600 41590 31693
9600 17541 6019
9600 30005 18182
9600 21736 10445
9600 28817 14190
9600 21013 8206
9600 18232 5604
9600 19722 10343
9700 17105 7254
9700 32104 19578
9700 14713 3680
9700 29763 13053
9700 21329 10996
9700 36376 26154
9700 21765 8144
9700 36956 19370
9700 32025 19673
9700 30230 19049
9700 15761 6445
9700 21852 9519
9700 20260 6803
9700 29928 10948
9700 23206 12300
9700 27877 14132
9700 23293 14305
9700 27138 16689
9700 29849 19345
9700 20796 7061
9700 21250 11978
9700 16932 4562
9700 12413 2454
9700 37489 22293
9700 26778 11654
9700 28070 14100
9700 34507 17279
9700 24325 14564
9700 19490 9984
9700 25694 12800
9700 46375 23807
9700 31541 15703
9700 19133 10354
9700 28649 12752
9700 27859 10471
9700 42517 31180
9700 42280 28238
9700 32378 19057
9700 17802 8597
9700 19972 7697
9700 41343 26505
9700 22897 12694
9700 38015 18384
9700 30729 14137
9700 23923 8150
9700 13557 2775
9700 21624 11209
9700 41781 22642
9700 18760 6023
9700 21686 7851
9800 13199 2888
9800 21401 10108
9800 35798 23895
9800 19318 1243
9800 27813 12370
9800 17160 7796
9800 18136 5684
9800 28923 10772
9800 24736 12499
9800 39656 27337
9800 26732 10667
9800 14882 4641
9800 16902 7969
9800 12252 2094
9800 16095 5514
9800 29015 14090
9800 21877 7990
9800 28073 15726
9800 33864 13917
9800 23602 13633
9800 23314 7975
9800 30279 12817
9800 30414 13174
9800 39548 28723
9800 31433 18343
9800 35877 17247
9800 32976 17433
9800 21028 9847
9800 22840 8312
9800 25517 15503
9800 27715 17493
9800 32516 21973
9800 21387 9316
9800 30200 17538
9800 24796 14357
9800 34101 12793
9800 38894 26775
9800 14432 3141
9800 13302 3026
9800 42067 22686
9800 36259 21021
9800 39855 21320
9800 16989 6589
9800 25919 7633
9800 32744 5460
9800 25122 14778
9800 17231 5973
9800 26067 12172
9800 23075 8254
9800 24991 13490
9900 44734 30103
9900 33165 20818
9900 19396 5505
9900 22002 10044
9900 32239 15382
9900 26329 13137
9900 24421 10233
9900 36866 13252
9900 27925 9137
9900 20367 10388
9900 22640 13348
9900 29149 19245
9900 31381 21731
9900 30010 19387
9900 23472 11682
9900 22343 11551
9900 24525 14093
9900 18898 6856
9900 18342 6503
9900 35247 24533
9900 20783 10015
9900 27313 17371
9900 21380 10246
9900 37846 21394
9900 29261 15646
9900 22417 11723
9900 26095 12406
9900 24946 15955
9900 19966 8593
9900 22833 10154
9900 25770 14103
9900 15093 5853
9900 22178 3413
9900 20791 10242
9900 20289 9829
9900 31435 19945
9900 35373 18958
9900 24315 12580
9900 30090 19598
9900 35846 19601
9900 26897 13747
9900 21555 2320
9900 32034 11389
9900 27104 5392
9900 40185 18617
9900 18773 6537
9900 22375 11437
9900 12183 2341
9900 18723 6021
9900 22221 12338
10000 13298 2722
10000 24142 8366
10000 19008 6903
10000 40482 23889
10000 37721 22934
10000 20510 9015
10000 22001 10448
10000 53328 37627
10000 44368 34197
10000 28234 15274
10000 15786 4625
10000 11871 2331
10000 33460 12974
10000 42487 26729
10000 17462 6796
10000 24817 10165
10000 34913 21255
10000 23838 9897
10000 25791 7511
10000 22598 2319
10000 34397 24982
10000 18247 6826
10000 20193 10774
10000 22454 9873
10000 22525 8537
10000 15861 4662
10000 37619 24555
10000 23137 13294
10000 20325 6743
10000 24717 12049
10000 24923 15001
10000 18326 8410
10000 35690 22164
10000 32685 19877
10000 32436 19335
10000 34890 16706
10000 22211 10770
10000 27193 6348
10000 24780 12748
10000 14786 4952
10000 32902 22878
10000 23542 13203
10000 23508 13110
10000 20704 10484
10000 28846 13645
10000 33642 22101
10000 19927 9609
10000 37150 26258
10000 33623 22365
10000 23594 12945
10100 23399 10955
10100 29530 16250
10100 33565 19214
10100 55629 43994
10100 32551 23397
10100 27555 15776
10100 41209 22019
10100 23584 11473
10100 20613 10716
10100 16627 7316
10100 17015 4025
10100 29734 13862
10100 16483 4800
10100 36367 7258
10100 17466 7319
10100 27109 12378
10100 24246 5589
10100 41562 24799
10100 12715 2508
10100 28201 12989
10100 16443 6753
10100 15069 5152
10100 23147 12706
10100 36646 25768
10100 19503 6675
10100 31468 11925
10100 20209 8522
10100 22358 11408
10100 19934 9960
10100 22373 11895
10100 21674 12226
10100 32866 12712
10100 31348 7833
10100 37290 23245
10100 30631 21169
10100 25667 15625
10100 30986 12160
10100 35962 20414
10100 35245 24694
10100 21572 9783
10100 27871 8827
10100 30710 17684
10100 19017 6546
10100 42316 25245
10100 19577 8202
10100 49425 18050
10100 25911 15504
10100 41261 19697
10100 33808 21306
10100 17798 7487
10200 29567 16578
10200 16184 6644
10200 22669 8624
10200 28868 12912
10200 38350 24558
10200 27579 15282
10200 27633 12297
10200 28130 15877
10200 52163 28506
10200 24265 10496
10200 13709 3158
10200 23777 11055
10200 49767 31592
10200 22690 10560
10200 22337 11435
10200 19544 7268
10200 29205 17034
10200 21423 11602
10200 17128 6102
10200 19955 8140
10200 22496 2214
10200 23325 12526
10200 22498 10292
10200 25550 13972
10200 20956 10491
10200 29379 16318
10200 24274 10334
10200 23422 9421
10200 24581 14411
10200 19122 9612
10200 30513 18794
10200 15933 3433
10200 24177 13186
10200 25022 11471
10200 30639 12215
10200 25833 14188
10200 30201 13212
10200 56298 43207
10200 58129 43738
10200 29997 19862
10200 24889 12958
10200 19534 6495
10200 32920 11677
10200 39830 21419
10200 21454 7851
10200 23256 13474
10200 18558 5131
10200 32683 16294
10200 23577 10455
10200 44022 26034
10300 30961 20053
10300 40914 23692
10300 60876 31941
10300 17567 6111
10300 16989 5933
10300 44112 21166
10300 17507 6242
10300 25497 3167
10300 59067 29483
10300 41217 23069
10300 36974 22972
10300 23998 7540
10300 38699 26416
10300 47908 29604
10300 32270 13369
10300 28296 11398
10300 36940 19331
10300 35801 4228
10300 33730 15006
10300 28030 18012
10300 25546 15412
10300 67928 40988
10300 23355 7943
10300 35405 24051
10300 30611 20590
10300 32110 21972
10300 21970 9959
10300 29188 11731
10300 31314 19375
10300 36481 22482
10300 36505 18866
10300 26783 13383
10300 43089 14751
10300 30866 11705
10300 17721 7025
10300 18971 6594
10300 18196 4219
10300 21193 11530
10300 36177 22158
10300 16897 5646
10300 17981 6572
10300 16420 5118
10300 29726 18731
10300 21190 9587
10300 27360 8465
10300 13055 3021
10300 27838 17449
10300 28393 15037
10300 40533 20523
10300 18313 5783
10400 16136 4322
10400 31046 13410
10400 14633 4165
10400 43063 14486
10400 30969 18572
10400 25097 14361
10400 20915 8506
10400 22723 10403
10400 23995 8825
10400 26957 7308
10400 25861 12850
10400 25836 11754
10400 20939 9726
10400 32591 17671
10400 23676 12662
10400 37594 18496
10400 44720 23866
10400 18720 6385
10400 28817 16416
10400 20178 9844
10400 25282 3250
10400 28805 15264
10400 19572 7252
10400 32174 21196
10400 29747 13605
10400 23920 9398
10400 31552 19581
10400 25367 9349
10400 23739 12858
10400 23217 13694
10400 64935 46020
10400 19106 6632
10400 23408 12938
10400 36469 3553
10400 24205 12495
10400 36270 25907
10400 15644 4442
10400 41385 18893
10400 17186 6941
10400 43964 29354
10400 27614 11572
10400 19486 7061
10400 20872 8157
10400 40963 30190
10400 23082 11039
10400 20435 9084
10400 15606 4866
10400 19570 8738
10400 36932 22295
10400 22244 11397
10500 25667 13857
10500 42498 24774
10500 29622 19101
10500 66627 33345
10500 26431 6387
10500 19977 9572
10500 13112 2753
10500 32055 15002
10500 34066 22480
10500 29103 11604
10500 23774 10271
10500 39558 16897
10500 23534 13145
10500 23961 12123
10500 27590 13361
10500 44125 27858
10500 27738 13620
10500 35137 24101
10500 23321 13091
10500 44045 14035
10500 25328 12944
10500 30809 19601
10500 47647 22483
10500 18738 8452
10500 24618 11880
10500 23811 10827
10500 29209 14219
10500 21459 10961
10500 19712 8106
10500 13694 3272
10500 17559 6095
10500 28790 6760
10500 33770 12754
10500 21735 7346
10500 18453 5604
10500 36374 25516
10500 39617 19167
10500 19487 6887
10500 39641 15089
10500 14717 3396
10500 21322 10504
10500 21299 9275
10500 24275 13184
10500 20894 10450
10500 29412 12371
10500 25205 10097
10500 25111 14582
10500 22783 12153
10500 25149 13280
10500 32732 20031
10600 26435 16196
10600 18479 7233
10600 19825 7861
10600 21683 11313
10600 27256 13687
10600 57106 38594
10600 37576 22246
10600 16888 5821
10600 36008 15955
10600 23118 13167
10600 34462 8447
10600 16061 6134
10600 26901 14571
10600 35575 24144
10600 27331 17298
10600 24725 12467
10600 30492 18427
10600 23996 11869
10600 23900 12609
10600 59851 29829
10600 22390 12010
10600 32418 14457
10600 33306 12779
10600 39870 28687
10600 36521 17215
10600 20518 9147
10600 22110 7972
10600 35877 20945
10600 33714 18046
10600 21016 8547
10600 41790 21472
10600 19555 8096
10600 28677 17557
10600 40647 19831
10600 24200 13953
10600 40089 29436
10600 28055 14600
10600 22547 7690
10600 32491 19441
10600 19981 8986
10600 36597 15831
10600 51028 28917
10600 32640 11291
10600 23655 12358
10600 12673 2557
10600 24898 11149
10600 26013 14734
10600 39449 27022
10600 18590 5876
10600 29966 17843
10700 22451 9010
10700 23410 11461
10700 42596 30201
10700 18863 6973
10700 22625 11227
10700 22927 7445
10700 44678 23636
10700 30622 17416
10700 39452 29790
10700 25545 12058
10700 27220 15371
10700 35780 21553
10700 16472 5884
10700 30442 11191
10700 33469 13318
10700 20726 9146
10700 33844 21646
10700 37771 26290
10700 35014 18071
10700 24194 10100
10700 30884 19050
10700 14656 2720
10700 16680 5405
10700 23130 5882
10700 41781 30631
10700 24150 9355
10700 42218 31010
10700 22384 11342
10700 42070 26391
10700 20397 8694
10700 31095 18429
10700 23648 13127
10700 21221 9333
10700 24242 11325
10700 29263 15538
10700 21502 10069
10700 27977 14940
10700 19368 7794
10700 17570 6496
10700 15319 4853
10700 24657 10858
10700 22836 12209
10700 14306 4111
10700 30730 16723
10700 26169 13300
10700 30798 17698
10700 32569 17695
10700 25381 13070
10700 26759 10428
10700 24306 2591
10800 29118 16352
10800 22628 9892
10800 25242 14160
10800 23451 12788
10800 28085 16743
10800 29008 13530
10800 23387 11698
10800 34498 21623
10800 39779 19123
10800 42134 11117
10800 26965 3895
10800 21648 8754
10800 48742 35887
10800 16071 5401
10800 28416 16095
10800 23972 8316
10800 27592 10635
10800 36265 18012
10800 23951 14008
10800 25983 14831
10800 59154 27307
10800 24490 13867
10800 15144 4282
10800 21732 11197
10800 27744 17357
10800 27125 13426
10800 27091 13022
10800 27722 15803
10800 14962 3477
10800 24064 12716
10800 19910 9095
10800 48981 36872
10800 52300 35401
10800 24316 14090
10800 23891 12204
10800 36766 10568
10800 52395 39706
10800 36005 17364
10800 16689 6494
10800 31285 19709
10800 25201 11169
10800 14532 3676
10800 14247 3413
10800 28945 14387
10800 29936 18123
10800 29899 19163
10800 18343 6601
10800 16017 4683
10800 17471 6188
10800 34199 20440
10900 25773 14562
10900 32436 17143
10900 35464 13829
10900 23477 11727
10900 15845 3315
10900 15419 3243
10900 23788 10345
10900 19855 8460
10900 20844 8542
10900 30417 17330
10900 29976 18218
10900 33227 12791
10900 31111 16710
10900 24420 12660
10900 17506 6489
10900 20643 9198
10900 21794 11100
10900 34971 14401
10900 33374 21533
10900 28970 17800
10900 21057 8094
10900 35457 14317
10900 46196 25441
10900 38513 8583
10900 39781 27208
10900 39669 26398
10900 15407 4122
10900 23723 10933
10900 17720 4343
10900 25872 13962
10900 37071 23598
10900 23649 11258
10900 40410 23304
10900 41329 27372
10900 36893 16879
10900 24431 12732
10900 23571 11798
10900 34119 20045
10900 16968 3199
10900 27626 11823
10900 29306 9132
10900 25407 14484
10900 15665 5046
10900 18948 5798
10900 50428 38427
10900 17383 3033
10900 31025 18347
10900 18773 3848
10900 21556 9115
10900 39142 26315
11000 21932 8786
11000 20712 5923
11000 25752 15285
11000 33073 19616
11000 14763 2963
11000 28604 15584
11000 52388 38423
11000 21117 4324
11000 19720 9265
11000 18156 6961
11000 40355 28108
11000 48544 25959
11000 29403 14275
11000 24765 12822
11000 18914 6813
11000 13133 2367
11000 18268 7402
11000 24475 13639
11000 22064 9546
11000 26386 14087
11000 23865 12536
11000 32106 16404
11000 62506 36256
11000 67051 47255
11000 21455 10353
11000 34405 12819
11000 33442 17623
11000 21011 8972
11000 29411 17847
11000 24697 10952
11000 44773 27133
11000 25646 11179
11000 40802 22618
11000 53886 41301
11000 19323 8038
11000 23517 2812
11000 34987 14453
11000 21658 9898
11000 29608 13077
11000 34676 17397
11000 28680 17175
11000 20490 10215
11000 40819 17363
11000 14254 3214
11000 19044 5752
11000 13434 2397
11000 20330 6595
11000 31158 14109
11000 30405 16779
11000 27449 16921
11100 17506 4927
11100 28665 14076
11100 15717 2889
11100 37809 24134
11100 22717 10804
11100 24074 12407
11100 39140 24914
11100 21949 6101
11100 45587 22224
11100 18752 7872
11100 25256 10876
11100 25463 14524
11100 28450 15738
11100 29559 18132
11100 31021 16812
11100 18150 7708
11100 19384 7365
11100 18906 5977
11100 25220 3068
11100 24804 10838
11100 38172 24178
11100 33345 11087
11100 55329 36881
11100 42667 20003
11100 23160 7832
11100 20046 7250
11100 22653 9843
11100 21315 7453
11100 17600 6722
11100 31492 19829
11100 35162 19008
11100 32113 14951
11100 30582 8553
11100 27074 11832
11100 28864 16811
11100 35358 16925
11100 32519 11739
11100 29488 6294
11100 55727 36000
11100 24371 9837
11100 31504 19167
11100 32185 17538
11100 16232 4307
11100 32379 20343
11100 40658 20197
11100 23627 10689
11100 27827 7383
11100 26625 14071
11100 17235 5525
11100 43779 21309
11200 21059 7955
11200 38341 25326
11200 26294 11887
11200 27194 12028
11200 47427 30762
11200 15968 5808
11200 36476 24844
11200 19303 6157
11200 17027 6661
11200 21480 9039
11200 29264 15277
11200 39102 19797
11200 28621 17583
11200 25489 12937
11200 54858 32707
11200 28940 16765
11200 55916 30702
11200 21672 7038
11200 34118 14686
11200 21473 8703
11200 19647 6968
11200 38790 26322
11200 18334 8122
11200 41659 28412
11200 23958 12050
11200 41445 16887
11200 42351 30172
11200 21682 10311
11200 22667 7820
11200 21101 7137
11200 34245 19000
11200 23063 11195
11200 25628 14341
11200 20876 9635
11200 24528 11958
11200 26056 14925
11200 21452 9287
11200 28004 16722
11200 17662 5005
11200 14655 4530
11200 34816 21411
11200 44088 29389
11200 36816 23842
11200 22005 7341
11200 22440 11983
11200 31637 20044
11200 37567 24670
11200 29462 18584
11200 53229 33172
11200 14350 2615
11300 37001 23964
11300 21077 5762
11300 36906 22165
11300 22087 5586
11300 30227 14248
11300 26787 9366
11300 15163 3878
11300 52807 20574
11300 35437 21789
11300 25348 13485
11300 28848 16940
11300 51852 27925
11300 26282 12500
11300 39915 18762
11300 35743 17080
11300 35440 23093
11300 26934 13283
11300 23439 11604
11300 22834 7837
11300 18286 6167
11300 23705 11687
11300 27708 17448
11300 28194 16184
11300 36497 20795
11300 33574 20625
11300 20709 9296
11300 31059 8473
11300 38640 17675
11300 21984 9339
11300 27517 14918
11300 40764 24979
11300 29437 16130
11300 28167 5089
11300 27170 6519
11300 28145 15304
11300 35805 14726
11300 39022 27524
11300 20898 8233
11300 25193 14036
11300 17287 7014
11300 22801 11168
11300 26204 15298
11300 22506 10319
11300 36615 12799
11300 58333 45783
11300 48509 17713
11300 25131 12169
11300 41819 22560
11300 33050 14610
11300 32653 15020
11400 38398 23441
11400 32807 20786
11400 29160 16928
11400 37751 24282
11400 23765 12898
11400 41686 24260
11400 41643 21584
11400 14804 2359
11400 18246 5106
11400 28375 13088
11400 43815 28872
11400 22001 8691
11400 17576 5389
11400 21344 7344
11400 36780 17124
11400 29432 11807
11400 48330 25930
11400 26322 12069
11400 21044 7788
11400 21180 8852
11400 34177 20506
11400 22707 10166
11400 15710 3307
11400 21991 9120
11400 29829 18202
11400 29337 13390
11400 23503 9817
11400 34496 17103
11400 35588 13125
11400 38556 26030
11400 44708 23546
11400 14544 2346
11400 30369 19303
11400 26974 12371
11400 18268 6358
11400 35153 20757
11400 30705 15500
11400 16846 4994
11400 36698 17325
11400 21384 5629
11400 43817 25040
11400 17870 5798
11400 16690 4167
11400 31819 14967
11400 41601 25556
11400 33444 16135
11400 25000 10821
11400 48783 24898
11400 23421 11901
11400 28570 12905
11500 22697 9039
11500 23446 12214
11500 22039 8373
11500 37518 22820
11500 62261 38274
11500 19051 6676
11500 39475 26296
11500 21549 8647
11500 35677 13043
11500 26787 13934
11500 30467 9242
11500 25703 14040
11500 53664 37422
11500 27573 13384
11500 21021 7004
11500 50946 37756
11500 26629 15282
11500 24428 13519
11500 28000 11214
11500 13478 2545
11500 52233 27934
11500 37690 20748
11500 27024 13523
11500 14930 2912
11500 46389 34219
11500 40715 25231
11500 37192 22535
11500 49734 21172
11500 36030 16750
11500 22547 11099
11500 47892 23705
11500 27350 15867
11500 34465 18357
11500 30757 7380
11500 23157 10337
11500 33419 19302
11500 32084 10525
11500 43632 23064
11500 24851 12735
11500 32136 20876
11500 21047 9641
11500 30766 8431
11500 33675 20686
11500 33439 21706
11500 32760 16661
11500 14476 3312
11500 26850 11760
11500 28925 14742
11500 28862 3530
11500 17859 4820
11600 23815 7786
11600 30645 16600
11600 23546 7784
11600 51209 28788
11600 36678 23504
11600 34258 15130
11600 21173 10035
11600 21350 8324
11600 54477 31127
11600 35100 17007
11600 20769 8769
11600 25277 12664
11600 41166 27548
11600 41152 28338
11600 42056 16821
11600 49118 25276
11600 22813 9692
11600 18613 7974
11600 23173 6412
11600 20970 9677
11600 39344 22468
11600 20110 8785
11600 38275 25485
11600 17586 5792
11600 13379 2621
11600 49597 28719
11600 32801 21292
11600 25742 13891
11600 20713 8639
11600 24224 9552
11600 19994 9062
11600 52836 35254
11600 37789 16169
11600 46002 31776
11600 34463 10078
11600 31613 17662
11600 30384 11525
11600 25464 9544
11600 33225 21247
11600 28254 15538
11600 40375 22037
11600 17206 4365
11600 21783 9751
11600 28772 15301
11600 32305 18713
11600 27476 8727
11600 30175 18020
11600 23048 8749
11600 16838 3908
11600 31670 10055
11700 21021 8991
11700 21596 8222
11700 37013 22973
11700 23766 10617
11700 28222 15790
11700 17602 5850
11700 23772 11916
11700 18328 5432
11700 26936 14221
11700 48667 35263
11700 36233 19792
11700 29817 15692
11700 16267 4487
11700 32737 22139
11700 24494 13600
11700 30789 5144
11700 28430 5246
11700 15997 4924
11700 34946 20284
11700 18089 5409
11700 52162 35312
11700 20259 8119
11700 41182 28165
11700 19207 5393
11700 18073 6767
11700 37797 24929
11700 26459 12325
11700 35396 22000
11700 25301 11606
11700 46042 33889
11700 31696 16679
11700 24973 11268
11700 16955 4450
11700 25297 13349
11700 26328 14226
11700 19378 5234
11700 34345 21088
11700 26286 12907
11700 33856 10771
11700 39811 22488
11700 37343 18911
11700 49353 23383
11700 16546 5249
11700 22804 11310
11700 29610 15744
11700 37882 20429
11700 41448 17272
11700 35771 13692
11700 30978 19373
11700 46160 29186
11800 14372 2390
11800 31086 6591
11800 44444 24721
11800 32199 20489
11800 29610 15735
11800 19547 8315
11800 18529 7169
11800 25574 3661
11800 22093 7214
11800 17642 5337
11800 24102 13273
11800 23937 12000
11800 43189 21458
11800 19956 8138
11800 34533 12542
11800 22575 8301
11800 25536 11656
11800 31767 13600
11800 27407 13915
11800 25972 3169
11800 26616 13177
11800 30209 17637
11800 23033 9434
11800 53392 19427
11800 40650 20412
11800 25022 11505
11800 20489 9142
11800 26344 13169
11800 46003 16727
11800 35535 22497
11800 33195 19981
11800 17359 3802
11800 27987 10049
11800 50700 30141
11800 18385 5382
11800 51582 31793
11800 56532 23555
11800 31816 7275
11800 27710 14432
11800 21938 10051
11800 35017 23393
11800 41260 24039
11800 34742 22655
11800 59842 39341
11800 23296 9626
11800 20679 5835
11800 15278 2929
11800 42137 28394
11800 30994 18628
11800 27010 14236
11900 31310 18464
11900 34537 15198
11900 37227 21842
11900 35049 20412
11900 22571 7423
11900 21838 7583
11900 34396 18063
11900 32288 12584
11900 32711 15970
11900 25019 12481
11900 24668 11154
11900 29141 14419
11900 29467 7040
11900 21226 6189
11900 44510 32479
11900 16955 5751
11900 31819 15367
11900 33092 20941
11900 44172 31792
11900 34608 18891
11900 37595 23984
11900 40412 19757
11900 28421 4529
11900 24013 12183
11900 63956 49580
11900 58003 30244
11900 28170 9695
11900 37556 17890
11900 26558 11063
11900 40798 13996
11900 36033 22167
11900 38509 21890
11900 37967 13845
11900 30505 15496
11900 31048 17379
11900 39252 26607
11900 59074 32236
11900 18137 5392
11900 20095 6630
11900 39320 22836
11900 41824 14909
11900 24712 10778
11900 14577 2858
11900 21218 8404
11900 26125 4526
11900 20207 4374
11900 28581 13608
11900 23985 6330
11900 50166 33682
11900 38923 9734
12000 32122 13931
12000 39585 19773
12000 25597 12079
12000 30634 13035
12000 16538 4257
12000 31652 6049
12000 28277 14742
12000 22558 8062
12000 34924 21145
12000 35321 22075
12000 28384 12913
12000 54044 29353
12000 32702 19912
12000 23534 11006
12000 46266 23984
12000 49255 20460
12000 43291 26890
12000 30650 15198
12000 33260 10717
12000 28955 17205
12000 16264 4587
12000 29811 13047
12000 19846 8303
12000 21810 10033
12000 28931 11681
12000 27503 13870
12000 29035 14876
12000 39078 24992
12000 31295 19909
12000 34537 13033
12000 19133 5536
12000 36962 14605
12000 37766 9771
12000 26848 12934
12000 52489 26581
12000 19251 7522
12000 25339 10210
12000 22273 10318
12000 27269 5416
12000 14794 2736
12000 29792 15915
12000 33400 21716
12000 15628 3254
12000 25840 14271
12000 25751 11268
12000 34012 19964
12000 18536 4933
12000 22756 5012
12000 44757 32191
12000 46373 27707
12100 32447 8912
12100 46737 26487
12100 28056 14282
12100 34688 18302
12100 20364 6145
12100 36733 22360
12100 29528 15273
12100 31247 17262
12100 38000 21944
12100 45937 30886
12100 23279 7434
12100 54101 41609
12100 40453 24552
12100 22960 8604
12100 30109 12385
12100 23169 10690
12100 15823 3063
12100 44552 28863
12100 49243 35128
12100 42789 22331
12100 34336 22141
12100 24148 9239
12100 46257 13298
12100 38843 23792
12100 18107 3652
12100 32960 16079
12100 17653 4126
12100 29857 14527
12100 41157 16604
12100 45615 27168
12100 34066 19892
12100 29620 17499
12100 40438 13388
12100 53503 30863
12100 27816 14026
12100 22588 10661
12100 26159 9341
12100 40799 21844
12100 18972 7091
12100 32351 11254
12100 26139 12090
12100 60975 37019
12100 24809 12216
12100 22589 11082
12100 17164 3838
12100 16863 2804
12100 50869 35053
12100 34319 20913
12100 24130 7684
12100 49845 21061
12200 38794 14303
12200 35731 17346
12200 17977 4928
12200 26432 14480
12200 18275 5690
12200 33111 13922
12200 36209 16584
12200 30720 4862
12200 35219 17953
12200 46373 28229
12200 31371 18351
12200 16165 4247
12200 40591 22667
12200 24901 9435
12200 45190 20852
12200 29845 14814
12200 26284 8079
12200 26656 12819
12200 26513 12496
12200 25513 11094
12200 42785 28380
12200 23770 12413
12200 28417 12492
12200 23100 11517
12200 13991 2759
12200 17129 5509
12200 19060 5373
12200 39354 24177
12200 46907 31500
12200 23594 10150
12200 23266 9723
12200 33502 18875
12200 21790 8297
12200 18784 5233
12200 23506 7304
12200 38093 21843
12200 25709 12589
12200 18494 3615
12200 40928 27715
12200 29386 16102
12200 33894 17072
12200 30237 14237
12200 44105 32523
12200 38707 25008
12200 23284 11616
12200 26343 11105
12200 52174 28275
12200 26464 13160
12200 31082 11690
12200 34655 19558
12300 33431 19180
12300 17963 4821
12300 41338 28844
12300 44303 30629
12300 35763 16100
12300 42085 22875
12300 31710 18401
12300 16013 3443
12300 23736 11334
12300 35175 17720
12300 24619 8232
12300 20928 9124
12300 20207 8680
12300 34837 20064
12300 25565 11398
12300 20286 6909
12300 18692 7216
12300 39283 20172
12300 40514 28524
12300 38291 21817
12300 28923 16426
12300 31888 15905
12300 33249 20841
12300 36624 21657
12300 19879 4960
12300 31492 18580
12300 19420 3386
12300 28156 11203
12300 28775 6245
12300 28586 15575
12300 41774 27874
12300 20429 5944
12300 43142 23304
12300 31967 16942
12300 22042 7933
12300 45578 23084
12300 33407 19608
12300 28532 10318
12300 38214 15465
12300 30803 18364
12300 16825 3548
12300 35921 21825
12300 30198 14485
12300 23983 8867
12300 16203 3553
12300 25294 13455
12300 29811 13613
12300 47415 35259
12300 33060 16919
12300 48234 32629
12400 23754 10326
12400 28824 16680
12400 23215 5843
12400 18985 6950
12400 24991 11446
12400 33559 20310
12400 29674 15732
12400 41573 27100
12400 46351 34225
12400 50677 31146
12400 22413 6877
12400 30229 17322
12400 36051 16625
12400 45013 31753
12400 61073 38020
12400 25631 11337
12400 54606 38929
12400 35716 23291
12400 29172 13963
12400 22260 7626
12400 42895 27599
12400 18666 5468
12400 48164 20398
12400 28079 16302
12400 31247 14823
12400 40047 12681
12400 27330 14399
12400 26827 11224
12400 18731 5037
12400 43554 15144
12400 30105 15264
12400 64014 34977
12400 32432 18900
12400 49429 28454
12400 35603 21740
12400 23413 7660
12400 28128 15531
12400 20944 7723
12400 32944 17660
12400 31642 19953
12400 45836 30655
12400 24018 11252
12400 38713 23347
12400 43160 19426
12400 42252 27239
12400 27403 15417
12400 43227 29967
12400 26121 11822
12400 42255 17383
12400 33172 20897
12500 57274 32299
12500 16096 2836
12500 54029 31571
12500 26759 15072
12500 51447 27999
12500 36369 22616
12500 36501 16728
12500 35292 20872
12500 27060 10146
12500 42751 23481
12500 37327 14595
12500 51894 23723
12500 41368 16853
12500 22910 9763
12500 19337 5852
12500 25917 11777
12500 49285 35783
12500 50137 15650
12500 40389 27195
12500 27304 11843
12500 38492 25959
12500 33250 18837
12500 31933 19766
12500 38647 23246
12500 33174 7194
12500 33954 17319
12500 28533 14972
12500 21834 10325
12500 33468 18206
12500 21898 10097
12500 48172 28074
12500 26646 11694
12500 31159 18804
12500 38279 24803
12500 55667 43448
12500 19730 5490
12500 35284 16301
12500 33984 20312
12500 39042 22732
12500 29352 15800
12500 43190 23396
12500 37937 15155
12500 44399 24261
12500 29763 12598
12500 26645 14747
12500 51763 37268
12500 32410 16317
12500 50244 21547
12500 20834 7215
12500 20506 7398
12600 36373 21851
12600 30174 14840
12600 27116 10479
12600 42363 13755
12600 27035 13167
12600 18255 5841
12600 15526 3108
12600 28513 14477
12600 40579 24308
12600 18877 7073
12600 54966 35841
12600 55529 35032
12600 39390 22119
12600 50842 34473
12600 27786 14302
12600 39027 26587
12600 26137 11869
12600 32783 17255
12600 40729 23053
12600 77004 52769
12600 36730 12160
12600 47899 22268
12600 32481 19570
12600 37876 19145
12600 39824 26058
12600 28934 15302
12600 41235 16680
12600 24794 13275
12600 25733 14181
12600 15655 3630
12600 23129 8607
12600 42061 26229
12600 26682 12098
12600 41193 24298
12600 28171 10643
12600 35567 13433
12600 42449 23307
12600 36950 21376
12600 24484 10402
12600 29356 16850
12600 42336 28042
12600 25637 9732
12600 31841 20393
12600 40599 22967
12600 47344 33076
12600 18570 7103
12600 23346 8492
12600 38565 10286
12600 33605 17808
12600 30652 18113
12700 29314 14896
12700 21888 9611
12700 19505 5245
12700 55185 35220
12700 33017 17528
12700 41451 25816
12700 45929 17961
12700 58693 25069
12700 37117 21555
12700 16493 4683
12700 36234 9286
12700 33621 21784
12700 23261 7957
12700 24323 9464
12700 30160 14841
12700 55966 41689
12700 33593 15821
12700 28440 15751
12700 23007 8249
12700 19713 7390
12700 28686 12436
12700 23339 9940
12700 43432 30660
12700 30087 8101
12700 40584 18121
12700 37756 12313
12700 33103 14004
12700 33359 6583
12700 33227 17061
12700 36844 18478
12700 37812 23333
12700 48488 29347
12700 25642 12749
12700 26292 13964
12700 22361 8570
12700 17959 5062
12700 35877 23823
12700 53724 36994
12700 24749 11172
12700 20449 4613
12700 26643 14515
12700 25764 10923
12700 25237 10720
12700 23562 11455
12700 33642 21461
12700 27033 11201
12700 66763 40289
12700 26935 10965
12700 28033 15150
12700 18217 6507
12800 18754 5976
12800 19535 6275
12800 26871 13684
12800 20954 6718
12800 40359 11352
12800 34154 20177
12800 37017 10909
12800 24894 9642
12800 21621 9066
12800 35390 13483
12800 35208 8007
12800 17595 4367
12800 48904 32791
12800 23896 10838
12800 33939 19888
12800 34404 21287
12800 32378 7585
12800 28189 11609
12800 33076 20128
12800 37160 17433
12800 26576 11988
12800 45883 31176
12800 48731 27573
12800 24810 10049
12800 42253 28711
12800 34462 15706
12800 27696 11207
12800 40063 24678
12800 26551 5777
12800 35323 12027
12800 24327 8835
12800 63225 26617
12800 51553 29044
12800 31540 15390
12800 30073 17401
12800 38798 21439
12800 32419 17121
12800 24401 12284
12800 52996 37324
12800 30489 6325
12800 35266 20003
12800 22653 9026
12800 52132 27126
12800 29489 11348
12800 42978 20328
12800 27986 4044
12800 34725 21229
12800 26172 14076
12800 16893 2985
12800 20603 6304
12900 28481 14344
12900 35763 19518
12900 36492 20312
12900 59839 19720
12900 16941 3560
12900 37560 15894
12900 26941 13979
12900 25040 10156
12900 21804 7287
12900 42501 21230
12900 80561 35389
12900 27433 14320
12900 24608 7110
12900 17519 4085
12900 39342 22854
12900 37833 14052
12900 50704 37787
12900 37237 19049
12900 39999 26861
12900 24955 7603
12900 43786 25421
12900 29384 15246
12900 33297 18180
12900 38173 22923
12900 27945 10999
12900 18237 4092
12900 42470 26551
12900 59895 40297
12900 30005 10094
12900 50098 33707
12900 28367 14429
12900 20135 4653
12900 31243 15956
12900 34066 20978
12900 25899 12794
12900 48585 16513
12900 36823 18226
12900 26050 13625
12900 54142 36151
12900 33764 14639
12900 29452 13041
12900 51666 35402
12900 22830 8746
12900 36671 23237
12900 34337 5768
12900 44706 19122
12900 21837 7855
12900 23884 8596
12900 26788 9059
12900 34458 21204
13000 36535 21907
13000 38477 24831
13000 21392 7432
13000 41098 24744
13000 45696 27207
13000 27365 11254
13000 26742 13025
13000 30434 18166
13000 37231 9724
13000 20510 7555
13000 57069 38646
13000 43100 23048
13000 39637 15476
13000 21069 7793
13000 64534 39417
13000 29943 17171
13000 41147 21021
13000 19634 6750
13000 16597 4027
13000 41601 27040
13000 41497 18293
13000 34452 17353
13000 23821 9247
13000 49629 30456
13000 26837 11276
13000 28329 15950
13000 34064 8608
13000 22787 7630
13000 57520 41745
13000 37808 20140
13000 36178 20232
13000 21670 4569
13000 74986 48936
13000 39123 14725
13000 32640 17884
13000 41796 27441
13000 38767 12964
13000 16559 2966
13000 26365 12627
13000 20487 7714
13000 41085 18117
13000 23048 7116
13000 17846 3900
13000 35996 21305
13000 30904 18166
13000 30099 18061
13000 51964 26894
13000 29997 14588
13000 43320 25663
13000 16351 3106
13100 23090 9040
13100 43689 29014
13100 32339 18310
13100 29433 12395
13100 51742 12320
13100 30609 15657
13100 35212 17473
13100 29697 14985
13100 34563 19375
13100 30521 5994
13100 51365 12967
13100 26200 10640
13100 38929 8011
13100 30301 17251
13100 22258 9597
13100 34670 7062
13100 38814 24584
13100 36595 8935
13100 55934 37360
13100 39708 18187
13100 43807 17310
13100 25028 7548
13100 27608 13035
13100 27942 13726
13100 42247 22128
13100 26739 13500
13100 35057 22317
13100 27603 9333
13100 54721 23874
13100 57038 20069
13100 67443 42293
13100 57496 30073
13100 26616 2485
13100 44105 26433
13100 17010 3970
13100 22258 10124
13100 33991 17583
13100 21270 5779
13100 38115 25664
13100 44743 26650
13100 36545 23500
13100 19218 5830
13100 23051 7425
13100 33723 17964
13100 59183 26376
13100 25280 8975
13100 70110 46079
13100 21114 5713
13100 26549 12962
13100 34044 19119
13200 33770 17305
13200 26228 11705
13200 25453 12849
13200 23542 11188
13200 23651 9862
13200 20258 5842
13200 33414 19591
13200 20581 6438
13200 31085 13798
13200 45893 28026
13200 24999 11161
13200 39215 12383
13200 45008 27947
13200 27156 13990
13200 42933 29670
13200 15629 3264
13200 43994 27545
13200 44717 21241
13200 30874 15289
13200 32838 15241
13200 47107 29164
13200 26644 10535
13200 24935 5112
13200 34880 21781
13200 38897 10378
13200 71119 26437
13200 34582 21210
13200 34290 17248
13200 56346 34002
13200 42496 4608
13200 35366 22293
13200 31598 17778
13200 24868 6359
13200 30400 16824
13200 34210 20044
13200 25701 11948
13200 17072 4189
13200 52662 29201
13200 35436 22560
13200 19484 3403
13200 35432 15245
13200 37303 19090
13200 32349 7764
13200 42832 27605
13200 45272 28340
13200 42687 18402
13200 40946 23235
13200 22664 9058
13200 39897 26898
13200 44511 30838
13300 54166 24350
13300 21960 6453
13300 55196 40232
13300 40179 26379
13300 20784 5506
13300 22926 6161
13300 61538 45860
13300 47531 15946
13300 32663 17079
13300 23129 8185
13300 40152 12920
13300 36035 8290
13300 46710 33224
13300 38680 22207
13300 18899 3527
13300 22988 6300
13300 37690 17231
13300 41560 27813
13300 50265 35005
13300 42903 17368
13300 44242 29321
13300 36637 17121
13300 34945 20120
13300 33851 19204
13300 34707 17846
13300 27171 13810
13300 28541 11471
13300 24594 9249
13300 30714 12961
13300 31242 13723
13300 43902 21612
13300 18212 3684
13300 63061 42704
13300 35227 22163
13300 24311 9069
13300 32265 13700
13300 20812 8277
13300 29908 13187
13300 42036 26028
13300 61262 41450
13300 61889 26462
13300 28586 14637
13300 46757 16185
13300 27654 13404
13300 16976 2844
13300 38275 19537
13300 35825 20158
13300 32279 15881
13300 21655 7383
13300 18773 4985
13400 32701 19366
13400 40845 18525
13400 58360 39620
13400 40565 17362
13400 31853 14085
13400 18158 2807
13400 32743 12601
13400 19337 5094
13400 31836 16299
13400 30306 17308
13400 32363 17208
13400 36239 18139
13400 51879 27032
13400 35231 17791
13400 31648 11184
13400 32884 15126
13400 44986 18297
13400 83293 38995
13400 73199 60153
13400 39045 22900
13400 38951 20833
13400 30391 11701
13400 19992 4808
13400 37839 22440
13400 56112 43104
13400 30000 15832
13400 36109 21772
13400 51333 31364
13400 32764 11820
13400 34835 6107
13400 29122 12048
13400 62720 35025
13400 32815 16379
13400 28787 13703
13400 42080 25800
13400 22281 6859
13400 36714 20543
13400 48030 18930
13400 34682 20458
13400 23401 8137
13400 47431 32585
13400 32721 13919
13400 43089 29315
13400 20580 5535
13400 31250 14458
13400 29768 13656
13400 19641 6360
13400 44022 30888
13400 39397 24164
13400 38421 22907
13500 25967 13170
13500 20184 7021
13500 30933 13136
13500 23916 8850
13500 27451 8770
13500 43193 17788
13500 30825 11217
13500 30079 15510
13500 28645 13350
13500 29522 15750
13500 27457 11678
13500 39477 25009
13500 42314 25233
13500 38831 24762
13500 39848 23349
13500 48061 19784
13500 24663 9396
13500 44275 18256
13500 31219 3622
13500 19512 6417
13500 34689 7152
13500 47812 23417
13500 48716 20976
13500 36522 16494
13500 33556 6884
13500 24339 8604
13500 30910 14441
13500 43721 19085
13500 50289 33107
13500 33519 18783
13500 30884 16196
13500 21626 4377
13500 23968 7443
13500 49997 32722
13500 44953 17866
13500 37866 16816
13500 33491 12096
13500 35164 15171
13500 60356 33250
13500 19881 4454
13500 20546 4619
13500 49812 31590
13500 38291 10664
13500 23938 10375
13500 27201 11282
13500 44021 28114
13500 49959 37405
13500 30557 17974
13500 42139 22470
13500 27807 12854
13600 18798 6288
13600 50275 29968
13600 40366 16107
13600 26387 12134
13600 29554 13414
13600 45469 28828
13600 47509 7408
13600 20097 4101
13600 51561 33484
13600 44919 28147
13600 51007 29455
13600 41167 17508
13600 38451 22677
13600 26743 11865
13600 23970 11164
13600 34409 16705
13600 49030 27991
13600 41757 23742
13600 32149 4703
13600 25403 10741
13600 24941 7241
13600 39302 22398
13600 38124 21900
13600 23709 7378
13600 33092 18112
13600 36866 19128
13600 34151 7885
13600 33299 18332
13600 22533 6713
13600 23091 7592
13600 36077 21323
13600 31315 19044
13600 18060 4464
13600 20609 4437
13600 28404 15462
13600 31030 14250
13600 17178 2919
13600 44197 23258
13600 32805 17562
13600 56769 42151
13600 36995 19603
13600 46282 18291
13600 37620 23234
13600 44183 17572
13600 53532 36067
13600 50813 36131
13600 25488 11923
13600 32816 16954
13600 20593 7231
13600 38930 10105
13700 25504 10089
13700 36511 19686
13700 31940 15320
13700 22151 7797
13700 28607 12483
13700 44102 17819
13700 30375 15776
13700 30206 15570
13700 52954 35630
13700 22478 6100
13700 27373 11929
13700 38603 16221
13700 20504 5532
13700 18077 3526
13700 27310 13395
13700 40075 23456
13700 35386 18884
13700 38120 15915
13700 31177 16790
13700 45204 29961
13700 50667 13118
13700 30591 14959
13700 19392 4319
13700 25582 9097
13700 58132 29200
13700 45265 22076
13700 28883 14099
13700 34237 18916
13700 42600 26097
13700 39043 24487
13700 41925 27552
13700 22802 6670
13700 49909 33280
13700 23861 6307
13700 63316 35996
13700 35647 23200
13700 23487 9848
13700 43796 16984
13700 29971 14965
13700 35472 19983
13700 38659 22756
13700 55600 40378
13700 38543 25074
13700 25088 6169
13700 35757 22491
13700 21950 9251
13700 30229 17287
13700 29893 16348
13700 42190 26726
13700 40043 26223
13800 42516 18859
13800 56028 26386
13800 46777 24132
13800 22064 5784
13800 27845 11310
13800 30076 11420
13800 39024 23024
13800 21543 5663
13800 64632 39112
13800 38386 23010
13800 64191 44288
13800 35898 19399
13800 36752 23002
13800 28011 12067
13800 23417 8935
13800 29032 13815
13800 35087 18633
13800 45459 29110
13800 61491 41426
13800 44708 30828
13800 50373 17843
13800 19593 4970
13800 44220 29220
13800 44292 22433
13800 30842 5317
13800 23810 5677
13800 30622 17697
13800 40432 9502
13800 60031 35520
13800 49074 26538
13800 22254 7383
13800 20686 5395
13800 40428 27028
13800 37637 15487
13800 38273 23319
13800 36993 19994
13800 27191 12593
13800 72419 48668
13800 25131 10257
13800 45975 22782
13800 65831 52398
13800 51366 24353
13800 63442 45233
13800 60427 32587
13800 37049 16796
13800 21105 6887
13800 41336 26368
13800 35285 19919
13800 35008 19443
13800 16637 3332
13900 17025 3651
13900 41813 26012
13900 24981 8528
13900 34311 15065
13900 34066 18516
13900 39159 21492
13900 39208 25321
13900 56390 24646
13900 35581 17104
13900 48815 28154
13900 54567 39359
13900 41276 24242
13900 37570 21452
13900 23758 11037
13900 47487 23539
13900 35014 20001
13900 35258 19754
13900 41618 20596
13900 21655 8402
13900 41381 26050
13900 37998 17613
13900 33828 19812
13900 29191 15524
13900 27646 9930
13900 31266 14539
13900 44820 23249
13900 32560 13888
13900 37124 19509
13900 31273 14744
13900 26883 11497
13900 70335 33025
13900 41176 21919
13900 20404 4968
13900 33677 17447
13900 38534 24646
13900 25478 9334
13900 44755 24113
13900 22234 8899
13900 28999 14527
13900 48037 27537
13900 33316 17852
13900 37029 17757
13900 31736 8349
13900 58269 31482
13900 43674 25156
13900 53057 22177
13900 49220 26064
13900 27108 13788
13900 47710 26298
13900 56960 30681
14000 46995 21788
14000 53201 35547
14000 26318 12514
14000 46414 20438
14000 60457 31965
14000 38212 20328
14000 54298 27913
14000 48397 31289
14000 54165 34636
14000 29171 15860
14000 49479 21315
14000 23675 8849
14000 30530 5017
14000 42545 29574
14000 39521 23079
14000 51172 31492
14000 34231 13986
14000 72206 41737
14000 32072 16007
14000 39994 25367
14000 38325 21844
14000 51372 35570
14000 31860 13103
14000 48892 22804
14000 34692 20145
14000 25294 9903
14000 30880 10890
14000 68822 31418
14000 25046 8765
14000 22387 7727
14000 69409 53767
14000 36638 20297
14000 39146 19033
14000 31497 11772
14000 26411 7104
14000 25525 11393
14000 31888 13052
14000 40191 16891
14000 34815 17752
14000 63174 32766
14000 39829 23194
14000 35051 19751
14000 32959 13212
14000 30262 15468
14000 66481 37018
14000 31508 12970
14000 36100 13257
14000 51534 19458
14000 46800 25015
14000 31230 3178
14100 51290 34962
14100 26729 12659
14100 36327 22058
14100 40382 16567
14100 23952 6133
14100 28662 11362
14100 27935 13700
14100 38168 14882
14100 38363 15168
14100 18110 3861
14100 24461 11385
14100 26434 11106
14100 45439 15301
14100 19042 6211
14100 45753 25467
14100 33153 6787
14100 37698 21661
14100 51759 27631
14100 40950 22087
14100 39263 21569
14100 50201 31072
14100 33822 19173
14100 64597 37555
14100 22250 6325
14100 28042 2425
14100 35745 16322
14100 60267 40259
14100 30112 14605
14100 28610 8810
14100 24055 7242
14100 48738 15243
14100 48453 17755
14100 28831 11382
14100 20822 7833
14100 44432 27581
14100 51752 14557
14100 34250 17673
14100 72083 46231
14100 39234 20758
14100 22206 6164
14100 45969 28311
14100 18388 3797
14100 23814 8353
14100 21723 7987
14100 38624 22633
14100 27327 8878
14100 40123 24797
14100 39163 23991
14100 31350 15518
14100 31153 16990
14200 25924 7801
14200 21963 7258
14200 28836 14845
14200 55700 39145
14200 76587 55477
14200 36311 19872
14200 33509 16940
14200 30748 17028
14200 27811 7621
14200 30206 11365
14200 27846 13227
14200 18446 4075
14200 33749 17855
14200 31440 17193
14200 26419 12030
14200 39139 24822
14200 24569 6294
14200 52347 28749
14200 48648 23449
14200 30377 13803
14200 44723 27552
14200 53108 24373
14200 29073 14034
14200 33956 12279
14200 32857 15151
14200 39318 22258
14200 28970 12859
14200 54038 40043
14200 45659 29985
14200 23676 8006
14200 30341 14783
14200 21705 5233
14200 21270 5394
14200 41975 20594
14200 50789 32653
14200 83063 49555
14200 60097 38052
14200 25537 10787
14200 52346 33809
14200 33325 13713
14200 33064 19201
14200 35895 8561
14200 21050 5630
14200 33571 18623
14200 31466 5618
14200 22206 4207
14200 34408 14030
14200 31390 13093
14200 22779 8255
14200 32285 17246
14300 16133 3069
14300 55499 39429
14300 17165 3418
14300 20381 5007
14300 25792 11199
14300 63576 41464
14300 31104 14331
14300 24663 8615
14300 33322 17566
14300 22681 8667
14300 45827 26660
14300 33262 12434
14300 44212 20160
14300 19594 5633
14300 32479 5421
14300 62828 26387
14300 19138 5138
14300 29087 13317
14300 36233 20673
14300 29478 2661
14300 38738 20256
14300 20942 6843
14300 52823 36707
14300 23111 7954
14300 24740 8059
14300 34070 18262
14300 37475 20772
14300 46362 23773
14300 60156 44949
14300 34176 16929
14300 57361 34766
14300 53795 23793
14300 27585 11259
14300 44740 27865
14300 24220 5641
14300 34428 19265
14300 27864 12439
14300 38024 22443
14300 38823 22198
14300 35336 12949
14300 27517 12188
14300 47393 18110
14300 29286 8239
14300 26340 10958
14300 19614 6024
14300 28702 10604
14300 50924 24383
14300 29930 14409
14300 62434 39376
14300 45675 22600
14400 38900 16536
14400 48252 31309
14400 28472 6548
14400 40333 24383
14400 34420 20154
14400 34366 12187
14400 33720 18995
14400 32246 17279
14400 42232 11526
14400 32093 13459
14400 47185 25781
14400 25100 6122
14400 40403 15376
14400 61138 43293
14400 20380 4098
14400 17904 2894
14400 32894 13315
14400 45240 27633
14400 47511 32021
14400 42323 14819
14400 32906 18378
14400 38885 17299
14400 23347 8276
14400 16802 2935
14400 33139 18566
14400 40833 16717
14400 48383 32532
14400 41096 20703
14400 38006 22834
14400 33098 15114
14400 51975 26753
14400 66345 38510
14400 40460 25206
14400 40239 23386
14400 82781 36372
14400 78182 56614
14400 34373 17664
14400 32772 17643
14400 19576 4538
14400 24594 9447
14400 24636 10936
14400 33558 14747
14400 33291 17357
14400 26034 10009
14400 34352 13950
14400 53514 23852
14400 41604 25008
14400 61526 36240
14400 38608 19970
14400 24132 9933
14500 29637 14720
14500 38649 17239
14500 37148 10131
14500 55575 38227
14500 28066 10528
14500 43606 27466
14500 39722 22441
14500 71205 30453
14500 70302 50855
14500 52590 9676
14500 43586 16918
14500 40540 25463
14500 42797 21100
14500 53962 39954
14500 31197 10516
14500 32674 18139
14500 35246 19606
14500 49420 25622
14500 21157 6130
14500 46253 13237
14500 38422 18361
14500 46305 27464
14500 45540 22404
14500 57036 41565
14500 32946 17841
14500 33376 16964
14500 25175 7677
14500 30395 16551
14500 38639 11075
14500 63431 44807
14500 42971 27983
14500 37853 18803
14500 52428 26432
14500 43039 27916
14500 33455 8458
14500 47408 33619
14500 59555 30471
14500 24025 5165
14500 41704 25705
14500 45074 28720
14500 18079 4187
14500 35883 14777
14500 59722 33552
14500 28667 9788
14500 19843 4401
14500 17366 3077
14500 56468 35802
14500 35038 16036
14500 33338 13878
14500 49148 35088
14600 60986 44267
14600 27210 13018
14600 39178 23796
14600 47478 20285
14600 35874 21830
14600 33983 18546
14600 44269 14982
14600 36418 9470
14600 27692 7024
14600 48532 28001
14600 46709 11374
14600 17885 3669
14600 40907 24149
14600 35724 21438
14600 39921 22723
14600 27888 9888
14600 61011 32360
14600 27340 6177
14600 43416 19790
14600 33140 14244
14600 58244 33115
14600 55906 30265
14600 53574 36954
14600 45972 30723
14600 29877 13778
14600 44091 25618
14600 16996 3387
14600 19352 5377
14600 62118 41379
14600 34940 18411
14600 64256 23995
14600 28584 10770
14600 48903 34412
14600 35817 5520
14600 23624 7893
14600 40673 17979
14600 56162 28173
14600 45103 16689
14600 50304 35554
14600 34905 21107
14600 23078 8335
14600 45393 28124
14600 45178 31415
14600 22604 6600
14600 31219 12305
14600 50365 25899
14600 35697 19167
14600 67317 31201
14600 39255 24259
14600 50141 22237
14700 32880 17972
14700 64717 46281
14700 49856 33303
14700 17054 3095
14700 39374 15285
14700 44051 20983
14700 36292 20722
14700 30361 14498
14700 21953 6410
14700 48255 28476
14700 21647 3537
14700 26919 12212
14700 23551 8296
14700 32391 17783
14700 25974 5964
14700 40581 22912
14700 39247 24572
14700 40206 25332
14700 26404 12660
14700 90255 58465
14700 24733 7950
14700 26729 11054
14700 22438 6494
14700 43698 24243
14700 27846 6083
14700 41306 24381
14700 23800 8227
14700 30448 13979
14700 32154 3475
14700 32779 17610
14700 52863 33928
14700 17454 3667
14700 42166 21085
14700 28413 14490
14700 32741 15919
14700 38212 11289
14700 37435 19159
14700 33216 17678
14700 55282 18095
14700 24179 6949
14700 31940 17802
14700 32204 15730
14700 28497 13845
14700 51214 21162
14700 39275 19857
14700 23236 7283
14700 50874 24380
14700 46913 26032
14700 23630 8041
14700 45004 27247
14800 31635 17674
14800 24001 7074
14800 56476 42334
14800 40444 21224
14800 21100 6272
14800 26796 12994
14800 34387 20585
14800 33656 9852
14800 34548 18496
14800 46481 27016
14800 35710 18124
14800 27435 11428
14800 42364 21660
14800 36344 9041
14800 35262 4179
14800 31545 14697
14800 27877 10759
14800 23921 8033
14800 67865 34796
14800 66861 45482
14800 60266 33412
14800 35932 19006
14800 31805 17090
14800 48345 31374
14800 43412 27374
14800 32266 15453
14800 47369 30925
14800 38166 19389
14800 41004 22440
14800 37868 22586
14800 19954 3333
14800 32537 17668
14800 28195 11930
14800 50235 31636
14800 30885 14545
14800 29611 14792
14800 41869 22633
14800 31991 16128
14800 35875 20690
14800 42902 26675
14800 54515 38098
14800 26022 8818
14800 39053 21323
14800 23002 7890
14800 33465 11220
14800 76609 61432
14800 34283 17520
14800 27617 10643
14800 39570 14572
14800 59748 43044
14900 19814 5653
14900 39937 11058
14900 25122 10423
14900 56632 31243
14900 49483 30350
14900 41111 24533
14900 43905 27326
14900 27389 12383
14900 20949 4462
14900 24138 6832
14900 37543 21945
14900 39834 24535
14900 23512 7462
14900 43754 18583
14900 57165 28430
14900 34306 15365
14900 40574 26094
14900 34999 15872
14900 38053 21562
14900 40107 22990
14900 44367 28463
14900 42812 23780
14900 60924 45234
14900 30121 14367
14900 23665 5688
14900 43619 25071
14900 50384 32347
14900 45298 11850
14900 28999 10687
14900 44988 25476
14900 36380 9139
14900 63491 33077
14900 23938 7530
14900 40656 18246
14900 45433 12537
14900 75248 51699
14900 59047 39179
14900 44858 15766
14900 53529 17343
14900 29723 15098
14900 37349 17651
14900 51616 16795
14900 24392 6604
14900 51922 27476
14900 39519 14596
14900 16837 3240
14900 26296 7967
14900 22073 4913
14900 28037 8383
14900 44568 21522
15000 27236 11321
15000 49036 31774
15000 22415 3915
15000 49104 25180
15000 20305 6342
15000 31781 4218
15000 39155 21763
15000 82521 46693
15000 31473 3670
15000 57026 38072
15000 43455 23439
15000 35539 13102
15000 27208 12912
15000 29221 15025
15000 35443 17608
15000 48348 27873
15000 87973 47991
15000 65101 41630
15000 29657 8464
15000 40466 22145
15000 47467 33411
15000 65735 41190
15000 24686 10145
15000 61207 40135
15000 30844 16681
15000 40387 18212
15000 76695 46785
15000 40076 12667
15000 37278 18804
15000 47075 31458
15000 32625 2974
15000 44590 28670
15000 39280 8868
15000 40097 18816
15000 33554 16290
15000 32430 14448
15000 23087 4618
15000 60910 45845
15000 50591 31424
15000 23219 7888
15000 27164 11257
15000 34897 13581
15000 22018 6393
15000 23542 9589
15000 37730 20534
15000 52189 36815
15000 31068 10202
15000 24675 8249
15000 42163 17429
15000 36984 21924
15100 43385 26678
15100 40125 22782
15100 45946 11025
15100 37526 16569
15100 48500 19976
15100 18358 3241
15100 21716 4803
15100 36250 14851
15100 33685 18350
15100 54449 29950
15100 26851 11284
15100 38533 19966
15100 34025 18996
15100 22609 6495
15100 31031 11549
15100 51211 35834
15100 25211 11109
15100 34524 20093
15100 42863 25108
15100 48417 29419
15100 30139 12838
15100 23040 8492
15100 31913 13665
15100 20173 3753
15100 46480 27276
15100 41430 23511
15100 39177 22405
15100 63985 33945
15100 27543 11667
15100 42600 10780
15100 26817 9198
15100 43688 27758
15100 18432 3851
15100 54736 39697
15100 26984 9249
15100 30347 16151
15100 38277 19985
15100 33613 19047
15100 48477 26629
15100 37017 18867
15100 34598 15477
15100 29215 8887
15100 41612 12795
15100 38044 23288
15100 29111 12612
15100 37600 8762
15100 21311 5160
15100 46044 27338
15100 61272 42473
15100 23130 6411
15200 30978 14161
15200 43848 22063
15200 41455 17755
15200 35303 17238
15200 19681 3995
15200 37517 21997
15200 51028 22775
15200 41348 17261
15200 28136 11322
15200 41557 17650
15200 46798 22065
15200 28623 11436
15200 38302 20655
15200 53713 24431
15200 48735 21388
15200 43180 27871
15200 47340 21135
15200 38453 24012
15200 37065 17043
15200 32080 16433
15200 33151 18887
15200 47032 19370
15200 23362 5999
15200 42922 26049
15200 52578 22098
15200 60084 14687
15200 54464 39878
15200 79024 56863
15200 46669 28598
15200 22414 4629
15200 33943 5688
15200 29186 11277
15200 69376 35449
15200 33543 14000
15200 35141 7674
15200 46689 31137
15200 50826 25441
15200 36256 19299
15200 20065 3086
15200 36452 13450
15200 37393 22398
15200 34494 18218
15200 29664 13574
15200 46656 28543
15200 33429 14083
15200 54356 24788
15200 29914 2339
15200 24021 5456
15200 24949 9478
15200 71839 47196
15300 64117 37942
15300 40243 20103
15300 30550 13943
15300 25823 8056
15300 21426 5382
15300 26054 9745
15300 20882 4729
15300 35464 17440
15300 32048 13477
15300 48323 26976
15300 40762 20960
15300 26402 7477
15300 38181 14014
15300 42974 26897
15300 21206 5713
15300 36873 21990
15300 48143 30648
15300 40831 18340
15300 44721 23361
15300 30458 15025
15300 34575 11433
15300 46612 31076
15300 31474 16181
15300 23361 7853
15300 41535 22582
15300 33706 16833
15300 19100 4150
15300 38141 18772
15300 52571 31267
15300 65700 19749
15300 47825 26549
15300 39403 22548
15300 28745 14419
15300 37933 20400
15300 43372 23500
15300 54383 22061
15300 35013 18406
15300 42386 21302
15300 56660 26623
15300 51572 30444
15300 45896 29030
15300 22756 6121
15300 29626 12679
15300 31037 13770
15300 34923 19044
15300 36365 20443
15300 25969 11082
15300 37487 21290
15300 28521 13523
15300 60959 36185
15400 27590 9721
15400 79046 63831
15400 22902 7096
15400 48448 32372
15400 40348 21991
15400 35227 20571
15400 77508 53913
15400 22487 6480
15400 32570 16113
15400 40649 12170
15400 38777 18830
15400 57487 40616
15400 30128 14823
15400 37099 16560
15400 44422 26549
15400 35011 9368
15400 39114 20429
15400 23908 8931
15400 33916 17378
15400 23205 9074
15400 32792 14310
15400 59131 33676
15400 61128 41004
15400 83070 50023
15400 64990 31436
15400 58605 38494
15400 53236 34664
15400 48901 25883
15400 37887 20753
15400 51596 22362
15400 30519 14540
15400 34019 13808
15400 43885 22229
15400 54063 22676
15400 54750 34816
15400 57760 32443
15400 31495 15662
15400 51747 22659
15400 22290 5643
15400 43384 22387
15400 28804 10746
15400 28183 12622
15400 32992 15888
15400 31764 14364
15400 38477 18301
15400 44020 23242
15400 30304 11149
15400 53209 25095
15400 39949 19126
15400 33629 16661
15500 26528 7696
15500 39117 15988
15500 27590 10523
15500 47447 13360
15500 75055 36374
15500 33030 17706
15500 39277 20932
15500 55950 12491
15500 84813 53452
15500 32827 16024
15500 44923 27302
15500 45760 17867
15500 60541 37853
15500 27329 11532
15500 40533 12295
15500 47156 16962
15500 32263 14382
15500 79982 60733
15500 26359 9840
15500 23096 6369
15500 44635 15375
15500 34848 13865
15500 44530 28739
15500 52048 31540
15500 36789 16437
15500 33876 18174
15500 61487 42856
15500 38357 21171
15500 34513 19198
15500 23703 4892
15500 35018 10730
15500 43524 18774
15500 24525 7973
15500 20294 5118
15500 54613 38262
15500 61827 36884
15500 28127 11631
15500 45554 25010
15500 34459 16432
15500 42169 22614
15500 29263 11319
15500 33978 18480
15500 33510 15417
15500 38469 22296
15500 61488 37651
15500 25829 10558
15500 43067 26911
15500 31228 15599
15500 30567 13345
15500 23747 7122
15600 28360 11722
15600 64807 46253
15600 38109 19625
15600 43962 26663
15600 41549 12198
15600 26214 10258
15600 25027 9693
15600 19355 3957
15600 24388 9666
15600 39215 18357
15600 41125 24595
15600 45040 27732
15600 34750 12519
15600 34656 17556
15600 27672 12314
15600 40886 19109
15600 37386 22304
15600 33824 12235
15600 25294 10775
15600 43687 16551
15600 30791 12794
15600 36506 17488
15600 99323 69440
15600 21397 6512
15600 38382 17940
15600 18564 3227
15600 34085 16030
15600 30114 11475
15600 24750 8345
15600 70603 39945
15600 19792 5176
15600 51355 22959
15600 40447 21222
15600 23031 4756
15600 41428 26141
15600 63278 29615
15600 24747 10077
15600 23469 5689
15600 25184 8958
15600 36327 20620
15600 30285 12908
15600 54273 34911
15600 38570 22733
15600 52189 18083
15600 32328 11980
15600 36334 16968
15600 42996 24710
15600 31023 8659
15600 32416 16069
15600 25234 7269
15700 33249 16801
15700 32529 16167
15700 39914 22704
15700 22090 4548
15700 20344 4541
15700 68645 32523
15700 65513 44261
15700 54367 38759
15700 41910 25007
15700 41754 24692
15700 71976 45832
15700 58580 34419
15700 26362 11865
15700 39541 20917
15700 32807 14692
15700 31787 2446
15700 29428 11713
15700 63130 44615
15700 36564 6738
15700 45517 23892
15700 36501 20632
15700 56292 37296
15700 46276 21846
15700 50840 34278
15700 92273 58273
15700 66865 5922
15700 39830 9232
15700 53379 25906
15700 33920 18939
15700 18075 3383
15700 28264 8754
15700 21371 5683
15700 54137 38633
15700 33054 16690
15700 35739 18703
15700 68066 51225
15700 34826 18149
15700 32637 12315
15700 49270 25986
15700 53540 29254
15700 65247 16439
15700 33602 17996
15700 58970 28737
15700 35735 16791
15700 57212 32524
15700 54838 24980
15700 28487 11556
15700 43751 24716
15700 28534 11614
15700 25835 6288
15800 30402 8206
15800 68715 19288
15800 79518 60802
15800 19623 4450
15800 24172 7962
15800 34233 19488
15800 23735 7458
15800 29487 11050
15800 52575 30242
15800 38864 24251
15800 61437 39325
15800 53625 35155
15800 43694 14679
15800 26125 8480
15800 24547 4876
15800 29760 9410
15800 22592 7102
15800 31901 15265
15800 29288 11047
15800 33188 13691
15800 33978 16832
15800 34022 18025
15800 56013 20293
15800 22252 6407
15800 45896 24179
15800 56874 34001
15800 55404 30409
15800 26262 11912
15800 56776 29269
15800 52452 17444
15800 59261 24493
15800 46130 29648
15800 40603 21429
15800 30218 11576
15800 20471 5448
15800 38340 15154
15800 63869 43729
15800 23807 5345
15800 28657 12372
15800 40902 25081
15800 49304 26329
15800 48849 30547
15800 25870 10572
15800 51908 26327
15800 55085 25542
15800 49110 32396
15800 35312 17685
15800 37334 19999
15800 29836 12010
15800 57785 42453
15900 24164 6971
15900 35361 15661
15900 24492 7735
15900 50010 32358
15900 65743 38756
15900 34848 19647
15900 21947 4124
15900 27696 10409
15900 34779 18026
15900 36052 20751
15900 24252 5754
15900 42932 13856
15900 50220 34738
15900 58275 30204
15900 36972 14328
15900 37869 17000
15900 54684 38433
15900 45397 21355
15900 57289 32093
15900 45209 22061
15900 53658 27996
15900 55467 33767
15900 48523 17799
15900 63276 35849
15900 46357 25731
15900 32285 14347
15900 33335 9788
15900 29619 12053
15900 42890 25712
15900 71997 39395
15900 36681 21153
15900 47940 22334
15900 28200 12655
15900 78819 54576
15900 48194 23018
15900 23052 7045
15900 38287 19514
15900 41285 10851
15900 34950 17141
15900 25391 8609
15900 52273 32982
15900 29798 10889
15900 65785 33183
15900 27246 8183
15900 33392 18715
15900 54233 33672
15900 31723 16631
15900 32807 10191
15900 48395 29743
15900 28186 10827
16000 21778 4197
16000 50040 20568
16000 51046 24797
16000 57114 22504
16000 38817 22494
16000 54000 35327
16000 36617 15733
16000 47595 10450
16000 50773 29385
16000 41829 17958
16000 36610 17521
16000 33292 17071
16000 61955 31347
16000 49515 33747
16000 25955 7721
16000 55033 20609
16000 25909 9795
16000 61231 28949
16000 41075 16946
16000 38994 19529
16000 30397 11854
16000 18837 3510
16000 40935 21659
16000 41742 23407
16000 42864 25976
16000 58960 39825
16000 27007 10654
16000 22302 6594
16000 35731 15959
16000 43769 23722
16000 44366 20561
16000 50834 24757
16000 37606 6643
16000 41608 20755
16000 42856 24442
16000 42347 26698
16000 43100 22838
16000 54429 24574
16000 30937 12501
16000 45654 28542
16000 45125 22421
16000 56518 36373
16000 26041 9565
16000 37220 5469
16000 61956 44556
16000 43390 25036
16000 60354 28078
16000 27122 11524
16000 60859 41734
16000 34813 19217
16100 92412 46371
16100 40772 16577
16100 32092 16121
16100 65552 46691
16100 93859 62789
16100 56031 27669
16100 32442 15811
16100 28347 8193
16100 41907 24266
16100 37017 15227
16100 36472 18555
16100 41774 25128
16100 43729 25416
16100 43434 26860
16100 46192 23835
16100 29472 10091
16100 49322 30795
16100 50674 18237
16100 40382 22284
16100 27281 9671
16100 40097 7688
16100 48610 28651
16100 47607 30639
16100 56523 32034
16100 62418 38579
16100 44484 29086
16100 54495 34646
16100 56004 39600
16100 47937 15714
16100 50730 20124
16100 37028 5755
16100 67876 27904
16100 46965 16387
16100 52073 33056
16100 34750 4690
16100 33805 15292
16100 36582 12388
16100 82923 56291
16100 39865 22938
16100 26081 8985
16100 50515 18062
16100 38952 14086
16100 80777 35781
16100 47018 21516
16100 60668 33816
16100 45295 27004
16100 46385 26820
16100 38129 21695
16100 24470 7357
16100 39183 21875
16200 51802 36327
16200 33915 15331
16200 35289 18350
16200 61210 36628
16200 54828 23180
16200 38718 19237
16200 25707 9447
16200 40254 20472
16200 56188 26632
16200 53384 36461
16200 43038 26357
16200 44380 11708
16200 47314 30350
16200 47420 31343
16200 30372 12243
16200 79236 50034
16200 54235 33446
16200 41638 11244
16200 55663 27872
16200 27655 10368
16200 45472 18045
16200 50745 30349
16200 42355 21623
16200 30361 11722
16200 31802 2428
16200 30518 12701
16200 34615 15319
16200 25313 9474
16200 29265 9776
16200 34303 12429
16200 38337 19740
16200 41438 19743
16200 27302 8270
16200 29040 9501
16200 22932 5579
16200 39456 21077
16200 28351 11701
16200 40995 16370
16200 20746 3652
16200 55516 38994
16200 56376 37430
16200 20608 3649
16200 74833 47009
16200 51739 30570
16200 50603 34239
16200 39775 22894
16200 112039 80281
16200 74011 30791
16200 47891 24557
16200 29173 13114
16300 47834 23759
16300 24672 9683
16300 33440 14075
16300 71081 53548
16300 26221 9517
16300 81755 54282
16300 22091 5456
16300 74822 44059
16300 70211 32274
16300 58221 36858
16300 25383 8456
16300 54050 32619
16300 32426 12753
16300 52323 33316
16300 27304 7132
16300 61000 43795
16300 60023 38594
16300 27254 8818
16300 54820 26687
16300 37119 18767
16300 34378 18634
16300 69179 35429
16300 28550 10987
16300 51452 34374
16300 34359 14175
16300 26864 7036
16300 49453 32008
16300 23496 6372
16300 21208 5010
16300 50357 28795
16300 60568 28868
16300 35437 16070
16300 43235 16075
16300 84441 49987
16300 35018 10724
16300 44548 27213
16300 31943 10363
16300 30559 9921
16300 55289 25460
16300 64271 36855
16300 44653 17501
16300 32795 10613
16300 28621 10774
16300 45567 21156
16300 71873 49750
16300 29106 13583
16300 54682 32416
16300 43161 11159
16300 36085 17121
16300 31000 10445
16400 48593 27252
16400 53881 22928
16400 64760 18384
16400 28022 8664
16400 67406 48958
16400 22864 5165
16400 34038 17977
16400 60529 41727
16400 30623 13860
16400 70929 32866
16400 27351 9022
16400 39785 24152
16400 54331 28674
16400 53281 36032
16400 33939 17358
16400 89680 59282
16400 31183 12376
16400 43364 24848
16400 33790 13885
16400 44174 25561
16400 22059 6426
16400 42964 27797
16400 35195 15049
16400 34441 18842
16400 28244 12631
16400 55966 22890
16400 51143 21163
16400 21375 5291
16400 43198 24998
16400 30697 12226
16400 46170 27741
16400 22250 5334
16400 63288 31583
16400 47434 30478
16400 28242 11650
16400 53423 34869
16400 72602 48076
16400 48062 18633
16400 42300 7926
16400 34147 14137
16400 43029 20052
16400 27601 8693
16400 54335 30653
16400 25133 7580
16400 35207 19667
16400 60594 40419
16400 45637 20224
16400 43267 24716
16400 34452 7342
16400 55709 31741
16500 27173 11893
16500 21784 6495
16500 44926 22131
16500 55645 23543
16500 32467 15029
16500 50115 30239
16500 38856 18174
16500 48219 32364
16500 33776 11733
16500 29433 12825
16500 69848 38808
16500 28515 11066
16500 40985 19401
16500 82155 41359
16500 67419 38233
16500 36181 4894
16500 85235 39057
16500 25388 9516
16500 26403 8638
16500 22627 5950
16500 79893 61116
16500 36497 11818
16500 55580 23148
16500 80545 53798
16500 51171 32367
16500 57604 25750
16500 46824 12568
16500 41620 15747
16500 50150 25440
16500 45529 27779
16500 26273 7737
16500 26831 11796
16500 63537 42282
16500 53815 35896
16500 75684 54316
16500 26590 10120
16500 27892 9832
16500 35342 13134
16500 59198 31328
16500 33046 12311
16500 47129 24926
16500 27676 9932
16500 56628 38975
16500 36209 17197
16500 55825 31622
16500 49261 25081
16500 42622 22350
16500 30822 13647
16500 31980 11998
16500 101898 53182
16600 31298 15827
16600 64801 41675
16600 36690 16304
16600 50056 23264
16600 57771 35699
16600 30492 14032
16600 68642 35444
16600 35948 14668
16600 30357 10794
16600 57287 15163
16600 42423 23577
16600 55503 36908
16600 34032 14071
16600 34653 2748
16600 22189 4099
16600 35861 16051
16600 43123 23634
16600 25219 5788
16600 56425 29953
16600 49111 16344
16600 53230 29880
16600 85460 66289
16600 42472 24787
16600 55829 32544
16600 50438 26736
16600 37913 19070
16600 67620 37498
16600 38602 4979
16600 56823 36105
16600 47480 29584
16600 22737 7201
16600 35385 9996
16600 68866 48186
16600 33099 11935
16600 28570 12567
16600 51579 28501
16600 28353 8141
16600 57005 26654
16600 34236 10638
16600 27347 8605
16600 46112 29648
16600 49980 29666
16600 38048 18971
16600 37503 7043
16600 38499 10862
16600 21566 3891
16600 33539 2572
16600 37481 21863
16600 64127 35546
16600 35299 16689
16700 30372 13060
16700 36526 17521
16700 40402 8797
16700 34491 17722
16700 25767 9057
16700 54754 33858
16700 52205 29460
16700 39849 22848
16700 56172 26962
16700 34191 16612
16700 36953 18012
16700 41351 22555
16700 46352 19109
16700 43046 23739
16700 97955 65320
16700 27756 6615
16700 63527 45004
16700 57601 38412
16700 27227 9061
16700 31848 14867
16700 43835 22851
16700 24341 7243
16700 39346 21116
16700 34546 15680
16700 43347 19958
16700 71937 34919
16700 66100 32072
16700 35392 17959
16700 26959 10538
16700 25447 6901
16700 82173 62812
16700 54227 27625
16700 20608 3459
16700 44680 21914
16700 38147 11554
16700 43467 12465
16700 34702 15597
16700 59662 41948
16700 30611 9203
16700 55249 37069
16700 39160 12570
16700 33936 11364
16700 67025 36455
16700 31366 12385
16700 43704 27279
16700 50538 30913
16700 27595 10667
16700 34156 13733
16700 38358 19574
16700 57078 33970
16800 30713 8581
16800 25122 5518
16800 45702 23121
16800 25814 6825
16800 26972 10920
16800 28449 9676
16800 44014 24669
16800 77790 39652
16800 51535 26067
16800 67672 28414
16800 51584 31865
16800 26108 8379
16800 27114 10001
16800 40001 23304
16800 24962 5376
16800 28698 7587
16800 33875 12646
16800 39504 8239
16800 37456 19654
16800 44643 25903
16800 23437 6304
16800 52386 35190
16800 44107 8089
16800 31235 14597
16800 51525 28233
16800 79813 33529
16800 50204 17562
16800 46240 19711
16800 26463 11087
16800 61226 38343
16800 35378 14564
16800 32123 15147
16800 49030 29126
16800 20594 4667
16800 21791 3863
16800 36474 16285
16800 40194 22555
16800 52618 19757
16800 35600 18144
16800 37059 13010
16800 29073 12101
16800 53542 22782
16800 52218 33987
16800 50594 16629
16800 24255 6603
16800 70279 29660
16800 27402 9085
16800 46891 20578
16800 35340 19183
16800 82919 42243
16900 60428 26073
16900 48786 18200
16900 63158 23863
16900 36674 5330
16900 45631 25849
16900 32584 16802
16900 22993 4191
16900 28201 12459
16900 30866 14457
16900 47241 15525
16900 39672 23317
16900 33898 14220
16900 25654 6649
16900 52875 12122
16900 22516 5773
16900 61525 42231
16900 87996 61827
16900 38969 19734
16900 54553 36199
16900 62300 33576
16900 30580 11037
16900 22436 5383
16900 44028 24795
16900 37707 19672
16900 54695 27906
16900 25157 6336
16900 23446 5860
16900 39828 23653
16900 40624 14488
16900 51058 27859
16900 44232 20486
16900 62431 31603
16900 24476 5799
16900 29192 12582
16900 48696 31422
16900 47025 15030
16900 37992 14766
16900 37203 17122
16900 83208 36700
16900 58676 32049
16900 26770 10195
16900 51074 34043
16900 43146 25836
16900 40300 22384
16900 40564 23398
16900 48616 21472
16900 58247 31179
16900 71673 47639
16900 32222 14925
16900 39769 21001
17000 50162 25956
17000 76635 57338
17000 27085 5364
17000 48577 28560
17000 34571 13302
17000 47798 25793
17000 52526 28024
17000 78657 48470
17000 42236 23202
17000 33666 14886
17000 35738 17693
17000 52280 28285
17000 37604 16961
17000 42427 16999
17000 42364 15674
17000 35531 18851
17000 34707 15652
17000 42322 23941
17000 63445 29829
17000 44084 19040
17000 27418 6735
17000 27718 9255
17000 29161 7274
17000 58430 25191
17000 80648 39853
17000 30156 9656
17000 27876 11611
17000 28337 11710
17000 40083 23285
17000 39923 20465
17000 36904 17391
17000 47611 27753
17000 39312 8608
17000 26626 8529
17000 73652 40573
17000 41256 20919
17000 50046 17170
17000 43317 22857
17000 58757 31183
17000 86580 57361
17000 80770 59954
17000 76248 34383
17000 34644 8909
17000 32018 12885
17000 32179 14143
17000 37816 19093
17000 44130 18956
17000 62695 40355
17000 42762 23436
17000 44570 10295
17100 62216 29627
17100 56007 24496
17100 57015 33445
17100 32542 13226
17100 63809 39105
17100 35853 18336
17100 42196 23722
17100 68708 36797
17100 37026 16855
17100 64353 28598
17100 24176 5526
17100 46221 16355
17100 48442 28627
17100 24276 6194
17100 26576 11081
17100 68274 46818
17100 32787 15604
17100 38730 17254
17100 30342 11089
17100 26228 9110
17100 26677 6773
17100 36663 16811
17100 40081 13459
17100 61635 45231
17100 42011 22509
17100 42878 23633
17100 41500 18593
17100 82524 49270
17100 45305 26448
17100 42427 24158
17100 23980 5292
17100 55114 23170
17100 52930 23660
17100 39181 17923
17100 37926 17392
17100 30094 12991
17100 55313 21501
17100 45470 25977
17100 36274 11883
17100 51430 24591
17100 75919 43965
17100 43051 23068
17100 29801 9423
17100 61692 41262
17100 34617 10487
17100 46746 10583
17100 66347 33830
17100 20593 4437
17100 47560 30668
17100 45024 24488
17200 62717 29901
17200 26274 6822
17200 66088 27410
17200 57737 35288
17200 56636 32144
17200 30476 11194
17200 82082 49081
17200 27614 8600
17200 38651 6035
17200 53892 27108
17200 62572 41996
17200 40976 19587
17200 27873 8445
17200 27764 8243
17200 45780 28293
17200 58667 35025
17200 51169 29528
17200 68762 43581
17200 43216 17472
17200 27058 7344
17200 48474 30711
17200 46963 29030
17200 36794 19311
17200 55766 36573
17200 38869 23129
17200 53582 29291
17200 76804 56261
17200 74691 44743
17200 28874 9356
17200 26846 7887
17200 37158 18225
17200 47203 26517
17200 36113 19398
17200 45947 28081
17200 42107 19574
17200 24338 6121
17200 30259 11071
17200 25853 5510
17200 21681 4531
17200 44653 23306
17200 27715 9660
17200 38251 15609
17200 30483 11656
17200 46579 17408
17200 28435 11598
17200 40105 22934
17200 83279 42355
17200 34243 12466
17200 32802 11929
17200 64308 27780
17300 42538 17885
17300 29799 8941
17300 57303 40267
17300 36320 16903
17300 39725 6177
17300 66483 49520
17300 36207 14543
17300 55326 14216
17300 66638 43005
17300 62807 29154
17300 31893 9512
17300 33908 13078
17300 31881 15591
17300 49404 30293
17300 52114 33733
17300 58263 29710
17300 36848 13253
17300 44459 25431
17300 57887 39869
17300 36095 14727
17300 36249 12538
17300 38803 20472
17300 40034 22443
17300 49362 24791
17300 25120 6265
17300 47748 26237
17300 36316 14176
17300 36669 18654
17300 60085 39377
17300 53474 30269
17300 37574 18241
17300 27687 6717
17300 50917 18815
17300 77502 33359
17300 24267 6741
17300 32346 14083
17300 49120 30090
17300 52866 29756
17300 53483 35418
17300 73453 53390
17300 57437 39605
17300 43307 23254
17300 49469 32681
17300 71728 35181
17300 76278 29140
17300 29117 8197
17300 31180 11174
17300 50125 27348
17300 65756 40846
17300 56578 39812
17400 63033 41879
17400 52926 29210
17400 52648 28785
17400 46006 19114
17400 46118 10992
17400 54858 35497
17400 49668 16529
17400 23173 5221
17400 41014 21418
17400 66783 32045
17400 46524 23660
17400 66305 39119
17400 61392 28729
17400 51629 31328
17400 57457 30419
17400 36209 20405
17400 49523 23888
17400 42377 22932
17400 45221 26067
17400 40643 7758
17400 36829 20961
17400 49093 25981
17400 61442 40441
17400 63935 22567
17400 42829 21922
17400 73931 30049
17400 34318 15627
17400 45049 23092
17400 28278 11695
17400 54908 35995
17400 26981 7518
17400 37128 11782
17400 31320 12204
17400 69768 43587
17400 59782 42407
17400 55150 20234
17400 21327 3843
17400 29209 13517
17400 27264 6896
17400 43078 24838
17400 41517 24037
17400 35790 12437
17400 23073 4893
17400 48297 22273
17400 27941 7844
17400 60618 39891
17400 55171 31461
17400 50755 31521
17400 52273 34131
17400 51409 26912
17500 30405 9199
17500 42836 23893
17500 59294 29074
17500 30299 13312
17500 51957 25418
17500 57091 34213
17500 59959 41543
17500 40243 20525
17500 22736 4788
17500 23227 5602
17500 41377 19868
17500 31730 10477
17500 61336 42266
17500 24335 6031
17500 30867 11470
17500 38745 18981
17500 37686 19989
17500 56115 33997
17500 35256 14238
17500 40006 19742
17500 32040 8345
17500 49489 23126
17500 30597 11279
17500 32445 13757
17500 47907 23224
17500 58445 30728
17500 46509 28996
17500 50665 27386
17500 25025 6760
17500 53484 31986
17500 88550 53692
17500 40423 22185
17500 30528 13794
17500 49589 27521
17500 40411 22697
17500 41807 17006
17500 28231 8457
17500 85815 50544
17500 56909 32799
17500 38696 15313
17500 39452 21360
17500 45034 26761
17500 26554 7257
17500 41185 18059
17500 54007 20766
17500 72202 32597
17500 45503 25265
17500 52908 35108
17500 34087 17481
17500 37270 3955
17600 35953 18711
17600 46412 25190
17600 30051 11728
17600 34080 16628
17600 50827 14457
17600 29007 7801
17600 32941 11681
17600 35850 16534
17600 24319 5501
17600 36691 17191
17600 28587 7968
17600 30202 9938
17600 41195 21594
17600 52496 29632
17600 44260 16909
17600 52378 33526
17600 49783 24813
17600 33285 10494
17600 42616 20072
17600 24334 7207
17600 22560 5381
17600 31181 9508
17600 37468 19948
17600 43301 23875
17600 61875 40675
17600 39294 19943
17600 31136 10362
17600 26078 9433
17600 53529 33377
17600 43697 21457
17600 75522 53002
17600 53099 29557
17600 39354 21412
17600 77991 56289
17600 42730 26092
17600 25758 5470
17600 44807 27013
17600 50875 31285
17600 65104 44954
17600 70884 48417
17600 47623 15459
17600 47728 13236
17600 24248 6903
17600 25276 6852
17600 22778 5855
17600 40362 15381
17600 50747 28894
17600 42190 15692
17600 43365 9058
17600 51467 24341
17700 41879 21029
17700 59195 29756
17700 35425 11993
17700 22275 5122
17700 38477 15176
17700 43744 26089
17700 69344 40572
17700 48572 24607
17700 21115 3969
17700 85674 50612
17700 32761 13502
17700 27411 10788
17700 41710 16669
17700 71503 46610
17700 32115 10626
17700 46381 25476
17700 45750 29733
17700 67691 37080
17700 46490 22430
17700 50668 11062
17700 37675 15924
17700 23748 4612
17700 76473 53313
17700 56551 36105
17700 38408 5924
17700 68260 35295
17700 26377 7512
17700 38497 16529
17700 33169 15130
17700 29848 13365
17700 84320 62286
17700 44112 24242
17700 48017 29960
17700 30175 12665
17700 33725 12322
17700 35921 3197
17700 34499 17077
17700 36319 14267
17700 35958 17086
17700 40480 20697
17700 63651 43558
17700 44696 19430
17700 73997 40979
17700 37119 17798
17700 54740 19742
17700 37694 15257
17700 48093 29616
17700 33317 13276
17700 48272 15952
17700 31225 9051
17800 41154 19371
17800 68968 48417
17800 22929 5841
17800 55963 36544
17800 28463 8481
17800 39849 22108
17800 29919 10682
17800 62578 43505
17800 27683 8664
17800 31925 14486
17800 26168 8742
17800 41451 23370
17800 73665 55397
17800 49338 26677
17800 33915 14166
17800 40050 15822
17800 39361 6296
17800 41970 9591
17800 42317 10108
17800 56370 22064
17800 49453 30360
17800 69035 35711
17800 26128 7900
17800 66183 27999
17800 33525 13118
17800 52132 30810
17800 39660 17767
17800 48473 28035
17800 27054 8037
17800 53626 34851
17800 27572 6483
17800 79456 54036
17800 34042 17241
17800 52481 29673
17800 51989 33476
17800 51318 28529
17800 63591 37160
17800 71392 36317
17800 22120 4820
17800 30397 13875
17800 33347 16767
17800 44748 18268
17800 32145 14878
17800 50965 14899
17800 91318 46835
17800 92983 58090
17800 81265 30274
17800 58978 26738
17800 43725 23249
17800 69668 50770
17900 81293 49850
17900 30814 9211
17900 27042 9758
17900 23892 5391
17900 28783 9706
17900 37139 17690
17900 49396 12084
17900 53012 32021
17900 30160 9076
17900 53673 34957
17900 34009 11164
17900 82254 48562
17900 24559 4973
17900 42680 15459
17900 56136 35225
17900 63483 26173
17900 63215 37913
17900 33210 10186
17900 55578 34789
17900 68805 47093
17900 38311 20714
17900 41896 24667
17900 38152 18258
17900 71603 50802
17900 67636 48510
17900 50394 9272
17900 39864 19526
17900 25148 7408
17900 33413 15297
17900 91991 55357
17900 42204 22426
17900 81920 59567
17900 74759 40770
17900 26686 9026
17900 26233 7511
17900 41957 22496
17900 51582 21993
17900 40934 17701
17900 35798 10514
17900 48512 26976
17900 56177 31043
17900 41038 24057
17900 76487 56369
17900 63610 43261
17900 63154 42756
17900 43756 21651
17900 55629 36835
17900 54941 34967
17900 21069 4212
17900 31220 12799
18000 40839 14719
18000 21082 3784
18000 37154 19012
18000 32362 12185
18000 62962 26548
18000 70016 46872
18000 38850 14682
18000 60051 36874
18000 51440 31469
18000 60962 38316
18000 46909 8875
18000 54498 30984
18000 46358 24950
18000 43837 23199
18000 57144 28583
18000 27844 6197
18000 49266 24101
18000 44758 24265
18000 50535 15377
18000 54433 26672
18000 27264 8857
18000 58584 34704
18000 59910 34074
18000 25636 5455
18000 42136 18041
18000 45680 26141
18000 56576 34509
18000 30039 9680
18000 61315 28416
18000 48884 22289
18000 46648 9490
18000 68117 38693
18000 66462 45324
18000 36857 16585
18000 38703 16823
18000 32849 9274
18000 26771 8055
18000 48989 24319
18000 42673 22190
18000 37638 20026
18000 44013 18930
18000 32509 15631
18000 36297 12610
18000 41104 21235
18000 49397 12854
18000 28009 10341
18000 55059 25303
18000 84897 42236
18000 42815 24733
18000 27820 6702
18100 37425 17240
18100 102807 80733
18100 29057 8209
18100 42793 22781
18100 37210 18664
18100 28083 8228
18100 48595 30807
18100 29305 8326
18100 25793 5454
18100 33183 8326
18100 55974 36363
18100 57628 27585
18100 23335 5357
18100 48285 27447
18100 47786 20960
18100 41479 15274
18100 64762 43582
18100 71160 52017
18100 41613 7886
18100 62438 36548
18100 35824 8358
18100 44085 24262
18100 46451 20703
18100 39143 4612
18100 42059 16193
18100 44938 12234
18100 31054 12597
18100 60359 42416
18100 25673 6652
18100 23167 4258
18100 47910 13654
18100 21802 3862
18100 40166 21603
18100 100468 49765
18100 48124 25438
18100 58939 24916
18100 40964 17489
18100 45962 12158
18100 42972 18930
18100 41430 18979
18100 38226 18687
18100 54092 31942
18100 60798 36071
18100 24473 4682
18100 52367 28939
18100 55525 34991
18100 72433 38469
18100 45417 22613
18100 33642 13533
18100 46137 17762
18200 51429 17121
18200 55332 20740
18200 28743 8642
18200 48005 14515
18200 49308 30968
18200 47387 28642
18200 37244 12743
18200 59055 23197
18200 36689 13517
18200 40086 16437
18200 28166 8650
18200 41487 23614
18200 74266 24493
18200 44561 22990
18200 50689 26723
18200 85826 34164
18200 53569 17490
18200 44154 24916
18200 42537 12407
18200 49618 28689
18200 36720 13119
18200 45518 14476
18200 46834 28982
18200 22642 4359
18200 36500 16400
18200 29929 9197
18200 65881 44378
18200 53204 32932
18200 50353 22864
18200 56955 35592
18200 39968 15115
18200 49979 27520
18200 42647 20304
18200 67616 32796
18200 43736 8910
18200 44381 9871
18200 54175 28724
18200 45205 26600
18200 63637 22099
18200 37910 13832
18200 30769 9227
18200 31787 13675
18200 62151 37554
18200 92632 58808
18200 75777 49232
18200 52145 25501
18200 57852 33256
18200 50644 24372
18200 60903 41405
18200 41683 21431
18300 46613 27318
18300 65410 43189
18300 43534 19781
18300 26333 6433
18300 51402 23679
18300 46562 27557
18300 81205 53347
18300 45477 20678
18300 72835 51678
18300 37334 19562
18300 43938 15804
18300 28064 7851
18300 32765 12810
18300 42287 18062
18300 54380 25239
18300 56918 33293
18300 42913 25045
18300 57341 23687
18300 68236 44170
18300 62259 38660
18300 35389 14769
18300 68042 30101
18300 36903 14061
18300 39562 17014
18300 42040 20724
18300 34408 11846
18300 26582 7230
18300 29644 12132
18300 45841 24064
18300 35298 15017
18300 58240 36469
18300 37196 9092
18300 22549 4249
18300 46018 24400
18300 52077 33726
18300 33171 10204
18300 40571 21936
18300 38653 22008
18300 59002 31157
18300 51274 25265
18300 52497 32692
18300 39439 4997
18300 53184 29529
18300 66224 38871
18300 38043 16692
18300 23654 5462
18300 45703 26046
18300 52022 31259
18300 65072 37241
18300 44648 10219
18400 87759 66446
18400 34943 13923
18400 65527 43539
18400 45090 22565
18400 57076 21830
18400 67168 46211
18400 94754 51805
18400 34830 13213
18400 63993 23683
18400 37696 14986
18400 80291 60389
18400 79050 59484
18400 37878 18943
18400 39605 17298
18400 36111 18205
18400 50901 29275
18400 35606 10249
18400 65135 47979
18400 43627 23475
18400 61058 41061
18400 62639 27005
18400 81455 44633
18400 61221 28690
18400 47952 26744
18400 35086 13332
18400 63001 41282
18400 54927 33124
18400 52491 17266
18400 38591 20248
18400 54549 15097
18400 48735 29087
18400 90235 57934
18400 64644 41053
18400 65245 28538
18400 67609 26405
18400 56325 37612
18400 29135 11941
18400 45787 26091
18400 24931 5983
18400 46408 25955
18400 43455 22525
18400 43456 25124
18400 32098 12684
18400 42656 16925
18400 59831 25692
18400 48256 29028
18400 91605 59186
18400 46394 16028
18400 40954 19647
18400 50121 16086
18500 28605 10327
18500 31430 10225
18500 59686 32011
18500 38260 16154
18500 37079 18972
18500 25685 6635
18500 67881 10701
18500 29221 8420
18500 42053 20971
18500 47557 21916
18500 60633 24941
18500 30215 10362
18500 33224 12639
18500 36586 19374
18500 28661 8028
18500 45065 18476
18500 28296 7815
18500 41336 18291
18500 47525 26830
18500 82532 34655
18500 60230 36214
18500 26860 8246
18500 30620 10907
18500 35944 15919
18500 55568 28907
18500 36716 15344
18500 30593 9299
18500 33259 13968
18500 60901 22865
18500 80515 47029
18500 55391 21697
18500 37458 17610
18500 35983 9601
18500 42221 24232
18500 47420 21363
18500 41385 18077
18500 30079 11283
18500 84698 63251
18500 33431 13060
18500 51718 31199
18500 67159 31001
18500 90843 71362
18500 38482 20181
18500 68555 44281
18500 58106 26886
18500 35434 13641
18500 25495 5822
18500 35540 12618
18500 57849 35011
18500 38981 19000
18600 24773 5921
18600 27437 6174
18600 52404 28581
18600 24381 5691
18600 56920 19792
18600 64316 27212
18600 69586 29920
18600 51044 30896
18600 72289 39171
18600 72266 54700
18600 44134 18404
18600 41122 22789
18600 44708 22139
18600 38585 15709
18600 64538 47224
18600 82437 28489
18600 68939 47941
18600 67548 46437
18600 69782 42913
18600 59043 7685
18600 62127 42552
18600 60973 40057
18600 33381 15811
18600 54653 19588
18600 63210 37171
18600 77123 46857
18600 87460 59705
18600 58293 36850
18600 39659 19322
18600 30356 9986
18600 25086 4789
18600 49312 28557
18600 44732 25000
18600 58762 30491
18600 53083 36316
18600 32173 8914
18600 27628 6520
18600 62071 24281
18600 36737 16043
18600 50046 26625
18600 49496 28001
18600 65231 44757
18600 39774 17997
18600 62173 23261
18600 27721 4418
18600 60250 19939
18600 96262 67037
18600 45115 18674
18600 78300 35877
18600 35855 11250
18700 29301 10299
18700 40491 22929
18700 63075 29699
18700 41821 19156
18700 25490 5948
18700 62420 18908
18700 34414 14558
18700 54048 30120
18700 22806 4644
18700 36602 14809
18700 30348 11681
18700 53992 15988
18700 60762 35205
18700 58787 40553
18700 78577 52240
18700 40662 6665
18700 36566 11544
18700 43966 22126
18700 75128 36267
18700 50678 31663
18700 40339 19134
18700 91597 52807
18700 64252 41958
18700 49023 26264
18700 60191 35139
18700 25296 7051
18700 56493 27050
18700 89472 22927
18700 29026 9402
18700 49530 29204
18700 65268 47438
18700 23634 5075
18700 65344 29237
18700 54441 33366
18700 28538 8211
18700 48496 28133
18700 36000 9396
18700 60189 34474
18700 35686 13204
18700 41587 22064
18700 32288 9599
18700 27751 8154
18700 54268 28831
18700 30940 12922
18700 31587 13507
18700 37337 18278
18700 50420 26530
18700 34110 14082
18700 33678 9132
18700 65613 30221
18800 61592 34191
18800 53942 34422
18800 51243 18940
18800 52375 31985
18800 67762 43946
18800 37188 18955
18800 55166 34540
18800 36762 14068
18800 79530 52617
18800 52123 29514
18800 63202 36657
18800 62841 37369
18800 49929 27714
18800 35621 15285
18800 45849 17538
18800 25495 5286
18800 27133 6112
18800 53817 25454
18800 45714 27556
18800 66564 29951
18800 37275 16637
18800 46875 16666
18800 78607 57520
18800 55234 34725
18800 60486 24129
18800 25095 7610
18800 45203 10780
18800 76020 49994
18800 42086 22328
18800 78357 45179
18800 47966 28389
18800 42699 19805
18800 37008 15121
18800 30415 9886
18800 29126 7839
18800 31682 10020
18800 64849 39653
18800 55084 27034
18800 51866 25984
18800 33383 14503
18800 57650 36860
18800 34349 11632
18800 62037 43988
18800 57095 37603
18800 46345 16416
18800 40652 20625
18800 45339 23828
18800 46068 26835
18800 79272 53376
18800 44763 27107
18900 50392 27646
18900 33592 10004
18900 55497 26118
18900 51798 30966
18900 31408 13784
18900 55404 15904
18900 55375 19985
18900 71479 47429
18900 73073 46517
18900 53305 30702
18900 56291 14928
18900 66546 45413
18900 68261 44246
18900 52168 29306
18900 46557 21379
18900 29550 9267
18900 52822 29961
18900 53312 27737
18900 33495 13663
18900 48662 28666
18900 46015 28462
18900 48747 28379
18900 49868 26592
18900 47703 22549
18900 30530 11618
18900 29183 11266
18900 57522 38555
18900 39780 16291
18900 73643 20211
18900 22290 5286
18900 38445 12485
18900 30727 8306
18900 64937 45078
18900 34672 15006
18900 63151 37608
18900 47692 22770
18900 37097 17705
18900 45143 20343
18900 49902 32583
18900 34720 13833
18900 62869 37577
18900 43866 24791
18900 42708 20420
18900 61733 38541
18900 48017 28291
18900 32341 11759
18900 42883 14709
18900 23134 4051
18900 40302 13519
18900 31265 9974
19000 67934 36161
19000 49500 30442
19000 46508 22450
19000 33070 11636
19000 68054 47143
19000 88774 39648
19000 53189 29888
19000 46383 24840
19000 47871 25680
19000 36393 16622
19000 29388 9195
19000 69365 33347
19000 35413 11829
19000 87125 66208
19000 49814 27984
19000 60387 29202
19000 44595 20913
19000 34061 11746
19000 65607 41246
19000 44373 7393
19000 53781 18889
19000 65372 40847
19000 45656 23414
19000 67700 36688
19000 43234 16809
19000 36457 16795
19000 32262 10705
19000 50381 27169
19000 36480 17033
19000 36375 16379
19000 22911 4689
19000 49681 26643
19000 52542 32620
19000 77950 48550
19000 54633 34191
19000 62869 37260
19000 38861 16619
19000 38212 14157
19000 45033 23575
19000 28123 8358
19000 93801 42660
19000 35343 12177
19000 81555 59526
19000 48152 25316
19000 50938 14907
19000 44094 20744
19000 39438 15673
19000 82054 55767
19000 56373 36014
19000 48350 17212
19100 48647 27423
19100 32833 9145
19100 56517 31479
19100 30209 10128
19100 45550 22548
19100 68946 32511
19100 25222 6686
19100 65425 33110
19100 49733 26805
19100 85294 57459
19100 27529 7677
19100 32448 9122
19100 80648 49783
19100 53323 29818
19100 63932 42366
19100 76265 54489
19100 48015 26565
19100 67891 33144
19100 44082 18607
19100 29205 10802
19100 51472 26351
19100 65976 24298
19100 57903 20455
19100 69396 48962
19100 68591 30293
19100 88082 49776
19100 39226 3028
19100 47278 28154
19100 45633 27634
19100 42142 22041
19100 56222 32534
19100 50453 29037
19100 59028 30735
19100 71987 45187
19100 77301 51896
19100 66605 34067
19100 30569 12425
19100 28389 4768
19100 70218 32706
19100 57468 26712
19100 35145 14325
19100 58654 38935
19100 46303 26256
19100 37759 19222
19100 36907 18839
19100 30481 13303
19100 64784 42643
19100 39870 20061
19100 29945 8387
19100 22185 4056
19200 43266 22920
19200 66320 41328
19200 58312 33518
19200 34476 10452
19200 48457 24831
19200 29948 6588
19200 68309 35013
19200 63939 20337
19200 45235 17029
19200 36864 14418
19200 29314 8787
19200 36303 17374
19200 43473 8059
19200 47553 18977
19200 49263 25342
19200 28484 7533
19200 30522 12461
19200 40327 20808
19200 33124 10375
19200 41011 21933
19200 35724 13679
19200 66454 36674
19200 79800 54453
19200 48117 23862
19200 44148 18308
19200 57907 27128
19200 37101 12688
19200 60718 40536
19200 57872 38958
19200 56527 30642
19200 44565 22490
19200 50253 22935
19200 44873 18220
19200 54432 18844
19200 45722 25804
19200 64402 30357
19200 62955 26886
19200 68285 25046
19200 29711 8591
19200 30937 8933
19200 57460 33350
19200 45569 23597
19200 29269 10434
19200 35193 17015
19200 29529 11752
19200 55487 36768
19200 31526 11963
19200 54546 32551
19200 62592 36160
19200 79271 51206
19300 48459 24458
19300 55966 19644
19300 28626 7288
19300 69040 35243
19300 58958 29733
19300 44446 22848
19300 56252 36288
19300 48620 26036
19300 53680 32660
19300 78326 57112
19300 29007 9656
19300 38934 11482
19300 47443 18589
19300 41469 19820
19300 43266 22231
19300 71954 45616
19300 54462 34448
19300 41429 23006
19300 72656 48024
19300 66983 28801
19300 44005 26041
19300 27288 5743
19300 51011 29647
19300 63999 40338
19300 30143 9095
19300 58623 37514
19300 23732 4108
19300 46666 26838
19300 57513 35968
19300 29649 8079
19300 59995 31573
19300 41935 18477
19300 49050 26232
19300 44443 24164
19300 51636 27226
19300 53794 22025
19300 40409 20747
19300 44302 20484
19300 54734 18791
19300 36059 15074
19300 53473 33855
19300 50465 27479
19300 26300 7166
19300 50802 30389
19300 61094 42300
19300 59315 31959
19300 53599 14381
19300 40340 21211
19300 34385 13333
19300 51663 33313
19400 74676 38644
19400 63769 33631
19400 47613 27396
19400 56988 38730
19400 68532 40439
19400 58905 30541
19400 96862 75685
19400 83311 58486
19400 83207 56543
19400 57095 36619
19400 45353 8688
19400 56719 30101
19400 53315 27571
19400 74030 56455
19400 38008 15837
19400 56837 30098
19400 37969 15995
19400 28633 8200
19400 52114 12260
19400 60287 32457
19400 48303 21175
19400 34539 15928
19400 38817 18614
19400 39270 19502
19400 38435 12650
19400 54100 26560
19400 58379 28610
19400 33537 10742
19400 41213 16772
19400 41917 13716
19400 62284 41383
19400 77060 45357
19400 24235 5752
19400 59517 27990
19400 60028 15295
19400 49899 30292
19400 57883 39932
19400 36516 13187
19400 87003 62344
19400 29560 7810
19400 38696 18744
19400 52650 26776
19400 29801 11611
19400 54497 33805
19400 60305 26031
19400 38901 19748
19400 30508 8671
19400 63691 28281
19400 43952 15364
19400 29764 8963
19500 37509 11938
19500 55236 28021
19500 59599 37604
19500 41001 15303
19500 50140 19437
19500 43265 21242
19500 68972 49152
19500 42841 16991
19500 110480 70852
19500 90856 62837
19500 35916 12776
19500 63883 40628
19500 44169 25251
19500 80658 51465
19500 32266 13871
19500 83998 50550
19500 52848 25679
19500 57260 33680
19500 50992 32177
19500 59963 23224
19500 78613 41255
19500 49680 25511
19500 52028 29433
19500 61100 37929
19500 32480 10265
19500 86088 44647
19500 46885 17841
19500 65401 32300
19500 67483 43381
19500 51339 26791
19500 54637 22179
19500 60323 40857
19500 47034 23937
19500 66526 42747
19500 42458 21667
19500 47868 28053
19500 55447 32454
19500 71537 41889
19500 48354 23412
19500 58519 17841
19500 27300 8425
19500 57065 21437
19500 48434 27785
19500 26796 8390
19500 72333 33689
19500 43417 23220
19500 54762 17732
19500 65863 31361
19500 34101 12808
19500 70922 34740
19600 43280 19484
19600 32163 10788
19600 50137 25651
19600 29109 8592
19600 42626 24088
19600 67925 43420
19600 52751 25951
19600 57407 33176
19600 27280 4498
19600 65137 36597
19600 34735 9901
19600 42751 19348
19600 64073 41285
19600 28888 10875
19600 27549 8390
19600 30576 7508
19600 86503 49504
19600 86298 67215
19600 86904 61043
19600 43019 21102
19600 46329 24843
19600 36771 16436
19600 40015 19250
19600 47857 20082
19600 72648 50165
19600 52668 9859
19600 49340 25684
19600 59291 35637
19600 52729 34289
19600 40081 14354
19600 54922 15825
19600 32384 10739
19600 23775 4944
19600 33657 7742
19600 44848 23511
19600 53359 32002
19600 42809 15495
19600 95166 53323
19600 39404 18215
19600 67013 46248
19600 93035 54110
19600 46297 27803
19600 28191 7296
19600 31631 10678
19600 37535 15194
19600 33861 12654
19600 52026 26006
19600 95094 48143
19600 39356 17982
19600 33659 13075
19700 28005 6579
19700 49159 26441
19700 60345 19058
19700 84664 51190
19700 30433 9820
19700 50613 29073
19700 67099 38765
19700 60271 39567
19700 42701 18776
19700 74064 54739
19700 41235 18671
19700 48227 24432
19700 28595 7365
19700 71752 48467
19700 48596 30096
19700 45267 26544
19700 74463 38867
19700 52223 21047
19700 40696 16856
19700 61256 40654
19700 27322 8907
19700 61581 38046
19700 60917 35171
19700 65669 42211
19700 42988 21523
19700 47710 21306
19700 49570 26872
19700 69781 43632
19700 41079 20322
19700 30196 7605
19700 53114 34173
19700 39355 17989
19700 60442 37873
19700 42894 7357
19700 61949 27202
19700 33741 12943
19700 53168 27527
19700 32857 9357
19700 41580 21093
19700 26089 5372
19700 36915 15455
19700 48088 26898
19700 30333 11238
19700 55135 31847
19700 77929 32615
19700 30395 8911
19700 42742 22558
19700 64074 26332
19700 44643 16434
19700 54712 32253
19800 50031 25627
19800 64378 32363
19800 28469 9214
19800 46636 10887
19800 76942 39763
19800 25519 6161
19800 74273 52749
19800 50847 30261
19800 25950 5918
19800 60420 28492
19800 79818 47624
19800 42420 21257
19800 46925 26312
19800 75399 54428
19800 32668 9645
19800 52166 27408
19800 69096 47195
19800 65170 43792
19800 65460 26455
19800 33981 10568
19800 33291 12534
19800 49033 23501
19800 60091 33211
19800 78293 37452
19800 111635 84904
19800 31496 7293
19800 54186 29257
19800 59510 32236
19800 75749 56216
19800 50908 31756
19800 24367 4544
19800 38677 17509
19800 44831 23202
19800 27022 5923
19800 84567 57852
19800 43100 22187
19800 57742 35852
19800 51116 33093
19800 38566 17530
19800 69375 45707
19800 46834 23750
19800 37821 12468
19800 67545 26814
19800 102345 83281
19800 45782 9003
19800 55196 32066
19800 39730 15550
19800 39765 19687
19800 52416 29716
19800 64923 43580
19900 37110 15143
19900 82938 54730
19900 38337 17325
19900 38005 10664
19900 33763 8030
19900 79740 48710
19900 37926 19287
19900 62707 30960
19900 44871 24293
19900 45184 19543
19900 72159 48370
19900 62069 27084
19900 42506 21708
19900 69653 50497
19900 38905 17286
19900 36127 15905
19900 32319 12309
19900 54789 26298
19900 53801 33177
19900 48809 9398
19900 42014 14042
19900 50332 19480
19900 45154 19344
19900 52252 33167
19900 46827 20590
19900 41544 18448
19900 72628 51449
19900 42832 21893
19900 66602 23174
19900 65242 34450
19900 43291 20478
19900 31476 10419
19900 49565 28598
19900 50753 21049
19900 80356 59286
19900 33621 13387
19900 37484 13526
19900 46574 28130
19900 30157 10329
19900 49546 27180
19900 92023 50311
19900 64956 29297
19900 31236 8038
19900 68264 43211
19900 33294 8986
19900 52558 11096
19900 77319 18628
19900 70302 33221
19900 35982 11351
19900 35473 17132
20000 83931 46183
20000 66187 26723
20000 35554 12200
20000 69751 43954
20000 43524 20007
20000 26768 6477
20000 75125 44388
20000 81146 52492
20000 110759 74044
20000 55441 35972
20000 35227 15239
20000 58478 17570
20000 50746 30607
20000 119867 90833
20000 68033 45393
20000 42630 16513
20000 25412 5765
20000 70724 49852
20000 26500 6918
20000 44879 21797
20000 27125 6449
20000 89736 55123
20000 40685 18279
20000 78637 46451
20000 36479 17424
20000 70743 38105
20000 51680 28140
20000 57387 36753
20000 44916 19544
20000 54042 23410
20000 28569 5796
20000 69426 41423
20000 52148 29919
20000 43400 13420
20000 62108 39550
20000 45958 20776
20000 52848 25263
20000 60137 37568
20000 44524 22989
20000 46402 24701
20000 34501 10525
20000 55904 17782
20000 60658 41450
20000 44357 21953
20000 80201 48946
20000 59699 29267
20000 79327 61025
20000 43267 20785
20000 46007 23480
20000 81147 60005
20100 47161 9525
20100 54920 34606
20100 24184 5137
20100 67480 46834
20100 38746 18843
20100 66057 25999
20100 85025 55622
20100 34144 12093
20100 26693 5118
20100 25632 5111
20100 48444 27526
20100 47118 22861
20100 55727 34926
20100 28591 7374
20100 39719 17671
20100 48637 28171
20100 30665 9624
20100 31669 8860
20100 48725 29031
20100 60466 18851
20100 53027 28847
20100 62593 33630
20100 86572 45274
20100 40952 17280
20100 27652 7003
20100 52476 20071
20100 43705 21712
20100 32579 13695
20100 67300 47987
20100 29640 9449
20100 67551 37902
20100 65547 27205
20100 62375 22417
20100 23940 4096
20100 28641 6784
20100 44696 25181
20100 63470 22091
20100 33929 15240
20100 50894 27186
20100 52420 30494
20100 79552 41025
20100 77409 49950
20100 69338 48546
20100 35365 11137
20100 56705 31154
20100 53554 33529
20100 51911 33368
20100 44088 25201
20100 40136 17027
20100 58872 18282
20200 55881 27022
20200 49598 22092
20200 46278 27319
20200 52629 22912
20200 25726 5670
20200 90716 64521
20200 50979 32019
20200 55596 27383
20200 69784 34152
20200 62256 28914
20200 67268 43458
20200 66041 42808
20200 39031 14986
20200 64937 39671
20200 69340 30066
20200 42055 15341
20200 55509 24121
20200 50976 27030
20200 49489 17512
20200 63985 40725
20200 24005 4346
20200 26907 7126
20200 87388 45250
20200 51169 30484
20200 34485 13095
20200 23683 4795
20200 35667 13255
20200 26827 6061
20200 96758 61688
20200 50593 20649
20200 88176 56811
20200 29739 7050
20200 77911 38057
20200 72860 50330
20200 48284 18948
20200 37304 12387
20200 31629 11283
20200 41355 16882
20200 101722 81739
20200 49313 9890
20200 48039 25432
20200 108271 82236
20200 64317 40391
20200 47231 27148
20200 39627 19487
20200 44686 14935
20200 37735 15623
20200 33198 13726
20200 66980 27021
20200 95676 23783
20300 35686 8827
20300 58766 33718
20300 82883 54596
20300 32550 7932
20300 50100 28131
20300 65229 26967
20300 52725 29937
20300 75135 51630
20300 39607 17783
20300 34031 12664
20300 54940 27430
20300 42877 19863
20300 32782 7635
20300 35502 14781
20300 37876 13480
20300 57678 16706
20300 37773 15933
20300 29110 6392
20300 42937 22702
20300 49142 27751
20300 47646 26821
20300 72468 39773
20300 33146 13692
20300 30132 9387
20300 45542 17701
20300 41736 17437
20300 63731 39263
20300 51607 28862
20300 59136 36180
20300 66235 45016
20300 61353 35618
20300 44178 16476
20300 42463 22163
20300 32030 11354
20300 65382 38046
20300 59803 32791
20300 38028 12606
20300 39420 18166
20300 130601 99318
20300 46296 22956
20300 25877 6424
20300 27871 7171
20300 34840 15975
20300 68847 32057
20300 30713 9060
20300 41978 15970
20300 46038 25495
20300 57755 36983
20300 32213 9140
20300 75227 53569
20400 45151 7452
20400 70291 45319
20400 34411 9176
20400 61525 35904
20400 62212 39502
20400 53167 29180
20400 58583 32898
20400 49052 18678
20400 42404 22168
20400 54336 30778
20400 57276 25834
20400 35064 13109
20400 26207 6736
20400 38059 14143
20400 53595 26452
20400 53448 28808
20400 39167 19988
20400 99566 62185
20400 40675 20162
20400 58056 27674
20400 53976 29939
20400 25181 4467
20400 64975 24183
20400 48018 21728
20400 53368 28380
20400 42855 11849
20400 58043 20213
20400 62261 26160
20400 35862 17110
20400 74738 35194
20400 47719 27234
20400 44237 21114
20400 55065 27294
20400 80148 40444
20400 23167 4349
20400 38767 9988
20400 42870 15846
20400 146195 110178
20400 59805 30510
20400 46046 5544
20400 54687 34729
20400 51816 30124
20400 47346 25507
20400 60101 27136
20400 32339 13768
20400 58977 30911
20400 31900 11042
20400 33128 13722
20400 33087 7836
20400 55328 26080
20500 119260 75443
20500 59494 40317
20500 42041 4225
20500 95904 37367
20500 59767 33372
20500 63782 29178
20500 46753 6405
20500 64805 30274
20500 59745 31682
20500 50062 28333
20500 40680 16674
20500 80254 41211
20500 64133 35600
20500 46747 26129
20500 52015 29904
20500 92213 63295
20500 89936 64546
20500 50069 29126
20500 51344 28124
20500 57877 33644
20500 79475 38482
20500 50102 29284
20500 43125 15444
20500 44945 22899
20500 76316 50101
20500 52683 25737
20500 76093 44624
20500 59759 20231
20500 29699 8920
20500 46422 27025
20500 54139 33357
20500 45782 22802
20500 38336 14453
20500 66455 22160
20500 26716 4212
20500 55167 19009
20500 45076 23592
20500 28946 9227
20500 58425 19055
20500 47265 26788
20500 46828 17787
20500 33929 10536
20500 65729 35503
20500 23505 4402
20500 57983 19776
20500 83106 60467
20500 59646 12493
20500 26908 4714
20500 45226 20527
20500 48468 22122
20600 30894 10074
20600 60893 40223
20600 48581 26807
20600 68452 39012
20600 45947 25265
20600 39487 17825
20600 51818 14119
20600 36355 16010
20600 62959 38869
20600 34484 14398
20600 29731 7987
20600 61917 41954
20600 63271 40848
20600 75879 55955
20600 45580 23470
20600 29018 7773
20600 27129 6278
20600 83049 38653
20600 55519 32519
20600 74112 31516
20600 40388 17268
20600 126677 97165
20600 51676 29395
20600 51061 9332
20600 31726 8971
20600 42295 20948
20600 24929 5084
20600 40919 18327
20600 68146 22274
20600 63248 42932
20600 89826 69355
20600 49037 18350
20600 31986 12206
20600 55184 31235
20600 27124 8096
20600 45745 22262
20600 60452 36973
20600 59390 33043
20600 31751 11904
20600 48151 28390
20600 76548 27924
20600 47288 6813
20600 53262 30196
20600 50377 11684
20600 47420 23224
20600 53864 30099
20600 45101 19903
20600 68365 26674
20600 49071 7618
20600 37748 15925
20700 98518 54279
20700 30810 8671
20700 46457 21861
20700 63916 25778
20700 69581 48158
20700 26941 5413
20700 36009 9577
20700 65575 44868
20700 46813 25359
20700 87430 65676
20700 50985 27018
20700 64313 19810
20700 63447 21673
20700 43454 17280
20700 35215 8408
20700 36160 9761
20700 45107 21591
20700 87516 49580
20700 32417 9152
20700 54653 34180
20700 47014 22611
20700 70720 41692
20700 43890 21755
20700 74476 37393
20700 36871 10343
20700 39826 18970
20700 43140 19517
20700 32217 7113
20700 94179 47881
20700 47548 26120
20700 50114 19362
20700 27809 5375
20700 28070 7613
20700 63496 30535
20700 72441 36498
20700 52247 30713
20700 36873 12523
20700 41947 18040
20700 54008 27950
20700 46045 15666
20700 37559 11994
20700 79039 42889
20700 42232 20119
20700 32249 11463
20700 77848 40345
20700 79526 37993
20700 79243 30689
20700 58728 38618
20700 106157 48941
20700 73355 43624
20800 63848 24461
20800 58189 31572
20800 51003 29783
20800 40030 18157
20800 69023 22990
20800 41228 19834
20800 35368 13171
20800 53645 19823
20800 45722 26651
20800 74693 54478
20800 75571 34172
20800 82474 50966
20800 43093 18285
20800 35943 8208
20800 71865 35331
20800 48287 21881
20800 55161 34209
20800 73720 50335
20800 84124 62185
20800 60604 36510
20800 32429 11926
20800 36230 15992
20800 94813 58986
20800 58159 27783
20800 60064 38741
20800 59246 26327
20800 90140 61987
20800 63665 40817
20800 30510 7799
20800 42744 18365
20800 39810 15897
20800 73062 34069
20800 78455 56983
20800 48612 24470
20800 54416 30901
20800 39353 17583
20800 27820 6217
20800 31796 9015
20800 46833 13886
20800 63943 39610
20800 45579 6498
20800 66045 36223
20800 57708 31032
20800 32414 8739
20800 38116 17232
20800 51109 26794
20800 34584 11617
20800 78291 47573
20800 95939 61922
20800 44145 19182
20900 82514 52987
20900 72018 51357
20900 33707 11918
20900 49193 29058
20900 64087 36401
20900 30839 6848
20900 46744 22480
20900 54602 32174
20900 47553 26582
20900 32308 6641
20900 53700 11923
20900 65344 25437
20900 68091 29787
20900 52108 11753
20900 46969 20871
20900 37848 16971
20900 43690 3282
20900 65511 41711
20900 34332 9687
20900 70329 35100
20900 52556 9108
20900 56244 36738
20900 82289 61826
20900 47222 23530
20900 109555 45688
20900 53754 33436
20900 102181 22218
20900 49985 25965
20900 68644 44818
20900 37917 15378
20900 65674 42329
20900 70003 36470
20900 35446 8954
20900 65870 20618
20900 47391 23714
20900 54260 25057
20900 48854 21877
20900 47235 22510
20900 53529 29794
20900 46862 25836
20900 35433 14357
20900 34078 9674
20900 62421 39822
20900 107401 52774
20900 72186 43565
20900 64736 42615
20900 62577 43650
20900 56609 27648
20900 57278 30572
20900 46421 23896
21000 39457 14254
21000 67841 41519
21000 42459 20204
21000 73419 43198
21000 59299 24944
21000 45476 22414
21000 46561 25463
21000 57138 31155
21000 54723 30254
21000 78762 59076
21000 102060 51457
21000 71499 41378
21000 65929 27829
21000 76171 36314
21000 48061 27080
21000 65791 27817
21000 89569 58276
21000 114789 76831
21000 49164 23627
21000 69981 43195
21000 89248 65149
21000 30932 11442
21000 52169 25173
21000 39187 17894
21000 60216 27071
21000 71299 48262
21000 76397 48323
21000 52336 25492
21000 45625 23143
21000 34576 12851
21000 51297 27765
21000 25364 4693
21000 33982 11736
21000 52756 23308
21000 69409 31633
21000 36572 15308
21000 76050 46900
21000 39657 15924
21000 44439 17542
21000 55346 35841
21000 50917 20198
21000 45809 7152
21000 48464 26777
21000 72479 37309
21000 68335 42593
21000 67590 45365
21000 49204 24395
21000 30625 6521
21000 74987 47558
21000 93313 67080
21100 43694 17221
21100 56545 30331
21100 64431 34401
21100 102380 74883
21100 43813 18240
21100 46570 26410
21100 43444 22661
21100 79842 56355
21100 71230 29655
21100 74415 39209
21100 49214 24367
21100 57562 18537
21100 81164 36058
21100 62725 30248
21100 49967 17965
21100 42662 15232
21100 42951 18068
21100 80416 50411
21100 33607 12408
21100 67134 43943
21100 49225 29623
21100 38706 12091
21100 46201 23544
21100 57337 29141
21100 92407 57620
21100 37336 11539
21100 52875 27545
21100 55660 26157
21100 26666 6668
21100 52714 27744
21100 58111 24936
21100 68907 26273
21100 40025 13916
21100 76100 35977
21100 57079 32389
21100 38876 16813
21100 70376 42364
21100 58193 28201
21100 55428 34397
21100 28422 7260
21100 31276 8337
21100 53363 24116
21100 35253 10685
21100 52702 18728
21100 55103 25772
21100 50564 24318
21100 44844 16015
21100 32699 10563
21100 52639 17306
21100 94351 72315
21200 43264 14409
21200 27916 6387
21200 68498 36167
21200 78209 56708
21200 79164 55108
21200 50313 11447
21200 56671 30827
21200 48288 25807
21200 62392 37641
21200 78324 49091
21200 68149 39478
21200 98276 64729
21200 79108 55094
21200 45847 14761
21200 43802 14981
21200 66695 3921
21200 49174 26953
21200 41371 16249
21200 85300 62473
21200 43559 14072
21200 69427 40625
21200 84147 60986
21200 81706 38872
21200 80706 53839
21200 34742 7315
21200 50575 22428
21200 100905 63183
21200 52029 24674
21200 74454 37347
21200 42703 22025
21200 62634 38778
21200 45181 23677
21200 50724 18066
21200 54875 32366
21200 34114 10687
21200 42725 19323
21200 73413 43665
21200 34647 10803
21200 35822 13961
21200 56546 15803
21200 36738 16656
21200 41935 15531
21200 70982 45414
21200 49128 23061
21200 47350 22393
21200 37607 11188
21200 55068 29663
21200 48119 27451
21200 76380 43207
21200 59512 32150
21300 65179 4463
21300 62176 27021
21300 46553 3729
21300 65634 27172
21300 36304 14320
21300 29361 5835
21300 43580 18196
21300 51912 30605
21300 42726 16700
21300 40205 12488
21300 49524 23379
21300 61239 33746
21300 48982 11343
21300 66390 42433
21300 76677 53137
21300 99554 59505
21300 35416 12262
21300 39301 18170
21300 79332 55393
21300 37812 13708
21300 55164 22521
21300 69540 44916
21300 53846 8806
21300 61135 34350
21300 40747 19523
21300 49287 17603
21300 67923 43339
21300 76556 55322
21300 61671 41394
21300 60799 25711
21300 36076 10660
21300 93697 66075
21300 108504 64368
21300 37144 12524
21300 73850 29741
21300 49038 25009
21300 70852 32623
21300 65852 32959
21300 66433 38182
21300 44857 15673
21300 43365 18697
21300 30184 7372
21300 82877 56310
21300 50619 27373
21300 26803 5115
21300 44314 18304
21300 80875 36449
21300 47574 23691
21300 58752 34660
21300 78663 38431
21400 48175 17929
21400 33074 9241
21400 69891 46029
21400 52472 24921
21400 33059 11904
21400 46331 17836
21400 59534 26414
21400 83692 53104
21400 64477 41362
21400 55512 27326
21400 46854 17656
21400 49823 24840
21400 28053 6988
21400 91278 63481
21400 49910 26109
21400 33863 10884
21400 65639 41896
21400 63805 32418
21400 56722 34690
21400 78473 56626
21400 71955 43203
21400 52593 29467
21400 44367 21681
21400 49669 7513
21400 33590 10368
21400 73218 14012
21400 42086 11606
21400 33952 9366
21400 80726 38772
21400 37615 15129
21400 74519 31450
21400 41768 15399
21400 72411 28419
21400 53927 26238
21400 61158 32117
21400 62338 16918
21400 34499 9379
21400 60105 31836
21400 55659 29809
21400 81864 35621
21400 43148 16777
21400 63149 26695
21400 74414 41204
21400 69293 36520
21400 46794 17710
21400 55424 25872
21400 42659 17148
21400 35844 10430
21400 51126 20696
21400 49914 27766
21500 70966 39978
21500 103451 67330
21500 77895 31520
21500 63539 36041
21500 48533 26495
21500 50244 29354
21500 68424 38438
21500 44439 21457
21500 36197 15521
21500 61813 37858
21500 40049 17094
21500 63565 24336
21500 76817 49835
21500 68734 43959
21500 87276 58529
21500 71696 46932
21500 40430 19835
21500 53380 33404
21500 42813 12663
21500 25661 5074
21500 55420 24192
21500 52585 12909
21500 36491 15053
21500 77781 50698
21500 26960 6371
21500 54224 24770
21500 48940 22053
21500 104358 50483
21500 49321 27890
21500 92333 69790
21500 43355 13379
21500 55706 32905
21500 108865 77891
21500 66154 32022
21500 72838 32505
21500 34055 8763
21500 33569 10296
21500 75143 42108
21500 33326 8654
21500 45814 24337
21500 43991 18745
21500 66041 38466
21500 67036 45143
21500 38748 15273
21500 52429 11222
21500 70917 46451
21500 29078 7759
21500 58447 32167
21500 69897 8726
21500 104127 58527
21600 44241 18073
21600 55081 30863
21600 32955 7022
21600 44380 21851
21600 53717 31788
21600 24653 4597
21600 104322 80975
21600 71715 32453
21600 57372 27183
21600 40841 16320
21600 43147 22705
21600 51628 28767
21600 47973 25189
21600 55576 30301
21600 48562 7635
21600 36608 13353
21600 42598 15732
21600 79490 48388
21600 34613 5850
21600 90373 62551
21600 46054 15400
21600 77859 34448
21600 31176 7555
21600 61458 24047
21600 35580 10817
21600 43342 16358
21600 59229 30539
21600 45304 25562
21600 68895 40356
21600 48046 20820
21600 44745 13629
21600 28004 5151
21600 57657 15732
21600 42078 20020
21600 48891 18698
21600 61466 25951
21600 61332 40737
21600 48246 24314
21600 44788 19942
21600 73072 31014
21600 57865 35478
21600 56536 31522
21600 36103 12389
21600 54481 26296
21600 78596 47789
21600 36230 11761
21600 70142 35305
21600 41728 13631
21600 67821 46149
21600 42210 17692
21700 43893 20482
21700 36438 14213
21700 50348 16869
21700 49931 28593
21700 94659 72297
21700 54137 31576
21700 68461 42203
21700 59111 26981
21700 103141 50752
21700 59914 31444
21700 59721 37307
21700 57795 27070
21700 55499 35121
21700 154447 92575
21700 73294 26055
21700 63703 37170
21700 42720 3369
21700 71474 45079
21700 30469 6171
21700 49738 13884
21700 92784 68676
21700 46423 20253
21700 48863 24027
21700 63313 37280
21700 43806 16162
21700 63827 41681
21700 70248 24784
21700 41973 19434
21700 115284 60785
21700 43787 19488
21700 33835 8996
21700 35655 12701
21700 46038 24425
21700 37237 16192
21700 64789 40689
21700 43782 20909
21700 78149 53629
21700 61418 36844
21700 42068 19422
21700 38157 14191
21700 57904 36243
21700 27572 5469
21700 75969 38060
21700 73087 30568
21700 51282 22419
21700 54938 28674
21700 78610 42123
21700 34246 9061
21700 64095 26483
21700 74143 45964
21800 58384 16726
21800 31744 10612
21800 35057 13140
21800 49024 23647
21800 74052 46819
21800 33670 10260
21800 82105 51384
21800 47575 24504
21800 74522 31417
21800 29330 5452
21800 60374 28418
21800 91164 66398
21800 76979 47955
21800 82105 55599
21800 55289 31844
21800 68995 39354
21800 42808 16128
21800 113747 71828
21800 58114 22074
21800 45046 22576
21800 61562 37219
21800 57282 32023
21800 69116 24475
21800 49376 25700
21800 80723 54316
21800 35303 14635
21800 56611 26139
21800 57570 17022
21800 37835 14979
21800 58203 35151
21800 61694 26883
21800 83372 38740
21800 53892 29063
21800 50138 18913
21800 79597 39076
21800 56752 28122
21800 64507 35224
21800 103884 46532
21800 49528 21759
21800 55822 29204
21800 90144 25065
21800 57116 16227
21800 65928 36050
21800 50526 28461
21800 55423 32995
21800 55325 21346
21800 41179 16176
21800 50187 26804
21800 37998 15941
21800 60824 33788
21900 76027 50844
21900 62759 42138
21900 51203 27950
21900 56743 30629
21900 96272 69510
21900 34656 9374
21900 60377 30043
21900 44280 19907
21900 43847 19163
21900 107885 66587
21900 56732 32491
21900 69539 46777
21900 46063 23323
21900 44064 22027
21900 97047 48799
21900 74984 51112
21900 28080 5326
21900 32179 9427
21900 83098 23676
21900 41537 14813
21900 31633 7059
21900 45370 19369
21900 129670 87825
21900 53325 30874
21900 62405 38797
21900 49910 24638
21900 45062 17893
21900 55522 32546
21900 62054 36523
21900 43916 22069
21900 61637 31034
21900 55760 35246
21900 64199 31403
21900 58783 16120
21900 59297 36158
21900 59537 32889
21900 95183 62615
21900 78899 46046
21900 35731 12354
21900 45773 16339
21900 83995 61834
21900 38069 15165
21900 31566 7061
21900 77628 39008
21900 54210 7077
21900 140842 92417
21900 98096 53082
21900 72113 42530
21900 40105 18583
21900 101076 64463
22000 36202 12658
22000 43851 18384
22000 31827 9774
22000 103381 60007
22000 55075 22836
22000 66328 18890
22000 44688 24192
22000 77207 44159
22000 36001 13372
22000 97304 65984
22000 71134 50614
22000 31190 6379
22000 47173 22600
22000 37904 14335
22000 65968 40418
22000 45143 23828
22000 72135 46816
22000 108005 81233
22000 29118 6577
22000 65281 38672
22000 52038 18285
22000 64841 36345
22000 53081 12291
22000 55728 34623
22000 32373 8654
22000 55935 18997
22000 34817 11401
22000 38787 14565
22000 30010 5918
22000 38602 15106
22000 48876 20897
22000 47688 4529
22000 42355 19383
22000 46125 19708
22000 37836 16532
22000 89272 67224
22000 28136 4418
22000 36629 10724
22000 44093 21155
22000 50568 27662
22000 69673 29630
22000 88194 46169
22000 33062 12814
22000 50745 24880
22000 57562 28166
22000 62627 38991
22000 42646 20261
22000 53594 29623
22000 83242 43382
22000 92936 66459
22100 65820 43253
22100 70666 44723
22100 41083 18045
22100 50560 28366
22100 71857 24938
22100 88973 29387
22100 35296 10536
22100 55881 34371
22100 66162 30969
22100 44150 22500
22100 82606 53840
22100 97661 54267
22100 57088 30367
22100 41076 15809
22100 37955 15102
22100 48266 23632
22100 47860 5738
22100 58148 27909
22100 49754 24192
22100 63303 32579
22100 50546 27172
22100 36967 10825
22100 60937 28951
22100 33516 7657
22100 66120 40317
22100 35427 10025
22100 111107 82961
22100 68478 24186
22100 63301 34100
22100 49643 6440
22100 50664 23384
22100 53993 27728
22100 66950 31707
22100 29183 6842
22100 43040 14611
22100 67469 25876
22100 55555 29912
22100 67938 41544
22100 59159 21522
22100 46449 20725
22100 88916 54819
22100 30369 5224
22100 65475 43434
22100 53765 27692
22100 62568 40771
22100 41033 17634
22100 64067 18229
22100 33552 10802
22100 52168 26032
22100 54806 32781
22200 66603 39230
22200 79398 57549
22200 72605 42918
22200 79170 53948
22200 65874 41733
22200 63215 36229
22200 50826 27326
22200 52572 29734
22200 75017 48455
22200 30856 8172
22200 59369 31847
22200 41501 14740
22200 47999 4620
22200 66033 42864
22200 67977 26872
22200 36365 10201
22200 74379 30411
22200 64707 20431
22200 41437 16486
22200 63628 38524
22200 51293 21765
22200 100443 65444
22200 37333 12951
22200 42754 21753
22200 51985 20964
22200 45597 17452
22200 74810 34364
22200 74840 44033
22200 49425 19226
22200 76490 33063
22200 43392 20710
22200 40208 16612
22200 48439 16460
22200 50667 25826
22200 38816 9253
22200 68316 37500
22200 44503 17360
22200 65893 25906
22200 57983 32419
22200 95073 60606
22200 54326 23449
22200 28981 8242
22200 34484 11898
22200 38883 12568
22200 51885 23645
22200 39456 16473
22200 51068 17571
22200 121312 76867
22200 73973 32322
22200 66082 37568
22300 50634 26778
22300 57014 30911
22300 38124 16546
22300 37617 11567
22300 64026 37114
22300 50234 22930
22300 65215 42249
22300 28299 7073
22300 56440 31493
22300 54173 31122
22300 49050 26677
22300 107227 64929
22300 62884 18630
22300 42078 19486
22300 57993 15846
22300 68654 22997
22300 49364 24283
22300 52531 29739
22300 37872 12692
22300 82712 50611
22300 70925 47390
22300 62895 31893
22300 68482 16102
22300 58939 28739
22300 72797 22629
22300 67447 41386
22300 104485 62410
22300 50205 25406
22300 56181 31383
22300 48000 15575
22300 70117 28365
22300 55566 31241
22300 80412 35744
22300 72585 49096
22300 61516 38212
22300 50346 28429
22300 84973 41195
22300 65858 19936
22300 33712 9829
22300 76524 45489
22300 50643 9993
22300 38554 10673
22300 34534 9137
22300 37851 14223
22300 58408 33038
22300 38797 16750
22300 53959 32913
22300 50154 25002
22300 108423 56063
22300 67256 41972
22400 84647 36995
22400 58159 33610
22400 40175 15255
22400 72689 43402
22400 87426 49132
22400 61980 19029
22400 51243 10609
22400 43267 18396
22400 66794 36844
22400 61816 29736
22400 78451 33570
22400 54561 31147
22400 51580 22108
22400 30330 6411
22400 27810 5152
22400 37479 10876
22400 55382 29840
22400 90218 55237
22400 47513 25666
22400 31932 7315
22400 62109 31622
22400 49850 24038
22400 46111 24943
22400 75586 18428
22400 40740 14725
22400 33384 7458
22400 52663 30130
22400 71697 45451
22400 99022 58567
22400 59242 28913
22400 54494 24498
22400 39219 9934
22400 59464 18076
22400 36563 11996
22400 73113 36819
22400 52506 26335
22400 38427 13155
22400 71482 35077
22400 56350 31975
22400 50618 27729
22400 64283 29107
22400 40709 19752
22400 52847 27999
22400 87341 52638
22400 59044 35615
22400 61234 16442
22400 54596 12851
22400 57485 34964
22400 42542 15934
22400 39816 16667
22500 119906 70986
22500 47957 16507
22500 48743 22715
22500 94810 58358
22500 57299 15729
22500 89610 66123
22500 61478 37907
22500 62412 41662
22500 43231 16984
22500 71228 43549
22500 75212 44828
22500 36117 15511
22500 33486 10582
22500 46486 16312
22500 61877 35349
22500 37324 14647
22500 51370 29660
22500 32290 6263
22500 48596 20601
22500 48428 25282
22500 40862 16950
22500 47940 25339
22500 60079 24865
22500 74810 43579
22500 102658 77278
22500 37939 15210
22500 57675 23305
22500 41942 14556
22500 30484 7563
22500 50574 22511
22500 57649 21276
22500 52633 18564
22500 88951 47619
22500 40485 12854
22500 67508 42765
22500 62038 21224
22500 92019 66282
22500 70154 46654
22500 62727 32316
22500 50012 16193
22500 50199 23734
22500 45619 16998
22500 62452 39550
22500 49936 16466
22500 66452 32812
22500 71371 47829
22500 31105 6780
22500 57521 13359
22500 27319 5804
22500 66138 41036
22600 44450 20292
22600 59766 36955
22600 37438 13794
22600 97219 51031
22600 37685 9496
22600 30942 6154
22600 97891 48067
22600 68991 22423
22600 40150 16284
22600 68447 26511
22600 41243 16925
22600 107185 64021
22600 84896 59259
22600 67953 26897
22600 116153 62899
22600 73624 53165
22600 65281 41650
22600 37342 13967
22600 57208 30524
22600 38114 13434
22600 50221 29391
22600 55754 32001
22600 55311 21801
22600 31453 6450
22600 61726 39659
22600 33181 11934
22600 49841 17574
22600 55877 30963
22600 61314 37884
22600 78166 47422
22600 76635 43444
22600 84266 43673
22600 33317 8621
22600 51111 28447
22600 71804 30534
22600 39411 13553
22600 45646 19251
22600 69890 46976
22600 30486 5814
22600 100291 64524
22600 52779 28512
22600 48621 22844
22600 74831 37070
22600 47231 16491
22600 70734 44251
22600 45076 17503
22600 81667 56871
22600 60838 35629
22600 46948 17388
22600 111258 74618
22700 98099 52213
22700 56092 20520
22700 108848 70145
22700 57180 32550
22700 41476 14648
22700 60105 14071
22700 40581 19925
22700 47664 20314
22700 32354 10399
22700 80690 51333
22700 66668 30670
22700 84592 60400
22700 47825 19240
22700 49991 27890
22700 47369 24584
22700 37183 13064
22700 108268 79959
22700 31174 6904
22700 48708 13877
22700 51956 28159
22700 35744 13840
22700 60295 31585
22700 41378 14051
22700 87646 48887
22700 72798 44596
22700 76873 46218
22700 50251 26231
22700 57283 30033
22700 65251 32352
22700 50691 24729
22700 68853 31152
22700 45646 20376
22700 59674 17705
22700 53198 26699
22700 71174 22650
22700 75716 47844
22700 49287 23085
22700 42262 11998
22700 42811 19288
22700 57379 26465
22700 35745 9811
22700 34570 11481
22700 82182 38057
22700 80106 50975
22700 62439 38795
22700 54988 31846
22700 49071 23661
22700 44675 22716
22700 39329 18652
22700 51267 29976
22800 98564 55113
22800 51076 22944
22800 64523 41354
22800 81188 43096
22800 58613 35885
22800 39773 9510
22800 61794 32546
22800 40869 16861
22800 80058 54264
22800 120861 92265
22800 64458 31405
22800 66938 38964
22800 55938 31318
22800 54735 30205
22800 41953 13243
22800 53780 27005
22800 40928 18678
22800 53724 30149
22800 98506 65475
22800 35319 11584
22800 37714 12886
22800 63181 34795
22800 38302 12524
22800 48199 25328
22800 78887 27324
22800 48979 19080
22800 49468 24705
22800 68094 46367
22800 40719 15255
22800 33256 6318
22800 61298 40206
22800 34809 13195
22800 48464 26563
22800 31781 8655
22800 58581 32173
22800 99057 34114
22800 61719 32905
22800 59021 13830
22800 91658 40938
22800 79404 55802
22800 45916 21372
22800 47729 24735
22800 60578 18503
22800 93814 47887
22800 89695 52227
22800 38139 15213
22800 34673 12183
22800 52056 21240
22800 64818 34933
22800 66422 40702
22900 82924 33564
22900 55626 26756
22900 96837 63212
22900 76161 51329
22900 39978 11029
22900 61786 23283
22900 59613 30593
22900 38025 10730
22900 42938 20641
22900 61865 25005
22900 64458 41960
22900 62801 35078
22900 57846 34286
22900 48023 25128
22900 47198 15679
22900 72741 44177
22900 76846 47825
22900 57032 33293
22900 50595 20551
22900 36797 8959
22900 41850 8397
22900 32890 9056
22900 67728 43388
22900 45977 18440
22900 33278 8006
22900 60235 26824
22900 45214 20115
22900 34414 8197
22900 32005 8593
22900 45411 3254
22900 56781 32912
22900 38965 17306
22900 100079 71261
22900 53305 19518
22900 74605 51702
22900 43176 18778
22900 26822 4862
22900 79693 40367
22900 95437 53124
22900 52542 9975
22900 77809 55097
22900 39825 13505
22900 39241 17602
22900 106027 65092
22900 51518 16358
22900 43244 15717
22900 63157 27693
22900 86215 58911
22900 84815 56076
22900 34455 7266
23000 34479 10904
23000 62467 33245
23000 44616 17129
23000 121358 80465
23000 81343 35745
23000 33503 8050
23000 93220 70105
23000 67326 25312
23000 90371 67345
23000 85810 40591
23000 56987 23901
23000 49728 27150
23000 57668 25717
23000 51854 27601
23000 58100 26362
23000 34947 8323
23000 33592 7850
23000 67149 43288
23000 33935 12459
23000 43885 21476
23000 66402 41657
23000 71128 49137
23000 35909 13583
23000 63728 36529
23000 44372 21243
23000 65251 29723
23000 27831 5108
23000 68697 40060
23000 65081 12532
23000 50758 21251
23000 41567 8907
23000 53329 27060
23000 36815 14951
23000 75581 45018
23000 54301 29001
23000 78924 49175
23000 123371 80856
23000 29666 7483
23000 57886 27635
23000 135091 98597
23000 76288 50202
23000 88592 46726
23000 66591 43239
23000 27579 5099
23000 45771 23197
23000 40352 14997
23000 42886 20844
23000 49195 24342
23000 66144 40075
23000 47426 3925
23100 53861 29934
23100 60469 23342
23100 92256 42340
23100 56354 31451
23100 79732 49537
23100 52199 24682
23100 45192 19577
23100 113143 68026
23100 59633 33113
23100 68683 19388
23100 55368 31727
23100 54489 29570
23100 57707 25854
23100 62962 19414
23100 113866 58801
23100 59613 27250
23100 45940 20023
23100 31774 5004
23100 81851 38912
23100 42405 13446
23100 75086 31939
23100 67511 40923
23100 101401 77671
23100 69608 44331
23100 148313 74435
23100 43682 16908
23100 54069 8110
23100 64696 35206
23100 81163 27565
23100 84065 48164
23100 98886 67037
23100 106556 57503
23100 29609 6503
23100 72657 45336
23100 60389 31642
23100 54881 22303
23100 62521 25296
23100 62847 28476
23100 35901 6434
23100 49975 26004
23100 48660 18443
23100 52923 31549
23100 112634 76733
23100 57716 14893
23100 95227 60455
23100 58725 25693
23100 85675 17769
23100 52462 23637
23100 57369 30171
23100 70321 40072
23200 44580 19444
23200 41041 18714
23200 33675 9755
23200 54772 30014
23200 71251 26751
23200 53770 24650
23200 36890 13275
23200 41457 13847
23200 64477 37989
23200 47026 22384
23200 70050 35599
23200 90633 54034
23200 53007 24633
23200 54074 10792
23200 71799 35969
23200 72318 34804
23200 51673 24706
23200 64130 40689
23200 73395 38299
23200 53490 22923
23200 60480 34133
23200 92949 58320
23200 121283 67988
23200 75156 23284
23200 88341 56628
23200 61369 23148
23200 93360 50884
23200 61161 35625
23200 28793 5402
23200 50897 19986
23200 143236 107776
23200 68846 42642
23200 34805 8434
23200 53847 31762
23200 32553 7254
23200 75440 49056
23200 59937 21870
23200 46182 19304
23200 101592 73659
23200 32804 6386
23200 37088 13234
23200 62021 34659
23200 151943 76932
23200 47386 22308
23200 48319 22320
23200 52688 30301
23200 44558 19653
23200 52992 24435
23200 31899 7308
23200 52132 28097
23300 69032 31527
23300 74601 37940
23300 33534 7432
23300 86438 58768
23300 42771 14468
23300 63256 28340
23300 115852 66415
23300 88657 43974
23300 37198 11652
23300 94089 56598
23300 32619 8334
23300 58100 29268
23300 35852 9861
23300 35686 10512
23300 51000 27884
23300 62956 21046
23300 73432 50243
23300 82459 41512
23300 66172 34588
23300 127664 96165
23300 41000 16354
23300 63521 40944
23300 65172 40451
23300 50397 19056
23300 82088 55862
23300 30341 6485
23300 68823 38399
23300 51764 24334
23300 117240 83763
23300 29710 6537
23300 69683 41882
23300 71895 45457
23300 75663 52780
23300 49758 4516
23300 96120 62527
23300 47616 24764
23300 59765 28804
23300 81702 47803
23300 57774 34248
23300 62724 38947
23300 56716 12655
23300 39641 14903
23300 57508 31534
23300 77968 34205
23300 47092 16746
23300 56165 23386
23300 60593 35984
23300 40451 15527
23300 54490 30019
23300 48035 21806
23400 72222 43863
23400 41962 18106
23400 88865 55564
23400 72805 37466
23400 65659 44422
23400 77496 45964
23400 59209 36481
23400 47248 20962
23400 51202 26885
23400 54144 31303
23400 52458 30399
23400 52539 30078
23400 49172 15279
23400 51057 20198
23400 58158 27114
23400 68386 31054
23400 46459 20803
23400 67796 43339
23400 52485 26311
23400 49138 16365
23400 58280 25010
23400 99270 63673
23400 87723 56063
23400 83009 30027
23400 73086 40146
23400 73508 46894
23400 45394 11299
23400 34649 10777
23400 45904 22473
23400 44615 19436
23400 86330 40057
23400 57883 33657
23400 47574 18612
23400 71174 37761
23400 52905 29599
23400 105887 54741
23400 37639 10870
23400 70577 32900
23400 45106 12640
23400 64234 34194
23400 78675 20765
23400 56272 27001
23400 116387 74708
23400 84389 58226
23400 74689 37725
23400 39815 18707
23400 77808 43405
23400 39640 15531
23400 71148 47330
23400 45550 22949
23500 33129 8674
23500 31683 7343
23500 83607 58158
23500 64424 17107
23500 71075 43938
23500 54178 27901
23500 74858 47186
23500 48167 22915
23500 50654 25914
23500 84023 49024
23500 78066 41307
23500 36533 7382
23500 32116 9699
23500 89317 58688
23500 59832 35406
23500 55006 24630
23500 67124 40041
23500 58155 34445
23500 42056 14410
23500 48803 23184
23500 54804 26038
23500 54812 22002
23500 72887 8043
23500 44812 15399
23500 74529 52951
23500 54234 29529
23500 65114 40616
23500 89605 43658
23500 55238 25028
23500 65696 39446
23500 49141 20006
23500 57331 31271
23500 83896 43861
23500 40800 17488
23500 82641 58326
23500 72528 27577
23500 88334 44329
23500 45589 21871
23500 42400 17865
23500 91376 49106
23500 42291 20044
23500 54707 11822
23500 26835 5071
23500 45950 23407
23500 98593 41012
23500 37622 12958
23500 65210 41617
23500 54329 18720
23500 43444 20628
23500 37480 10567
23600 62562 27364
23600 48992 22117
23600 43369 18025
23600 56242 28014
23600 52444 26378
23600 47266 21060
23600 51242 22177
23600 33609 9007
23600 113311 47881
23600 94450 41906
23600 36061 9841
23600 51536 20347
23600 36515 9901
23600 44482 19701
23600 56979 29060
23600 75138 32263
23600 73101 46569
23600 75528 45294
23600 50123 14737
23600 39376 11731
23600 42193 17122
23600 28623 6231
23600 85865 58199
23600 72903 45827
23600 66096 36482
23600 65581 38649
23600 132346 74829
23600 49804 18776
23600 78719 50063
23600 57472 30010
23600 54305 31468
23600 59161 25456
23600 67884 42305
23600 47564 22523
23600 95003 49634
23600 46135 20753
23600 60130 35348
23600 68595 42854
23600 91043 40170
23600 74028 41547
23600 37433 12968
23600 35732 9415
23600 91610 44393
23600 63561 40542
23600 72664 30221
23600 45747 23515
23600 79691 36769
23600 64942 32546
23600 39411 13922
23600 74155 33192
23700 84260 23211
23700 44289 19175
23700 45597 22190
23700 59460 34942
23700 80914 50026
23700 79804 33022
23700 45915 18805
23700 78116 51458
23700 29938 6684
23700 45986 2849
23700 53431 24790
23700 67051 18193
23700 73060 24588
23700 87109 40461
23700 83210 36932
23700 62346 35218
23700 71334 44314
23700 62196 31931
23700 49163 3858
23700 57390 29526
23700 72577 29460
23700 60921 32776
23700 76067 31675
23700 60637 11654
23700 50348 23922
23700 85046 57713
23700 63758 34217
23700 37651 13479
23700 75486 25262
23700 56860 23430
23700 51358 24166
23700 50949 27353
23700 106374 66026
23700 65919 36558
23700 73209 44300
23700 45288 21126
23700 86160 59021
23700 48429 23804
23700 54773 23913
23700 70279 43663
23700 107107 58595
23700 50432 16222
23700 33092 6849
23700 68318 38582
23700 78220 37472
23700 61300 38108
23700 29654 4765
23700 42650 18643
23700 103695 57457
23700 52538 29304
23800 37585 11105
23800 77525 45148
23800 80793 56102
23800 58169 32581
23800 52715 18707
23800 47636 20008
23800 119646 90538
23800 50675 4737
23800 75880 35674
23800 69626 26337
23800 40239 12947
23800 74104 48686
23800 68264 41824
23800 39063 11061
23800 51836 23691
23800 72580 25271
23800 32402 8984
23800 46383 18004
23800 64025 39768
23800 65473 41943
23800 49092 18235
23800 61027 28973
23800 87532 51377
23800 73950 47878
23800 72576 46598
23800 49862 27847
23800 82418 45670
23800 45384 17440
23800 32286 5767
23800 77964 50145
23800 70947 29201
23800 103684 65173
23800 32539 7669
23800 64854 33012
23800 48118 22636
23800 99133 57208
23800 114971 61409
23800 57728 27535
23800 66704 40232
23800 65637 40239
23800 64611 34134
23800 55822 33785
23800 77834 52813
23800 82779 37043
23800 50483 17867
23800 80382 33760
23800 44614 17276
23800 60478 20833
23800 85479 57165
23800 82785 39167
23900 52988 29459
23900 51798 22946
23900 32869 8821
23900 72238 19689
23900 64018 38139
23900 51399 26066
23900 91795 66415
23900 67784 41541
23900 102134 37669
23900 63247 24827
23900 78087 52993
23900 51401 26470
23900 51702 22032
23900 82649 60160
23900 35518 10698
23900 60865 32951
23900 100833 69831
23900 53697 30645
23900 58923 28461
23900 107433 54720
23900 87979 62693
23900 49241 24717
23900 55683 25887
23900 88308 64115
23900 65610 32600
23900 127399 86196
23900 58713 29256
23900 49736 22760
23900 90235 55178
23900 55257 8022
23900 73523 35308
23900 47844 20482
23900 87022 53084
23900 46185 23382
23900 69349 42604
23900 70373 40764
23900 40694 13574
23900 64925 37974
23900 38868 11253
23900 65448 33347
23900 58750 27035
23900 69407 42747
23900 64444 38860
23900 84318 56417
23900 32742 10899
23900 95382 53559
23900 61739 33359
23900 64336 41833
23900 33776 10804
23900 35946 6798
24000 73604 23136
24000 36649 9982
24000 56651 29757
24000 70117 39578
24000 79122 35984
24000 71348 40613
24000 56987 32400
24000 93870 69767
24000 48593 22966
24000 36592 9705
24000 41397 17793
24000 53804 25618
24000 44441 20627
24000 65078 28089
24000 77285 39064
24000 55606 30758
24000 49314 23745
24000 56579 32408
24000 72540 16254
24000 98098 65219
24000 59560 25119
24000 62721 32458
24000 44599 17359
24000 56136 20049
24000 64308 29849
24000 47136 23637
24000 45956 17308
24000 61743 33563
24000 65248 39307
24000 79450 50798
24000 104294 60355
24000 87767 56654
24000 81290 48065
24000 44349 18355
24000 85935 38933
24000 91282 61356
24000 40312 9551
24000 67053 41586
24000 53671 27936
24000 59506 29164
24000 51607 23894
24000 66314 29639
24000 55375 25282
24000 68985 21552
24000 68563 35601
24000 34977 11222
24000 75436 49597
24000 60180 23699
24000 43025 12501
24000 40013 14238
24100 71936 42447
24100 87562 65267
24100 66587 37386
24100 50263 23018
24100 38012 11296
24100 53726 16051
24100 39567 14159
24100 93331 49753
24100 57511 12246
24100 45745 17517
24100 67021 31097
24100 69140 35075
24100 64021 28649
24100 60057 8226
24100 52790 20198
24100 57444 28455
24100 41058 18055
24100 55749 31707
24100 40453 16489
24100 68759 26601
24100 55748 33145
24100 39459 10212
24100 71006 38778
24100 59406 15402
24100 93130 68721
24100 59556 37146
24100 81071 50486
24100 32252 7484
24100 103809 59611
24100 80702 36114
24100 83771 50356
24100 43921 20929
24100 47995 10056
24100 39360 16019
24100 57104 28828
24100 35142 9950
24100 34455 8924
24100 35921 12512
24100 44837 17767
24100 69769 30829
24100 80631 51417
24100 61727 34024
24100 80707 47934
24100 41746 16087
24100 103813 74229
24100 75990 50761
24100 55077 21362
24100 77165 47633
24100 63607 32562
24100 51095 27154
24200 63784 19919
24200 53675 26406
24200 123318 92194
24200 78529 35846
24200 76535 35784
24200 79702 50902
24200 75207 52662
24200 58322 32147
24200 73037 33645
24200 71775 4387
24200 51699 23094
24200 126263 96499
24200 73691 29795
24200 37414 13276
24200 40302 10534
24200 56321 27602
24200 71995 34028
24200 75695 28823
24200 37623 8953
24200 54935 24706
24200 72107 43928
24200 66515 40485
24200 33609 8147
24200 88604 64212
24200 80746 34910
24200 61727 23758
24200 40987 9012
24200 79426 47402
24200 41727 11728
24200 110566 63694
24200 63272 28092
24200 52407 27694
24200 56721 28061
24200 87129 48577
24200 68845 19416
24200 61904 29412
24200 59256 30189
24200 64513 17061
24200 63404 39599
24200 68322 36238
24200 47394 19374
24200 53737 29566
24200 55904 23460
24200 35044 11244
24200 72705 40458
24200 90061 55569
24200 52738 28311
24200 43157 17063
24200 69732 31923
24200 62832 28470
24300 77633 39318
24300 59562 34209
24300 67720 29534
24300 71195 35035
24300 30797 7252
24300 36710 9050
24300 36633 13619
24300 66219 41590
24300 27815 5465
24300 47813 25333
24300 61889 22441
24300 62294 24077
24300 59901 31986
24300 66035 35334
24300 53434 14542
24300 46008 15120
24300 73439 34914
24300 62682 33682
24300 80119 42375
24300 61115 13590
24300 47569 14536
24300 63614 38526
24300 84798 39701
24300 35500 8235
24300 43401 13400
24300 73805 38905
24300 85022 32354
24300 57899 31175
24300 80982 25671
24300 69776 39973
24300 35868 8185
24300 77589 41913
24300 101854 54067
24300 59270 32344
24300 72478 43346
24300 54810 24085
24300 75782 47479
24300 61440 30188
24300 30018 5668
24300 85833 46262
24300 65511 40096
24300 76498 21974
24300 44174 18559
24300 111125 66279
24300 62588 36064
24300 59344 36585
24300 53694 22534
24300 66398 36405
24300 64431 37491
24300 50064 22379
24400 108913 79280
24400 43931 20676
24400 35565 9379
24400 78320 28205
24400 63312 31956
24400 81379 42716
24400 36916 11421
24400 63520 34116
24400 61847 37776
24400 75213 44964
24400 52893 22868
24400 59636 31301
24400 120704 92331
24400 79956 45318
24400 117517 95375
24400 48148 21070
24400 49741 15987
24400 63037 30167
24400 52790 26553
24400 88794 55337
24400 118959 90773
24400 77048 53011
24400 112888 66338
24400 38928 13008
24400 58880 31123
24400 33002 8802
24400 75026 29609
24400 52602 24384
24400 82570 53545
24400 35151 12159
24400 108631 58668
24400 64820 31113
24400 62800 24927
24400 101049 29248
24400 59634 31513
24400 41555 14922
24400 63691 35354
24400 91394 55654
24400 139002 91639
24400 70908 44523
24400 87762 61453
24400 100953 75277
24400 27740 5111
24400 65260 16426
24400 106668 66779
24400 54121 26924
24400 68335 37650
24400 45815 17302
24400 115109 75812
24400 72643 45407
24500 33687 10400
24500 103077 54896
24500 89748 39287
24500 38111 10882
24500 57143 25870
24500 68059 31134
24500 30594 6126
24500 48813 23356
24500 61081 29182
24500 71419 47100
24500 77721 43823
24500 51538 24276
24500 54563 25504
24500 34066 8534
24500 63103 35998
24500 37640 9132
24500 71842 18073
24500 46565 20754
24500 76340 33813
24500 84038 34478
24500 68625 44207
24500 72936 40059
24500 68847 27708
24500 59736 27445
24500 52259 25636
24500 54277 31398
24500 31863 8098
24500 59857 32094
24500 59570 33367
24500 52156 18026
24500 65523 39081
24500 59871 33692
24500 54838 25897
24500 82092 13148
24500 65742 35637
24500 56883 28619
24500 33453 8752
24500 83094 57139
24500 95759 49972
24500 83105 42579
24500 64223 34124
24500 44283 15491
24500 56982 31348
24500 53195 29667
24500 75764 27116
24500 76821 49547
24500 72644 41040
24500 66956 35603
24500 36178 10808
24500 42594 18940
24600 87726 48713
24600 57914 25609
24600 85268 51611
24600 50258 19705
24600 94889 69790
24600 114381 66797
24600 44837 17112
24600 64292 35298
24600 76912 49200
24600 64909 37293
24600 50706 23031
24600 42904 17919
24600 58006 33006
24600 31981 7845
24600 60818 22957
24600 67924 43666
24600 73690 23572
24600 65637 37996
24600 70273 43704
24600 70892 46614
24600 120258 91405
24600 116413 91933
24600 66105 35824
24600 61879 30719
24600 42400 13597
24600 31114 6207
24600 74089 47137
24600 31651 7146
24600 106993 66543
24600 58838 12516
24600 79494 51156
24600 86904 31604
24600 71931 46778
24600 35036 9138
24600 53142 22535
24600 58262 28766
24600 39374 11918
24600 34538 9153
24600 60714 36927
24600 40962 14490
24600 61865 38556
24600 56584 18892
24600 89841 64979
24600 71962 25627
24600 94851 65949
24600 72219 39675
24600 57725 20446
24600 73036 23609
24600 49271 17058
24600 53844 23168
24700 62414 34614
24700 80217 20982
24700 41691 14510
24700 50098 25457
24700 58884 20278
24700 52134 23081
24700 56755 7827
24700 33601 6909
24700 62446 26955
24700 55913 19404
24700 67565 32628
24700 39544 16464
24700 74969 30453
24700 76629 27385
24700 107638 49919
24700 41632 10526
24700 57515 32860
24700 45950 17274
24700 52716 23492
24700 35453 7422
24700 53396 21995
24700 59541 33430
24700 86625 34263
24700 74794 36058
24700 46848 21022
24700 94173 62133
24700 67796 40025
24700 54858 15244
24700 87840 61976
24700 116274 87893
24700 85902 61824
24700 66352 37293
24700 76247 49349
24700 38837 11025
24700 82355 44605
24700 113414 67253
24700 35264 8445
24700 65618 37505
24700 88270 60799
24700 74752 25312
24700 48314 22616
24700 56397 31030
24700 84372 38921
24700 95580 44595
24700 96721 45832
24700 33906 8071
24700 29708 5228
24700 65593 33649
24700 69609 36462
24700 39140 11100
24800 46635 19224
24800 51341 27409
24800 75380 45441
24800 64237 30083
24800 56996 15645
24800 59508 19902
24800 33417 7052
24800 92984 47942
24800 103503 76325
24800 88628 64563
24800 100977 60944
24800 62660 33181
24800 36844 9922
24800 72077 26195
24800 35180 5452
24800 51863 24919
24800 105749 55318
24800 37316 12774
24800 35325 9197
24800 74306 43208
24800 47404 19277
24800 90283 19335
24800 102907 38247
24800 106339 71477
24800 72072 26661
24800 69348 45175
24800 71393 15781
24800 88533 49233
24800 55033 23346
24800 61485 22442
24800 99229 53583
24800 56881 28445
24800 54657 6840
24800 30931 6175
24800 91921 45765
24800 49145 22262
24800 45515 20267
24800 44087 13225
24800 91502 65066
24800 65761 41697
24800 32963 8639
24800 50556 21905
24800 86122 57574
24800 111913 42704
24800 84362 56674
24800 49284 18233
24800 95375 67912
24800 44809 17550
24800 70025 21410
24800 54468 30037
24900 106108 75792
24900 73933 48966
24900 54951 24236
24900 74397 31944
24900 36969 11934
24900 74852 45941
24900 92305 41150
24900 67048 19801
24900 42363 16266
24900 33084 10561
24900 66768 29790
24900 71755 37836
24900 64729 36896
24900 52390 26698
24900 99142 64327
24900 54657 26313
24900 66939 32431
24900 41274 13507
24900 45502 18333
24900 69476 32527
24900 37732 14035
24900 117705 75748
24900 43424 16271
24900 35236 7991
24900 50572 4579
24900 82895 49957
24900 65601 33393
24900 108721 73401
24900 100057 56077
24900 70024 40348
24900 80466 42031
24900 68554 36063
24900 63237 34203
24900 51741 16385
24900 70495 41843
24900 40920 10890
24900 86798 37652
24900 143079 103160
24900 92006 60907
24900 41998 18021
24900 65182 29860
24900 42186 15953
24900 82034 36275
24900 74887 45260
24900 87147 61667
24900 84647 54849
24900 59486 34719
24900 50682 23903
24900 66250 39287
24900 66782 43116
25000 111803 77542
25000 56447 29618
25000 40947 12247
25000 70609 30128
25000 38199 11220
25000 40197 14950
25000 54043 22645
25000 81081 50045
25000 61325 34976
25000 50646 15780
25000 73829 36986
25000 52601 21925
25000 64161 34927
25000 43552 8997
25000 85730 37598
25000 68144 35294
25000 117123 71607
25000 78598 50638
25000 54065 23662
25000 35169 8994
25000 74582 50065
25000 45752 21431
25000 34819 8129
25000 77748 44591
25000 43061 16885
25000 73978 36559
25000 103694 67370
25000 30345 5768
25000 60532 31879
25000 49987 19389
25000 68833 30563
25000 51316 19498
25000 44376 10935
25000 61050 21335
25000 61055 22774
25000 88569 58264
25000 34498 8039
25000 42514 14707
25000 102355 59356
25000 73755 43587
25000 55022 26492
25000 57639 29613
25000 67103 28850
25000 59540 31232
25000 40776 15773
25000 88233 44173
25000 32227 7388
25000 110114 86597
25000 41215 15274
25000 76717 45194
25100 70575 15397
25100 46099 18635
25100 67270 21771
25100 90681 38348
25100 34746 8167
25100 63251 34939
25100 61056 29033
25100 52164 24855
25100 62811 29762
25100 53372 22071
25100 59964 21660
25100 56482 29134
25100 65413 35746
25100 74621 33338
25100 91242 63995
25100 71452 44699
25100 67726 35247
25100 75392 20438
25100 75978 49172
25100 49635 21591
25100 102663 68234
25100 31872 5590
25100 94142 61774
25100 94843 46426
25100 62942 33813
25100 48427 21667
25100 73896 20257
25100 52770 27407
25100 94567 62724
25100 79520 41943
25100 54463 17672
25100 33681 5264
25100 61417 29100
25100 32108 7315
25100 55529 27203
25100 45687 20088
25100 99713 54174
25100 80590 37569
25100 102308 62235
25100 76036 48269
25100 85929 56598
25100 58969 18973
25100 157803 103885
25100 51901 13366
25100 76949 38535
25100 81464 32842
25100 35706 11258
25100 82973 49626
25100 77505 47905
25100 31755 7143
25200 98265 59764
25200 84861 48921
25200 44680 18102
25200 159761 120061
25200 42530 16388
25200 99847 48360
25200 30838 6511
25200 71736 37285
25200 63855 38483
25200 69249 38468
25200 90766 52490
25200 61064 29271
25200 51392 27727
25200 53797 26391
25200 110395 79245
25200 70153 39913
25200 62773 35105
25200 31686 5060
25200 45379 20419
25200 63905 38336
25200 70042 40045
25200 33231 5515
25200 39729 12233
25200 88618 52135
25200 77950 54416
25200 50921 19761
25200 64270 12518
25200 69909 34120
25200 54341 18479
25200 88722 57106
25200 33536 9726
25200 71002 39986
25200 84054 53693
25200 80329 47107
25200 66911 37759
25200 72444 43972
25200 88660 46566
25200 61204 13015
25200 72354 23240
25200 39949 7883
25200 85872 51887
25200 38000 9517
25200 39738 9779
25200 70275 38616
25200 37526 7759
25200 60872 31702
25200 72828 36271
25200 42175 16342
25200 42193 17902
25200 52403 24042
25300 49091 16493
25300 54110 20023
25300 58119 27257
25300 60604 32394
25300 72059 45834
25300 42054 17181
25300 30404 6200
25300 97541 64174
25300 68368 37958
25300 67924 36453
25300 58868 21083
25300 58589 33461
25300 104023 40432
25300 65446 34850
25300 42172 9106
25300 113376 78385
25300 87634 51870
25300 52912 18322
25300 48793 14096
25300 86938 40124
25300 58596 30033
25300 69518 29838
25300 47864 18968
25300 57279 33642
25300 60176 30669
25300 74628 39596
25300 94371 65585
25300 78201 47998
25300 62919 27773
25300 89404 53437
25300 79917 37680
25300 39111 15097
25300 73749 44307
25300 66649 40317
25300 54485 18203
25300 35479 7757
25300 56715 30711
25300 53509 23563
25300 52598 20582
25300 35164 6261
25300 43483 13357
25300 70143 38781
25300 96922 54206
25300 67619 33930
25300 64484 38447
25300 91319 66026
25300 69136 36704
25300 50464 24810
25300 61593 34254
25300 66201 28601
25400 73931 45514
25400 102612 74361
25400 84606 55226
25400 54736 25112
25400 95901 62816
25400 57861 28942
25400 61554 36716
25400 79420 47697
25400 91019 49830
25400 89725 59250
25400 60385 31965
25400 106439 59657
25400 56814 23284
25400 78877 42602
25400 51118 17371
25400 89802 62368
25400 75108 43345
25400 47253 15543
25400 66624 40428
25400 65889 26941
25400 85899 43211
25400 94661 44862
25400 69359 37337
25400 35103 6398
25400 61603 7631
25400 76472 48203
25400 58920 32230
25400 89144 58519
25400 56746 28843
25400 103386 59983
25400 94130 56183
25400 40027 11725
25400 106793 59528
25400 48707 20352
25400 38121 14337
25400 60970 33961
25400 73139 44368
25400 67968 37341
25400 42484 14827
25400 49063 16459
25400 105939 43652
25400 115958 72109
25400 41846 13726
25400 71853 25442
25400 65536 25819
25400 73279 46168
25400 105928 45378
25400 61120 36700
25400 69157 34513
25400 55696 21233
25500 81582 49300
25500 63597 38280
25500 63004 37799
25500 99246 56129
25500 62314 10740
25500 37883 9791
25500 36795 11183
25500 54207 19992
25500 46743 23502
25500 82257 53078
25500 86991 56711
25500 44304 17252
25500 46885 21476
25500 57004 20578
25500 64002 37208
25500 68602 38333
25500 80688 33664
25500 89743 58428
25500 76527 44806
25500 62724 35074
25500 31782 5202
25500 86320 56947
25500 63992 35867
25500 81769 50740
25500 112437 78201
25500 83293 46804
25500 71113 41657
25500 86673 48435
25500 97821 48308
25500 45565 16353
25500 64574 23692
25500 88847 63327
25500 66794 41470
25500 62376 35235
25500 101114 50171
25500 87953 60127
25500 110417 52433
25500 83546 45881
25500 93582 41330
25500 88040 51744
25500 55191 5446
25500 67541 40221
25500 64013 34104
25500 39789 10876
25500 73878 31856
25500 47392 17491
25500 39313 15373
25500 29617 5705
25500 65843 40126
25500 37231 9584
25600 72208 35870
25600 43988 12500
25600 98942 44539
25600 37271 10567
25600 48309 18458
25600 71282 45676
25600 76994 34147
25600 33239 7823
25600 73969 19465
25600 75975 26847
25600 72856 42889
25600 65081 35203
25600 54368 26633
25600 86974 56988
25600 42785 8780
25600 41711 14367
25600 83103 52404
25600 65393 11365
25600 65073 23646
25600 96533 22167
25600 112851 45094
25600 61502 33861
25600 71952 34905
25600 93482 57677
25600 114241 68006
25600 50716 15522
25600 35604 8987
25600 78531 47654
25600 121487 92664
25600 82065 53634
25600 44626 17907
25600 71214 43194
25600 109410 53652
25600 59443 34819
25600 73052 44541
25600 65766 38262
25600 59510 20934
25600 75860 44519
25600 86961 61012
25600 87288 13745
25600 59436 26735
25600 56069 21023
25600 122885 62651
25600 102957 72327
25600 45309 12977
25600 78242 34362
25600 34146 9858
25600 118486 66343
25600 81217 32008
25600 83514 42261
25700 59349 29986
25700 98219 50842
25700 107721 75053
25700 79529 55033
25700 100767 60390
25700 55430 29243
25700 65281 39511
25700 88811 63291
25700 87288 35529
25700 32575 7914
25700 72811 40191
25700 64691 35840
25700 131042 84169
25700 52530 25966
25700 151658 109546
25700 79693 51469
25700 53466 28034
25700 52605 15715
25700 52731 26947
25700 67514 39131
25700 54650 5617
25700 70170 38228
25700 90901 59893
25700 46895 19315
25700 65863 36675
25700 53033 17402
25700 37717 7888
25700 125676 87377
25700 51411 24580
25700 64034 36427
25700 85988 58937
25700 81911 32899
25700 49712 20959
25700 61935 36692
25700 65071 34884
25700 46967 22629
25700 69371 23264
25700 60453 32294
25700 76799 45320
25700 68477 25692
25700 48834 24436
25700 77400 51253
25700 88568 57605
25700 43968 10111
25700 59888 10591
25700 58273 32996
25700 130224 90307
25700 94829 38765
25700 82267 48019
25700 65078 32126
25800 55011 29183
25800 33972 9522
25800 58853 33165
25800 48802 19612
25800 74085 29472
25800 76524 28457
25800 74967 38983
25800 41949 14888
25800 65459 39674
25800 37247 12307
25800 31970 8434
25800 42213 13533
25800 44023 17168
25800 45047 18773
25800 44141 15618
25800 63172 38332
25800 45064 19766
25800 43859 18904
25800 61990 32533
25800 67163 35230
25800 69917 34142
25800 62211 32306
25800 62791 31822
25800 57372 20977
25800 60305 34652
25800 64282 19004
25800 57746 14011
25800 51193 26397
25800 33604 8062
25800 48416 20940
25800 54201 19478
25800 85883 26747
25800 50356 18480
25800 62091 34112
25800 98647 70357
25800 87638 41146
25800 51037 23692
25800 48408 17034
25800 59547 32989
25800 70837 42351
25800 56719 27645
25800 87791 41590
25800 106370 61411
25800 74753 43328
25800 72045 43506
25800 55217 18575
25800 74645 34702
25800 63119 29632
25800 63306 32849
25800 82651 51428
25900 74990 37837
25900 65646 34461
25900 102653 45495
25900 70289 22606
25900 76319 51565
25900 66788 35372
25900 117164 59918
25900 114708 37383
25900 74116 30180
25900 35571 7594
25900 55527 18611
25900 57793 22609
25900 63588 37382
25900 55828 18094
25900 39986 10820
25900 61288 29062
25900 87521 58478
25900 59317 6311
25900 75119 41749
25900 51687 23054
25900 46030 11083
25900 74506 36923
25900 58473 33724
25900 73821 45752
25900 56615 27114
25900 82322 30520
25900 76883 29333
25900 60311 25781
25900 147422 92036
25900 44952 15869
25900 60153 23936
25900 71950 45689
25900 73475 23610
25900 95613 53071
25900 69237 40900
25900 114338 62827
25900 59424 29076
25900 59179 33000
25900 83190 52521
25900 60739 33189
25900 80711 6582
25900 49159 24673
25900 51775 24288
25900 76383 52216
25900 57639 28411
25900 92629 67983
25900 52784 26581
25900 76378 34426
25900 45174 16592
25900 65474 33331
26000 69734 35056
26000 51403 18240
26000 52560 23990
26000 38076 7755
26000 106287 56635
26000 60277 22139
26000 47339 14578
26000 41180 14621
26000 88348 53442
26000 85938 32143
26000 110361 72946
26000 53520 26080
26000 84520 58910
26000 48177 14806
26000 70058 45374
26000 63722 35403
26000 50375 20197
26000 84575 51741
26000 35946 10468
26000 56303 25042
26000 101316 74839
26000 67306 19052
26000 67366 37249
26000 52608 22873
26000 49219 24548
26000 77845 45891
26000 89306 59463
26000 70455 40446
26000 68778 40019
26000 106972 56549
26000 75664 44726
26000 83011 53552
26000 57787 27155
26000 69524 21764
26000 92847 37081
26000 119867 88059
26000 55242 22813
26000 131417 74759
26000 119985 77003
26000 76842 50070
26000 58892 31246
26000 88606 54505
26000 97465 64952
26000 90705 62373
26000 66487 41851
26000 49472 17426
26000 37651 9771
26000 74959 47779
26000 129715 53480
26000 54420 23737
26100 56032 25602
26100 50054 25306
26100 98902 70055
26100 75734 36835
26100 41356 14655
26100 77956 29717
26100 45903 21261
26100 59462 22769
26100 59118 30299
26100 62389 23610
26100 75093 32510
26100 89160 37408
26100 55234 23771
26100 64413 33643
26100 53216 27711
26100 43497 15413
26100 88387 57536
26100 77860 50736
26100 34481 9293
26100 76820 39326
26100 71314 43181
26100 56916 24278
26100 64362 29693
26100 68322 36220
26100 43440 14774
26100 31183 6709
26100 58519 31868
26100 44493 19295
26100 62291 35507
26100 42432 14095
26100 29758 5869
26100 41473 12733
26100 69091 31115
26100 72064 34188
26100 81896 40800
26100 82179 57997
26100 41114 15283
26100 39585 14041
26100 39901 12736
26100 59313 25706
26100 88349 56226
26100 74114 48021
26100 47552 16376
26100 45859 17225
26100 36953 9646
26100 54885 28620
26100 59827 29485
26100 34752 7973
26100 59331 32032
26100 51472 24294
26200 59232 22181
26200 46291 20317
26200 69819 20311
26200 69132 39510
26200 46270 19188
26200 36867 11958
26200 48364 12865
26200 54439 30599
26200 82745 52464
26200 49571 19440
26200 126356 65515
26200 43123 17941
26200 59356 27364
26200 69403 32423
26200 45640 11083
26200 77766 40158
26200 76829 52228
26200 60446 18017
26200 48259 21937
26200 63362 26520
26200 82494 52642
26200 94651 41090
26200 86138 49834
26200 42445 16043
26200 86746 54891
26200 78468 50337
26200 49619 18545
26200 32274 5606
26200 46170 17433
26200 38642 8159
26200 91759 63433
26200 68609 39967
26200 42498 15621
26200 68378 25630
26200 46281 13572
26200 43620 13321
26200 95658 47726
26200 69063 44462
26200 49796 22848
26200 92061 51404
26200 58592 28899
26200 76054 33021
26200 40324 14636
26200 52097 16132
26200 71186 36897
26200 106631 39402
26200 54931 21841
26200 36283 11402
26200 79221 49470
26200 44474 14692
26300 84033 48174
26300 33187 7521
26300 59647 25083
26300 60798 11319
26300 78326 27415
26300 51049 24432
26300 41508 10014
26300 108622 75355
26300 96145 65244
26300 79106 31059
26300 63216 14115
26300 58001 9868
26300 77301 47394
26300 47822 14711
26300 33565 7300
26300 32222 5367
26300 50646 16158
26300 61855 34822
26300 60628 29671
26300 55716 28542
26300 51389 21486
26300 109082 75116
26300 68787 39554
26300 110726 51414
26300 39900 10840
26300 76738 42528
26300 84237 58121
26300 65807 39801
26300 48509 21905
26300 82879 32635
26300 123357 70446
26300 54817 18740
26300 87793 51634
26300 56008 29694
26300 46345 13839
26300 100972 72787
26300 48634 12899
26300 54464 4715
26300 107229 60780
26300 50939 3151
26300 68069 24849
26300 125623 83172
26300 50722 20726
26300 79842 49081
26300 80845 31375
26300 43113 15067
26300 62002 34342
26300 126364 47697
26300 47700 19277
26300 47564 17122
26400 100658 50472
26400 74871 42521
26400 34269 5908
26400 83200 54420
26400 47524 22695
26400 78025 46313
26400 47707 14081
26400 68808 17699
26400 44528 10939
26400 59134 29235
26400 68401 19741
26400 131512 71689
26400 58230 27635
26400 118767 69485
26400 113472 82336
26400 81905 23510
26400 38411 12308
26400 79334 48350
26400 64983 37991
26400 74141 46271
26400 53249 5424
26400 75007 45094
26400 118574 62127
26400 75796 49162
26400 61483 6404
26400 53083 18979
26400 32607 6394
26400 81569 44362
26400 62041 23204
26400 60027 20552
26400 80726 55183
26400 71430 42477
26400 101629 72096
26400 57480 27940
26400 61393 25691
26400 37893 11373
26400 72088 41886
26400 73507 45205
26400 66858 16194
26400 78117 30842
26400 36045 9285
26400 82406 43982
26400 80533 43703
26400 82654 44250
26400 51212 23072
26400 98065 56337
26400 51635 23114
26400 80718 50588
26400 70175 31411
26400 31732 6985
26500 44123 15631
26500 61560 35953
26500 47295 20719
26500 50498 24188
26500 104221 38358
26500 61203 29080
26500 42998 15714
26500 118342 47798
26500 37067 10873
26500 56092 28595
26500 72294 43096
26500 42510 17703
26500 61309 12612
26500 106470 42062
26500 92265 57258
26500 51395 19578
26500 73092 31525
26500 81898 54671
26500 92511 33656
26500 59816 29383
26500 83822 50796
26500 110984 78861
26500 50376 22340
26500 62305 33252
26500 79054 48847
26500 67244 37079
26500 68085 36526
26500 76574 51921
26500 41758 15649
26500 38677 10410
26500 48878 19950
26500 107065 70588
26500 63797 33105
26500 59377 26513
26500 78654 52396
26500 69651 38387
26500 95585 37859
26500 76204 26959
26500 125829 73810
26500 43058 13085
26500 66086 35442
26500 52437 26154
26500 67936 38652
26500 80208 44988
26500 91953 53254
26500 88044 47496
26500 70978 33597
26500 82051 45143
26500 88702 58054
26500 48022 18636
26600 55344 30805
26600 96994 51294
26600 83376 37514
26600 50928 22310
26600 44869 13903
26600 67881 39433
26600 55957 24154
26600 65380 30453
26600 60823 25346
26600 58015 33227
26600 61457 33975
26600 44923 12811
26600 123180 61162
26600 40379 13465
26600 68188 26780
26600 48284 20227
26600 97659 68465
26600 30580 5653
26600 66838 10347
26600 47677 17241
26600 56843 11540
26600 84146 41689
26600 144948 111308
26600 62760 9255
26600 111677 43949
26600 55269 16882
26600 101302 28965
26600 35365 7432
26600 60109 28209
26600 80947 29766
26600 55139 26086
26600 84837 50071
26600 67487 34483
26600 94299 53011
26600 54166 23575
26600 105745 61582
26600 53907 19967
26600 54445 22721
26600 55687 24783
26600 80912 53207
26600 57187 27464
26600 74963 37870
26600 75745 33451
26600 99546 60945
26600 67767 39391
26600 63659 35181
26600 68713 19560
26600 69736 30917
26600 101854 55320
26600 99214 43778
26700 49198 22708
26700 80988 30394
26700 34557 7704
26700 50816 18521
26700 70222 43333
26700 112074 74694
26700 117961 89932
26700 48148 22695
26700 48982 20852
26700 90934 38481
26700 157151 99101
26700 69881 39183
26700 69089 33173
26700 62371 26301
26700 70633 20674
26700 38715 12066
26700 73200 18668
26700 61041 35462
26700 123388 90538
26700 37986 8301
26700 46372 19098
26700 71397 42831
26700 92705 40713
26700 47898 20089
26700 64096 33920
26700 72015 45415
26700 63415 27285
26700 53983 21601
26700 39237 5826
26700 82576 51980
26700 70168 36694
26700 67733 16670
26700 40969 8903
26700 35724 8015
26700 61511 29258
26700 90400 40427
26700 148973 87073
26700 54869 25157
26700 71023 28278
26700 51805 22842
26700 66393 40648
26700 37954 10455
26700 64951 35250
26700 101202 60028
26700 31252 5509
26700 53088 26890
26700 100445 53066
26700 67352 36878
26700 71041 16987
26700 63982 26688
26800 116285 67651
26800 76927 47405
26800 39228 10540
26800 87051 57329
26800 43861 14175
26800 63853 20584
26800 79575 40563
26800 70027 16965
26800 118619 89017
26800 46541 20542
26800 42362 13817
26800 67050 42663
26800 130510 99067
26800 118967 83785
26800 64242 30765
26800 79533 33090
26800 47372 20869
26800 55388 5303
26800 152809 66290
26800 92406 42216
26800 99920 38585
26800 43998 17401
26800 35592 8567
26800 76644 39345
26800 66205 38524
26800 42416 17318
26800 56632 29470
26800 70061 37313
26800 54760 25952
26800 63704 34340
26800 99424 67020
26800 90978 39434
26800 87009 57345
26800 33936 7123
26800 67417 38326
26800 95029 50580
26800 73192 37993
26800 68536 41272
26800 44723 16419
26800 107709 57155
26800 68832 25623
26800 114652 65574
26800 72932 43946
26800 82439 27620
26800 49941 18754
26800 69323 25469
26800 83572 36927
26800 60225 24910
26800 53188 20098
26800 44990 18063
26900 69890 42956
26900 75843 45036
26900 80920 54045
26900 163722 100528
26900 35262 7461
26900 70314 41211
26900 84152 59015
26900 87271 44852
26900 89034 42668
26900 32023 6048
26900 78280 36215
26900 74653 22942
26900 53966 25074
26900 63607 36058
26900 60663 31478
26900 41479 8773
26900 63224 29778
26900 66934 35057
26900 72983 45415
26900 54850 19807
26900 75842 42739
26900 62721 33984
26900 53474 26617
26900 58013 22142
26900 68831 40361
26900 81087 46418
26900 114622 59146
26900 71940 23100
26900 58592 29564
26900 66566 36962
26900 68022 36903
26900 56192 21745
26900 96181 61885
26900 61890 29512
26900 42673 15636
26900 61855 31873
26900 69054 38690
26900 52418 22730
26900 51240 15732
26900 65553 29667
26900 40625 12185
26900 72967 45688
26900 87493 57805
26900 58056 30094
26900 62010 12853
26900 110609 69886
26900 67363 31357
26900 49337 15736
26900 46836 16034
26900 96419 50245
27000 108394 55571
27000 66937 33462
27000 62331 34607
27000 56322 25050
27000 68148 32159
27000 79712 49554
27000 95959 60682
27000 67148 18217
27000 89377 62356
27000 62290 23867
27000 50282 16754
27000 59696 29119
27000 53442 25806
27000 34551 7326
27000 36980 10144
27000 63615 38228
27000 58806 30588
27000 46447 18749
27000 59617 32756
27000 73089 40685
27000 62715 29960
27000 129624 74166
27000 58168 30202
27000 71724 46514
27000 59122 29857
27000 109139 81171
27000 50752 19787
27000 48854 16782
27000 63844 32385
27000 30278 5411
27000 57649 23643
27000 91582 47341
27000 95002 47036
27000 53149 27564
27000 36359 9915
27000 38871 11555
27000 40381 12714
27000 61285 30499
27000 80269 53585
27000 92652 36575
27000 60052 8452
27000 81963 46409
27000 111876 72878
27000 99211 59372
27000 50670 23465
27000 38971 7976
27000 55383 24761
27000 75008 45151
27000 69218 31490
27000 45726 21103
27100 68705 43008
27100 42214 14042
27100 61448 9311
27100 83494 51637
27100 55793 30523
27100 114992 74863
27100 88718 54247
27100 35232 6829
27100 82681 26166
27100 75162 24088
27100 44597 13450
27100 99712 58518
27100 113633 56537
27100 70310 40673
27100 54670 23870
27100 47863 19152
27100 69764 18699
27100 86967 31829
27100 64486 22082
27100 44417 12167
27100 84794 56242
27100 90849 50335
27100 37935 8504
27100 67975 36200
27100 59934 27622
27100 38499 8820
27100 43152 16438
27100 34821 9923
27100 59289 25134
27100 40523 9846
27100 66242 15099
27100 153887 114360
27100 66421 35990
27100 109250 65735
27100 65061 35413
27100 73737 24658
27100 105469 55101
27100 50341 22624
27100 55903 22190
27100 95557 44332
27100 49788 14864
27100 62407 28408
27100 59058 26937
27100 37489 10723
27100 35731 10289
27100 47510 19717
27100 61301 24084
27100 71630 40079
27100 74099 41959
27100 60734 35889
27200 57319 21560
27200 96813 44068
27200 79540 42837
27200 47464 13950
27200 80533 54476
27200 48098 14896
27200 63799 30311
27200 75067 23495
27200 41930 13801
27200 86232 49955
27200 61786 27284
27200 68243 27891
27200 63015 24492
27200 47046 15544
27200 87331 49208
27200 73799 37294
27200 74650 45868
27200 64467 27748
27200 42271 14895
27200 42145 10149
27200 55905 27003
27200 45649 16789
27200 33032 5738
27200 71139 41978
27200 79529 53423
27200 116170 57938
27200 51830 24165
27200 53458 24954
27200 119802 53615
27200 114965 80525
27200 38793 9257
27200 102151 58853
27200 61516 29420
27200 52215 17675
27200 45833 16321
27200 100089 68857
27200 51246 16314
27200 61741 34547
27200 99774 72649
27200 66308 16244
27200 43608 10915
27200 88186 56017
27200 80535 40340
27200 96984 64203
27200 64223 33477
27200 100232 68727
27200 71158 25036
27200 72014 44899
27200 84928 42042
27200 54465 22127
27300 103899 46988
27300 55507 27180
27300 74390 40495
27300 86881 52464
27300 50091 22995
27300 51958 19314
27300 66707 18193
27300 85112 40704
27300 42761 14403
27300 115010 64843
27300 77440 46545
27300 63818 35205
27300 63073 37881
27300 66413 34014
27300 46992 16403
27300 49668 21989
27300 41318 16134
27300 41052 9746
27300 57997 27713
27300 58373 28766
27300 37891 9033
27300 69704 26481
27300 52899 24823
27300 85820 46666
27300 47301 20050
27300 109060 48992
27300 59020 32736
27300 56623 28800
27300 102177 54605
27300 42161 14556
27300 90965 53038
27300 105692 52074
27300 108098 55934
27300 79173 16496
27300 80287 52668
27300 83221 48277
27300 37686 7647
27300 41018 13308
27300 55857 29119
27300 69703 42651
27300 134409 100931
27300 68486 34729
27300 57597 26183
27300 87743 55298
27300 80079 50964
27300 37300 9266
27300 73445 42340
27300 41163 11833
27300 70244 28762
27300 41136 9328
27400 67757 32747
27400 74881 46976
27400 39530 8586
27400 69441 40676
27400 124783 71621
27400 113911 86612
27400 53556 26591
27400 49673 17946
27400 69811 24555
27400 65340 38968
27400 129122 80523
27400 59228 27029
27400 51097 23553
27400 70041 43479
27400 118416 84905
27400 47340 18975
27400 47185 10590
27400 74635 43562
27400 57191 22770
27400 80868 38994
27400 55162 25208
27400 103966 48134
27400 58012 26116
27400 59058 23191
27400 81394 45731
27400 114861 71089
27400 58046 19025
27400 140045 91088
27400 49366 18299
27400 54673 27340
27400 90883 41953
27400 72916 36711
27400 69659 38892
27400 108402 76179
27400 49526 15652
27400 82255 48139
27400 77269 41097
27400 92046 49150
27400 42257 15978
27400 74999 37762
27400 84809 37916
27400 87453 34607
27400 90338 37284
27400 35369 8558
27400 114799 70049
27400 58918 28754
27400 63297 35784
27400 45359 18036
27400 71926 40726
27400 59172 31724
27500 31844 5828
27500 40209 7427
27500 122205 75340
27500 43574 12894
27500 130189 43316
27500 128073 98793
27500 110455 62910
27500 74187 31928
27500 86841 43099
27500 89278 55507
27500 43992 14969
27500 63761 35819
27500 101064 61427
27500 70605 27078
27500 45631 19073
27500 74256 19274
27500 69743 30281
27500 39036 10215
27500 56790 28065
27500 72409 42426
27500 153001 83647
27500 45965 12626
27500 113457 55546
27500 56956 30376
27500 69527 31044
27500 50495 17077
27500 142742 94930
27500 76603 46676
27500 159461 87857
27500 90497 55580
27500 73802 40162
27500 40115 10889
27500 61034 32343
27500 49624 18134
27500 93834 43490
27500 53427 24926
27500 117781 61523
27500 132926 91278
27500 48924 16277
27500 82511 53505
27500 46314 19812
27500 98461 57512
27500 48946 17508
27500 66369 34699
27500 75319 47817
27500 79806 49891
27500 36868 7318
27500 109326 75822
27500 77858 23885
27500 80357 43720
27600 79305 47748
27600 51144 16647
27600 90515 47476
27600 42993 14950
27600 65227 12490
27600 65538 33810
27600 95608 46879
27600 74051 34410
27600 73059 41000
27600 76754 25725
27600 104585 53884
27600 79929 42976
27600 90789 34214
27600 69853 37979
27600 84399 50696
27600 64279 32822
27600 55132 29377
27600 81710 47779
27600 48469 19186
27600 55493 25057
27600 87183 34988
27600 61508 34175
27600 70375 35950
27600 58223 24266
27600 69465 32101
27600 43660 13442
27600 71956 38595
27600 53656 24595
27600 90870 37075
27600 45310 14047
27600 75320 39126
27600 82532 34442
27600 99855 67453
27600 71608 27554
27600 38596 7809
27600 72165 21232
27600 33962 5546
27600 171360 95759
27600 112344 77992
27600 63740 37682
27600 72150 40109
27600 42184 13585
27600 63764 24256
27600 60125 24546
27600 47189 17914
27600 72141 31163
27600 108454 81689
27600 88551 62998
27600 84986 42580
27600 84503 56268
27700 96739 36034
27700 54365 27764
27700 65293 35493
27700 74273 45781
27700 71394 16333
27700 82041 44991
27700 68371 37899
27700 86247 43275
27700 53708 24892
27700 43606 12887
27700 59861 25427
27700 75001 48284
27700 77997 41722
27700 67123 33181
27700 42132 9712
27700 68134 37367
27700 54692 26040
27700 48593 22205
27700 49074 13573
27700 50109 19792
27700 44347 10884
27700 65703 34585
27700 77592 47233
27700 75006 24986
27700 70993 43273
27700 39335 12084
27700 61623 15827
27700 108631 47748
27700 102070 65913
27700 101910 72865
27700 45133 14790
27700 73149 31254
27700 62006 35157
27700 68465 27668
27700 87093 23109
27700 78717 40054
27700 76281 47317
27700 98530 51842
27700 52024 19018
27700 121735 82909
27700 58338 30845
27700 67070 38697
27700 60634 24685
27700 66177 37098
27700 62126 30653
27700 66726 16331
27700 70917 39974
27700 36616 8715
27700 77907 50478
27700 82793 54251
27800 83699 55329
27800 41608 12397
27800 102601 57640
27800 63563 28058
27800 102895 69321
27800 43832 10706
27800 97907 46855
27800 94768 64167
27800 44702 13007
27800 61226 6861
27800 87505 51132
27800 63500 32722
27800 83546 50754
27800 79066 44351
27800 92525 53700
27800 41028 12404
27800 78492 42747
27800 43586 13108
27800 75778 34820
27800 76016 20451
27800 46947 21710
27800 75077 34006
27800 57710 18851
27800 87999 53142
27800 86710 37368
27800 83215 45718
27800 133810 88570
27800 46284 11740
27800 52219 18449
27800 84727 55256
27800 42293 11862
27800 118100 82811
27800 109600 70450
27800 107802 71485
27800 63340 30651
27800 53038 25348
27800 88296 35914
27800 48382 20046
27800 53573 22660
27800 32888 6849
27800 47933 19662
27800 55500 17439
27800 65372 32237
27800 126250 88028
27800 58496 28566
27800 47071 14860
27800 70166 34194
27800 80344 21129
27800 96940 43865
27800 74648 22656
27900 47036 16325
27900 41249 11100
27900 76763 47915
27900 107990 51262
27900 44623 14752
27900 58928 28274
27900 105693 64924
27900 95109 66521
27900 41082 12631
27900 64189 28422
27900 73477 44351
27900 82511 45689
27900 66527 39250
27900 55035 27026
27900 50870 13523
27900 37569 7939
27900 67713 38140
27900 83131 34606
27900 54561 25717
27900 55981 25093
27900 51425 18483
27900 46574 11380
27900 89814 47865
27900 121862 93763
27900 77640 38540
27900 59476 34202
27900 40503 13821
27900 114077 68686
27900 97308 66616
27900 172960 112518
27900 39891 13976
27900 68887 33177
27900 47174 16155
27900 58715 30702
27900 97201 56215
27900 91869 54919
27900 82318 44110
27900 81354 30877
27900 63588 24796
27900 35108 6996
27900 90753 21778
27900 92012 39414
27900 68850 41527
27900 90353 63784
27900 75987 41956
27900 151155 74223
27900 95014 37021
27900 62341 31392
27900 83602 27518
27900 94681 55057
28000 65482 37515
28000 126656 55373
28000 53111 20705
28000 75851 39094
28000 76163 44291
28000 52128 21574
28000 73539 40748
28000 64748 34532
28000 47348 13882
28000 85355 56508
28000 48568 18686
28000 63123 20125
28000 58649 24760
28000 48047 20521
28000 91681 54607
28000 56367 27645
28000 83085 43401
28000 35907 7375
28000 56857 28652
28000 99692 70900
28000 89341 50878
28000 52198 13330
28000 88574 52877
28000 60840 32677
28000 95810 67794
28000 99088 42872
28000 66876 35085
28000 41523 11595
28000 72852 40401
28000 92658 39496
28000 79219 47151
28000 64427 19807
28000 39847 10193
28000 132354 56771
28000 79452 46580
28000 49336 14888
28000 64353 31676
28000 50284 18526
28000 61106 28465
28000 59264 31313
28000 58731 31491
28000 87252 59533
28000 40703 13456
28000 89465 51624
28000 94995 59743
28000 98164 39874
28000 54623 23352
28000 84759 49976
28000 62379 30474
28000 74286 45670
28100 39769 9676
28100 92341 64373
28100 71461 33875
28100 76870 45362
28100 125608 79158
28100 52586 20543
28100 77066 40368
28100 67916 31462
28100 107702 61953
28100 38174 9217
28100 49464 16113
28100 125879 85074
28100 103236 70784
28100 61905 26760
28100 34882 7985
28100 56115 26652
28100 86577 56499
28100 48262 22503
28100 43127 11989
28100 64598 29156
28100 61555 27710
28100 53765 25584
28100 87007 47746
28100 87273 39718
28100 53256 18686
28100 47886 14458
28100 79234 35448
28100 46767 13700
28100 90422 41466
28100 89516 55330
28100 37945 9621
28100 53450 25045
28100 132597 71067
28100 75637 21547
28100 62478 33461
28100 65331 31777
28100 74287 46776
28100 86380 55517
28100 78340 37519
28100 120771 52633
28100 66155 39111
28100 50743 17673
28100 63645 31675
28100 86569 35689
28100 57701 22188
28100 49915 21845
28100 75085 41055
28100 68876 28974
28100 35600 7179
28100 70701 29726
28200 45928 18483
28200 76445 37478
28200 67822 24602
28200 100995 43336
28200 65124 39202
28200 47074 18879
28200 74688 42738
28200 53901 16804
28200 72735 38892
28200 97580 46503
28200 74715 36419
28200 50392 20895
28200 85002 50600
28200 84615 53069
28200 46353 15341
28200 125617 85270
28200 55972 25594
28200 134772 79943
28200 102547 72865
28200 59816 29945
28200 125401 48134
28200 64694 28957
28200 72564 43221
28200 54217 16955
28200 60654 24083
28200 73767 42141
28200 52608 17087
28200 83596 27849
28200 47962 19334
28200 40756 14230
28200 57153 22329
28200 62785 27234
28200 86295 54133
28200 126672 85247
28200 65717 35206
28200 88228 55027
28200 89683 47612
28200 80477 49762
28200 101071 58025
28200 64282 27140
28200 63119 32518
28200 123366 61867
28200 63909 27605
28200 53258 23239
28200 82319 22918
28200 54320 21372
28200 75083 36123
28200 47418 18124
28200 45949 19217
28200 85220 23809
28300 74399 38804
28300 64726 33779
28300 89832 60847
28300 59678 8657
28300 119613 76603
28300 63014 31982
28300 80589 45780
28300 130503 96752
28300 67966 39307
28300 104541 74866
28300 54260 27815
28300 57889 25879
28300 53347 17051
28300 100370 43556
28300 60677 15979
28300 61459 27571
28300 96444 59965
28300 96634 47511
28300 40210 12120
28300 50662 21480
28300 97807 60512
28300 39223 10292
28300 52326 25348
28300 98476 40443
28300 110960 57725
28300 64692 37411
28300 55012 23296
28300 49586 13591
28300 63877 30923
28300 69729 40184
28300 108374 76595
28300 60679 31664
28300 73032 38863
28300 88611 60118
28300 80324 45471
28300 47848 16568
28300 40389 12639
28300 57782 29286
28300 33756 5850
28300 73394 29919
28300 76685 44032
28300 81119 29032
28300 76605 43429
28300 80291 38778
28300 100843 60221
28300 61818 30468
28300 44415 15602
28300 63235 33379
28300 80824 42710
28300 60478 30959
28400 80310 50380
28400 104786 76847
28400 46127 15839
28400 62236 33499
28400 103938 69348
28400 81088 41299
28400 60070 31341
28400 114463 64795
28400 76896 33622
28400 49111 18551
28400 70036 38281
28400 55191 22683
28400 86479 49514
28400 62543 28512
28400 76618 35763
28400 108047 47420
28400 52689 24822
28400 72313 42784
28400 119660 81961
28400 56805 5683
28400 95444 36980
28400 68199 27457
28400 73216 31569
28400 43920 10121
28400 74875 41955
28400 115267 61909
28400 82937 40801
28400 48192 14234
28400 56948 27830
28400 50049 22494
28400 97711 37492
28400 90104 40195
28400 99992 37596
28400 54131 18668
28400 77318 10859
28400 65693 32241
28400 64804 29053
28400 85203 51375
28400 71469 30660
28400 77663 43826
28400 63409 32135
28400 46176 14908
28400 51859 19946
28400 77854 36229
28400 45637 12150
28400 48373 18285
28400 57139 24008
28400 109155 81906
28400 80288 43863
28400 39418 12811
28500 125567 66879
28500 58847 30134
28500 100604 71609
28500 70836 15811
28500 75218 41513
28500 83172 41727
28500 92367 47865
28500 74590 35394
28500 57918 26845
28500 93255 55017
28500 45192 10443
28500 55063 27236
28500 97506 55293
28500 75873 39120
28500 73358 39480
28500 147863 85517
28500 97031 30630
28500 81127 20089
28500 85453 49707
28500 43059 12583
28500 68264 19440
28500 117420 57207
28500 75190 49555
28500 65574 28347
28500 157641 125575
28500 77041 23065
28500 55069 23886
28500 67892 39781
28500 39004 11811
28500 128184 51282
28500 81650 44910
28500 69116 38874
28500 67067 37969
28500 44282 10356
28500 107286 80084
28500 79447 40962
28500 73458 40724
28500 45144 13913
28500 97815 33145
28500 68884 36504
28500 77468 39361
28500 88742 56740
28500 67368 38136
28500 62397 32236
28500 56232 19894
28500 83068 50690
28500 88175 53527
28500 89832 56448
28500 73660 42771
28500 90032 55917
28600 50516 18674
28600 32438 5864
28600 56157 18891
28600 59306 32247
28600 53601 22589
28600 51690 22121
28600 54975 21856
28600 84655 55460
28600 61691 33736
28600 88021 55882
28600 43052 9732
28600 72594 37866
28600 66219 10146
28600 86267 54603
28600 68646 11922
28600 153311 125054
28600 70407 43637
28600 93255 40115
28600 76651 21836
28600 74538 19467
28600 95945 38011
28600 52035 20145
28600 100246 64269
28600 68909 36742
28600 82311 55288
28600 137090 78812
28600 37371 7121
28600 108688 81767
28600 36533 8535
28600 75382 43224
28600 45594 14802
28600 56100 17936
28600 50695 17576
28600 86720 46164
28600 90119 54715
28600 105935 60582
28600 108445 72974
28600 145956 95219
28600 69962 43244
28600 119489 60989
28600 65769 38910
28600 96145 38243
28600 70326 33613
28600 117818 89979
28600 67865 32668
28600 70594 25461
28600 68679 34635
28600 39877 13938
28600 64181 26927
28600 84112 54708
28700 39963 11066
28700 56316 23095
28700 65070 25346
28700 84243 43568
28700 45678 12071
28700 92592 48605
28700 66785 33264
28700 71766 13404
28700 42065 13420
28700 61473 31325
28700 84938 54038
28700 80462 43114
28700 139736 100963
28700 53210 17404
28700 91631 34563
28700 84330 50790
28700 54403 23212
28700 57158 20498
28700 67802 35615
28700 79861 43719
28700 83642 31558
28700 115748 83354
28700 74952 31077
28700 116671 59897
28700 115684 62568
28700 86337 38641
28700 95314 66363
28700 45532 15747
28700 79457 43254
28700 54752 21122
28700 55582 13566
28700 58182 24745
28700 44976 10446
28700 114925 77735
28700 136787 96552
28700 88686 42661
28700 97916 59628
28700 38214 9370
28700 77582 49337
28700 78362 32750
28700 38399 9472
28700 62704 32960
28700 45717 12787
28700 69251 38071
28700 39508 7864
28700 78875 43601
28700 94989 11347
28700 46817 15096
28700 80526 47696
28700 75221 28110
28800 84174 52784
28800 65197 35494
28800 107881 66421
28800 136451 48717
28800 71786 30887
28800 81005 49082
28800 48759 14315
28800 86621 44591
28800 69338 40191
28800 120858 81162
28800 73541 18693
28800 74541 29616
28800 66904 37021
28800 67110 38425
28800 62228 28449
28800 61369 24530
28800 119828 88212
28800 59538 25406
28800 79150 42604
28800 61246 8977
28800 73119 40638
28800 52821 13742
28800 72990 37553
28800 141592 90425
28800 125344 80085
28800 59738 29984
28800 96249 35375
28800 109532 72645
28800 84646 51823
28800 90535 48402
28800 51448 21197
28800 53139 16979
28800 70180 35098
28800 58822 26943
28800 65724 31776
28800 71183 35094
28800 53506 20007
28800 38011 9297
28800 108302 54887
28800 47389 14244
28800 89716 28183
28800 53486 21581
28800 49204 18210
28800 102137 30408
28800 57084 25834
28800 76167 48417
28800 98676 57997
28800 164938 95632
28800 77301 24139
28800 54244 17727
28900 93487 64076
28900 78372 25091
28900 100727 61530
28900 55697 23635
28900 130873 58050
28900 65599 33486
28900 67826 14319
28900 57073 27722
28900 51594 21185
28900 107652 26207
28900 113909 51614
28900 56989 4177
28900 78994 45062
28900 70846 34229
28900 113154 46995
28900 61712 26763
28900 58593 26224
28900 83639 49526
28900 55623 17611
28900 98804 55385
28900 77308 45042
28900 70551 44502
28900 86583 50215
28900 109376 58572
28900 87208 51710
28900 86710 50115
28900 63415 34736
28900 65204 26864
28900 74812 42273
28900 50996 17368
28900 110122 72387
28900 72202 31187
28900 81226 44754
28900 48292 15463
28900 49994 16381
28900 49359 21253
28900 81406 51883
28900 77764 21603
28900 55720 17076
28900 87813 52390
28900 83245 34664
28900 55022 24827
28900 61249 5168
28900 53568 27032
28900 118313 75257
28900 68573 27583
28900 43700 11088
28900 128828 86577
28900 75766 45667
28900 40132 10771
29000 56420 28436
29000 66628 10192
29000 68510 38632
29000 67570 30457
29000 36453 6028
29000 70424 10334
29000 111401 82264
29000 58866 28349
29000 76792 42803
29000 55665 26314
29000 92798 61679
29000 58588 25841
29000 111670 79366
29000 55416 21045
29000 71200 37200
29000 37964 9198
29000 60443 25641
29000 71379 32738
29000 64261 20473
29000 77904 45523
29000 100620 69095
29000 53535 15486
29000 107377 60333
29000 39844 9347
29000 89831 45272
29000 95887 23934
29000 64724 33532
29000 82503 37898
29000 116219 53232
29000 84008 54789
29000 58379 30678
29000 94220 51193
29000 125035 66000
29000 110161 80913
29000 70157 39968
29000 93610 61526
29000 63538 36034
29000 101337 64353
29000 66309 29442
29000 78758 20076
29000 82261 30860
29000 58634 29442
29000 80147 37482
29000 44777 15181
29000 114359 80339
29000 132065 80537
29000 80578 44004
29000 53211 18562
29000 52668 24293
29000 100063 64790
29100 113238 40383
29100 42153 10448
29100 45541 16226
29100 101429 70061
29100 67228 33924
29100 55459 18705
29100 43039 8739
29100 52204 17485
29100 75994 46283
29100 100671 47721
29100 64394 25502
29100 84778 25871
29100 93338 44817
29100 104985 41804
29100 118421 64961
29100 81739 32439
29100 53471 19022
29100 129750 76192
29100 46935 13232
29100 96827 42493
29100 82761 42692
29100 105865 62205
29100 56669 24306
29100 65195 30349
29100 74428 44651
29100 66974 36136
29100 48082 20277
29100 90514 59650
29100 75785 47436
29100 45589 17827
29100 71010 39993
29100 119757 86733
29100 77674 40737
29100 63144 30805
29100 59477 29855
29100 67776 30594
29100 111997 80979
29100 37390 8000
29100 58356 22710
29100 57170 17295
29100 68890 33227
29100 104460 39761
29100 58014 28145
29100 109786 60343
29100 84364 52804
29100 100129 48374
29100 89289 60040
29100 59764 31182
29100 98831 67621
29100 56350 21953
29200 63305 24326
29200 92383 58274
29200 39221 8935
29200 81587 39339
29200 41859 8671
29200 99090 61669
29200 87017 60182
29200 92035 23444
29200 71447 38595
29200 51400 21936
29200 93919 54115
29200 89559 51644
29200 120775 92972
29200 96713 63374
29200 88901 35846
29200 112026 25634
29200 81952 43632
29200 79633 52153
29200 74800 35576
29200 49131 10471
29200 78564 46574
29200 107196 44069
29200 44988 9734
29200 76611 45808
29200 95710 26143
29200 52698 15938
29200 71741 40546
29200 128333 62962
29200 100366 33536
29200 95287 25697
29200 57257 24180
29200 131340 101017
29200 77420 37864
29200 83504 48423
29200 65800 32798
29200 97592 60379
29200 47533 15681
29200 100118 59003
29200 102971 53402
29200 69197 12476
29200 81119 48524
29200 76268 33979
29200 64776 26248
29200 43329 12667
29200 118301 63344
29200 71755 32236
29200 61362 29562
29200 61172 27287
29200 51543 20198
29200 75307 40272
29300 40965 10730
29300 48555 18643
29300 79547 34307
29300 89624 57312
29300 70065 33446
29300 75095 32728
29300 77612 40858
29300 70504 32822
29300 81326 38209
29300 100666 68981
29300 71367 13121
29300 71925 33597
29300 72718 43016
29300 127640 90876
29300 62277 8650
29300 90009 54587
29300 53035 9857
29300 61094 27413
29300 80985 44765
29300 78750 47510
29300 70600 36707
29300 62721 26027
29300 173671 85664
29300 43730 13198
29300 84581 50783
29300 85296 32846
29300 97974 49461
29300 110617 43567
29300 102330 61324
29300 51313 20310
29300 82218 46031
29300 63764 25739
29300 60128 20861
29300 106200 76259
29300 50423 16066
29300 61217 25401
29300 83664 49046
29300 104266 42863
29300 91219 63261
29300 56334 20999
29300 47023 16458
29300 93792 35443
29300 61257 27599
29300 65157 23816
29300 58031 18566
29300 82456 55378
29300 68147 34487
29300 93615 57576
29300 84362 55933
29300 59052 26763
29400 109196 73510
29400 47387 19323
29400 87392 54819
29400 57828 22377
29400 91201 63344
29400 68423 36765
29400 60064 28376
29400 63599 32870
29400 50603 20300
29400 69115 40167
29400 75060 18790
29400 83856 47224
29400 49419 20082
29400 49313 13985
29400 104444 71820
29400 55679 26170
29400 101176 63876
29400 89239 57952
29400 78236 49804
29400 86612 36127
29400 45644 16476
29400 53171 21536
29400 65197 27411
29400 47950 7754
29400 80991 23000
29400 106384 64731
29400 46774 14085
29400 69156 35723
29400 65170 29554
29400 72424 38775
29400 97174 36632
29400 80944 44722
29400 106283 52048
29400 82170 45058
29400 90128 29671
29400 61476 4466
29400 57841 23404
29400 79029 45563
29400 78889 11632
29400 112966 44182
29400 67087 29385
29400 47537 12436
29400 101592 48098
29400 71555 40567
29400 49927 20144
29400 64090 36564
29400 96644 45356
29400 126319 75183
29400 84838 49256
29400 91692 33199
29500 105148 68679
29500 61306 32146
29500 52756 21749
29500 111793 53679
29500 40467 9530
29500 51900 20872
29500 102394 65436
29500 60175 31737
29500 75626 18877
29500 72259 27969
29500 80657 39204
29500 67860 34404
29500 87173 35731
29500 67894 36606
29500 96321 65371
29500 83793 51487
29500 60048 32722
29500 58642 4738
29500 71769 42448
29500 90823 59573
29500 55168 24057
29500 63316 26198
29500 59793 29482
29500 60442 25422
29500 58234 20007
29500 39002 6785
29500 110871 50927
29500 66798 38150
29500 75450 38709
29500 64190 33823
29500 52930 22134
29500 94933 61071
29500 61510 29180
29500 70863 38914
29500 57518 28944
29500 56473 24510
29500 78669 45474
29500 50171 21223
29500 51089 15811
29500 114901 63840
29500 96024 56990
29500 60964 29419
29500 64631 36913
29500 79742 48681
29500 57028 25786
29500 97085 64920
29500 94091 35398
29500 67883 32967
29500 69668 37813
29500 89835 39949
29600 99602 44029
29600 56126 27395
29600 64604 23047
29600 125942 83276
29600 78437 41694
29600 114753 82254
29600 48631 18604
29600 118391 68962
29600 91298 35563
29600 98939 55747
29600 45441 9865
29600 53935 17093
29600 46474 14700
29600 60714 28739
29600 86742 49291
29600 61721 31305
29600 139744 97690
29600 65075 22957
29600 40751 9456
29600 68520 22628
29600 82276 42477
29600 59095 20551
29600 105485 72777
29600 105364 55132
29600 42812 14168
29600 130780 72792
29600 100989 43669
29600 90328 47766
29600 98927 69340
29600 86390 45937
29600 110881 73639
29600 56428 15357
29600 109591 73461
29600 45731 15895
29600 68824 10225
29600 116944 65150
29600 104132 65840
29600 85031 57198
29600 72181 35154
29600 94149 46945
29600 113558 82530
29600 37861 9316
29600 77223 43170
29600 49490 16112
29600 106005 51949
29600 79516 48157
29600 107735 75195
29600 111256 50120
29600 67858 30658
29600 97366 67741
29700 73831 44285
29700 99357 45846
29700 74615 40145
29700 80999 24881
29700 89385 48897
29700 59837 16870
29700 93992 48044
29700 42587 15024
29700 111574 64248
29700 46817 16391
29700 105586 74936
29700 73945 30792
29700 83386 46322
29700 56094 29317
29700 66194 28559
29700 47919 19014
29700 73047 31349
29700 137103 96363
29700 63005 34099
29700 63212 32676
29700 94266 62331
29700 106341 35668
29700 58276 21941
29700 146686 87025
29700 64783 28206
29700 60597 23804
29700 77695 42054
29700 130397 79076
29700 48775 12028
29700 68959 35498
29700 53152 13870
29700 60926 31040
29700 109403 74428
29700 83192 49298
29700 82399 49683
29700 97037 63858
29700 61923 26858
29700 75165 45828
29700 60701 29315
29700 46702 17895
29700 119849 86560
29700 43719 13326
29700 60625 24072
29700 71355 13463
29700 51303 21701
29700 132030 81394
29700 55095 23542
29700 56566 24321
29700 68050 37036
29700 92475 23123
29800 45938 18580
29800 57766 27274
29800 98464 69080
29800 74666 43639
29800 97372 56682
29800 62241 26203
29800 63410 31526
29800 76412 45495
29800 87133 34958
29800 92136 57727
29800 79014 48480
29800 83115 18452
29800 140770 103130
29800 70861 40597
29800 149886 88656
29800 117163 62463
29800 168110 109177
29800 60143 29021
29800 147207 118067
29800 83906 28797
29800 83051 49455
29800 144312 104381
29800 43660 11510
29800 53602 22573
29800 62881 20303
29800 90549 55910
29800 76469 41404
29800 64937 34541
29800 42744 10312
29800 47156 9645
29800 79187 50289
29800 57306 29928
29800 42098 8410
29800 57554 18272
29800 77676 41821
29800 65825 25509
29800 97523 57917
29800 75215 46155
29800 70584 32652
29800 63127 27963
29800 89632 42576
29800 93616 61675
29800 44817 13970
29800 91602 60125
29800 60788 26730
29800 89932 42476
29800 47993 15514
29800 99861 41679
29800 162183 109035
29800 54160 20925
29900 40714 13728
29900 83268 30500
29900 117011 83514
29900 42202 8841
29900 89019 27796
29900 47423 17342
29900 103829 30197
29900 84590 25931
29900 63803 33129
29900 112564 64599
29900 36259 6362
29900 74462 17540
29900 71543 39741
29900 86815 27556
29900 135351 77979
29900 49214 16803
29900 62363 20481
29900 116379 80751
29900 64083 36825
29900 73305 37458
29900 36744 8608
29900 86015 50401
29900 139350 96203
29900 92765 36638
29900 77369 44777
29900 66447 30945
29900 77368 47632
29900 57966 26430
29900 77202 46817
29900 47855 13472
29900 60330 22809
29900 142380 72485
29900 85367 53191
29900 76868 26173
29900 66803 32111
29900 81036 15350
29900 70857 41039
29900 100717 38825
29900 77813 26845
29900 47480 12581
29900 70053 37980
29900 90172 33777
29900 88877 34096
29900 85991 45428
29900 89106 29587
29900 72044 26629
29900 93479 50265
29900 104989 47593
29900 44037 13653
29900 117568 60559
30000 88557 47984
30000 146494 111768
30000 78794 21466
30000 61488 32468
30000 72737 34398
30000 54602 20301
30000 71851 22968
30000 53106 19452
30000 82112 45314
30000 48099 13281
30000 68989 37277
30000 41498 8798
30000 126111 84574
30000 85261 57885
30000 60613 26361
30000 89085 39737
30000 58605 21620
30000 61214 21036
30000 41369 8754
30000 71271 39434
30000 95418 65741
30000 139644 60764
30000 76055 41655
30000 47427 14805
30000 53922 21253
30000 74321 36747
30000 90316 60921
30000 79402 37926
30000 92712 45878
30000 72661 45037
30000 39902 9274
30000 101286 64874
30000 91859 60784
30000 124721 39554
30000 95147 56036
30000 126932 65890
30000 100914 51494
30000 79120 47997
30000 59322 24191
30000 79186 49501
30000 91286 30217
30000 92326 54822
30000 144183 108909
30000 108518 60562
30000 51119 22338
30000 79731 16505
30000 63387 20586
30000 62364 32677
30000 68169 34384
30000 63844 32756
30100 87254 51436
30100 103911 71961
30100 62393 25284
30100 64117 29291
30100 50894 15703
30100 95305 40890
30100 115430 67484
30100 40951 7868
30100 90542 59093
30100 74856 44465
30100 111328 78772
30100 63293 32621
30100 57821 22969
30100 57021 27152
30100 43575 11013
30100 128061 52073
30100 131755 92553
30100 71179 37399
30100 53466 24698
30100 98702 28963
30100 44501 11069
30100 101511 48360
30100 54690 17415
30100 61734 23328
30100 77552 45250
30100 86517 57871
30100 68452 29445
30100 65387 30817
30100 46716 17156
30100 164015 92611
30100 63331 5713
30100 89281 49751
30100 147181 112795
30100 72157 39413
30100 110880 72871
30100 81659 47033
30100 50473 15090
30100 46106 15527
30100 58246 19995
30100 97857 57154
30100 77739 19889
30100 58863 28032
30100 67258 8060
30100 82032 48592
30100 61493 22149
30100 137191 85935
30100 84253 46826
30100 60913 18044
30100 74713 38868
30100 54846 25554
30200 72413 31876
30200 63597 33903
30200 103060 70500
30200 51328 21042
30200 87432 45747
30200 48468 18841
30200 93867 62303
30200 62074 25315
30200 39899 8255
30200 137672 65968
30200 53979 21165
30200 105443 75921
30200 69331 41204
30200 51823 15125
30200 67521 22914
30200 99830 61746
30200 124279 64597
30200 61595 30493
30200 98931 55786
30200 96801 61203
30200 92189 53656
30200 52415 17067
30200 93612 39797
30200 73663 37890
30200 66646 8838
30200 166090 103200
30200 48918 17023
30200 57647 18176
30200 60673 24692
30200 77462 14874
30200 76890 36241
30200 79397 47166
30200 74557 37316
30200 58174 24586
30200 72624 44096
30200 88730 49538
30200 62271 7833
30200 91302 54176
30200 61183 32602
30200 49028 20773
30200 123579 82785
30200 69416 39461
30200 52527 14719
30200 63491 19441
30200 88581 30024
30200 59547 28793
30200 95385 46536
30200 81800 31562
30200 57566 29552
30200 53804 17462
30300 72182 39797
30300 75699 30329
30300 79310 39989
30300 82207 47275
30300 55167 23905
30300 118426 62417
30300 107683 74936
30300 55140 21376
30300 49779 8315
30300 45139 11894
30300 51404 17445
30300 66197 36114
30300 92657 58354
30300 73655 44747
30300 90388 58363
30300 45345 12663
30300 60308 14931
30300 70831 33439
30300 43256 8553
30300 93832 60930
30300 67012 33620
30300 58754 29409
30300 114767 55012
30300 86362 41391
30300 103386 59650
30300 103148 66649
30300 67759 38081
30300 84416 44215
30300 48163 11169
30300 83746 52045
30300 77404 41288
30300 73968 31131
30300 99970 67351
30300 60610 19824
30300 72867 44025
30300 45531 9710
30300 84260 54328
30300 102047 60958
30300 60507 20847
30300 101825 68877
30300 105888 58067
30300 140046 77416
30300 151076 65705
30300 65972 29929
30300 111429 66842
30300 71168 29439
30300 61405 22934
30300 92822 52381
30300 65172 29997
30300 52188 21130
30400 52851 14866
30400 79908 32030
30400 40506 10884
30400 79364 17206
30400 122476 60313
30400 173768 106748
30400 42513 11010
30400 117178 82211
30400 53194 19489
30400 122021 88313
30400 72753 29455
30400 121463 87597
30400 78165 34370
30400 84138 45503
30400 122043 91149
30400 104220 59050
30400 43152 11813
30400 70980 38691
30400 70614 40744
30400 60924 29029
30400 87494 58332
30400 109589 44647
30400 72082 36347
30400 87894 51713
30400 54470 19102
30400 117055 80429
30400 67408 39166
30400 61447 25876
30400 51114 21076
30400 64484 20321
30400 75699 45751
30400 131975 96710
30400 88797 53188
30400 42455 8902
30400 64892 30139
30400 50557 15290
30400 37192 8260
30400 94953 63248
30400 96861 61516
30400 92515 50119
30400 60190 22396
30400 81359 18239
30400 80247 47008
30400 83926 41277
30400 77533 34721
30400 53857 24617
30400 73643 43650
30400 59568 26111
30400 56072 24743
30400 68416 7829
30500 69217 29147
30500 88966 55737
30500 106803 20564
30500 59216 25212
30500 38912 9036
30500 76501 41964
30500 79140 18614
30500 61056 29583
30500 89545 22503
30500 88671 58985
30500 130130 80439
30500 156517 80103
30500 91956 55398
30500 98295 41264
30500 112471 54154
30500 137041 78427
30500 59204 17761
30500 63386 30951
30500 85083 49340
30500 54855 24108
30500 88103 39371
30500 105325 71727
30500 72884 35616
30500 161244 102398
30500 57726 24575
30500 42347 9648
30500 132237 90472
30500 105819 66560
30500 68805 35584
30500 145984 77046
30500 86662 43549
30500 40715 9571
30500 81740 49932
30500 66279 22729
30500 57733 26447
30500 56804 22715
30500 44380 9966
30500 58215 30133
30500 132431 60012
30500 77912 48450
30500 85326 25809
30500 66221 32291
30500 72589 37266
30500 78736 20647
30500 118462 76050
30500 140427 79006
30500 48888 11437
30500 56314 17245
30500 50775 16566
30500 141856 90012
30600 67096 34988
30600 99652 60867
30600 75405 36153
30600 123315 81028
30600 54186 21097
30600 117643 63428
30600 116122 75750
30600 127206 96406
30600 42327 10678
30600 72398 41251
30600 52551 18592
30600 36423 6425
30600 50321 19272
30600 44983 8754
30600 84424 50624
30600 96007 41519
30600 70877 9982
30600 62816 31606
30600 121541 88702
30600 91081 52629
30600 91611 60398
30600 80105 46756
30600 71494 33855
30600 52804 18191
30600 67865 35504
30600 47932 17672
30600 90989 28867
30600 119179 50057
30600 62552 24227
30600 77209 36772
30600 61828 32781
30600 82531 45900
30600 119527 59574
30600 102355 50046
30600 77863 41744
30600 55304 26350
30600 87439 52722
30600 76334 45424
30600 87950 43786
30600 86240 52883
30600 83142 46007
30600 71479 30736
30600 48438 16828
30600 71031 9044
30600 51013 18072
30600 114471 65846
30600 55498 24215
30600 92785 55693
30600 97182 41468
30600 85809 46968
30700 60325 21416
30700 71911 34848
30700 89626 46595
30700 65357 32887
30700 127183 65924
30700 50693 15351
30700 146650 112594
30700 75010 30914
30700 48203 13314
30700 160207 108006
30700 91101 60352
30700 62141 28283
30700 74537 36684
30700 124298 92005
30700 58092 16852
30700 120862 61600
30700 70611 13532
30700 80669 47310
30700 83176 52989
30700 113513 24527
30700 104654 76457
30700 51420 15563
30700 63284 20221
30700 113263 66891
30700 78088 27035
30700 64389 30992
30700 86017 20648
30700 71210 37305
30700 156986 103758
30700 60477 25206
30700 54626 24387
30700 120156 82436
30700 156810 115727
30700 87809 46916
30700 188288 117772
30700 49378 18610
30700 35730 7248
30700 47093 9884
30700 63724 26503
30700 92913 60987
30700 94012 48474
30700 50655 13784
30700 37838 6666
30700 47168 12654
30700 96917 68279
30700 94561 58073
30700 69826 35363
30700 118509 85136
30700 107702 49313
30700 83250 52594
30800 93394 50984
30800 87331 38569
30800 87612 40859
30800 63627 26218
30800 106525 65326
30800 96956 69251
30800 75495 40699
30800 106666 75233
30800 61885 21402
30800 81088 50942
30800 51315 21009
30800 66167 32164
30800 84037 27411
30800 52401 17997
30800 109930 71695
30800 80279 22416
30800 72093 27157
30800 85450 45104
30800 148953 105623
30800 39230 8534
30800 107478 56760
30800 65477 29272
30800 57066 27061
30800 94299 46070
30800 46845 17124
30800 83659 20493
30800 86328 34341
30800 45940 14008
30800 97919 66781
30800 117761 67751
30800 79380 37742
30800 71394 42521
30800 162922 124777
30800 66482 32410
30800 64917 30578
30800 72420 39785
30800 115472 73869
30800 85990 40329
30800 128624 80565
30800 56662 15502
30800 71430 39221
30800 55812 23795
30800 67013 35531
30800 109930 52861
30800 118289 53796
30800 65538 35683
30800 87152 50865
30800 78793 37853
30800 58102 27062
30800 108188 63176
30900 70044 33270
30900 56509 21265
30900 72590 28184
30900 74261 36840
30900 84210 47720
30900 157368 99733
30900 52784 13700
30900 62446 32996
30900 61567 32100
30900 99309 54251
30900 57760 25893
30900 142077 109264
30900 144149 82787
30900 97483 64961
30900 81744 45440
30900 79090 40763
30900 58001 29449
30900 62041 26232
30900 99499 66421
30900 87625 50023
30900 80396 49528
30900 78719 37307
30900 61129 26320
30900 77350 42847
30900 84620 43309
30900 59596 26257
30900 54197 18730
30900 66936 22309
30900 111893 77371
30900 79431 25485
30900 115906 70309
30900 84692 51432
30900 110596 63057
30900 80987 42855
30900 93494 58512
30900 71153 35873
30900 103230 63545
30900 117274 75300
30900 101364 48165
30900 66594 33668
30900 116161 77277
30900 60340 14247
30900 90388 52916
30900 80216 36560
30900 90607 54420
30900 80319 46945
30900 118001 63936
30900 97344 48611
30900 84771 53823
30900 101384 70693
31000 57399 20938
31000 55526 22044
31000 85389 54595
31000 36178 6938
31000 56010 22360
31000 75927 38453
31000 68848 27833
31000 135214 45131
31000 87435 47022
31000 103233 49827
31000 55809 25646
31000 93557 60289
31000 66184 29658
31000 74885 33433
31000 49446 13505
31000 99635 23145
31000 51294 13060
31000 70227 9261
31000 67373 33170
31000 69376 30237
31000 90179 56182
31000 65674 24176
31000 60232 21622
31000 153735 89999
31000 142788 85342
31000 46295 12197
31000 107408 57091
31000 68785 27066
31000 119266 72023
31000 78415 46515
31000 52160 17879
31000 120917 74552
31000 130608 60160
31000 83088 46468
31000 63635 30013
31000 74790 26529
31000 61563 20126
31000 73094 28068
31000 104904 73039
31000 68018 36791
31000 55273 21984
31000 147699 37000
31000 72133 30848
31000 62478 23168
31000 69437 36395
31000 105404 64257
31000 57954 27112
31000 81364 52317
31000 91023 52634
31000 52075 18130
31100 107912 62916
31100 94711 64454
31100 60575 31577
31100 116717 84693
31100 77062 44268
31100 41244 9622
31100 144623 90710
31100 83189 48262
31100 55405 22799
31100 166502 96350
31100 40407 7391
31100 79985 44668
31100 83416 26476
31100 58393 28144
31100 99661 69248
31100 80011 39198
31100 97146 57650
31100 46083 15700
31100 78919 43738
31100 41375 9538
31100 143507 89267
31100 141277 101767
31100 79312 38763
31100 40399 10695
31100 46993 11275
31100 53404 22368
31100 99829 66832
31100 108037 76595
31100 49966 18717
31100 67286 8331
31100 54767 24497
31100 75606 45058
31100 105979 68358
31100 68078 34556
31100 48275 13816
31100 73583 30874
31100 77673 48165
31100 72580 10865
31100 86497 30027
31100 130295 90969
31100 47083 14352
31100 81349 40297
31100 73335 39282
31100 69973 32487
31100 50644 15809
31100 71383 37754
31100 81979 48465
31100 119117 46144
31100 75313 28557
31100 110345 73419
31200 61521 20298
31200 57785 19339
31200 41858 10729
31200 54770 19260
31200 95198 49206
31200 89285 54202
31200 64569 31880
31200 92461 45354
31200 96956 54796
31200 74362 40888
31200 54853 21134
31200 78306 12480
31200 104850 47939
31200 50126 13778
31200 123639 77121
31200 54322 21010
31200 58663 21182
31200 66298 25745
31200 78934 35843
31200 75290 31024
31200 71287 39825
31200 104968 41683
31200 105600 28963
31200 94819 50083
31200 36119 7227
31200 157278 82909
31200 45642 13589
31200 100046 63166
31200 60943 29523
31200 125106 83940
31200 42203 12619
31200 38125 8418
31200 99788 51915
31200 81604 47720
31200 121149 72726
31200 65767 35583
31200 86329 52737
31200 60291 16852
31200 75206 15257
31200 66259 29055
31200 38543 7471
31200 60138 23578
31200 77166 42093
31200 92464 61195
31200 74086 41861
31200 150721 77423
31200 91614 50791
31200 89706 54158
31200 76084 29002
31200 110579 66034
31300 85599 21368
31300 69637 24138
31300 77229 29461
31300 60450 29014
31300 43954 15040
31300 70864 36644
31300 109760 78945
31300 41250 9493
31300 129775 85155
31300 70239 13052
31300 85904 55967
31300 106441 55849
31300 60660 26409
31300 74763 32986
31300 79611 13128
31300 76707 17650
31300 105691 31839
31300 53069 22794
31300 81649 11351
31300 99344 28616
31300 115796 75309
31300 53747 20045
31300 55813 16430
31300 87548 53647
31300 120262 84375
31300 111167 54570
31300 71195 10327
31300 99634 64709
31300 80135 39588
31300 89514 31473
31300 95608 49067
31300 65689 28486
31300 79636 48257
31300 170146 90215
31300 95033 39331
31300 38666 7400
31300 85160 46104
31300 70588 40244
31300 48443 13296
31300 68845 33389
31300 95738 31369
31300 102219 71464
31300 70297 12156
31300 67660 32902
31300 68531 31437
31300 46794 17684
31300 88273 52845
31300 43473 8905
31300 67345 23297
31300 43013 10539
31400 58393 27182
31400 85088 51775
31400 82041 41554
31400 84830 43904
31400 77909 42551
31400 58781 19593
31400 137450 94797
31400 105217 41657
31400 92205 51816
31400 80157 42956
31400 96328 8158
31400 98026 62890
31400 94183 62910
31400 80801 47768
31400 70149 21913
31400 79562 41755
31400 78268 43982
31400 97729 37516
31400 65909 36203
31400 77584 40798
31400 81812 40556
31400 52542 20677
31400 78076 42709
31400 75507 34867
31400 108753 72883
31400 161149 89054
31400 64430 29263
31400 82798 47015
31400 37309 6875
31400 127959 84032
31400 56366 24214
31400 53107 16186
31400 101663 35745
31400 92721 50796
31400 90973 37407
31400 92303 57765
31400 113099 70947
31400 70782 28313
31400 125154 75789
31400 65081 30924
31400 110629 67189
31400 98966 65097
31400 91090 55420
31400 44978 13835
31400 67777 34056
31400 76398 36910
31400 46744 12909
31400 35798 6898
31400 81741 41153
31400 44555 9606
31500 98132 52680
31500 147574 94832
31500 76000 45256
31500 102085 62831
31500 114078 73831
31500 126304 69844
31500 59943 20494
31500 45238 15655
31500 69610 9023
31500 54917 18279
31500 136596 56481
31500 43992 10960
31500 105585 65381
31500 76721 40386
31500 106215 43370
31500 76951 41530
31500 81342 47011
31500 124228 81407
31500 94074 33538
31500 65283 31150
31500 81036 41619
31500 49715 13827
31500 41913 10600
31500 53104 20245
31500 94155 48082
31500 88222 40937
31500 93907 41647
31500 61712 27423
31500 73602 34108
31500 80610 49234
31500 39409 9072
31500 45087 15946
31500 95292 24155
31500 62981 25314
31500 92110 54003
31500 66655 35607
31500 56572 21572
31500 52027 18043
31500 125329 59836
31500 66478 31620
31500 136471 78604
31500 75894 45613
31500 100684 53648
31500 77494 43472
31500 53084 22090
31500 110700 71605
31500 89849 28365
31500 116595 81916
31500 66297 35566
31500 64369 29367
31600 109854 51426
31600 78960 35499
31600 62800 27669
31600 82352 48297
31600 82960 52092
31600 60758 26127
31600 114076 75091
31600 97292 58820
31600 114920 81713
31600 51968 19815
31600 55524 16750
31600 84443 48296
31600 125827 91768
31600 117428 80408
31600 90747 56343
31600 53590 19973
31600 89670 26137
31600 64455 6615
31600 104068 39420
31600 80030 44630
31600 92928 55904
31600 75638 33978
31600 62672 24213
31600 105951 27886
31600 39954 8665
31600 97908 65901
31600 43772 12093
31600 91912 36929
31600 79207 44754
31600 45416 8197
31600 53729 21661
31600 81178 50855
31600 48254 17560
31600 72432 29368
31600 110366 50062
31600 128963 98027
31600 113831 70151
31600 103350 55360
31600 95795 61300
31600 98387 65343
31600 119745 78126
31600 36696 6436
31600 67551 34083
31600 46804 13800
31600 119416 74364
31600 43692 8765
31600 64555 29080
31600 61681 30163
31600 111710 64226
31600 139932 94228
31700 108927 78386
31700 78241 17958
31700 65031 27891
31700 55741 20749
31700 77342 36614
31700 114749 56009
31700 85722 53821
31700 99983 58301
31700 51343 20182
31700 61541 24325
31700 87344 44941
31700 53517 18176
31700 95064 49709
31700 94684 36596
31700 44793 9848
31700 100182 28887
31700 84882 52569
31700 85046 51558
31700 44770 13969
31700 66726 31572
31700 82663 49689
31700 71132 39662
31700 70474 32217
31700 104137 41017
31700 61914 25399
31700 92214 55127
31700 78617 49357
31700 114453 47448
31700 73405 23575
31700 53118 12927
31700 118308 88722
31700 70223 35459
31700 94026 61726
31700 45766 12321
31700 68851 29558
31700 54139 18382
31700 69649 34256
31700 54867 18682
31700 66977 37594
31700 62911 21896
31700 82621 53403
31700 123259 52135
31700 104161 58151
31700 62703 31044
31700 156317 99723
31700 74627 39436
31700 60912 28447
31700 46805 8500
31700 93613 40121
31700 41866 9447
31800 133403 91881
31800 83795 45057
31800 65381 31881
31800 48291 14216
31800 51987 14476
31800 103162 67490
31800 60392 23094
31800 139581 65318
31800 93796 63604
31800 99254 35504
31800 76629 34068
31800 78838 41565
31800 98118 43461
31800 119466 81296
31800 51381 15648
31800 41230 9851
31800 59735 23513
31800 86943 40424
31800 103404 61715
31800 120488 72864
31800 74359 30828
31800 48061 14837
31800 62589 27893
31800 115052 54497
31800 41903 10911
31800 107111 46505
31800 68374 31094
31800 64182 17658
31800 59788 30437
31800 68140 33210
31800 58615 21751
31800 48505 13910
31800 118573 79407
31800 97852 44774
31800 67503 33313
31800 96447 52676
31800 97608 65543
31800 44067 11826
31800 116713 71283
31800 58448 28740
31800 62132 31334
31800 101441 65669
31800 56764 25568
31800 108944 44291
31800 41654 8017
31800 108220 43894
31800 107054 67320
31800 84546 38281
31800 88918 45102
31800 133342 61930
31900 104012 68589
31900 106139 43819
31900 51559 20888
31900 82842 51658
31900 77954 27824
31900 58801 20861
31900 81251 44101
31900 52468 20536
31900 149085 117106
31900 50148 12039
31900 180421 139535
31900 67073 36599
31900 51022 21400
31900 92445 43562
31900 57587 17741
31900 108540 37297
31900 67271 24881
31900 61402 23826
31900 40666 9769
31900 42580 8523
31900 91229 40043
31900 94669 33638
31900 84456 30925
31900 42664 10218
31900 115882 70090
31900 45554 11879
31900 45886 13098
31900 58500 27100
31900 103657 44898
31900 136854 46038
31900 93713 49395
31900 76435 24647
31900 101758 42018
31900 71609 38747
31900 120658 78457
31900 53089 20059
31900 47935 14876
31900 87563 56909
31900 137752 87588
31900 156516 87353
31900 125558 90377
31900 42180 12745
31900 101589 35217
31900 48040 11798
31900 78282 38142
31900 51720 14357
31900 61102 22105
31900 89676 57599
31900 68525 32495
31900 61720 23211
32000 88201 58090
32000 124615 77815
32000 36199 6957
32000 66080 23275
32000 85184 47227
32000 42004 7924
32000 60425 24275
32000 73704 35391
32000 61171 24548
32000 72597 38370
32000 97919 58859
32000 79761 38276
32000 102620 68952
32000 58803 24499
32000 71280 32373
32000 109106 72588
32000 108627 77382
32000 56050 18631
32000 71866 28609
32000 122120 46404
32000 133867 55734
32000 116551 60991
32000 74041 40205
32000 75325 35896
32000 86047 38797
32000 42277 12836
32000 51088 19268
32000 101861 71634
32000 149871 96055
32000 73426 34010
32000 92102 41437
32000 72444 41289
32000 103408 40601
32000 90924 49468
32000 126357 87605
32000 135029 68929
32000 112450 78268
32000 70144 36553
32000 44024 11615
32000 90014 39401
32000 62677 18909
32000 71994 24738
32000 45924 10701
32000 125924 85575
32000 98647 61551
32000 74400 39873
32000 41257 11757
32000 61196 21076
32000 70822 35150
32000 78907 30193
32100 67732 35374
32100 79291 37903
32100 136346 68463
32100 77075 13394
32100 86641 48525
32100 67762 26208
32100 73407 33975
32100 76842 39184
32100 58616 16303
32100 102245 36044
32100 62691 27283
32100 66534 21505
32100 47759 15750
32100 60834 25705
32100 70162 25690
32100 51010 14313
32100 76205 35434
32100 88619 27574
32100 130733 69711
32100 108431 65675
32100 59318 26631
32100 50397 17642
32100 92786 49029
32100 96216 54802
32100 56626 15466
32100 135544 94448
32100 112495 47137
32100 69025 37348
32100 78068 32170
32100 144483 71642
32100 105310 66471
32100 100423 66555
32100 110149 61686
32100 106745 57673
32100 64968 22982
32100 63402 23620
32100 96192 57169
32100 107370 67997
32100 74038 38228
32100 98511 43826
32100 50894 12076
32100 75206 16905
32100 123869 76878
32100 84728 45585
32100 68721 39069
32100 61663 22281
32100 82548 47354
32100 104274 59662
32100 171658 111064
32100 83297 46200
32200 72893 28396
32200 88153 28581
32200 165555 80544
32200 66345 33162
32200 55856 18133
32200 144920 71923
32200 43582 11859
32200 75372 37533
32200 62656 18286
32200 137292 44986
32200 72043 33871
32200 49084 17824
32200 100822 65367
32200 115070 64048
32200 79007 41245
32200 59876 20542
32200 71212 33302
32200 58252 20864
32200 103971 68504
32200 100663 60746
32200 106406 45379
32200 45969 11842
32200 99689 47973
32200 108302 52212
32200 125208 44830
32200 88422 52333
32200 48297 15663
32200 62046 25469
32200 66500 17754
32200 53676 15862
32200 76158 42604
32200 89939 32891
32200 111801 74172
32200 94733 53183
32200 82036 39845
32200 80263 42949
32200 70008 7086
32200 50744 10886
32200 57390 24559
32200 143916 109220
32200 82675 48810
32200 88898 54049
32200 93639 60463
32200 43428 8738
32200 69443 35691
32200 49705 15068
32200 63435 33150
32200 145634 76388
32200 50786 11291
32200 67113 31488
32300 80149 35869
32300 90323 15064
32300 75672 37814
32300 69588 26793
32300 60134 14915
32300 110518 60294
32300 126676 89222
32300 72464 27452
32300 96727 57683
32300 90641 46653
32300 89257 47189
32300 95015 52630
32300 89992 44632
32300 92926 28574
32300 79837 18202
32300 88451 55027
32300 88258 35795
32300 72319 23301
32300 84039 23739
32300 74836 34032
32300 86605 15336
32300 142399 81162
32300 118524 47581
32300 41125 8047
32300 127523 64091
32300 87087 43911
32300 55607 18463
32300 106240 14969
32300 146128 62223
32300 86794 41014
32300 119922 79247
32300 121315 85417
32300 72526 42728
32300 78539 35445
32300 100931 70547
32300 92718 48270
32300 95093 62386
32300 145157 89266
32300 56288 16386
32300 101459 56634
32300 128444 35921
32300 61040 25294
32300 123102 58247
32300 68254 38225
32300 94682 63360
32300 97816 40142
32300 88420 46800
32300 51501 15735
32300 89743 31667
32300 104333 61887
32400 72638 34900
32400 50881 14261
32400 42372 9812
32400 129943 95635
32400 61431 28825
32400 99474 64037
32400 69474 34665
32400 86691 53677
32400 62211 25525
32400 132463 72069
32400 158360 97835
32400 66202 23432
32400 138031 85270
32400 83249 34447
32400 99408 58762
32400 131458 67082
32400 75106 36295
32400 128504 71989
32400 39036 8361
32400 88913 52892
32400 61041 20472
32400 91503 57423
32400 52826 17137
32400 86133 41061
32400 73645 34624
32400 100149 44673
32400 129362 91010
32400 80265 32919
32400 74279 40082
32400 83491 39110
32400 116668 79154
32400 86139 49395
32400 94088 53561
32400 112536 71770
32400 88446 43578
32400 56271 20003
32400 126726 92129
32400 108993 71460
32400 73753 38029
32400 164526 107189
32400 71222 34480
32400 106563 32654
32400 78133 33008
32400 68689 29975
32400 101764 62389
32400 79931 46670
32400 100743 69775
32400 109265 58283
32400 57753 24068
32400 101072 44568
32500 60813 19158
32500 67362 35031
32500 76861 11843
32500 68751 23417
32500 43844 12017
32500 87466 25032
32500 43386 11667
32500 82144 23236
32500 118722 63736
32500 104035 51248
32500 79115 42263
32500 108991 30753
32500 90135 54531
32500 72335 33158
32500 57530 15052
32500 109297 69321
32500 103735 53005
32500 77562 40242
32500 92542 48444
32500 133865 80779
32500 84487 45397
32500 115036 80854
32500 42011 10601
32500 95618 42303
32500 130166 83381
32500 94824 52956
32500 80093 46717
32500 78327 44760
32500 55366 25706
32500 81909 40911
32500 117695 54889
32500 47602 9727
32500 56639 25858
32500 69408 36486
32500 95892 47265
32500 156147 126319
32500 113095 44920
32500 83321 46328
32500 89839 52037
32500 125126 66802
32500 105743 72680
32500 70966 30831
32500 88181 35465
32500 65328 26081
32500 42762 10958
32500 61409 27069
32500 73435 41301
32500 73902 39347
32500 96071 62181
32500 125507 78712
32600 93669 52706
32600 158193 85513
32600 67431 32684
32600 81932 43804
32600 53191 11677
32600 118880 51656
32600 170545 106718
32600 142011 95024
32600 72648 29289
32600 80518 47122
32600 113755 77351
32600 117223 72519
32600 107060 69589
32600 74797 31907
32600 101497 58231
32600 152001 96788
32600 99677 63049
32600 64277 25925
32600 66849 29381
32600 87031 47576
32600 65058 28782
32600 101245 60673
32600 146010 79735
32600 58138 18545
32600 200299 139167
32600 118446 73589
32600 58683 12657
32600 147494 106710
32600 80919 19843
32600 107197 27544
32600 105449 43317
32600 98206 58459
32600 65099 21637
32600 90909 56367
32600 101418 68002
32600 107225 75380
32600 70070 25688
32600 44316 11636
32600 65101 28130
32600 84727 46440
32600 92035 54533
32600 79641 48004
32600 65569 29199
32600 67848 26742
32600 111325 72739
32600 93634 56403
32600 95197 45192
32600 82592 47247
32600 79764 39606
32600 122632 83596
32700 65869 29244
32700 50402 16943
32700 89794 45149
32700 53157 13705
32700 59617 23726
32700 67903 24883
32700 44630 9076
32700 70787 33186
32700 80096 48033
32700 95341 60755
32700 82865 29650
32700 108143 42248
32700 95304 59998
32700 67153 24088
32700 53032 21704
32700 61731 26752
32700 102742 46485
32700 94002 50483
32700 52633 15166
32700 46355 11323
32700 59156 26470
32700 78672 9395
32700 51090 12079
32700 50973 21180
32700 103141 38295
32700 125464 89972
32700 116665 79398
32700 87195 23214
32700 114791 46377
32700 95759 33025
32700 91527 53590
32700 76584 42999
32700 67042 15629
32700 90528 47246
32700 74993 36927
32700 92988 46200
32700 98301 45119
32700 106570 64375
32700 102717 72040
32700 71708 37672
32700 91699 55797
32700 108127 35544
32700 61086 18254
32700 80626 16293
32700 42532 7172
32700 113055 69317
32700 81703 31331
32700 70364 37036
32700 125292 91089
32700 73247 35377
32800 135133 79772
32800 58618 25514
32800 95101 37035
32800 124835 67044
32800 87678 54727
32800 50647 15481
32800 87099 55145
32800 84564 37431
32800 143804 81949
32800 95119 46901
32800 112931 54909
32800 127967 61215
32800 53792 22287
32800 113103 77669
32800 69376 9317
32800 145509 81847
32800 93657 26133
32800 50709 19835
32800 64521 30649
32800 85534 44522
32800 115125 71415
32800 77315 32835
32800 71263 37281
32800 123766 63512
32800 97644 55418
32800 118287 78524
32800 143624 73494
32800 102959 63692
32800 89143 52870
32800 57623 23587
32800 140463 72680
32800 66388 26367
32800 82479 17194
32800 98635 61465
32800 102311 64985
32800 96328 48048
32800 85974 30423
32800 72150 40289
32800 80862 21250
32800 54522 23569
32800 126734 53698
32800 78915 38748
32800 88882 37968
32800 79832 50330
32800 87208 42789
32800 124946 88824
32800 57451 18805
32800 88195 49914
32800 97947 50619
32800 99417 37986
32900 88561 44530
32900 142258 88224
32900 108971 74889
32900 63219 33390
32900 57129 24997
32900 77813 34605
32900 41536 11467
32900 52222 16509
32900 137295 77526
32900 78536 41996
32900 77983 47757
32900 63956 23962
32900 94444 48938
32900 79987 26863
32900 83248 35871
32900 46529 11791
32900 97592 64785
32900 103084 69639
32900 67164 32423
32900 68329 24474
32900 135125 71575
32900 57594 24946
32900 75265 33236
32900 68869 31892
32900 62842 31861
32900 81991 48165
32900 149723 109763
32900 36862 6976
32900 63934 29314
32900 72553 24633
32900 129670 62413
32900 45078 11451
32900 59101 17850
32900 75251 42016
32900 141926 57096
32900 69472 29862
32900 68841 30017
32900 91597 49427
32900 110439 76785
32900 82595 17718
32900 141747 98917
32900 66735 20692
32900 100145 62318
32900 81846 32944
32900 99720 55487
32900 49020 13596
32900 68795 33187
32900 130339 66602
32900 139472 98379
32900 97125 52965
33000 51966 12163
33000 51820 14115
33000 83620 44296
33000 96004 58038
33000 116241 70363
33000 120811 65465
33000 45142 10463
33000 46210 12014
33000 147585 65411
33000 126522 83613
33000 39884 8048
33000 127398 90393
33000 67916 35595
33000 53342 21082
33000 96191 51154
33000 53617 16939
33000 69388 34732
33000 106250 66659
33000 91013 51676
33000 56467 17486
33000 115648 47340
33000 77613 10280
33000 46809 12631
33000 41257 9786
33000 74778 37147
33000 102928 52879
33000 67107 33659
33000 121189 49444
33000 82873 42739
33000 86592 39799
33000 153472 76800
33000 77010 44281
33000 104934 62538
33000 65787 31527
33000 51071 12038
33000 106871 67680
33000 46135 14498
33000 68437 30957
33000 86318 49401
33000 57598 13940
33000 61850 28686
33000 109320 71123
33000 185714 120205
33000 94296 46690
33000 60253 19544
33000 139384 83813
33000 95395 52257
33000 112320 71713
33000 99404 58342
33000 54490 12857
33100 73766 42086
33100 123017 50275
33100 64637 24874
33100 111627 45022
33100 51869 15484
33100 107434 62185
33100 125248 71530
33100 102052 32855
33100 76968 41232
33100 58479 25382
33100 50602 18979
33100 88106 36846
33100 54660 10309
33100 39068 8205
33100 75936 34205
33100 106981 50106
33100 58811 19313
33100 97396 49323
33100 78213 43499
33100 45755 8594
33100 68680 25719
33100 116625 71471
33100 73427 42890
33100 75034 39526
33100 101230 66473
33100 74680 30396
33100 51169 18109
33100 71196 32535
33100 71290 6727
33100 84976 52559
33100 236107 85083
33100 61534 28421
33100 95963 42531
33100 94234 50708
33100 64968 32079
33100 58262 22210
33100 128595 67765
33100 80180 43282
33100 74247 43440
33100 89109 48008
33100 77366 37580
33100 110705 70106
33100 115417 58084
33100 205898 88878
33100 96023 47097
33100 84123 24008
33100 64618 29922
33100 79987 46188
33100 95345 40234
33100 129817 95595
33200 90962 50308
33200 79689 44836
33200 85716 50847
33200 100694 63765
33200 50788 11249
33200 68639 32653
33200 113885 80738
33200 49275 12704
33200 56158 18116
33200 94256 46594
33200 72900 38225
33200 129724 79164
33200 86531 49284
33200 64856 28629
33200 92989 28164
33200 57037 17101
33200 38447 7508
33200 108975 75629
33200 115200 53323
33200 49752 15447
33200 64793 32899
33200 86164 39896
33200 90106 44298
33200 130920 39287
33200 75222 40472
33200 84522 48083
33200 104159 64229
33200 80477 44270
33200 69185 36275
33200 75473 39727
33200 78497 17530
33200 85735 51657
33200 132992 90560
33200 91129 51281
33200 91283 51515
33200 84097 49825
33200 100473 48108
33200 58515 22317
33200 61815 14123
33200 78398 35800
33200 46271 10806
33200 127750 58923
33200 58579 23821
33200 84660 40402
33200 133510 98299
33200 84869 40625
33200 109192 77222
33200 109049 75846
33200 104564 38026
33200 74113 32894
33300 125320 34335
33300 76238 25448
33300 135423 86645
33300 135331 88626
33300 79879 40414
33300 92376 55917
33300 68941 26499
33300 53933 18304
33300 59597 21449
33300 119010 76695
33300 64144 23871
33300 65972 33570
33300 69210 28565
33300 64163 28695
33300 81471 41385
33300 88511 54067
33300 77756 41024
33300 98711 62531
33300 120735 76967
33300 50045 16098
33300 87247 42600
33300 95092 41505
33300 64552 28410
33300 48401 10602
33300 139627 92814
33300 60364 26993
33300 141284 72605
33300 59595 25489
33300 108180 56942
33300 105340 68532
33300 73519 27536
33300 167066 84830
33300 116075 68271
33300 84316 28430
33300 119922 78062
33300 100798 68487
33300 44595 7250
33300 91476 45169
33300 77810 31968
33300 109950 78339
33300 112726 43583
33300 93781 53155
33300 103979 44460
33300 208227 160342
33300 49093 12469
33300 62656 23628
33300 69805 30998
33300 55807 18150
33300 108237 56008
33300 78781 46341
33400 94631 44367
33400 118818 65127
33400 82413 34256
33400 57936 20342
33400 67937 36202
33400 108073 70786
33400 121875 74184
33400 80672 46760
33400 124486 80474
33400 173544 90892
33400 81778 33090
33400 47003 16395
33400 76137 37780
33400 92640 48145
33400 56319 18041
33400 74156 35942
33400 85200 34561
33400 68245 26750
33400 75545 41020
33400 61990 24096
33400 78233 34061
33400 48938 18089
33400 102923 57874
33400 101163 46965
33400 83476 43767
33400 180992 106121
33400 80507 47001
33400 173418 105085
33400 187485 143082
33400 50878 19316
33400 108165 71055
33400 158796 123396
33400 85512 40712
33400 82478 42278
33400 90424 56726
33400 53643 19866
33400 70269 35637
33400 96074 63723
33400 82690 44600
33400 76341 30014
33400 89528 50603
33400 102704 44090
33400 62454 23474
33400 140028 90956
33400 118026 55590
33400 78304 47605
33400 74699 31787
33400 85829 43133
33400 99132 62247
33400 66051 31270
33500 109885 47244
33500 72404 38025
33500 89616 54146
33500 87844 48332
33500 84672 32367
33500 97154 47650
33500 69672 21869
33500 90094 33759
33500 78548 41711
33500 88868 33028
33500 74661 32444
33500 79979 31508
33500 91377 57578
33500 56852 25050
33500 115511 81238
33500 121719 67145
33500 85864 39593
33500 63447 25434
33500 50995 17793
33500 92064 55924
33500 70673 35472
33500 115742 58482
33500 101949 46276
33500 90883 50165
33500 51658 12838
33500 53648 18471
33500 122417 62738
33500 100023 66985
33500 125032 82419
33500 73389 35081
33500 107868 70343
33500 87385 53814
33500 172432 110558
33500 77048 27437
33500 68724 34222
33500 89696 47546
33500 159635 74514
33500 92568 51770
33500 92875 58343
33500 61236 22936
33500 67236 28201
33500 132503 42583
33500 85584 51277
33500 48543 10785
33500 99506 31916
33500 84334 42378
33500 43824 8609
33500 114341 75363
33500 104751 57442
33500 74590 35029
33600 80724 47947
33600 66121 27747
33600 122166 75793
33600 78877 34892
33600 182064 91005
33600 81202 46882
33600 105800 70111
33600 48375 16846
33600 86603 40298
33600 87824 38367
33600 89633 58720
33600 66246 26278
33600 145535 77636
33600 82079 46929
33600 117083 78605
33600 115891 41340
33600 53373 18954
33600 107993 76366
33600 82599 17851
33600 130800 69977
33600 111711 33166
33600 73634 36280
33600 92226 42948
33600 87856 43557
33600 85326 36799
33600 67024 24807
33600 63921 25750
33600 169025 73970
33600 135678 69229
33600 71649 30846
33600 51142 14265
33600 96837 49397
33600 89259 57796
33600 48796 13347
33600 104853 68795
33600 102454 37784
33600 81528 49839
33600 67932 34833
33600 127915 69023
33600 160679 105783
33600 81433 46221
33600 98350 55846
33600 117342 77035
33600 91707 31137
33600 77151 43386
33600 106011 50881
33600 53319 18035
33600 106775 48832
33600 44500 10224
33600 72829 38306
33700 42366 10667
33700 46498 12002
33700 121261 49671
33700 81256 22601
33700 44019 8515
33700 133439 67171
33700 118907 75335
33700 64853 29394
33700 96179 39727
33700 96123 54304
33700 69236 35188
33700 114065 53126
33700 120148 75936
33700 114924 72172
33700 146147 105174
33700 62714 25485
33700 63581 21873
33700 55350 12116
33700 91263 56093
33700 84142 47548
33700 111664 79821
33700 66454 32095
33700 95220 57482
33700 51657 14225
33700 46854 12280
33700 64404 30115
33700 61649 14799
33700 96879 58416
33700 76792 29916
33700 69888 24765
33700 81655 43789
33700 66123 28884
33700 131275 31522
33700 97373 65495
33700 87755 41441
33700 89870 47582
33700 103035 57442
33700 72186 29377
33700 85371 46722
33700 65758 29575
33700 43683 9398
33700 72486 10701
33700 73035 30015
33700 67220 31870
33700 85763 13806
33700 141115 84407
33700 76137 37709
33700 94405 61735
33700 62258 27952
33700 101258 57500
33800 135812 76391
33800 76205 39363
33800 72337 36439
33800 62901 30049
33800 131623 61305
33800 61743 22301
33800 92343 18267
33800 54641 21835
33800 75291 27398
33800 50748 16009
33800 104477 66941
33800 72501 26152
33800 52405 18376
33800 72184 37700
33800 120272 81374
33800 165511 94711
33800 156562 112967
33800 151347 104084
33800 69952 25831
33800 72422 35143
33800 55779 23951
33800 58236 20847
33800 62165 25150
33800 116213 54250
33800 86677 45639
33800 47328 13696
33800 209907 106997
33800 118870 81071
33800 68428 31894
33800 59725 26048
33800 63439 22089
33800 60175 23910
33800 64861 30382
33800 66167 29120
33800 72539 41707
33800 84734 37415
33800 87521 49144
33800 49158 15223
33800 69615 30238
33800 175330 111998
33800 88484 52300
33800 129741 54469
33800 67059 32978
33800 56680 16458
33800 87512 55375
33800 110316 41551
33800 133182 63933
33800 47954 9323
33800 59676 18428
33800 103512 68376
33900 104961 60891
33900 73973 21266
33900 76203 35016
33900 158953 89992
33900 80258 12113
33900 99258 66860
33900 119301 80207
33900 137509 101563
33900 69157 19077
33900 137134 71312
33900 73083 32994
33900 121470 85231
33900 138359 82245
33900 43399 9696
33900 83902 42884
33900 76032 34004
33900 83327 47582
33900 61381 19926
33900 86159 50176
33900 89359 50911
33900 51612 12297
33900 97654 61290
33900 48065 9473
33900 128027 59815
33900 85545 21143
33900 106956 69994
33900 88816 50880
33900 118253 71699
33900 102898 50263
33900 83316 51563
33900 56520 23524
33900 114279 70969
33900 127817 45047
33900 50371 13796
33900 76453 40704
33900 147977 110459
33900 59638 24219
33900 150494 116728
33900 47550 14260
33900 82986 45274
33900 69857 34631
33900 88663 26914
33900 121577 88624
33900 124905 72019
33900 53612 16248
33900 58186 18483
33900 94405 42528
33900 131334 82158
33900 78960 29598
33900 70129 39109
34000 60379 22960
34000 44216 9795
34000 128476 86291
34000 73246 39609
34000 116340 52819
34000 77761 44347
34000 102873 35789
34000 62470 20643
34000 77306 14540
34000 61038 18949
34000 137202 93009
34000 131657 54004
34000 42392 9133
34000 86840 44879
34000 143320 107655
34000 75007 36608
34000 78303 37939
34000 108544 76832
34000 116705 54663
34000 64529 29614
34000 133196 61994
34000 108509 62074
34000 77187 35571
34000 57959 19963
34000 74699 39293
34000 71753 28113
34000 86133 48113
34000 64917 29831
34000 105221 38608
34000 55478 17932
34000 142789 83232
34000 37891 6974
34000 90304 43407
34000 70376 30923
34000 177409 95107
34000 109881 75918
34000 80937 42152
34000 67456 26709
34000 98092 54547
34000 50102 13814
34000 87986 36029
34000 60140 22424
34000 115007 73657
34000 175672 121006
34000 96378 62389
34000 96763 60109
34000 95257 53808
34000 86079 50961
34000 110039 56673
34000 73585 37986
34100 98718 55393
34100 81771 22451
34100 89133 40182
34100 41138 6953
34100 51784 15135
34100 97221 57481
34100 92269 56030
34100 80303 45886
34100 60122 21547
34100 108496 66486
34100 60235 24385
34100 53933 17963
34100 59183 21874
34100 65494 29746
34100 188943 147049
34100 86234 38276
34100 128040 67321
34100 72931 32261
34100 123384 61509
34100 101808 62572
34100 93204 26519
34100 58863 23542
34100 94169 23464
34100 80296 37506
34100 140549 94709
34100 47238 9621
34100 41026 8678
34100 94888 61392
34100 138868 42986
34100 83865 43181
34100 131645 80823
34100 57398 19484
34100 59925 27089
34100 45090 13448
34100 69350 33996
34100 84213 40972
34100 128504 56630
34100 81976 14616
34100 86010 44609
34100 84885 49356
34100 56511 22101
34100 124745 84322
34100 96044 52670
34100 62338 28151
34100 64491 31955
34100 88378 29440
34100 77598 37699
34100 124867 62664
34100 67362 36209
34100 122752 79650
34200 132714 66727
34200 94954 48114
34200 84257 47253
34200 109450 73716
34200 87537 32719
34200 77975 39208
34200 95856 57569
34200 138859 72159
34200 103454 66063
34200 107367 54479
34200 63128 21705
34200 99265 36689
34200 59385 22551
34200 128521 85971
34200 62060 12580
34200 104070 65860
34200 122682 61333
34200 75392 30275
34200 66512 33298
34200 51358 11848
34200 167009 103540
34200 61046 19376
34200 120172 60845
34200 99419 61994
34200 43790 7500
34200 108327 65231
34200 118765 86478
34200 130986 52689
34200 130532 85929
34200 155556 107261
34200 74645 34959
34200 53465 15549
34200 55617 22242
34200 85712 44785
34200 167790 132790
34200 109459 69788
34200 89398 51700
34200 67170 32291
34200 115863 75879
34200 74934 40398
34200 54279 20269
34200 137049 45381
34200 86681 20131
34200 67206 25729
34200 59168 27063
34200 69115 35970
34200 58795 21896
34200 61286 22849
34200 63001 19303
34200 68554 29987
34300 77022 40228
34300 83401 34099
34300 147393 110787
34300 148284 107175
34300 70449 35936
34300 41821 8151
34300 94422 59782
34300 119346 65862
34300 96593 24674
34300 97339 57528
34300 62591 23373
34300 63805 28744
34300 160704 113907
34300 60656 22621
34300 91289 17306
34300 122964 40811
34300 69410 32928
34300 71735 32071
34300 64350 32386
34300 150101 100608
34300 84311 38286
34300 50990 17944
34300 52917 13824
34300 165807 111634
34300 87547 46484
34300 89584 43988
34300 89410 24102
34300 181790 107683
34300 134730 50398
34300 63595 25139
34300 72094 34923
34300 48256 14805
34300 69775 31244
34300 116816 55599
34300 52619 21106
34300 122341 62173
34300 132049 72657
34300 71371 38940
34300 62782 23749
34300 127241 83321
34300 103840 61451
34300 50971 12618
34300 101489 69703
34300 98141 64124
34300 68467 27463
34300 86529 17468
34300 96950 31735
34300 74015 40205
34300 83196 46322
34300 60645 21443
34400 163419 39960
34400 82365 35495
34400 108432 58252
34400 83102 46272
34400 68618 27777
34400 41433 7733
34400 122383 62731
34400 93903 54270
34400 60166 20187
34400 65262 23767
34400 50761 13986
34400 74535 33988
34400 153297 93743
34400 168214 93230
34400 108560 51862
34400 111904 60158
34400 104345 64426
34400 135299 78996
34400 60908 25415
34400 55034 21324
34400 72598 7265
34400 57833 17005
34400 61864 16477
34400 71352 25277
34400 106499 54141
34400 66286 28543
34400 104225 51135
34400 111899 76571
34400 41637 8606
34400 44428 8395
34400 92321 42305
34400 81566 41772
34400 81902 37931
34400 102196 53173
34400 61838 24278
34400 62536 27441
34400 83036 38624
34400 83556 37846
34400 102180 46396
34400 98640 59253
34400 81386 39364
34400 119396 69207
34400 87308 21174
34400 96283 46240
34400 91273 49701
34400 135105 70324
34400 98465 44523
34400 111281 40366
34400 173874 89072
34400 138806 78136
34500 108246 66868
34500 76629 39785
34500 99183 45556
34500 60904 18425
34500 103308 29696
34500 46629 11907
34500 145390 67849
34500 103624 39343
34500 109432 46831
34500 66641 28165
34500 97260 53596
34500 114029 31537
34500 76344 31842
34500 63025 25331
34500 128805 86617
34500 120234 80482
34500 47432 7880
34500 52681 13731
34500 70860 34497
34500 97247 56511
34500 62637 15426
34500 70138 28516
34500 69405 30442
34500 72289 35340
34500 81392 19085
34500 81914 45836
34500 112226 67043
34500 106645 55307
34500 117158 75850
34500 53245 15324
34500 47969 11983
34500 63383 18612
34500 113257 70824
34500 107887 74503
34500 111184 39009
34500 52282 17056
34500 55867 18954
34500 76471 34541
34500 67109 28073
34500 101739 54617
34500 52725 17660
34500 68425 26918
34500 127166 67816
34500 65078 22134
34500 162298 99307
34500 86458 47955
34500 66422 33950
34500 103181 70248
34500 91071 33167
34500 58250 22095
34600 102876 58030
34600 125330 91557
34600 83598 38943
34600 107967 71835
34600 104184 25213
34600 87618 42814
34600 147830 111011
34600 72449 25685
34600 87891 40998
34600 108564 64812
34600 58729 12883
34600 58918 22349
34600 137162 72293
34600 112605 56560
34600 44571 9141
34600 131434 60432
34600 60469 13371
34600 142393 93125
34600 76581 42383
34600 98181 40967
34600 79369 37397
34600 94763 55844
34600 96508 52528
34600 110658 58055
34600 82544 44392
34600 169753 94244
34600 92343 50090
34600 171756 138563
34600 119472 73462
34600 148792 104409
34600 117145 83512
34600 64981 23520
34600 90656 42807
34600 49200 10685
34600 98411 67144
34600 93142 52860
34600 103333 62698
34600 103442 37475
34600 76287 38097
34600 112867 66144
34600 78559 41287
34600 82607 11031
34600 62500 12750
34600 120502 79063
34600 116539 74550
34600 75140 37847
34600 56865 16598
34600 50970 19241
34600 58470 22530
34600 146773 110659
34700 102926 20589
34700 143530 38753
34700 51355 12220
34700 110467 51640
34700 50967 14087
34700 97040 61679
34700 132410 98391
34700 96925 49267
34700 86669 54023
34700 77913 30050
34700 110431 54861
34700 102536 55781
34700 62675 22026
34700 124191 79757
34700 71754 35631
34700 56248 17651
34700 70990 27203
34700 113748 44169
34700 77351 31092
34700 144942 89446
34700 81973 29661
34700 79767 43602
34700 69558 5369
34700 58557 20250
34700 57122 19988
34700 47491 7978
34700 123610 67323
34700 53457 10144
34700 95379 31696
34700 104279 42977
34700 101247 59887
34700 76383 39009
34700 46136 9512
34700 54336 21300
34700 67422 25480
34700 52872 19012
34700 99985 55361
34700 97324 29709
34700 51964 14095
34700 68335 24644
34700 78151 42403
34700 123199 61524
34700 66014 27807
34700 81453 43404
34700 125816 53337
34700 110761 76914
34700 102178 50883
34700 93904 55317
34700 59315 13667
34700 71117 37976
34800 134913 70179
34800 60093 21527
34800 79422 33859
34800 93355 51042
34800 78661 35060
34800 79132 40569
34800 160914 51807
34800 66187 28131
34800 95793 60200
34800 64179 20786
34800 83987 42363
34800 59757 12606
34800 84026 42644
34800 173824 113877
34800 95712 42701
34800 87083 47181
34800 120408 61826
34800 75953 36091
34800 132201 91466
34800 48669 12625
34800 84010 51348
34800 81617 18892
34800 119452 83200
34800 50189 17284
34800 85572 31021
34800 91568 39532
34800 88884 15912
34800 71264 28901
34800 73175 35225
34800 72201 29161
34800 45273 7333
34800 122214 79088
34800 125865 82593
34800 61477 27573
34800 69652 32045
34800 55325 16483
34800 142397 103646
34800 93013 42963
34800 69022 20318
34800 70272 35296
34800 101832 28806
34800 51789 16187
34800 90764 47743
34800 125320 80052
34800 74087 33069
34800 40378 7230
34800 159693 119878
34800 74944 33712
34800 131337 70601
34800 88874 52742
34900 106952 47138
34900 116192 79616
34900 103998 66543
34900 123737 73895
34900 54072 14724
34900 68395 34785
34900 88066 49862
34900 133469 96628
34900 77199 37894
34900 99923 49172
34900 56651 16738
34900 93048 49363
34900 115097 47815
34900 62178 22194
34900 101152 64762
34900 62266 21504
34900 71932 30886
34900 58617 17293
34900 99010 47521
34900 104409 65819
34900 71551 31094
34900 90638 54265
34900 89883 39820
34900 149017 114972
34900 76210 25202
34900 73903 38363
34900 101652 67132
34900 74988 29024
34900 59258 25970
34900 89794 39434
34900 81784 34983
34900 55933 20861
34900 104131 60070
34900 102822 65229
34900 58420 17035
34900 88909 46855
34900 112532 58636
34900 43093 8246
34900 93455 55615
34900 46384 13128
34900 127324 91701
34900 104846 61489
34900 116464 69049
34900 133745 92536
34900 85079 40327
34900 78313 35972
34900 67691 30785
34900 81347 44416
34900 62387 22361
34900 124754 49829
35000 107244 62585
35000 100699 66507
35000 54309 13851
35000 52573 15650
35000 99859 58166
35000 145883 90814
35000 90089 56532
35000 105932 61760
35000 120943 61223
35000 83808 47187
35000 66634 31489
35000 125001 92455
35000 98747 56538
35000 60710 17150
35000 94868 57355
35000 50187 16399
35000 158568 113617
35000 78309 38811
35000 104795 64188
35000 120482 70400
35000 117217 79886
35000 111718 74285
35000 140010 72490
35000 55253 18353
35000 75787 38583
35000 132870 82596
35000 129355 94216
35000 50192 13832
35000 64747 19808
35000 178017 95808
35000 53298 11501
35000 94248 56245
35000 68380 29094
35000 51649 13977
35000 158121 81600
35000 79710 31369
35000 61112 24433
35000 82011 46451
35000 84773 44745
35000 95364 38033
35000 162542 51226
35000 91307 50074
35000 99497 58158
35000 128187 61532
35000 69696 30941
35000 120351 65549
35000 88908 46261
35000 157049 82774
35000 103655 51230
35000 81626 15058
35100 175621 142133
35100 67905 23631
35100 75949 8287
35100 73143 32090
35100 82335 36444
35100 102809 28219
35100 55860 23005
35100 137047 84337
35100 130667 84026
35100 43975 10410
35100 67104 24898
35100 95846 62364
35100 109473 69080
35100 103868 66058
35100 107211 74069
35100 130586 83140
35100 96644 50671
35100 108681 45654
35100 104926 63054
35100 91191 50401
35100 65901 27893
35100 101984 51508
35100 127830 80903
35100 118346 63464
35100 75987 37592
35100 56558 21851
35100 110480 35137
35100 98825 65921
35100 161871 87988
35100 158886 122709
35100 44436 10909
35100 69628 27455
35100 77505 29766
35100 115275 17026
35100 83952 51666
35100 147026 104951
35100 139246 67626
35100 69821 32452
35100 95044 49974
35100 79374 42791
35100 120779 52410
35100 63664 18508
35100 73233 25950
35100 79197 30337
35100 120210 69426
35100 40910 8318
35100 142483 108031
35100 73240 26894
35100 77629 36377
35100 49387 15891
35200 102978 31931
35200 70848 32624
35200 59876 14802
35200 80147 41421
35200 123354 83457
35200 102431 62548
35200 82006 35657
35200 100942 36112
35200 79328 11503
35200 171278 103932
35200 55902 21070
35200 106795 61292
35200 87835 35548
35200 101771 62039
35200 94852 37981
35200 147526 84866
35200 99633 35025
35200 55236 12121
35200 90891 51322
35200 111353 66489
35200 88382 50807
35200 109314 62522
35200 117491 26827
35200 91952 43902
35200 44037 10115
35200 110870 59018
35200 81294 37027
35200 75742 10843
35200 65390 27258
35200 102903 47031
35200 96404 50153
35200 84958 41821
35200 131877 66948
35200 108186 71963
35200 99588 30543
35200 138916 96293
35200 78159 27174
35200 54640 14021
35200 94100 37013
35200 62048 27475
35200 105818 50937
35200 94565 19856
35200 169198 94525
35200 80360 13895
35200 65950 25046
35200 170560 121710
35200 91814 45470
35200 129686 75845
35200 57155 21611
35200 141049 107234
35300 86972 46285
35300 91403 25749
35300 107085 42435
35300 53958 9760
35300 98410 60030
35300 82411 44657
35300 81409 42490
35300 174964 69823
35300 92917 28875
35300 97832 61102
35300 45671 13474
35300 53590 18776
35300 87864 45254
35300 131234 65132
35300 127710 76197
35300 77743 40481
35300 70241 36753
35300 74034 32708
35300 77377 26408
35300 121608 72840
35300 66998 19713
35300 102056 48495
35300 157072 90789
35300 203145 146922
35300 157064 91282
35300 65489 29712
35300 65456 24246
35300 81263 40828
35300 168063 66176
35300 55229 18191
35300 46881 9394
35300 73221 27231
35300 75784 39520
35300 73488 6876
35300 95118 59635
35300 128032 62388
35300 103809 65219
35300 115305 73554
35300 55362 12388
35300 84965 47272
35300 56738 10430
35300 92596 44562
35300 54472 9864
35300 102395 57908
35300 114083 41026
35300 122165 23257
35300 64010 20255
35300 88046 43239
35300 117097 49186
35300 112927 73654
35400 151083 66348
35400 50097 11784
35400 73036 37391
35400 56251 12628
35400 154106 104114
35400 104582 55983
35400 133638 86076
35400 72607 28882
35400 108801 41093
35400 90357 51891
35400 118439 75972
35400 75213 32067
35400 130684 56254
35400 62965 17315
35400 123119 76715
35400 82751 32563
35400 139909 94471
35400 63889 27789
35400 92186 46130
35400 57569 19200
35400 98126 61330
35400 88217 48590
35400 53426 13462
35400 55065 15353
35400 107647 73202
35400 90344 52555
35400 130113 96012
35400 91371 46613
35400 208047 105932
35400 54916 18753
35400 79693 29740
35400 102929 68955
35400 127278 71168
35400 49537 10133
35400 128216 60958
35400 115556 74066
35400 102462 31939
35400 83329 41241
35400 102225 55049
35400 142780 60993
35400 89279 53222
35400 45859 8993
35400 138213 101881
35400 82148 26294
35400 53353 17896
35400 68831 34756
35400 51234 9158
35400 105865 55492
35400 113523 62642
35400 60834 20494
35500 58037 16662
35500 74510 36095
35500 79489 44145
35500 102824 64370
35500 128309 86270
35500 78594 37145
35500 162535 110040
35500 120779 75969
35500 49261 13014
35500 79666 28418
35500 94196 37245
35500 97375 53293
35500 71971 29313
35500 91460 51778
35500 110255 67921
35500 77926 41838
35500 92295 50125
35500 89802 47983
35500 109894 74596
35500 58731 18063
35500 102121 25485
35500 67062 29526
35500 73796 31671
35500 83440 40488
35500 98928 58077
35500 93864 43314
35500 56797 19239
35500 80574 12348
35500 158523 103483
35500 47204 13100
35500 125487 77027
35500 89418 52079
35500 99878 65225
35500 62704 22759
35500 94573 48740
35500 94650 54313
35500 81033 29858
35500 66888 28064
35500 105730 67058
35500 57261 16757
35500 76027 34203
35500 82128 32920
35500 65822 26597
35500 144428 87903
35500 122298 87114
35500 86129 41477
35500 75627 30485
35500 82852 40737
35500 53893 14614
35500 93457 43939
35600 101802 64884
35600 85655 41774
35600 122506 66977
35600 107572 69328
35600 93519 23826
35600 61239 19257
35600 90524 53470
35600 147832 111581
35600 90613 51012
35600 84762 41275
35600 120631 63294
35600 107947 42098
35600 87702 42673
35600 97153 59364
35600 106759 49137
35600 64205 29825
35600 69640 33827
35600 97514 45774
35600 105005 56896
35600 138145 96746
35600 69075 29994
35600 98707 51731
35600 130808 66817
35600 42955 7266
35600 53391 17765
35600 77966 28947
35600 140753 103411
35600 78983 34893
35600 55131 21976
35600 116734 74635
35600 102049 64401
35600 50072 13305
35600 172719 98832
35600 87265 52401
35600 90263 55810
35600 121747 73741
35600 79271 38808
35600 130305 92831
35600 117357 81339
35600 63912 14663
35600 108749 68936
35600 92948 58715
35600 105965 70263
35600 102844 60603
35600 115344 49893
35600 114664 32777
35600 65184 22562
35600 89474 45541
35600 48109 15749
35600 122595 75542
35700 180006 96529
35700 140960 71600
35700 141939 107199
35700 61812 12204
35700 67410 26214
35700 98887 43788
35700 69550 33227
35700 49205 13230
35700 72102 35422
35700 108626 65446
35700 59351 24953
35700 131674 75900
35700 106064 36312
35700 86629 48550
35700 64412 20175
35700 132517 88966
35700 108262 36808
35700 106825 63730
35700 102152 55860
35700 105712 70190
35700 67170 23557
35700 110719 42921
35700 85915 40831
35700 130477 89883
35700 179534 128384
35700 126784 86997
35700 117370 65713
35700 67535 33686
35700 54904 14452
35700 74048 31869
35700 73754 32298
35700 88456 40359
35700 92410 42382
35700 76099 33503
35700 134155 99454
35700 83239 44168
35700 78615 35898
35700 144211 57993
35700 151155 86523
35700 84601 32752
35700 100401 55380
35700 149625 103061
35700 72465 31663
35700 84584 44323
35700 76742 8042
35700 67053 22613
35700 114229 72710
35700 58344 12923
35700 69482 30505
35700 125272 56035
35800 63554 17441
35800 119264 65926
35800 53337 20137
35800 53220 14370
35800 53478 16516
35800 59698 24423
35800 101887 58364
35800 91936 48285
35800 87006 19413
35800 117156 79591
35800 98754 43189
35800 67762 24045
35800 88910 50465
35800 86412 34201
35800 95952 60312
35800 71252 28395
35800 106052 62505
35800 53372 16120
35800 125816 70305
35800 124184 76067
35800 81684 44052
35800 89945 48387
35800 43565 9152
35800 69704 21412
35800 144191 69892
35800 77870 29681
35800 84366 39935
35800 102003 42192
35800 56303 18575
35800 102382 63689
35800 175550 103913
35800 104164 39646
35800 176576 105766
35800 132449 91604
35800 95553 54518
35800 110895 42772
35800 126464 86714
35800 93085 50047
35800 81841 42649
35800 143272 74740
35800 51099 14994
35800 88800 50457
35800 74651 33478
35800 112176 72137
35800 88040 20438
35800 93441 40560
35800 49792 17216
35800 112940 70687
35800 56935 13856
35800 122475 85856
35900 111306 52335
35900 94305 48450
35900 139034 79080
35900 115252 67600
35900 47872 9639
35900 73499 26742
35900 59764 23473
35900 106842 39488
35900 58328 25868
35900 70971 34491
35900 109777 57481
35900 151740 93759
35900 58342 25679
35900 103065 42877
35900 100162 64857
35900 83361 40121
35900 139140 83784
35900 55255 15041
35900 124154 88298
35900 83591 42289
35900 118365 78642
35900 191399 114354
35900 114993 67741
35900 63256 26770
35900 61653 16838
35900 62183 17797
35900 85569 30315
35900 101404 64653
35900 161320 117357
35900 88719 36105
35900 96213 60452
35900 72709 39287
35900 66398 15851
35900 89077 50164
35900 94483 52973
35900 120672 54967
35900 87502 21808
35900 59848 22862
35900 89688 39094
35900 86234 10856
35900 116706 62376
35900 149468 96901
35900 168455 97377
35900 92561 54191
35900 67278 21662
35900 119810 72251
35900 47623 11816
35900 81649 36657
35900 50409 14750
35900 73431 36811
36000 85437 37788
36000 87375 18735
36000 90182 49708
36000 49504 11594
36000 97885 52406
36000 130054 31566
36000 117713 57792
36000 107125 65754
36000 141863 88695
36000 142678 45487
36000 64773 19817
36000 93225 56664
36000 50110 10129
36000 192470 105973
36000 72250 34862
36000 113966 76817
36000 47342 9059
36000 70520 28687
36000 72240 35233
36000 86806 36705
36000 55307 14729
36000 134905 89604
36000 107014 68432
36000 74795 24233
36000 61233 20037
36000 107166 46356
36000 63175 18072
36000 64984 18575
36000 132232 79598
36000 161458 86098
36000 99626 50084
36000 117547 77749
36000 84173 39207
36000 71790 28205
36000 84665 32372
36000 111407 54485
36000 67431 33660
36000 67587 33505
36000 93456 48135
36000 164423 76181
36000 67250 32849
36000 101537 32077
36000 91496 44241
36000 74244 40441
36000 100714 65040
36000 61327 26470
36000 99674 50810
36000 87125 48118
36000 118798 38477
36000 110653 72726
36100 144874 73882
36100 141509 71307
36100 116635 67094
36100 73145 23350
36100 62836 26590
36100 97845 55378
36100 91009 54569
36100 121556 48015
36100 85415 33534
36100 47554 12247
36100 55912 20814
36100 71701 32292
36100 148650 77267
36100 106519 66117
36100 109239 61725
36100 91142 35380
36100 79910 43066
36100 56514 17994
36100 65189 27002
36100 82233 10608
36100 70994 23715
36100 147034 59200
36100 107154 66693
36100 53981 12189
36100 111091 64310
36100 58243 21575
36100 79274 32004
36100 121396 86970
36100 110083 69474
36100 45269 11315
36100 63576 25449
36100 75920 10171
36100 65361 30319
36100 88494 23200
36100 67031 30034
36100 64221 27756
36100 126301 87385
36100 59085 23996
36100 104696 59056
36100 82544 34059
36100 80277 44224
36100 80513 36836
36100 96538 41282
36100 175091 128907
36100 74439 34775
36100 84769 43516
36100 136575 65183
36100 69030 29092
36100 61846 15418
36100 70262 34269
36200 141339 69315
36200 83289 46714
36200 107912 72070
36200 122353 71626
36200 75785 21661
36200 100624 53243
36200 149012 90387
36200 134853 58402
36200 139922 86436
36200 65079 21704
36200 126725 73545
36200 72811 5732
36200 67532 28475
36200 116846 36719
36200 56911 15407
36200 76364 33642
36200 96928 62530
36200 120970 64623
36200 53073 16110
36200 70737 29199
36200 51069 13571
36200 125010 90962
36200 83087 32498
36200 104629 28323
36200 79244 26945
36200 143237 89270
36200 130543 97109
36200 59989 19937
36200 96616 60692
36200 140892 80808
36200 101038 66703
36200 76925 23809
36200 52832 17396
36200 68288 29273
36200 87293 24194
36200 85138 43286
36200 66659 26936
36200 84650 41917
36200 95025 46426
36200 77593 42809
36200 87604 43564
36200 143919 76120
36200 90124 48295
36200 152515 96971
36200 106854 58280
36200 69744 33161
36200 181419 99440
36200 63456 27954
36200 122756 82981
36200 75447 40946
36300 89345 36369
36300 75359 36866
36300 135673 60305
36300 68846 24377
36300 57994 14655
36300 69937 35831
36300 54677 14640
36300 98066 28963
36300 94285 18090
36300 50789 10415
36300 225288 114204
36300 78714 42172
36300 75541 36548
36300 76302 36325
36300 91755 54642
36300 84305 49599
36300 94565 40838
36300 94776 45043
36300 87475 54207
36300 84799 14659
36300 134921 80405
36300 63561 27414
36300 107762 39161
36300 51692 10616
36300 74374 40657
36300 51098 10528
36300 95592 26003
36300 89190 51062
36300 58133 16024
36300 60768 19066
36300 65374 29160
36300 101129 39294
36300 64600 17378
36300 97443 57066
36300 66219 26090
36300 126911 86786
36300 73268 34320
36300 98729 44574
36300 79764 37870
36300 71185 36549
36300 88199 45719
36300 56026 16541
36300 60520 15514
36300 103179 60089
36300 62424 19731
36300 92122 36597
36300 42966 9083
36300 123961 84303
36300 77346 41386
36300 44032 7858
36400 112086 44355
36400 112291 56773
36400 115189 75789
36400 93411 51315
36400 89611 17969
36400 126885 69916
36400 101418 56049
36400 53734 15721
36400 72697 28375
36400 92933 46017
36400 109998 37423
36400 44951 9846
36400 103495 60406
36400 83530 35333
36400 71775 29995
36400 90933 36503
36400 145928 78292
36400 89453 47705
36400 75069 24699
36400 72162 29490
36400 93355 49528
36400 52612 13230
36400 129823 93952
36400 98169 62584
36400 77728 24211
36400 114942 68711
36400 148874 43611
36400 71043 34110
36400 120509 75420
36400 87536 36357
36400 102815 22649
36400 99167 48058
36400 117099 50277
36400 85304 44100
36400 193232 103908
36400 126596 86858
36400 93444 49672
36400 121275 74706
36400 56925 16847
36400 44310 8039
36400 99161 49302
36400 77027 10312
36400 80290 44659
36400 70407 34762
36400 127627 86996
36400 80971 42223
36400 76169 40752
36400 112633 47589
36400 50747 9805
36400 94079 50059
36500 129055 88298
36500 126007 89225
36500 63994 23449
36500 116714 60419
36500 79547 40493
36500 72503 33485
36500 116368 77371
36500 80477 44844
36500 112618 58405
36500 68303 17523
36500 95584 45232
36500 77096 36155
36500 113076 66269
36500 44568 9371
36500 48937 11560
36500 74241 26932
36500 114958 65338
36500 106233 39350
36500 129674 72859
36500 98534 53366
36500 113226 69214
36500 85089 41764
36500 83941 45392
36500 88645 45204
36500 52971 14634
36500 70252 25370
36500 143723 99752
36500 84992 42896
36500 95472 52740
36500 76071 25135
36500 45825 10357
36500 87777 19964
36500 68677 32011
36500 77710 36629
36500 148250 78175
36500 88996 39654
36500 94945 58988
36500 68586 30606
36500 75996 29523
36500 53042 11628
36500 83398 10394
36500 80697 33044
36500 97058 57917
36500 95069 47399
36500 57867 18625
36500 98550 60206
36500 143247 103014
36500 68850 30971
36500 141244 74938
36500 81012 23883
36600 111798 55910
36600 139084 99619
36600 90601 47812
36600 104297 63917
36600 152838 60710
36600 102077 56751
36600 133709 81073
36600 78010 33670
36600 58779 16659
36600 159305 107952
36600 105026 32647
36600 106169 62361
36600 97822 55346
36600 115712 56457
36600 79247 26139
36600 133657 86530
36600 51336 13435
36600 163505 97467
36600 178743 133401
36600 129320 92733
36600 53232 13964
36600 97048 20886
36600 124660 83126
36600 98355 39398
36600 111678 69522
36600 75950 27842
36600 139206 95161
36600 70863 25050
36600 84100 45759
36600 112532 34829
36600 67847 31101
36600 91827 48714
36600 73327 19020
36600 106299 30800
36600 96916 59362
36600 86098 12608
36600 102088 53802
36600 121135 84951
36600 46269 12654
36600 65892 23913
36600 97297 56271
36600 118861 81687
36600 72711 30869
36600 100063 43599
36600 96144 53008
36600 77093 30948
36600 152227 63598
36600 96655 56653
36600 136789 68261
36600 127943 72160
36700 96419 42543
36700 83682 39372
36700 79494 44844
36700 134462 80585
36700 115006 74659
36700 66036 25577
36700 76934 38397
36700 76659 36990
36700 146301 84670
36700 46696 11099
36700 164703 106281
36700 91891 54994
36700 103085 67179
36700 61110 23396
36700 94516 45873
36700 106802 58605
36700 103693 58498
36700 102990 62262
36700 90151 55138
36700 99789 52557
36700 110917 54739
36700 91760 53753
36700 59174 22739
36700 69596 27194
36700 103708 57055
36700 80412 35172
36700 138685 57685
36700 95922 57212
36700 90479 45662
36700 116424 44449
36700 133720 60932
36700 55738 9189
36700 75725 32957
36700 76437 29240
36700 90162 40729
36700 121003 74968
36700 72867 35064
36700 101240 19277
36700 58628 15847
36700 221233 163832
36700 133563 73225
36700 96796 52969
36700 54776 10634
36700 92746 53980
36700 100957 56580
36700 92956 31042
36700 115725 77049
36700 77028 24717
36700 153140 83667
36700 60662 17252
36800 88918 39719
36800 121230 65700
36800 125506 83832
36800 53632 17948
36800 93282 20503
36800 110284 58995
36800 72345 28634
36800 74697 35873
36800 78035 41803
36800 88513 52919
36800 73513 29016
36800 80364 21286
36800 77984 39708
36800 95016 52885
36800 60404 12030
36800 129145 70433
36800 95730 56579
36800 59195 17776
36800 77276 20754
36800 58432 18505
36800 65961 25477
36800 49464 8540
36800 62618 23843
36800 85650 49010
36800 77461 37860
36800 64012 18631
36800 86365 41204
36800 49086 8844
36800 72330 27904
36800 123995 51956
36800 109350 59746
36800 91449 17588
36800 69713 29369
36800 91747 47347
36800 108925 73036
36800 46963 7412
36800 135123 84903
36800 72280 32337
36800 121112 53418
36800 70696 27807
36800 62506 26062
36800 140757 83795
36800 64171 26324
36800 50235 12207
36800 140955 98322
36800 111837 28714
36800 101282 46255
36800 141125 70020
36800 84401 15567
36800 80939 30026
36900 68579 23211
36900 100776 64752
36900 106897 64611
36900 82565 43937
36900 90528 33101
36900 131630 81565
36900 140761 93590
36900 116231 72578
36900 72042 36902
36900 95904 41563
36900 60107 21957
36900 44256 8646
36900 104582 52174
36900 97673 48794
36900 65532 21334
36900 52710 14415
36900 103019 55551
36900 159964 90697
36900 98196 17401
36900 116676 59621
36900 94800 58491
36900 89134 36729
36900 47253 11659
36900 92496 49930
36900 75356 26933
36900 97307 51607
36900 124821 85448
36900 105818 71580
36900 66315 21746
36900 112908 32054
36900 86591 49857
36900 122150 68631
36900 61700 24302
36900 98954 64054
36900 173075 121797
36900 103074 53305
36900 73393 30204
36900 140973 72781
36900 86047 46218
36900 117797 68944
36900 136194 63843
36900 122963 85932
36900 136891 71770
36900 118142 50158
36900 123526 78114
36900 141750 104409
36900 158720 114718
36900 50419 12307
36900 60779 19126
36900 152589 104079
37000 71609 36671
37000 75190 33484
37000 83696 44438
37000 84026 27778
37000 81059 44167
37000 132675 63458
37000 68694 23613
37000 117621 81502
37000 49252 7838
37000 80502 32371
37000 93238 47824
37000 100225 41190
37000 129863 52426
37000 84275 35846
37000 72194 37178
37000 74010 22794
37000 61607 20613
37000 225293 167010
37000 59403 15152
37000 69888 36332
37000 71512 36786
37000 132904 86761
37000 114192 46843
37000 108291 65957
37000 108917 42238
37000 176166 119307
37000 174594 83597
37000 69113 30022
37000 94256 37849
37000 174816 110084
37000 52950 9772
37000 89348 53821
37000 107344 37562
37000 80559 43869
37000 96061 49775
37000 118906 59891
37000 136134 95529
37000 73965 39914
37000 69958 33928
37000 106057 66534
37000 118191 60972
37000 80876 28509
37000 119493 64071
37000 132913 56901
37000 148432 89646
37000 91214 48958
37000 56097 14498
37000 92305 23372
37000 64388 23530
37000 123472 80442
37100 137573 76706
37100 128431 53142
37100 78743 40367
37100 97599 48523
37100 72981 29138
37100 84839 45792
37100 97882 58667
37100 72960 34580
37100 120590 68765
37100 105281 34702
37100 123207 36477
37100 125816 71449
37100 84718 37392
37100 95150 55906
37100 101646 59741
37100 76480 7292
37100 77962 33646
37100 99475 56939
37100 128414 83554
37100 53108 18622
37100 87011 12135
37100 127013 66014
37100 125397 80114
37100 49329 12432
37100 50856 13071
37100 152336 113938
37100 61743 23285
37100 61370 16380
37100 99971 28536
37100 152187 106128
37100 92834 54847
37100 53726 17523
37100 70923 25130
37100 64248 26244
37100 110299 72322
37100 65770 14879
37100 62479 18445
37100 61016 22063
37100 115733 76561
37100 96968 57873
37100 63523 22271
37100 195223 89489
37100 121729 77912
37100 63510 22014
37100 132139 92077
37100 57263 19733
37100 58598 14573
37100 166063 105027
37100 100897 31566
37100 75702 24869
37200 66015 28238
37200 72540 31910
37200 58111 20316
37200 136767 93556
37200 74010 34891
37200 112358 53711
37200 80938 44638
37200 52911 13104
37200 84550 44258
37200 131907 70541
37200 86509 9159
37200 69616 29793
37200 151101 73266
37200 69723 26555
37200 103491 55046
37200 56232 18349
37200 84315 46019
37200 49592 12900
37200 93132 58104
37200 61605 18314
37200 87634 17472
37200 139079 89946
37200 61548 22523
37200 123348 76031
37200 160725 87217
37200 54262 18693
37200 195613 148395
37200 121035 83173
37200 114585 59497
37200 43806 7544
37200 184602 95273
37200 132218 87343
37200 79596 20382
37200 103485 59464
37200 63522 21380
37200 125153 68409
37200 99146 53950
37200 156155 122140
37200 114326 75528
37200 59028 23813
37200 62496 22116
37200 128078 61843
37200 71939 26768
37200 68652 34141
37200 70908 14359
37200 55545 16903
37200 85407 16825
37200 120978 65831
37200 112566 40318
37200 60426 14873
37300 132454 89896
37300 73342 20762
37300 98302 43621
37300 80596 42484
37300 124858 63047
37300 55719 16301
37300 140622 72970
37300 97956 51310
37300 135517 88893
37300 92347 45150
37300 94835 32781
37300 108883 63359
37300 94958 52091
37300 110317 42128
37300 108753 64387
37300 121881 74791
37300 62488 27325
37300 148636 41106
37300 168751 122028
37300 50013 11285
37300 74134 21102
37300 101805 49920
37300 71144 22126
37300 96884 53654
37300 55434 19352
37300 83219 39567
37300 123239 74357
37300 44579 7737
37300 91063 36776
37300 95617 23980
37300 99856 59485
37300 113572 39469
37300 97959 56576
37300 56143 14170
37300 70932 26543
37300 67141 25081
37300 95476 48372
37300 82781 33636
37300 84940 33714
37300 140701 65948
37300 75176 38429
37300 86689 25830
37300 215785 148730
37300 102280 54950
37300 107982 55766
37300 122656 78742
37300 47487 11415
37300 71943 28263
37300 67676 30629
37300 79474 34964
37400 114544 43659
37400 77550 38125
37400 132342 89183
37400 207473 109508
37400 69464 35112
37400 155568 93796
37400 161778 75363
37400 128159 86378
37400 119309 75515
37400 88739 43413
37400 115418 37784
37400 81190 44976
37400 101660 52448
37400 92794 49209
37400 94962 37289
37400 45356 8501
37400 65252 28945
37400 81668 30031
37400 154520 103682
37400 108323 51563
37400 59527 19571
37400 87847 43745
37400 150090 73209
37400 60914 13713
37400 114227 75436
37400 88707 46772
37400 113440 73534
37400 119474 81207
37400 83617 43894
37400 146575 92244
37400 133102 23666
37400 59287 23686
37400 98274 50176
37400 94963 53183
37400 135153 69193
37400 89960 17131
37400 70092 26930
37400 89334 53805
37400 75079 27604
37400 48626 9270
37400 61081 13165
37400 71837 26334
37400 102073 51595
37400 91993 45702
37400 161596 97045
37400 97457 55726
37400 67442 30513
37400 85446 49919
37400 118254 49827
37400 112892 67534
37500 121089 83383
37500 106132 68997
37500 121961 66959
37500 121651 46382
37500 71681 32644
37500 129133 31230
37500 89404 15811
37500 83676 38371
37500 87082 48688
37500 46409 9614
37500 94755 51496
37500 83739 48542
37500 57577 18718
37500 153958 78445
37500 107106 60840
37500 147128 103329
37500 100695 51537
37500 111915 68927
37500 93035 54799
37500 139961 73367
37500 64929 26267
37500 103202 53421
37500 101497 60346
37500 61048 23211
37500 67165 24276
37500 138339 77864
37500 80389 38740
37500 108631 66936
37500 56804 14775
37500 53511 9713
37500 165481 93419
37500 73830 36044
37500 137532 94277
37500 125550 67985
37500 88669 51193
37500 65233 30270
37500 91310 53704
37500 104774 51661
37500 54688 12544
37500 118484 67128
37500 78174 35523
37500 102949 47143
37500 117290 49581
37500 81855 25701
37500 183977 121241
37500 137804 56525
37500 83201 41664
37500 79174 33484
37500 118216 70573
37500 54368 10258
37600 74137 37090
37600 81504 39937
37600 89850 38150
37600 80127 41340
37600 133988 27289
37600 48997 12711
37600 139747 83080
37600 116548 44019
37600 162472 127980
37600 104207 68686
37600 140101 64060
37600 107064 57771
37600 132170 83508
37600 113189 54894
37600 53836 11090
37600 71830 35277
37600 115999 77799
37600 107086 66494
37600 56881 12159
37600 92511 45361
37600 145699 88507
37600 92786 41608
37600 73037 33899
37600 106702 58144
37600 58787 15028
37600 102500 62794
37600 181364 109401
37600 83472 44172
37600 104565 66591
37600 83512 31401
37600 77881 37450
37600 65293 24659
37600 97828 53652
37600 100757 59672
37600 75206 40332
37600 115869 74308
37600 142890 106153
37600 92810 54249
37600 100657 57216
37600 115463 55258
37600 91278 15734
37600 159748 86622
37600 123548 86005
37600 89721 50186
37600 170338 81790
37600 92088 49029
37600 66799 19039
37600 62032 17007
37600 76256 31295
37600 117702 80602
37700 117148 76969
37700 115172 65114
37700 137730 32490
37700 118177 79272
37700 76583 29340
37700 112778 71910
37700 126513 60881
37700 87691 49726
37700 62857 27164
37700 95839 49956
37700 83222 12480
37700 46841 11019
37700 105621 50229
37700 112427 55247
37700 90535 48127
37700 73313 34056
37700 84083 35548
37700 137375 76384
37700 105140 54460
37700 118544 70554
37700 107814 66074
37700 104830 67678
37700 43643 8807
37700 97632 44242
37700 92516 33231
37700 95581 59354
37700 100754 61927
37700 59206 23112
37700 130466 79363
37700 89652 43075
37700 73950 34649
37700 163722 113582
37700 122201 69190
37700 132007 69374
37700 49172 14394
37700 78141 40131
37700 108923 68922
37700 99638 61967
37700 55533 14402
37700 136732 98335
37700 119625 76987
37700 54464 19240
37700 109902 54606
37700 93229 45900
37700 80664 40545
37700 62933 21075
37700 71544 29329
37700 54945 17072
37700 98005 33764
37700 147231 92953
37800 107752 48000
37800 121019 50720
37800 86877 43145
37800 106169 60108
37800 114513 48981
37800 99970 56717
37800 79325 41614
37800 66884 26224
37800 125343 88166
37800 55920 15888
37800 105649 35098
37800 149896 76625
37800 73492 37833
37800 63108 21718
37800 72555 22557
37800 49599 8942
37800 137134 79410
37800 101322 43137
37800 145501 104254
37800 104159 62778
37800 61159 22864
37800 49001 8132
37800 90259 43062
37800 101739 54263
37800 93788 46018
37800 105062 65648
37800 136474 95039
37800 101427 64478
37800 97900 26767
37800 79859 34343
37800 91041 43381
37800 107452 25249
37800 93603 47407
37800 61431 16520
37800 133139 74112
37800 154581 99641
37800 87689 40655
37800 81086 40180
37800 100842 54517
37800 86399 48654
37800 115737 42182
37800 76080 36099
37800 136377 73904
37800 86157 47873
37800 131882 90416
37800 108855 63350
37800 111672 59174
37800 46769 7910
37800 84957 30115
37800 89847 51519
37900 125646 74442
37900 84620 44614
37900 87968 51412
37900 79982 44937
37900 88720 44810
37900 74055 36161
37900 68785 29423
37900 153314 81031
37900 48348 9530
37900 64652 29703
37900 80412 35450
37900 64201 27245
37900 63901 25381
37900 55285 15213
37900 151312 92916
37900 79707 36103
37900 140788 79030
37900 60124 17824
37900 123369 87140
37900 187248 108744
37900 101740 50979
37900 112801 62277
37900 68374 28073
37900 88748 16808
37900 122191 53547
37900 113979 75671
37900 71389 33753
37900 85783 48083
37900 110190 47060
37900 79540 38611
37900 96125 56200
37900 99756 57083
37900 124362 66203
37900 147710 91548
37900 66340 15595
37900 160311 66342
37900 74661 36718
37900 81721 38936
37900 128276 61729
37900 76650 37506
37900 77109 29780
37900 95050 55792
37900 49749 11264
37900 96803 56148
37900 155488 118503
37900 144533 99279
37900 102069 36051
37900 117013 75923
37900 125371 88709
37900 86852 11624
38000 88189 41728
38000 72458 28264
38000 86512 51094
38000 86982 46735
38000 128212 82752
38000 63467 24151
38000 84513 43129
38000 128023 85674
38000 105256 52047
38000 103165 62174
38000 104650 48340
38000 57030 14206
38000 64977 24905
38000 80748 38573
38000 72914 27840
38000 45795 8557
38000 97163 54729
38000 75515 26578
38000 53508 13703
38000 69302 20394
38000 102149 60674
38000 77526 39472
38000 49945 12867
38000 71864 28146
38000 95713 50302
38000 118396 69998
38000 102965 57344
38000 143423 76929
38000 79149 43638
38000 93433 48553
38000 79467 36098
38000 59154 16127
38000 118330 71059
38000 108785 59113
38000 101496 54762
38000 73439 37101
38000 130303 85797
38000 106275 28064
38000 83885 30549
38000 139017 83952
38000 68731 15649
38000 160241 105054
38000 63355 28564
38000 85219 43316
38000 117314 72674
38000 86724 31791
38000 44432 7876
38000 82272 38214
38000 140889 99079
38000 88415 48791
38100 80436 18191
38100 68763 26392
38100 135197 71564
38100 120256 61594
38100 86238 33811
38100 127712 73511
38100 94407 48542
38100 142596 49081
38100 136177 93014
38100 88360 15335
38100 74460 37492
38100 82666 38218
38100 104118 52745
38100 105260 19945
38100 138337 81555
38100 122843 51566
38100 95272 33720
38100 97125 21130
38100 134071 86567
38100 69240 30603
38100 85169 27004
38100 47576 10504
38100 103733 26153
38100 94317 44995
38100 117088 76812
38100 108169 62747
38100 151329 45869
38100 100905 47145
38100 122062 59749
38100 143052 80638
38100 118985 63794
38100 63773 20594
38100 141352 65510
38100 59430 12901
38100 79873 41176
38100 74777 32377
38100 50169 11180
38100 113473 69678
38100 126966 51546
38100 53828 11615
38100 146759 78813
38100 142341 99786
38100 165649 93493
38100 71625 34466
38100 80059 24788
38100 91503 41492
38100 151292 80156
38100 114450 75979
38100 121226 69498
38100 115533 75505
38200 117382 73864
38200 113267 66926
38200 117920 50940
38200 135393 59133
38200 134531 76755
38200 66764 23034
38200 72885 31905
38200 65090 26884
38200 100756 51350
38200 116303 62412
38200 75546 29487
38200 183744 69663
38200 92324 55490
38200 74011 38392
38200 63375 28338
38200 89322 47303
38200 111389 61944
38200 106677 36234
38200 64529 21868
38200 121210 77145
38200 95441 56685
38200 74702 29044
38200 111698 66173
38200 66622 21063
38200 48537 12069
38200 57397 17922
38200 112754 72039
38200 95647 43717
38200 119800 82942
38200 99086 60571
38200 123091 71194
38200 98033 50205
38200 84603 30287
38200 61057 20938
38200 87159 37108
38200 90540 49641
38200 109422 44555
38200 79912 36253
38200 74531 38032
38200 102328 53576
38200 237632 147140
38200 60325 16681
38200 88062 49540
38200 122228 83536
38200 128034 82352
38200 67414 23150
38200 71051 23106
38200 82642 41890
38200 55377 17877
38200 94631 39096
38300 117498 47676
38300 144516 100477
38300 109164 38510
38300 57523 13577
38300 128155 79431
38300 166074 121876
38300 102265 54312
38300 89095 43698
38300 99768 58689
38300 68125 28380
38300 103728 55094
38300 103705 45846
38300 84152 38572
38300 141120 102575
38300 65366 24320
38300 96576 53021
38300 116219 79477
38300 118206 70301
38300 73537 36797
38300 113612 59610
38300 127808 44886
38300 164558 98450
38300 79006 31111
38300 87465 40187
38300 84177 38929
38300 168764 125087
38300 60784 17233
38300 115904 59559
38300 62172 19239
38300 118979 10106
38300 98618 56344
38300 74054 29839
38300 108926 52168
38300 95249 33845
38300 146144 77280
38300 128679 82743
38300 58406 13321
38300 146447 97426
38300 99136 24070
38300 98383 53469
38300 80507 36243
38300 106745 70132
38300 84775 44195
38300 112874 55933
38300 55850 12550
38300 113474 75782
38300 113294 42418
38300 83534 36378
38300 99733 56107
38300 77672 27919
38400 95765 36818
38400 134450 68384
38400 85799 50604
38400 77319 35131
38400 69431 29667
38400 97332 55799
38400 140885 99291
38400 115645 37253
38400 82683 10835
38400 70244 17099
38400 70858 17118
38400 85099 41192
38400 116771 67276
38400 80511 42734
38400 100802 35304
38400 85931 42140
38400 127523 81594
38400 121177 11234
38400 81395 43367
38400 53453 9306
38400 59494 16636
38400 175290 131927
38400 50211 13103
38400 62103 20242
38400 96188 51708
38400 136676 99455
38400 123329 86526
38400 66778 20140
38400 55845 13843
38400 85557 41563
38400 132164 63333
38400 92445 44087
38400 89229 19327
38400 99178 18654
38400 82939 43267
38400 165372 129033
38400 89470 50303
38400 94918 39168
38400 65236 13285
38400 78957 39403
38400 113674 40842
38400 97926 52044
38400 95977 27606
38400 134551 48351
38400 92483 56990
38400 168302 85645
38400 87045 48454
38400 96461 58669
38400 66104 27118
38400 120616 74955
38500 139995 80570
38500 105961 58770
38500 68602 32873
38500 98519 46504
38500 143143 103210
38500 133134 85000
38500 98469 54952
38500 101514 52608
38500 107811 55395
38500 78112 36886
38500 188761 132994
38500 116866 64710
38500 229854 148188
38500 89786 39083
38500 118032 70682
38500 89132 53267
38500 62747 22564
38500 105011 27868
38500 157893 113157
38500 85827 33285
38500 106928 49926
38500 167353 97113
38500 126953 88662
38500 221893 181292
38500 93002 39224
38500 110173 66663
38500 98946 55253
38500 156696 106710
38500 89527 37498
38500 50935 11742
38500 90460 40485
38500 95408 52287
38500 78523 31631
38500 120774 37460
38500 109057 68357
38500 73827 29845
38500 126312 65436
38500 91518 49601
38500 84924 33917
38500 93768 51815
38500 137978 63901
38500 60070 22484
38500 111199 64622
38500 118565 75611
38500 117015 49552
38500 152132 100227
38500 127356 84867
38500 96082 60013
38500 63127 15088
38500 61391 24284
38600 140161 71307
38600 178124 100396
38600 203176 128036
38600 60791 25076
38600 50274 12436
38600 124321 76979
38600 96391 48837
38600 75296 38194
38600 97668 47146
38600 98564 55229
38600 59249 15088
38600 61257 20092
38600 79933 31827
38600 116211 65489
38600 97939 47322
38600 71039 22341
38600 113438 66004
38600 81243 41117
38600 84157 39938
38600 69408 21757
38600 50905 10740
38600 100664 28480
38600 62343 22974
38600 67660 24798
38600 129453 81757
38600 95373 51168
38600 65841 26976
38600 148884 59761
38600 107420 38714
38600 70583 28677
38600 112429 34542
38600 54164 15988
38600 132412 82908
38600 132024 84615
38600 77810 22573
38600 55446 16071
38600 73441 36994
38600 136658 82860
38600 83754 33197
38600 152638 29182
38600 117641 68977
38600 108525 60538
38600 67273 30127
38600 96046 52360
38600 102634 51299
38600 80985 36589
38600 85024 50114
38600 112655 31906
38600 90941 45469
38600 69506 24564
38700 73119 28403
38700 112164 67642
38700 97560 36363
38700 78434 38838
38700 50635 14902
38700 114082 65109
38700 86964 45525
38700 90767 52345
38700 117983 79614
38700 128900 54517
38700 78303 36990
38700 62942 17145
38700 48884 11314
38700 79507 25226
38700 141088 93907
38700 85004 44287
38700 63723 16448
38700 85511 49316
38700 84386 30133
38700 81477 36881
38700 83552 31048
38700 90387 44992
38700 83733 27892
38700 157169 111430
38700 78627 34625
38700 80463 37036
38700 66598 24870
38700 137006 73922
38700 66323 15658
38700 166468 111731
38700 85533 40830
38700 77465 29703
38700 109813 59249
38700 108546 58655
38700 81418 35235
38700 63750 23211
38700 117957 44046
38700 177373 93650
38700 82910 41232
38700 51553 10840
38700 127524 48589
38700 59456 13413
38700 61017 21280
38700 96866 45645
38700 105354 38217
38700 105186 51548
38700 68474 28068
38700 79483 35347
38700 50873 11013
38700 136510 86597
38800 62800 14560
38800 92115 37635
38800 92366 39048
38800 111222 57566
38800 91882 52833
38800 112205 67685
38800 130954 78837
38800 81691 24635
38800 95084 21929
38800 87598 42478
38800 86121 38864
38800 131098 72395
38800 69399 22217
38800 116221 67185
38800 217050 57738
38800 182244 140575
38800 48012 9970
38800 113883 59843
38800 54296 10574
38800 61274 18278
38800 129486 39813
38800 153607 84200
38800 179310 115893
38800 107349 48182
38800 89808 13568
38800 100204 53557
38800 68799 19642
38800 59813 19917
38800 104502 60318
38800 92337 51806
38800 126112 85482
38800 151268 93166
38800 89971 47647
38800 90079 44823
38800 109331 34001
38800 94912 50125
38800 133014 79157
38800 99124 59984
38800 116046 67589
38800 95300 54885
38800 111916 71467
38800 154731 112141
38800 54121 15343
38800 161904 102200
38800 96081 50533
38800 91538 50022
38800 141046 87698
38800 81842 38281
38800 95293 45294
38800 68903 30637
38900 80412 28574
38900 159684 65927
38900 71147 18536
38900 94347 54968
38900 150569 113451
38900 90075 15546
38900 117043 30857
38900 90826 42166
38900 55847 18711
38900 84519 39978
38900 113757 36155
38900 105628 61732
38900 66358 26551
38900 104746 36244
38900 85254 14212
38900 131413 93565
38900 145347 91455
38900 62104 17547
38900 165086 110660
38900 49446 12421
38900 69843 23257
38900 112592 52060
38900 145266 75448
38900 120147 55867
38900 204212 158787
38900 134974 68066
38900 84421 27779
38900 100178 38715
38900 121579 77315
38900 160203 86779
38900 51331 11264
38900 80027 22817
38900 63680 18010
38900 164370 120806
38900 67646 15987
38900 112299 45247
38900 135680 63786
38900 67971 31192
38900 98599 56668
38900 86444 39291
38900 166482 121820
38900 63710 26427
38900 86232 46288
38900 49922 11218
38900 83108 37042
38900 230380 158014
38900 109821 66075
38900 109205 64874
38900 76182 37061
38900 115379 62931
39000 110557 66266
39000 90227 15095
39000 84688 40859
39000 99635 61222
39000 82917 8070
39000 64854 14382
39000 85684 39771
39000 81958 32079
39000 117963 68681
39000 142279 77215
39000 58000 10837
39000 159582 78125
39000 153886 80906
39000 66269 25757
39000 165318 95884
39000 99175 13695
39000 61520 17346
39000 66735 21455
39000 119643 53965
39000 81630 43977
39000 141446 89318
39000 57841 14018
39000 95571 45069
39000 103702 50629
39000 46501 7881
39000 78605 38297
39000 92891 49229
39000 88413 43976
39000 124715 75357
39000 56363 13352
39000 52117 12817
39000 44067 8409
39000 85553 42954
39000 112829 58377
39000 120618 79614
39000 72498 30771
39000 160070 50558
39000 133375 54589
39000 100734 58240
39000 108048 63466
39000 100457 29091
39000 70169 25682
39000 67875 15945
39000 151093 74310
39000 72073 19041
39000 125867 72711
39000 150758 68600
39000 62703 19385
39000 130187 83559
39000 173503 120275
39100 99021 49017
39100 133706 93319
39100 147742 75113
39100 95984 55841
39100 52416 10056
39100 103937 63186
39100 155410 61419
39100 115299 71301
39100 111471 69505
39100 119635 53660
39100 85967 46137
39100 64190 21633
39100 68697 21787
39100 106813 65411
39100 119399 66398
39100 109265 45390
39100 114845 58982
39100 125273 81347
39100 111222 54486
39100 115151 53858
39100 97841 52207
39100 104129 60886
39100 65072 18534
39100 176391 103740
39100 49155 8626
39100 143515 91642
39100 74430 36066
39100 72645 26479
39100 104793 62995
39100 106804 25170
39100 114792 55862
39100 64689 12248
39100 104882 66455
39100 121388 31838
39100 56676 11888
39100 67194 28876
39100 124700 87824
39100 75733 35009
39100 150156 106347
39100 102655 53944
39100 87818 47727
39100 51405 13464
39100 117547 70673
39100 62781 16063
39100 69325 30057
39100 91250 43830
39100 75795 25546
39100 114183 70487
39100 114839 66137
39100 63726 20861
39200 100935 46207
39200 84318 29721
39200 150217 94733
39200 122829 78826
39200 105848 61671
39200 126658 80267
39200 51038 10853
39200 141599 55348
39200 122329 77134
39200 66017 27283
39200 147232 74092
39200 118087 70360
39200 180252 88990
39200 96757 49267
39200 117478 45051
39200 79838 27809
39200 117375 57690
39200 62063 19924
39200 69331 27122
39200 129398 79342
39200 135502 98484
39200 73096 20502
39200 81397 37733
39200 93103 52803
39200 120100 62147
39200 124560 77679
39200 142311 53967
39200 107257 69249
39200 165462 73852
39200 69866 29181
39200 123329 80134
39200 142077 70577
39200 119517 79663
39200 190945 139221
39200 113037 71619
39200 85059 32053
39200 153154 78207
39200 58406 21521
39200 129665 76173
39200 101087 45694
39200 116016 32056
39200 62951 23546
39200 74069 27424
39200 113892 75718
39200 90345 27754
39200 55388 14726
39200 175899 85277
39200 61443 23482
39200 64100 18054
39200 103643 50484
39300 149613 98575
39300 162766 106907
39300 97929 36300
39300 90572 44421
39300 108649 47210
39300 111160 66077
39300 187083 104223
39300 125332 37034
39300 83862 40151
39300 52064 15125
39300 73473 32745
39300 149073 78463
39300 203406 80101
39300 118496 74261
39300 159117 65797
39300 105530 57490
39300 143566 79529
39300 85754 44916
39300 116437 69698
39300 59299 21520
39300 64404 20908
39300 72177 20862
39300 54665 11144
39300 51846 10295
39300 77261 26117
39300 168134 111620
39300 52341 12607
39300 171724 92449
39300 176859 110389
39300 95394 45644
39300 131602 83298
39300 67016 16644
39300 125081 53147
39300 52071 9299
39300 145629 36331
39300 121026 78513
39300 72474 35823
39300 139571 97256
39300 123882 38346
39300 61371 14164
39300 157320 99974
39300 97454 49830
39300 105557 57899
39300 87584 43463
39300 98290 49270
39300 114889 79277
39300 111707 40348
39300 143356 96305
39300 143497 77434
39300 131034 84649
39400 140110 66972
39400 121620 70301
39400 139791 68449
39400 79835 25571
39400 161857 104835
39400 81536 42002
39400 69439 30224
39400 164163 77404
39400 90098 45238
39400 78527 34426
39400 202621 138211
39400 84032 26530
39400 68089 28713
39400 186056 118949
39400 121403 83690
39400 141218 75630
39400 49875 8705
39400 106069 46171
39400 110818 58916
39400 127661 81306
39400 73480 24887
39400 73597 17014
39400 96556 49753
39400 158898 113506
39400 142184 71773
39400 121685 49266
39400 129172 69588
39400 102866 38925
39400 97521 57465
39400 89425 41772
39400 114709 61384
39400 106119 54051
39400 195904 120228
39400 126931 85121
39400 130744 54918
39400 47092 8886
39400 121778 66714
39400 177530 127113
39400 57524 18362
39400 124453 86087
39400 98207 50759
39400 84680 43565
39400 71647 30079
39400 99027 59481
39400 153069 101326
39400 107758 64031
39400 55829 16918
39400 93475 39274
39400 85030 39963
39400 158072 108842
39500 154252 110021
39500 88968 42122
39500 125868 77121
39500 56589 17138
39500 94870 39279
39500 155409 82852
39500 73882 34188
39500 165813 72981
39500 69422 21351
39500 142910 95471
39500 169979 99556
39500 97650 46047
39500 79503 18978
39500 233958 141858
39500 133589 56863
39500 93175 51300
39500 49473 11557
39500 81993 39141
39500 121607 77617
39500 133934 72065
39500 114631 39255
39500 84168 34046
39500 76418 31138
39500 143361 54536
39500 139779 85893
39500 75217 38172
39500 129730 83308
39500 84684 24149
39500 71221 24513
39500 123238 46977
39500 138345 74296
39500 53839 12032
39500 117103 69451
39500 103638 43125
39500 74962 31803
39500 72828 28903
39500 102751 15780
39500 74919 30490
39500 58335 12247
39500 92775 54398
39500 90522 45657
39500 73029 31015
39500 92815 45393
39500 141408 69077
39500 103038 24138
39500 95714 56316
39500 70021 33371
39500 129122 83751
39500 115913 75259
39500 143938 59442
39600 86249 36800
39600 84350 44758
39600 57278 18496
39600 81899 38946
39600 79449 25882
39600 110927 54525
39600 113636 54139
39600 67020 27532
39600 94203 53831
39600 47351 8135
39600 101519 40426
39600 127102 54721
39600 128424 63910
39600 86051 47107
39600 50358 10924
39600 103478 55729
39600 116907 44343
39600 116122 77658
39600 145484 93324
39600 75335 26147
39600 107394 62380
39600 97879 59656
39600 111737 71257
39600 120924 77356
39600 119636 46906
39600 87522 47565
39600 72686 27197
39600 98864 12393
39600 110226 57077
39600 80290 29898
39600 95194 52546
39600 179328 112137
39600 91424 49223
39600 196934 107029
39600 192761 85784
39600 98959 48471
39600 109519 57116
39600 107258 53956
39600 82891 38478
39600 73128 27782
39600 87262 38773
39600 98770 55325
39600 68551 28971
39600 76427 29813
39600 78130 34088
39600 72834 30344
39600 180273 140024
39600 130585 87772
39600 67028 22735
39600 99085 56537
39700 77597 29082
39700 93004 26581
39700 58342 11292
39700 118632 71624
39700 79386 29833
39700 120174 51094
39700 94227 50395
39700 118743 52781
39700 142271 81723
39700 102592 59298
39700 78406 40444
39700 111035 54994
39700 46362 8735
39700 117596 74014
39700 103624 60967
39700 107216 33168
39700 67474 20095
39700 56983 14774
39700 82083 41787
39700 106695 42218
39700 85126 46903
39700 128544 59528
39700 131097 27373
39700 146774 88485
39700 90219 51874
39700 184520 122638
39700 123493 63171
39700 98305 59649
39700 107192 66461
39700 94483 55504
39700 146307 73963
39700 102658 47949
39700 64016 25401
39700 113798 62176
39700 99085 24981
39700 114753 72551
39700 85435 29827
39700 72547 34761
39700 50418 12052
39700 95769 41063
39700 175951 87485
39700 84897 42513
39700 96810 42260
39700 91509 8186
39700 134445 56564
39700 76743 19673
39700 83692 41972
39700 103879 59579
39700 112022 64899
39700 113623 32240
39800 64993 19782
39800 86067 47394
39800 58634 16845
39800 109777 65608
39800 146314 98848
39800 120217 77227
39800 51666 9024
39800 68509 16155
39800 101546 52883
39800 63936 19460
39800 132497 61461
39800 199068 123296
39800 84821 43102
39800 89519 41346
39800 88186 28498
39800 189304 149668
39800 116342 70226
39800 113625 68689
39800 84478 41193
39800 115036 62449
39800 75501 34306
39800 146157 106251
39800 56820 10720
39800 65746 27270
39800 103097 27745
39800 119043 45664
39800 110160 28568
39800 79887 33224
39800 88135 37967
39800 69342 17619
39800 66850 20423
39800 127557 51964
39800 92384 49075
39800 63722 19019
39800 47366 9747
39800 127935 82325
39800 138107 86740
39800 86930 35378
39800 55386 14950
39800 70371 27896
39800 101227 49899
39800 62498 18927
39800 48659 10806
39800 110687 73491
39800 53754 16385
39800 118815 66827
39800 85919 11584
39800 141784 57759
39800 62268 23991
39800 97766 53665
39900 55965 13999
39900 135992 67432
39900 123514 55011
39900 74236 35394
39900 282418 205281
39900 103414 25866
39900 113696 62773
39900 154207 70237
39900 68912 19832
39900 112723 56930
39900 67474 24813
39900 241334 156190
39900 54271 10634
39900 115255 76520
39900 48037 8197
39900 173366 101617
39900 110439 63387
39900 97493 43070
39900 174925 119766
39900 98148 51385
39900 158229 105302
39900 78006 18978
39900 152929 74701
39900 66420 26286
39900 87229 38894
39900 105531 65453
39900 59736 19062
39900 113770 69230
39900 90113 40730
39900 79059 6755
39900 124164 50926
39900 134690 72031
39900 71421 29682
39900 78711 32167
39900 79149 40113
39900 118341 44318
39900 74946 25136
39900 81159 41524
39900 140312 62005
39900 145004 101343
39900 77375 28785
39900 86521 46386
39900 84590 40167
39900 58217 14496
39900 138234 53134
39900 75396 34406
39900 80038 27022
39900 123369 67226
39900 86847 45334
39900 113105 55080
40000 122566 43427
40000 136246 78292
40000 149434 88343
40000 153695 82689
40000 85545 35008
40000 77324 35928
40000 96708 51559
40000 139309 96986
40000 61572 15157
40000 65700 27744
40000 82487 7780
40000 55555 12088
40000 114320 66126
40000 106129 44827
40000 70334 29491
40000 182275 107897
40000 133500 40509
40000 98841 47227
40000 145308 81563
40000 162334 77191
40000 104264 56511
40000 84148 20534
40000 66284 22329
40000 75860 15988
40000 93103 47201
40000 109219 61139
40000 96933 15100
40000 137517 95509
40000 56928 15706
40000 51971 10857
40000 122039 76868
40000 70120 30793
40000 124394 71234
40000 76959 37591
40000 89740 48788
40000 101862 50247
40000 86325 10321
40000 112212 57340
40000 129397 78038
40000 110035 32832
40000 143204 102643
40000 109496 62165
40000 87845 36545
40000 114627 73218
40000 147893 78549
40000 65064 25047
40000 123050 66206
40000 75078 31931
40000 139843 99187
40000 117083 51936
40100 103494 54405
40100 87967 14207
40100 49110 8727
40100 71034 21477
40100 118249 56322
40100 162907 105055
40100 67663 26270
40100 84559 41325
40100 88803 50024
40100 95265 46986
40100 75263 37291
40100 113577 74304
40100 105644 39569
40100 182629 111744
40100 122357 53545
40100 67425 19601
40100 121925 60293
40100 93848 54132
40100 64264 15626
40100 147946 106614
40100 116469 54584
40100 81663 33570
40100 64274 22804
40100 138482 83684
40100 57973 15089
40100 145887 76266
40100 76786 37279
40100 114552 76809
40100 146231 103505
40100 117073 52344
40100 61745 17370
40100 114727 55959
40100 99425 22716
40100 89842 40167
40100 214978 140359
40100 129823 52112
40100 131328 87137
40100 144917 86422
40100 160895 91108
40100 104775 49290
40100 47585 10341
40100 87023 31860
40100 89176 39395
40100 118708 45008
40100 86209 36231
40100 112031 66661
40100 222090 179429
40100 77865 32875
40100 66139 20953
40100 128798 83151
40200 136829 78716
40200 87201 47216
40200 58476 10870
40200 147264 98133
40200 195278 121347
40200 151040 86414
40200 93793 41609
40200 144274 100369
40200 146801 102162
40200 73795 25431
40200 103405 57298
40200 110401 61340
40200 87714 32252
40200 95925 45151
40200 70224 27020
40200 93745 49669
40200 193187 113814
40200 88027 43072
40200 135610 23965
40200 75535 19202
40200 82171 39793
40200 76339 29368
40200 168381 118534
40200 50165 11034
40200 105833 68506
40200 123572 64471
40200 127034 69574
40200 54301 11811
40200 66691 23977
40200 63652 22475
40200 131729 85777
40200 103881 46788
40200 89161 47123
40200 81787 32918
40200 122032 70852
40200 256368 179736
40200 70767 14832
40200 128223 57614
40200 140330 97922
40200 135827 76056
40200 69988 20669
40200 50935 9868
40200 142307 64876
40200 67342 21087
40200 74475 21681
40200 99792 44624
40200 103085 56341
40200 163578 87053
40200 97003 48740
40200 147068 101689
40300 64208 23230
40300 50386 11095
40300 89908 45347
40300 120100 59512
40300 105820 56129
40300 78477 34812
40300 132265 75153
40300 150950 107698
40300 157407 101810
40300 115430 59135
40300 118029 62457
40300 112226 19681
40300 128756 65000
40300 97371 54098
40300 94417 45822
40300 47332 9662
40300 132021 85107
40300 113828 70060
40300 89436 31420
40300 60046 15674
40300 81743 26677
40300 109475 32488
40300 151827 107789
40300 167767 101176
40300 123280 68841
40300 79948 30786
40300 77795 25168
40300 74627 26067
40300 105883 24413
40300 151888 73108
40300 49537 10508
40300 59671 17946
40300 111980 46365
40300 90469 16946
40300 164818 43405
40300 84554 44797
40300 107653 60063
40300 76049 22801
40300 111195 60208
40300 61543 18396
40300 150761 83264
40300 45639 8938
40300 85380 43571
40300 90974 46671
40300 121338 71871
40300 90324 41151
40300 98336 57574
40300 114284 66533
40300 133009 57047
40300 48345 10060
40400 142364 100695
40400 92315 40768
40400 106388 61312
40400 67556 25374
40400 97242 41751
40400 117777 66958
40400 136113 70403
40400 64372 19819
40400 134373 87065
40400 50870 11919
40400 65837 28553
40400 88379 42653
40400 130900 64390
40400 70518 24544
40400 101211 41089
40400 106428 63957
40400 149375 72207
40400 177909 102665
40400 119425 76890
40400 121570 40289
40400 89081 32600
40400 138472 64006
40400 115858 77696
40400 93805 47282
40400 72422 32400
40400 129748 83453
40400 62543 25526
40400 147060 74717
40400 56812 12340
40400 58848 20066
40400 133129 78207
40400 120494 75651
40400 122508 78178
40400 80563 31876
40400 97170 47568
40400 172958 125661
40400 112573 67151
40400 123672 35230
40400 151152 97147
40400 104845 62536
40400 78208 27940
40400 81853 39138
40400 70991 32321
40400 109773 58821
40400 87799 47586
40400 104281 47464
40400 87853 34656
40400 184770 99184
40400 73772 29723
40400 158726 90031
40500 61988 22807
40500 91285 12068
40500 108762 56357
40500 55387 13644
40500 113199 62491
40500 65035 15721
40500 99666 53012
40500 129890 73962
40500 151157 93618
40500 117313 34586
40500 180121 132987
40500 98407 35691
40500 69794 22124
40500 156492 76786
40500 85736 41324
40500 137852 92951
40500 74480 29765
40500 55530 15909
40500 120793 80237
40500 73251 32675
40500 74478 23438
40500 90913 48739
40500 158024 93574
40500 108964 49572
40500 143328 94413
40500 109849 60805
40500 73461 19315
40500 83268 46628
40500 159947 114576
40500 120925 78967
40500 120003 68240
40500 55697 15318
40500 124678 75372
40500 73963 26965
40500 77888 26713
40500 51507 8995
40500 71445 24526
40500 122015 85148
40500 60636 15706
40500 176431 101631
40500 133182 91961
40500 62334 16218
40500 101940 50743
40500 168551 121223
40500 135441 91414
40500 101251 52276
40500 129938 55722
40500 149106 44733
40500 63850 14871
40500 161122 86632
40600 68218 21107
40600 92076 46799
40600 83948 42083
40600 86562 36979
40600 102094 51922
40600 113803 49386
40600 200827 105626
40600 84706 29652
40600 138601 86801
40600 103509 43765
40600 74128 30273
40600 105975 59440
40600 162361 85571
40600 129446 84849
40600 52315 10346
40600 237473 172577
40600 82788 23084
40600 90718 31447
40600 182631 105823
40600 75189 26067
40600 118303 70839
40600 95786 55406
40600 81274 39775
40600 154811 67758
40600 81762 27783
40600 125699 47255
40600 80221 25296
40600 113630 62319
40600 248983 192321
40600 93593 51500
40600 162428 91422
40600 97696 47323
40600 137223 77749
40600 100589 40595
40600 89517 38563
40600 59684 12233
40600 125063 47894
40600 132516 49799
40600 78583 25514
40600 83957 42107
40600 145175 67632
40600 91639 34857
40600 121525 77688
40600 146810 96613
40600 129690 82607
40600 173258 131818
40600 80014 39313
40600 80564 37833
40600 161742 92435
40600 193221 73638
40700 74491 24618
40700 80015 32418
40700 82996 35082
40700 100209 43279
40700 85712 38219
40700 136711 53997
40700 77175 33272
40700 135008 59797
40700 87951 43076
40700 118603 81525
40700 89152 43440
40700 113293 64482
40700 73295 22826
40700 83272 31210
40700 68692 29651
40700 98436 56356
40700 61308 20904
40700 142003 99195
40700 71496 32043
40700 103358 47193
40700 156680 102709
40700 110438 69991
40700 176223 102592
40700 63583 25051
40700 63547 18822
40700 69137 29105
40700 146606 58575
40700 85151 28092
40700 127643 50152
40700 133046 88064
40700 133706 80465
40700 110615 53815
40700 131422 71654
40700 170026 107519
40700 76127 24366
40700 50044 11357
40700 105950 60897
40700 106644 58823
40700 167112 108687
40700 90357 27319
40700 93895 48175
40700 106306 60491
40700 94001 31594
40700 143152 81853
40700 125310 77521
40700 58546 13438
40700 73724 29572
40700 92694 42985
40700 116689 43601
40700 90472 45896
40800 93738 32448
40800 152585 90860
40800 57352 14436
40800 52751 12600
40800 65106 18830
40800 81778 37509
40800 137845 88370
40800 89373 42769
40800 113854 23870
40800 149731 108420
40800 93450 52491
40800 107382 66137
40800 53433 12973
40800 103137 44959
40800 124964 50439
40800 110759 66659
40800 99029 19528
40800 105047 28244
40800 147505 109403
40800 65976 18137
40800 116002 47957
40800 78045 36149
40800 66794 15542
40800 131184 57763
40800 65483 16657
40800 98048 53390
40800 103620 54481
40800 147306 106907
40800 109457 31061
40800 112423 58818
40800 170697 78150
40800 103798 58334
40800 146097 86742
40800 113369 32362
40800 92333 50692
40800 77424 31944
40800 116573 43076
40800 79174 37759
40800 131562 74443
40800 119649 63390
40800 52850 12193
40800 69736 31692
40800 112170 54824
40800 128056 51278
40800 127071 59587
40800 115995 33727
40800 57263 15333
40800 79851 41876
40800 85483 38049
40800 158880 117961
40900 56057 18002
40900 74690 29089
40900 117080 51999
40900 192643 120138
40900 92755 49301
40900 47990 8698
40900 70241 25284
40900 96715 42063
40900 90062 38933
40900 113169 68907
40900 95285 45177
40900 85574 42386
40900 141113 81264
40900 66841 24619
40900 75113 30249
40900 93978 47503
40900 62043 17125
40900 206819 115500
40900 67350 16787
40900 52850 11833
40900 72923 18501
40900 100537 57195
40900 62959 20717
40900 132604 57132
40900 185021 105056
40900 100569 60278
40900 157554 81819
40900 128986 62950
40900 110480 66277
40900 151273 74642
40900 70358 22751
40900 142081 58505
40900 134315 85498
40900 75224 34530
40900 82782 39782
40900 104625 65152
40900 79248 26812
40900 76781 35351
40900 63662 15512
40900 124057 55813
40900 116339 73498
40900 127198 71614
40900 138578 63403
40900 110002 65078
40900 66167 19130
40900 46881 9179
40900 54410 13196
40900 93828 12689
40900 132713 72314
40900 79821 34342
41000 71441 19043
41000 81705 30086
41000 156406 81332
41000 120972 52455
41000 95965 50952
41000 105279 41893
41000 105389 63190
41000 65093 23665
41000 69684 24567
41000 129477 69351
41000 56350 13803
41000 71577 15091
41000 80474 37529
41000 115235 47613
41000 80613 37481
41000 86933 47157
41000 108081 46654
41000 97681 58751
41000 109042 64414
41000 91334 41406
41000 67318 18247
41000 101636 54389
41000 101539 44508
41000 105824 19176
41000 84194 41242
41000 76721 31244
41000 143154 63474
41000 102424 51169
41000 62083 17589
41000 142464 97295
41000 136425 82146
41000 73999 21708
41000 104133 60451
41000 70644 24095
41000 110956 62531
41000 134793 82358
41000 116809 78490
41000 112037 66674
41000 104294 61249
41000 130815 51941
41000 160104 109162
41000 108977 57172
41000 106530 61079
41000 99460 44180
41000 95499 45126
41000 162705 107962
41000 122352 82596
41000 178229 108068
41000 76260 34605
41000 91977 41709
41100 78547 36869
41100 62359 20788
41100 90214 47664
41100 56206 11680
41100 85955 9743
41100 101194 52133
41100 90857 42023
41100 101394 25227
41100 83811 29046
41100 58440 10330
41100 136356 91539
41100 54670 12975
41100 85021 6666
41100 88503 26988
41100 110701 36501
41100 93867 45431
41100 76086 30076
41100 142243 93096
41100 73320 31655
41100 64845 23938
41100 83141 27664
41100 75698 30793
41100 69990 21234
41100 82991 37605
41100 116610 66611
41100 65028 25236
41100 121220 75917
41100 116295 70772
41100 60199 20540
41100 142337 51494
41100 104182 57022
41100 80595 28765
41100 80753 40657
41100 126586 83072
41100 50201 9517
41100 85009 34393
41100 135556 68442
41100 70109 16147
41100 76560 32955
41100 144935 78899
41100 140854 70189
41100 124319 70762
41100 97650 48025
41100 76818 22303
41100 129014 86313
41100 132442 84707
41100 62391 18228
41100 115848 46602
41100 111248 59905
41100 102325 51863
41200 128445 84275
41200 61581 20114
41200 134156 50699
41200 104701 55159
41200 78878 22523
41200 69274 22639
41200 84991 37924
41200 78838 37026
41200 127008 65305
41200 120893 44671
41200 83260 34412
41200 95377 21236
41200 94625 48835
41200 92526 45157
41200 99709 37277
41200 133816 47273
41200 69814 22486
41200 140018 75497
41200 97306 55534
41200 151732 81947
41200 137580 80320
41200 98275 53780
41200 127874 81405
41200 89585 47311
41200 103889 29862
41200 62123 15440
41200 126830 54659
41200 103786 58733
41200 90488 29431
41200 87331 49163
41200 125814 79018
41200 143407 102839
41200 187988 83701
41200 95629 46753
41200 89325 44698
41200 185888 108636
41200 104634 44094
41200 151580 92879
41200 120064 49552
41200 85907 39432
41200 85680 35754
41200 110200 69968
41200 81660 43009
41200 151212 92761
41200 54543 13905
41200 91152 36667
41200 180230 134632
41200 105149 52090
41200 107138 63019
41200 118527 44994
41300 82740 37255
41300 125937 33961
41300 137587 79840
41300 53642 11238
41300 70461 28118
41300 101406 43185
41300 134176 82796
41300 61987 16456
41300 157227 114055
41300 137347 93381
41300 107580 39270
41300 57438 11628
41300 178364 121516
41300 155526 107844
41300 56240 16881
41300 207864 124199
41300 159500 68712
41300 160089 69994
41300 73231 34339
41300 159885 105810
41300 118618 64897
41300 77683 36267
41300 51885 14287
41300 109447 61502
41300 85794 41476
41300 73864 33720
41300 103139 63085
41300 80357 39361
41300 90867 31552
41300 102537 48943
41300 140683 85358
41300 59498 15727
41300 87633 45582
41300 64586 19706
41300 91508 51265
41300 91824 42896
41300 101191 53685
41300 168288 105896
41300 78911 34855
41300 99001 14823
41300 82902 31555
41300 66804 17796
41300 110147 61299
41300 82109 40769
41300 197529 125570
41300 90955 45450
41300 98461 56156
41300 141280 76527
41300 84624 30525
41300 139182 89484
41400 55793 13217
41400 95244 50952
41400 115335 52153
41400 55768 11827
41400 129323 66736
41400 62452 23061
41400 114101 68667
41400 146363 65927
41400 55111 11498
41400 169286 103331
41400 57879 15439
41400 93397 51479
41400 70867 31385
41400 84191 33695
41400 215983 125673
41400 107064 62652
41400 182725 106473
41400 134555 86102
41400 119111 67034
41400 132904 89265
41400 127425 63544
41400 110778 67745
41400 106223 41209
41400 204660 139401
41400 157636 105894
41400 123546 65747
41400 83169 34824
41400 108215 48229
41400 144714 60932
41400 94746 54585
41400 129938 80170
41400 55998 15335
41400 88458 35040
41400 78372 34369
41400 96879 51718
41400 100274 50603
41400 83680 34960
41400 57533 17481
41400 140720 82236
41400 139276 76279
41400 65930 20290
41400 100566 59837
41400 88281 38626
41400 124114 72027
41400 125818 80878
41400 125399 45415
41400 169779 116971
41400 143388 72415
41400 133310 48077
41400 142967 68417
41500 127483 76895
41500 81682 39297
41500 104251 45323
41500 79643 33744
41500 98873 20985
41500 151429 107972
41500 77116 35965
41500 102544 56074
41500 93105 49868
41500 78543 36902
41500 137945 89801
41500 90309 37679
41500 109100 68321
41500 89735 48709
41500 94019 46615
41500 70409 17655
41500 99644 52851
41500 61101 15606
41500 115307 45036
41500 104872 53688
41500 141696 92256
41500 214063 96258
41500 158835 108713
41500 94990 57094
41500 95629 44114
41500 107065 56473
41500 79324 36314
41500 90672 44791
41500 49481 8748
41500 151290 96212
41500 86116 25684
41500 288201 138209
41500 67237 20188
41500 68095 20723
41500 137881 70310
41500 271297 183521
41500 96034 44659
41500 125023 73893
41500 87037 11052
41500 126204 58374
41500 144089 99742
41500 99880 44040
41500 110635 68224
41500 123869 34330
41500 134616 67102
41500 135446 40785
41500 86925 41029
41500 164293 109642
41500 62283 19449
41500 65158 25783
41600 72197 32904
41600 97112 54750
41600 89910 48425
41600 69789 18615
41600 87882 34247
41600 129202 59253
41600 122406 70935
41600 100734 54240
41600 70568 26246
41600 170562 87209
41600 139134 97701
41600 69034 16629
41600 52492 10167
41600 115761 37207
41600 135342 90069
41600 85664 41016
41600 111763 62486
41600 80193 39224
41600 74374 32579
41600 91259 43042
41600 88267 42783
41600 117794 59422
41600 170557 68975
41600 133937 93697
41600 108687 38556
41600 71633 22456
41600 69321 23473
41600 74066 27320
41600 109953 55374
41600 87453 45110
41600 60514 15244
41600 68626 15704
41600 69294 20213
41600 97844 45434
41600 187607 120882
41600 104197 47975
41600 180257 107784
41600 88547 44422
41600 115799 54640
41600 71816 26894
41600 114139 67783
41600 108948 68686
41600 65419 25634
41600 66904 24870
41600 136542 63340
41600 118689 66887
41600 98057 44929
41600 131225 89346
41600 107289 62641
41600 153108 72303
41700 54979 12865
41700 101533 55600
41700 62832 19678
41700 113412 65572
41700 81212 29920
41700 134539 54255
41700 136655 70860
41700 169370 122314
41700 72116 18587
41700 91620 47141
41700 122061 69640
41700 157677 110710
41700 141548 64699
41700 154761 94874
41700 119818 60404
41700 130310 71669
41700 81314 27113
41700 122052 82221
41700 154945 100711
41700 53375 11560
41700 109710 44856
41700 55273 10435
41700 125101 80814
41700 88203 46343
41700 149247 90291
41700 54593 11496
41700 246970 203160
41700 114811 43105
41700 146199 96710
41700 129690 71394
41700 118765 65240
41700 101840 60182
41700 130038 87814
41700 93945 53994
41700 102087 43830
41700 99822 21216
41700 55274 12311
41700 108118 18339
41700 158763 87385
41700 80460 35578
41700 74648 23729
41700 69227 26444
41700 113193 66930
41700 136682 57150
41700 114192 68092
41700 172424 94807
41700 167625 90418
41700 93979 51429
41700 65043 17836
41700 92788 8440
41800 123233 79781
41800 76283 26377
41800 100614 52561
41800 107687 58973
41800 55978 14816
41800 88753 35988
41800 83479 35664
41800 99713 34888
41800 133711 67617
41800 77800 29213
41800 139751 72924
41800 141997 89730
41800 115585 62396
41800 77540 36837
41800 87028 43263
41800 117619 40491
41800 63417 14097
41800 100414 55153
41800 150398 96087
41800 127728 69499
41800 111804 35133
41800 76640 23300
41800 86235 34355
41800 93900 52749
41800 241639 194335
41800 188133 136437
41800 69713 23555
41800 147692 71424
41800 177434 126394
41800 77198 27774
41800 63613 21072
41800 258631 201837
41800 99137 49505
41800 244649 196177
41800 140561 75632
41800 144900 91782
41800 106588 62806
41800 109260 62545
41800 82996 39634
41800 95005 26559
41800 116046 61836
41800 79139 32918
41800 124131 77195
41800 69687 29800
41800 107019 64076
41800 107573 67644
41800 210351 156705
41800 135980 67775
41800 55088 11692
41800 136029 61091
41900 106057 59638
41900 180142 76782
41900 175576 88690
41900 94432 51397
41900 135282 55574
41900 97251 46222
41900 111326 29074
41900 139353 56639
41900 182737 123246
41900 150970 71805
41900 118285 78234
41900 146650 73894
41900 139974 72582
41900 97569 42638
41900 113092 63481
41900 198910 118615
41900 110287 58617
41900 151240 73733
41900 56557 10214
41900 139714 80886
41900 77792 25034
41900 86242 40691
41900 100606 54622
41900 63167 15422
41900 208228 134582
41900 164541 84808
41900 57141 13063
41900 123376 54770
41900 68419 27529
41900 79858 26550
41900 137972 87713
41900 171352 129193
41900 68376 21480
41900 87813 41647
41900 124839 63618
41900 152834 73600
41900 64737 25442
41900 112124 62916
41900 154268 108739
41900 64563 21575
41900 77995 35058
41900 146516 75973
41900 152952 104860
41900 102007 35093
41900 120019 66846
41900 91159 41359
41900 63588 16612
41900 129467 85357
41900 74277 23025
41900 102936 52314
42000 117440 55618
42000 251820 195202
42000 89440 31595
42000 94053 11383
42000 131705 70137
42000 100331 58375
42000 183461 101128
42000 150628 100868
42000 79312 22101
42000 76473 25777
42000 123899 73521
42000 212980 159613
42000 104476 46222
42000 52972 9690
42000 190854 108625
42000 103284 52854
42000 85044 41445
42000 97847 52282
42000 86491 29691
42000 145649 29703
42000 97600 40262
42000 101681 49672
42000 113741 47356
42000 82237 6629
42000 116210 71423
42000 68443 11099
42000 117132 64375
42000 108418 50664
42000 167057 101070
42000 147844 51136
42000 152240 101264
42000 92590 40868
42000 70888 24475
42000 74380 25608
42000 59517 15576
42000 109593 57195
42000 97728 42993
42000 140942 50391
42000 108937 61642
42000 87132 40488
42000 110921 43523
42000 219032 118048
42000 84941 39379
42000 52283 10850
42000 66437 16247
42000 83498 39878
42000 197397 71375
42000 142181 102040
42000 89195 32751
42000 76438 30649
42100 140708 83254
42100 62430 16231
42100 72293 29169
42100 93589 51098
42100 90776 45197
42100 146755 95037
42100 104712 65096
42100 56676 12021
42100 99411 56524
42100 161279 115912
42100 106600 64458
42100 97271 45434
42100 108671 66471
42100 160401 119957
42100 92253 48824
42100 82141 27880
42100 101700 59412
42100 157617 72887
42100 57196 11963
42100 102625 62363
42100 132556 78829
42100 90943 15112
42100 56932 14739
42100 113859 71449
42100 87874 27477
42100 63180 19992
42100 62382 15695
42100 123564 44315
42100 140134 94942
42100 94214 49936
42100 140304 91900
42100 67929 26122
42100 91996 47592
42100 97514 34473
42100 128671 56974
42100 106732 36310
42100 129246 79113
42100 108026 55188
42100 105153 53585
42100 56579 13894
42100 138009 51828
42100 124898 70692
42100 91422 49979
42100 136315 84874
42100 117855 68008
42100 96937 47571
42100 135642 81964
42100 143561 68279
42100 71142 21000
42100 124557 56204
42200 125557 38787
42200 100679 46877
42200 128227 61974
42200 68936 15758
42200 83632 36221
42200 100429 37894
42200 142680 94655
42200 140156 49688
42200 120782 70050
42200 121347 78922
42200 120867 43187
42200 224106 171854
42200 63203 22302
42200 103913 27604
42200 62833 15244
42200 93960 43897
42200 91304 43231
42200 151702 77383
42200 79681 33201
42200 95989 51486
42200 117210 39073
42200 108644 58814
42200 97973 48020
42200 181835 124096
42200 115216 63760
42200 114348 72942
42200 135612 88389
42200 56305 10156
42200 171868 78207
42200 151616 104489
42200 87829 36540
42200 122266 39443
42200 92903 45828
42200 171059 90201
42200 56609 13996
42200 168164 91739
42200 147682 93922
42200 84034 37999
42200 48589 8715
42200 167892 94696
42200 103180 60562
42200 113904 65534
42200 168870 113452
42200 184450 115622
42200 89099 38552
42200 92451 41830
42200 106368 63339
42200 119553 79702
42200 173688 122769
42200 105912 24778
42300 56646 13240
42300 101176 50794
42300 94455 51235
42300 102865 53579
42300 115749 69640
42300 77288 23387
42300 104270 57210
42300 85930 43901
42300 83588 35751
42300 191831 136837
42300 119207 78264
42300 105066 57310
42300 99702 51610
42300 128386 85680
42300 163129 117820
42300 113863 69628
42300 80639 33604
42300 130847 89089
42300 73544 32156
42300 133442 82616
42300 174835 127130
42300 123014 73824
42300 81908 30296
42300 151202 101914
42300 136725 77330
42300 78136 33121
42300 88168 40040
42300 139431 75476
42300 105603 55353
42300 98318 53821
42300 81021 27102
42300 96799 58496
42300 83498 36096
42300 115273 60773
42300 82215 31111
42300 131452 69698
42300 159979 101228
42300 102181 47814
42300 100250 55998
42300 95821 44082
42300 165937 77061
42300 120358 69190
42300 104173 59371
42300 142476 71173
42300 177063 117003
42300 177014 106829
42300 104777 62818
42300 87579 46472
42300 120431 23434
42300 84126 37668
42400 70913 27811
42400 92530 52628
42400 94460 45504
42400 69907 16895
42400 89878 32308
42400 94872 14259
42400 83126 39383
42400 93139 33983
42400 154622 95810
42400 80982 38347
42400 112024 64309
42400 95039 50828
42400 73584 28657
42400 99515 40841
42400 108070 53553
42400 122225 58102
42400 118362 75955
42400 162734 86188
42400 74354 20617
42400 222890 171616
42400 59722 14383
42400 91205 46848
42400 133157 60098
42400 185200 135192
42400 53690 12825
42400 138376 78875
42400 128401 69468
42400 70429 28676
42400 128114 40608
42400 79572 30681
42400 76879 23540
42400 99507 53446
42400 75310 30191
42400 50405 10160
42400 107384 65603
42400 95354 41477
42400 102446 55937
42400 129473 83698
42400 122024 73956
42400 115110 66575
42400 153177 64443
42400 73559 26521
42400 209308 136197
42400 125162 48796
42400 248643 160811
42400 63218 13618
42400 102649 57251
42400 135214 53122
42400 116957 65226
42400 89098 40526
42500 100326 50887
42500 157832 104709
42500 96572 44948
42500 98025 19470
42500 60088 14401
42500 96539 21609
42500 66775 26409
42500 92382 43971
42500 113480 70341
42500 116478 49484
42500 94700 49382
42500 134158 81513
42500 142374 81640
42500 111455 55358
42500 76199 26460
42500 87894 39920
42500 155058 66748
42500 166974 102336
42500 73665 16615
42500 115404 43275
42500 91658 52932
42500 91320 46075
42500 71964 24227
42500 82548 35779
42500 73898 27234
42500 120386 80847
42500 145053 101339
42500 53920 10697
42500 145340 60378
42500 68511 26925
42500 118282 75036
42500 112106 55378
42500 142205 83635
42500 91947 50510
42500 177222 99899
42500 75858 33590
42500 164263 100928
42500 128960 39306
42500 69782 26227
42500 96189 36162
42500 90497 43245
42500 132892 77661
42500 170641 103419
42500 153351 93598
42500 70332 30617
42500 61124 17691
42500 103515 41627
42500 81501 33700
42500 117406 70761
42500 112558 50955
42600 92920 46088
42600 130674 7807
42600 72723 23428
42600 153190 65111
42600 94929 49601
42600 82704 37252
42600 118528 75692
42600 116032 71643
42600 148018 101621
42600 129564 53321
42600 85024 41995
42600 203888 102095
42600 89060 27883
42600 93182 46926
42600 162361 98318
42600 76795 28934
42600 109981 56633
42600 129494 68259
42600 155158 82585
42600 119395 36590
42600 84958 27785
42600 200291 149765
42600 93393 43150
42600 193706 153176
42600 86971 44426
42600 116607 69920
42600 54799 9608
42600 106437 49453
42600 96042 50938
42600 98705 56835
42600 62272 22757
42600 133873 51262
42600 113061 71837
42600 57459 15405
42600 76855 34919
42600 123797 75525
42600 64594 14494
42600 72534 26493
42600 181816 55005
42600 83125 5411
42600 145348 89717
42600 127376 88556
42600 85249 32450
42600 97962 47531
42600 109476 25533
42600 123014 78433
42600 108701 53764
42600 84656 42302
42600 126974 79085
42600 89289 41970
42700 76910 28001
42700 118663 44821
42700 82735 23045
42700 98882 51783
42700 97312 48568
42700 119975 74418
42700 121500 80247
42700 116003 74235
42700 116582 37935
42700 126117 82904
42700 72486 19964
42700 61109 12434
42700 148603 87211
42700 120773 61689
42700 96426 42498
42700 96885 46702
42700 101475 40538
42700 61996 19321
42700 90690 43510
42700 97989 43226
42700 114091 46714
42700 82861 33417
42700 75412 29760
42700 61843 18829
42700 95619 40622
42700 125939 66191
42700 98420 48758
42700 59054 11343
42700 114707 72960
42700 102049 20714
42700 121243 72868
42700 68280 26798
42700 65654 14969
42700 79423 32073
42700 140128 59461
42700 108259 44927
42700 127833 70561
42700 114793 66038
42700 70052 27493
42700 55932 9130
42700 95766 40975
42700 60852 12853
42700 139374 84807
42700 140610 85923
42700 66106 16860
42700 90414 42492
42700 92238 35077
42700 63865 13295
42700 115703 72753
42700 159007 106311
42800 204252 151725
42800 124464 83308
42800 99090 54885
42800 109032 56633
42800 82969 23050
42800 97924 57292
42800 105973 45236
42800 124815 73683
42800 101203 35856
42800 111095 44781
42800 106734 65982
42800 153313 75854
42800 122977 49084
42800 71235 28484
42800 118424 73846
42800 108326 61041
42800 59714 13481
42800 85622 38721
42800 212874 130583
42800 93747 44971
42800 145075 98514
42800 160037 87193
42800 96735 54243
42800 109033 50155
42800 168903 85165
42800 76641 24482
42800 107214 63631
42800 100778 44574
42800 68742 26367
42800 214095 104811
42800 192149 108331
42800 152440 52364
42800 135268 58057
42800 157887 115329
42800 174422 109493
42800 54794 10285
42800 97734 41917
42800 219486 136135
42800 142462 65877
42800 142463 85875
42800 89833 42321
42800 113110 46417
42800 110725 62554
42800 148827 74187
42800 108923 22652
42800 143098 18326
42800 112206 56363
42800 95202 42389
42800 73124 22707
42800 128357 68504
42900 98414 58534
42900 162027 115042
42900 177132 92238
42900 103843 63547
42900 91554 41011
42900 86901 44554
42900 93643 44265
42900 133717 46235
42900 84493 37199
42900 118246 71644
42900 111318 68596
42900 76262 30239
42900 102130 54146
42900 70100 25935
42900 174215 96385
42900 119868 65190
42900 97479 46650
42900 85426 43943
42900 174468 131289
42900 101364 58638
42900 54291 13019
42900 60052 15239
42900 88807 34333
42900 112741 65022
42900 166689 104199
42900 72078 30594
42900 95382 29184
42900 121263 67422
42900 75174 25881
42900 78360 18142
42900 135762 83035
42900 121410 64386
42900 64647 17908
42900 110172 48871
42900 88914 37087
42900 115588 69239
42900 93297 43686
42900 76495 24784
42900 149053 75591
42900 121777 77615
42900 99828 54330
42900 92852 44595
42900 177068 126207
42900 143119 20977
42900 72570 23347
42900 112757 59113
42900 56510 15663
42900 86420 35482
42900 86634 30301
42900 91203 51022
43000 95576 45519
43000 115380 76125
43000 114458 58652
43000 151813 24952
43000 133100 69192
43000 113487 69237
43000 103170 41218
43000 138119 86294
43000 148656 79275
43000 60701 18563
43000 171782 106970
43000 137091 93356
43000 174825 123529
43000 151257 89193
43000 82059 36215
43000 87587 45308
43000 72450 19154
43000 102437 58130
43000 127614 81896
43000 152627 82563
43000 159245 103011
43000 93957 50563
43000 116957 42410
43000 109474 55699
43000 121981 73160
43000 115871 19900
43000 70900 22348
43000 96040 40334
43000 113094 64882
43000 117481 57707
43000 78368 33936
43000 87375 42547
43000 117250 65385
43000 54991 10368
43000 121197 76067
43000 136789 95326
43000 77219 35278
43000 115854 58105
43000 96655 51754
43000 100311 44128
43000 93755 50558
43000 95351 31712
43000 125261 76850
43000 137164 77939
43000 150184 72600
43000 98080 48121
43000 124082 64185
43000 154048 87062
43000 116549 57754
43000 114577 38327
43100 203032 117980
43100 151660 110647
43100 136641 54165
43100 59789 19196
43100 98843 48719
43100 121644 77621
43100 91679 30695
43100 54725 10592
43100 150846 102959
43100 76016 30079
43100 176536 109405
43100 96236 37894
43100 60067 16365
43100 103028 59488
43100 152442 72705
43100 78444 26535
43100 87791 34354
43100 79005 35486
43100 67294 16682
43100 77339 28210
43100 99506 55334
43100 122215 32575
43100 192767 102857
43100 93350 11393
43100 129345 39634
43100 135029 71378
43100 162868 117613
43100 145812 64090
43100 86100 42533
43100 163938 112948
43100 92493 45331
43100 71622 27929
43100 89218 31647
43100 153914 65301
43100 65960 24226
43100 88500 40552
43100 85281 20979
43100 129285 74017
43100 186202 100364
43100 68578 22581
43100 62424 14181
43100 170068 88770
43100 186816 131559
43100 96036 50867
43100 101966 52281
43100 97777 55660
43100 83641 25471
43100 71415 22532
43100 99401 56532
43100 220232 148670
43200 75716 27537
43200 175473 85992
43200 158400 114059
43200 120952 31605
43200 130332 38427
43200 149214 105273
43200 77737 30147
43200 194410 91801
43200 83885 37408
43200 104635 46770
43200 138183 90585
43200 152491 69077
43200 61405 19978
43200 96740 51759
43200 174124 126698
43200 105831 62224
43200 128438 86413
43200 129750 48261
43200 182100 133077
43200 233403 189019
43200 105217 38762
43200 132494 79888
43200 89863 35676
43200 78175 33327
43200 77333 25191
43200 91189 44456
43200 108966 67651
43200 64082 19160
43200 171928 44606
43200 104622 40703
43200 131377 71810
43200 146880 58611
43200 174105 86633
43200 94176 41402
43200 128288 47197
43200 128239 68607
43200 103744 47818
43200 98392 42653
43200 98499 51351
43200 67469 17236
43200 126688 48511
43200 94610 48762
43200 95160 41280
43200 158496 117173
43200 184585 139017
43200 64310 18268
43200 117823 65269
43200 121547 40468
43200 109431 68094
43200 116498 61988
43300 168612 109874
43300 201463 77585
43300 140606 79976
43300 71552 17508
43300 73500 26361
43300 115395 64127
43300 109493 61154
43300 121768 61406
43300 103875 40604
43300 125115 76133
43300 90391 47683
43300 121829 68542
43300 170994 124751
43300 124072 76731
43300 155311 109451
43300 88405 36370
43300 53403 8969
43300 97557 52795
43300 87112 30283
43300 69589 16525
43300 138053 74687
43300 115110 62505
43300 115460 71415
43300 76840 23226
43300 137176 82520
43300 77330 37013
43300 103408 59284
43300 70030 23162
43300 87980 37186
43300 115052 63302
43300 76436 25477
43300 90950 37859
43300 61885 20269
43300 106392 57823
43300 79431 30881
43300 118774 74529
43300 91317 46609
43300 63714 16887
43300 97202 56020
43300 80240 23510
43300 137129 87490
43300 125281 51664
43300 109627 67038
43300 168510 76889
43300 125364 73255
43300 127301 81435
43300 124707 69275
43300 142625 88857
43300 160370 77638
43300 104745 53752
43400 132964 84485
43400 71924 26366
43400 114259 59021
43400 106076 52251
43400 121884 66014
43400 129199 79836
43400 193936 88598
43400 80238 20489
43400 98840 48192
43400 95639 50765
43400 98221 37322
43400 74074 20298
43400 90429 36255
43400 179035 84307
43400 99392 45959
43400 168937 125763
43400 156961 115649
43400 128985 47398
43400 126419 49934
43400 106219 22963
43400 124185 52945
43400 83542 36165
43400 78801 35344
43400 143196 67015
43400 138941 95067
43400 85236 40895
43400 110210 66141
43400 65152 20483
43400 204855 162806
43400 50642 10405
43400 135092 81038
43400 112648 68554
43400 70938 26311
43400 84344 35228
43400 145757 56930
43400 87855 31193
43400 80410 35728
43400 128216 69502
43400 153652 103461
43400 61929 11631
43400 75635 22117
43400 158728 76350
43400 187621 141610
43400 107615 26874
43400 147256 80211
43400 98686 36875
43400 147170 96278
43400 88291 43633
43400 73191 21522
43400 88998 47064
43500 136022 93339
43500 101787 51603
43500 84970 28080
43500 156824 64089
43500 131147 52717
43500 98523 19355
43500 78494 29067
43500 136985 93667
43500 67604 16546
43500 106165 27823
43500 87320 34379
43500 103459 47049
43500 132034 70816
43500 127262 74883
43500 121178 58923
43500 132448 36533
43500 87960 41490
43500 123587 65678
43500 84722 33865
43500 138709 82149
43500 75190 25940
43500 160164 105074
43500 122299 52133
43500 123053 60310
43500 78343 28146
43500 75241 31520
43500 136954 56327
43500 66617 20138
43500 149666 100863
43500 114674 59880
43500 81193 39925
43500 192697 109690
43500 64979 23462
43500 102920 53733
43500 65158 10085
43500 155887 42299
43500 105518 54076
43500 157063 107440
43500 109033 28704
43500 66649 24487
43500 173169 113564
43500 95221 47790
43500 118034 64728
43500 169045 112432
43500 89070 8866
43500 222483 122362
43500 65108 25582
43500 120290 73425
43500 55575 13446
43500 75432 20329
43600 85317 39043
43600 75385 31520
43600 147409 104548
43600 74114 23383
43600 164911 96440
43600 93064 13696
43600 140693 47313
43600 108345 61433
43600 101001 51721
43600 64926 16635
43600 116114 48201
43600 87881 35433
43600 111379 46649
43600 147696 58981
43600 69313 18610
43600 134811 88674
43600 71740 18019
43600 135971 84673
43600 122307 57835
43600 100005 60599
43600 148060 86100
43600 96985 46687
43600 126404 64819
43600 73601 27080
43600 59945 15516
43600 88017 42977
43600 56977 12991
43600 200833 72820
43600 132023 52275
43600 62636 15306
43600 85813 38659
43600 143801 79897
43600 88251 39957
43600 86940 40908
43600 106003 29714
43600 135705 43824
43600 113410 57152
43600 122842 69832
43600 175136 109330
43600 66774 21702
43600 165543 89781
43600 100541 53846
43600 104627 54071
43600 147025 90363
43600 166000 85453
43600 70104 30122
43600 75679 27321
43600 98900 48112
43600 138105 86009
43600 131483 50456
43700 111450 68141
43700 162450 82876
43700 94395 38712
43700 101306 10471
43700 170836 104728
43700 80996 40062
43700 94324 30212
43700 173143 104374
43700 110052 62371
43700 66953 23343
43700 69416 26651
43700 106615 66040
43700 90842 46867
43700 203508 152358
43700 118602 76939
43700 105609 53894
43700 122804 79751
43700 73529 29392
43700 84732 30471
43700 83403 39568
43700 99943 57091
43700 96143 47286
43700 146983 84085
43700 107476 53951
43700 97257 48822
43700 113945 54844
43700 127527 69433
43700 75392 18471
43700 167283 34102
43700 101417 51492
43700 85061 26231
43700 80095 34061
43700 96463 49610
43700 130043 56248
43700 96077 36202
43700 188000 108546
43700 161045 95626
43700 80450 25134
43700 100397 35770
43700 127200 72411
43700 58226 15637
43700 97278 52729
43700 99356 15083
43700 98991 33913
43700 83760 37392
43700 102895 58766
43700 166328 112829
43700 124358 72250
43700 100190 16214
43700 67037 15995
43800 154622 33169
43800 136465 71515
43800 158067 105262
43800 88102 30422
43800 97716 46952
43800 89406 20861
43800 132415 86140
43800 153143 96583
43800 87571 41532
43800 202915 97662
43800 124700 75768
43800 142076 93575
43800 131988 81038
43800 214654 158307
43800 86133 28453
43800 67932 25661
43800 133240 60418
43800 137496 57345
43800 115383 52282
43800 98436 56241
43800 68351 20473
43800 105232 13748
43800 67123 27029
43800 85425 38710
43800 106327 63533
43800 95510 45276
43800 160605 69566
43800 67814 18908
43800 79458 25792
43800 138961 74325
43800 116312 61581
43800 65481 17353
43800 111317 43267
43800 98986 29683
43800 115696 73264
43800 167377 99123
43800 76624 35321
43800 89049 43661
43800 92189 48332
43800 229623 160788
43800 119367 69885
43800 155257 109336
43800 91198 42741
43800 163327 78431
43800 59960 16571
43800 73727 26805
43800 84406 33051
43800 111087 58309
43800 175062 101402
43800 179029 94125
43900 88554 33017
43900 96427 32218
43900 155727 92511
43900 119014 76367
43900 103144 44462
43900 116017 73354
43900 166170 66184
43900 218645 96884
43900 178643 132080
43900 132528 65632
43900 202462 122650
43900 149914 96672
43900 108691 53105
43900 140163 86333
43900 87751 30248
43900 90588 38958
43900 93359 50349
43900 179096 116808
43900 79256 28621
43900 113353 62124
43900 109000 52800
43900 184637 133180
43900 120837 62666
43900 171826 87682
43900 70786 19902
43900 70125 19009
43900 162283 89181
43900 183745 102755
43900 82886 28339
43900 117139 28561
43900 124563 78112
43900 183451 121918
43900 92332 36851
43900 124167 48149
43900 52113 9789
43900 85102 38076
43900 234370 182631
43900 125260 76312
43900 97228 52195
43900 117404 72732
43900 99694 45479
43900 169553 94159
43900 70996 18825
43900 50583 9591
43900 100509 53676
43900 117592 51425
43900 99511 45243
43900 153794 97106
43900 97758 48573
43900 92281 26664
44000 140742 89242
44000 92923 23987
44000 101514 54384
44000 129574 72333
44000 51154 8924
44000 73259 32557
44000 137545 79546
44000 128561 53136
44000 66924 21856
44000 112286 61494
44000 63846 15119
44000 162814 109826
44000 57001 10329
44000 101099 49213
44000 70164 20524
44000 120364 59819
44000 107608 12310
44000 248025 114535
44000 120118 65027
44000 77027 25863
44000 105239 57525
44000 103306 51516
44000 86496 34641
44000 176772 101985
44000 80525 31639
44000 122623 73373
44000 83217 31030
44000 124457 38689
44000 167456 116558
44000 65593 14650
44000 156380 95770
44000 67547 24450
44000 91897 42631
44000 144425 94746
44000 74017 29114
44000 154455 89709
44000 135799 53041
44000 157725 113451
44000 74347 24231
44000 150133 49798
44000 123238 70992
44000 64879 17267
44000 92547 40548
44000 156511 68254
44000 193109 131879
44000 101570 55770
44000 109817 29673
44000 90651 36397
44000 93317 38561
44000 108163 46547
44100 169936 80529
44100 92042 47525
44100 214771 170290
44100 125686 44727
44100 136558 72622
44100 276412 202931
44100 181950 125706
44100 95549 48279
44100 205795 161109
44100 187787 124401
44100 97951 44740
44100 114012 65304
44100 166595 104721
44100 128444 45785
44100 125723 76583
44100 121380 59314
44100 100516 54934
44100 84997 38784
44100 76458 17256
44100 68033 23968
44100 115839 68207
44100 70062 22259
44100 120962 61691
44100 71626 21460
44100 195481 116043
44100 122973 40614
44100 99557 52829
44100 123229 76233
44100 126157 71077
44100 135696 74473
44100 133349 85689
44100 175506 95035
44100 95934 43745
44100 71300 19579
44100 133744 76979
44100 81461 33622
44100 126893 45765
44100 69221 25156
44100 128940 37060
44100 93618 47964
44100 113671 65266
44100 140571 72205
44100 97719 46766
44100 166606 86470
44100 101357 54172
44100 121397 35634
44100 129573 82182
44100 61958 17627
44100 136555 83019
44100 91225 39301
44200 84939 41488
44200 132858 33112
44200 112902 51706
44200 102292 45549
44200 121493 67629
44200 126813 75694
44200 96989 47988
44200 54216 9032
44200 100442 54590
44200 99556 54154
44200 148740 52613
44200 80713 36797
44200 86968 34525
44200 97355 14379
44200 140873 92066
44200 138768 88717
44200 99456 51524
44200 98707 46014
44200 109881 51645
44200 96854 34084
44200 140832 94584
44200 127785 61897
44200 187717 140494
44200 108653 55130
44200 79383 30829
44200 110540 60118
44200 94684 31498
44200 120966 80311
44200 135925 87113
44200 81873 20759
44200 112798 63712
44200 138964 92919
44200 145092 101343
44200 69968 22267
44200 135969 53043
44200 78931 33576
44200 72321 22821
44200 109206 15842
44200 106340 52725
44200 105944 42023
44200 115014 29417
44200 95999 48136
44200 122270 70218
44200 68513 20397
44200 85627 30175
44200 90202 42166
44200 144050 88059
44200 125547 71325
44200 102344 53429
44200 100889 47548
44300 147160 63274
44300 175792 96195
44300 185496 52012
44300 120548 62111
44300 63016 14261
44300 135839 76836
44300 105035 42641
44300 97055 30437
44300 114809 68610
44300 104693 53924
44300 62992 15558
44300 165952 94355
44300 135255 46600
44300 71552 23606
44300 116701 73910
44300 86858 34372
44300 154396 88840
44300 88728 43184
44300 201115 123608
44300 69418 24355
44300 76820 21704
44300 105566 61486
44300 171676 111254
44300 92895 44193
44300 122602 42503
44300 97248 51566
44300 108080 62364
44300 132602 76625
44300 136819 73866
44300 176955 72087
44300 77116 23629
44300 148641 71198
44300 135364 77052
44300 106678 40410
44300 139635 89948
44300 99101 16538
44300 142776 98901
44300 106866 62319
44300 97315 39523
44300 103246 46869
44300 190801 94546
44300 85971 41914
44300 115147 57909
44300 137770 76796
44300 117288 29974
44300 67482 21124
44300 110584 53115
44300 120234 57973
44300 150288 95333
44300 115621 59156
44400 141962 84112
44400 170865 53169
44400 170379 112158
44400 116595 67536
44400 138040 84125
44400 66073 20622
44400 109367 48190
44400 181506 88507
44400 121264 74193
44400 87253 40210
44400 56250 10071
44400 140802 58699
44400 90729 36318
44400 125314 84833
44400 74387 21215
44400 114374 51304
44400 121091 76032
44400 89012 35915
44400 89644 26289
44400 135044 83850
44400 128286 79718
44400 95957 44152
44400 103334 55724
44400 127884 72079
44400 266036 186724
44400 103523 55302
44400 61981 14729
44400 53201 11177
44400 217678 97893
44400 96512 31556
44400 178154 119086
44400 192391 107278
44400 92776 46900
44400 110393 62430
44400 56569 9778
44400 158644 70067
44400 108163 62736
44400 60816 16157
44400 132173 75498
44400 83786 34303
44400 187104 85724
44400 69376 17792
44400 111207 59862
44400 155913 107844
44400 136658 58200
44400 102143 53118
44400 104964 48440
44400 125687 35300
44400 144985 85256
44400 70338 21873
44500 125127 76496
44500 173837 102244
44500 120030 71801
44500 140688 87568
44500 77150 27812
44500 112691 45110
44500 97331 42100
44500 109799 64849
44500 107385 56913
44500 157330 94394
44500 139998 97061
44500 162772 105917
44500 98843 41842
44500 145557 88852
44500 197982 148556
44500 112446 31545
44500 86862 41093
44500 112358 54281
44500 53455 10250
44500 87119 30812
44500 140107 91310
44500 81551 33603
44500 179590 84769
44500 192170 109877
44500 112232 47923
44500 157200 32579
44500 117421 56995
44500 103235 61465
44500 152185 93330
44500 104061 30282
44500 133418 35653
44500 118046 74529
44500 154066 70948
44500 143244 36657
44500 58354 13084
44500 76944 23148
44500 97193 50904
44500 75681 31407
44500 93237 31342
44500 115853 47621
44500 80518 23840
44500 106810 48258
44500 126273 64649
44500 93254 41546
44500 93005 39933
44500 99966 11252
44500 171217 112394
44500 120222 31345
44500 99564 42040
44500 119907 46130
44600 77569 28245
44600 124563 75869
44600 61718 17010
44600 75119 31792
44600 132767 72064
44600 116591 58779
44600 116747 63210
44600 126470 72618
44600 90601 34627
44600 175838 114758
44600 119078 29269
44600 86051 31526
44600 85378 22372
44600 93288 47339
44600 198264 157249
44600 74900 31109
44600 185749 138084
44600 70026 21427
44600 53955 11761
44600 83953 36067
44600 200478 143110
44600 165018 98041
44600 63787 18755
44600 125786 68405
44600 178527 90061
44600 137137 40841
44600 152323 100085
44600 74025 23488
44600 168709 104465
44600 224886 115285
44600 115120 56632
44600 216661 100867
44600 72194 22543
44600 134467 77935
44600 142036 85304
44600 105754 42312
44600 132483 50802
44600 94640 32959
44600 225332 113231
44600 164281 110579
44600 71103 21651
44600 70422 24542
44600 170628 116465
44600 88776 33561
44600 101325 47566
44600 106636 46004
44600 97779 52857
44600 158837 83436
44600 162634 73968
44600 188856 91368
44700 203496 145394
44700 62756 16689
44700 103471 63250
44700 97631 48913
44700 159212 112538
44700 102400 52562
44700 123433 27402
44700 134988 88807
44700 81761 29932
44700 122357 58845
44700 122359 61409
44700 118160 49077
44700 124165 62884
44700 100219 39683
44700 148154 99921
44700 59779 13722
44700 134354 54664
44700 88053 29978
44700 112268 46996
44700 67589 15523
44700 106585 57996
44700 97399 41994
44700 149201 82399
44700 160171 79364
44700 140976 65894
44700 156566 86431
44700 77016 28439
44700 86701 32219
44700 107171 48530
44700 155636 53651
44700 138398 92189
44700 193891 137753
44700 57824 13900
44700 68769 15942
44700 156303 62262
44700 123127 64271
44700 91955 45566
44700 80986 34034
44700 118844 54677
44700 113554 70830
44700 91555 34762
44700 94587 52339
44700 114353 71533
44700 192447 128347
44700 100132 40176
44700 89618 33783
44700 152518 92098
44700 57697 10976
44700 117705 37154
44700 110364 55656
44800 54053 10536
44800 62956 15627
44800 111246 69844
44800 63504 12731
44800 97734 37702
44800 231668 157065
44800 111944 58980
44800 92915 35125
44800 132570 81958
44800 85391 30859
44800 149676 65304
44800 181581 119146
44800 106364 65051
44800 96680 40637
44800 75697 26300
44800 122947 63104
44800 164197 83617
44800 113829 64046
44800 86928 41130
44800 96319 40566
44800 118809 57583
44800 119384 35192
44800 228180 134823
44800 225057 138859
44800 56547 11708
44800 107320 62402
44800 75708 30977
44800 126487 65222
44800 113570 64211
44800 108428 62125
44800 56639 10178
44800 165941 62411
44800 160002 89321
44800 124366 28047
44800 145902 95770
44800 121763 77585
44800 166036 95627
44800 75402 23405
44800 108100 66333
44800 121931 74758
44800 120396 47102
44800 107510 56552
44800 64575 17282
44800 152056 66465
44800 134749 67413
44800 92929 42616
44800 187827 103650
44800 112229 59134
44800 179200 89440
44800 155672 101057
44900 129003 60485
44900 95532 47827
44900 116499 65796
44900 196673 71967
44900 82128 32439
44900 144619 17392
44900 94355 43469
44900 109925 58301
44900 132448 59680
44900 96088 39080
44900 148508 94909
44900 213735 107520
44900 123302 78643
44900 87132 42271
44900 58086 12666
44900 180802 109318
44900 54168 9085
44900 124512 59998
44900 89024 44247
44900 87936 41613
44900 90293 44769
44900 58628 16348
44900 111994 19819
44900 98633 40598
44900 75025 21824
44900 112435 57425
44900 104869 58396
44900 133580 57889
44900 62701 12705
44900 163348 58077
44900 61221 13562
44900 80083 37062
44900 129826 81861
44900 131197 74361
44900 158676 104807
44900 72592 25168
44900 96730 42696
44900 113358 62891
44900 132840 66841
44900 77332 26445
44900 121163 52323
44900 74077 25824
44900 155847 95598
44900 155235 84391
44900 72232 16902
44900 129119 78757
44900 118325 70519
44900 82545 38386
44900 190677 102794
44900 104901 58641
45000 124369 29711
45000 162032 98159
45000 78126 32542
45000 215793 132325
45000 69968 26445
45000 115413 43058
45000 130666 72238
45000 197332 102648
45000 124733 52007
45000 83830 34441
45000 133597 89361
45000 153132 108167
45000 146338 86430
45000 146797 94488
45000 91766 45718
45000 151682 88551
45000 70848 24587
45000 163809 101633
45000 137432 79370
45000 67982 20972
45000 107093 23986
45000 118777 29657
45000 114131 53807
45000 155077 92162
45000 100310 34139
45000 115203 67314
45000 103880 59001
45000 129983 61021
45000 78759 30080
45000 71744 27387
45000 127592 74246
45000 84400 36846
45000 96589 12011
45000 116492 68072
45000 67705 19637
45000 57688 11705
45000 119416 71238
45000 155598 81731
45000 140542 54206
45000 143366 98038
45000 66990 21937
45000 221338 160419
45000 160072 105638
45000 141317 72172
45000 110064 56348
45000 112160 64373
45000 152984 103746
45000 73828 30217
45000 117482 57247
45000 102737 51130
45100 157069 103791
45100 183229 69126
45100 145259 85190
45100 161598 73645
45100 108495 61436
45100 73898 18038
45100 130648 75739
45100 118413 28053
45100 131064 86381
45100 57355 12254
45100 98104 44371
45100 180537 109570
45100 149152 84548
45100 82120 33191
45100 65575 18149
45100 82244 19100
45100 81970 30128
45100 75030 30609
45100 134927 35614
45100 96820 46515
45100 124678 77261
45100 202655 114803
45100 118265 74188
45100 131452 42453
45100 65918 14127
45100 102337 45535
45100 74798 26208
45100 56683 12831
45100 91028 9730
45100 91249 42303
45100 154627 96847
45100 171698 111604
45100 117684 51765
45100 53056 10351
45100 94887 40497
45100 124581 75007
45100 117813 53346
45100 189179 92609
45100 100282 49215
45100 161202 70166
45100 153468 59268
45100 84957 39897
45100 101937 52818
45100 144391 61206
45100 138399 85470
45100 114333 65130
45100 139248 64691
45100 74156 15549
45100 65617 18683
45100 170939 67639
45200 96966 44145
45200 140348 89850
45200 121456 59096
45200 123168 69127
45200 66631 15091
45200 126116 79939
45200 122047 60079
45200 166802 105425
45200 131994 84740
45200 88859 35776
45200 81150 32884
45200 146466 96683
45200 111316 51713
45200 93773 32219
45200 121724 77663
45200 92504 45071
45200 81807 38578
45200 178309 132956
45200 299740 171464
45200 79437 26117
45200 78936 37474
45200 167494 122347
45200 87627 24421
45200 142395 55951
45200 197654 151409
45200 126279 82562
45200 170991 112183
45200 73794 21343
45200 75520 26167
45200 96245 47938
45200 113174 64580
45200 62470 19295
45200 120716 55454
45200 109016 58003
45200 167895 118110
45200 119080 68047
45200 145629 58931
45200 82764 20484
45200 99188 43639
45200 92787 37269
45200 124988 68884
45200 122736 66725
45200 164120 68341
45200 104197 56345
45200 128070 80564
45200 66799 22906
45200 83210 38962
45200 68074 19070
45200 185256 79866
45200 96972 46842
45300 98786 38899
45300 90489 33454
45300 63964 19442
45300 157667 72159
45300 147504 64695
45300 110994 39028
45300 72713 23702
45300 157752 113514
45300 114751 73036
45300 115169 27461
45300 122738 76535
45300 165543 28463
45300 68115 14309
45300 127470 68231
45300 60916 14476
45300 119092 32793
45300 118164 42574
45300 151125 84699
45300 103041 56329
45300 189706 114453
45300 122818 64306
45300 120018 28864
45300 161275 51643
45300 76275 19992
45300 113654 62746
45300 141626 85490
45300 142586 92677
45300 73618 28764
45300 128270 52139
45300 109901 40931
45300 95099 43145
45300 180994 117516
45300 148371 89019
45300 91206 7167
45300 177856 77799
45300 107243 41724
45300 115840 69865
45300 174591 85526
45300 111542 60789
45300 71400 27230
45300 69908 15437
45300 133837 85607
45300 104661 51564
45300 129238 30374
45300 101715 42739
45300 109378 38703
45300 107275 61651
45300 108895 56343
45300 106656 56134
45300 129911 80114
45400 66624 24722
45400 114160 65456
45400 160546 81701
45400 157182 100235
45400 75298 29565
45400 119757 56276
45400 161488 104781
45400 134419 89298
45400 79910 37239
45400 103878 38546
45400 142696 69964
45400 147307 90892
45400 171911 79431
45400 104883 49387
45400 63141 16100
45400 134386 90666
45400 103022 53740
45400 104479 56800
45400 117566 59281
45400 111240 58621
45400 172189 125388
45400 93282 42710
45400 130579 71948
45400 118535 64913
45400 89682 42317
45400 133949 92830
45400 86087 38677
45400 69685 21733
45400 86388 30539
45400 77806 28494
45400 134859 49703
45400 101917 28807
45400 142829 56849
45400 173660 116916
45400 149037 97116
45400 66422 19894
45400 198633 117553
45400 83827 30983
45400 204329 136031
45400 115358 70564
45400 120955 74491
45400 95640 31691
45400 64642 18721
45400 105906 13832
45400 136042 62813
45400 70548 23756
45400 94851 50543
45400 162875 65537
45400 142957 96091
45400 80997 37759
45500 175085 97823
45500 90647 30436
45500 158768 97522
45500 185358 94576
45500 109375 55273
45500 114789 62760
45500 82050 32010
45500 158558 100191
45500 97880 38983
45500 80427 24994
45500 103284 54208
45500 189338 91570
45500 83184 30963
45500 171092 85280
45500 98445 48686
45500 101802 52474
45500 191424 133445
45500 85891 34295
45500 97595 47750
45500 118829 76454
45500 165417 96541
45500 116010 69152
45500 121770 65245
45500 83103 37373
45500 125970 83002
45500 147320 77667
45500 171353 108504
45500 107676 53260
45500 174242 83515
45500 147992 69615
45500 106248 55803
45500 81215 32296
45500 152390 100278
45500 131666 28373
45500 127925 59332
45500 110287 57962
45500 148346 61579
45500 87380 34995
45500 63662 16430
45500 154431 105743
45500 118767 54580
45500 232392 134854
45500 119539 64393
45500 75134 26161
45500 137065 73017
45500 95585 35063
45500 93954 38825
45500 89036 27108
45500 66963 19563
45500 103825 49374
45600 115941 58254
45600 146877 58908
45600 152670 49790
45600 128972 60539
45600 91018 45775
45600 158761 55974
45600 175368 132685
45600 197784 133722
45600 150197 43144
45600 99769 34538
45600 113296 61580
45600 84792 34401
45600 232520 149032
45600 170376 83829
45600 113593 70995
45600 119392 68910
45600 76182 22583
45600 156626 83601
45600 130982 78244
45600 85242 42343
45600 80155 26259
45600 100425 44989
45600 101666 56965
45600 93635 31522
45600 84898 33140
45600 114515 20109
45600 102072 35948
45600 77944 32844
45600 128287 68993
45600 76082 34564
45600 198484 145488
45600 99880 42516
45600 157227 85999
45600 136550 92965
45600 68406 16821
45600 281225 214603
45600 52422 9755
45600 157174 104727
45600 120387 52814
45600 117399 61717
45600 101760 50975
45600 64599 17573
45600 117647 32270
45600 101449 37128
45600 112318 63965
45600 81095 28285
45600 113768 53369
45600 181131 85675
45600 52461 9964
45600 105604 17834
45700 130488 56312
45700 89519 30082
45700 68885 19363
45700 63042 15870
45700 90627 33879
45700 134738 90353
45700 171317 108593
45700 71298 19415
45700 147163 78127
45700 169984 68718
45700 136907 75646
45700 112907 53917
45700 94462 35330
45700 76786 27185
45700 83238 37121
45700 105594 20727
45700 124016 34138
45700 116263 50752
45700 170908 106634
45700 144067 80005
45700 77134 31000
45700 109717 65098
45700 72955 20227
45700 103548 58590
45700 156261 97462
45700 161440 114072
45700 96946 49850
45700 91660 25763
45700 166378 81404
45700 134315 40369
45700 100068 41492
45700 164883 92504
45700 157168 110043
45700 93222 34988
45700 105400 21177
45700 215377 154109
45700 174320 102036
45700 147377 97637
45700 100413 37479
45700 111945 58338
45700 124163 68454
45700 95799 40043
45700 71811 17312
45700 92042 31868
45700 131264 71823
45700 145648 59760
45700 97268 51560
45700 138040 75045
45700 134769 91260
45700 227043 162492
45800 114792 61678
45800 95517 8861
45800 104450 50514
45800 105855 46206
45800 158179 109855
45800 140215 73379
45800 100494 48331
45800 108262 49817
45800 98451 56444
45800 133276 87395
45800 105399 52663
45800 183523 112863
45800 94456 33220
45800 103747 52075
45800 148479 101175
45800 88661 35828
45800 67092 22802
45800 133859 63783
45800 93533 32524
45800 142546 78106
45800 205163 124092
45800 83528 25330
45800 177031 59631
45800 71099 21469
45800 112320 62284
45800 71012 22840
45800 65159 14964
45800 90279 43095
45800 65717 19418
45800 122115 68382
45800 158263 89042
45800 149314 63201
45800 168328 92955
45800 165023 116042
45800 168604 98619
45800 214624 117438
45800 85712 39435
45800 148110 98454
45800 71648 12865
45800 119492 52978
45800 112729 69227
45800 99879 45715
45800 162823 112136
45800 135850 55396
45800 103582 57165
45800 91908 47874
45800 164195 110658
45800 133706 46979
45800 100492 37657
45800 139837 81224
45900 107150 57345
45900 77679 30922
45900 98781 49023
45900 63630 11667
45900 55970 10274
45900 102628 50671
45900 110925 62367
45900 134858 62926
45900 67843 20082
45900 163487 87126
45900 122705 72797
45900 101375 57590
45900 139007 95285
45900 70143 28013
45900 55013 10982
45900 174119 68699
45900 103009 18340
45900 117312 37701
45900 155044 94008
45900 147525 70145
45900 104685 51377
45900 148233 94100
45900 148496 84985
45900 207189 119389
45900 155088 111257
45900 150531 58500
45900 110928 45005
45900 109761 47036
45900 122963 71789
45900 68438 19205
45900 81013 38868
45900 109361 49096
45900 222395 96452
45900 263226 158538
45900 259265 213701
45900 65912 13933
45900 78825 29665
45900 111280 43367
45900 123159 70041
45900 180039 98546
45900 120544 69421
45900 111092 64494
45900 330292 243967
45900 135826 33180
45900 112284 64529
45900 85775 38308
45900 155640 89560
45900 129335 40412
45900 145826 94406
45900 140025 38101
46000 120284 43290
46000 102040 51388
46000 115972 65094
46000 72627 24944
46000 170282 80418
46000 132115 70126
46000 124561 66046
46000 132465 79338
46000 178093 56369
46000 183479 105359
46000 73325 23731
46000 119172 47998
46000 63923 20292
46000 90039 42381
46000 118570 63713
46000 126931 56888
46000 71854 17683
46000 83839 24796
46000 80875 27424
46000 119659 59416
46000 101120 14408
46000 146562 97884
46000 78784 26008
46000 79082 30093
46000 60445 17823
46000 92006 47491
46000 61286 11660
46000 143209 90330
46000 127457 80693
46000 81471 36991
46000 111918 54618
46000 80878 23915
46000 61676 14017
46000 125711 81476
46000 125577 67472
46000 80221 27682
46000 151228 104161
46000 118619 56237
46000 211546 119506
46000 118295 67254
46000 90475 25507
46000 88508 38663
46000 123336 66399
46000 146550 36662
46000 71457 28330
46000 78758 30526
46000 156191 75064
46000 76642 25002
46000 199462 153580
46000 150940 52098
46100 114473 63001
46100 66096 19766
46100 129284 51179
46100 103552 44860
46100 75849 22369
46100 96230 46340
46100 126465 71640
46100 142575 90819
46100 102208 47105
46100 298866 131606
46100 170566 99997
46100 88484 37921
46100 90242 44675
46100 218026 104012
46100 109077 64545
46100 141599 80320
46100 112362 52282
46100 139883 61125
46100 193906 108063
46100 163492 117097
46100 145375 89277
46100 123515 57294
46100 111147 56744
46100 91673 36520
46100 170969 103264
46100 114330 64082
46100 146345 99137
46100 161442 107282
46100 112061 62057
46100 104990 46932
46100 116130 68018
46100 132149 71635
46100 64174 11939
46100 134841 84312
46100 160379 116803
46100 150099 60076
46100 196315 98263
46100 102592 58286
46100 109894 61623
46100 95798 43049
46100 87013 37824
46100 163262 82278
46100 150164 86288
46100 110851 57318
46100 99756 43782
46100 73046 24202
46100 60361 17674
46100 117906 66312
46100 119406 63740
46100 201733 133771
46200 108667 42569
46200 51873 9961
46200 104308 16267
46200 110469 50652
46200 118197 60527
46200 85786 38101
46200 86386 29196
46200 72665 29749
46200 113374 58172
46200 128584 70692
46200 122986 70610
46200 82062 36019
46200 128454 39899
46200 90157 44300
46200 200244 98608
46200 71324 26218
46200 73426 19991
46200 194908 140021
46200 176634 119844
46200 119519 34100
46200 125467 41068
46200 95495 44179
46200 130533 69650
46200 233924 138508
46200 94308 44579
46200 130789 80490
46200 66515 17689
46200 98675 9764
46200 69762 21733
46200 159148 103365
46200 111732 63666
46200 108900 60957
46200 109772 48804
46200 164295 102766
46200 125557 23148
46200 100735 43818
46200 69840 14281
46200 150608 65916
46200 194799 112313
46200 92898 45470
46200 199744 119819
46200 165527 88850
46200 105984 58137
46200 60050 13389
46200 111509 65584
46200 156249 104557
46200 137366 74062
46200 154562 106119
46200 175503 81352
46200 127291 83955
46300 90446 40238
46300 97919 43696
46300 92491 40329
46300 170830 87486
46300 123960 59171
46300 85168 36441
46300 143847 95186
46300 102347 41683
46300 87988 36984
46300 155826 95225
46300 104804 49526
46300 105487 53920
46300 104761 47032
46300 108385 36777
46300 158155 72134
46300 110599 40734
46300 108575 63153
46300 95555 48259
46300 127412 31664
46300 157055 99269
46300 125186 67180
46300 231499 139896
46300 89661 37389
46300 170119 83878
46300 102638 54255
46300 101933 57628
46300 92302 42556
46300 98759 31228
46300 79693 26737
46300 69035 18721
46300 140157 88350
46300 105220 45852
46300 140846 60321
46300 74117 26385
46300 129389 53407
46300 111807 37547
46300 185359 140009
46300 86611 29835
46300 100016 42344
46300 98444 24839
46300 67831 22906
46300 100423 43331
46300 69535 18722
46300 64646 16721
46300 78052 25046
46300 124378 69123
46300 82766 25151
46300 141046 80874
46300 162032 113720
46300 175969 122870
46400 124710 73855
46400 109642 54275
46400 154150 64694
46400 98359 51110
46400 108897 40506
46400 60203 13593
46400 182662 94770
46400 135138 83158
46400 73599 25666
46400 99976 52476
46400 129010 76669
46400 149051 93936
46400 99106 34910
46400 155149 104590
46400 93802 36475
46400 192983 138151
46400 133376 82387
46400 89264 31503
46400 84718 40552
46400 80277 23017
46400 138197 79059
46400 68260 22837
46400 88735 37390
46400 154409 96556
46400 116764 40736
46400 72891 22705
46400 104036 14421
46400 133293 78275
46400 63958 15061
46400 178176 93225
46400 73697 27808
46400 149688 99499
46400 89302 38857
46400 193343 137571
46400 79399 28898
46400 101901 49382
46400 196419 145227
46400 126745 26891
46400 84536 30052
46400 73438 26101
46400 131844 52981
46400 137662 39588
46400 166949 111133
46400 96110 50623
46400 74008 25486
46400 126291 80971
46400 172074 82759
46400 77687 32507
46400 111931 58644
46400 144662 96119
46500 107982 58200
46500 172449 74589
46500 112464 52324
46500 127314 68825
46500 84471 25396
46500 205434 94658
46500 106948 40863
46500 158495 107012
46500 115733 68292
46500 73213 26499
46500 112277 43588
46500 102943 52705
46500 128620 39621
46500 86225 36454
46500 114987 64899
46500 109549 42989
46500 62540 15251
46500 93537 34254
46500 143602 59272
46500 144374 49881
46500 117955 53858
46500 179477 109327
46500 100307 34738
46500 164193 105338
46500 61851 14653
46500 106004 38487
46500 60700 11628
46500 60329 14433
46500 86197 17132
46500 179369 118329
46500 93585 46683
46500 108051 58552
46500 87080 34164
46500 184027 68802
46500 142953 91530
46500 157196 103463
46500 135244 90869
46500 66625 17485
46500 91239 33502
46500 189763 91379
46500 88532 21813
46500 73744 26495
46500 168432 114699
46500 162920 95750
46500 99261 49444
46500 83944 22307
46500 112892 45223
46500 151656 65697
46500 143076 75656
46500 220107 120969
46600 91718 46872
46600 77238 19180
46600 147282 74220
46600 95959 49479
46600 82240 28099
46600 150592 87972
46600 64550 19722
46600 164446 73180
46600 148740 82453
46600 130878 49504
46600 192713 122005
46600 132805 87527
46600 178367 113574
46600 165722 78823
46600 111740 44467
46600 107536 51168
46600 111705 55655
46600 81923 26514
46600 149208 80140
46600 104813 52444
46600 103270 44202
46600 138004 44313
46600 184059 119077
46600 129902 86964
46600 97236 10467
46600 115679 57813
46600 175086 89075
46600 64641 19178
46600 82118 38015
46600 85057 29962
46600 79910 33759
46600 118542 63366
46600 150880 102280
46600 116241 66167
46600 141242 88284
46600 193669 101596
46600 68049 22728
46600 105558 59438
46600 203015 70407
46600 199949 135156
46600 81633 25825
46600 122896 63276
46600 157398 62750
46600 110111 56220
46600 79684 22607
46600 60161 11190
46600 101511 56648
46600 139301 67682
46600 185728 75635
46600 140467 64877
46700 131604 76091
46700 90636 35595
46700 97780 38208
46700 101872 47540
46700 95524 45845
46700 71744 21503
46700 155660 63752
46700 97554 49802
46700 79017 31398
46700 125351 63908
46700 163916 52992
46700 83638 30078
46700 101622 47917
46700 65825 16341
46700 135671 48157
46700 75957 19405
46700 135796 86336
46700 81433 38480
46700 158726 111538
46700 137356 70088
46700 134808 87884
46700 91962 45028
46700 118668 64336
46700 146350 92424
46700 144405 93625
46700 96539 43434
46700 153269 64958
46700 101210 27669
46700 153867 106061
46700 103687 47742
46700 118264 34326
46700 180610 117930
46700 79516 26934
46700 73398 14646
46700 120317 74110
46700 157061 82921
46700 133910 82381
46700 188013 82693
46700 141078 96909
46700 105816 60214
46700 115131 17857
46700 91842 45388
46700 117281 62758
46700 136778 76700
46700 105037 55209
46700 132473 62532
46700 77278 29555
46700 71555 15560
46700 131307 83185
46700 134126 86450
46800 104902 61549
46800 87350 34497
46800 122283 63429
46800 98211 46777
46800 177322 92559
46800 125141 32784
46800 127719 57924
46800 94618 36260
46800 94273 41062
46800 112572 64173
46800 80870 27319
46800 188502 96537
46800 100503 45188
46800 81668 24552
46800 104294 18356
46800 156229 93219
46800 129632 79737
46800 130467 88356
46800 140734 88487
46800 116051 71539
46800 114217 66502
46800 122066 75879
46800 117497 67821
46800 81430 27385
46800 158646 87018
46800 122621 72558
46800 133737 53234
46800 122413 60367
46800 112158 46462
46800 132171 76672
46800 140301 49832
46800 117421 24013
46800 129223 67934
46800 96790 48416
46800 111659 61117
46800 91060 41813
46800 121335 62229
46800 202657 130195
46800 115878 65414
46800 115772 72379
46800 121793 68486
46800 125240 71255
46800 108095 48785
46800 133653 89233
46800 133087 80306
46800 169028 78302
46800 141096 83817
46800 83932 35118
46800 190707 132558
46800 135278 84943
46900 99429 37924
46900 93894 48041
46900 128563 81733
46900 126983 53792
46900 107245 15126
46900 89940 42518
46900 194155 103421
46900 86580 34653
46900 95882 46708
46900 65479 17373
46900 116487 68399
46900 144859 81401
46900 135568 32530
46900 80306 28040
46900 163266 109024
46900 74723 22068
46900 76433 31443
46900 93924 36672
46900 93679 33296
46900 256143 161913
46900 139466 67406
46900 164749 118801
46900 79764 29427
46900 114789 35150
46900 107724 63038
46900 64359 18102
46900 133998 59861
46900 129535 75465
46900 87115 30972
46900 152030 44611
46900 103938 48830
46900 84147 34387
46900 153246 92082
46900 91276 30821
46900 130737 69808
46900 128345 55289
46900 98815 43577
46900 138226 45373
46900 221796 133582
46900 106031 52798
46900 108822 64630
46900 94035 31407
46900 178222 66863
46900 113448 27098
46900 78229 32664
46900 63084 12245
46900 75594 31544
46900 143837 99293
46900 76603 19110
46900 119413 67244
47000 135006 86833
47000 119737 65363
47000 135517 55689
47000 63025 11320
47000 70332 24499
47000 94065 46315
47000 108817 62438
47000 107643 20872
47000 73200 27232
47000 181930 116797
47000 112552 51174
47000 128765 66002
47000 108202 50147
47000 114430 25436
47000 131588 79220
47000 98829 54499
47000 154278 63839
47000 113419 62189
47000 88098 43709
47000 125993 71248
47000 122932 34874
47000 113671 60067
47000 101531 56042
47000 105493 50328
47000 119706 74647
47000 176916 108519
47000 100153 46567
47000 100525 37047
47000 96382 44871
47000 159978 110744
47000 106963 14836
47000 142254 89682
47000 113754 58600
47000 156695 74840
47000 103516 46260
47000 114791 43194
47000 201708 154255
47000 166913 107717
47000 92618 44838
47000 193962 109689
47000 95842 49077
47000 144915 92131
47000 73984 21015
47000 207095 141744
47000 80950 27941
47000 131966 86848
47000 160800 30158
47000 105795 57723
47000 98433 13248
47000 115363 39537
47100 85036 36879
47100 101145 52624
47100 182583 110703
47100 107699 64158
47100 125205 68634
47100 108326 47040
47100 130466 64496
47100 175247 128633
47100 152714 110035
47100 138024 90965
47100 68219 21982
47100 117650 72566
47100 103378 31644
47100 61465 16828
47100 144285 91057
47100 159117 81330
47100 111871 20679
47100 95937 34767
47100 214873 161023
47100 86497 31234
47100 179432 127662
47100 190811 136951
47100 74253 21140
47100 77040 28713
47100 131084 56355
47100 201787 127209
47100 128673 84907
47100 140632 92392
47100 110728 55982
47100 201306 149278
47100 100150 50103
47100 85947 34741
47100 246577 199016
47100 139314 75579
47100 122616 32433
47100 165419 111675
47100 132552 87450
47100 105131 48328
47100 109232 60796
47100 80050 30847
47100 99587 54913
47100 107804 46180
47100 152904 99870
47100 135202 55646
47100 75130 24603
47100 90989 31422
47100 110063 51338
47100 141344 92663
47100 129930 78883
47100 151245 81557
47200 117731 58572
47200 119372 67558
47200 149217 63496
47200 124172 75269
47200 150639 91185
47200 195153 122525
47200 78651 27815
47200 119937 69339
47200 162215 77771
47200 126599 71302
47200 112581 22552
47200 161805 109089
47200 182084 84530
47200 116046 68861
47200 87472 23569
47200 113477 59059
47200 114981 61265
47200 154852 80553
47200 87950 33214
47200 113338 62247
47200 86433 40443
47200 119458 55831
47200 118266 54384
47200 94035 27213
47200 144757 65459
47200 95858 33958
47200 64950 20604
47200 155174 67086
47200 78666 26698
47200 172351 110561
47200 126765 68998
47200 232192 102919
47200 114057 51982
47200 82163 21157
47200 82993 23781
47200 211816 124300
47200 119742 70925
47200 115052 41830
47200 101078 50373
47200 152223 61584
47200 107836 44072
47200 162340 76587
47200 81654 34313
47200 122974 56745
47200 79995 32587
47200 86574 39970
47200 129085 59453
47200 191174 102667
47200 87443 38741
47200 120715 63202
47300 93060 38096
47300 107556 46061
47300 93849 34261
47300 129760 71001
47300 106910 60424
47300 105021 49374
47300 106614 41619
47300 200808 96694
47300 136576 28157
47300 72316 18299
47300 165326 108386
47300 129999 69213
47300 175182 75001
47300 134143 68987
47300 81246 32729
47300 172123 74072
47300 169522 111616
47300 207260 121571
47300 120045 67277
47300 180770 57610
47300 155157 94780
47300 158293 111874
47300 97427 42671
47300 149629 66187
47300 88590 26209
47300 134523 84056
47300 141925 90583
47300 160106 87376
47300 173583 129538
47300 122277 61369
47300 68502 19421
47300 134677 76377
47300 178828 123056
47300 116274 61049
47300 121507 62582
47300 93083 40210
47300 110336 31529
47300 155612 73989
47300 76641 26426
47300 185528 118435
47300 214661 156682
47300 104679 47153
47300 100907 46128
47300 138178 90725
47300 104835 45573
47300 82225 25019
47300 64141 17083
47300 76403 23474
47300 139355 74788
47300 167717 122118
47400 111694 62000
47400 112764 54275
47400 132829 87694
47400 180020 84512
47400 134515 78529
47400 146083 90445
47400 98968 37419
47400 135315 77247
47400 158831 108061
47400 96806 47009
47400 110740 54956
47400 176996 97948
47400 82578 31910
47400 85726 31813
47400 138374 78842
47400 208759 137074
47400 108748 48913
47400 158696 112947
47400 110019 64597
47400 103175 58315
47400 77864 24322
47400 132497 46893
47400 100773 43651
47400 145593 90976
47400 254980 119286
47400 56522 11012
47400 157375 103997
47400 115622 59834
47400 97240 45821
47400 203395 146789
47400 78697 27626
47400 182242 71138
47400 65058 14500
47400 80689 22825
47400 189658 99584
47400 84625 37546
47400 188531 97973
47400 132570 82811
47400 97149 38572
47400 183438 95323
47400 215925 113656
47400 116965 48147
47400 113460 48251
47400 84180 33666
47400 151444 97529
47400 168738 94171
47400 153470 97943
47400 119456 62834
47400 85848 31593
47400 105699 38458
47500 72645 20999
47500 136428 79572
47500 90935 27674
47500 147172 92681
47500 130917 65768
47500 86925 36160
47500 92952 32673
47500 115938 68219
47500 183631 128040
47500 119480 31889
47500 130251 72140
47500 129257 76964
47500 63812 14857
47500 106440 59007
47500 111675 49436
47500 95500 31693
47500 91689 40634
47500 225686 162635
47500 195905 79262
47500 67315 16869
47500 128346 72956
47500 120015 67276
47500 185233 93663
47500 76794 27279
47500 84685 20644
47500 120667 63713
47500 195463 82305
47500 132059 85074
47500 97393 44459
47500 72398 26285
47500 152830 86178
47500 92251 35251
47500 63802 11995
47500 246809 156655
47500 124710 36907
47500 142690 47074
47500 127666 77276
47500 121505 66395
47500 178964 111866
47500 260572 153125
47500 81164 33473
47500 130123 72650
47500 217123 109953
47500 97857 44866
47500 192735 101811
47500 70712 22001
47500 131093 70212
47500 77852 33085
47500 166790 81993
47500 142526 52563
47600 161734 101377
47600 174981 83653
47600 163570 114541
47600 101695 45758
47600 133523 56274
47600 121478 73413
47600 129470 80094
47600 164525 82786
47600 165132 101111
47600 115262 56464
47600 157368 62941
47600 166513 105270
47600 109004 59027
47600 143906 64329
47600 147236 98339
47600 143372 95644
47600 106497 46089
47600 158949 99958
47600 110794 56418
47600 131586 84379
47600 67233 18634
47600 70247 22506
47600 111374 53479
47600 261009 131429
47600 144496 98533
47600 62074 16336
47600 105688 49071
47600 64143 17692
47600 129562 83790
47600 189194 125443
47600 100480 47215
47600 103983 55180
47600 198573 125331
47600 207211 147044
47600 98300 52686
47600 147495 77148
47600 66849 22338
47600 141620 91974
47600 166239 108590
47600 128352 75950
47600 61233 16196
47600 111671 55810
47600 109207 58785
47600 97032 42499
47600 184108 119885
47600 210241 99038
47600 122263 65624
47600 170849 63863
47600 103950 46669
47600 166700 115520
47700 159776 87260
47700 97898 45454
47700 94614 38206
47700 166754 113423
47700 78119 16130
47700 83098 29927
47700 81015 17983
47700 187171 117350
47700 160353 78205
47700 71106 15644
47700 127949 57974
47700 133701 59727
47700 165215 95664
47700 79084 30023
47700 87989 38251
47700 189856 129908
47700 101605 39935
47700 130271 34547
47700 116277 63546
47700 90271 22561
47700 96520 45587
47700 105829 46106
47700 127739 66533
47700 113580 68036
47700 82032 24653
47700 128559 36777
47700 124956 45376
47700 63906 17201
47700 80524 26092
47700 104742 59365
47700 208082 111722
47700 90141 30045
47700 231287 180543
47700 125133 66136
47700 124482 60785
47700 111803 17768
47700 108090 49803
47700 190739 121760
47700 95396 30865
47700 135908 75563
47700 153148 94953
47700 145411 87730
47700 113003 43554
47700 59813 15719
47700 92607 49064
47700 115708 40571
47700 158791 87625
47700 162926 101103
47700 118816 66664
47700 172907 102028
47800 62440 11456
47800 132733 84483
47800 117408 67254
47800 124138 28761
47800 118563 55341
47800 62066 10391
47800 77448 17659
47800 110262 44870
47800 111667 59116
47800 143263 88681
47800 149781 66987
47800 86873 29936
47800 97781 37079
47800 192848 120837
47800 150657 99387
47800 118709 40128
47800 109225 44038
47800 147610 11987
47800 109800 50320
47800 106570 50938
47800 77515 27733
47800 128942 51141
47800 68886 12740
47800 118267 26907
47800 152566 93581
47800 86424 32691
47800 107745 58332
47800 178759 108996
47800 175777 89239
47800 152830 96775
47800 122993 66305
47800 93534 25045
47800 130032 79924
47800 174545 89320
47800 125239 69482
47800 81484 25055
47800 88966 41187
47800 142334 60353
47800 147455 79385
47800 83853 16417
47800 108586 37621
47800 155546 95099
47800 81670 24135
47800 87903 27074
47800 67893 18910
47800 140414 66889
47800 87724 33833
47800 90713 35290
47800 78332 22238
47800 113328 48437
47900 229694 118009
47900 139930 69254
47900 136549 85117
47900 97095 31781
47900 71569 20848
47900 119541 68164
47900 110566 63446
47900 162868 111447
47900 71060 17921
47900 85766 36664
47900 98472 52748
47900 136967 47836
47900 113124 67251
47900 250944 157421
47900 76769 27814
47900 97591 47558
47900 91455 45695
47900 107964 58428
47900 91915 29267
47900 107281 51309
47900 186838 66396
47900 109737 60330
47900 119730 64826
47900 140604 83943
47900 142519 85733
47900 119486 66698
47900 273238 206451
47900 129120 25669
47900 203168 112711
47900 183098 98728
47900 132383 73878
47900 130888 79611
47900 185154 104084
47900 183523 134321
47900 152616 104738
47900 73915 17481
47900 155812 109871
47900 106989 43869
47900 104441 57873
47900 98376 50353
47900 78803 27703
47900 64014 14708
47900 76089 25109
47900 92540 46115
47900 270180 110480
47900 69617 23733
47900 84131 21945
47900 110599 57403
47900 57402 11911
47900 130371 78165
48000 119743 58174
48000 110856 63191
48000 155209 59160
48000 117721 53348
48000 112522 67887
48000 154355 89716
48000 105494 40227
48000 169674 111479
48000 91253 41627
48000 204969 114081
48000 85907 38708
48000 123709 60799
48000 110795 61840
48000 128148 73635
48000 170561 72421
48000 133842 84383
48000 107211 51482
48000 166188 88701
48000 143899 94160
48000 91343 33738
48000 68336 19827
48000 98666 9515
48000 95690 41907
48000 160841 100832
48000 120688 74731
48000 105257 54232
48000 113310 43307
48000 77134 31113
48000 164055 114168
48000 98703 53703
48000 97638 35883
48000 64949 15685
48000 78026 22190
48000 112501 53249
48000 115338 70922
48000 181206 119524
48000 76902 30917
48000 165350 116183
48000 141939 89866
48000 156202 80595
48000 70976 20821
48000 204014 142322
48000 100436 46069
48000 89533 32232
48000 133918 68193
48000 147929 69081
48000 187338 137513
48000 88078 36243
48000 159709 70418
48000 110028 62243
48100 63418 17224
48100 192068 60298
48100 96376 35557
48100 135917 45748
48100 81620 27562
48100 60258 11002
48100 129551 72385
48100 81473 29971
48100 84957 24174
48100 224091 164305
48100 146196 100466
48100 116886 67389
48100 75442 19917
48100 57292 11824
48100 85443 36066
48100 110322 66098
48100 137695 43957
48100 109734 52926
48100 107702 47726
48100 98386 39955
48100 217272 166494
48100 132546 75010
48100 85312 32938
48100 115994 62516
48100 137224 49001
48100 138393 91486
48100 184400 48658
48100 125912 48567
48100 103129 45349
48100 186451 116944
48100 158399 62215
48100 99723 40203
48100 88113 35436
48100 64717 19050
48100 125114 29580
48100 103634 56413
48100 115071 55090
48100 89085 41977
48100 84608 32605
48100 162904 101953
48100 90174 42842
48100 159656 95059
48100 62677 11513
48100 173272 78013
48100 118988 43087
48100 107064 55073
48100 101540 54108
48100 98429 47745
48100 101351 49226
48100 159148 105988
48200 130486 22722
48200 90554 38280
48200 105211 47887
48200 162092 60086
48200 71074 22069
48200 110428 53919
48200 139398 33782
48200 76752 27968
48200 221772 115192
48200 115998 40705
48200 106167 50302
48200 120288 65812
48200 125327 74980
48200 214446 116726
48200 77188 29416
48200 183659 81411
48200 156079 100197
48200 140767 89202
48200 137011 71123
48200 162937 112142
48200 252575 169054
48200 87550 42115
48200 157971 59532
48200 142828 69597
48200 73703 20147
48200 100150 53447
48200 207584 59846
48200 156979 109616
48200 150698 105562
48200 128208 51635
48200 160617 61752
48200 188546 73696
48200 59064 10073
48200 152657 66040
48200 164522 43920
48200 172332 122833
48200 122918 22062
48200 125970 28988
48200 157346 103330
48200 101842 46541
48200 87946 36717
48200 126745 76828
48200 118708 68755
48200 180768 119732
48200 78520 23799
48200 156665 72011
48200 102459 47685
48200 119745 67303
48200 147763 45982
48200 201208 120241
48300 161830 71540
48300 103135 46255
48300 125321 63062
48300 222524 146780
48300 119827 52791
48300 122163 61749
48300 140579 82954
48300 66369 21581
48300 119583 66309
48300 102599 46843
48300 74035 18162
48300 107350 58517
48300 93802 35507
48300 124874 35949
48300 59161 11085
48300 112373 68159
48300 100192 38818
48300 111898 65076
48300 138336 73887
48300 151781 93861
48300 121921 66275
48300 102494 53918
48300 142474 79877
48300 119772 71250
48300 168374 94671
48300 248036 159883
48300 188416 115649
48300 164011 75690
48300 86154 30177
48300 62673 11102
48300 72851 21914
48300 123599 69815
48300 90873 41962
48300 152052 91249
48300 78211 30725
48300 79718 26758
48300 208262 121781
48300 118905 53603
48300 102229 48423
48300 166248 115612
48300 98980 44430
48300 92546 35395
48300 129173 67762
48300 188553 121818
48300 73479 16327
48300 112197 21959
48300 127190 68506
48300 66232 17679
48300 193081 118100
48300 126836 66332
48400 173390 74157
48400 135314 67819
48400 158210 92720
48400 112010 66916
48400 83508 26462
48400 97394 31857
48400 93940 49281
48400 89455 40658
48400 152815 106315
48400 102736 42998
48400 83518 19652
48400 72863 16719
48400 155500 67014
48400 58765 11768
48400 65785 15147
48400 123610 71998
48400 91196 41855
48400 161147 80748
48400 267472 222054
48400 89978 29607
48400 270605 179078
48400 65288 10403
48400 205176 101997
48400 141921 71109
48400 187761 88257
48400 172826 120234
48400 127157 76010
48400 68491 22268
48400 71145 22325
48400 184139 92100
48400 129436 76810
48400 107693 53204
48400 238521 135342
48400 83745 35182
48400 155756 96688
48400 175040 71068
48400 97518 35266
48400 126484 52536
48400 118224 54078
48400 147797 96722
48400 90340 40585
48400 130453 56994
48400 99764 45548
48400 68621 19339
48400 81412 32600
48400 130214 77290
48400 78178 26326
48400 88591 33475
48400 86007 37837
48400 111731 52259
48500 148463 81342
48500 122821 60306
48500 161677 116927
48500 169192 111159
48500 101265 42275
48500 111701 31910
48500 70957 18191
48500 180008 132308
48500 146246 80138
48500 122127 71220
48500 138358 92708
48500 117781 60390
48500 221506 99581
48500 99729 27308
48500 130809 82503
48500 226977 143223
48500 199344 106858
48500 177356 124162
48500 107295 52502
48500 111599 66248
48500 116938 54307
48500 171272 105985
48500 87401 35926
48500 123288 59111
48500 112572 57173
48500 87139 29683
48500 83326 33718
48500 189545 125013
48500 88283 28643
48500 225095 130302
48500 146362 94908
48500 251019 167592
48500 103287 32456
48500 189915 108835
48500 66126 15100
48500 121824 76874
48500 111938 52180
48500 113205 42587
48500 249748 153919
48500 65577 16177
48500 206738 95050
48500 164218 81002
48500 111544 52323
48500 105560 58051
48500 133326 75335
48500 198061 105897
48500 216023 109586
48500 121434 58107
48500 155018 100597
48500 157614 93754
48600 68465 15447
48600 196445 59397
48600 127105 61083
48600 123288 55893
48600 118539 27506
48600 62283 11432
48600 216323 121540
48600 102768 11078
48600 75382 22913
48600 145397 90190
48600 134860 37604
48600 87643 24378
48600 200587 133209
48600 145382 83980
48600 116085 48356
48600 105603 49390
48600 81818 30414
48600 79097 20559
48600 203094 102033
48600 138635 72840
48600 124993 70497
48600 89813 39246
48600 259096 155804
48600 173167 91695
48600 116869 68369
48600 213493 158861
48600 95016 28257
48600 192021 75644
48600 185257 122717
48600 154874 96423
48600 168731 93594
48600 68512 21048
48600 106808 54753
48600 199499 153543
48600 116158 69072
48600 113069 51825
48600 163712 87265
48600 133115 54734
48600 135432 84833
48600 93138 38711
48600 85866 21166
48600 141396 84774
48600 126571 77035
48600 134378 62666
48600 125562 74221
48600 103636 47910
48600 118488 61402
48600 116461 60200
48600 130642 82901
48600 114826 58245
48700 59453 13237
48700 120412 19766
48700 68233 11506
48700 188218 69807
48700 157815 93972
48700 116281 56685
48700 119335 54876
48700 94491 34778
48700 185767 136499
48700 88191 38524
48700 148046 69764
48700 101032 42870
48700 122740 63957
48700 188486 104247
48700 69191 13896
48700 106139 47501
48700 105832 52288
48700 177505 93217
48700 127968 38933
48700 93119 43056
48700 155326 61846
48700 79494 34597
48700 125412 73800
48700 165801 77130
48700 188726 111149
48700 120676 50838
48700 146259 47554
48700 75547 28030
48700 168088 82727
48700 118231 59416
48700 182208 95872
48700 168516 73177
48700 153945 83668
48700 109509 48933
48700 175344 104737
48700 181369 127394
48700 158358 106970
48700 129436 83471
48700 113675 57180
48700 99029 41098
48700 96676 41500
48700 169381 103551
48700 67177 17862
48700 145434 79172
48700 115816 67080
48700 135399 89406
48700 115054 67242
48700 93762 5669
48700 209950 136724
48700 178948 82370
48800 93651 28198
48800 116611 24792
48800 109038 54730
48800 120504 69380
48800 147141 80296
48800 117315 70735
48800 105112 58091
48800 188349 113154
48800 95148 30265
48800 96369 50306
48800 125772 75021
48800 123956 68268
48800 161774 95233
48800 112040 45685
48800 172965 121599
48800 124138 74520
48800 265479 182941
48800 96556 33031
48800 93350 40181
48800 131293 79632
48800 102234 49636
48800 56258 11284
48800 118114 65755
48800 156876 66964
48800 109940 63697
48800 153109 67829
48800 70742 14751
48800 137504 64092
48800 113728 67005
48800 125763 65519
48800 150108 64843
48800 167906 85096
48800 180425 97693
48800 72038 19754
48800 120585 69116
48800 135413 77711
48800 122412 27996
48800 91841 44074
48800 117466 56585
48800 114652 45054
48800 139939 49669
48800 97577 34417
48800 84733 24596
48800 92137 33570
48800 163396 66993
48800 148643 61306
48800 112316 53701
48800 68655 24744
48800 133750 78636
48800 96035 47894
48900 123578 51265
48900 139894 86393
48900 194352 108670
48900 67425 13128
48900 174414 78362
48900 103865 51521
48900 127779 68207
48900 79674 26618
48900 91965 25123
48900 127900 45686
48900 92776 31125
48900 164203 102622
48900 95838 7437
48900 150166 96219
48900 90714 38896
48900 234862 107389
48900 89744 40388
48900 95505 43697
48900 119239 70338
48900 158613 74389
48900 105235 54287
48900 122397 63147
48900 220852 170460
48900 113663 48152
48900 136756 87197
48900 130434 71976
48900 70161 20099
48900 113248 50448
48900 119063 73137
48900 114955 68861
48900 134726 77424
48900 165915 91410
48900 186589 133307
48900 86928 38465
48900 104217 51920
48900 59665 12828
48900 96622 48950
48900 105812 57220
48900 106177 55652
48900 151288 93207
48900 78330 25125
48900 81477 23720
48900 145041 50017
48900 176033 118056
48900 81873 31979
48900 71221 19834
48900 171254 119816
48900 150778 86525
48900 160156 97569
48900 66637 17468
49000 196884 150098
49000 77189 27272
49000 115679 34662
49000 126452 79246
49000 77294 28839
49000 156066 65178
49000 155046 87136
49000 136084 81958
49000 113197 55560
49000 128182 36392
49000 142786 91073
49000 172183 75198
49000 90040 30185
49000 150825 103493
49000 148635 67532
49000 131542 67332
49000 120063 65449
49000 62397 15188
49000 115565 38095
49000 115895 63662
49000 112281 50335
49000 105664 53330
49000 78581 27784
49000 109836 35585
49000 212180 155036
49000 90939 33330
49000 103766 57720
49000 141634 54384
49000 131632 67319
49000 90048 37106
49000 92688 43970
49000 153572 92463
49000 224563 147984
49000 119881 28622
49000 232366 171554
49000 117928 63374
49000 169625 97102
49000 140791 79471
49000 164797 114207
49000 108374 54902
49000 122915 61203
49000 209444 70889
49000 155008 73762
49000 177451 84576
49000 190989 98634
49000 99514 41062
49000 87767 38079
49000 166522 101140
49000 161594 84707
49000 146888 85870
49100 75294 30393
49100 119091 61469
49100 151756 87391
49100 91766 33748
49100 114744 66418
49100 211534 93289
49100 101984 26141
49100 153889 100124
49100 60500 9968
49100 175220 93218
49100 137991 91469
49100 132267 67413
49100 106344 38356
49100 121564 71850
49100 188924 112829
49100 126911 67970
49100 147572 70669
49100 116677 61775
49100 93592 31936
49100 78504 28947
49100 90240 28850
49100 123584 67574
49100 139401 66311
49100 154869 92777
49100 105912 48355
49100 129693 74178
49100 80876 26285
49100 152562 101489
49100 75525 29091
49100 103502 34984
49100 77489 19949
49100 207842 126486
49100 131977 76470
49100 83744 32436
49100 105640 36268
49100 79374 26091
49100 204308 97636
49100 104803 40443
49100 225725 154371
49100 144253 71462
49100 122022 51756
49100 101030 43601
49100 60134 10349
49100 202525 136601
49100 173003 120073
49100 185598 113682
49100 110184 59258
49100 204742 107965
49100 140831 36855
49100 113874 60843
49200 72987 22342
49200 97451 48468
49200 92181 40515
49200 107098 42403
49200 105793 55277
49200 65419 11549
49200 146422 89754
49200 113995 65167
49200 64067 12705
49200 115753 42864
49200 94063 30799
49200 183890 120078
49200 110146 45249
49200 112579 51895
49200 140769 83449
49200 98002 47366
49200 141594 81354
49200 203838 153071
49200 161909 109195
49200 245944 182951
49200 130943 75249
49200 89512 39726
49200 125674 75819
49200 130047 64678
49200 112960 54629
49200 179122 90093
49200 124168 76052
49200 162781 47248
49200 128335 62539
49200 157766 85886
49200 186646 119609
49200 88057 41403
49200 80145 29367
49200 117213 53472
49200 140106 84416
49200 134757 80317
49200 108223 57873
49200 157393 86302
49200 93873 37579
49200 119162 25359
49200 95072 40408
49200 174179 72231
49200 149592 54227
49200 84984 28329
49200 180958 129706
49200 143530 88420
49200 72474 16410
49200 101235 42704
49200 59442 11474
49200 119348 62908
49300 153274 55990
49300 94159 31661
49300 68720 15532
49300 113723 63401
49300 128442 70708
49300 164021 112219
49300 171059 117507
49300 140839 87533
49300 182424 107442
49300 184584 90899
49300 91775 42379
49300 121909 62968
49300 222153 135080
49300 90217 41821
49300 103084 42106
49300 124147 68752
49300 106210 27268
49300 95445 6637
49300 130167 69440
49300 89057 41047
49300 109887 53576
49300 91665 32387
49300 153198 97471
49300 106338 32062
49300 148657 88274
49300 87286 32978
49300 219798 79517
49300 194900 116508
49300 101197 42323
49300 91491 46396
49300 103932 43944
49300 60525 11838
49300 123329 65554
49300 127595 66770
49300 88651 40650
49300 111065 62342
49300 123631 42466
49300 150847 96598
49300 102066 42023
49300 117233 62060
49300 125323 32083
49300 177885 76336
49300 94061 44167
49300 106681 47583
49300 95593 38386
49300 114833 65178
49300 124180 75018
49300 109307 15926
49300 124045 61798
49300 113356 58048
49400 306974 260453
49400 86159 30593
49400 92538 26732
49400 108340 40477
49400 135537 73923
49400 98032 49093
49400 93867 40808
49400 158678 109754
49400 69088 21843
49400 139984 71014
49400 201287 133706
49400 74089 25279
49400 84195 24907
49400 153908 89469
49400 153412 99570
49400 98395 39848
49400 128497 72213
49400 63877 9987
49400 113194 64385
49400 147822 91127
49400 163503 61824
49400 151840 98441
49400 96777 40820
49400 118389 26198
49400 86589 20874
49400 171008 110976
49400 114668 23021
49400 88509 38900
49400 92519 43661
49400 132680 79501
49400 133130 73294
49400 96411 32542
49400 183333 135645
49400 96450 36875
49400 189979 81627
49400 101084 51000
49400 153344 84419
49400 193549 110371
49400 119090 62944
49400 102419 46138
49400 154223 88675
49400 164601 93189
49400 91150 31218
49400 107427 58848
49400 108276 53299
49400 95893 50637
49400 123916 22656
49400 176811 115320
49400 140096 84908
49400 93800 33749
49500 74940 20716
49500 140689 58500
49500 69198 14531
49500 145934 92461
49500 113088 56258
49500 106117 42170
49500 64696 12819
49500 65884 11951
49500 70647 15630
49500 143606 65620
49500 162301 45704
49500 167525 114156
49500 101151 52083
49500 97545 34803
49500 85559 26852
49500 138687 56889
49500 76125 20790
49500 71176 11263
49500 78876 28955
49500 114981 43295
49500 93157 24561
49500 120856 63400
49500 79444 19569
49500 134381 63058
49500 128035 73731
49500 78380 29163
49500 181542 92822
49500 182542 83716
49500 111414 36734
49500 118802 26810
49500 101047 38144
49500 112478 43010
49500 141451 61217
49500 94213 44220
49500 98738 31672
49500 102428 48142
49500 186823 132051
49500 149526 92292
49500 70181 22921
49500 146063 93737
49500 143605 80490
49500 150095 84183
49500 99789 6226
49500 231852 137133
49500 139098 88291
49500 143321 59328
49500 109253 56903
49500 62924 16341
49500 116515 67842
49500 129667 79497
49600 143524 83303
49600 112032 51459
49600 107800 53379
49600 100403 49557
49600 74933 16001
49600 200636 51170
49600 91860 32547
49600 72839 23905
49600 204139 136863
49600 100485 41913
49600 130913 78082
49600 124762 71067
49600 131646 76635
49600 91451 25057
49600 83248 23556
49600 124057 42321
49600 146572 90944
49600 83539 24409
49600 162382 106334
49600 177704 64560
49600 147081 90390
49600 154059 104048
49600 131499 62723
49600 85853 29882
49600 83425 31189
49600 83259 25292
49600 59858 10002
49600 200802 148958
49600 85569 33147
49600 103657 40773
49600 121978 70961
49600 184974 121650
49600 167411 97640
49600 199371 147765
49600 74641 22574
49600 104822 55464
49600 122587 62388
49600 98731 36690
49600 113287 19301
49600 113284 59728
49600 144323 59098
49600 146897 78906
49600 149790 61760
49600 161748 62604
49600 226903 144821
49600 75931 19655
49600 72627 15696
49600 67828 16785
49600 99153 49090
49600 79993 30190
49700 248702 193000
49700 140350 60849
49700 111191 43241
49700 87666 33984
49700 206131 114249
49700 134738 82632
49700 75009 19350
49700 136997 84605
49700 159533 68459
49700 136530 84475
49700 110828 57946
49700 178444 129831
49700 126579 71874
49700 229303 130281
49700 137010 74706
49700 122108 75348
49700 66596 14358
49700 94025 44524
49700 100185 31575
49700 127852 66661
49700 126573 55792
49700 93533 43427
49700 93351 38790
49700 184437 128143
49700 112729 52906
49700 138855 58462
49700 106474 41494
49700 115690 63769
49700 145508 77843
49700 198714 95153
49700 108596 52511
49700 232192 127677
49700 103615 48507
49700 79486 33782
49700 111780 21440
49700 101108 53523
49700 116295 64125
49700 160549 68227
49700 127888 59910
49700 219235 140897
49700 95996 37985
49700 97723 40036
49700 162913 115787
49700 152771 62661
49700 157763 103327
49700 126146 68743
49700 128414 61301
49700 115514 52659
49700 88731 33737
49700 149314 75787
49800 124745 32352
49800 158076 110435
49800 121547 65465
49800 143189 93096
49800 64080 13536
49800 156976 94411
49800 133718 78633
49800 127254 67620
49800 105849 48760
49800 100480 48648
49800 117749 41482
49800 94047 38875
49800 121413 70951
49800 203157 118193
49800 113802 65469
49800 110168 44502
49800 136933 72340
49800 165074 98084
49800 164632 112702
49800 99911 52241
49800 181412 129412
49800 131183 77526
49800 120517 44737
49800 137763 82201
49800 151752 82789
49800 153087 71828
49800 135621 67156
49800 139167 62028
49800 96463 29969
49800 211649 150898
49800 134755 81582
49800 251697 140373
49800 126678 53260
49800 97204 41073
49800 145082 97429
49800 107719 51779
49800 112752 19879
49800 196776 142492
49800 85339 33294
49800 194275 46833
49800 140008 90169
49800 93152 42629
49800 175939 59635
49800 120097 70002
49800 131912 82166
49800 85430 29206
49800 97141 45450
49800 97047 24910
49800 112845 51497
49800 235435 186031
49900 113985 58539
49900 139633 58697
49900 83059 20573
49900 103263 55427
49900 113263 52211
49900 91303 34081
49900 106597 54006
49900 116220 51016
49900 152336 80344
49900 76244 29252
49900 92397 38096
49900 88858 31184
49900 103395 42490
49900 169714 97451
49900 127653 61984
49900 90938 40714
49900 98896 50816
49900 168112 69543
49900 124118 70399
49900 93783 44583
49900 214113 107013
49900 172987 91873
49900 96215 30703
49900 111108 57077
49900 145056 93790
49900 199529 137469
49900 160668 102694
49900 150552 88488
49900 132214 54258
49900 62668 13790
49900 84410 27541
49900 113704 50612
49900 199771 134783
49900 215031 135931
49900 106930 12925
49900 95207 47419
49900 107656 55789
49900 156344 59926
49900 183738 131143
49900 75773 25765
49900 163858 112450
49900 157911 58991
49900 134198 50331
49900 213496 122502
49900 149790 61626
49900 187006 82978
49900 184721 113201
49900 113571 54346
49900 114544 23482
49900 144781 85322
50000 115145 65588
50000 80904 31012
50000 114464 19503
50000 70590 17927
50000 175338 101865
50000 64050 13992
50000 67236 20240
50000 84185 28402
50000 155997 103493
50000 131535 75784
50000 157888 98302
50000 71041 20845
50000 72936 19732
50000 135347 26889
50000 60568 15568
50000 88325 32242
50000 276257 184696
50000 91838 32219
50000 157972 66033
50000 96045 28005
50000 218588 121314
50000 157380 91425
50000 170393 98110
50000 139829 76325
50000 125011 70835
50000 124031 64475
50000 150193 92003
50000 122952 71750
50000 179611 123474
50000 153654 95443
50000 153430 80521
50000 108241 55948
50000 101676 11589
50000 149675 103758
50000 161949 66108
50000 92597 33393
50000 134088 62715
50000 195085 73845
50000 65681 10061
50000 156337 65707
50000 90114 26902
50000 140360 78165
50000 117356 54152
50000 144973 87720
50000 181508 111151
50000 77406 24950
50000 142352 49412
50000 119069 46489
50000 68752 15276
50000 145023 54737
