100 555 387
100 689 217
100 461 110
100 313 160
100 671 377
100 628 242
100 386 224
100 534 362
100 357 242
100 322 183
100 508 348
100 581 459
100 419 293
100 316 213
100 470 251
100 554 357
100 442 263
100 477 276
100 403 230
100 485 230
100 467 213
100 390 183
100 335 148
100 540 304
100 472 264
100 433 287
100 467 347
100 646 342
100 381 131
100 755 518
100 421 316
100 329 208
100 431 196
100 381 250
100 490 312
100 371 269
100 667 415
100 423 223
100 581 253
100 359 216
100 662 411
100 543 273
100 492 366
100 506 367
100 698 353
100 485 279
100 415 202
100 406 157
100 533 291
100 420 222
200 883 549
200 999 451
200 777 351
200 1562 894
200 1120 368
200 845 349
200 721 383
200 1050 386
200 1155 516
200 916 427
200 690 337
200 994 470
200 1217 468
200 1054 719
200 786 473
200 810 492
200 827 563
200 1187 615
200 1090 596
200 953 523
200 756 437
200 675 419
200 923 560
200 942 545
200 823 496
200 1119 753
200 1026 687
200 1028 522
200 1102 568
200 1032 454
200 655 365
200 1284 719
200 1240 422
200 778 523
200 822 446
200 974 520
200 997 632
200 886 424
200 656 403
200 938 503
200 971 510
200 888 620
200 1317 565
200 899 496
200 667 444
200 645 358
200 647 347
200 877 469
200 1136 789
200 955 633
300 1272 490
300 1499 532
300 854 493
300 1430 875
300 2337 1266
300 1872 1205
300 1673 741
300 2407 1069
300 1477 640
300 1417 745
300 1110 589
300 1426 749
300 980 545
300 1349 605
300 1136 468
300 1353 920
300 1585 815
300 1162 673
300 1578 906
300 1200 828
300 1091 588
300 1529 1071
300 2310 1110
300 1175 627
300 1522 758
300 1077 463
300 1068 580
300 1427 875
300 1547 950
300 805 503
300 1965 768
300 1543 996
300 1482 1048
300 2431 997
300 1046 375
300 1377 712
300 1535 772
300 1642 753
300 1156 688
300 1420 484
300 2154 1062
300 1454 1148
300 1648 778
300 1612 1029
300 1794 538
300 1475 512
300 2253 1095
300 1242 583
300 1160 492
300 1444 607
400 1628 1072
400 1891 1068
400 1556 678
400 1798 806
400 2377 1354
400 2115 943
400 2415 1735
400 1723 900
400 1385 613
400 1604 1006
400 2327 1157
400 2316 1667
400 2465 1044
400 1530 761
400 1622 947
400 2600 1411
400 2403 1067
400 2011 1224
400 2260 1448
400 2272 1144
400 2302 1261
400 2595 1235
400 2276 923
400 1558 731
400 1365 657
400 1791 1031
400 3242 1523
400 2412 1479
400 2421 1291
400 2130 1167
400 1680 1041
400 1356 666
400 1900 948
400 2430 1304
400 1767 971
400 1796 822
400 2683 1500
400 1935 1130
400 2618 758
400 2187 1061
400 1730 668
400 2508 1324
400 2288 1215
400 2375 1233
400 2170 980
400 2629 1564
400 2182 1366
400 2265 1410
400 2150 907
400 2257 1306
500 4293 2168
500 4752 2744
500 3004 1228
500 2213 1049
500 4116 2395
500 2724 1126
500 2184 815
500 3277 1500
500 1912 974
500 2258 1289
500 2770 1525
500 3717 2307
500 2830 1607
500 2762 1323
500 3010 1472
500 2648 1416
500 4027 2122
500 3907 1549
500 2822 1620
500 2028 1135
500 3083 2022
500 2923 1484
500 2931 1650
500 2567 1645
500 2089 1171
500 2871 1568
500 2428 1349
500 3119 1889
500 2329 948
500 2841 1551
500 3179 1621
500 1477 843
500 2803 1679
500 1836 736
500 3734 1657
500 1823 696
500 3383 2247
500 2933 1512
500 1445 662
500 2178 1487
500 2415 1558
500 1823 989
500 3436 1414
500 1825 1022
500 4688 2873
500 3024 1653
500 2460 987
500 2642 1646
500 3537 1482
500 2900 1896
600 2936 1211
600 4765 3004
600 2309 1507
600 3407 1718
600 2629 1705
600 2803 1755
600 3301 1505
600 2842 1553
600 2657 1353
600 2874 1632
600 2637 1233
600 2990 1368
600 3261 1208
600 3100 2066
600 3517 1937
600 3702 1382
600 3745 2835
600 2076 1337
600 3969 1191
600 3027 1486
600 3421 2040
600 3034 1243
600 2003 907
600 2973 942
600 3228 1953
600 3408 1747
600 3212 1615
600 3357 2009
600 3450 2288
600 2250 1196
600 2431 1141
600 1991 911
600 2834 911
600 3514 2492
600 2893 1379
600 3115 1530
600 4120 2586
600 4367 1500
600 3500 1474
600 3856 1948
600 3989 2115
600 2725 1209
600 3892 1504
600 2910 1793
600 2445 1607
600 4814 1788
600 2699 1432
600 3152 1905
600 3630 1935
600 3641 1280
700 3179 1440
700 2721 1254
700 3701 1274
700 5284 3050
700 4662 2252
700 3850 1861
700 3071 1465
700 3469 1880
700 2944 1722
700 3284 1371
700 2570 1151
700 3806 2233
700 2155 1171
700 3974 1192
700 3682 1607
700 3837 2128
700 3976 1928
700 3375 1937
700 2807 1056
700 4872 3893
700 2848 1381
700 2517 1479
700 4430 1130
700 2930 1874
700 2803 1534
700 2320 1015
700 4413 1977
700 3014 1651
700 4149 2835
700 2498 1216
700 3653 2349
700 5146 2017
700 3582 1689
700 4318 1798
700 4282 2145
700 2703 1460
700 3532 2186
700 4975 1683
700 3230 1619
700 2796 943
700 3702 1044
700 2336 1062
700 2625 1075
700 3913 1532
700 3759 1628
700 2212 1200
700 2971 1444
700 5388 3815
700 4388 2083
700 4828 2369
800 4170 1257
800 3354 1197
800 3731 1559
800 4623 2686
800 3971 1521
800 6284 3122
800 4655 2912
800 3048 1114
800 5721 2624
800 3218 1326
800 3506 1532
800 4365 1775
800 4802 3343
800 2837 1266
800 3044 1972
800 4623 1411
800 4898 3358
800 5374 2951
800 3734 1492
800 5456 2262
800 4700 1529
800 2973 1141
800 4513 1932
800 2774 1396
800 5782 3101
800 4132 2154
800 3281 1986
800 3250 1768
800 4713 2750
800 4487 2217
800 3429 2231
800 3634 1457
800 2789 1668
800 3819 1601
800 6169 3477
800 6771 3735
800 2601 1499
800 2378 1228
800 4006 2607
800 2395 1267
800 3784 1470
800 3986 1515
800 4410 1889
800 4414 2960
800 5510 3675
800 3796 1524
800 3733 1815
800 4014 2176
800 3596 1122
800 3817 1939
900 2860 1503
900 5876 2381
900 4706 1773
900 3902 1806
900 4552 3001
900 4438 1965
900 5248 2093
900 5342 2752
900 4795 1985
900 5251 2604
900 4881 1352
900 5250 3207
900 5199 2587
900 6863 2972
900 3853 1802
900 3376 1727
900 7709 3585
900 3282 1647
900 4070 1956
900 3363 1339
900 3261 1445
900 5609 2995
900 3640 1992
900 4922 1965
900 5855 2082
900 4136 2647
900 4414 1367
900 5534 2290
900 3284 1264
900 3052 1869
900 5144 2169
900 5996 3315
900 3157 1964
900 5505 3736
900 6487 3491
900 2954 1584
900 5320 2254
900 3396 1811
900 5127 3130
900 5295 3178
900 5322 2752
900 5569 2497
900 6600 3818
900 4139 1978
900 4069 1700
900 2968 1442
900 4402 2553
900 4612 1679
900 5390 2531
900 3751 1389
1000 6471 3132
1000 4931 2045
1000 2663 1515
1000 5514 2240
1000 4360 2582
1000 5909 3790
1000 6312 3586
1000 4109 2146
1000 5371 3386
1000 5462 3103
1000 4018 2301
1000 3066 1626
1000 3745 1832
1000 4570 2754
1000 4320 2514
1000 3799 1340
1000 5915 2324
1000 6037 3298
1000 7842 2713
1000 6772 3041
1000 4824 2862
1000 6271 1716
1000 4240 1740
1000 6862 2887
1000 5573 2703
1000 6960 4192
1000 6271 4836
1000 5455 2130
1000 4867 2184
1000 5012 2368
1000 7389 5010
1000 6344 4258
1000 5663 3175
1000 5772 2521
1000 4434 2233
1000 5726 3095
1000 3990 2426
1000 6798 2367
1000 5209 1889
1000 4736 2589
1000 7926 4478
1000 5614 3311
1000 6891 1970
1000 4915 2467
1000 7547 4234
1000 3319 1827
1000 7971 2713
1000 3875 2344
1000 5601 2465
1000 4485 1975
1100 4975 2258
1100 4550 3000
1100 4221 2542
1100 6775 3015
1100 4422 2142
1100 3607 1795
1100 7624 3066
1100 5920 2520
1100 5305 1810
1100 4493 2200
1100 5822 2496
1100 7410 5444
1100 6669 4303
1100 5656 3736
1100 6472 2950
1100 7015 4173
1100 6018 2993
1100 6053 3558
1100 6314 4084
1100 6186 2470
1100 5592 1845
1100 6205 2989
1100 5880 2851
1100 4474 2381
1100 4378 2934
1100 7264 2800
1100 6231 3410
1100 7124 3582
1100 5096 3508
1100 5624 2045
1100 5307 2120
1100 6403 3524
1100 3585 1486
1100 4243 2766
1100 5338 2941
1100 7688 4456
1100 5003 2550
1100 5636 3336
1100 5070 2362
1100 4536 2441
1100 6732 3016
1100 4196 2553
1100 4878 1823
1100 4749 1890
1100 6977 4536
1100 2927 1479
1100 6802 4736
1100 4564 2926
1100 5864 3572
1100 6739 3034
1200 6405 3732
1200 7850 4454
1200 7297 4325
1200 5192 2768
1200 6383 3228
1200 5838 4058
1200 4638 2496
1200 5998 2908
1200 5666 3167
1200 4267 1590
1200 5101 2992
1200 6497 3670
1200 7688 2345
1200 8307 5290
1200 3800 2355
1200 6465 3022
1200 7146 3478
1200 6085 2581
1200 4601 2712
1200 5132 2846
1200 7691 2567
1200 7948 2403
1200 4941 2310
1200 4955 2669
1200 6406 1790
1200 6699 2685
1200 7963 3616
1200 7715 3846
1200 6659 3336
1200 5272 2758
1200 5773 2616
1200 6244 3345
1200 7819 3430
1200 7366 4387
1200 7072 3657
1200 6620 4436
1200 4665 2005
1200 5229 2129
1200 9063 4860
1200 6349 3064
1200 8469 5561
1200 4295 2190
1200 5016 3739
1200 5780 3256
1200 6555 2455
1200 5987 3842
1200 5260 2803
1200 5553 2154
1200 6294 3332
1200 7329 4653
1300 5338 1954
1300 7349 3328
1300 7986 4004
1300 5444 2109
1300 6126 3385
1300 4926 3091
1300 8899 4409
1300 6219 2025
1300 8077 3900
1300 6838 3248
1300 6926 4319
1300 6081 4367
1300 7899 4685
1300 5696 2675
1300 8667 4609
1300 4423 1574
1300 5919 2835
1300 8397 4086
1300 9291 5135
1300 8589 4172
1300 6036 2514
1300 4882 2254
1300 6344 2838
1300 6775 3358
1300 6213 3541
1300 6754 2616
1300 5443 2767
1300 9036 3392
1300 8322 3565
1300 4591 2222
1300 7649 4610
1300 7878 4310
1300 7389 2950
1300 7302 2512
1300 6307 3465
1300 6230 3194
1300 7979 3341
1300 5368 2856
1300 4609 2437
1300 6319 3577
1300 8980 4091
1300 7743 5480
1300 5848 2738
1300 8056 3290
1300 3474 1819
1300 6642 2636
1300 7694 2963
1300 4674 2485
1300 5023 2932
1300 4003 1714
1400 7758 2444
1400 7662 4132
1400 9011 5138
1400 5149 2460
1400 4743 1804
1400 7538 2312
1400 7590 4048
1400 6805 4359
1400 7064 3298
1400 5765 3542
1400 8953 3838
1400 9361 4236
1400 8196 2647
1400 9436 4061
1400 6911 4382
1400 8843 4655
1400 8469 5436
1400 6031 3167
1400 6693 2622
1400 6359 1874
1400 8061 4294
1400 6296 4231
1400 7394 4473
1400 6315 3642
1400 6664 2770
1400 7116 3712
1400 6267 3967
1400 10648 3619
1400 6430 2521
1400 7540 3320
1400 3984 2049
1400 6831 2772
1400 4268 2350
1400 6383 3004
1400 6750 2816
1400 6565 4345
1400 6376 4345
1400 6610 3342
1400 7772 4428
1400 5974 2534
1400 8729 4854
1400 6938 3918
1400 5551 2464
1400 8004 2411
1400 6163 2899
1400 7104 3216
1400 5757 3210
1400 5456 2080
1400 9237 3916
1400 7384 4108
1500 7293 4685
1500 8710 4307
1500 9975 4725
1500 13411 6463
1500 5827 2127
1500 8664 4090
1500 6319 3513
1500 5781 2558
1500 9178 4586
1500 9485 6403
1500 8103 5224
1500 10630 4401
1500 8705 3201
1500 7695 5025
1500 8264 3430
1500 9473 4693
1500 6665 3305
1500 9510 4463
1500 8162 4235
1500 4405 2334
1500 8892 4877
1500 9024 2737
1500 9965 6551
1500 9111 4659
1500 7837 3867
1500 6782 2626
1500 7115 3367
1500 8494 2847
1500 7874 4254
1500 6985 3738
1500 9382 5495
1500 5220 3126
1500 7315 4376
1500 7748 3717
1500 9574 3406
1500 7904 3052
1500 8426 5434
1500 9590 5227
1500 10834 4858
1500 6663 3102
1500 5936 2247
1500 9384 5327
1500 7668 4037
1500 7967 4773
1500 9060 5538
1500 6851 3159
1500 5135 2220
1500 5964 2556
1500 9483 5115
1500 7485 4641
1600 10332 4884
1600 8780 3076
1600 7730 4294
1600 5562 2787
1600 12740 5378
1600 6188 2966
1600 9467 4120
1600 10088 5609
1600 6999 4749
1600 6256 3954
1600 5974 2385
1600 8438 4446
1600 5370 2705
1600 11082 6115
1600 10151 4774
1600 7940 4854
1600 9460 4679
1600 7868 5033
1600 9857 4776
1600 13744 5954
1600 8939 4111
1600 6545 3482
1600 5883 2673
1600 7794 5990
1600 9138 4409
1600 5884 2530
1600 8897 3622
1600 4417 2282
1600 6755 4026
1600 12901 4213
1600 10166 3799
1600 11952 5249
1600 9954 4423
1600 9631 4876
1600 10614 6306
1600 8982 5463
1600 9307 6061
1600 8227 4770
1600 11434 5233
1600 5853 3157
1600 7610 3831
1600 8991 4373
1600 7634 4316
1600 7225 4933
1600 9245 5570
1600 9046 4584
1600 6791 3187
1600 7149 4290
1600 10387 3593
1600 15034 10515
1700 9171 5140
1700 7316 3383
1700 10139 5777
1700 6860 3615
1700 9042 5847
1700 7776 4769
1700 8858 5397
1700 6489 3403
1700 7171 4020
1700 8271 4097
1700 8691 3858
1700 10683 6442
1700 7237 3508
1700 9125 5953
1700 10459 5470
1700 5496 2922
1700 14378 9204
1700 10061 6231
1700 6887 3815
1700 11015 5104
1700 10592 5076
1700 7797 5420
1700 7981 4149
1700 12527 8430
1700 6832 3596
1700 6713 2956
1700 5998 3182
1700 6642 3633
1700 6949 4094
1700 7441 3576
1700 8975 3475
1700 9240 4590
1700 7550 4377
1700 8116 2515
1700 10619 6386
1700 9898 4863
1700 10014 7182
1700 10723 5465
1700 9029 3687
1700 9195 4388
1700 7262 3056
1700 7594 3289
1700 8453 4186
1700 9410 5669
1700 9020 5813
1700 5610 2925
1700 7539 4478
1700 11044 4717
1700 8137 4127
1700 11666 5267
1800 5403 2722
1800 8594 3989
1800 10325 3190
1800 7050 4051
1800 11269 4202
1800 12140 5300
1800 8547 3145
1800 14257 8433
1800 7177 3596
1800 7432 4535
1800 10524 4732
1800 6667 2541
1800 10585 5356
1800 11643 5523
1800 10319 5563
1800 5964 2334
1800 7397 3336
1800 10550 5396
1800 7288 3350
1800 13935 7043
1800 7567 3494
1800 7540 4161
1800 8930 4106
1800 12779 7503
1800 8762 4820
1800 11509 4539
1800 13100 6201
1800 8507 4033
1800 6911 3009
1800 8941 4919
1800 6859 2725
1800 6124 2565
1800 10313 3994
1800 8051 4713
1800 8381 4973
1800 13931 4493
1800 7767 4240
1800 8589 4193
1800 8502 3815
1800 7464 4305
1800 6814 3431
1800 12256 7712
1800 9351 6870
1800 7674 3625
1800 13172 5718
1800 9502 4642
1800 8737 5081
1800 9486 5415
1800 6109 2481
1800 8800 3190
1900 14603 4830
1900 7522 2898
1900 12799 7401
1900 9893 5500
1900 11383 5090
1900 9702 5703
1900 11441 6313
1900 9397 5291
1900 13484 7627
1900 9391 4678
1900 7788 4224
1900 12434 7791
1900 15572 10738
1900 11146 5727
1900 6483 4151
1900 13842 7347
1900 13234 6371
1900 12084 7885
1900 9642 5875
1900 11620 5073
1900 7402 3993
1900 8296 5090
1900 9926 6189
1900 7700 4234
1900 9348 5357
1900 11158 4648
1900 10946 4217
1900 8969 4169
1900 9036 4562
1900 8635 3290
1900 17146 8135
1900 6832 2557
1900 8917 4137
1900 7867 3497
1900 9117 6181
1900 7765 5188
1900 11177 6619
1900 11422 5510
1900 10365 5661
1900 12979 6236
1900 10962 6646
1900 10276 3948
1900 8037 4359
1900 7210 4383
1900 10523 4565
1900 10150 4507
1900 8485 4370
1900 6301 3720
1900 10749 4850
1900 9003 3237
2000 11098 5265
2000 8161 4047
2000 10165 5656
2000 13311 7021
2000 8926 3496
2000 11138 3306
2000 15106 6093
2000 13191 6391
2000 8088 4190
2000 9449 3490
2000 7254 4370
2000 9764 4107
2000 12483 4119
2000 14225 6283
2000 10710 4234
2000 10346 5551
2000 8704 5024
2000 9219 5960
2000 7414 4122
2000 8618 3704
2000 12935 7424
2000 11957 7417
2000 9134 4677
2000 8091 5382
2000 10173 4534
2000 9366 5161
2000 12737 5848
2000 11954 4525
2000 10033 5841
2000 14578 7549
2000 12773 6411
2000 9357 4562
2000 7954 3726
2000 6020 3384
2000 7236 3529
2000 9829 5026
2000 7247 3075
2000 6894 3733
2000 11214 5245
2000 10637 3385
2000 11380 5143
2000 11138 4105
2000 10224 6229
2000 10196 5356
2000 12677 6026
2000 11922 6437
2000 12587 5675
2000 7528 3257
2000 10906 4833
2000 15361 7985
2100 11411 4838
2100 6934 3009
2100 11883 4664
2100 11190 6302
2100 9027 3638
2100 15114 5778
2100 9661 3563
2100 8355 2743
2100 12941 6284
2100 11348 6131
2100 9948 3672
2100 9649 6024
2100 8442 5844
2100 14533 7551
2100 10974 6236
2100 11665 4459
2100 15575 10174
2100 10731 5447
2100 9154 3450
2100 11483 6200
2100 7750 3501
2100 9325 4656
2100 12838 6328
2100 11930 5149
2100 10475 6628
2100 9970 5558
2100 8460 5489
2100 9795 3873
2100 14520 8567
2100 6334 3781
2100 11095 4230
2100 12849 9145
2100 8956 5048
2100 9851 6320
2100 11566 5768
2100 9535 5005
2100 9775 3434
2100 8678 4152
2100 11570 4919
2100 6985 2824
2100 8541 3339
2100 12098 6208
2100 9131 5172
2100 7656 5158
2100 10542 6508
2100 15221 8900
2100 9218 4631
2100 7664 3108
2100 11521 6626
2100 11586 5730
2200 13797 4820
2200 11015 4842
2200 9555 3962
2200 10038 6197
2200 14693 4885
2200 12861 7271
2200 14517 7938
2200 12124 6497
2200 9291 3875
2200 15696 7747
2200 15464 4763
2200 9530 4177
2200 14048 8270
2200 16096 9674
2200 10287 6350
2200 7457 3208
2200 21181 10151
2200 13446 7870
2200 7321 4291
2200 10581 4352
2200 11016 4304
2200 13844 7610
2200 10976 4998
2200 10573 5663
2200 15941 9945
2200 8513 4723
2200 16446 8899
2200 10584 5743
2200 11527 4246
2200 9007 5469
2200 11572 8126
2200 12520 8032
2200 13154 7540
2200 7622 3264
2200 15582 10136
2200 11900 5502
2200 8226 3481
2200 8626 5084
2200 9964 4463
2200 11268 3663
2200 8685 3071
2200 10411 5978
2200 11890 6712
2200 12430 6889
2200 14359 6045
2200 14082 7195
2200 15573 6807
2200 9257 4644
2200 10773 4881
2200 12303 5440
2300 13824 9046
2300 7586 4025
2300 10611 7347
2300 13084 5417
2300 10404 4004
2300 13178 5412
2300 15936 7794
2300 8564 4477
2300 18330 12576
2300 15381 8847
2300 7987 3290
2300 7359 3801
2300 13428 6584
2300 18140 6574
2300 14143 9156
2300 8473 4527
2300 7392 3963
2300 12200 7195
2300 12909 5109
2300 12530 6022
2300 11655 5420
2300 8741 4865
2300 11498 4712
2300 7173 2980
2300 9544 5989
2300 9244 5074
2300 11890 5516
2300 10937 5846
2300 12815 6449
2300 12086 4733
2300 10479 4284
2300 14019 6814
2300 9518 6046
2300 12754 3616
2300 13885 7872
2300 12095 6712
2300 11778 5559
2300 15112 7716
2300 10028 5782
2300 7557 3691
2300 14600 7593
2300 10685 6646
2300 15743 7300
2300 15633 7425
2300 16066 6876
2300 11802 5192
2300 13388 3995
2300 6988 2974
2300 12844 7684
2300 10421 6516
2400 12835 5351
2400 9830 4552
2400 18706 4519
2400 12534 5955
2400 7962 3718
2400 14395 6544
2400 15277 10779
2400 18133 6979
2400 15610 10531
2400 10650 4547
2400 13405 6288
2400 9935 3878
2400 15893 4378
2400 14525 5752
2400 12459 7930
2400 16473 6809
2400 14837 9002
2400 11529 4698
2400 9660 5696
2400 11720 6486
2400 10048 4596
2400 16257 7446
2400 13981 7061
2400 13045 7149
2400 6159 3072
2400 13720 4436
2400 9557 3989
2400 11468 4292
2400 11713 6043
2400 13904 7558
2400 11781 6670
2400 9692 4879
2400 11788 5366
2400 12469 9147
2400 13622 5430
2400 11278 5181
2400 15456 8195
2400 14579 8515
2400 14629 6248
2400 12278 5220
2400 19449 13260
2400 9656 4845
2400 14623 6031
2400 14621 6310
2400 12860 4093
2400 7299 3607
2400 9442 6686
2400 13430 6505
2400 12319 6152
2400 9112 3784
2500 19275 10004
2500 10180 3751
2500 11196 6432
2500 14651 7741
2500 18112 7339
2500 15601 10621
2500 12864 6047
2500 13403 8143
2500 13229 6849
2500 10301 5229
2500 15037 6189
2500 13244 6987
2500 10010 5820
2500 20121 10320
2500 8210 4630
2500 14738 7188
2500 10922 4361
2500 14541 5879
2500 14098 8333
2500 18115 8410
2500 13693 9887
2500 14675 7607
2500 12339 6383
2500 10155 3449
2500 16866 6107
2500 10323 5307
2500 9012 4552
2500 12659 8587
2500 14800 5974
2500 12102 6341
2500 13524 6456
2500 8571 3235
2500 10152 5718
2500 14082 7291
2500 11238 4080
2500 18336 6142
2500 18198 7667
2500 16352 9224
2500 14873 6668
2500 8251 4574
2500 15430 11074
2500 8409 4820
2500 11148 6038
2500 9713 3354
2500 10273 6440
2500 13451 5902
2500 16513 9109
2500 13181 8754
2500 19292 9591
2500 15191 7234
2600 16522 8354
2600 15902 7240
2600 10216 4779
2600 10668 4093
2600 11318 6090
2600 8498 4907
2600 9340 5698
2600 9547 4765
2600 12015 4206
2600 11077 5843
2600 18041 10090
2600 14092 7311
2600 13896 7336
2600 15251 7426
2600 17498 9003
2600 20804 10486
2600 15217 9531
2600 13085 5146
2600 14298 7470
2600 14015 5485
2600 12859 7358
2600 10516 5882
2600 11834 6556
2600 12737 6598
2600 13331 7906
2600 12745 5722
2600 11739 5509
2600 7626 4238
2600 12835 3255
2600 8586 4150
2600 11825 6251
2600 8999 4838
2600 13590 8256
2600 12824 6736
2600 10448 5296
2600 10286 5756
2600 9715 5578
2600 14257 8392
2600 13490 5500
2600 10099 4794
2600 10251 6618
2600 14835 7463
2600 19478 7509
2600 11564 6069
2600 11884 6740
2600 13976 7211
2600 9805 5436
2600 10606 6595
2600 14574 5133
2600 11954 4396
2700 13243 5895
2700 12238 6587
2700 15279 11231
2700 14528 3782
2700 11087 6371
2700 12179 5783
2700 20549 11304
2700 15580 7455
2700 10167 4549
2700 12573 5055
2700 12932 6745
2700 14137 6905
2700 19212 7983
2700 13797 6991
2700 16646 9918
2700 14104 7323
2700 19132 8849
2700 15494 9078
2700 14411 9278
2700 12300 5290
2700 16050 8741
2700 19916 10034
2700 10941 4708
2700 13965 5417
2700 18613 8949
2700 15737 7853
2700 12737 3929
2700 9373 4061
2700 11035 4370
2700 12831 6447
2700 15857 8465
2700 21346 10646
2700 17383 7899
2700 11489 5573
2700 16594 7783
2700 10079 4939
2700 11816 8147
2700 8565 4834
2700 11944 7211
2700 10255 4324
2700 22841 11603
2700 17084 8336
2700 12396 7167
2700 15202 8270
2700 10700 5038
2700 14083 8171
2700 9157 4760
2700 19789 8676
2700 13128 7573
2700 11435 6027
2800 13776 7675
2800 18331 10195
2800 20438 9733
2800 13094 8991
2800 12616 4831
2800 16470 8862
2800 10000 4922
2800 15545 9216
2800 12790 4490
2800 10566 6560
2800 15861 7575
2800 10862 5964
2800 14465 7273
2800 12458 5309
2800 25828 15016
2800 11671 5992
2800 11237 4990
2800 19628 9390
2800 19509 8337
2800 18958 12080
2800 10779 5050
2800 13017 6916
2800 18073 8820
2800 15624 9594
2800 23362 11580
2800 20697 9475
2800 10883 6871
2800 20728 9524
2800 11435 3441
2800 15210 9005
2800 11231 4525
2800 19936 11292
2800 9704 4866
2800 10857 5398
2800 7959 4109
2800 15278 10424
2800 10042 5817
2800 20697 11732
2800 13203 7367
2800 11697 5594
2800 17685 7617
2800 20952 14648
2800 14349 5942
2800 19632 10531
2800 14914 7502
2800 13718 8451
2800 16281 10339
2800 13749 5567
2800 8440 3997
2800 17546 8441
2900 13582 7254
2900 13462 8233
2900 13015 8523
2900 18846 8602
2900 10509 5115
2900 16833 12173
2900 15942 9245
2900 19371 8310
2900 15837 8998
2900 13053 4449
2900 12402 5832
2900 13889 6546
2900 12393 4407
2900 15326 6333
2900 11346 7254
2900 12515 6364
2900 15295 5258
2900 12325 7881
2900 15358 7280
2900 20717 9271
2900 20807 9123
2900 13169 7084
2900 20298 8714
2900 20128 8742
2900 16437 9032
2900 19186 6678
2900 15179 5986
2900 11837 5083
2900 16130 9532
2900 15042 7453
2900 18552 7901
2900 12242 5970
2900 13965 9254
2900 18265 6954
2900 8744 4047
2900 21633 6254
2900 12136 5385
2900 17043 10525
2900 15723 7304
2900 16031 10666
2900 20048 11453
2900 17013 9461
2900 17562 6603
2900 12314 7967
2900 16618 8032
2900 13425 7483
2900 15326 10485
2900 14995 6143
2900 19176 9806
2900 13477 6219
3000 12348 4267
3000 13818 5489
3000 14282 6777
3000 15971 8406
3000 24382 9871
3000 20187 7857
3000 9167 5066
3000 21636 11998
3000 23669 10253
3000 15808 10658
3000 17779 8977
3000 18673 7331
3000 14224 6210
3000 16253 9928
3000 11730 4060
3000 15415 6768
3000 13845 7217
3000 17850 7453
3000 11578 5048
3000 24086 14820
3000 15176 6407
3000 12686 5669
3000 13342 5683
3000 14455 10810
3000 22662 9596
3000 14717 7630
3000 18018 8981
3000 14481 7856
3000 12977 7271
3000 18587 6515
3000 19010 9181
3000 12567 6810
3000 14044 5596
3000 14933 8265
3000 12784 6568
3000 21270 8842
3000 22870 12504
3000 11263 4559
3000 15705 5621
3000 12814 8420
3000 17430 8398
3000 21791 14390
3000 22566 13972
3000 14145 6609
3000 14695 6689
3000 13860 5623
3000 17924 7005
3000 14254 7316
3000 13541 6918
3000 11997 5688
3100 8250 3952
3100 21944 10069
3100 14251 4314
3100 19748 11976
3100 11263 5768
3100 20861 14387
3100 17447 11901
3100 14504 8280
3100 16665 10653
3100 14685 8986
3100 16687 11824
3100 19355 13740
3100 12582 7094
3100 14041 7251
3100 16664 6986
3100 14209 8222
3100 19524 6621
3100 16656 8967
3100 16717 8632
3100 14199 7322
3100 21286 9754
3100 12895 6537
3100 21814 8161
3100 14845 8223
3100 16815 7344
3100 13203 5482
3100 14461 9449
3100 19059 6615
3100 14388 5711
3100 16900 9400
3100 17386 8771
3100 16199 8409
3100 17692 10541
3100 18782 7478
3100 19096 9094
3100 13230 6781
3100 16080 6130
3100 14003 5355
3100 20308 12918
3100 18999 8406
3100 14706 7216
3100 18611 5897
3100 15906 9801
3100 13365 5226
3100 11938 5647
3100 17942 7564
3100 20274 13517
3100 19649 10562
3100 15729 9553
3100 14310 7811
3200 13543 8758
3200 25146 12947
3200 10962 6353
3200 20045 11708
3200 16527 5238
3200 15419 10899
3200 11976 6523
3200 18432 13459
3200 19273 6333
3200 13720 9580
3200 18366 8776
3200 13046 5740
3200 10450 5825
3200 14421 6709
3200 13449 7011
3200 13103 5285
3200 12787 7084
3200 12614 4536
3200 16676 10771
3200 16009 7841
3200 19004 9276
3200 12676 4702
3200 13004 6331
3200 19037 13182
3200 12212 5664
3200 11841 5751
3200 12585 5273
3200 22021 8213
3200 15512 9423
3200 15333 6496
3200 10994 6808
3200 15569 7086
3200 19458 7968
3200 20932 12234
3200 22656 12971
3200 14367 8087
3200 16079 8346
3200 10045 5196
3200 14756 8420
3200 13698 5866
3200 21714 11522
3200 26509 12555
3200 14146 6289
3200 15835 8672
3200 20848 9094
3200 13300 8002
3200 17843 9318
3200 15808 9889
3200 15313 8728
3200 14405 6571
3300 16108 9479
3300 15119 6980
3300 18058 7984
3300 19772 9594
3300 22366 10192
3300 14476 5976
3300 19327 10141
3300 14688 8502
3300 21104 10755
3300 19421 10756
3300 21499 9997
3300 20147 11986
3300 18061 8627
3300 21712 8649
3300 20387 9617
3300 21850 12528
3300 13509 7184
3300 20066 6135
3300 19853 9149
3300 16773 7463
3300 14219 6715
3300 14554 5954
3300 11727 7181
3300 24862 11121
3300 17623 12143
3300 20760 9076
3300 20279 8819
3300 20819 8452
3300 13978 7882
3300 23053 14384
3300 18571 8641
3300 15787 7053
3300 12421 6730
3300 12885 7882
3300 9572 4996
3300 21016 10158
3300 10122 5131
3300 17484 5663
3300 17054 9276
3300 15968 10146
3300 14724 7203
3300 20361 12343
3300 16095 7215
3300 16050 9801
3300 18258 6887
3300 10792 5501
3300 19926 10138
3300 14205 5972
3300 16643 9520
3300 22178 6080
3400 14312 7989
3400 17406 11949
3400 18732 10614
3400 12997 7662
3400 16348 8945
3400 10461 5505
3400 21717 13897
3400 13757 5687
3400 19512 12470
3400 16583 9471
3400 19662 12232
3400 14518 6089
3400 21023 12385
3400 22318 8565
3400 15343 9537
3400 14226 5915
3400 14487 6920
3400 18941 11333
3400 22367 10526
3400 15109 9197
3400 18580 8136
3400 15761 8863
3400 14999 8708
3400 13286 7446
3400 13511 6470
3400 25053 11934
3400 14796 5414
3400 19700 9326
3400 14079 7994
3400 18764 9359
3400 15423 7161
3400 19569 9144
3400 13273 4849
3400 21753 9226
3400 16168 9169
3400 18140 11158
3400 19556 9636
3400 13510 4206
3400 26722 17735
3400 16975 12263
3400 13506 8976
3400 23320 14985
3400 16076 4428
3400 22445 9133
3400 21646 8671
3400 26032 13895
3400 17566 9369
3400 20072 9475
3400 13276 7901
3400 18371 9575
3500 14010 8051
3500 21668 10533
3500 26138 12105
3500 16998 9069
3500 22246 11272
3500 24871 7729
3500 22237 16503
3500 20370 7768
3500 15537 7964
3500 18164 10638
3500 17449 7649
3500 16048 6626
3500 21893 8334
3500 22438 8208
3500 17802 7988
3500 18599 9134
3500 17815 6664
3500 17436 9352
3500 16588 5461
3500 14952 6486
3500 29753 15945
3500 16206 8231
3500 18724 10635
3500 18220 8559
3500 18347 11841
3500 10735 4569
3500 13332 8865
3500 18112 12613
3500 12844 7408
3500 24153 10076
3500 24391 8312
3500 14386 5855
3500 24279 10895
3500 19181 8438
3500 20095 8366
3500 17984 8579
3500 18736 10272
3500 19267 11753
3500 14753 7905
3500 11080 5117
3500 14067 6140
3500 14892 6195
3500 16506 11242
3500 20204 8620
3500 22097 9664
3500 13088 5968
3500 20002 7805
3500 19165 8227
3500 19338 9788
3500 20609 8437
3600 10364 5398
3600 24080 9191
3600 17491 9777
3600 21064 11497
3600 24242 15555
3600 18835 10962
3600 23806 15134
3600 22714 8405
3600 17223 7211
3600 12242 7547
3600 19544 10954
3600 17642 7694
3600 20759 10425
3600 24879 12052
3600 22837 15147
3600 25767 11603
3600 19280 7904
3600 14040 7142
3600 17224 10599
3600 18741 9303
3600 19666 12948
3600 18263 11437
3600 16023 8119
3600 27429 12283
3600 23681 8738
3600 14614 8004
3600 22836 9436
3600 13364 6148
3600 19534 9985
3600 17445 9673
3600 19791 9256
3600 17102 7933
3600 21376 11342
3600 26238 17020
3600 19666 10881
3600 19941 10572
3600 18562 11605
3600 16570 5079
3600 34997 22056
3600 30952 16275
3600 22240 8551
3600 29236 17461
3600 20133 8101
3600 16547 9443
3600 19707 11676
3600 20368 14353
3600 20140 6427
3600 21049 10011
3600 17251 7321
3600 11447 6206
3700 18006 4641
3700 30819 17524
3700 17716 9252
3700 15069 5797
3700 19768 9648
3700 15187 5934
3700 23609 12714
3700 22794 11029
3700 21910 9378
3700 18443 6662
3700 20186 10108
3700 25046 19138
3700 23148 14430
3700 14224 5865
3700 12694 8188
3700 25625 14629
3700 16535 8435
3700 19423 6451
3700 16478 8068
3700 13156 6513
3700 14473 8088
3700 15508 8634
3700 28433 13555
3700 12749 4670
3700 15004 7891
3700 20184 10963
3700 16826 10405
3700 24101 13031
3700 27838 12922
3700 20269 13624
3700 19123 8139
3700 32653 14701
3700 15756 7672
3700 10485 5483
3700 25252 13277
3700 19605 6052
3700 14302 7718
3700 15005 9208
3700 12420 7298
3700 17599 5855
3700 18066 9131
3700 19841 10021
3700 10920 6191
3700 19394 12038
3700 17160 9556
3700 17125 8423
3700 17832 7857
3700 19248 8896
3700 19086 6580
3700 13073 6154
3800 23410 13182
3800 17065 8640
3800 16950 8157
3800 30552 15197
3800 13859 7005
3800 16789 7979
3800 28836 9414
3800 26539 8502
3800 13395 7077
3800 22869 11066
3800 23547 10559
3800 20953 10393
3800 22766 15005
3800 25081 14530
3800 22108 7506
3800 17957 5637
3800 12159 7886
3800 27663 11661
3800 28101 13376
3800 17464 8723
3800 17712 7689
3800 20290 6504
3800 19267 8621
3800 18519 6283
3800 25481 14033
3800 17738 10281
3800 29915 12076
3800 15186 8522
3800 21990 9553
3800 16710 11880
3800 19735 8763
3800 14048 5943
3800 14996 8204
3800 17729 10844
3800 18104 8794
3800 16626 7210
3800 12275 6210
3800 19891 9804
3800 22073 13576
3800 15335 9668
3800 20011 9492
3800 9694 4749
3800 12029 6909
3800 15900 9506
3800 23532 10697
3800 14635 8623
3800 22605 12753
3800 18854 9511
3800 14977 7204
3800 24065 12558
3900 23736 10071
3900 26040 14639
3900 13265 6358
3900 26579 15358
3900 19541 7506
3900 16845 8682
3900 14168 5731
3900 18034 8520
3900 18108 8639
3900 17980 7298
3900 11508 5119
3900 19102 10936
3900 17687 8182
3900 20784 8293
3900 21069 7855
3900 21318 14564
3900 24795 14510
3900 21253 11011
3900 29697 14652
3900 16287 7135
3900 21902 11652
3900 19550 10019
3900 17483 8829
3900 17170 7336
3900 20913 10746
3900 22132 9355
3900 17185 7448
3900 16081 10566
3900 16281 8188
3900 12347 5801
3900 25015 8300
3900 17378 8516
3900 17906 8075
3900 21507 10249
3900 13888 6534
3900 18918 7402
3900 16070 9272
3900 25633 18021
3900 19146 11229
3900 23280 13376
3900 17696 9213
3900 17753 11437
3900 19027 11616
3900 20910 9493
3900 23282 10663
3900 20778 10158
3900 13340 6798
3900 18544 11283
3900 21983 8013
3900 19654 9730
4000 22252 14567
4000 21156 10540
4000 13440 7391
4000 24559 15847
4000 14476 7762
4000 16778 8720
4000 21642 10539
4000 15739 8385
4000 17665 5328
4000 21804 9350
4000 25386 16579
4000 17552 12193
4000 25237 12223
4000 19832 9591
4000 26541 14588
4000 20525 9874
4000 33381 23206
4000 16998 8113
4000 20463 7908
4000 24376 12306
4000 21970 11618
4000 16559 8092
4000 14492 6896
4000 19512 8995
4000 26973 16248
4000 16704 7203
4000 17919 9644
4000 18381 12354
4000 13627 8226
4000 14766 10105
4000 19362 11153
4000 24623 15162
4000 23972 10790
4000 18257 11191
4000 15136 7051
4000 20521 13789
4000 19690 11546
4000 28465 13622
4000 25938 12191
4000 13995 6574
4000 23760 8729
4000 18780 6705
4000 19461 12206
4000 18992 10372
4000 25384 12688
4000 20712 11745
4000 18234 9375
4000 16684 6756
4000 27096 15779
4000 31936 13881
4100 19641 12675
4100 20883 11958
4100 19399 8941
4100 29013 16131
4100 18814 5832
4100 14758 7914
4100 24302 13402
4100 23012 12408
4100 27094 10733
4100 29399 13499
4100 13717 7285
4100 20982 12905
4100 23777 14173
4100 25372 11648
4100 25473 6190
4100 27682 17358
4100 36298 13100
4100 22087 10782
4100 21655 7442
4100 21780 12700
4100 17545 9248
4100 20866 13234
4100 22907 7003
4100 18565 10636
4100 25030 10568
4100 17017 7437
4100 14358 7643
4100 27872 18758
4100 26170 14107
4100 12948 5359
4100 18919 9070
4100 19211 8566
4100 20820 8641
4100 23439 14270
4100 15410 7295
4100 22311 8851
4100 19707 7947
4100 20958 10708
4100 23911 14112
4100 20123 12017
4100 27107 11167
4100 23027 12631
4100 16717 6198
4100 18918 9275
4100 21029 9544
4100 18357 7496
4100 18211 10481
4100 18802 10037
4100 17319 6382
4100 25820 13761
4200 22554 11716
4200 16143 7723
4200 18665 5993
4200 18044 8225
4200 21838 12290
4200 18541 12186
4200 15410 5618
4200 29558 16712
4200 28173 15589
4200 24585 10735
4200 13978 6321
4200 19688 7824
4200 19468 12315
4200 21542 9029
4200 18993 10220
4200 32173 13327
4200 23683 15539
4200 12120 5549
4200 14197 7307
4200 17578 8871
4200 23718 12701
4200 26415 8212
4200 19915 7316
4200 21044 15676
4200 17877 7612
4200 13904 7123
4200 24055 15605
4200 23141 10174
4200 16488 7435
4200 22491 10480
4200 17851 7721
4200 13881 7935
4200 16606 8874
4200 23693 12370
4200 19994 5410
4200 25597 14908
4200 28311 15967
4200 26800 18837
4200 32770 18171
4200 17838 9214
4200 16612 8540
4200 14926 7960
4200 21494 11978
4200 33238 12517
4200 17694 10036
4200 21826 9783
4200 17926 10807
4200 19735 7966
4200 18816 10432
4200 18591 11332
4300 27320 13868
4300 29027 13850
4300 25662 12956
4300 19664 8572
4300 26930 18763
4300 24942 10852
4300 26730 17000
4300 23221 14001
4300 22015 6077
4300 35563 19242
4300 23401 8517
4300 25743 13161
4300 23369 14343
4300 15523 6848
4300 21616 12345
4300 26630 17704
4300 28894 19214
4300 19476 13053
4300 35930 18125
4300 17280 9974
4300 19133 9958
4300 21990 9280
4300 24144 9827
4300 18110 5360
4300 23159 8459
4300 21704 15350
4300 17232 9335
4300 26204 12880
4300 23271 9915
4300 28496 12883
4300 21305 14016
4300 27161 11060
4300 21466 9328
4300 23480 9967
4300 13820 8013
4300 15820 5606
4300 19475 12072
4300 17079 7683
4300 26709 15012
4300 27341 13294
4300 19088 7007
4300 21312 12161
4300 22831 16710
4300 28763 16582
4300 26927 18159
4300 23323 15065
4300 24228 8713
4300 26284 11159
4300 17312 8491
4300 15846 9618
4400 26254 13367
4400 24422 14641
4400 25818 10757
4400 22458 9628
4400 24368 9769
4400 28113 17661
4400 19885 13635
4400 13611 6466
4400 16203 5639
4400 24504 13980
4400 20293 14160
4400 21065 11084
4400 22130 15322
4400 15737 7664
4400 20535 10026
4400 25850 14835
4400 22068 15325
4400 29831 15731
4400 16380 8543
4400 16237 7441
4400 28456 13955
4400 24612 17902
4400 15354 7138
4400 23848 8003
4400 17266 10954
4400 36033 19598
4400 22297 7283
4400 21491 11219
4400 21805 9833
4400 26311 15681
4400 15603 7815
4400 18921 10564
4400 18377 8253
4400 21496 10123
4400 28046 9724
4400 17647 6489
4400 20556 8544
4400 31325 14783
4400 23296 11476
4400 30418 14530
4400 15734 8101
4400 20918 11174
4400 25914 10705
4400 30220 14401
4400 26210 13675
4400 21245 9992
4400 28133 13909
4400 27777 17209
4400 20963 8650
4400 23501 15290
4500 23586 11313
4500 17107 8123
4500 27434 14638
4500 18995 12601
4500 26495 9843
4500 21799 12180
4500 17315 7917
4500 24004 12082
4500 16170 9159
4500 23414 10861
4500 28944 15508
4500 35034 13261
4500 15480 9744
4500 32680 19748
4500 31487 18545
4500 24842 13324
4500 17941 7953
4500 26106 10968
4500 36664 26504
4500 14811 8893
4500 16600 8385
4500 34925 17280
4500 25950 14485
4500 19353 11591
4500 21185 9797
4500 19158 11057
4500 21752 7155
4500 16592 6720
4500 29102 13952
4500 23434 14059
4500 13764 7433
4500 21390 8262
4500 19364 10002
4500 19488 9260
4500 20929 6788
4500 27967 15283
4500 18831 9994
4500 14295 6958
4500 35595 15131
4500 37471 14395
4500 34497 8692
4500 23630 16148
4500 17238 9938
4500 33835 15978
4500 30923 18249
4500 22574 11909
4500 19153 7235
4500 15460 8665
4500 21013 9661
4500 18388 11259
4600 23675 14332
4600 32014 20931
4600 13653 6570
4600 25892 18697
4600 27688 15413
4600 22964 13791
4600 29499 12565
4600 24067 9407
4600 21617 11686
4600 32494 13705
4600 27439 18803
4600 27549 9386
4600 20715 9039
4600 16907 7503
4600 34129 19343
4600 27821 17535
4600 30797 13810
4600 27293 14095
4600 20995 13387
4600 24451 12100
4600 16938 9718
4600 22085 11860
4600 26146 16740
4600 18322 8014
4600 26287 14264
4600 17854 9151
4600 27709 10629
4600 17887 9090
4600 24165 12125
4600 25769 10770
4600 23367 11892
4600 22586 9755
4600 22650 14086
4600 35463 14280
4600 29577 17270
4600 31199 15565
4600 27361 12296
4600 20400 13388
4600 39870 15896
4600 24949 11682
4600 41610 22402
4600 27478 15759
4600 23152 14879
4600 27776 14095
4600 27983 17597
4600 30243 13784
4600 30503 20500
4600 22919 14476
4600 20967 10722
4600 23604 10838
4700 18599 7997
4700 13721 7532
4700 32049 13390
4700 25390 8906
4700 28878 13289
4700 28302 19714
4700 23636 11444
4700 30127 12104
4700 23289 11093
4700 26007 12686
4700 22204 14264
4700 23239 7886
4700 20402 9667
4700 27916 16703
4700 28649 16464
4700 26456 19797
4700 29775 12485
4700 34341 11280
4700 24367 8225
4700 38982 23110
4700 25099 9590
4700 27703 12480
4700 22050 13338
4700 29452 11079
4700 26871 15784
4700 21405 12328
4700 23376 13728
4700 27397 12335
4700 27574 11668
4700 32509 12234
4700 21376 10203
4700 27629 12065
4700 18298 12512
4700 20600 9389
4700 26560 10343
4700 32042 19268
4700 17179 10756
4700 23139 12318
4700 29126 15461
4700 18843 10447
4700 34343 13775
4700 17943 8897
4700 28037 16585
4700 24038 12548
4700 20814 8710
4700 22763 14556
4700 21373 13202
4700 31361 17189
4700 15061 6718
4700 33489 22945
4800 19055 9693
4800 16192 6836
4800 27143 10494
4800 26804 14768
4800 30292 12415
4800 32918 17826
4800 36025 18831
4800 18730 10334
4800 23431 12810
4800 27486 16047
4800 28291 11472
4800 19668 9901
4800 25419 12261
4800 22501 9904
4800 22813 11774
4800 14890 6905
4800 28283 18628
4800 15631 5425
4800 27120 13819
4800 25723 9997
4800 26976 16037
4800 28543 11985
4800 25286 14861
4800 26440 16607
4800 19648 10081
4800 19343 7087
4800 34175 22247
4800 26277 15139
4800 25210 10736
4800 18471 6246
4800 24917 10852
4800 34956 16971
4800 19609 10179
4800 24450 14162
4800 31146 18276
4800 17571 8984
4800 24028 11604
4800 23083 7889
4800 17461 10410
4800 21451 10428
4800 33781 17637
4800 21483 9883
4800 18624 7240
4800 32909 14133
4800 21293 10990
4800 21661 9777
4800 27777 10917
4800 26550 13686
4800 19356 9914
4800 22373 12657
4900 16510 9428
4900 28605 13221
4900 16769 7672
4900 27887 10606
4900 18297 7972
4900 22411 11864
4900 18903 10609
4900 29526 19155
4900 17598 8748
4900 23146 14304
4900 25268 11560
4900 27043 13078
4900 19726 8823
4900 31102 13253
4900 34028 14403
4900 23004 13665
4900 25484 16771
4900 19119 10826
4900 19829 6221
4900 28778 13067
4900 24083 15959
4900 33069 20634
4900 24524 12650
4900 32088 14859
4900 24254 9675
4900 23144 11125
4900 15704 7764
4900 47982 21739
4900 30828 16318
4900 24203 10530
4900 24278 7256
4900 23845 13058
4900 27435 16486
4900 30087 9643
4900 17794 9646
4900 23747 13585
4900 23210 13025
4900 24620 11076
4900 24422 15258
4900 26530 14833
4900 21157 11117
4900 23548 11593
4900 31971 18230
4900 24429 15594
4900 37212 23021
4900 22823 13205
4900 23066 13827
4900 24455 6277
4900 18758 12827
4900 30757 13297
5000 24788 10909
5000 29963 14609
5000 29329 12010
5000 28663 14317
5000 29340 11913
5000 29575 13873
5000 26603 10823
5000 20084 6921
5000 23920 10569
5000 32294 16041
5000 35633 19712
5000 23377 11196
5000 31134 17719
5000 27479 11448
5000 31048 14636
5000 46580 9786
5000 27952 12481
5000 19880 11098
5000 27623 11150
5000 23177 9920
5000 27772 12308
5000 21959 10132
5000 21185 10272
5000 20513 10383
5000 25845 13106
5000 23058 15678
5000 22788 10529
5000 39241 24570
5000 23512 10024
5000 37232 11490
5000 23464 11371
5000 32200 14153
5000 27098 16615
5000 23823 11862
5000 26000 17733
5000 16008 7560
5000 38048 21331
5000 27938 12586
5000 22561 12010
5000 32040 13795
5000 16817 8380
5000 20325 13080
5000 22220 13772
5000 27971 19647
5000 19392 10365
5000 18987 9390
5000 27686 11969
5000 29838 17065
5000 17525 9115
5000 37211 18433
5100 40508 21687
5100 32718 11536
5100 19666 11263
5100 26372 11727
5100 28943 12312
5100 26823 15244
5100 32067 15323
5100 42281 21729
5100 27752 15937
5100 24834 12572
5100 28083 18784
5100 27100 17013
5100 24272 16233
5100 26315 9382
5100 29699 14329
5100 27879 18773
5100 26568 11558
5100 29138 15385
5100 35860 20608
5100 29390 12189
5100 27268 15518
5100 15627 7894
5100 29916 18876
5100 28961 16468
5100 22867 10089
5100 38222 15393
5100 17696 9929
5100 22786 8699
5100 28546 15324
5100 35402 20986
5100 37577 15791
5100 28401 16713
5100 17936 6509
5100 31212 18509
5100 39105 24678
5100 19307 10191
5100 15455 6352
5100 27625 15694
5100 21367 7347
5100 32925 13115
5100 32227 12499
5100 31010 17605
5100 16329 7832
5100 15878 8698
5100 27997 13505
5100 31045 21318
5100 36354 28382
5100 28722 13343
5100 26052 16737
5100 24720 16369
5200 21162 10643
5200 24750 6649
5200 22064 13045
5200 31753 16645
5200 34495 19197
5200 27456 9997
5200 24976 15966
5200 23459 9435
5200 28132 11312
5200 21686 13374
5200 29588 12669
5200 24493 8998
5200 35909 17173
5200 23090 8777
5200 22112 8383
5200 23314 15150
5200 29595 12398
5200 24416 8189
5200 33866 22775
5200 23295 6918
5200 26325 9277
5200 20974 10017
5200 15691 6752
5200 28413 13391
5200 38641 23502
5200 47516 31380
5200 17650 11365
5200 29074 13311
5200 26056 8964
5200 29794 12988
5200 25651 14913
5200 39063 20330
5200 21126 7479
5200 29116 12119
5200 32582 17065
5200 23574 11384
5200 32699 16328
5200 35165 17909
5200 22004 13658
5200 26556 12424
5200 24068 14308
5200 25393 14729
5200 27251 8480
5200 31051 12566
5200 25997 18014
5200 27468 13667
5200 21912 9279
5200 15011 7222
5200 30662 22309
5200 21845 14034
5300 25438 13498
5300 23591 10554
5300 25463 13938
5300 26649 16163
5300 23999 16844
5300 25980 18609
5300 18533 8747
5300 26368 12395
5300 23863 12312
5300 19227 10486
5300 27542 10924
5300 43017 22609
5300 24238 15358
5300 25370 9050
5300 27917 13071
5300 29828 17587
5300 27126 14654
5300 31433 19722
5300 17476 7909
5300 19475 8229
5300 18131 10115
5300 30647 18676
5300 32981 13017
5300 34505 17266
5300 41750 20515
5300 27294 16084
5300 22312 7648
5300 44736 24681
5300 38765 12894
5300 35614 19586
5300 25499 8806
5300 23100 13047
5300 28019 11705
5300 28212 16964
5300 27450 12007
5300 40373 12709
5300 26950 11854
5300 26414 10067
5300 31078 15821
5300 39521 17248
5300 25985 16773
5300 23622 13795
5300 27358 13704
5300 38576 25796
5300 22702 16593
5300 41781 17333
5300 31939 19493
5300 27837 13441
5300 25194 9743
5300 29599 10703
5400 26976 17475
5400 26693 12077
5400 40436 19685
5400 35529 14724
5400 32668 9092
5400 36062 10456
5400 28408 8720
5400 31385 16891
5400 29491 18338
5400 19547 11368
5400 30414 14138
5400 32675 16985
5400 15504 8893
5400 24870 9563
5400 20879 8037
5400 34334 12580
5400 33586 16976
5400 22841 9316
5400 34262 19197
5400 29244 14923
5400 33932 18137
5400 18061 7264
5400 31123 18197
5400 33697 18071
5400 34857 18910
5400 22960 10749
5400 32215 19920
5400 23280 11638
5400 29874 18931
5400 35475 20482
5400 31728 16166
5400 30518 7646
5400 31307 19760
5400 28993 15718
5400 38936 23608
5400 28372 14899
5400 32525 18662
5400 29218 13107
5400 24403 12847
5400 35739 17741
5400 43069 19463
5400 37361 21114
5400 23848 8855
5400 22032 14290
5400 21063 7896
5400 33930 14817
5400 20119 8262
5400 31161 15544
5400 25063 15403
5400 31738 11895
5500 29420 11102
5500 24516 12163
5500 24676 10573
5500 27135 17304
5500 28289 12562
5500 21996 12520
5500 30293 19945
5500 29256 13346
5500 29171 11734
5500 34282 26736
5500 17985 9801
5500 27527 19694
5500 32576 18346
5500 19200 8336
5500 30320 12011
5500 29807 12426
5500 28567 15054
5500 26542 9187
5500 53064 34522
5500 28030 17714
5500 35745 12343
5500 19063 10511
5500 28630 15861
5500 19990 8465
5500 32800 17182
5500 30432 11214
5500 32157 13177
5500 26781 9440
5500 33962 21115
5500 42667 21204
5500 28996 15861
5500 27832 12897
5500 26445 17319
5500 25617 12497
5500 23674 12637
5500 43667 22682
5500 40042 18472
5500 21967 12263
5500 25740 12817
5500 41612 27284
5500 44370 21484
5500 41861 17719
5500 27466 9979
5500 23868 15478
5500 31141 11993
5500 24910 9192
5500 26019 14403
5500 26342 10292
5500 26594 15006
5500 21368 10083
5600 19049 9892
5600 25997 9107
5600 27971 14686
5600 28310 11935
5600 34203 16758
5600 26392 8814
5600 46515 20459
5600 22943 10337
5600 25526 10310
5600 29862 13570
5600 25108 12435
5600 30802 21968
5600 33874 22968
5600 20060 11853
5600 29841 14544
5600 23899 10691
5600 41796 22515
5600 34157 13317
5600 35167 24069
5600 27755 11374
5600 44659 15558
5600 29371 16262
5600 34971 12565
5600 32199 17663
5600 29097 17035
5600 30089 17643
5600 28433 16361
5600 51335 33622
5600 34208 11742
5600 27752 17485
5600 33896 22261
5600 33991 11395
5600 28978 18601
5600 27784 13551
5600 26873 14553
5600 17336 8395
5600 21379 12139
5600 17711 8943
5600 29197 13947
5600 38480 16489
5600 24575 13250
5600 41346 22699
5600 29987 16675
5600 28190 10281
5600 29194 8283
5600 29809 9019
5600 39903 19720
5600 22606 12287
5600 30889 15800
5600 40563 18108
5700 28625 17439
5700 31955 14447
5700 25431 8810
5700 35356 18922
5700 23767 13832
5700 19960 9301
5700 30846 19018
5700 28313 13907
5700 24107 12099
5700 35954 12155
5700 30100 17141
5700 40789 22359
5700 23866 9503
5700 26795 9012
5700 27084 18996
5700 36149 9931
5700 32854 16402
5700 40039 23146
5700 25818 12296
5700 26482 9226
5700 31095 23244
5700 33394 22501
5700 35397 15151
5700 19965 8782
5700 20211 9444
5700 21520 10161
5700 25400 10757
5700 37381 21268
5700 32902 20010
5700 41744 14733
5700 22550 9869
5700 28535 9699
5700 22293 11361
5700 17497 7882
5700 32847 13183
5700 16402 6865
5700 38295 17493
5700 33233 14959
5700 27465 12471
5700 32734 18447
5700 29287 17909
5700 29863 16049
5700 36833 10754
5700 34075 24019
5700 21261 10844
5700 35813 11793
5700 42691 26779
5700 35984 16649
5700 35074 16688
5700 30270 19443
5800 33939 17678
5800 33659 16510
5800 30249 21332
5800 23929 14436
5800 41417 22446
5800 31969 18135
5800 23865 13109
5800 30331 17797
5800 35698 23930
5800 20418 10377
5800 27673 15310
5800 42522 17958
5800 41731 16912
5800 26337 9891
5800 28788 13539
5800 26804 14426
5800 21139 12474
5800 33572 12200
5800 18160 8896
5800 30515 16416
5800 22064 12863
5800 36021 19361
5800 25269 16572
5800 24139 16081
5800 26561 14514
5800 25869 12622
5800 26756 9411
5800 29632 11566
5800 41308 17165
5800 23644 7521
5800 44216 14932
5800 40458 18369
5800 22310 9355
5800 31598 10345
5800 22842 11238
5800 28855 11556
5800 26870 12627
5800 27178 15455
5800 33078 14174
5800 21953 10187
5800 37444 22989
5800 21518 8879
5800 20623 12482
5800 27663 15749
5800 38070 15285
5800 39130 16529
5800 38460 15897
5800 26956 13464
5800 29528 15256
5800 21509 13909
5900 56112 40085
5900 34142 12951
5900 24008 9606
5900 33658 19280
5900 26765 11436
5900 27827 9317
5900 32473 19631
5900 36643 23291
5900 21184 8609
5900 22679 14540
5900 21814 7941
5900 29431 11751
5900 36504 19879
5900 22058 10140
5900 50517 29844
5900 29410 9650
5900 42594 22875
5900 32688 13736
5900 31504 14290
5900 25547 17550
5900 29396 13099
5900 31420 12516
5900 26457 13086
5900 36072 17888
5900 19270 9588
5900 35310 19233
5900 23012 7177
5900 24621 10034
5900 26907 18693
5900 28061 13978
5900 31811 17400
5900 33786 23536
5900 26658 14171
5900 52213 26654
5900 29737 13313
5900 39222 21962
5900 37773 12770
5900 32895 17271
5900 26856 10983
5900 24009 12432
5900 25275 9349
5900 33742 18441
5900 28952 10675
5900 18944 9150
5900 45140 27816
5900 28932 14129
5900 33547 16137
5900 22018 12077
5900 21694 10366
5900 37267 12984
6000 42402 21851
6000 32974 14860
6000 51889 29637
6000 28351 15445
6000 28303 19257
6000 25501 10107
6000 24517 12370
6000 39375 27726
6000 44201 21494
6000 30811 11878
6000 29998 14622
6000 35476 17053
6000 41048 15825
6000 26928 12777
6000 30677 17850
6000 35172 11836
6000 25341 8709
6000 35753 27060
6000 24260 12781
6000 31674 18698
6000 31544 15725
6000 29717 14516
6000 33826 12821
6000 42123 19124
6000 24740 14413
6000 36652 19677
6000 22775 12474
6000 39300 26965
6000 44829 24538
6000 31161 22789
6000 38446 23617
6000 34946 16151
6000 42005 15155
6000 41429 19117
6000 29246 19515
6000 33795 12285
6000 26001 12977
6000 28943 16818
6000 31588 11439
6000 35910 17307
6000 25166 10030
6000 22907 9747
6000 26970 13904
6000 35675 16072
6000 33392 15619
6000 21742 10567
6000 37689 23292
6000 41852 16366
6000 28851 11365
6000 64914 27580
6100 30504 16183
6100 29686 10905
6100 40406 21335
6100 31257 12731
6100 31677 8566
6100 39562 16798
6100 32307 18483
6100 37380 15797
6100 35918 18471
6100 36767 13354
6100 37218 21514
6100 33736 16390
6100 33262 19357
6100 23067 13993
6100 30341 14613
6100 17533 7936
6100 31247 17429
6100 33804 15536
6100 30136 13604
6100 35219 21369
6100 31899 18572
6100 23787 14913
6100 19663 10967
6100 43146 18702
6100 44009 17315
6100 37789 18431
6100 34787 11300
6100 44120 16061
6100 35143 20948
6100 33182 10784
6100 33195 14533
6100 36785 23404
6100 34949 15703
6100 29183 12482
6100 27087 15040
6100 30344 17417
6100 24797 13947
6100 42979 29367
6100 36089 24743
6100 29067 10684
6100 32213 17234
6100 30972 17801
6100 36173 19432
6100 25197 14933
6100 27846 10354
6100 42453 21123
6100 42271 17710
6100 36751 24547
6100 37208 21015
6100 24497 10253
6200 39563 16048
6200 27876 19959
6200 27375 15825
6200 35554 14255
6200 24339 15531
6200 26367 12600
6200 33958 18306
6200 44970 22313
6200 33859 16019
6200 37618 20141
6200 28129 15285
6200 51931 31526
6200 37439 19640
6200 44504 20063
6200 27100 11854
6200 38336 18075
6200 40544 18584
6200 23341 9387
6200 22155 11959
6200 31757 16538
6200 40085 28013
6200 29384 18377
6200 24262 9850
6200 33603 18819
6200 34089 16506
6200 33882 21382
6200 34364 22029
6200 24744 16420
6200 26839 10522
6200 60296 25239
6200 37472 21308
6200 39470 20680
6200 24290 8669
6200 31060 16225
6200 35928 18990
6200 33132 20503
6200 49492 36449
6200 35371 16077
6200 27207 12912
6200 25392 12802
6200 42924 21273
6200 31764 18618
6200 29615 6992
6200 23268 14504
6200 26937 16372
6200 45520 21496
6200 30097 15662
6200 40948 26591
6200 41220 17797
6200 32692 19833
6300 25668 16309
6300 28910 18408
6300 35477 17859
6300 30737 16230
6300 39899 20560
6300 36958 18752
6300 44581 29457
6300 33261 15793
6300 58074 24897
6300 42900 15096
6300 29535 13006
6300 38135 14015
6300 26100 15896
6300 23077 9150
6300 42824 20832
6300 30170 14244
6300 31914 19286
6300 31834 18869
6300 30504 14300
6300 33407 15548
6300 37527 17343
6300 47436 28453
6300 38167 16480
6300 37905 22257
6300 27243 16609
6300 26597 9860
6300 32309 24399
6300 29843 8339
6300 37433 23691
6300 27165 12534
6300 31892 11112
6300 31188 19324
6300 18963 8883
6300 37003 25074
6300 34968 16321
6300 27161 13364
6300 49563 26737
6300 49823 22733
6300 25385 14065
6300 42888 26258
6300 35131 18971
6300 19225 9475
6300 43002 19657
6300 26189 12164
6300 30063 8916
6300 29158 11269
6300 39293 16706
6300 24794 15029
6300 35026 22005
6300 27739 11538
6400 22124 11487
6400 29149 17377
6400 31317 15934
6400 31404 10404
6400 45222 15161
6400 32273 18074
6400 25152 14987
6400 36058 21976
6400 29635 16544
6400 33344 15228
6400 37900 20153
6400 38140 13018
6400 28383 9597
6400 34319 15198
6400 53842 28446
6400 33584 12155
6400 36310 20687
6400 37666 18603
6400 34646 23136
6400 34458 12006
6400 36599 20449
6400 30748 10666
6400 36151 18992
6400 30319 17188
6400 34084 15504
6400 34435 21820
6400 47381 31433
6400 26372 15806
6400 36145 16076
6400 28882 18602
6400 29455 14116
6400 38068 14812
6400 38938 14856
6400 28608 10394
6400 19093 9190
6400 37196 20907
6400 55170 30469
6400 22487 8001
6400 35401 22943
6400 32718 13082
6400 31873 12716
6400 36716 14568
6400 41088 16584
6400 43345 18752
6400 44352 20487
6400 25637 12238
6400 28239 13809
6400 35966 14244
6400 33233 10956
6400 35399 18455
6500 47112 25522
6500 39921 11863
6500 33771 16755
6500 40402 18680
6500 29997 15713
6500 30071 14138
6500 31520 12286
6500 28147 14257
6500 24468 9478
6500 34571 21303
6500 33632 14308
6500 39823 21140
6500 28153 14526
6500 29000 10876
6500 23583 16102
6500 32701 12216
6500 46505 25177
6500 35255 16375
6500 44499 18856
6500 23665 10527
6500 29163 19177
6500 39463 24505
6500 36531 17551
6500 38867 16068
6500 31868 11137
6500 35151 21566
6500 52346 19277
6500 32060 15393
6500 29094 16993
6500 25546 11605
6500 32745 16121
6500 28260 14484
6500 36887 24841
6500 36195 11270
6500 42408 20696
6500 40931 12478
6500 39114 18723
6500 48917 13618
6500 21407 9658
6500 41142 24274
6500 40979 21398
6500 23444 12032
6500 36909 25125
6500 42540 24233
6500 28981 14742
6500 27089 14385
6500 35744 15897
6500 27856 16819
6500 30657 15882
6500 21835 10684
6600 20661 10592
6600 28077 18219
6600 44486 29348
6600 23096 14109
6600 36636 22253
6600 27825 16900
6600 41910 21693
6600 33646 16251
6600 25124 14158
6600 38561 10689
6600 15694 7927
6600 28595 10335
6600 27573 15900
6600 44340 22971
6600 27796 12365
6600 33080 13692
6600 22507 11754
6600 42396 23999
6600 34584 17071
6600 38478 24192
6600 30856 13593
6600 23880 12566
6600 52175 19347
6600 25502 12033
6600 33384 12988
6600 29724 17261
6600 29119 20548
6600 48891 26255
6600 31451 17606
6600 24398 14263
6600 38256 20395
6600 50995 23275
6600 40085 18963
6600 29626 14203
6600 20266 11803
6600 27137 14592
6600 30901 14873
6600 25652 15654
6600 45323 16575
6600 39307 19416
6600 34509 19678
6600 20895 10562
6600 37928 18913
6600 53788 34469
6600 29350 20902
6600 35096 15568
6600 30069 13304
6600 37550 17342
6600 35867 19110
6600 37684 15184
6700 46209 20528
6700 32783 15249
6700 39030 18998
6700 29324 15814
6700 38191 18588
6700 43339 31465
6700 28321 17144
6700 26735 15301
6700 36978 22197
6700 35798 12691
6700 36688 16413
6700 34436 24631
6700 33262 17134
6700 40585 21579
6700 46918 24899
6700 35537 22965
6700 30038 10935
6700 36032 20464
6700 43646 22993
6700 42008 17078
6700 36247 22618
6700 31762 11500
6700 25660 12230
6700 23555 13870
6700 26125 16177
6700 35547 19200
6700 27553 13528
6700 35699 14970
6700 22608 13428
6700 36855 18337
6700 35615 17742
6700 44149 25576
6700 38837 19973
6700 39732 19969
6700 29690 17671
6700 30074 15375
6700 37618 19802
6700 27807 19878
6700 54949 36808
6700 31406 19570
6700 29787 12164
6700 33174 15229
6700 28293 17506
6700 23337 12661
6700 30573 10205
6700 32989 14268
6700 29000 16823
6700 31886 13237
6700 45083 22529
6700 26069 16245
6800 32295 11810
6800 31809 14419
6800 29318 11356
6800 36344 20196
6800 28139 14720
6800 39794 18761
6800 25501 10155
6800 36954 17244
6800 35755 16008
6800 37305 21319
6800 25361 14188
6800 29788 20016
6800 24730 9520
6800 40849 23533
6800 33862 12820
6800 52718 22685
6800 28348 13973
6800 53749 26282
6800 42657 17789
6800 41645 22149
6800 39462 28177
6800 35565 19574
6800 36265 14027
6800 39360 18638
6800 63671 26848
6800 37191 18082
6800 33553 15461
6800 29680 8657
6800 34161 17169
6800 34517 15249
6800 34719 21077
6800 54056 18210
6800 34116 15090
6800 41573 22228
6800 34974 16368
6800 37809 21207
6800 41289 19388
6800 45105 23345
6800 32156 14540
6800 41667 26823
6800 28249 13421
6800 25276 10802
6800 33817 14983
6800 39310 15815
6800 49115 27981
6800 34466 15514
6800 36148 16681
6800 42376 17157
6800 45702 23225
6800 44897 18370
6900 34529 9762
6900 23454 12382
6900 26036 13975
6900 44102 20578
6900 39815 15968
6900 24735 12818
6900 37281 12577
6900 36648 12817
6900 36927 16578
6900 31218 16290
6900 36752 19474
6900 40768 21509
6900 41224 14714
6900 31669 11008
6900 46407 24981
6900 29330 17212
6900 42249 20215
6900 28012 8776
6900 44240 18452
6900 23320 13014
6900 27645 12457
6900 41766 29835
6900 31073 10525
6900 40177 15523
6900 47831 18662
6900 31529 15524
6900 31369 20225
6900 53735 18110
6900 41626 24203
6900 34824 22288
6900 48769 34977
6900 38887 19061
6900 29194 10855
6900 28185 12382
6900 35773 10789
6900 31506 14150
6900 31060 16020
6900 30125 19304
6900 21217 8089
6900 41196 24897
6900 35057 14945
6900 29479 15462
6900 40063 18818
6900 35084 13706
6900 30208 10217
6900 26621 13132
6900 51794 27237
6900 44780 29243
6900 47167 19572
6900 44119 14952
7000 41573 23642
7000 33329 20674
7000 46459 22753
7000 32298 18904
7000 25424 13043
7000 41322 19741
7000 45449 24828
7000 40464 23975
7000 46816 30418
7000 50787 35532
7000 44482 25107
7000 22808 13570
7000 36039 18039
7000 51859 21506
7000 48437 27711
7000 28812 14090
7000 49163 25818
7000 61765 26365
7000 33391 13890
7000 39823 16729
7000 52450 34011
7000 30145 12305
7000 43807 22938
7000 26200 16460
7000 41935 19367
7000 31262 18179
7000 47941 18079
7000 26666 14964
7000 24228 11404
7000 26464 12404
7000 49777 28415
7000 28052 15473
7000 26089 12745
7000 41085 16640
7000 36911 24467
7000 25015 13147
7000 44269 17845
7000 21150 12808
7000 41778 14080
7000 27602 19270
7000 35222 19214
7000 31323 14348
7000 45564 20724
7000 30544 16145
7000 39951 21655
7000 51165 20656
7000 45687 18609
7000 42760 18920
7000 32048 17255
7000 31908 17024
7100 38066 14559
7100 42696 18341
7100 32507 19147
7100 48199 34396
7100 53676 25002
7100 47952 22889
7100 38196 21510
7100 36985 18151
7100 42474 15223
7100 23217 12870
7100 43832 17683
7100 31269 19703
7100 43758 22539
7100 53060 28824
7100 29167 12482
7100 33712 19894
7100 54842 19107
7100 30719 19873
7100 24952 12909
7100 51110 26434
7100 41128 20520
7100 50094 28206
7100 41811 24222
7100 33057 21003
7100 35760 22758
7100 38979 21544
7100 21463 8672
7100 27681 12297
7100 62071 29876
7100 27070 15322
7100 29686 14376
7100 37021 15961
7100 30801 10910
7100 30219 16592
7100 43661 20003
7100 25217 11172
7100 32968 20616
7100 22399 11169
7100 43363 23524
7100 41663 25553
7100 38116 25360
7100 26361 13329
7100 26263 17686
7100 56211 25039
7100 52188 35412
7100 29104 16044
7100 36006 20022
7100 23206 13588
7100 34301 18058
7100 55561 32762
7200 33010 23307
7200 43805 23831
7200 48734 23051
7200 32002 21425
7200 29949 10402
7200 32613 17581
7200 36086 15501
7200 43912 23672
7200 54079 31139
7200 23564 11315
7200 44005 25178
7200 29943 12821
7200 45132 21071
7200 50085 31782
7200 42155 27450
7200 39140 14380
7200 39717 20367
7200 31966 13545
7200 49182 16029
7200 40562 22329
7200 43615 18751
7200 47906 27144
7200 21771 11234
7200 43333 16538
7200 53271 25246
7200 34812 15096
7200 33979 16420
7200 40845 17205
7200 32429 9282
7200 40221 18370
7200 37481 15237
7200 34704 18121
7200 41625 24704
7200 30077 15381
7200 35790 16722
7200 34854 18323
7200 27322 13948
7200 26970 15177
7200 40906 29815
7200 34188 16408
7200 28635 17720
7200 38516 19435
7200 46973 18881
7200 30024 15132
7200 36358 15389
7200 44298 24517
7200 40536 23342
7200 28050 15343
7200 31059 12860
7200 45798 18022
7300 23332 10400
7300 47823 27072
7300 47843 32313
7300 41280 18619
7300 37918 16230
7300 32370 17843
7300 26040 11903
7300 42248 16208
7300 52169 20096
7300 37962 16256
7300 33453 11824
7300 48041 28083
7300 47247 18674
7300 48388 26243
7300 58786 21248
7300 36662 15173
7300 57583 34054
7300 38248 22737
7300 40390 17296
7300 45863 31362
7300 30413 10145
7300 39528 13306
7300 36791 18111
7300 36021 15472
7300 30934 17962
7300 41610 24697
7300 30984 16118
7300 46991 15470
7300 40169 20479
7300 38557 22208
7300 25052 10605
7300 44540 23582
7300 39888 10529
7300 47251 26738
7300 49811 21995
7300 31591 15119
7300 40572 23586
7300 37437 17175
7300 30833 10574
7300 35086 21997
7300 40637 24237
7300 63087 33398
7300 48312 27927
7300 36391 21378
7300 28926 16158
7300 24392 10579
7300 27330 11635
7300 27768 14370
7300 30298 13811
7300 17996 9424
7400 45847 33799
7400 41331 28832
7400 51358 17293
7400 32265 11647
7400 59950 30648
7400 38388 16723
7400 33694 10832
7400 60383 29592
7400 24985 12044
7400 57373 18311
7400 43905 25415
7400 32609 17523
7400 30526 18101
7400 45617 19843
7400 37384 15371
7400 38217 23646
7400 48615 29907
7400 40180 20806
7400 42381 17410
7400 24327 12289
7400 46088 13955
7400 33237 17700
7400 37595 18317
7400 34511 12661
7400 45655 17297
7400 41318 22111
7400 37128 17517
7400 29760 13209
7400 29971 14206
7400 42811 27845
7400 32799 15639
7400 36697 19565
7400 54456 18951
7400 29624 9266
7400 48766 29323
7400 46338 23598
7400 42372 25703
7400 38072 19370
7400 37844 25237
7400 37036 13555
7400 49955 32805
7400 47471 21562
7400 29774 14443
7400 33782 15983
7400 33823 18152
7400 41239 19428
7400 40350 21122
7400 45382 17834
7400 49002 25519
7400 50687 18863
7500 38370 25138
7500 50625 18313
7500 27354 11974
7500 43123 18445
7500 46321 26939
7500 28772 14704
7500 50036 23046
7500 46763 27581
7500 36097 16689
7500 51455 27537
7500 30849 16081
7500 29375 17261
7500 27701 11225
7500 29124 11714
7500 38470 17391
7500 46925 22581
7500 33145 19406
7500 32191 15320
7500 45262 29666
7500 31035 14252
7500 38770 12863
7500 41541 19748
7500 35831 14580
7500 44956 16566
7500 27484 14796
7500 40604 28028
7500 38843 26103
7500 46957 29193
7500 27768 18321
7500 49834 33223
7500 48207 28969
7500 40442 22672
7500 47498 33065
7500 35611 12306
7500 47338 21913
7500 43897 21314
7500 29804 15770
7500 31219 16378
7500 61545 31295
7500 51309 22783
7500 18611 9852
7500 29011 14880
7500 50757 16959
7500 37842 15766
7500 43622 15809
7500 33914 18948
7500 29433 14502
7500 41692 20482
7500 43292 23033
7500 27332 12604
7600 35948 10510
7600 42079 17755
7600 26511 13859
7600 32551 14807
7600 39499 15033
7600 48905 23289
7600 32683 15054
7600 43896 21646
7600 41984 21005
7600 31781 15655
7600 58534 33942
7600 45941 24728
7600 38444 24551
7600 26571 17404
7600 38316 20149
7600 42667 24646
7600 25223 10247
7600 51386 18625
7600 33525 20809
7600 36683 23100
7600 42794 13378
7600 31477 14029
7600 40810 22444
7600 64221 31876
7600 46265 20654
7600 43393 26062
7600 43551 21204
7600 51143 28876
7600 55535 17721
7600 32948 19470
7600 32734 18677
7600 53425 31568
7600 46456 24190
7600 40421 12696
7600 43789 24415
7600 30359 19650
7600 27733 8745
7600 38207 23967
7600 56439 19756
7600 32987 23256
7600 33042 14562
7600 28203 15237
7600 45301 11176
7600 29921 11319
7600 44961 18666
7600 33287 14128
7600 68541 39398
7600 35638 16988
7600 33933 21809
7600 34978 14683
7700 35469 20017
7700 32283 11798
7700 37344 21176
7700 31473 14151
7700 37028 21124
7700 28892 9633
7700 38331 19380
7700 51821 17118
7700 47797 24910
7700 50666 37737
7700 37409 16809
7700 31691 19333
7700 36329 18623
7700 30600 15146
7700 45005 14461
7700 22834 11729
7700 36746 16433
7700 40473 16553
7700 36787 18098
7700 29660 14277
7700 32368 14180
7700 58490 32691
7700 46940 19697
7700 52021 28233
7700 34341 18260
7700 40040 15571
7700 39826 16379
7700 43728 27675
7700 44872 22614
7700 34011 23657
7700 58141 25806
7700 67398 38454
7700 39641 26747
7700 28851 18777
7700 35520 15235
7700 36922 19325
7700 33232 18182
7700 26824 10386
7700 39522 16955
7700 38052 14333
7700 35385 21906
7700 28014 11594
7700 39511 19652
7700 30673 17415
7700 32876 18532
7700 44900 28443
7700 33584 15575
7700 31937 10562
7700 28020 12538
7700 37382 16663
7800 32490 15885
7800 40172 25363
7800 41082 13941
7800 38862 27230
7800 36906 23306
7800 36796 18814
7800 39416 25477
7800 41902 11491
7800 31717 13162
7800 26328 10214
7800 50059 27218
7800 38077 17701
7800 37612 13837
7800 25447 10805
7800 45474 21742
7800 41410 21628
7800 38889 16621
7800 42864 21302
7800 46051 21042
7800 23642 10862
7800 58972 22562
7800 36326 15016
7800 37481 16029
7800 35244 18452
7800 49275 29039
7800 34964 15986
7800 62115 34979
7800 36828 22509
7800 27993 11731
7800 24357 11652
7800 46692 20159
7800 42280 22417
7800 44268 24750
7800 25250 14239
7800 27904 11257
7800 45729 21349
7800 24563 12496
7800 48073 16406
7800 47176 17208
7800 36889 15182
7800 34213 15043
7800 29429 11224
7800 33972 10644
7800 36642 20487
7800 33768 13871
7800 38289 17490
7800 37471 22921
7800 40019 22580
7800 38634 14949
7800 45827 25452
7900 46116 26264
7900 45055 22864
7900 38959 19954
7900 46862 28775
7900 39636 22476
7900 29344 16743
7900 41934 27412
7900 42267 24716
7900 43321 19454
7900 40860 20719
7900 31173 18315
7900 26366 13811
7900 31743 11748
7900 34749 17916
7900 40694 17819
7900 33167 18743
7900 44840 20314
7900 38655 25261
7900 37705 16109
7900 59484 32280
7900 27335 15171
7900 36834 26097
7900 38508 15576
7900 42002 22656
7900 47004 25055
7900 42481 12408
7900 40692 17025
7900 51515 25767
7900 48727 22212
7900 38757 19198
7900 31047 16605
7900 46855 33457
7900 26678 15743
7900 53392 24170
7900 61170 18711
7900 44603 22358
7900 45407 27524
7900 40698 25409
7900 38871 22340
7900 37237 18797
7900 40460 25469
7900 39847 17757
7900 34267 18091
7900 33804 10051
7900 36675 15175
7900 39612 18466
7900 37383 15179
7900 32201 15772
7900 54636 22329
7900 44373 26249
8000 54929 25344
8000 44016 26524
8000 37302 16321
8000 34890 15243
8000 42768 21383
8000 37008 11640
8000 32937 11895
8000 31511 16284
8000 42991 14423
8000 37899 16823
8000 65174 36229
8000 47675 21123
8000 35987 17273
8000 57843 20188
8000 28367 11936
8000 40901 12554
8000 62162 46192
8000 62814 41126
8000 35115 22251
8000 54445 29042
8000 30871 17159
8000 40236 10801
8000 58537 34686
8000 64581 40043
8000 38832 26343
8000 34444 11458
8000 43903 22895
8000 35607 14032
8000 28857 12977
8000 46355 27752
8000 38358 20678
8000 47220 26455
8000 39291 23123
8000 38430 24592
8000 33699 13658
8000 23306 10979
8000 61911 33712
8000 27684 13103
8000 36932 19944
8000 45583 26000
8000 57963 27024
8000 45539 17190
8000 26233 10601
8000 49629 30705
8000 34709 18878
8000 41753 17783
8000 75246 30910
8000 52164 22058
8000 32451 11786
8000 44811 19329
8100 35964 24082
8100 40564 18265
8100 51804 18561
8100 31103 17323
8100 52945 33025
8100 59057 31856
8100 38250 21014
8100 29587 18752
8100 29902 10276
8100 59511 34792
8100 26504 14630
8100 47137 17292
8100 53280 28161
8100 59713 20251
8100 26005 12105
8100 61879 34505
8100 36662 24329
8100 49192 30525
8100 57480 29925
8100 54157 24475
8100 68107 24249
8100 44015 22716
8100 41174 15832
8100 36224 11135
8100 42333 20320
8100 40690 11409
8100 52022 25221
8100 31207 11920
8100 42862 27468
8100 50593 27798
8100 30045 18715
8100 52723 24893
8100 60044 26603
8100 60807 36485
8100 57614 23580
8100 50760 27997
8100 52344 30560
8100 35866 24296
8100 34655 12885
8100 51570 15179
8100 40840 17782
8100 41258 16449
8100 45465 26651
8100 43425 27178
8100 50519 21444
8100 41827 25125
8100 41280 21245
8100 33273 10583
8100 37715 27335
8100 40466 12648
8200 71237 34411
8200 42365 28602
8200 45245 18109
8200 40811 20868
8200 58615 30113
8200 36116 13187
8200 32690 9811
8200 38501 24571
8200 35863 15382
8200 60494 35196
8200 45177 17649
8200 27910 15302
8200 40446 20663
8200 55157 32460
8200 57773 23691
8200 47411 16660
8200 38117 20673
8200 46365 27784
8200 60461 26874
8200 36091 21305
8200 36146 20264
8200 55631 21269
8200 46566 26100
8200 42670 27944
8200 38453 23650
8200 49648 17195
8200 44921 30143
8200 49519 28630
8200 48308 32363
8200 59081 28436
8200 30844 15503
8200 49533 28921
8200 38912 24771
8200 35328 21342
8200 35772 13732
8200 60725 39191
8200 41976 20168
8200 44011 25928
8200 45343 19974
8200 54699 32125
8200 45334 21305
8200 38887 20973
8200 35346 15396
8200 47945 20068
8200 38588 13111
8200 45676 17431
8200 40893 24130
8200 52700 28129
8200 44528 14985
8200 47602 26605
8300 33388 12701
8300 39060 21796
8300 41830 17210
8300 38683 12829
8300 47025 24216
8300 54440 28577
8300 38668 23736
8300 45491 21294
8300 64114 36280
8300 42689 22917
8300 47008 18637
8300 65321 37665
8300 31836 16580
8300 46448 27764
8300 42252 24672
8300 41365 19495
8300 54969 26170
8300 41851 12084
8300 49011 18406
8300 50856 23983
8300 48795 27977
8300 39874 21045
8300 45945 28814
8300 41113 13221
8300 35594 21973
8300 41988 20721
8300 44387 28533
8300 51540 22630
8300 47711 19950
8300 28243 13224
8300 39996 21173
8300 54941 30056
8300 39672 20077
8300 34888 15020
8300 34559 19777
8300 37447 21359
8300 30950 14456
8300 50091 26686
8300 46993 19083
8300 30067 12899
8300 60402 23692
8300 40468 26052
8300 30006 14012
8300 55647 15634
8300 67775 28440
8300 38743 20236
8300 28737 11470
8300 44504 20292
8300 43184 17955
8300 36691 18787
8400 27291 14802
8400 46333 27616
8400 43765 17751
8400 50769 28383
8400 55995 36087
8400 36721 14259
8400 29429 10752
8400 38018 14257
8400 29043 10415
8400 48061 17258
8400 41430 23738
8400 44925 17303
8400 26159 12925
8400 37914 22211
8400 44584 27219
8400 41982 15064
8400 37390 12787
8400 68443 31465
8400 38290 20330
8400 26224 13509
8400 45650 23887
8400 56114 15864
8400 50784 32520
8400 49208 28425
8400 40191 21711
8400 31452 15379
8400 42572 23416
8400 56650 31102
8400 37616 22195
8400 31421 11827
8400 61505 36834
8400 27411 9964
8400 48094 29336
8400 32228 14657
8400 48315 16902
8400 36724 15673
8400 23671 10396
8400 35613 20990
8400 63713 43959
8400 46451 16493
8400 58212 33129
8400 38923 14221
8400 43282 28954
8400 45596 13920
8400 68863 30275
8400 31212 16770
8400 40764 22957
8400 55776 27096
8400 39243 14344
8400 38028 23257
8500 57989 32466
8500 47696 19739
8500 47031 25482
8500 43638 25985
8500 35708 17341
8500 41543 18253
8500 24557 13065
8500 43445 18806
8500 30807 13743
8500 38077 16709
8500 62508 36558
8500 57911 21488
8500 41020 20206
8500 41675 13377
8500 36046 16795
8500 35209 21455
8500 44300 24307
8500 62024 30672
8500 38219 24374
8500 26632 13765
8500 33696 10862
8500 36709 15620
8500 36090 13911
8500 30990 16810
8500 44780 17752
8500 44750 21426
8500 46532 23364
8500 57740 21351
8500 36358 24072
8500 32824 14158
8500 53560 26281
8500 51050 19988
8500 57913 28149
8500 55652 36257
8500 51581 29798
8500 53655 41007
8500 50277 27781
8500 37879 15908
8500 43025 23340
8500 54332 24853
8500 32785 15850
8500 54035 27774
8500 45862 18725
8500 45341 27297
8500 39156 24512
8500 41387 17017
8500 36111 12141
8500 56077 33958
8500 46238 18108
8500 67989 41975
8600 46703 16663
8600 43737 26439
8600 42574 16482
8600 32269 17561
8600 32451 17666
8600 51100 38347
8600 42466 21145
8600 38714 15921
8600 58652 33986
8600 49952 28446
8600 57966 29517
8600 26825 14413
8600 44430 13756
8600 40343 21193
8600 41848 16938
8600 41924 29382
8600 49567 23773
8600 30759 19550
8600 58905 26337
8600 35326 20174
8600 39506 20090
8600 40687 23303
8600 47076 23025
8600 36104 16671
8600 48808 21186
8600 50962 25816
8600 44680 20436
8600 38608 21939
8600 49626 28086
8600 49623 23407
8600 40608 20713
8600 35948 15448
8600 55670 31546
8600 27968 14828
8600 42985 15685
8600 46789 25497
8600 59808 37717
8600 53961 28193
8600 40073 22928
8600 66194 44172
8600 29134 12676
8600 27622 14574
8600 39638 16314
8600 43834 24865
8600 59196 34534
8600 39043 22662
8600 51569 30453
8600 33196 17084
8600 76196 21948
8600 39808 14864
8700 39014 25038
8700 42534 22128
8700 32890 14674
8700 29568 14795
8700 43287 19988
8700 69973 40458
8700 74678 46825
8700 33270 15788
8700 27450 11300
8700 36063 19132
8700 41294 16577
8700 48741 23357
8700 46662 24607
8700 52331 30472
8700 52747 32692
8700 47474 19290
8700 70169 29376
8700 34137 16533
8700 46455 28798
8700 45909 21370
8700 51801 26679
8700 62926 29346
8700 56098 32918
8700 58598 18388
8700 65391 42525
8700 52605 21148
8700 61101 40295
8700 30589 17193
8700 52462 27044
8700 50968 24616
8700 49153 27906
8700 43624 20273
8700 47313 29666
8700 62041 29511
8700 52329 27363
8700 38942 11623
8700 37917 19419
8700 39630 16894
8700 33071 15671
8700 42536 21709
8700 52144 28756
8700 43743 19652
8700 49204 26588
8700 42192 22086
8700 32105 18870
8700 44430 20174
8700 34544 12599
8700 41819 19683
8700 35510 12804
8700 38717 21325
8800 49103 27435
8800 57590 30683
8800 33601 15001
8800 41067 18215
8800 57053 21669
8800 43987 24040
8800 56762 25324
8800 58987 39490
8800 56794 28223
8800 60778 27179
8800 32799 18981
8800 55519 24758
8800 47254 23713
8800 51544 27186
8800 38055 20245
8800 47233 22304
8800 36737 22309
8800 35033 12913
8800 47846 25817
8800 55958 24914
8800 30373 14278
8800 58639 30566
8800 70195 47949
8800 56039 38477
8800 50087 26098
8800 43903 20623
8800 44867 23994
8800 27598 15035
8800 47900 26252
8800 54605 20979
8800 43377 24284
8800 52922 23488
8800 37698 16560
8800 56069 29242
8800 43861 21312
8800 67324 30702
8800 45147 14358
8800 28073 13804
8800 63300 23325
8800 36266 25558
8800 42324 11861
8800 49649 20758
8800 32102 14096
8800 68029 30120
8800 50652 24372
8800 47210 25080
8800 55272 19622
8800 54177 34774
8800 39481 20184
8800 45843 28237
8900 31372 16247
8900 27620 13034
8900 49832 17627
8900 51871 20247
8900 46609 29849
8900 50313 20876
8900 51022 32246
8900 39972 24951
8900 44461 23294
8900 55188 21710
8900 41064 13983
8900 58290 46269
8900 28944 17776
8900 62987 32338
8900 49918 17889
8900 70477 24032
8900 46187 16563
8900 43170 18994
8900 46780 25105
8900 39342 24743
8900 39457 23822
8900 46865 27335
8900 62053 20402
8900 42393 28739
8900 45900 23793
8900 52891 28893
8900 64448 32766
8900 43311 23804
8900 50633 20328
8900 38861 13528
8900 50464 30040
8900 35069 14485
8900 42656 19317
8900 47638 25439
8900 28887 16244
8900 34133 21142
8900 44108 23598
8900 52060 24894
8900 46915 23652
8900 43623 24602
8900 43922 27569
8900 50947 24975
8900 48397 25079
8900 39049 19604
8900 70186 40186
8900 25440 12982
8900 43393 25112
8900 54399 37745
8900 41428 19813
8900 39075 16996
9000 31785 15050
9000 37495 14683
9000 50092 18090
9000 41181 16168
9000 36962 14278
9000 36369 19325
9000 52695 19898
9000 41130 23109
9000 38302 23444
9000 48268 34511
9000 45796 14443
9000 37389 18738
9000 39781 20006
9000 41658 24088
9000 61658 33673
9000 34471 17477
9000 31688 17462
9000 57507 32758
9000 36931 21386
9000 74250 41503
9000 38086 16304
9000 57552 27594
9000 39149 20088
9000 50432 22107
9000 57761 27357
9000 49463 20919
9000 49302 24796
9000 81908 43578
9000 50199 26793
9000 59908 29128
9000 37205 17580
9000 39514 20894
9000 38448 19804
9000 53151 19227
9000 55677 35684
9000 64963 25175
9000 50624 28596
9000 46169 20491
9000 53872 23811
9000 55675 24502
9000 34377 20391
9000 44389 24848
9000 52701 20730
9000 48888 32577
9000 45334 22696
9000 40244 24710
9000 40094 23068
9000 51279 20655
9000 39422 16202
9000 36200 14692
9100 49084 18609
9100 35259 20321
9100 39852 26719
9100 39994 12752
9100 46394 23852
9100 61722 37876
9100 51522 18990
9100 45491 22997
9100 42156 27734
9100 36721 15232
9100 49614 21622
9100 40061 12867
9100 46864 31714
9100 48819 29157
9100 55487 20140
9100 36656 21399
9100 53687 31168
9100 44838 16368
9100 53558 22317
9100 66716 25293
9100 44410 24781
9100 33199 19054
9100 60960 31998
9100 59044 21821
9100 44470 16338
9100 75972 46242
9100 49436 27352
9100 44983 28682
9100 46145 26185
9100 51733 29543
9100 53179 30592
9100 52317 24915
9100 60710 21954
9100 33371 16811
9100 38889 17445
9100 66595 18363
9100 41608 15799
9100 38381 16531
9100 36502 16237
9100 35069 20568
9100 40278 12323
9100 40407 20357
9100 30216 14748
9100 54268 24092
9100 49232 28549
9100 48211 36502
9100 42947 16496
9100 40688 18446
9100 41088 19881
9100 56394 20242
9200 41683 17110
9200 52355 23175
9200 58135 24337
9200 34496 15772
9200 47477 28661
9200 49137 21505
9200 45055 15478
9200 64179 22134
9200 65925 33866
9200 47798 21555
9200 44119 27835
9200 58475 25860
9200 34870 23948
9200 38209 15744
9200 59018 29185
9200 50070 31930
9200 47647 31607
9200 54132 23702
9200 35199 18092
9200 38006 16895
9200 48761 22676
9200 46881 30658
9200 46613 21182
9200 43256 15519
9200 36451 18171
9200 46079 23699
9200 38964 17447
9200 58342 28047
9200 52601 23694
9200 55007 25150
9200 39512 23156
9200 38499 16515
9200 40701 23552
9200 60329 26406
9200 47780 19929
9200 33410 17732
9200 35206 21403
9200 36142 16968
9200 44798 14854
9200 33603 20688
9200 41549 27688
9200 66933 30355
9200 35544 20029
9200 29043 17061
9200 36897 18753
9200 24600 12407
9200 81616 42769
9200 53568 28589
9200 42014 23868
9200 69291 22846
9300 45423 19398
9300 61399 34830
9300 48579 22115
9300 39705 21293
9300 40095 22792
9300 60337 36558
9300 70538 25306
9300 53355 37190
9300 69651 23795
9300 58456 22385
9300 43511 22783
9300 54030 31780
9300 31949 14613
9300 77497 37499
9300 43636 16651
9300 60607 41915
9300 69823 31675
9300 64815 41459
9300 41993 24725
9300 58384 41814
9300 49861 26370
9300 40511 17382
9300 39044 20190
9300 58483 31592
9300 48794 18812
9300 61121 26768
9300 45318 22322
9300 48007 22235
9300 49823 25751
9300 57947 24108
9300 57314 22324
9300 51459 18286
9300 71384 42991
9300 52870 37560
9300 33281 16092
9300 48376 24000
9300 36756 15198
9300 58947 29554
9300 49384 25008
9300 38642 20850
9300 22930 11717
9300 57025 38448
9300 64978 27054
9300 41637 22470
9300 52292 26058
9300 37118 14352
9300 65098 24901
9300 43214 21901
9300 30147 15712
9300 48060 22536
9400 50397 30167
9400 47500 25215
9400 50348 26863
9400 34426 15034
9400 64995 34914
9400 40807 21813
9400 49489 31786
9400 38655 22105
9400 44016 13441
9400 66578 34468
9400 69646 46611
9400 53576 29720
9400 33633 13768
9400 62374 29301
9400 51181 30906
9400 26144 13573
9400 60501 32577
9400 59847 26902
9400 48072 20160
9400 32693 16320
9400 52852 27262
9400 43257 18489
9400 47166 22820
9400 52581 22433
9400 26054 13503
9400 31364 15109
9400 51695 22729
9400 74320 44783
9400 34620 18245
9400 71416 38482
9400 68335 40576
9400 34596 16111
9400 67006 21116
9400 50698 22834
9400 25558 13293
9400 32990 13480
9400 36880 16438
9400 51048 28317
9400 48438 23990
9400 69164 37985
9400 44540 30070
9400 53997 24812
9400 43184 19663
9400 46783 31414
9400 45711 23957
9400 43055 26923
9400 58564 32238
9400 55793 25070
9400 34927 16431
9400 51934 26098
9500 49163 15982
9500 54469 25666
9500 35591 21614
9500 44908 22675
9500 54952 24671
9500 39949 15633
9500 78453 37019
9500 60964 26419
9500 51676 34521
9500 60393 33261
9500 52664 26648
9500 41515 19711
9500 41925 24990
9500 39365 17689
9500 30887 17916
9500 61190 44509
9500 36275 12835
9500 43476 16849
9500 39480 16361
9500 59085 36250
9500 61572 27306
9500 42738 29646
9500 80288 45742
9500 28449 17728
9500 65326 35254
9500 29092 11752
9500 34354 14882
9500 46811 17086
9500 51155 28749
9500 38409 13040
9500 37256 18014
9500 65480 32500
9500 54892 18483
9500 49896 29903
9500 64313 35933
9500 48157 23998
9500 45808 25360
9500 44840 28993
9500 68410 27614
9500 47921 33097
9500 42966 26644
9500 57741 32101
9500 49928 21077
9500 32111 19033
9500 52047 37614
9500 45440 20033
9500 43720 14774
9500 50816 30757
9500 42442 23299
9500 38244 24951
9600 41221 23528
9600 56764 21352
9600 47240 22985
9600 51798 34873
9600 41847 20710
9600 51111 24479
9600 45559 12351
9600 33882 13908
9600 63926 31968
9600 56725 30105
9600 63434 36127
9600 62499 33586
9600 46185 28695
9600 53076 28414
9600 39785 16933
9600 59684 29984
9600 50017 20222
9600 53514 23129
9600 44803 21076
9600 38519 14452
9600 65987 40363
9600 33619 13482
9600 41839 22086
9600 54624 20026
9600 80938 42264
9600 49836 25240
9600 45585 16470
9600 47246 33369
9600 38918 22691
9600 65579 21506
9600 52184 22129
9600 33779 16096
9600 57730 26832
9600 36060 14463
9600 51098 28762
9600 90860 42116
9600 43170 24627
9600 49093 24711
9600 56333 18744
9600 72838 51294
9600 45097 22116
9600 50277 28597
9600 72266 50717
9600 36651 17046
9600 51469 29040
9600 45156 23997
9600 48007 25571
9600 61707 21969
9600 38428 17547
9600 30807 19446
9700 43633 17086
9700 58886 31222
9700 36463 14050
9700 55490 24308
9700 39002 19923
9700 51411 35700
9700 52723 22267
9700 59214 31455
9700 74413 40926
9700 61667 30129
9700 38418 17676
9700 41462 22403
9700 49649 26531
9700 41519 20587
9700 42590 21976
9700 63414 25925
9700 50587 24665
9700 52150 29256
9700 57879 38719
9700 51960 19609
9700 53804 23858
9700 52453 23265
9700 56366 17935
9700 83908 38539
9700 46955 22888
9700 73922 38719
9700 55974 27226
9700 40930 26463
9700 48409 37386
9700 45486 25401
9700 62020 35400
9700 50418 24606
9700 54134 21495
9700 49939 30411
9700 49010 20312
9700 60390 40331
9700 58737 38220
9700 54152 29011
9700 39069 18061
9700 34914 18752
9700 58044 35662
9700 47683 24835
9700 81923 31323
9700 50840 25058
9700 43826 21752
9700 29393 13385
9700 50181 26663
9700 71634 46198
9700 47439 20767
9700 42066 19983
9800 43530 16279
9800 50208 23521
9800 66325 34271
9800 41327 11639
9800 43944 22388
9800 37853 18944
9800 56278 19310
9800 49412 23094
9800 44251 30602
9800 65194 37291
9800 47194 25024
9800 34312 15241
9800 35697 17819
9800 33474 16864
9800 41592 17617
9800 70415 27311
9800 63754 26141
9800 47990 26860
9800 50260 24075
9800 68685 27099
9800 55943 17460
9800 59811 23242
9800 77472 39255
9800 66169 40736
9800 63399 28018
9800 68991 38088
9800 62431 28411
9800 63316 31762
9800 46981 21090
9800 44946 27365
9800 69904 28723
9800 85831 37166
9800 53065 21699
9800 74029 29249
9800 48006 24846
9800 68542 28222
9800 65877 41275
9800 49882 20309
9800 40196 23086
9800 64581 33507
9800 60066 36616
9800 92613 40231
9800 46704 16369
9800 50426 19860
9800 53651 16049
9800 54657 23944
9800 40974 16650
9800 49017 23570
9800 40357 18990
9800 43971 26286
9900 90213 50451
9900 49838 30736
9900 46070 15942
9900 39594 20204
9900 54711 26809
9900 55046 27242
9900 49341 20568
9900 64049 24326
9900 43795 19592
9900 42420 22705
9900 63240 31849
9900 46272 30523
9900 47369 32910
9900 64764 30369
9900 45811 23689
9900 50570 26582
9900 73668 33103
9900 47008 18616
9900 59057 25927
9900 49303 36049
9900 45645 21247
9900 39108 27088
9900 70791 23386
9900 67089 32221
9900 55460 28741
9900 49067 28419
9900 46611 24722
9900 53207 27195
9900 54612 22168
9900 42018 21063
9900 51276 26328
9900 28330 16029
9900 55882 20891
9900 50869 22176
9900 54413 28184
9900 44577 29806
9900 64197 29257
9900 48135 31290
9900 60792 39451
9900 68188 41982
9900 47174 24583
9900 49814 16022
9900 55256 23934
9900 40941 15610
9900 63356 28986
9900 35450 16167
9900 50035 25333
9900 43462 13627
9900 48768 22914
9900 46615 23835
10000 36734 12700
10000 56972 18818
10000 50868 19415
10000 69565 35208
10000 61315 34830
10000 54641 27355
10000 35312 20298
10000 78601 50203
10000 85408 54489
10000 45109 26453
10000 47358 20310
10000 27436 14182
10000 53074 31399
10000 82236 37736
10000 42430 18947
10000 55679 21391
10000 59719 33482
10000 57824 19530
10000 63949 17533
10000 38855 12962
10000 64244 38611
10000 53962 18136
10000 53349 27149
10000 41758 20363
10000 56042 20666
10000 39808 23434
10000 56375 35986
10000 50252 23621
10000 65616 19073
10000 55952 26667
10000 49221 34665
10000 59170 27223
10000 55480 35363
10000 50298 31467
10000 62548 31810
10000 59284 26280
10000 74471 30156
10000 66658 25272
10000 59204 23388
10000 68953 26215
10000 48342 32244
10000 49524 23331
10000 69928 35654
10000 61423 31939
10000 52168 25758
10000 62012 34017
10000 42012 20294
10000 54198 36737
10000 61792 32508
10000 61538 25133
10100 74780 23399
10100 60421 27706
10100 55785 39321
10100 89296 62737
10100 54133 36934
10100 60726 33688
10100 58519 32204
10100 45191 21110
10100 46178 22532
10100 32701 19687
10100 59555 15281
10100 66466 24528
10100 47459 24391
10100 48056 16868
10100 53816 27724
10100 54462 26305
10100 41417 15156
10100 84763 49368
10100 51992 20807
10100 49129 23606
10100 37600 20156
10100 49328 28329
10100 47256 25547
10100 61595 42248
10100 57114 19744
10100 49065 22962
10100 44241 19533
10100 42829 22895
10100 38749 23157
10100 36189 22260
10100 44941 24901
10100 65597 31622
10100 63709 22322
10100 70610 37441
10100 45928 31410
10100 54468 27486
10100 54515 23861
10100 76297 32665
10100 52241 35457
10100 55876 29631
10100 50059 18601
10100 49770 28237
10100 61284 25626
10100 56341 35239
10100 47800 24380
10100 66721 27704
10100 55979 25643
10100 72943 30235
10100 73110 35885
10100 40965 18747
10200 50971 30761
10200 47905 18354
10200 47634 22920
10200 49945 31953
10200 59277 35890
10200 53545 26728
10200 47456 24665
10200 55399 29535
10200 63906 38147
10200 41618 20179
10200 49032 13578
10200 45673 25876
10200 80320 43615
10200 42251 19858
10200 40959 23013
10200 59053 22688
10200 56545 26664
10200 63217 21670
10200 39116 17371
10200 43773 21226
10200 39728 12796
10200 59346 27834
10200 51060 21093
10200 46157 27724
10200 57734 34545
10200 66715 28785
10200 56905 22686
10200 62952 34736
10200 40946 26166
10200 57672 29394
10200 52275 34643
10200 37009 14733
10200 45713 25479
10200 40082 22568
10200 53313 23635
10200 41121 23742
10200 43594 23425
10200 81469 54969
10200 117327 67514
10200 48216 33087
10200 54234 31549
10200 45043 20242
10200 50541 24026
10200 68718 36980
10200 48620 26467
10200 45451 26912
10200 35972 15308
10200 68293 27303
10200 69820 30429
10200 57433 35490
10300 51997 30104
10300 59858 37748
10300 97043 46942
10300 52798 34889
10300 43974 18224
10300 74698 31034
10300 50690 25104
10300 65090 17456
10300 72640 39899
10300 91222 41138
10300 57479 38088
10300 38801 17819
10300 57406 36881
10300 91274 44604
10300 64169 25198
10300 52832 22843
10300 59253 32639
10300 74311 32486
10300 56174 26741
10300 55204 31632
10300 47447 34929
10300 82008 52924
10300 46267 22687
10300 62387 36059
10300 78076 39781
10300 57289 37620
10300 47713 19866
10300 69991 29117
10300 51081 30726
10300 57932 33219
10300 90533 47707
10300 43221 25228
10300 59566 26272
10300 68886 31305
10300 52503 21706
10300 43463 21350
10300 51473 20120
10300 56642 21370
10300 64523 35354
10300 39260 16008
10300 42880 20879
10300 29863 15589
10300 43007 29408
10300 46876 22489
10300 44784 21487
10300 46325 23229
10300 50946 37801
10300 49205 27581
10300 66243 33952
10300 40259 17639
10400 48111 23747
10400 52953 23296
10400 33636 14811
10400 75889 28342
10400 51316 29094
10400 57623 28278
10400 53792 19527
10400 51477 21021
10400 38264 20397
10400 52458 20109
10400 51454 24356
10400 50630 23838
10400 45454 19416
10400 66441 32083
10400 50788 28849
10400 60165 37762
10400 88442 47058
10400 55865 18925
10400 52889 36477
10400 64998 23589
10400 41536 14556
10400 40979 25015
10400 41173 18896
10400 47034 31561
10400 56985 32876
10400 40620 19491
10400 51520 31271
10400 58959 23726
10400 45824 25042
10400 51502 26126
10400 85100 59905
10400 45843 17053
10400 39380 24350
10400 56183 16103
10400 62526 24411
10400 49416 36891
10400 35880 16442
10400 76393 31680
10400 39289 19716
10400 66346 43558
10400 41211 21310
10400 41914 21132
10400 53789 28871
10400 85312 52389
10400 51268 25444
10400 44120 28884
10400 45870 22010
10400 49032 29336
10400 78602 41500
10400 63212 21774
10500 63022 24744
10500 67797 38742
10500 47228 32163
10500 90351 44422
10500 58817 22432
10500 47536 32330
10500 29806 13200
10500 49463 27200
10500 64556 44323
10500 50646 21266
10500 61800 27731
10500 58690 26574
10500 60049 32678
10500 50170 24066
10500 53103 28977
10500 80874 44879
10500 50759 29564
10500 52176 36011
10500 48584 24770
10500 70147 26162
10500 54342 29907
10500 68094 33957
10500 74533 34622
10500 35657 19094
10500 48647 26727
10500 54749 27394
10500 46869 24836
10500 70208 28670
10500 39487 20400
10500 29692 15167
10500 47659 18654
10500 54403 19365
10500 64263 27359
10500 47366 22132
10500 45697 19908
10500 77616 46710
10500 61171 34161
10500 59604 20429
10500 61131 27880
10500 39791 13984
10500 55737 22882
10500 69932 30658
10500 66700 34694
10500 43800 22368
10500 58840 26206
10500 53227 24047
10500 56754 32020
10500 37190 22980
10500 51617 29091
10500 68454 32025
10600 63583 37729
10600 59473 30880
10600 42860 18085
10600 54131 27723
10600 40783 25000
10600 101079 57021
10600 59261 36489
10600 65383 26985
10600 70321 30232
10600 53028 23952
10600 67403 30133
10600 30881 16386
10600 52486 27042
10600 71880 36664
10600 70696 28974
10600 41069 23497
10600 74092 35237
10600 54186 27469
10600 41832 24234
10600 98641 57589
10600 48068 23771
10600 61240 34687
10600 72054 29141
10600 79459 52957
10600 54438 28389
10600 45083 21775
10600 44151 19128
10600 64924 33604
10600 58248 27736
10600 43586 22686
10600 69633 39054
10600 61867 27837
10600 61339 33135
10600 74577 33873
10600 61193 33048
10600 69465 45623
10600 68869 35647
10600 38546 18281
10600 68805 42672
10600 46374 29419
10600 68000 33552
10600 88624 44919
10600 71985 29791
10600 56975 24485
10600 36981 13354
10600 42459 22262
10600 52435 27768
10600 64160 38508
10600 47960 22166
10600 75786 32667
10700 53908 29253
10700 36733 22609
10700 84746 51714
10700 47389 27557
10700 46596 25003
10700 70659 39328
10700 62755 35934
10700 72272 30254
10700 53321 40627
10700 43151 24550
10700 48663 28338
10700 62173 41157
10700 47300 15728
10700 63208 22949
10700 54101 25696
10700 42235 20837
10700 56848 38866
10700 63767 39463
10700 72497 32344
10700 53199 29860
10700 68426 37361
10700 46914 17561
10700 33963 17326
10700 43990 18085
10700 71756 42223
10700 58672 21010
10700 65311 42410
10700 68760 24742
10700 65242 38247
10700 49845 27171
10700 66473 29891
10700 61249 36251
10700 39424 21026
10700 43928 21226
10700 72884 34250
10700 34786 20968
10700 67914 30924
10700 41081 18448
10700 40956 16864
10700 43924 25581
10700 54301 20802
10700 35229 22161
10700 33781 15626
10700 60891 36340
10700 40890 24656
10700 65341 34325
10700 51786 29932
10700 55774 27476
10700 42683 21801
10700 59150 23508
10800 48047 29228
10800 54309 24376
10800 38478 24841
10800 48846 24910
10800 75881 29564
10800 48998 27388
10800 71634 25658
10800 55393 35899
10800 53072 29553
10800 57874 21767
10800 53882 24605
10800 66631 38956
10800 78098 46852
10800 53298 25412
10800 48062 26555
10800 46213 25085
10800 42704 21700
10800 70282 29662
10800 48644 30404
10800 54506 27888
10800 94401 47203
10800 53284 26466
10800 70946 25695
10800 53291 26327
10800 52551 29072
10800 55161 33961
10800 59700 24747
10800 57346 31020
10800 37990 14625
10800 58990 39586
10800 45636 19388
10800 68284 49534
10800 70356 46755
10800 52008 28764
10800 57429 23206
10800 63167 23765
10800 89361 52531
10800 51316 29540
10800 42397 17498
10800 65411 36615
10800 60553 32994
10800 40072 15431
10800 45955 15367
10800 56414 34426
10800 50155 30054
10800 70429 30680
10800 46456 22113
10800 67336 25836
10800 40613 16676
10800 52187 32811
10900 64561 36861
10900 79794 29898
10900 69090 35166
10900 63848 34280
10900 59687 28608
10900 50688 22997
10900 56340 24594
10900 50793 20061
10900 46433 30491
10900 74326 27815
10900 51867 32443
10900 68270 22808
10900 57688 31534
10900 39733 24409
10900 43847 23819
10900 43113 19248
10900 49902 22133
10900 63419 26312
10900 59022 35024
10900 69939 34334
10900 40036 22880
10900 63491 27426
10900 70896 37048
10900 66677 21188
10900 69090 38687
10900 68528 48910
10900 45882 18381
10900 43771 22252
10900 43656 15431
10900 49677 30940
10900 68963 36306
10900 64570 30173
10900 57381 34737
10900 77836 46079
10900 60507 28150
10900 39827 24252
10900 51012 27477
10900 59522 31727
10900 50222 18004
10900 76528 36825
10900 55218 20370
10900 43656 27630
10900 47155 16321
10900 50122 19165
10900 65956 50755
10900 47861 18377
10900 52095 32565
10900 44498 13988
10900 50249 19705
10900 81845 42660
11000 63757 24154
11000 35141 16941
11000 42107 25496
11000 62191 37039
11000 29822 13607
11000 61452 27988
11000 85271 51816
11000 52492 18433
11000 57196 27698
11000 60891 18415
11000 66278 43966
11000 72712 38656
11000 61297 31267
11000 43015 24035
11000 37974 20137
11000 30669 14260
11000 58614 27315
11000 51102 35088
11000 60178 23386
11000 71714 42149
11000 55093 30657
11000 53583 28284
11000 77699 46543
11000 125093 69087
11000 45285 21923
11000 60857 23567
11000 63189 30544
11000 40828 23667
11000 47787 29158
11000 52481 22550
11000 69653 43142
11000 68116 33308
11000 67068 38879
11000 99030 61493
11000 42779 21301
11000 60780 24188
11000 70221 30638
11000 49383 27049
11000 64921 28788
11000 48587 27584
11000 56690 28383
11000 36229 21364
11000 64532 28660
11000 46912 23163
11000 34562 17054
11000 30710 15008
11000 45017 17638
11000 47300 26720
11000 48830 29003
11000 63491 33521
11100 49068 18027
11100 46297 25908
11100 39306 16134
11100 54103 35060
11100 52767 32316
11100 61569 24585
11100 58877 36324
11100 46114 17510
11100 75929 43587
11100 72721 23942
11100 41383 22197
11100 49291 27011
11100 63619 30237
11100 58227 38597
11100 47873 29728
11100 44473 22215
11100 62209 19093
11100 55199 17724
11100 54067 27254
11100 53412 24767
11100 66391 41472
11100 58117 31571
11100 104575 77076
11100 68007 42182
11100 64656 22323
11100 55909 21672
11100 68564 23180
11100 38978 21445
11100 53912 17551
11100 66969 31587
11100 85351 51908
11100 55571 25802
11100 67966 20621
11100 48203 22849
11100 68231 28354
11100 73835 34025
11100 62026 30205
11100 60191 22007
11100 95743 56356
11100 49588 22762
11100 76921 34507
11100 51054 30920
11100 35203 15649
11100 74329 39927
11100 57977 32931
11100 49030 23345
11100 72762 30943
11100 72963 30824
11100 37885 19555
11100 79669 41547
11200 59537 19706
11200 66129 39347
11200 47689 23859
11200 54638 23066
11200 75781 41956
11200 44974 17732
11200 72390 39374
11200 52865 29333
11200 36570 19011
11200 49017 23136
11200 53542 29782
11200 66051 31720
11200 56903 35518
11200 53735 25403
11200 80967 43805
11200 61040 27370
11200 70798 42094
11200 58750 20001
11200 58368 29235
11200 42877 21100
11200 51732 19150
11200 64914 40472
11200 72927 28652
11200 98822 60402
11200 58209 24054
11200 72265 29871
11200 68940 43947
11200 69602 26431
11200 50991 22362
11200 37487 19038
11200 62845 31753
11200 46649 26220
11200 60015 35504
11200 54540 23698
11200 57613 32509
11200 51735 36254
11200 41445 23403
11200 47738 27909
11200 39734 17913
11200 37109 18754
11200 65315 38047
11200 82223 47107
11200 65831 36084
11200 46311 19438
11200 50251 22880
11200 55395 30907
11200 74126 41948
11200 44357 30068
11200 74822 47324
11200 60636 22226
11300 82657 47814
11300 36544 18355
11300 68193 37339
11300 46289 17158
11300 64150 28418
11300 84191 47796
11300 50408 29463
11300 83693 33092
11300 82768 36756
11300 53897 26497
11300 56556 31395
11300 75519 40429
11300 55807 24040
11300 75982 39272
11300 87943 33380
11300 57197 36728
11300 41920 24737
11300 53084 23354
11300 41749 19963
11300 60764 29308
11300 62792 26861
11300 47106 31409
11300 50256 27181
11300 62719 37395
11300 66243 36641
11300 35693 20026
11300 46635 20619
11300 58838 30857
11300 45754 21303
11300 53231 26797
11300 80109 45930
11300 51532 30181
11300 62725 18757
11300 56833 28098
11300 66330 29746
11300 74830 30759
11300 77715 53342
11300 57166 28978
11300 52568 38045
11300 50475 18660
11300 66222 22024
11300 39264 26063
11300 41554 22256
11300 75405 26976
11300 91252 64807
11300 73152 34782
11300 56109 24788
11300 84129 39027
11300 59499 27929
11300 92161 30192
11400 91580 52326
11400 60769 43204
11400 63891 34366
11400 67109 39038
11400 62077 30526
11400 74561 35208
11400 59090 35793
11400 43079 14638
11400 34993 16223
11400 61619 24042
11400 62435 40928
11400 36413 19906
11400 54194 21133
11400 62620 21681
11400 60827 38825
11400 62293 33001
11400 73107 39493
11400 70055 24276
11400 58461 19684
11400 71616 25622
11400 63779 35115
11400 59082 26475
11400 62796 17623
11400 53733 29984
11400 68987 38859
11400 51097 27145
11400 40297 22956
11400 50644 28753
11400 51482 23771
11400 64199 36895
11400 82198 34681
11400 47643 20817
11400 63989 34976
11400 61071 35278
11400 47993 29518
11400 72062 34501
11400 64664 28987
11400 40078 16716
11400 66158 32677
11400 60565 27365
11400 59889 36555
11400 56253 22905
11400 68413 20035
11400 64959 26542
11400 60674 38774
11400 49367 28938
11400 60223 32269
11400 96158 44361
11400 48129 24627
11400 62597 28814
11500 57293 32230
11500 52525 25431
11500 47689 24406
11500 63502 34494
11500 90271 53731
11500 54581 24874
11500 63999 39544
11500 72500 32076
11500 56373 27666
11500 43857 27573
11500 65128 31848
11500 69179 36558
11500 93859 61115
11500 56352 24020
11500 54373 24099
11500 84052 62923
11500 59110 29525
11500 49549 26881
11500 63629 28295
11500 29457 14624
11500 69195 38801
11500 64317 37244
11500 51908 26262
11500 59587 20098
11500 92723 54931
11500 88438 43597
11500 58190 33526
11500 82799 34604
11500 60191 29592
11500 66951 29279
11500 72311 37853
11500 68466 27845
11500 59772 31687
11500 75796 18361
11500 49995 31584
11500 79472 46251
11500 56534 21802
11500 67667 37608
11500 48405 24361
11500 73527 42054
11500 41384 22134
11500 56684 24551
11500 58775 33240
11500 56495 35626
11500 63769 30709
11500 57784 21450
11500 64227 35277
11500 55942 26827
11500 51956 14115
11500 43967 26506
11600 45524 22455
11600 49557 28888
11600 64980 24591
11600 96123 41052
11600 64953 34265
11600 73171 42650
11600 42826 24492
11600 63132 30928
11600 83017 53153
11600 66193 31757
11600 57840 20073
11600 49687 24763
11600 74368 52701
11600 72592 40247
11600 69637 30598
11600 96753 55148
11600 43118 23437
11600 50196 23699
11600 58717 19298
11600 45490 24866
11600 69988 41871
11600 57316 21899
11600 51405 35928
11600 70686 38635
11600 48329 18194
11600 92553 49092
11600 81904 40118
11600 44734 26331
11600 59784 27236
11600 55957 22721
11600 52543 23694
11600 80766 54879
11600 71263 40294
11600 65297 44949
11600 67674 25534
11600 59547 31000
11600 60091 24748
11600 77409 21337
11600 67050 33195
11600 52336 31173
11600 63489 33933
11600 79976 27079
11600 51170 25158
11600 55525 32455
11600 47893 30377
11600 45354 21682
11600 69737 37156
11600 64408 39532
11600 33840 15447
11600 73300 30170
11700 45380 22941
11700 52242 30709
11700 65776 40026
11700 56776 24910
11700 68779 33434
11700 46065 20543
11700 56676 29301
11700 39270 19618
11700 66018 27303
11700 67509 47888
11700 74854 32631
11700 54728 30273
11700 38394 17954
11700 64229 34069
11700 77471 29800
11700 66051 17021
11700 58916 17820
11700 43387 26796
11700 64920 36378
11700 56498 19331
11700 77207 50599
11700 41428 23997
11700 78367 40121
11700 62374 28334
11700 56994 24251
11700 62580 36461
11700 41033 23833
11700 60085 33065
11700 49534 23533
11700 79143 45793
11700 82300 28306
11700 48564 25872
11700 55933 27876
11700 54684 36064
11700 61385 30602
11700 51491 18394
11700 66572 34007
11700 67117 37034
11700 70601 24859
11700 95663 46495
11700 70391 30707
11700 92400 51556
11700 53293 18135
11700 58583 24071
11700 78484 31377
11700 95525 43899
11700 71863 31194
11700 62880 28757
11700 63131 39550
11700 78110 42534
11800 40893 24903
11800 60105 18237
11800 71861 38102
11800 67619 44876
11800 47408 27345
11800 47276 22997
11800 49189 23104
11800 72074 17394
11800 55141 22856
11800 39984 17079
11800 44381 25520
11800 67475 23962
11800 61434 34381
11800 40538 20416
11800 64799 27820
11800 53709 30123
11800 49313 25577
11800 68251 45935
11800 41656 25152
11800 48778 17912
11800 62051 27109
11800 45850 30802
11800 37838 20755
11800 87927 31335
11800 73073 39309
11800 61866 34905
11800 55195 23800
11800 58757 38060
11800 100601 34961
11800 64004 35701
11800 52250 33731
11800 35630 17070
11800 67479 37619
11800 71877 42027
11800 51790 18416
11800 74104 43632
11800 87541 44482
11800 68447 32453
11800 48372 29330
11800 59432 26234
11800 68557 39021
11800 77457 37696
11800 67771 38211
11800 102778 61411
11800 43271 23108
11800 56859 17524
11800 34209 14974
11800 76367 40269
11800 57928 30906
11800 43999 26493
11900 69090 40084
11900 54312 30707
11900 55440 35521
11900 55440 34818
11900 61774 31006
11900 42628 21506
11900 61298 30673
11900 91378 38606
11900 66874 29285
11900 40405 23710
11900 68566 34400
11900 64634 27973
11900 80064 22062
11900 50549 21453
11900 75485 47109
11900 38248 20433
11900 63497 28208
11900 53776 32255
11900 67183 43823
11900 57796 30619
11900 61879 34850
11900 64288 30887
11900 58157 22096
11900 62282 36239
11900 84511 63475
11900 85097 43679
11900 58323 24399
11900 76412 30995
11900 56280 34070
11900 68872 26818
11900 61121 39825
11900 75873 39283
11900 61424 26266
11900 75157 34702
11900 62475 32141
11900 102778 58315
11900 104447 46327
11900 56413 22362
11900 52106 25731
11900 89895 41970
11900 80503 28450
11900 53134 23423
11900 51053 17626
11900 60879 33742
11900 53563 16663
11900 41430 19009
11900 46256 25141
11900 54370 20339
11900 73725 48089
11900 61252 21182
12000 82863 29467
12000 60424 32624
12000 55020 25036
12000 63182 25216
12000 34863 16390
12000 78759 20104
12000 56874 26544
12000 62642 20737
12000 68326 34543
12000 58644 37139
12000 67755 34615
12000 90087 54653
12000 64552 44475
12000 49155 24450
12000 79311 48535
12000 66071 33083
12000 66762 42274
12000 69359 30839
12000 75571 23435
12000 45937 29828
12000 41197 15956
12000 60758 25801
12000 41183 19368
12000 48061 25166
12000 51716 22825
12000 60767 26489
12000 89339 34514
12000 81402 39367
12000 75983 40880
12000 64232 30757
12000 59927 24676
12000 62540 28644
12000 93046 31662
12000 54109 30660
12000 83857 45833
12000 51100 24345
12000 66391 28443
12000 58263 22480
12000 57061 18881
12000 55105 29090
12000 71131 36119
12000 77606 45718
12000 37309 18558
12000 46275 30091
12000 43722 22660
12000 76123 38972
12000 32817 16713
12000 53538 18676
12000 68819 47028
12000 79566 47516
12100 88636 37770
12100 77686 37812
12100 45122 27575
12100 74208 38115
12100 52210 19934
12100 61626 37182
12100 60248 34543
12100 63316 29779
12100 68120 35926
12100 75593 45127
12100 45077 19840
12100 96480 54508
12100 68562 39883
12100 44572 21490
12100 60787 34967
12100 48612 23122
12100 36175 16053
12100 69509 42348
12100 67433 47161
12100 72494 43664
12100 73563 36868
12100 47279 24516
12100 79814 37678
12100 71523 37271
12100 55083 26477
12100 58095 32455
12100 61919 17980
12100 69343 34914
12100 63068 28921
12100 62483 40043
12100 60763 32283
12100 58880 29669
12100 77696 40106
12100 104957 48870
12100 44322 25490
12100 49167 24099
12100 69240 23003
12100 68964 36292
12100 50618 23428
12100 65574 38154
12100 52934 29994
12100 93331 63325
12100 76109 39649
12100 62219 29731
12100 42675 16351
12100 51283 35986
12100 91985 58586
12100 75440 43532
12100 68976 27227
12100 76463 34056
12200 59991 28402
12200 76110 33884
12200 44413 20643
12200 47139 29157
12200 56068 20002
12200 47672 25989
12200 66016 30488
12200 47219 17711
12200 66338 34649
12200 74556 39505
12200 63554 30666
12200 48145 18150
12200 73318 34608
12200 41944 22285
12200 71171 38795
12200 56197 29229
12200 67146 20452
12200 69751 25812
12200 44929 25591
12200 57238 24071
12200 97450 41995
12200 64903 27971
12200 44977 24518
12200 64960 27847
12200 33862 17339
12200 33735 19250
12200 70589 34044
12200 67677 37490
12200 69844 46796
12200 60326 33954
12200 37084 21123
12200 60141 35248
12200 53767 31004
12200 53246 18698
12200 52382 22530
12200 75894 39353
12200 44377 24733
12200 57888 21018
12200 82251 47308
12200 65277 33264
12200 62236 41786
12200 45903 26837
12200 77920 48796
12200 63344 42306
12200 50236 27753
12200 70159 30537
12200 77453 43844
12200 45946 28258
12200 61360 27348
12200 61775 34217
12300 49957 32427
12300 39913 20214
12300 75419 46128
12300 72676 42179
12300 66655 30507
12300 61725 36347
12300 60754 30144
12300 62476 18756
12300 44290 24989
12300 79373 40267
12300 78912 32473
12300 61895 26493
12300 69014 25348
12300 64496 35022
12300 48350 22938
12300 47546 20698
12300 69796 25939
12300 71047 43733
12300 63705 41507
12300 87546 45328
12300 61633 29002
12300 51122 30715
12300 54126 34221
12300 65020 34604
12300 52666 23197
12300 83183 40518
12300 53273 16334
12300 71757 28965
12300 81458 26569
12300 50846 28291
12300 66076 50477
12300 60649 30480
12300 72629 40139
12300 87974 29322
12300 53470 21519
12300 77805 35436
12300 62001 35754
12300 51923 25595
12300 70475 40879
12300 71615 30970
12300 42876 16059
12300 83847 55378
12300 66922 27407
12300 59553 26281
12300 45067 19707
12300 48207 28534
12300 51222 29633
12300 63796 48239
12300 72511 29498
12300 78692 56031
12400 58530 23237
12400 69570 30888
12400 52377 27199
12400 51552 21153
12400 41885 24277
12400 64314 34123
12400 48538 29196
12400 68834 39790
12400 87955 47448
12400 73661 46887
12400 42091 20311
12400 68708 31021
12400 61161 30617
12400 75770 58465
12400 86836 52538
12400 69910 38702
12400 80685 53543
12400 54409 37670
12400 68081 27542
12400 62270 30027
12400 96166 46658
12400 41304 20503
12400 88747 41147
12400 80161 31477
12400 84926 31167
12400 72409 37339
12400 75919 26508
12400 66478 35704
12400 38852 18862
12400 77663 28745
12400 66066 30244
12400 109635 49174
12400 62911 32416
12400 98729 47853
12400 85306 45058
12400 50425 22471
12400 51197 28969
12400 85103 24462
12400 58455 31438
12400 53235 33112
12400 64151 44242
12400 43254 24473
12400 55298 36583
12400 88644 33628
12400 79582 42284
12400 49438 30343
12400 84080 43844
12400 56481 26516
12400 68858 34938
12400 74133 34918
12500 73893 46173
12500 34709 15634
12500 76970 43402
12500 53268 28911
12500 80795 44827
12500 54111 35384
12500 92945 42054
12500 67321 47859
12500 62679 32350
12500 71792 40535
12500 62028 27772
12500 73947 37379
12500 79551 30825
12500 47411 22543
12500 48867 22121
12500 60770 32047
12500 66253 48133
12500 95446 29136
12500 75945 43075
12500 63901 25491
12500 80730 47074
12500 77888 32108
12500 53765 34672
12500 75524 35841
12500 76001 29354
12500 52462 32073
12500 49500 30996
12500 50161 35225
12500 98415 43972
12500 56173 28026
12500 84285 48550
12500 49798 24977
12500 73256 38208
12500 74056 37707
12500 86663 58367
12500 57294 19568
12500 58246 29786
12500 71068 46688
12500 71550 37123
12500 52605 27698
12500 62071 37409
12500 80141 27570
12500 70633 36187
12500 49292 26029
12500 50171 28153
12500 76323 51130
12500 83850 28593
12500 70123 35493
12500 54364 33764
12500 57544 20771
12600 56229 35804
12600 78018 31816
12600 56157 23058
12600 62210 29101
12600 65020 27374
12600 73829 40765
12600 68220 30738
12600 70047 31038
12600 103839 42216
12600 50888 21092
12600 82045 49749
12600 74892 50707
12600 60251 37081
12600 71067 50177
12600 65500 28453
12600 60390 41175
12600 43709 26504
12600 48401 30047
12600 85060 36121
12600 91142 64277
12600 84742 25843
12600 85968 36480
12600 89162 39259
12600 86366 39583
12600 78549 42684
12600 54764 27567
12600 61812 29040
12600 53612 24620
12600 56961 27786
12600 34695 18727
12600 51830 31544
12600 75214 42639
12600 60768 27621
12600 79140 40588
12600 61143 25795
12600 56995 27503
12600 93408 36306
12600 68934 46348
12600 55969 28016
12600 72288 41650
12600 86441 53390
12600 52049 23448
12600 65034 34638
12600 79053 41434
12600 67012 45391
12600 46126 21073
12600 48187 21007
12600 75575 35236
12600 62934 34138
12600 51166 30690
12700 58526 28943
12700 47320 24484
12700 44062 18193
12700 75017 48206
12700 69258 33844
12700 68456 39965
12700 73815 33656
12700 93744 40879
12700 70579 34755
12700 60516 19546
12700 75693 23992
12700 68802 35407
12700 61155 25498
12700 78482 37660
12700 78204 31296
12700 99484 65833
12700 93915 44136
12700 69372 40486
12700 58748 22959
12700 51955 22593
12700 67683 27515
12700 49778 27699
12700 100176 52565
12700 56412 22067
12700 71899 33831
12700 79540 36208
12700 79003 30399
12700 73235 27155
12700 70839 30968
12700 69180 34395
12700 72416 38938
12700 76181 45311
12700 50595 26864
12700 69390 33230
12700 71702 22204
12700 49944 21074
12700 54235 35556
12700 76218 53431
12700 59924 26829
12700 52336 16373
12700 63774 33447
12700 51617 33959
12700 69941 25885
12700 62811 26241
12700 68915 34769
12700 53891 27458
12700 110297 54631
12700 58286 35198
12700 86605 47153
12700 47902 20038
12800 57708 23846
12800 38045 18455
12800 51637 29403
12800 41172 21744
12800 83150 31291
12800 70272 36181
12800 83036 24953
12800 43990 24034
12800 41407 23395
12800 61482 27159
12800 67136 24217
12800 33007 16928
12800 72620 45901
12800 42025 22772
12800 62521 33008
12800 58120 34377
12800 65618 23012
12800 65182 23828
12800 63081 33758
12800 64515 31236
12800 52871 25414
12800 80786 54070
12800 83054 42915
12800 46600 23477
12800 100880 47871
12800 73373 44049
12800 74783 26399
12800 76980 38256
12800 80152 42184
12800 49873 23798
12800 46299 23097
12800 92479 43504
12800 81732 44021
12800 61170 30134
12800 57057 33496
12800 74928 35152
12800 74117 40993
12800 42645 25377
12800 89633 50375
12800 50971 19363
12800 57776 36210
12800 44547 24251
12800 91671 42669
12800 78892 27654
12800 71467 37120
12800 75559 20902
12800 76211 36354
12800 47150 29554
12800 43211 18978
12800 68564 30019
12900 59137 33036
12900 73380 36847
12900 67138 34010
12900 79255 33929
12900 88333 24626
12900 85259 41062
12900 70502 28972
12900 72754 23694
12900 85020 41157
12900 92748 44982
12900 132213 53990
12900 55672 38712
12900 63790 23502
12900 45158 21652
12900 72834 37403
12900 69928 39806
12900 70162 52055
12900 78589 33149
12900 82002 45286
12900 65557 21157
12900 74824 41726
12900 50875 30053
12900 83595 46431
12900 63176 38411
12900 58113 23866
12900 52891 16505
12900 61645 39255
12900 97713 53305
12900 56150 27856
12900 70412 46965
12900 55845 27713
12900 53912 19618
12900 68477 30335
12900 70206 46387
12900 61082 29321
12900 79556 32694
12900 72977 35140
12900 85257 50668
12900 100303 51047
12900 63254 32441
12900 71177 36533
12900 83060 50732
12900 41440 21805
12900 70861 38313
12900 66212 19049
12900 76266 42872
12900 57281 21953
12900 50098 32737
12900 41206 20869
12900 53712 35602
13000 53066 34803
13000 75575 39584
13000 63958 23134
13000 81812 43512
13000 80093 39568
13000 69604 24821
13000 53741 27105
13000 62041 33311
13000 70360 22836
13000 47116 21767
13000 86842 56732
13000 77396 35790
13000 69109 30179
13000 38795 22578
13000 98402 54776
13000 63396 31228
13000 72510 38602
13000 55893 29062
13000 61960 28032
13000 85365 46947
13000 71788 42626
13000 76377 35234
13000 55094 23623
13000 95530 44292
13000 76828 31748
13000 71611 34296
13000 84698 31438
13000 65027 32565
13000 105541 68442
13000 87989 44133
13000 69106 45977
13000 55834 18851
13000 102198 62855
13000 75683 29652
13000 56308 37747
13000 80839 39873
13000 72164 33975
13000 46404 16928
13000 56464 29500
13000 89074 45886
13000 74024 31291
13000 78651 30898
13000 72188 21446
13000 78934 38980
13000 47247 30483
13000 66640 30994
13000 85992 40133
13000 55446 29432
13000 60254 39259
13000 52835 17389
13100 58371 27392
13100 70615 41737
13100 77431 37614
13100 68677 39060
13100 72909 27590
13100 62816 31073
13100 93010 50654
13100 68691 45641
13100 68073 33507
13100 88641 34770
13100 94777 30030
13100 55203 25155
13100 89233 26836
13100 66769 38989
13100 51048 23859
13100 66198 26570
13100 74745 38382
13100 70783 23379
13100 81238 55341
13100 65223 31716
13100 80457 39301
13100 67448 28078
13100 46686 25332
13100 62704 28763
13100 77855 35710
13100 54003 27658
13100 82729 46149
13100 49821 24594
13100 94407 51784
13100 98582 43807
13100 86121 56446
13100 92098 46033
13100 73954 15375
13100 62962 42059
13100 35322 16469
13100 49966 24373
13100 67291 35554
13100 61342 27075
13100 85255 38721
13100 85164 49217
13100 70447 38503
13100 56357 20839
13100 88434 30947
13100 70413 35673
13100 86610 42871
13100 44079 22940
13100 98348 59853
13100 61212 21035
13100 68429 36256
13100 63678 35592
13200 54487 32208
13200 54285 28561
13200 62549 33602
13200 38646 23616
13200 50632 23016
13200 64890 32179
13200 60753 34168
13200 56035 24809
13200 63514 30407
13200 73588 43476
13200 59909 29755
13200 65978 29140
13200 74556 42933
13200 71474 39102
13200 64067 44702
13200 53154 29370
13200 64727 42303
13200 90158 35342
13200 59385 33025
13200 80898 33237
13200 65754 43417
13200 47192 24699
13200 60852 17868
13200 66310 35984
13200 82919 48611
13200 91681 40066
13200 75747 34432
13200 89637 53460
13200 99335 51523
13200 87315 19145
13200 75207 39273
13200 55818 31872
13200 58318 19315
13200 55030 33447
13200 79566 33917
13200 46088 25982
13200 35934 19145
13200 85181 44338
13200 60728 37936
13200 80486 34043
13200 72351 30884
13200 63378 33357
13200 51389 21776
13200 66600 45347
13200 100609 43230
13200 76347 32226
13200 73326 35424
13200 44439 23949
13200 62103 41548
13200 103198 55575
13300 91380 38001
13300 83592 27241
13300 112096 55427
13300 65096 41402
13300 50687 20876
13300 51700 26701
13300 98967 61426
13300 85081 41977
13300 68268 35830
13300 50543 23256
13300 65876 29417
13300 92346 22197
13300 70583 47111
13300 69112 39039
13300 45429 19257
13300 60159 21063
13300 83882 32647
13300 64639 41190
13300 105880 69355
13300 74776 33539
13300 91020 45220
13300 100201 36597
13300 83322 32484
13300 65882 35807
13300 70117 47080
13300 47100 27760
13300 67074 25743
13300 105401 30774
13300 65017 27999
13300 58110 30265
13300 62762 36113
13300 53682 30364
13300 84169 56578
13300 71782 35665
13300 47589 23247
13300 85406 40418
13300 59407 28456
13300 70196 27133
13300 68582 43303
13300 111427 56674
13300 79005 38745
13300 65657 31747
13300 93724 31161
13300 55554 28414
13300 55133 16622
13300 64303 35889
13300 72780 37227
13300 77976 33086
13300 63557 32179
13300 44464 19473
13400 66054 32275
13400 73377 32836
13400 88620 54684
13400 72156 35274
13400 68789 33745
13400 59665 21748
13400 73401 31572
13400 47414 19565
13400 68490 31115
13400 63757 36134
13400 65756 34249
13400 63823 34783
13400 80437 44190
13400 68044 32455
13400 64745 26345
13400 61104 28857
13400 78304 37849
13400 111526 53228
13400 91266 73203
13400 69535 36158
13400 66161 36712
13400 58017 29332
13400 50659 18234
13400 68010 35731
13400 117718 74645
13400 63102 29732
13400 70189 37829
13400 75334 47122
13400 59800 28681
13400 62100 22224
13400 69510 31671
13400 107141 54344
13400 82480 35152
13400 84741 45767
13400 61918 39448
13400 58022 20583
13400 93416 41304
13400 84485 35441
13400 52094 33525
13400 40654 22110
13400 88042 47983
13400 77404 30598
13400 79656 42874
13400 49277 20578
13400 59431 29832
13400 65722 27983
13400 54647 24671
13400 74665 47259
13400 75932 42620
13400 59927 35995
13500 68376 34428
13500 51505 32915
13500 68373 33507
13500 63102 23253
13500 48842 23198
13500 70697 32542
13500 62839 28814
13500 68147 30662
13500 56994 27785
13500 52556 30023
13500 62019 24685
13500 62330 38623
13500 64147 42129
13500 76650 43514
13500 103170 50680
13500 87568 40438
13500 55748 24658
13500 86573 43744
13500 71773 17510
13500 50169 20408
13500 99525 26381
13500 88092 50556
13500 76768 35926
13500 64091 32184
13500 77791 31571
13500 42558 21918
13500 54025 29691
13500 71530 34687
13500 96368 49806
13500 54285 32681
13500 66290 33529
13500 88959 18611
13500 52441 21241
13500 76864 51102
13500 70266 33557
13500 61080 30803
13500 62564 27111
13500 55701 30325
13500 120320 59338
13500 66959 24941
13500 61189 25919
13500 74942 47943
13500 64956 25622
13500 59742 25501
13500 74674 31064
13500 64927 45481
13500 81577 50292
13500 71958 31865
13500 64424 37685
13500 68025 27587
13600 55957 34778
13600 100919 56723
13600 66720 33738
13600 42531 25185
13600 49918 28330
13600 92815 55636
13600 90725 22133
13600 42180 18467
13600 91939 47571
13600 73893 45689
13600 100530 52020
13600 76094 33703
13600 76780 44222
13600 59221 35364
13600 65910 31201
13600 61465 41213
13600 71649 43011
13600 77020 52623
13600 74841 28670
13600 55807 27571
13600 52746 23225
13600 63979 36784
13600 65089 38527
13600 49058 22233
13600 69333 36572
13600 108796 39838
13600 51111 21819
13600 66607 33403
13600 65058 22417
13600 52593 22521
13600 92342 49619
13600 53933 32092
13600 37690 19059
13600 41020 19648
13600 47381 28737
13600 61855 30920
13600 39292 18125
13600 84355 46196
13600 69660 31624
13600 94916 59212
13600 74721 36188
13600 62074 30808
13600 58102 36397
13600 68745 34136
13600 87818 53187
13600 94610 49719
13600 46043 25482
13600 60786 35008
13600 64779 22368
13600 65561 26807
13700 70767 47119
13700 65398 35113
13700 67139 29467
13700 56866 24017
13700 80226 28601
13700 76925 33135
13700 48231 28629
13700 78259 35656
13700 112875 51260
13700 49304 18552
13700 51909 28738
13700 74338 30639
13700 39582 21027
13700 50108 19239
13700 51742 26736
13700 74509 42465
13700 64976 32862
13700 69773 30122
13700 76161 39543
13700 84303 44204
13700 85151 30735
13700 61276 29868
13700 52416 18931
13700 49790 23050
13700 101969 52371
13700 84128 36713
13700 66015 31171
13700 67650 33800
13700 92979 62008
13700 76663 37442
13700 79690 44818
13700 45319 22877
13700 76059 48227
13700 55416 22946
13700 101174 50430
13700 64182 40806
13700 61072 34566
13700 70012 35230
13700 84340 33575
13700 94941 44242
13700 72270 37138
13700 87146 54763
13700 74181 54599
13700 62147 21112
13700 52743 36519
13700 49152 27259
13700 64795 34828
13700 59538 34748
13700 72034 42850
13700 58066 38980
13800 78215 35643
13800 94388 42207
13800 75225 38911
13800 60024 24150
13800 72631 49302
13800 105849 31544
13800 70796 38116
13800 70234 31557
13800 108175 64356
13800 92812 49343
13800 95216 65411
13800 65545 46214
13800 85970 38149
13800 51795 26655
13800 48995 23638
13800 63241 31651
13800 80275 34008
13800 89322 49533
13800 116555 79309
13800 93864 52273
13800 83327 32169
13800 78209 22128
13800 95131 55677
13800 78354 35297
13800 54565 22516
13800 60218 21069
13800 83273 35574
13800 70474 35815
13800 111274 55017
13800 94583 49604
13800 52973 22441
13800 48057 19624
13800 93166 50008
13800 76318 33000
13800 91580 46427
13800 58632 35609
13800 63823 41290
13800 154534 78125
13800 66221 30409
13800 95090 39528
13800 105105 79718
13800 79071 40286
13800 85318 60486
13800 95024 48636
13800 74707 32073
13800 51094 21270
13800 75033 46703
13800 85943 40550
13800 59982 33018
13800 53311 22697
13900 45530 20372
13900 91334 53336
13900 62881 28245
13900 74028 33835
13900 66061 43618
13900 70402 42583
13900 75459 46623
13900 84026 39179
13900 52280 30405
13900 79062 53813
13900 103242 55825
13900 113965 37469
13900 53829 34431
13900 61347 30337
13900 92299 37325
13900 61852 35044
13900 74553 33588
13900 66015 35845
13900 46469 24208
13900 78470 42902
13900 77668 32010
13900 64939 38105
13900 65857 32543
13900 50549 26887
13900 59774 28571
13900 76360 39558
13900 62370 41001
13900 74363 45766
13900 88522 30783
13900 54847 27715
13900 98583 51480
13900 72133 36450
13900 40840 21043
13900 77037 33542
13900 74076 39851
13900 50507 27045
13900 67211 38159
13900 67388 23283
13900 54446 31129
13900 81956 48936
13900 103365 56506
13900 56297 32233
13900 67417 23469
13900 89084 48491
13900 80327 40556
13900 74434 37124
13900 91826 54497
13900 48030 31600
13900 102878 45838
13900 84117 49188
14000 88697 37447
14000 76379 53464
14000 49030 28553
14000 95548 49858
14000 91520 49388
14000 58942 35485
14000 79062 42516
14000 86438 46451
14000 105154 54263
14000 63466 35120
14000 96107 37954
14000 53798 23337
14000 58587 25329
14000 83036 43232
14000 69166 41751
14000 79686 48800
14000 67702 41015
14000 108375 56350
14000 88565 32845
14000 65837 40292
14000 92223 46929
14000 88949 61271
14000 93181 44714
14000 85598 38633
14000 58301 37171
14000 60130 24701
14000 59303 26848
14000 104589 51910
14000 64741 37621
14000 49950 21001
14000 117863 69914
14000 61984 33484
14000 76442 33833
14000 71595 27267
14000 72614 25777
14000 52888 28094
14000 77199 50045
14000 70915 32577
14000 78111 35166
14000 136723 65309
14000 67355 41636
14000 65441 36058
14000 54873 28353
14000 76958 33196
14000 108740 76751
14000 66026 40599
14000 60029 27591
14000 87777 35885
14000 97095 43148
14000 66130 31718
14100 83705 53550
14100 46645 28716
14100 59254 37196
14100 88551 35849
14100 73310 26966
14100 63388 31719
14100 57290 28736
14100 63920 33764
14100 85257 39946
14100 72162 21772
14100 43948 26075
14100 76826 38954
14100 66509 31398
14100 57901 32649
14100 69925 41973
14100 66000 25388
14100 67943 39280
14100 72205 41448
14100 89061 43842
14100 97747 40163
14100 82655 49417
14100 83396 35306
14100 95117 52906
14100 72234 22803
14100 57829 21991
14100 62827 35246
14100 91130 54682
14100 68621 33594
14100 93936 30711
14100 65303 34669
14100 82530 28741
14100 93147 34772
14100 48093 26422
14100 39575 21949
14100 77854 42351
14100 83463 28209
14100 85215 38573
14100 136856 100880
14100 73913 35106
14100 84380 35286
14100 88076 44642
14100 46453 20943
14100 52970 27447
14100 63092 35141
14100 84083 51737
14100 64215 30146
14100 67085 43050
14100 84311 38242
14100 79959 43517
14100 99498 46899
14200 103786 36220
14200 70594 28695
14200 72426 39041
14200 118870 75226
14200 119831 72190
14200 92434 38041
14200 78036 44526
14200 52740 34878
14200 54698 22690
14200 67551 33233
14200 61023 28707
14200 49467 18711
14200 67811 33718
14200 68588 35103
14200 50380 25906
14200 60381 41038
14200 45182 20880
14200 97940 53074
14200 70115 37245
14200 72241 30514
14200 78380 46254
14200 87190 41442
14200 67135 31611
14200 70423 28844
14200 63787 32793
14200 105386 39640
14200 63081 31291
14200 82575 57217
14200 83067 43636
14200 96354 31243
14200 58456 40613
14200 60680 19029
14200 64413 26316
14200 88540 51832
14200 78045 46411
14200 125893 78014
14200 108249 66608
14200 64688 26880
14200 76830 47706
14200 68989 28297
14200 74060 43439
14200 62165 25936
14200 68289 21867
14200 67308 32302
14200 88430 23339
14200 44119 20326
14200 71802 30684
14200 91379 42245
14200 49140 24799
14200 60249 35794
14300 51924 18473
14300 75418 54329
14300 46528 22573
14300 73667 22183
14300 46504 28774
14300 84676 57624
14300 60744 31429
14300 75461 32327
14300 65086 31594
14300 43223 24547
14300 65918 42462
14300 67313 26598
14300 91386 35981
14300 53171 21990
14300 72484 23964
14300 116835 45314
14300 54866 31982
14300 84259 30487
14300 60086 34847
14300 51866 18572
14300 76553 39213
14300 56701 22730
14300 86378 56781
14300 66448 41733
14300 77951 28751
14300 88563 61121
14300 78402 38105
14300 102072 39840
14300 84446 61379
14300 73317 29805
14300 77423 51542
14300 74861 39228
14300 47427 25962
14300 93637 44597
14300 53507 23135
14300 75207 33789
14300 68425 27475
14300 84569 38223
14300 77473 43910
14300 55537 26522
14300 60772 31309
14300 105756 42114
14300 77806 30994
14300 61565 25661
14300 62364 22709
14300 74715 31246
14300 116671 50549
14300 72331 27901
14300 107405 55917
14300 85960 45726
14400 96887 34438
14400 84979 45143
14400 65938 32942
14400 74480 39584
14400 59744 37467
14400 64934 30167
14400 59394 33229
14400 79152 45578
14400 94894 41316
14400 71912 44734
14400 66251 41359
14400 65174 33404
14400 66168 28897
14400 101476 64966
14400 64034 32623
14400 60152 20332
14400 70536 36286
14400 91952 47661
14400 68784 47172
14400 90945 31382
14400 79593 40417
14400 69387 34936
14400 57468 35878
14400 53913 32189
14400 66405 34417
14400 97904 33559
14400 87274 48196
14400 61912 36906
14400 82114 37991
14400 52910 28639
14400 105151 68042
14400 114210 67227
14400 88567 55325
14400 82730 37694
14400 109431 53559
14400 106968 73817
14400 68673 35224
14400 81552 37486
14400 61083 19456
14400 68684 49882
14400 65619 27657
14400 72686 38365
14400 63662 33463
14400 88065 26429
14400 65671 30693
14400 99534 50266
14400 72123 42578
14400 98110 49525
14400 93962 36732
14400 62181 26834
14500 58709 33109
14500 76874 44641
14500 69224 28001
14500 91358 58040
14500 53478 29413
14500 83402 46776
14500 78165 37224
14500 120660 59400
14500 105174 70681
14500 80672 27544
14500 75297 34968
14500 86436 54697
14500 78314 42145
14500 72849 54151
14500 72889 29267
14500 58347 31797
14500 60891 35164
14500 100605 46299
14500 87777 49618
14500 109631 29206
14500 62139 35326
14500 80576 47066
14500 65672 36578
14500 90203 61591
14500 59758 33823
14500 84667 37404
14500 64971 21568
14500 63134 32507
14500 71783 28532
14500 90366 62469
14500 78882 44140
14500 104875 46837
14500 83807 47459
14500 99568 46316
14500 68202 27253
14500 67795 50471
14500 124682 63279
14500 68279 18734
14500 78244 43593
14500 93971 52869
14500 66192 24119
14500 85232 31918
14500 140526 86816
14500 75887 35615
14500 55991 21103
14500 66044 35356
14500 77022 50701
14500 73870 33292
14500 71171 29679
14500 75148 50216
14600 116506 62342
14600 51163 27654
14600 82945 50297
14600 73960 36700
14600 91272 59206
14600 79044 54250
14600 90369 34506
14600 71762 31429
14600 57008 27791
14600 71702 46131
14600 93793 28392
14600 56542 21475
14600 78329 43969
14600 83993 40827
14600 63333 37922
14600 53504 27573
14600 104386 51054
14600 49277 20001
14600 91540 46884
14600 89391 38955
14600 91353 49508
14600 93421 47663
14600 78723 54760
14600 89980 45819
14600 70542 35890
14600 74337 42584
14600 68697 31828
14600 43369 22413
14600 94029 59270
14600 62428 34066
14600 84250 38912
14600 74626 24914
14600 79728 51186
14600 66520 26297
14600 81806 25719
14600 67836 36037
14600 93351 58176
14600 77409 34625
14600 96584 49972
14600 63656 47601
14600 72687 37212
14600 79205 48569
14600 78375 46510
14600 66949 33423
14600 51879 27693
14600 75260 44045
14600 78224 38387
14600 113729 50380
14600 86583 39498
14600 91342 45603
14700 57379 36303
14700 133905 64900
14700 86491 48275
14700 53377 18233
14700 80564 31417
14700 84670 36338
14700 75084 38321
14700 83050 41247
14700 66752 23869
14700 76131 44376
14700 41530 20453
14700 71475 28441
14700 55153 23152
14700 73382 49367
14700 77882 22305
14700 66320 41111
14700 59816 39446
14700 84568 41977
14700 84735 31965
14700 121230 74751
14700 60723 22738
14700 67554 25110
14700 40928 20072
14700 99395 57145
14700 62350 21633
14700 91356 44831
14700 61595 25082
14700 60431 30703
14700 62096 19065
14700 64497 36343
14700 101609 49149
14700 83231 23397
14700 82757 43644
14700 49048 30477
14700 95457 38669
14700 67671 26911
14700 73539 35408
14700 66491 35287
14700 76848 34416
14700 67027 22220
14700 70949 39092
14700 54295 31309
14700 64991 29892
14700 82710 39196
14700 60134 37175
14700 58802 24289
14700 91390 47020
14700 88902 43572
14700 76524 28370
14700 85143 49506
14800 71271 38177
14800 72287 27888
14800 90445 64044
14800 63769 37297
14800 70970 23594
14800 82048 42818
14800 67761 48928
14800 81708 41902
14800 72455 34497
14800 91362 44944
14800 66947 36779
14800 82094 38186
14800 73037 42131
14800 74982 28853
14800 67657 19473
14800 55481 31334
14800 72431 40429
14800 44748 25833
14800 106703 49987
14800 85102 60031
14800 93207 47588
14800 55278 34424
14800 73973 32019
14800 115340 60095
14800 72299 45933
14800 83135 34563
14800 117559 50397
14800 77460 34315
14800 63244 37462
14800 80825 37756
14800 79131 40523
14800 73126 32703
14800 58953 26974
14800 93107 49857
14800 56542 29604
14800 59342 32679
14800 76559 38159
14800 59901 32068
14800 68175 39388
14800 92998 45237
14800 79086 54002
14800 63922 37694
14800 65497 38983
14800 47948 23974
14800 71302 26718
14800 110617 80068
14800 84332 47295
14800 59424 26211
14800 64227 33232
14800 101866 69648
14900 86836 41155
14900 90699 27114
14900 43406 25237
14900 93865 49202
14900 99010 54997
14900 80964 40338
14900 88566 44651
14900 85020 28647
14900 78885 27549
14900 53345 24694
14900 77140 44054
14900 82205 39793
14900 46531 24862
14900 110014 40772
14900 83455 43755
14900 99149 35669
14900 102265 43545
14900 74001 32411
14900 74251 48937
14900 82542 40680
14900 112622 54939
14900 67527 38814
14900 102661 62865
14900 62087 30720
14900 78020 27504
14900 108751 46063
14900 85031 50950
14900 105596 37069
14900 67398 35558
14900 79148 39844
14900 77830 25533
14900 106562 47613
14900 73769 22894
14900 79373 34821
14900 84053 29605
14900 106255 74731
14900 110722 67063
14900 70466 31515
14900 94874 35179
14900 59840 42515
14900 70341 31456
14900 82275 37546
14900 62349 21585
14900 74816 44065
14900 97669 32001
14900 60158 20618
14900 72578 31780
14900 39368 19096
14900 53186 24659
14900 87186 44083
15000 55845 28798
15000 79433 48267
15000 58820 21481
15000 102947 41191
15000 60415 22669
15000 53598 18266
15000 78644 39989
15000 142560 65725
15000 58838 22154
15000 89619 58623
15000 111157 58714
15000 68632 34441
15000 78593 28870
15000 49068 29390
15000 87287 38286
15000 85691 47190
15000 113145 68065
15000 86094 56017
15000 72381 24782
15000 76299 52433
15000 91485 58133
15000 105911 59123
15000 90735 44537
15000 94456 60643
15000 49791 31352
15000 89048 39253
15000 109408 62201
15000 77912 32431
15000 63931 37872
15000 103936 59946
15000 52776 18413
15000 71195 43407
15000 80596 25776
15000 79960 40441
15000 91685 35366
15000 75396 39124
15000 48440 23150
15000 92707 62341
15000 73563 45393
15000 64764 34593
15000 78002 35339
15000 74665 37304
15000 61215 27906
15000 80791 38896
15000 80482 41712
15000 125456 57758
15000 68082 29930
15000 89848 31907
15000 76210 33918
15000 82933 45128
15100 95755 43262
15100 76617 37245
15100 81901 29200
15100 86934 47385
15100 88833 39653
15100 59261 22789
15100 51308 26849
15100 101442 45206
15100 83604 35372
15100 88072 47064
15100 89247 27306
15100 71428 40983
15100 84033 35560
15100 73375 25241
15100 70461 31182
15100 79898 50260
15100 65887 32881
15100 94637 35816
15100 70060 42203
15100 81095 48543
15100 103772 33880
15100 73176 36809
15100 70145 28580
15100 66874 23350
15100 102063 52292
15100 93227 41023
15100 100739 55700
15100 112801 58483
15100 64469 31966
15100 70610 25137
15100 85209 37839
15100 93833 56726
15100 55376 31868
15100 79793 53783
15100 58472 27593
15100 59048 33763
15100 76656 43017
15100 57720 35654
15100 104230 59263
15100 61898 33947
15100 66230 34551
15100 78184 33503
15100 78729 30391
15100 69514 39252
15100 70793 31555
15100 66345 25597
15100 66242 38900
15100 95270 54857
15100 93676 59544
15100 57534 26458
15200 64678 34371
15200 77546 39046
15200 88934 38960
15200 91935 48821
15200 69689 22887
15200 84608 46460
15200 121923 44782
15200 74476 32975
15200 53009 27438
15200 76114 34656
15200 81165 38420
15200 87024 27401
15200 64747 35588
15200 78144 40883
15200 83685 37194
15200 92741 47333
15200 83709 43085
15200 63966 41085
15200 83206 34001
15200 70539 31840
15200 68337 44848
15200 81150 36657
15200 40832 20286
15200 104449 57489
15200 79684 40635
15200 105494 43320
15200 87310 59697
15200 114239 81131
15200 106960 49745
15200 63202 20153
15200 59933 22988
15200 52789 27134
15200 113887 58727
15200 61525 28255
15200 70999 25095
15200 88216 49068
15200 110713 42163
15200 120554 49221
15200 39292 18203
15200 66945 30768
15200 88223 53769
15200 93791 44761
15200 51008 29262
15200 96975 43680
15200 72262 31178
15200 79276 43262
15200 71400 22561
15200 50065 20309
15200 63706 26361
15200 101263 62768
15300 106539 67771
15300 103777 37436
15300 67235 30436
15300 44939 22353
15300 65505 24267
15300 66396 27306
15300 93846 36384
15300 72409 32224
15300 83239 28365
15300 110254 49122
15300 66004 36400
15300 46278 23630
15300 85720 36920
15300 73286 45602
15300 69305 20307
15300 99301 44127
15300 96524 53747
15300 80631 36092
15300 72278 41063
15300 54405 30946
15300 80227 40924
15300 74893 49561
15300 61942 35878
15300 63510 24736
15300 90269 42770
15300 63497 35000
15300 65316 21355
15300 79922 39042
15300 74169 48923
15300 117923 36998
15300 69742 43870
15300 69358 37933
15300 60420 30760
15300 98872 51895
15300 62785 39605
15300 95526 38466
15300 75640 43377
15300 89825 37160
15300 153371 50707
15300 77487 45994
15300 91832 51816
15300 78590 40229
15300 61602 31580
15300 65978 28501
15300 63265 34703
15300 85568 44479
15300 69190 27183
15300 87403 40798
15300 79249 41966
15300 108083 54447
15400 77688 28170
15400 99006 79307
15400 45080 23627
15400 72412 47607
15400 80058 38468
15400 80896 40667
15400 112407 68486
15400 70316 37987
15400 73719 49371
15400 66757 30154
15400 61836 35620
15400 82680 56096
15400 74522 29261
15400 71819 30854
15400 78101 48205
15400 67784 31173
15400 61708 38011
15400 51582 23485
15400 58951 37611
15400 83759 31090
15400 64932 32172
15400 98139 50602
15400 114311 66942
15400 121115 67757
15400 98399 49507
15400 115280 63249
15400 96789 55008
15400 82169 40741
15400 58766 36882
15400 96840 37595
15400 60492 32848
15400 58772 33152
15400 80430 39748
15400 79879 39961
15400 87285 51519
15400 83223 46863
15400 131269 42376
15400 86878 38579
15400 55659 24208
15400 77315 40567
15400 81086 26524
15400 57396 28761
15400 62875 36098
15400 63705 29175
15400 81461 38846
15400 73675 43660
15400 80754 33646
15400 107622 45939
15400 64837 36630
15400 62807 36168
15500 80086 31460
15500 79494 33934
15500 54890 25100
15500 89311 44182
15500 125320 52313
15500 66531 35588
15500 65978 38795
15500 109791 29178
15500 107556 72830
15500 79565 46012
15500 91993 43810
15500 86003 37915
15500 125126 61117
15500 54255 28408
15500 105306 42459
15500 95871 35111
15500 67517 30578
15500 98720 75478
15500 60983 39123
15500 74190 26885
15500 78648 34378
15500 94541 43543
15500 81775 50323
15500 84262 48965
15500 73378 47172
15500 107439 38522
15500 92413 62101
15500 59788 38488
15500 61167 36564
15500 41841 19330
15500 74366 31978
15500 82469 45468
15500 60764 29804
15500 61972 33662
15500 111591 67675
15500 106767 54281
15500 75472 29188
15500 80464 53076
15500 69977 34595
15500 77547 44055
15500 119527 42348
15500 71962 39494
15500 62627 31029
15500 59340 38125
15500 104652 52717
15500 56868 26232
15500 67050 42985
15500 70999 30968
15500 69854 31569
15500 57123 25743
15600 92533 27404
15600 104877 68033
15600 56314 34324
15600 87178 44942
15600 72019 30644
15600 55720 31449
15600 75503 31969
15600 51428 20715
15600 51443 27394
15600 67585 34582
15600 93010 44795
15600 88697 47626
15600 82903 35908
15600 100100 38034
15600 63819 32885
15600 82315 37527
15600 72987 43619
15600 65069 26579
15600 61756 30796
15600 88314 37607
15600 58326 27466
15600 85518 32279
15600 147010 88073
15600 56402 28308
15600 100601 48322
15600 45454 20991
15600 67951 32397
15600 95060 39874
15600 58561 24246
15600 110797 60285
15600 81346 30348
15600 86054 52307
15600 111172 35788
15600 59632 32870
15600 77773 42511
15600 93370 46325
15600 77237 30882
15600 46950 22708
15600 76639 34580
15600 60777 35742
15600 79041 42769
15600 87371 50782
15600 85721 49183
15600 100069 45559
15600 73333 27939
15600 61219 36039
15600 123819 61363
15600 80166 25135
15600 92861 45926
15600 57052 36400
15700 100181 62163
15700 87857 49276
15700 117792 42183
15700 53646 27106
15700 43340 21982
15700 89269 47671
15700 94389 60930
15700 127957 67377
15700 84856 54135
15700 69227 41317
15700 114538 61705
15700 78929 49103
15700 52120 28387
15700 67590 41368
15700 64183 30655
15700 54687 20480
15700 61455 30501
15700 94588 62654
15700 102135 47416
15700 80240 53833
15700 76260 39067
15700 84724 55154
15700 72219 38200
15700 86659 51250
15700 140762 82843
15700 106594 26252
15700 92926 38704
15700 94951 44825
15700 101545 46360
15700 41530 19887
15700 60353 27652
15700 63384 23182
15700 78213 53369
15700 95741 37940
15700 74947 41091
15700 128525 69078
15700 70820 46930
15700 89016 35098
15700 79222 43660
15700 82773 49790
15700 138953 38860
15700 83891 61253
15700 96479 50595
15700 91016 36452
15700 110540 61568
15700 88142 42329
15700 64380 32563
15700 79193 43973
15700 62281 26296
15700 81576 30035
15800 64164 27421
15800 92230 37166
15800 107592 77071
15800 88684 30355
15800 64895 30084
15800 70157 37366
15800 67494 23707
15800 66275 29024
15800 78922 50251
15800 104402 50872
15800 115922 67409
15800 95565 52635
15800 91879 30556
15800 70933 26363
15800 50930 25936
15800 111500 34753
15800 54090 23477
15800 70445 34895
15800 49016 27446
15800 62741 33357
15800 59939 33175
15800 64554 35150
15800 87481 49524
15800 52002 25338
15800 66794 39130
15800 113043 64823
15800 107967 54792
15800 58810 29655
15800 109273 55310
15800 89947 39341
15800 92887 42905
15800 114997 55998
15800 86195 36182
15800 111552 34695
15800 64604 22410
15800 59065 31949
15800 116500 68543
15800 83317 21924
15800 80460 45140
15800 73234 41513
15800 116005 60973
15800 94903 62387
15800 56015 26635
15800 74277 41970
15800 88810 55803
15800 81407 48673
15800 63909 34959
15800 83637 37322
15800 84616 42734
15800 84144 58363
15900 62299 25329
15900 64323 34695
15900 83656 25693
15900 82893 48632
15900 110242 59194
15900 61509 37567
15900 73833 23876
15900 53958 25840
15900 90760 33945
15900 76289 39714
15900 65273 26048
15900 83489 36954
15900 80879 51901
15900 110218 64177
15900 67229 30925
15900 72470 35644
15900 87600 57608
15900 80883 41649
15900 79691 50034
15900 87677 37137
15900 114686 47629
15900 122525 52231
15900 75976 36495
15900 111412 54885
15900 84047 50124
15900 70671 30631
15900 98368 33730
15900 122805 37216
15900 95209 47389
15900 112768 56644
15900 60771 39110
15900 86247 40751
15900 72397 33440
15900 112290 77416
15900 78912 38417
15900 52761 26436
15900 69892 36872
15900 63585 27490
15900 81287 36858
15900 83056 34189
15900 137694 79966
15900 49786 27251
15900 89471 50616
15900 64681 25290
15900 60924 36940
15900 85914 62839
15900 64754 33016
15900 79749 30015
15900 101412 54316
15900 68744 28191
16000 66771 25431
16000 80362 37444
16000 76214 41929
16000 101004 39994
16000 63831 43084
16000 98706 57156
16000 86494 32149
16000 106295 29698
16000 108825 63637
16000 84019 38303
16000 88470 33912
16000 69854 33782
16000 98635 46420
16000 73083 51170
16000 63122 28099
16000 103687 48035
16000 79301 41639
16000 130504 82973
16000 103735 40037
16000 68192 37399
16000 49812 27149
16000 68855 20601
16000 61487 38860
16000 111709 63140
16000 100118 59820
16000 104609 58910
16000 59895 28611
16000 61208 23174
16000 68633 34765
16000 100641 48716
16000 79260 37521
16000 73588 40878
16000 74119 29109
16000 84333 37373
16000 78185 40335
16000 65707 44071
16000 99337 47827
16000 97013 45323
16000 75629 35523
16000 69478 44656
16000 81050 43299
16000 114349 67955
16000 72514 27148
16000 57022 21491
16000 94256 64446
16000 98589 52985
16000 93753 46665
16000 92959 43524
16000 87756 63368
16000 121533 55075
16100 128453 65665
16100 108113 39373
16100 58234 34822
16100 91100 63756
16100 161544 81949
16100 113274 54952
16100 82741 43236
16100 73717 27406
16100 76664 43606
16100 81023 40976
16100 63273 36066
16100 139012 47691
16100 97479 51590
16100 81774 53585
16100 66187 40033
16100 54195 26604
16100 81370 50001
16100 82272 36179
16100 81840 40606
16100 61591 26463
16100 64888 22899
16100 115558 62196
16100 122810 49613
16100 102833 53029
16100 98982 60492
16100 66008 45412
16100 89867 64588
16100 99395 60401
16100 89486 41003
16100 94068 52688
16100 62202 24731
16100 110884 54507
16100 81170 32542
16100 86018 53441
16100 62034 23679
16100 68959 32893
16100 109058 40082
16100 105219 71288
16100 70143 39112
16100 48090 25021
16100 71766 34846
16100 76823 37273
16100 140501 68284
16100 66941 37936
16100 94380 55949
16100 95719 47518
16100 85978 44962
16100 69117 41821
16100 56352 23421
16100 85350 52687
16200 89610 60444
16200 56602 32614
16200 62110 34657
16200 123000 57614
16200 96676 42665
16200 102102 52298
16200 81316 35911
16200 72122 37064
16200 94071 47530
16200 80850 56359
16200 63593 43196
16200 98493 30458
16200 81963 60072
16200 91503 53921
16200 60136 31893
16200 109915 68428
16200 89336 50199
16200 100959 42316
16200 92553 47514
16200 52085 27847
16200 89096 41134
16200 94889 55876
16200 69536 37200
16200 76200 37995
16200 55018 20525
16200 89337 33822
16200 61131 31412
16200 55829 25519
16200 65668 26894
16200 59051 29427
16200 80960 44379
16200 62316 35511
16200 89182 38153
16200 58337 26711
16200 56464 23413
16200 65865 39281
16200 70297 28117
16200 105545 35970
16200 52539 21800
16200 100899 61065
16200 97641 53953
16200 49224 19277
16200 112659 62211
16200 82935 46374
16200 117954 64176
16200 96679 40427
16200 157977 108095
16200 110152 50263
16200 82209 44094
16200 73957 31190
16300 72497 41815
16300 65673 25098
16300 96338 40854
16300 132107 78461
16300 74684 24710
16300 174187 84192
16300 102378 22191
16300 104264 64499
16300 113874 49071
16300 95802 54048
16300 48243 27385
16300 127079 52204
16300 79297 34278
16300 93845 51754
16300 64108 28702
16300 92780 73579
16300 116067 68779
16300 78228 34061
16300 87978 44281
16300 80018 50818
16300 77598 35137
16300 108079 52272
16300 88097 38983
16300 81074 50113
16300 92518 41213
16300 75393 23636
16300 74102 49748
16300 45359 22994
16300 53530 21279
16300 117796 57890
16300 106314 50865
16300 87223 33299
16300 79159 45577
16300 125497 69046
16300 78228 28068
16300 96949 65653
16300 64828 40424
16300 89484 28938
16300 109654 56213
16300 122487 55056
16300 73534 33650
16300 56035 28264
16300 60311 30443
16300 67344 38826
16300 117501 75939
16300 49841 28521
16300 89248 53344
16300 120147 43736
16300 68844 36083
16300 69427 29926
16400 101015 44110
16400 96848 49372
16400 100007 41620
16400 75187 30081
16400 115422 71469
16400 66598 28303
16400 65874 38489
16400 129088 83798
16400 69825 31610
16400 110335 55827
16400 65346 32311
16400 92162 44290
16400 99318 44801
16400 93302 57503
16400 88336 34349
16400 137320 78377
16400 64484 32271
16400 97807 53977
16400 83635 32031
16400 80190 49541
16400 75463 34658
16400 102342 57984
16400 69579 31667
16400 72976 41560
16400 78248 38387
16400 101791 39550
16400 91850 43178
16400 55448 25231
16400 89828 43473
16400 60624 30086
16400 74594 47850
16400 46419 23439
16400 92798 49533
16400 69085 46529
16400 67224 36734
16400 85479 55965
16400 129210 63294
16400 79083 39322
16400 77270 25760
16400 60155 33656
16400 81813 43271
16400 73679 23933
16400 77215 46815
16400 80061 38363
16400 88573 35833
16400 113470 61044
16400 92287 50393
16400 91116 43004
16400 91593 27572
16400 100638 49418
16500 68360 29692
16500 54783 21918
16500 73310 39444
16500 137093 47554
16500 72637 32493
16500 102952 61159
16500 131005 42202
16500 82993 50239
16500 69814 29454
16500 96873 36954
16500 127925 54893
16500 105071 44581
16500 68792 37721
16500 127118 71384
16500 122947 71018
16500 68981 23862
16500 123892 55903
16500 79872 28927
16500 77001 41189
16500 79049 22860
16500 104698 78494
16500 74098 35805
16500 85115 42132
16500 126894 70373
16500 74142 50225
16500 98673 57016
16500 87209 32940
16500 64673 32204
16500 86202 41855
16500 95490 52095
16500 63718 24857
16500 83061 42726
16500 115463 59984
16500 88824 54421
16500 135811 84896
16500 74323 44195
16500 70515 27409
16500 83386 32090
16500 105994 67714
16500 82794 42908
16500 93156 50601
16500 91992 30266
16500 82750 54831
16500 67773 33729
16500 87956 52256
16500 81042 47364
16500 72475 40605
16500 72516 34318
16500 74063 29322
16500 186817 78410
16600 92724 36695
16600 122397 74888
16600 117144 41239
16600 74278 40297
16600 84381 56122
16600 59812 31819
16600 109863 54835
16600 76757 31707
16600 74776 35410
16600 130432 48823
16600 97747 41203
16600 103447 60421
16600 71228 32157
16600 69872 20912
16600 62037 25610
16600 103651 47823
16600 115287 59463
16600 72864 25299
16600 138497 52190
16600 78578 37218
16600 114971 58094
16600 131544 96312
16600 80428 58051
16600 96693 51437
16600 85784 46156
16600 95936 49128
16600 116845 55674
16600 76141 21887
16600 83802 52958
16600 82563 47233
16600 94210 44035
16600 59999 27713
16600 114489 64842
16600 76163 27532
16600 51515 29277
16600 99331 47366
16600 56709 28517
16600 91597 49766
16600 78842 26567
16600 94508 27053
16600 84415 63915
16600 102930 46675
16600 65941 36859
16600 68984 24746
16600 91631 40470
16600 47504 20190
16600 59812 20440
16600 90649 45290
16600 87279 52102
16600 92817 38767
16700 72376 31165
16700 105373 33234
16700 110360 25053
16700 66386 47805
16700 67429 27601
16700 90852 52495
16700 95560 50420
16700 80351 41487
16700 98422 49592
16700 69349 47621
16700 69901 35723
16700 85332 38596
16700 78114 40584
16700 86867 56610
16700 148746 83749
16700 63803 25354
16700 93025 63474
16700 94315 54825
16700 88449 35523
16700 64823 39465
16700 86636 45773
16700 96409 28339
16700 92667 52456
16700 105783 35893
16700 83702 38065
16700 100193 51675
16700 91097 50017
16700 69363 37291
16700 64855 30469
16700 58998 26880
16700 149358 94073
16700 122456 58406
16700 65987 20684
16700 76707 42484
16700 82457 31705
16700 104610 29212
16700 101746 37618
16700 93862 61071
16700 71650 26171
16700 128624 69372
16700 106508 59985
16700 79288 31838
16700 87542 53223
16700 94188 30386
16700 96033 57790
16700 109663 53168
16700 59474 27536
16700 109939 37415
16700 62010 34826
16700 91872 52089
16800 107433 42641
16800 85368 23707
16800 89384 42627
16800 63458 28856
16800 60507 31636
16800 52641 28900
16800 106215 45577
16800 113542 59564
16800 93363 57794
16800 113418 50315
16800 95050 52494
16800 74999 27311
16800 111464 33333
16800 69906 44306
16800 47042 21651
16800 72850 25865
16800 65024 32146
16800 71511 28647
16800 92871 38278
16800 86312 44272
16800 75898 23418
16800 79715 55459
16800 83432 24884
16800 86708 38291
16800 87674 60300
16800 107383 53382
16800 82626 39023
16800 83059 41547
16800 76347 36194
16800 118376 69694
16800 61551 30473
16800 110058 48593
16800 99651 65657
16800 84239 26393
16800 52096 22672
16800 72210 39117
16800 69229 38685
16800 98510 52242
16800 79910 44685
16800 60061 28409
16800 87764 28292
16800 94306 50246
16800 126604 64495
16800 90435 32736
16800 48554 25304
16800 105130 53555
16800 55912 28026
16800 115422 49836
16800 82866 52649
16800 135352 62431
16900 102042 61247
16900 79054 42502
16900 117395 58528
16900 57945 22421
16900 86955 46494
16900 88276 40491
16900 75136 36097
16900 63192 35228
16900 99964 42915
16900 85743 36916
16900 83918 42223
16900 98816 32550
16900 70636 31840
16900 87482 28658
16900 44930 23463
16900 92957 61688
16900 131805 82081
16900 85452 38878
16900 98285 61270
16900 124037 49949
16900 68582 29983
16900 72599 27051
16900 88045 46870
16900 68070 38400
16900 88965 49168
16900 72277 38093
16900 47952 23091
16900 120176 47674
16900 94894 33882
16900 85505 45832
16900 92015 41235
16900 93643 50830
16900 71326 35016
16900 60141 28930
16900 87642 52139
16900 105216 43094
16900 88118 39973
16900 94330 54478
16900 109439 52497
16900 145919 59895
16900 89998 28456
16900 84933 50083
16900 64207 42305
16900 71271 43219
16900 71365 45375
16900 74752 42930
16900 109267 51637
16900 121979 71957
16900 80509 54444
16900 102307 54518
17000 80661 43836
17000 107403 75859
17000 58402 26708
17000 98931 46032
17000 69807 29738
17000 110965 46022
17000 97186 51353
17000 121759 67344
17000 103939 44186
17000 58724 33796
17000 86684 40933
17000 84243 46874
17000 89897 35038
17000 91183 36948
17000 91684 33665
17000 102587 48107
17000 73898 33440
17000 119456 56576
17000 135069 52635
17000 79151 44037
17000 91516 25528
17000 92695 31800
17000 100599 42010
17000 109079 43330
17000 138561 71551
17000 73449 27780
17000 71250 28044
17000 60963 27085
17000 127566 57780
17000 106630 41666
17000 88673 40765
17000 132759 68942
17000 79935 40354
17000 84402 39643
17000 133323 79208
17000 85362 37174
17000 88487 34653
17000 71791 40050
17000 106951 55762
17000 137800 90131
17000 128097 91891
17000 101231 53504
17000 55935 25047
17000 79190 37316
17000 92811 33459
17000 63658 36417
17000 92019 36440
17000 87911 56798
17000 77032 44866
17000 74053 28226
17100 93884 47328
17100 81938 42083
17100 88252 52491
17100 74343 34513
17100 130173 71462
17100 80391 36772
17100 100840 56814
17100 111794 57750
17100 80835 34157
17100 101633 62271
17100 101885 35793
17100 74470 34018
17100 148167 80676
17100 67041 29872
17100 65391 33638
17100 111261 66463
17100 63747 31894
17100 61161 34304
17100 58768 30783
17100 60865 25879
17100 62015 23655
17100 81471 39620
17100 80743 35960
17100 113949 72535
17100 66216 42373
17100 104856 43706
17100 91352 40156
17100 143099 69468
17100 90069 46211
17100 73710 41297
17100 74455 25408
17100 115434 41449
17100 101960 43761
17100 94844 59635
17100 83421 41540
17100 67119 33473
17100 118619 55215
17100 82800 45717
17100 55979 28135
17100 94368 51649
17100 125430 66110
17100 67934 42140
17100 68271 26072
17100 91855 61757
17100 75411 32126
17100 95407 33231
17100 117295 54416
17100 77355 24135
17100 71770 49865
17100 104938 65566
17200 104528 64241
17200 72613 22934
17200 108982 52910
17200 76982 50976
17200 89874 49059
17200 86344 40104
17200 129955 74315
17200 74246 35165
17200 91858 35560
17200 79987 46904
17200 97137 61888
17200 93455 52863
17200 58426 27004
17200 87718 42070
17200 112846 60997
17200 126812 57508
17200 105011 62645
17200 124638 77262
17200 74072 34361
17200 57801 24675
17200 79520 50518
17200 102279 48275
17200 85169 46564
17200 103130 55274
17200 89869 43803
17200 113531 55303
17200 122420 75468
17200 125314 63136
17200 103927 34402
17200 58936 25968
17200 88344 50906
17200 82324 47366
17200 111278 51762
17200 81699 60468
17200 117958 38736
17200 59824 27148
17200 74838 45903
17200 62019 28596
17200 52112 22493
17200 65299 39902
17200 105489 30137
17200 82559 36622
17200 74723 45857
17200 76608 36120
17200 76154 29050
17200 64749 41913
17200 125058 60982
17200 79088 30892
17200 92224 36413
17200 85084 44906
17300 83696 48044
17300 60429 29188
17300 112551 60061
17300 111118 50611
17300 70563 23012
17300 131602 76801
17300 94312 41223
17300 90447 30285
17300 139373 66100
17300 100912 49282
17300 63654 26576
17300 63211 29702
17300 85802 38189
17300 73197 46320
17300 130916 68027
17300 122839 49333
17300 102816 34116
17300 117853 77857
17300 96019 56981
17300 76378 33695
17300 70079 34928
17300 92270 40977
17300 89372 52509
17300 90067 42514
17300 86908 37219
17300 100360 43285
17300 67742 36578
17300 56464 34773
17300 108808 73160
17300 101186 49201
17300 67118 37582
17300 57914 23257
17300 87812 37859
17300 101209 51772
17300 84800 39065
17300 84876 32591
17300 75033 50057
17300 104913 59863
17300 97248 51744
17300 138942 80240
17300 101943 71585
17300 91473 61245
17300 78603 51623
17300 117311 54212
17300 123935 61059
17300 65846 33205
17300 58821 27240
17300 92314 48371
17300 102515 58829
17300 137626 83463
17400 130559 69910
17400 95478 48453
17400 90285 48013
17400 77794 36906
17400 76142 31340
17400 107963 54402
17400 101579 44495
17400 91343 27698
17400 118446 52758
17400 98182 49567
17400 75815 44666
17400 97722 58434
17400 91289 46961
17400 98127 49774
17400 133149 66190
17400 73549 45435
17400 106037 59839
17400 101825 50949
17400 100329 44736
17400 94782 41141
17400 69304 45449
17400 95817 43856
17400 84016 56852
17400 89199 40549
17400 64053 39368
17400 147684 60472
17400 109410 48166
17400 87623 46415
17400 93932 37687
17400 91739 58887
17400 50191 23247
17400 72117 29243
17400 109817 36043
17400 141658 59723
17400 86860 60993
17400 107628 44711
17400 47047 22684
17400 53921 29810
17400 64983 22862
17400 71775 42611
17400 85044 42942
17400 57615 30375
17400 69547 25960
17400 85811 40551
17400 51821 27024
17400 118353 65214
17400 124443 60386
17400 96937 68773
17400 86177 53452
17400 114426 59728
17500 66842 28386
17500 93193 57152
17500 138184 66775
17500 78691 37952
17500 92764 49947
17500 116710 57521
17500 111934 61684
17500 77111 36996
17500 74630 24590
17500 70246 36064
17500 101424 49539
17500 71440 32244
17500 128804 60328
17500 55632 25153
17500 64546 29216
17500 83558 43190
17500 91971 39773
17500 112739 55183
17500 92997 43473
17500 129908 45322
17500 75762 25640
17500 83367 40750
17500 54864 29005
17500 100327 38541
17500 101721 44073
17500 104351 49235
17500 112010 48909
17500 110762 48957
17500 81651 38714
17500 105912 69200
17500 144294 79603
17500 79640 41832
17500 68409 39017
17500 73533 45440
17500 115141 68485
17500 92748 34099
17500 67535 29542
17500 143403 83521
17500 89709 53141
17500 104600 46816
17500 115128 40591
17500 76069 46276
17500 95136 45416
17500 95788 37220
17500 90072 45218
17500 145612 50098
17500 72492 41829
17500 89403 58162
17500 75576 41764
17500 82325 23842
17600 80223 42697
17600 85785 42406
17600 72150 29856
17600 70997 40529
17600 98952 32341
17600 95906 30430
17600 75557 32462
17600 90444 37391
17600 46210 22692
17600 109999 49017
17600 132384 61973
17600 74677 26167
17600 88420 43220
17600 116138 60081
17600 79931 38349
17600 81382 53076
17600 98837 43296
17600 65867 28029
17600 77559 42902
17600 70993 25566
17600 66586 27462
17600 84357 43153
17600 71731 37522
17600 76642 40558
17600 96262 58902
17600 75789 38411
17600 82141 31696
17600 78873 25804
17600 137859 64456
17600 87529 54447
17600 169264 84490
17600 96349 48374
17600 75873 43548
17600 111756 73954
17600 100391 54390
17600 75701 24568
17600 89003 44426
17600 101221 48596
17600 127766 62663
17600 108937 70124
17600 90875 33530
17600 108714 37455
17600 69749 42910
17600 49965 27366
17600 82223 34995
17600 100423 34441
17600 106328 49359
17600 85358 41454
17600 79457 28256
17600 97140 45179
17700 77532 39608
17700 116253 53224
17700 100626 48193
17700 87382 37454
17700 87351 35784
17700 94926 45059
17700 105239 64353
17700 95493 47347
17700 62441 23098
17700 115097 68888
17700 91783 39903
17700 49430 28624
17700 79047 37199
17700 121841 70233
17700 71340 28875
17700 85577 45038
17700 124096 74468
17700 110704 55675
17700 92122 40154
17700 99628 29217
17700 75350 36580
17700 54383 29622
17700 127630 74623
17700 92295 56181
17700 62952 25204
17700 103194 67785
17700 86225 26281
17700 73263 35936
17700 71090 33726
17700 63033 32836
17700 124625 82605
17700 111220 53368
17700 99254 49814
17700 72072 31034
17700 77910 32242
17700 70107 20091
17700 98197 36089
17700 96838 46357
17700 87345 38681
17700 79280 37981
17700 136920 62736
17700 100849 50542
17700 171697 92346
17700 64083 37735
17700 83252 36580
17700 104938 36783
17700 93578 51539
17700 92189 35700
17700 109121 36730
17700 72017 34468
17800 73530 43472
17800 114299 86326
17800 57144 22359
17800 86560 54587
17800 52161 27207
17800 74005 41976
17800 79237 34452
17800 113140 70235
17800 78574 28493
17800 63271 34207
17800 85136 28899
17800 95801 50583
17800 123760 84343
17800 111767 71519
17800 73576 32020
17800 92136 36242
17800 95324 28453
17800 103364 39184
17800 86292 28934
17800 121583 52626
17800 75371 49464
17800 108172 56973
17800 68269 26302
17800 104132 46800
17800 121625 42414
17800 93273 54041
17800 97503 48640
17800 97393 44956
17800 74792 37282
17800 116958 57277
17800 64501 25057
17800 124039 74885
17800 60048 34696
17800 104166 57245
17800 107181 57552
17800 84433 47485
17800 135910 62669
17800 138730 66406
17800 52558 23542
17800 73064 34967
17800 109857 50150
17800 108830 46765
17800 101968 40383
17800 108604 43113
17800 124519 67872
17800 149492 87346
17800 114327 50829
17800 99568 44115
17800 87718 41517
17800 125214 79350
17900 138030 89329
17900 64067 31462
17900 67892 27532
17900 76793 49401
17900 82613 33793
17900 102576 34952
17900 86896 30533
17900 118278 64542
17900 70236 32701
17900 82339 53769
17900 82718 40204
17900 130397 72814
17900 83294 25517
17900 73852 36198
17900 100377 59321
17900 119540 43683
17900 105483 60042
17900 83422 48888
17900 113235 71039
17900 130229 72378
17900 63422 38545
17900 84539 43345
17900 79205 35977
17900 119413 70772
17900 93801 68783
17900 106692 37759
17900 78271 39752
17900 79205 28667
17900 69514 32664
17900 149665 90181
17900 84696 42415
17900 125545 79883
17900 140806 61180
17900 77717 28761
17900 69883 40637
17900 95912 46948
17900 104601 48448
17900 77589 38132
17900 65140 31269
17900 108307 47152
17900 93151 47422
17900 72823 44563
17900 111005 74288
17900 112648 66166
17900 110801 65406
17900 68928 40376
17900 96640 56451
17900 99822 55179
17900 59498 23995
17900 72360 34551
18000 71112 37562
18000 103268 40428
18000 66856 36561
18000 88942 31928
18000 110139 46102
18000 104961 71497
18000 101271 38628
18000 111165 62647
18000 103001 51220
18000 91087 59352
18000 76760 29517
18000 123610 69261
18000 91709 50706
18000 135128 47181
18000 99470 49688
18000 58607 23476
18000 104893 52612
18000 107912 46918
18000 91561 36869
18000 110220 47502
18000 81807 37638
18000 129663 60954
18000 106323 50795
18000 64515 27214
18000 67889 39438
18000 110166 44596
18000 97507 58378
18000 73929 30802
18000 111214 50753
18000 81920 45048
18000 85428 33006
18000 110004 59948
18000 90887 65031
18000 77575 35165
18000 71087 34969
18000 65188 30832
18000 83502 42329
18000 124454 56945
18000 65466 40253
18000 84417 37607
18000 76740 44790
18000 66638 39544
18000 112137 45159
18000 93439 53952
18000 96619 33515
18000 62995 27828
18000 111496 55148
18000 141342 64934
18000 86688 46486
18000 74494 34549
18100 75741 35909
18100 134715 101356
18100 81557 26467
18100 85277 40616
18100 109639 69031
18100 83097 29597
18100 92152 51075
18100 61992 28301
18100 55501 26620
18100 58054 26141
18100 100172 55818
18100 99722 46609
18100 51164 22630
18100 79857 49713
18100 99671 41569
18100 76580 32726
18100 116060 78171
18100 107683 70759
18100 95579 29255
18100 97812 55623
18100 79449 27329
18100 116391 61861
18100 106500 45724
18100 106940 26249
18100 89005 33720
18100 91224 43013
18100 65178 34253
18100 117960 68010
18100 54907 24969
18100 47298 24035
18100 83703 32039
18100 98044 41267
18100 86102 57200
18100 131021 70553
18100 90681 43509
18100 109263 44759
18100 82168 38085
18100 96603 31360
18100 92088 36699
18100 101730 42346
18100 96385 40522
18100 79519 51148
18100 117884 67878
18100 109346 26604
18100 116728 57953
18100 82776 55338
18100 137493 73228
18100 92894 41563
18100 55403 31610
18100 87431 44289
18200 95934 50706
18200 84599 42709
18200 68713 33781
18200 131006 40395
18200 109682 57085
18200 88161 61894
18200 93673 35607
18200 91709 42752
18200 83012 31732
18200 80337 37516
18200 95778 53855
18200 83603 60271
18200 150500 44396
18200 101147 47440
18200 97301 48001
18200 116399 55435
18200 89520 36403
18200 99600 59285
18200 89257 36465
18200 82070 46007
18200 82340 41582
18200 84891 38159
18200 87006 50223
18200 115609 52803
18200 79470 35467
18200 75986 27500
18200 120120 78567
18200 139603 67605
18200 90625 43557
18200 114677 62621
18200 88442 45527
18200 100104 53356
18200 92439 44020
18200 131054 51961
18200 85391 27947
18200 86079 31870
18200 90475 47270
18200 92419 49994
18200 105291 43006
18200 84830 31155
18200 73591 35828
18200 71435 33220
18200 127696 78696
18200 138452 81000
18200 126108 68680
18200 99706 46714
18200 94374 55700
18200 97134 46212
18200 92870 59238
18200 66068 40320
18300 94248 55640
18300 107349 66864
18300 85021 38437
18300 78305 26182
18300 92074 48421
18300 86303 47283
18300 125746 85227
18300 105478 57356
18300 123297 72780
18300 120406 71576
18300 91906 37788
18300 120370 53320
18300 106278 50985
18300 99130 35601
18300 87462 46852
18300 135933 65223
18300 71621 44477
18300 110973 48671
18300 119384 79277
18300 130633 73959
18300 77676 33541
18300 118003 52430
18300 95996 51907
18300 72606 37093
18300 93484 38645
18300 95044 34777
18300 90872 45437
18300 54873 31211
18300 86483 42811
18300 110227 44989
18300 95803 61385
18300 80764 26118
18300 91583 27150
18300 88887 42134
18300 107303 60577
18300 69382 28873
18300 75519 44062
18300 78261 42878
18300 119603 52797
18300 106693 47915
18300 93017 57200
18300 82085 28250
18300 90440 47521
18300 97685 62072
18300 94814 42982
18300 78401 28705
18300 93728 47849
18300 96534 54301
18300 99195 61421
18300 78192 28154
18400 141102 92744
18400 81515 33957
18400 91134 63159
18400 91030 46873
18400 105913 41097
18400 92416 64284
18400 127076 72106
18400 62331 31415
18400 119284 52291
18400 120909 40198
18400 137828 95830
18400 112980 80184
18400 95407 42060
18400 80952 35089
18400 78613 43559
18400 113092 46678
18400 69700 29549
18400 109064 67944
18400 72886 45595
18400 98297 63381
18400 136162 51595
18400 128819 72396
18400 109827 49602
18400 99729 58729
18400 90042 34115
18400 120191 61757
18400 129781 54858
18400 99733 40905
18400 84378 44727
18400 115145 50173
18400 102399 47650
18400 140853 78479
18400 96373 65386
18400 125508 50043
18400 129185 46325
18400 102982 57931
18400 76145 40726
18400 81924 46292
18400 77613 24263
18400 116046 59189
18400 91530 39805
18400 75758 44306
18400 73490 40989
18400 91099 36121
18400 105667 50063
18400 91683 56589
18400 159020 79374
18400 130735 33569
18400 81728 37700
18400 94299 34889
18500 61525 35609
18500 98524 34500
18500 108225 53538
18500 92879 38210
18500 90881 42403
18500 96578 49927
18500 127866 49356
18500 64689 27535
18500 93248 42304
18500 82858 42031
18500 97506 45646
18500 87153 38895
18500 79193 33109
18500 100030 46335
18500 76437 29487
18500 78623 37663
18500 89054 30514
18500 109202 43320
18500 79580 48518
18500 130714 64020
18500 105350 72464
18500 80271 28834
18500 70889 28863
18500 59519 35092
18500 101332 54098
18500 81865 34119
18500 80678 29789
18500 120364 35615
18500 92247 40780
18500 123439 70141
18500 84298 42586
18500 97427 52122
18500 82533 28524
18500 80697 47384
18500 94865 56828
18500 130939 57270
18500 116284 62453
18500 147364 99992
18500 95079 31453
18500 127381 68948
18500 126403 56174
18500 115677 91551
18500 61309 39209
18500 99441 62419
18500 84092 46510
18500 97066 38489
18500 58021 29078
18500 76557 34534
18500 101590 58764
18500 120278 56166
18600 88931 25646
18600 102236 34725
18600 87665 51568
18600 56125 27877
18600 99939 40416
18600 100001 46454
18600 137621 57319
18600 112941 51647
18600 139307 73999
18600 147297 104329
18600 109289 43415
18600 66618 42754
18600 96210 45088
18600 90351 41961
18600 108816 75083
18600 144638 57701
18600 134657 66146
18600 101354 67292
18600 112245 62002
18600 88300 25598
18600 126151 69933
18600 97970 58637
18600 91998 44652
18600 121427 50153
18600 106719 59409
18600 133694 70194
18600 147775 82776
18600 99829 58671
18600 67008 38935
18600 66047 29057
18600 67018 38898
18600 112189 57537
18600 101921 58556
18600 89703 51908
18600 98201 68421
18600 67532 33241
18600 66747 24462
18600 102561 42618
18600 78746 36339
18600 154161 50281
18600 101101 49371
18600 127205 81484
18600 79362 40359
18600 91638 40930
18600 71715 26042
18600 115919 37030
18600 127844 88410
18600 105539 51797
18600 116283 54956
18600 78758 48503
18700 81866 40246
18700 81875 44291
18700 112574 54852
18700 82183 38578
18700 84236 34605
18700 116813 38823
18700 122937 39333
18700 103671 51585
18700 84051 23185
18700 67576 34608
18700 99773 49753
18700 84345 34141
18700 115894 52845
18700 96863 61203
18700 116679 73504
18700 96462 28200
18700 94270 38090
18700 84162 43989
18700 111498 62499
18700 93665 51379
18700 108405 53334
18700 129398 72072
18700 131142 66562
18700 108106 53383
18700 98848 54797
18700 64975 24954
18700 131610 63046
18700 153857 45217
18700 70726 37067
18700 94811 51494
18700 123707 78778
18700 62454 26537
18700 128936 63096
18700 111925 53430
18700 80118 42441
18700 113068 56382
18700 63424 27940
18700 102772 54392
18700 70901 33470
18700 83652 43671
18700 80865 37342
18700 82539 42100
18700 96360 48879
18700 63499 31865
18700 85312 35534
18700 99082 40560
18700 85599 46505
18700 119051 47406
18700 83681 26400
18700 104983 58870
18800 99667 58165
18800 137691 65520
18800 84719 40586
18800 77002 50254
18800 117760 61741
18800 87315 50558
18800 87961 52454
18800 79378 33177
18800 137816 71923
18800 128751 53693
18800 105309 58372
18800 104605 55694
18800 90536 48532
18800 94821 38038
18800 112500 43633
18800 96347 25650
18800 69603 40831
18800 92520 52383
18800 106390 51880
18800 96400 52863
18800 80527 41877
18800 83076 42053
18800 143669 87660
18800 168181 68918
18800 100646 50956
18800 69336 28677
18800 147414 44481
18800 107460 71128
18800 74337 41714
18800 148587 79574
18800 84214 51690
18800 99047 41584
18800 70010 34870
18800 81931 31191
18800 93210 45860
18800 76739 32431
18800 90350 60049
18800 90301 45202
18800 81028 47724
18800 85226 44500
18800 136021 64462
18800 77044 47782
18800 140630 65643
18800 88015 61053
18800 96419 42135
18800 94067 58930
18800 99827 44120
18800 81423 47260
18800 119563 75715
18800 81434 47671
18900 92250 54688
18900 84930 32162
18900 103015 46159
18900 113637 50025
18900 100959 35408
18900 106242 54226
18900 124651 50729
18900 174261 78294
18900 102348 66137
18900 111877 51043
18900 116270 38634
18900 113747 66708
18900 95349 64196
18900 103673 66034
18900 99179 43004
18900 67248 29532
18900 96896 53152
18900 100433 48347
18900 80201 38866
18900 89292 46159
18900 115966 65674
18900 70362 45954
18900 107047 51272
18900 92238 45224
18900 71855 46903
18900 73809 33412
18900 103001 58438
18900 98031 38895
18900 112561 40378
18900 67348 27238
18900 108467 51574
18900 83328 26827
18900 141744 99555
18900 79283 39223
18900 119407 75401
18900 109283 42763
18900 89398 40903
18900 104433 46170
18900 98465 71808
18900 81010 49226
18900 114083 56771
18900 85650 44784
18900 64832 38774
18900 127521 74985
18900 110331 62989
18900 78803 42172
18900 94875 36702
18900 61603 27056
18900 90907 46053
18900 107782 47839
19000 114098 58455
19000 111316 59422
19000 83129 49308
19000 67714 28984
19000 128602 71752
19000 119001 59581
19000 106076 53081
19000 133850 69202
19000 116086 66260
19000 85743 49599
19000 75031 45912
19000 130357 71166
19000 95708 38252
19000 150484 89529
19000 81003 49241
19000 145840 81991
19000 98524 42717
19000 74232 31231
19000 149402 61273
19000 98067 29994
19000 131327 59968
19000 114869 65686
19000 95921 52415
19000 107315 61185
19000 76306 41673
19000 100070 54510
19000 86509 31225
19000 108044 50352
19000 123016 39137
19000 66831 37838
19000 58245 24469
19000 96989 46178
19000 83299 56290
19000 128158 66177
19000 101751 75594
19000 109045 57200
19000 131447 64972
19000 80722 41691
19000 126321 57882
19000 69849 27970
19000 148132 84248
19000 98002 46537
19000 110890 78865
19000 79242 46340
19000 135471 36979
19000 78703 41912
19000 80178 35875
19000 131280 82319
19000 108193 65012
19000 126665 38594
19100 87874 48907
19100 69516 34948
19100 155726 50480
19100 87048 40055
19100 88628 41882
19100 121533 53003
19100 65128 29684
19100 98625 56372
19100 91103 50851
19100 114534 78178
19100 81147 27270
19100 102004 31587
19100 145585 71179
19100 98489 54058
19100 91920 59560
19100 128922 79414
19100 88106 46580
19100 118102 56650
19100 84827 42211
19100 85950 46183
19100 134839 69398
19100 101978 45901
19100 120548 45283
19100 125449 84571
19100 120071 49352
19100 131905 67218
19100 82373 29536
19100 109376 49159
19100 125770 67691
19100 101258 61596
19100 89744 54967
19100 91446 49672
19100 93324 54770
19100 131935 77550
19100 111639 72958
19100 107829 57362
19100 54782 30154
19100 67531 30225
19100 106605 50714
19100 86372 44647
19100 92889 45396
19100 88936 59201
19100 121329 47565
19100 97356 44421
19100 102715 45291
19100 91904 44936
19100 132273 67503
19100 73661 41065
19100 70149 27117
19100 56374 22831
19200 106288 47255
19200 122803 61835
19200 118830 56421
19200 90895 39805
19200 112442 53789
19200 74055 31762
19200 115306 64425
19200 135184 40208
19200 93950 39076
19200 103409 35420
19200 77805 28094
19200 67681 38645
19200 71366 26826
19200 75218 39853
19200 76374 45889
19200 68317 28018
19200 66416 32172
19200 80356 49624
19200 85670 30223
19200 110263 44447
19200 96796 32797
19200 121561 61198
19200 165123 91620
19200 86011 43819
19200 83537 41346
19200 99525 45097
19200 115134 68223
19200 98196 62777
19200 96642 61927
19200 111532 49506
19200 141329 47066
19200 133480 45610
19200 120144 65227
19200 122322 46800
19200 100360 46016
19200 147026 61299
19200 118855 55744
19200 146083 65016
19200 84633 28471
19200 81814 28346
19200 105019 51105
19200 81335 46655
19200 87208 49914
19200 82966 47600
19200 95888 33697
19200 101515 57036
19200 69292 33256
19200 131403 54904
19200 130385 58008
19200 144229 95438
19300 98510 51754
19300 106995 39897
19300 70061 25400
19300 104125 59574
19300 131020 64581
19300 122918 70367
19300 92613 56135
19300 83102 44829
19300 130784 54745
19300 123205 78421
19300 63686 31327
19300 99371 46576
19300 92865 39367
19300 79125 42727
19300 128679 55235
19300 113938 66626
19300 118978 80552
19300 66668 42096
19300 153745 75344
19300 190692 52426
19300 82753 48521
19300 76546 26755
19300 117687 55207
19300 97194 61389
19300 81078 39733
19300 112412 60774
19300 57709 25559
19300 89797 49284
19300 107137 55543
19300 73561 45173
19300 133898 61870
19300 101259 38447
19300 129622 46518
19300 88507 43258
19300 106374 50964
19300 98851 45912
19300 105862 53600
19300 89907 41905
19300 95281 37339
19300 86704 40905
19300 131037 61678
19300 105816 50840
19300 76645 34805
19300 103778 53113
19300 144772 79686
19300 90527 52625
19300 126561 46376
19300 97101 45815
19300 68627 31324
19300 76499 52408
19400 134817 56219
19400 110094 56751
19400 121557 66954
19400 104945 64150
19400 129417 59159
19400 89985 52561
19400 130511 99769
19400 114121 77948
19400 134769 87040
19400 116254 57751
19400 109193 31136
19400 107895 54771
19400 98326 53206
19400 119813 77185
19400 127066 41185
19400 104496 53493
19400 110426 34830
19400 74789 29383
19400 108900 49447
19400 107760 53884
19400 108783 47707
19400 138847 38737
19400 72075 41485
19400 69730 40213
19400 93952 32163
19400 88592 46684
19400 103916 54151
19400 60245 31430
19400 90565 43101
19400 90847 43293
19400 105450 65297
19400 120551 70998
19400 48405 25674
19400 92753 50603
19400 129598 47204
19400 95447 53128
19400 94326 63456
19400 76431 36338
19400 133176 84988
19400 80218 35604
19400 107745 42460
19400 96165 47940
19400 92105 32678
19400 84166 54055
19400 92147 46836
19400 98597 48703
19400 103836 29321
19400 102445 51019
19400 80955 35374
19400 70041 36413
19500 90845 34046
19500 109364 68385
19500 94399 60357
19500 106071 52803
19500 94050 49053
19500 68785 41700
19500 128339 80172
19500 67381 35668
19500 160091 99430
19500 141132 92175
19500 62399 33844
19500 110550 61359
19500 72010 44094
19500 112774 75769
19500 76569 34201
19500 183753 87945
19500 90258 44810
19500 101479 60095
19500 82734 50758
19500 125605 53642
19500 118848 63521
19500 131991 60207
19500 97164 48690
19500 107294 56880
19500 71038 35958
19500 144040 74536
19500 73994 39263
19500 106039 57316
19500 143886 75022
19500 78408 46232
19500 105784 47958
19500 111331 60754
19500 74352 43698
19500 90119 61381
19500 100660 48658
19500 109046 59957
19500 139917 52848
19500 121113 65240
19500 115491 54215
19500 113299 39706
19500 55079 28199
19500 110665 64644
19500 119520 71061
19500 82267 31275
19500 130537 73428
19500 85125 49414
19500 141904 47871
19500 150206 57529
19500 61051 34174
19500 134669 67840
19600 95351 38529
19600 61679 34065
19600 80496 44002
19600 59023 32011
19600 74125 44265
19600 110745 63359
19600 99016 54587
19600 97657 58946
19600 122326 46735
19600 112597 58094
19600 96388 34405
19600 119200 38438
19600 110240 68392
19600 79632 37687
19600 60662 29033
19600 87331 30410
19600 137289 71653
19600 142258 93384
19600 186730 99957
19600 72744 39061
19600 93197 46602
19600 85599 45449
19600 91190 41885
19600 78754 39342
19600 102799 71963
19600 97774 29082
19600 90939 46820
19600 104728 56450
19600 110130 67374
19600 117649 34203
19600 80734 36549
19600 84457 33272
19600 70713 25600
19600 101237 31290
19600 90171 46027
19600 112908 58203
19600 118370 42914
19600 153327 75637
19600 83167 37303
19600 140149 75552
19600 136158 92092
19600 101855 53372
19600 82227 44523
19600 72659 29144
19600 85815 36595
19600 75545 37537
19600 88576 50369
19600 127215 73209
19600 81216 54764
19600 123879 60711
19700 119631 32549
19700 101528 53136
19700 115124 57723
19700 117599 77678
19700 86477 39551
19700 96802 52125
19700 108534 60122
19700 106899 64276
19700 96237 44171
19700 135034 80148
19700 96681 50639
19700 87963 47607
19700 76081 28558
19700 114240 75530
19700 102218 50507
19700 126457 46975
19700 100348 59851
19700 108619 43900
19700 99639 38749
19700 92332 59079
19700 60723 31862
19700 101399 58142
19700 89054 55850
19700 123479 67964
19700 86440 47254
19700 102782 55487
19700 112281 49691
19700 129200 70396
19700 73979 40947
19700 66646 27117
19700 92302 59427
19700 77059 38925
19700 97050 56487
19700 83710 36422
19700 130975 65460
19700 66743 32683
19700 81654 48411
19700 67277 29539
19700 106276 45386
19700 96616 33584
19700 95125 36226
19700 102392 54112
19700 74839 32974
19700 90177 55922
19700 120872 56666
19700 70387 33365
19700 93487 42919
19700 123113 44556
19700 93694 40237
19700 112001 62089
19800 108408 45494
19800 136519 56326
19800 73782 31529
19800 83004 31593
19800 105642 61239
19800 76183 27180
19800 104373 76859
19800 117016 61113
19800 88646 26628
19800 103754 53459
19800 122158 69245
19800 125791 76786
19800 97297 49387
19800 123894 78371
19800 107589 37879
19800 87168 46367
19800 125395 83361
19800 119781 70427
19800 96396 48421
19800 73535 30652
19800 66059 35224
19800 111050 60111
19800 150472 80587
19800 158341 60536
19800 172634 105149
19800 61757 28188
19800 119175 48940
19800 118308 55156
19800 169201 103832
19800 81686 50931
19800 88512 26974
19800 95985 39686
19800 122568 48288
19800 50370 24732
19800 146243 77751
19800 150906 69804
19800 140899 64180
19800 85218 53560
19800 106558 36095
19800 120731 70645
19800 108459 43532
19800 75101 37282
19800 150915 52221
19800 128543 101544
19800 77826 31331
19800 103010 53689
19800 79137 36947
19800 124632 56861
19800 102158 64310
19800 108712 63819
19900 80492 39567
19900 109212 74592
19900 106444 46362
19900 77681 34153
19900 78234 29933
19900 126622 74736
19900 118886 40092
19900 117980 57804
19900 99162 65058
19900 72898 40795
19900 119474 67917
19900 110185 46553
19900 99821 55021
19900 146679 82971
19900 115759 53061
19900 94152 40588
19900 63964 32330
19900 95749 51334
19900 92418 56735
19900 100204 31519
19900 108387 36894
19900 108544 39381
19900 109019 57136
19900 106046 53787
19900 93150 43327
19900 93601 41275
19900 179008 97811
19900 86482 41599
19900 134018 61300
19900 93401 54884
19900 88613 42003
19900 78906 29197
19900 132544 65302
19900 91643 56958
19900 106087 80298
19900 150923 49445
19900 109048 61714
19900 91020 53947
19900 85253 33855
19900 132310 65939
19900 165789 89043
19900 119955 50995
19900 81609 28053
19900 127420 65563
19900 77135 45134
19900 86138 33494
19900 107217 40193
19900 145029 65767
19900 59830 30848
19900 75922 45656
20000 132012 71605
20000 98248 46689
20000 87026 37966
20000 120778 79870
20000 81398 44479
20000 85037 30630
20000 134353 73375
20000 154372 79372
20000 154580 101242
20000 120621 73678
20000 104453 36474
20000 86435 39631
20000 106363 51830
20000 180790 123857
20000 123900 69777
20000 117353 60507
20000 82508 31817
20000 105776 74019
20000 86035 33230
20000 79709 41654
20000 87495 37469
20000 158226 77765
20000 156481 45463
20000 103320 65848
20000 73285 42656
20000 144339 72297
20000 90722 48863
20000 122690 66042
20000 86141 41515
20000 103498 43246
20000 69698 35502
20000 138214 79358
20000 118921 49488
20000 68822 33260
20000 120365 65202
20000 112968 63078
20000 82134 48458
20000 124459 58340
20000 116707 56857
20000 103248 48918
20000 75115 31288
20000 83673 40590
20000 97767 64204
20000 93964 42923
20000 109008 69435
20000 101150 51802
20000 121486 81418
20000 114033 52979
20000 102670 47266
20000 168415 109355
20100 89170 30362
20100 81904 54378
20100 65425 28213
20100 123723 68511
20100 62467 38123
20100 103351 46087
20100 150802 83594
20100 79852 39715
20100 130264 47906
20100 101267 56880
20100 97927 49950
20100 97508 64982
20100 102472 59803
20100 61242 30401
20100 82184 54627
20100 93154 50744
20100 67524 30860
20100 100972 40070
20100 116597 66435
20100 120067 41369
20100 119695 64741
20100 101512 58295
20100 191965 72340
20100 125018 52145
20100 63517 33500
20100 100924 45306
20100 118026 46534
20100 67999 35242
20100 128820 83385
20100 90610 29653
20100 108156 65377
20100 109863 55976
20100 118770 44301
20100 55619 27256
20100 66285 28137
20100 113634 43509
20100 103552 47057
20100 72038 40485
20100 74716 46149
20100 96885 55259
20100 113355 62293
20100 135197 89792
20100 117237 71355
20100 100680 57879
20100 117967 56469
20100 106102 62987
20100 117182 65595
20100 98179 49333
20100 95896 36383
20100 120499 39797
20200 145574 59591
20200 105213 42214
20200 89744 48146
20200 102305 42583
20200 77126 28122
20200 135250 86708
20200 91288 55253
20200 134244 59822
20200 143488 61623
20200 112646 71212
20200 105121 62299
20200 123253 77313
20200 106886 36630
20200 108390 60368
20200 109194 60733
20200 89141 37229
20200 114177 48878
20200 93207 46880
20200 115025 43352
20200 91353 62118
20200 96428 29814
20200 105309 44262
20200 176626 77672
20200 107422 61384
20200 84977 35712
20200 87162 41052
20200 76201 36884
20200 63257 30399
20200 127169 83958
20200 120788 43272
20200 146636 79512
20200 70858 35111
20200 139234 64248
20200 128498 75423
20200 84989 40984
20200 65115 34168
20200 75293 33437
20200 79287 41249
20200 138144 104277
20200 73888 29674
20200 74750 47570
20200 148627 102958
20200 120889 66009
20200 112504 53103
20200 123923 50851
20200 83712 38688
20200 74031 39824
20200 86091 56217
20200 96183 46047
20200 137150 46583
20300 106275 36686
20300 94349 61303
20300 112938 75691
20300 96057 31609
20300 96937 53579
20300 110413 47087
20300 78986 50995
20300 106611 74228
20300 77211 40639
20300 67991 32808
20300 95670 55992
20300 102996 42542
20300 78845 30166
20300 88340 44309
20300 102054 39489
20300 135955 43467
20300 92568 59354
20300 108005 55874
20300 68448 41356
20300 118436 48709
20300 92759 53352
20300 120649 61437
20300 70855 35027
20300 85523 30821
20300 98818 43996
20300 69328 38768
20300 110517 61112
20300 101014 52148
20300 122132 59728
20300 133349 65054
20300 123808 63011
20300 88915 40628
20300 98356 53576
20300 61818 34078
20300 141666 58109
20300 144144 72328
20300 89173 35679
20300 103049 47473
20300 192579 124805
20300 78235 47296
20300 101111 46208
20300 56069 27106
20300 70554 40610
20300 125179 62073
20300 65995 35641
20300 84858 36304
20300 81466 46861
20300 112546 62237
20300 97483 32328
20300 103875 76256
20400 81672 32482
20400 113233 67328
20400 100740 43817
20400 119538 59701
20400 134145 80949
20400 139625 70530
20400 104272 61827
20400 95797 41948
20400 77512 43152
20400 117336 55936
20400 98532 53685
20400 106472 36433
20400 80669 45085
20400 100771 45326
20400 103203 57272
20400 119676 56461
20400 145496 46901
20400 155881 104709
20400 87938 58791
20400 117104 71209
20400 117992 53847
20400 60357 26235
20400 142682 66084
20400 132209 47046
20400 115289 67605
20400 81732 35236
20400 111622 42640
20400 116525 66597
20400 106594 49723
20400 110668 53734
20400 116620 52548
20400 108180 42494
20400 138946 50833
20400 120644 62635
20400 64921 27936
20400 103787 47293
20400 77056 37178
20400 177322 133776
20400 121983 55284
20400 89444 32911
20400 140600 60010
20400 141436 54487
20400 96844 45558
20400 133255 49039
20400 82816 36711
20400 105191 57422
20400 62569 32614
20400 97033 45131
20400 76463 34563
20400 102290 46610
20500 197022 112158
20500 129551 74725
20500 94421 24104
20500 165197 63514
20500 92442 56479
20500 140323 68600
20500 89529 30718
20500 132158 61863
20500 93493 55263
20500 136745 55782
20500 75799 38107
20500 127434 63594
20500 96973 58382
20500 85790 49175
20500 91110 51713
20500 140038 88174
20500 127832 91094
20500 89933 54149
20500 113259 53807
20500 122191 73702
20500 156424 74855
20500 91029 51280
20500 116974 60345
20500 96052 62763
20500 183038 93394
20500 121735 50651
20500 109061 67113
20500 113424 49304
20500 101522 42397
20500 84165 52965
20500 102118 59199
20500 100308 63944
20500 79455 39006
20500 114783 41440
20500 97356 26987
20500 100233 53120
20500 111366 51422
20500 73708 29538
20500 132286 45839
20500 87480 46626
20500 120770 59255
20500 92760 33323
20500 117212 59637
20500 63052 33249
20500 129902 52652
20500 131177 84219
20500 117422 41779
20500 108492 30672
20500 88397 46960
20500 81184 43711
20600 99457 35151
20600 142558 64806
20600 98362 69143
20600 97936 58357
20600 119353 66608
20600 80923 42871
20600 102849 38013
20600 80791 39465
20600 98153 59190
20600 79634 33527
20600 85137 53537
20600 141577 65742
20600 124189 85743
20600 157768 78864
20600 77959 46741
20600 82643 45395
20600 63800 29351
20600 136867 63715
20600 98583 59402
20600 111136 53021
20600 100898 60368
20600 171803 123285
20600 112580 54780
20600 116189 42015
20600 91316 33311
20600 68455 40488
20600 74551 32497
20600 99930 51059
20600 109414 44123
20600 98798 67689
20600 138728 96764
20600 98085 48998
20600 109073 35951
20600 99517 52432
20600 68719 33380
20600 99715 46199
20600 97730 59758
20600 83283 52542
20600 85822 44435
20600 100629 47984
20600 132384 50221
20600 74633 28398
20600 119488 52814
20600 104446 38733
20600 103748 50405
20600 114672 67460
20600 96766 47190
20600 100369 49502
20600 78187 30444
20600 79230 53554
20700 168726 75093
20700 91557 31573
20700 87099 41040
20700 112106 44616
20700 106772 73121
20700 91326 35615
20700 77501 30207
20700 151150 80635
20700 93558 51090
20700 118143 87836
20700 109724 60849
20700 115270 44129
20700 132469 54364
20700 102119 55689
20700 95537 32401
20700 94007 34048
20700 80992 45620
20700 162559 80929
20700 119608 62060
20700 102169 60406
20700 101842 63335
20700 94958 61495
20700 122281 50373
20700 131801 62737
20700 120853 40652
20700 116243 49321
20700 110230 58895
20700 75984 29203
20700 156895 83260
20700 121539 63082
20700 90202 42631
20700 88323 28822
20700 108653 59964
20700 119768 74739
20700 107332 58149
20700 156017 93377
20700 69209 36058
20700 102081 45658
20700 104404 64124
20700 72520 34856
20700 112504 45705
20700 114991 67023
20700 120284 48735
20700 67035 36633
20700 108387 65014
20700 128480 58888
20700 128411 60977
20700 90522 62708
20700 133658 69226
20700 139895 76377
20800 108125 48858
20800 92980 53030
20800 98402 54868
20800 93212 59892
20800 113441 48807
20800 86879 44945
20800 74132 37179
20800 85949 41703
20800 111179 67753
20800 120092 81960
20800 113313 56445
20800 109893 71976
20800 125661 58830
20800 67344 28404
20800 115714 57584
20800 113812 62424
20800 135864 69706
20800 174299 85957
20800 120856 87809
20800 111597 71785
20800 67579 34144
20800 107349 44279
20800 139537 80318
20800 131286 58411
20800 142262 77818
20800 137324 51503
20800 133609 86879
20800 112211 64361
20800 80257 28823
20800 87807 48089
20800 78964 40477
20800 126037 70221
20800 141314 93952
20800 76809 46462
20800 114300 51486
20800 63044 36744
20800 59535 26274
20800 69516 35088
20800 98338 39561
20800 113036 63525
20800 123807 44028
20800 103455 59863
20800 92259 50407
20800 84121 52085
20800 117748 52175
20800 116330 51428
20800 99231 48767
20800 105107 68010
20800 129378 88681
20800 80472 41154
20900 148595 80170
20900 157195 78095
20900 97098 45866
20900 86904 51161
20900 119234 69546
20900 94615 36174
20900 143972 58111
20900 111191 52157
20900 92348 56203
20900 90295 30886
20900 109086 40542
20900 99317 49695
20900 143148 63833
20900 85258 32728
20900 84289 42677
20900 93893 43715
20900 123748 47498
20900 135545 70520
20900 88267 29917
20900 138401 75336
20900 113474 42239
20900 88392 59133
20900 151542 88257
20900 80769 46816
20900 187242 74463
20900 129984 60182
20900 133069 44640
20900 109345 50838
20900 131227 79386
20900 130108 40027
20900 154239 76146
20900 137434 55990
20900 98879 37315
20900 112648 47208
20900 134366 48431
20900 111161 55019
20900 107548 43488
20900 117087 70435
20900 106302 53656
20900 121870 57515
20900 76090 40760
20900 82639 31490
20900 102120 62684
20900 152260 91353
20900 144030 83460
20900 117624 63941
20900 139460 79397
20900 111058 52111
20900 141778 59962
20900 110207 60486
21000 87968 36493
21000 131913 62539
21000 87564 40205
21000 165447 90862
21000 181170 66633
21000 74508 43859
21000 115753 62027
21000 119104 56960
21000 122761 66038
21000 123209 81588
21000 142646 75026
21000 128002 77348
21000 105887 53812
21000 113840 61957
21000 96559 60090
21000 120279 61539
21000 135203 93475
21000 148143 99808
21000 120899 55892
21000 136964 63201
21000 151075 96801
21000 81908 36899
21000 113547 65883
21000 97758 44708
21000 93364 47279
21000 141179 83937
21000 116529 73950
21000 91631 47765
21000 127212 84647
21000 103238 46940
21000 98421 52522
21000 64307 28028
21000 85221 34119
21000 93066 46526
21000 127276 55730
21000 108288 38437
21000 136719 87419
21000 79708 43362
21000 107614 52389
21000 113792 56518
21000 92247 41967
21000 88192 26722
21000 75196 48436
21000 136426 62783
21000 115296 64477
21000 136843 79631
21000 95688 50981
21000 71800 28177
21000 189640 102395
21000 136607 101185
21100 106020 50670
21100 93498 55856
21100 106288 55997
21100 192404 113564
21100 91887 39431
21100 88262 47291
21100 73727 46523
21100 105075 76583
21100 102236 49995
21100 131376 78918
21100 97604 53777
21100 97572 42243
21100 155045 68306
21100 138734 60339
21100 123145 43672
21100 100837 34899
21100 78838 46249
21100 116338 76304
21100 71290 35729
21100 129623 66202
21100 100395 54879
21100 108162 36603
21100 87995 49938
21100 99104 49755
21100 140332 97018
21100 94530 34566
21100 102475 57719
21100 127418 53499
21100 106950 30345
21100 118063 56594
21100 118869 46604
21100 143781 52487
21100 70212 36848
21100 174990 78727
21100 124914 57301
21100 111631 55644
21100 124736 68037
21100 108047 55447
21100 103264 55697
21100 87543 34851
21100 116770 29310
21100 96791 47714
21100 73263 31514
21100 97300 45890
21100 101504 50028
21100 98900 45721
21100 118364 48957
21100 94295 42779
21100 120934 43936
21100 142877 94229
21200 83445 43809
21200 99438 30517
21200 107961 58862
21200 146933 79873
21200 111866 75530
21200 117598 47475
21200 112499 61293
21200 95191 48057
21200 105775 60157
21200 126716 70023
21200 103567 60333
21200 151626 89134
21200 122344 81250
21200 98131 38177
21200 70326 36970
21200 140113 31194
21200 99178 49194
21200 84643 38109
21200 157857 103005
21200 77540 39970
21200 104427 67530
21200 135963 82231
21200 138225 85477
21200 125714 75871
21200 96711 36929
21200 148414 65434
21200 162328 88513
21200 98117 53721
21200 115281 60999
21200 83934 47326
21200 96204 58126
21200 80046 47356
21200 77240 40318
21200 118113 56543
21200 115510 37464
21200 84652 46177
21200 138306 63785
21200 80828 33002
21200 75525 40175
21200 113116 47151
21200 81770 41982
21200 98845 35266
21200 146457 90523
21200 100487 47475
21200 128824 55027
21200 85561 40406
21200 111787 61961
21200 118020 63197
21200 119148 72883
21200 132122 76486
21300 115478 38778
21300 171075 51753
21300 143479 23048
21300 130025 67244
21300 112779 38101
21300 71502 26164
21300 83832 42395
21300 105375 54586
21300 100675 49986
21300 102213 37271
21300 109207 51426
21300 90543 57352
21300 119301 34373
21300 122965 65585
21300 111701 75901
21300 152896 102477
21300 81582 53067
21300 85161 40167
21300 201314 98326
21300 136404 41235
21300 99834 43150
21300 102691 65747
21300 146285 39297
21300 119635 62299
21300 118622 44220
21300 99517 39626
21300 134198 69968
21300 120921 77577
21300 173967 80712
21300 107873 57496
21300 84242 30812
21300 132917 92116
21300 140814 88356
21300 76462 37751
21300 117771 58293
21300 115963 50642
21300 120616 60093
21300 117398 54038
21300 121786 83632
21300 96047 48407
21300 97295 45260
21300 82111 29414
21300 119800 76903
21300 131062 54761
21300 60526 29944
21300 85357 42441
21300 117514 60600
21300 96362 45558
21300 101589 58097
21300 166256 70931
21400 113172 46813
21400 68506 32617
21400 133772 66259
21400 90857 47216
21400 142390 40368
21400 80216 39610
21400 118559 57467
21400 138494 97444
21400 154874 71602
21400 106170 58259
21400 82592 44522
21400 91483 45361
21400 149006 32452
21400 157541 103943
21400 117171 66122
21400 81900 34188
21400 125719 62604
21400 99357 53038
21400 110340 59886
21400 159512 99652
21400 137827 82540
21400 127468 67135
21400 102018 44561
21400 74992 28401
21400 85539 31247
21400 141401 41924
21400 98119 35458
21400 81772 37552
21400 149033 63442
21400 78166 36330
21400 119158 56470
21400 89955 42126
21400 111412 51991
21400 90709 54064
21400 154120 72844
21400 126592 56006
21400 122721 45794
21400 136328 55854
21400 94085 52110
21400 135192 68425
21400 87960 48570
21400 119665 50388
21400 130642 71233
21400 111530 75359
21400 109243 48627
21400 99263 50359
21400 103032 43178
21400 81435 34793
21400 97291 51491
21400 120632 69118
21500 137243 68771
21500 160719 94613
21500 149897 68494
21500 111389 66196
21500 91982 46666
21500 89441 49779
21500 106512 66418
21500 87184 43259
21500 122327 62060
21500 106712 78479
21500 68393 39800
21500 115328 49027
21500 135969 75662
21500 122932 83588
21500 135163 78416
21500 137462 77390
21500 75232 44120
21500 117385 58611
21500 106530 35641
21500 61009 25506
21500 135086 56715
21500 78477 33016
21500 88962 38304
21500 113998 74786
21500 74015 33824
21500 157483 55616
21500 82303 45927
21500 137560 71551
21500 89471 55477
21500 193049 130568
21500 128407 43306
21500 96310 58873
21500 149849 100472
21500 123156 59731
21500 128931 74700
21500 78631 29706
21500 85521 30403
21500 133003 67668
21500 82109 37322
21500 88412 44272
21500 83743 46395
21500 102504 63987
21500 115761 67667
21500 67333 38316
21500 92155 33147
21500 152217 76362
21500 88049 40299
21500 104785 64065
21500 162395 49652
21500 177112 84767
21600 88079 39234
21600 98063 52052
21600 61198 28185
21600 87412 43728
21600 89966 56274
21600 97157 32561
21600 161413 120340
21600 116427 59022
21600 102577 52195
21600 92051 37411
21600 110727 71739
21600 86641 49704
21600 99809 47567
21600 88747 52686
21600 93286 36849
21600 87909 38262
21600 88620 39586
21600 161203 70274
21600 97018 48483
21600 155375 101997
21600 90061 41311
21600 121591 56372
21600 74727 33618
21600 126753 56312
21600 110400 50989
21600 111547 49236
21600 106017 52353
21600 97630 51785
21600 126221 62961
21600 121123 52711
21600 80218 41580
21600 64610 30546
21600 88732 36363
21600 99277 43258
21600 109155 40939
21600 130323 46376
21600 142892 91033
21600 93777 47309
21600 139038 62091
21600 135721 51364
21600 118686 78472
21600 108593 54158
21600 91785 41068
21600 85563 49802
21600 137263 88641
21600 110989 33074
21600 123177 57067
21600 127474 37186
21600 111037 67131
21600 73074 41660
21700 117913 41942
21700 97604 41409
21700 100881 45840
21700 88929 53250
21700 168278 106494
21700 81748 53721
21700 145531 68803
21700 122630 48758
21700 147885 72167
21700 154029 56796
21700 124379 61826
21700 97038 51011
21700 144822 55288
21700 260553 117167
21700 115080 48073
21700 169111 74528
21700 115358 49775
21700 120600 67188
21700 68460 35120
21700 129474 50543
21700 133602 95895
21700 97822 43870
21700 86533 49074
21700 102836 63472
21700 72660 36764
21700 114397 64888
21700 130239 49517
21700 120117 51006
21700 176345 83345
21700 75174 43518
21700 83049 33246
21700 100992 55570
21700 135114 51372
21700 98320 38593
21700 142380 64513
21700 107480 44363
21700 126200 84112
21700 149549 57487
21700 81195 42591
21700 76522 38864
21700 94540 60437
21700 90543 35271
21700 148456 82121
21700 103097 52506
21700 107032 49356
21700 126117 72354
21700 140907 62676
21700 93496 33180
21700 129358 51328
21700 119933 74293
21800 102750 39320
21800 73447 39974
21800 91829 55866
21800 160404 52731
21800 169387 80856
21800 79233 36257
21800 127134 77332
21800 82605 49773
21800 138465 54987
21800 82403 31809
21800 151849 91626
21800 141843 88188
21800 162313 76744
21800 134954 99725
21800 119587 66890
21800 130522 61468
21800 114672 43340
21800 170366 95317
21800 94514 46398
21800 87266 48109
21800 155371 93526
21800 111306 73203
21800 113328 48105
21800 117236 51188
21800 158568 82729
21800 64807 38352
21800 84920 48174
21800 135877 79351
21800 83759 37071
21800 109356 62202
21800 94101 54220
21800 182774 78480
21800 88365 50924
21800 117490 43281
21800 159250 63381
21800 122730 51121
21800 120706 63468
21800 157231 72855
21800 84163 49000
21800 127974 50461
21800 126141 46824
21800 97769 44045
21800 117210 61815
21800 105170 52493
21800 136906 53224
21800 91465 47398
21800 74202 40057
21800 96306 52334
21800 97825 44362
21800 93507 56841
21900 126561 77325
21900 96440 66200
21900 83887 49346
21900 104976 60572
21900 132089 95359
21900 89614 30389
21900 146509 73083
21900 99760 44910
21900 113902 47771
21900 210616 99569
21900 89393 56500
21900 124431 73150
21900 88727 44077
21900 122105 66308
21900 170315 72219
21900 150565 83426
21900 66214 27493
21900 86842 32030
21900 154851 68952
21900 104107 48777
21900 128126 39665
21900 100565 46447
21900 161996 108709
21900 97991 51186
21900 128184 76915
21900 122292 66666
21900 106207 46232
21900 139737 68496
21900 120756 63379
21900 74295 45115
21900 93683 53639
21900 86487 57334
21900 143247 54223
21900 96887 39326
21900 113723 64772
21900 154472 64572
21900 161685 93619
21900 131082 69014
21900 107625 37397
21900 144558 63452
21900 134551 90899
21900 92571 40918
21900 96966 30783
21900 152757 87744
21900 120399 36599
21900 230783 129711
21900 143588 81557
21900 132582 65433
21900 87164 51619
21900 157090 96923
22000 109447 49725
22000 113161 51324
22000 78950 35647
22000 170425 89358
22000 117410 49052
22000 143453 47120
22000 75836 45903
22000 144450 68918
22000 75289 34522
22000 156514 94410
22000 139440 83034
22000 64543 31287
22000 106326 59570
22000 109517 43110
22000 126915 70462
22000 101362 47126
22000 119562 89373
22000 202305 115194
22000 86534 32836
22000 117056 62317
22000 156322 57670
22000 119249 77438
22000 83047 33656
22000 91077 56018
22000 70545 29447
22000 104104 42099
22000 76624 37038
22000 65993 36834
22000 73746 32159
22000 73145 38482
22000 112011 42545
22000 94762 31602
22000 103367 59431
22000 160796 60387
22000 70895 41344
22000 142512 88704
22000 72245 32798
22000 80780 37566
22000 92659 42436
22000 116985 51691
22000 99489 52724
22000 144305 72500
22000 92061 38636
22000 116803 50570
22000 115674 65273
22000 110575 63190
22000 114079 65187
22000 116468 53722
22000 160411 75514
22000 157893 93697
22100 121479 68452
22100 109549 66990
22100 119195 42714
22100 89378 50690
22100 119915 47607
22100 153366 52858
22100 75978 31496
22100 100791 59010
22100 121329 65135
22100 102120 46829
22100 116769 76174
22100 180743 96769
22100 101464 59242
22100 119515 41926
22100 101782 43946
22100 111557 47138
22100 122963 33866
22100 174378 79414
22100 97819 46379
22100 136027 59611
22100 79786 48229
22100 116536 33377
22100 117788 62494
22100 73233 28792
22100 98749 62848
22100 76650 37231
22100 162039 109751
22100 105178 44923
22100 140853 74559
22100 126428 30418
22100 89341 50716
22100 93968 51748
22100 140535 53280
22100 83379 31320
22100 96992 41510
22100 100758 51633
22100 108370 59807
22100 115174 67445
22100 100680 43168
22100 99797 46075
22100 173488 86523
22100 94613 41798
22100 129881 77277
22100 119801 80264
22100 130667 86383
22100 110464 47172
22100 124647 50461
22100 100405 38969
22100 95441 54836
22100 120565 57912
22200 131015 65737
22200 166434 107967
22200 119706 74391
22200 106565 76368
22200 131905 73623
22200 89483 56929
22200 101620 63538
22200 134795 57673
22200 113873 76534
22200 126179 37915
22200 92457 56774
22200 137837 57595
22200 139167 36450
22200 114460 69179
22200 129238 55308
22200 102148 33026
22200 159219 57617
22200 117414 44345
22200 101712 45626
22200 159680 63419
22200 100122 47138
22200 148605 89816
22200 95868 43966
22200 82928 44666
22200 112752 46517
22200 103398 53450
22200 139199 66112
22200 147113 67356
22200 108515 44733
22200 122570 60768
22200 142616 68412
22200 169789 72494
22200 84385 44200
22200 144829 49430
22200 83017 31803
22200 104452 64366
22200 102371 45579
22200 123123 50686
22200 91372 54261
22200 128203 85004
22200 87167 49419
22200 85743 40898
22200 109691 57452
22200 77120 38051
22200 109675 45960
22200 98430 62479
22200 137288 46491
22200 227956 111897
22200 119963 59411
22200 118804 57922
22300 119748 48352
22300 95530 59248
22300 104317 46200
22300 66998 33105
22300 111935 63413
22300 167404 63701
22300 105629 67781
22300 106377 48062
22300 113370 64739
22300 109882 59499
22300 75129 47610
22300 157962 98205
22300 174038 46179
22300 102092 46874
22300 137124 50353
22300 118098 51394
22300 131565 72121
22300 130816 66036
22300 115447 45961
22300 111649 72516
22300 128261 75707
22300 137615 75935
22300 112793 40164
22300 147165 70982
22300 176934 64761
22300 130457 70713
22300 135005 83853
22300 100460 48325
22300 95020 58768
22300 87818 44210
22300 110597 52184
22300 98351 58048
22300 118748 62831
22300 131013 90340
22300 97598 61216
22300 109160 55642
22300 155615 69971
22300 139713 45458
22300 107063 36435
22300 112550 69872
22300 107436 36861
22300 79984 34096
22300 80944 30684
22300 119381 42139
22300 101114 58977
22300 91935 40497
22300 84632 56554
22300 94356 48166
22300 147183 85029
22300 108104 67673
22400 162245 59492
22400 108962 57364
22400 95647 41734
22400 142190 64941
22400 140922 74548
22400 115760 48521
22400 110322 52254
22400 106512 53255
22400 149923 64731
22400 100355 53538
22400 136018 62130
22400 86086 55593
22400 128690 44426
22400 67355 27695
22400 82173 28941
22400 98844 36246
22400 125572 55270
22400 144404 77688
22400 101604 59892
22400 103484 37940
22400 95502 53990
22400 98876 57349
22400 115834 68256
22400 148546 54665
22400 94778 38062
22400 97658 41300
22400 132389 77383
22400 140720 69275
22400 153328 87223
22400 109442 53359
22400 101409 47555
22400 129770 50641
22400 116815 51399
22400 95458 37270
22400 153635 75222
22400 101144 60609
22400 95211 39563
22400 138342 76993
22400 128627 60915
22400 148469 70685
22400 142052 52774
22400 95015 46397
22400 90232 50678
22400 147371 76135
22400 100135 62322
22400 120899 43673
22400 106367 37246
22400 106599 57855
22400 136271 45253
22400 95804 44817
22500 195783 97383
22500 120761 45473
22500 91141 49952
22500 168979 86650
22500 159980 54550
22500 151207 111285
22500 141218 71716
22500 132094 70273
22500 99247 44253
22500 101875 67371
22500 107401 67327
22500 106974 36845
22500 61557 32302
22500 96313 42736
22500 154147 57614
22500 100608 43937
22500 114929 62737
22500 93789 39637
22500 122104 58346
22500 83868 50342
22500 113185 47484
22500 98310 52409
22500 94618 49185
22500 152769 71577
22500 180729 100862
22500 118135 58359
22500 140924 58787
22500 94510 38297
22500 97345 42217
22500 87136 51258
22500 152803 57568
22500 95557 43070
22500 136616 72983
22500 89185 38024
22500 153667 72571
22500 125002 58234
22500 166582 91288
22500 155474 69227
22500 106706 55628
22500 99711 40094
22500 136232 72818
22500 91941 47514
22500 99293 67046
22500 81131 39731
22500 109249 60978
22500 119379 76172
22500 110436 29808
22500 115309 55919
22500 66139 30285
22500 124483 84112
22600 99562 47978
22600 109357 64902
22600 99218 56361
22600 134556 77858
22600 89607 51326
22600 98697 39795
22600 165440 73506
22600 109376 44446
22600 97694 38496
22600 125750 58970
22600 136075 67916
22600 150910 89290
22600 114599 80451
22600 144202 70974
22600 207060 102462
22600 104688 77522
22600 100029 68182
22600 102961 57527
22600 109948 56981
22600 120781 54118
22600 124857 66175
22600 96995 58062
22600 94145 53404
22600 128623 48966
22600 140023 64816
22600 100316 47323
22600 145013 44027
22600 160146 78618
22600 145009 78854
22600 160184 71808
22600 122564 76035
22600 134189 67195
22600 65165 34699
22600 87521 54425
22600 153051 64699
22600 71725 36975
22600 101197 55064
22600 171572 79476
22600 103840 48199
22600 148098 93233
22600 113331 55032
22600 117031 48312
22600 174528 64912
22600 131793 54892
22600 139478 71074
22600 132795 45491
22600 142585 99567
22600 113954 59761
22600 108494 45679
22600 172391 99255
22700 169644 79464
22700 103087 42435
22700 177704 96531
22700 115118 79882
22700 92763 35701
22700 119905 43350
22700 96006 45165
22700 106027 43267
22700 104804 57574
22700 140323 93959
22700 131827 71842
22700 129099 89149
22700 132331 66623
22700 97172 50542
22700 100341 47545
22700 72243 36143
22700 134131 101243
22700 79890 28371
22700 96417 43432
22700 85596 53157
22700 79547 35736
22700 118219 53770
22700 123160 47480
22700 140855 71557
22700 139690 72629
22700 187977 108945
22700 94592 54742
22700 95048 55264
22700 135199 63692
22700 122645 64284
22700 135886 66374
22700 90393 41432
22700 117288 50343
22700 142199 58492
22700 133445 46993
22700 132739 78881
22700 91751 50870
22700 112384 56876
22700 116083 49558
22700 91734 48291
22700 90518 35300
22700 121827 38962
22700 115292 60617
22700 155521 79619
22700 110276 60405
22700 96138 60829
22700 77523 45343
22700 90007 45801
22700 71808 39726
22700 137113 72327
22800 152279 89163
22800 95187 49481
22800 129039 85235
22800 160582 89573
22800 118029 62763
22800 107254 34264
22800 112991 77721
22800 125686 45123
22800 150519 82381
22800 166497 116881
22800 140652 65755
22800 125343 66275
22800 110880 60414
22800 93271 53527
22800 108636 40040
22800 133789 70130
22800 119603 62041
22800 94477 52564
22800 155251 105973
22800 119716 50725
22800 138277 41572
22800 120653 60067
22800 109807 58381
22800 95964 48127
22800 127903 58220
22800 128592 60358
22800 159028 47080
22800 115184 70196
22800 114570 56623
22800 86082 33895
22800 107718 68649
22800 85466 37269
22800 106110 64085
22800 94752 46173
22800 111191 63325
22800 144263 64174
22800 129910 76264
22800 96555 40099
22800 136210 65379
22800 111859 78955
22800 149061 52238
22800 99766 57329
22800 117904 40988
22800 150867 76568
22800 152304 80926
22800 163710 91709
22800 87627 37499
22800 122298 77227
22800 146193 91725
22800 111685 64506
22900 136929 57599
22900 129850 52276
22900 182342 96990
22900 116372 76706
22900 131319 46187
22900 127760 50267
22900 116832 57436
22900 96352 54183
22900 70566 43615
22900 154922 50526
22900 120258 68081
22900 118063 58401
22900 116033 57081
22900 77796 46715
22900 128763 40102
22900 116578 71793
22900 133887 81865
22900 152163 78235
22900 107607 43928
22900 94567 35986
22900 93929 32652
22900 73786 37426
22900 133040 76449
22900 120916 46164
22900 60752 30471
22900 153800 61624
22900 103940 55169
22900 84803 32544
22900 125870 32824
22900 150028 30200
22900 105350 56517
22900 87455 39233
22900 203275 107756
22900 109120 47824
22900 125402 76324
22900 95143 62332
22900 117583 32117
22900 107184 63223
22900 139353 78432
22900 116775 42938
22900 138938 98211
22900 73720 37393
22900 108514 39248
22900 185356 95557
22900 116746 45750
22900 102426 41858
22900 118423 57452
22900 134492 82725
22900 127485 77461
22900 99235 39150
23000 91111 46041
23000 122026 64809
23000 100274 40152
23000 157608 107304
23000 140095 59805
23000 87957 37105
23000 159209 93083
23000 116973 55285
23000 141502 112378
23000 124554 62748
23000 111712 47253
23000 109264 54909
23000 141251 70367
23000 107933 59709
23000 133853 63736
23000 119584 38431
23000 129388 32217
23000 134132 84945
23000 85074 40535
23000 101427 52267
23000 145518 64428
23000 132181 79674
23000 88560 45501
23000 92930 60584
23000 85769 45205
23000 135793 56660
23000 92594 37143
23000 128035 64328
23000 152599 55485
23000 104586 66324
23000 97985 30499
23000 113533 67886
23000 87132 46244
23000 167297 71565
23000 109583 60354
23000 169596 92622
23000 167832 107348
23000 88408 54191
23000 95907 50585
23000 191191 122714
23000 131346 77788
23000 134373 75208
23000 133144 84039
23000 112245 59672
23000 147005 69139
23000 98483 38832
23000 99424 54689
23000 108651 47348
23000 125827 62774
23000 114050 32514
23100 101082 52486
23100 144366 50265
23100 158395 79696
23100 124873 59724
23100 126142 76157
23100 135373 51523
23100 107259 48284
23100 166315 95119
23100 108516 76443
23100 112064 48315
23100 96392 59389
23100 97930 51430
23100 121799 56328
23100 94721 44891
23100 188652 92413
23100 106375 48716
23100 96365 51250
23100 110211 63465
23100 196034 62133
23100 123092 45947
23100 114464 58950
23100 109396 62969
23100 154301 102148
23100 122622 67383
23100 183308 99009
23100 107385 41238
23100 91876 30774
23100 101805 58339
23100 123104 51213
23100 175092 111225
23100 159052 95941
23100 147626 79659
23100 82064 33710
23100 120112 72243
23100 165701 67845
23100 111893 50299
23100 112872 47296
23100 129572 58471
23100 116655 45503
23100 109723 68183
23100 135272 62940
23100 93123 56775
23100 187977 109726
23100 98197 38398
23100 140373 88345
23100 124108 61307
23100 127187 43701
23100 102291 49558
23100 128040 73414
23100 124948 65903
23200 140107 82206
23200 101286 41781
23200 83178 32462
23200 90856 55169
23200 115584 51709
23200 104791 51377
23200 112990 42220
23200 121053 40983
23200 147184 63517
23200 129704 66645
23200 113569 59361
23200 156115 96013
23200 86319 49651
23200 100933 36578
23200 124419 66422
23200 134578 74040
23200 93970 53984
23200 149446 80603
23200 141613 63218
23200 127839 49585
23200 98655 57875
23200 145584 104279
23200 195054 94127
23200 155181 52291
23200 121889 81387
23200 109048 66130
23200 158010 74258
23200 112628 63195
23200 77278 30307
23200 103236 41608
23200 218235 135573
23200 111120 69615
23200 125056 51356
23200 189815 72242
23200 104164 31241
23200 133879 77616
23200 107173 45025
23200 120417 44976
23200 146331 97911
23200 99101 48143
23200 85139 37235
23200 133513 58680
23200 222619 107290
23200 99141 57218
23200 99826 66170
23200 93868 58904
23200 91591 42753
23200 168912 88113
23200 64724 31575
23200 107804 59501
23300 147578 67755
23300 120844 68113
23300 87395 35863
23300 137759 102882
23300 119623 54552
23300 98375 52820
23300 148574 92302
23300 125849 67804
23300 109075 37806
23300 162284 86760
23300 76267 37495
23300 99184 53573
23300 120277 41439
23300 75313 35492
23300 82926 49281
23300 120162 54211
23300 166800 74831
23300 193397 107637
23300 115336 61979
23300 159541 120375
23300 84242 45757
23300 118610 75455
23300 100509 66613
23300 158913 62748
23300 214174 129262
23300 187582 79255
23300 121645 64224
23300 124856 55649
23300 219565 124954
23300 82071 37578
23300 126861 67392
23300 112944 75795
23300 115585 77655
23300 124648 35697
23300 155554 108655
23300 100383 51500
23300 116148 55051
23300 142915 74345
23300 135859 68557
23300 113732 64022
23300 113277 37011
23300 95943 41075
23300 124751 57674
23300 139396 57806
23300 81419 39526
23300 143782 46295
23300 102248 62386
23300 83830 45771
23300 117874 66113
23300 127383 57224
23400 149463 71355
23400 123993 40827
23400 139814 84632
23400 117598 64717
23400 99770 71778
23400 137790 71776
23400 99573 60579
23400 110615 45816
23400 96995 51672
23400 102597 58968
23400 108101 53399
23400 112896 67943
23400 98073 38566
23400 130291 44651
23400 118850 54109
23400 98951 54914
23400 77450 46541
23400 137570 84333
23400 86953 48211
23400 116464 38959
23400 132701 69742
23400 151524 91162
23400 126626 81381
23400 130161 58906
23400 118650 64278
23400 158733 74835
23400 104865 37777
23400 73103 35616
23400 117845 48745
23400 93922 44217
23400 135965 84024
23400 125246 60864
23400 162767 61175
23400 146586 76372
23400 104923 61598
23400 172050 84291
23400 106046 53946
23400 166404 62040
23400 132606 49691
23400 134494 80284
23400 122206 49086
23400 154300 52364
23400 185956 118069
23400 129233 84529
23400 113142 61203
23400 114283 51928
23400 128714 66501
23400 76873 42060
23400 144695 87714
23400 78699 47277
23500 109692 39061
23500 98462 41957
23500 127791 80270
23500 152144 45300
23500 141902 87402
23500 111468 51418
23500 156328 111000
23500 91545 50295
23500 108647 47141
23500 215538 100891
23500 114799 63417
23500 116852 41754
23500 74575 34867
23500 168645 87139
23500 118430 67076
23500 126357 62185
23500 137444 68368
23500 158774 69608
23500 105410 40374
23500 110596 52672
23500 117386 70513
23500 99497 46395
23500 117664 37296
23500 79582 38394
23500 122069 77459
23500 109203 59214
23500 111329 66650
23500 142934 75563
23500 126212 66716
23500 136028 69559
23500 169801 57150
23500 96206 56276
23500 132827 77677
23500 120857 64343
23500 179826 93892
23500 127264 50877
23500 149523 68303
23500 105901 68577
23500 102573 48341
23500 152070 76792
23500 86958 49544
23500 116255 39925
23500 81635 52658
23500 113627 60552
23500 165558 73621
23500 90712 36138
23500 108157 67984
23500 132717 41525
23500 101062 55197
23500 91798 33439
23600 119104 55743
23600 145842 58259
23600 110168 50357
23600 126340 62606
23600 100312 70450
23600 115402 44421
23600 122057 53898
23600 121597 62508
23600 166930 80490
23600 170319 73675
23600 71969 33170
23600 96544 44227
23600 80448 36486
23600 83612 48814
23600 118247 64092
23600 103822 55010
23600 142237 81920
23600 147086 69865
23600 187149 67486
23600 103615 48774
23600 99835 44007
23600 96404 28493
23600 156648 90045
23600 112953 74561
23600 154177 79444
23600 96393 63582
23600 182502 97147
23600 109299 59739
23600 110351 76893
23600 91708 53227
23600 91625 55834
23600 114812 52090
23600 133351 67105
23600 111878 45669
23600 167162 115334
23600 84937 42485
23600 91980 61381
23600 117581 67011
23600 148285 82501
23600 135253 84133
23600 81787 40588
23600 77593 32275
23600 140876 77686
23600 194743 91862
23600 126405 54544
23600 110218 48175
23600 126671 62330
23600 145955 68748
23600 137622 42622
23600 143534 87904
23700 130684 48495
23700 75493 44829
23700 111917 66444
23700 164182 91457
23700 141466 74457
23700 178061 62719
23700 72791 40918
23700 112796 80020
23700 78239 37718
23700 134339 49612
23700 140628 97513
23700 153980 65336
23700 138372 64726
23700 130046 69611
23700 145260 60167
23700 135974 68398
23700 108877 71319
23700 120657 56825
23700 131104 49071
23700 113880 55178
23700 127271 58814
23700 170675 78246
23700 184527 86414
23700 116365 58137
23700 135590 53990
23700 165355 100228
23700 121508 59305
23700 91367 44560
23700 139970 59006
23700 98734 52627
23700 86227 49105
23700 150244 61255
23700 186211 92980
23700 120506 84088
23700 126420 73886
23700 81981 47518
23700 132780 89497
23700 102129 50691
23700 124358 59429
23700 119719 70019
23700 201633 85074
23700 141805 40870
23700 122506 50674
23700 125219 61553
23700 145414 65108
23700 139019 65664
23700 91142 29596
23700 99205 49934
23700 150977 79546
23700 131155 76787
23800 82922 35088
23800 150381 88294
23800 142663 85561
23800 154043 56968
23800 145688 46935
23800 132586 46756
23800 169981 115479
23800 110718 36675
23800 161160 58491
23800 148429 58270
23800 89818 40989
23800 138291 85418
23800 123034 72719
23800 137138 37786
23800 107296 48088
23800 118305 57901
23800 81239 34918
23800 115521 45611
23800 119427 85040
23800 105193 69252
23800 113016 44418
23800 111207 55059
23800 164150 95196
23800 130919 71911
23800 155837 95674
23800 171246 75919
23800 132917 78002
23800 120584 44201
23800 61905 29125
23800 148797 80919
23800 151896 65122
23800 156143 91844
23800 71051 34279
23800 155217 83641
23800 109468 48809
23800 192031 84233
23800 175682 87329
23800 136104 54513
23800 125437 64027
23800 126568 63599
23800 102239 56555
23800 117873 66481
23800 177480 84085
23800 113537 61698
23800 98066 41880
23800 156470 72488
23800 118872 41888
23800 154294 60619
23800 133544 83571
23800 147526 65345
23900 121000 62714
23900 126341 48944
23900 92418 42364
23900 166576 64480
23900 131910 88597
23900 88713 55475
23900 185291 91570
23900 104281 67053
23900 182041 70602
23900 130844 51476
23900 109198 77064
23900 142074 54302
23900 119095 45125
23900 178804 106908
23900 132803 68243
23900 108369 56902
23900 176895 93520
23900 136222 77936
23900 127220 54287
23900 176976 88695
23900 152888 113462
23900 167357 96477
23900 95152 50112
23900 170249 93718
23900 134656 69537
23900 208478 123732
23900 93640 55793
23900 118447 52216
23900 147233 79921
23900 100924 29801
23900 125841 72132
23900 134294 48889
23900 133751 82354
23900 146107 66583
23900 129756 74941
23900 146346 80080
23900 92846 52843
23900 144638 65694
23900 75533 35148
23900 124994 62021
23900 124675 74633
23900 146023 76445
23900 105126 68794
23900 140697 79501
23900 83566 34897
23900 182293 106339
23900 167486 62380
23900 136627 73500
23900 84869 43473
23900 95670 31272
24000 135991 50139
24000 138633 47381
24000 106973 57279
24000 118298 65506
24000 143850 80175
24000 148170 62827
24000 139564 58264
24000 155385 95263
24000 165946 69574
24000 63157 31463
24000 97661 41670
24000 98648 54300
24000 170421 65593
24000 96548 52451
24000 149096 63255
24000 138888 59050
24000 104827 51944
24000 104393 60642
24000 130988 41900
24000 134584 91819
24000 151835 93851
24000 146389 60799
24000 96980 42000
24000 144100 66522
24000 114447 61005
24000 127356 73299
24000 106489 40318
24000 109617 60990
24000 135557 70873
24000 136729 84106
24000 161134 87671
24000 124798 82667
24000 174657 74033
24000 87145 44553
24000 126789 65187
24000 145374 90397
24000 113054 48576
24000 129401 65009
24000 84410 51765
24000 107574 62971
24000 121354 53902
24000 124093 73089
24000 112776 51410
24000 152304 47231
24000 160267 87541
24000 114835 35037
24000 138674 78820
24000 116737 55170
24000 154524 44869
24000 90570 47369
24100 106477 68378
24100 168697 134114
24100 118094 83112
24100 118577 66449
24100 122638 47840
24100 99077 43639
24100 70984 39444
24100 159741 73694
24100 87341 36469
24100 81857 45192
24100 173729 74604
24100 157100 84474
24100 106925 58873
24100 115195 32211
24100 115677 49418
24100 160679 53211
24100 71129 41458
24100 127938 57214
24100 91619 40652
24100 123556 65143
24100 100739 60531
24100 149588 74157
24100 169478 71002
24100 116832 52675
24100 140405 97341
24100 122202 60892
24100 162379 77450
24100 82241 30182
24100 150458 87568
24100 130483 64753
24100 122008 79905
24100 97946 50706
24100 108258 41093
24100 89723 38882
24100 101866 56141
24100 117058 33028
24100 80630 33630
24100 113523 59724
24100 82731 42801
24100 111594 58688
24100 162849 76530
24100 102535 63138
24100 175767 76959
24100 103528 50920
24100 166377 104902
24100 126111 77317
24100 93222 44738
24100 133202 73910
24100 135151 63446
24100 141749 71333
24200 111173 44852
24200 153474 55565
24200 172159 120340
24200 141935 69480
24200 123500 59654
24200 153881 84369
24200 140044 77924
24200 111187 59129
24200 138537 73088
24200 107386 28384
24200 133745 46277
24200 209501 134329
24200 120482 55855
24200 128700 45560
24200 113826 36705
24200 106430 56915
24200 127239 58079
24200 151036 80879
24200 124722 41229
24200 133509 55733
24200 109581 70318
24200 159127 80539
24200 129711 63018
24200 135994 90095
24200 168167 67873
24200 121179 55072
24200 97063 34971
24200 140341 72482
24200 79764 36175
24200 167267 92178
24200 103206 54442
24200 226471 89504
24200 143493 61046
24200 130634 75328
24200 160340 67531
24200 148984 55438
24200 132938 59927
24200 120483 45619
24200 131396 71335
24200 112988 59439
24200 86583 48405
24200 97587 56823
24200 107905 49507
24200 66994 35296
24200 131981 68128
24200 181765 107777
24200 110586 64100
24200 117948 53044
24200 99147 56240
24200 124919 75078
24300 159404 66486
24300 151444 61207
24300 105278 52627
24300 127814 58837
24300 194420 71822
24300 116861 42855
24300 160619 55025
24300 96258 64818
24300 86859 38153
24300 163751 59275
24300 116629 52528
24300 108540 49228
24300 105015 59126
24300 140687 64606
24300 139267 60308
24300 109055 54230
24300 117136 62227
24300 122205 56424
24300 170546 94138
24300 136003 46726
24300 112575 57134
24300 131752 64997
24300 139237 62398
24300 90324 32757
24300 124356 55797
24300 123711 61311
24300 196723 98191
24300 86836 55249
24300 140170 49418
24300 139731 96753
24300 100983 32673
24300 150745 65943
24300 139226 82197
24300 182646 64133
24300 135621 75321
24300 126131 50881
24300 116061 74150
24300 104117 55073
24300 96779 34715
24300 153396 72014
24300 106365 64614
24300 147984 73244
24300 126779 49517
24300 178379 91699
24300 115779 63425
24300 117348 60956
24300 93676 48006
24300 164603 87698
24300 137508 65964
24300 181701 57539
24400 162958 108009
24400 125381 44554
24400 128663 33809
24400 196305 75284
24400 127273 80318
24400 144420 73809
24400 87392 35548
24400 151263 63386
24400 126042 71154
24400 138150 73323
24400 96601 54597
24400 112502 58575
24400 211352 141542
24400 227515 107266
24400 203734 144037
24400 157091 88929
24400 102356 41780
24400 139741 59156
24400 137279 76303
24400 161071 89947
24400 235862 135788
24400 183154 100755
24400 198708 99325
24400 75436 39620
24400 116178 60560
24400 102854 38501
24400 143193 66962
24400 103830 57364
24400 196320 104334
24400 148385 69661
24400 148958 83275
24400 104841 59165
24400 131351 55772
24400 163014 52813
24400 165822 64532
24400 105180 41190
24400 108281 62667
24400 161375 82565
24400 274631 159006
24400 138224 95609
24400 156960 94142
24400 143321 99971
24400 89570 28966
24400 117149 46025
24400 192665 95683
24400 112846 54876
24400 133886 60459
24400 85409 45413
24400 188732 132333
24400 132349 71611
24500 83437 36168
24500 211394 115838
24500 146415 64967
24500 108109 47006
24500 108470 54977
24500 108396 61339
24500 114679 55006
24500 111982 63130
24500 92569 55307
24500 110075 73675
24500 150315 72968
24500 100875 48171
24500 103708 51090
24500 132994 47050
24500 135901 92191
24500 123499 35541
24500 182532 57589
24500 89470 43908
24500 144447 63019
24500 153049 67801
24500 115263 76302
24500 154756 75983
24500 131406 75332
24500 95775 53951
24500 144233 69164
24500 119864 67151
24500 79165 39699
24500 178311 72039
24500 131033 63292
24500 119852 48503
24500 117792 74961
24500 105620 60198
24500 86589 49830
24500 112023 37145
24500 111444 63674
24500 134723 70748
24500 96733 43486
24500 172609 85336
24500 137016 85327
24500 129536 72972
24500 138728 64410
24500 106045 38783
24500 191464 78718
24500 100886 56527
24500 133212 73739
24500 133165 78201
24500 144702 64083
24500 137193 67795
24500 108643 38199
24500 133366 54070
24600 193108 100658
24600 122997 49825
24600 125347 75970
24600 144951 47030
24600 129052 93385
24600 165466 91428
24600 129964 46181
24600 125416 73463
24600 140453 77779
24600 123583 61875
24600 102151 54692
24600 101982 54092
24600 141481 80026
24600 113002 38366
24600 124816 54689
24600 153905 72342
24600 130738 50785
24600 96413 62344
24600 112670 71559
24600 156849 74774
24600 182610 123266
24600 175863 128000
24600 130443 72301
24600 139358 85562
24600 117097 48552
24600 85087 34669
24600 124660 77955
24600 102817 37987
24600 176718 93783
24600 126933 41722
24600 135238 80066
24600 133055 56378
24600 122302 75463
24600 97321 36742
24600 101690 57754
24600 151143 73893
24600 121313 34691
24600 67679 34348
24600 141148 86137
24600 113945 43837
24600 122041 65465
24600 149200 48430
24600 150084 90989
24600 167386 84152
24600 138336 90158
24600 140937 65829
24600 150426 49541
24600 125044 57180
24600 102637 47280
24600 142286 62572
24700 131988 61872
24700 155522 47220
24700 87726 45840
24700 171245 54901
24700 134761 77186
24700 125876 63083
24700 106924 38443
24700 83089 37700
24700 128451 58769
24700 97810 45714
24700 113290 56227
24700 109998 53538
24700 105922 56027
24700 143496 56561
24700 176758 81340
24700 98840 37475
24700 124541 58849
24700 104174 43839
24700 105316 49755
24700 165671 34241
24700 135013 49415
24700 119418 71602
24700 139700 63370
24700 134738 69267
24700 162272 91036
24700 174359 109687
24700 118508 67462
24700 94124 41894
24700 130192 88906
24700 150285 113171
24700 131325 92515
24700 112242 65352
24700 149046 93639
24700 117836 57648
24700 126888 77117
24700 162821 103324
24700 150397 41694
24700 148565 75105
24700 140759 93080
24700 167069 63423
24700 103643 53102
24700 93694 58814
24700 186852 72817
24700 165434 78934
24700 187081 74743
24700 88006 31486
24700 61129 30414
24700 162973 83684
24700 107647 61923
24700 80274 37379
24800 101617 48253
24800 108965 75929
24800 108219 69177
24800 98219 56021
24800 97745 40513
24800 121778 50396
24800 121729 50294
24800 142639 75323
24800 167760 121958
24800 152562 98639
24800 225363 100361
24800 114134 61985
24800 115774 39358
24800 126187 58780
24800 86498 42568
24800 128471 72800
24800 164068 104471
24800 84036 48719
24800 111222 39090
24800 156386 68670
24800 77788 42489
24800 143866 65706
24800 202708 87110
24800 186842 105313
24800 135108 61381
24800 131522 69824
24800 147671 43983
24800 123597 76228
24800 120378 48446
24800 170637 62541
24800 186650 115735
24800 165873 78890
24800 95374 33964
24800 107898 46134
24800 123968 71442
24800 144997 61214
24800 108641 45129
24800 111325 50889
24800 193409 103581
24800 113317 67287
24800 79305 35694
24800 115738 48311
24800 147886 90034
24800 151658 68256
24800 147602 86357
24800 130664 70878
24800 143297 98134
24800 121321 44208
24800 139620 70304
24800 106050 58087
24900 187102 107989
24900 135040 88328
24900 102172 47961
24900 153357 77808
24900 86113 39028
24900 136482 75502
24900 176741 76856
24900 126553 60364
24900 81655 43433
24900 80611 37308
24900 142996 71008
24900 109896 62361
24900 131083 64747
24900 165333 81815
24900 199045 91814
24900 114934 59352
24900 200825 81630
24900 74736 40122
24900 121220 44862
24900 171399 63288
24900 98789 44325
24900 203716 104369
24900 77039 44773
24900 85110 40350
24900 104218 31398
24900 136314 74467
24900 126990 58080
24900 172165 118577
24900 178060 94581
24900 164408 79983
24900 157780 81890
24900 130228 61741
24900 148431 67211
24900 139789 53370
24900 132811 68812
24900 97316 37722
24900 153252 86915
24900 224267 136346
24900 162795 89351
24900 111960 63022
24900 140773 76962
24900 95047 46927
24900 144286 74735
24900 110531 72040
24900 216871 118246
24900 135189 87361
24900 132176 61533
24900 80685 48049
24900 111131 70311
24900 117190 67054
25000 179850 104343
25000 147204 65756
25000 105085 41526
25000 110583 57382
25000 95837 44269
25000 86247 46021
25000 135922 62686
25000 138609 84879
25000 132997 61017
25000 125335 40310
25000 147287 70324
25000 124181 46396
25000 99957 64276
25000 135388 45531
25000 159468 74850
25000 161849 64459
25000 173883 96975
25000 137677 83955
25000 104537 47924
25000 105796 38428
25000 146385 81109
25000 175179 59698
25000 97906 32502
25000 120060 69984
25000 85733 45250
25000 115353 63616
25000 171432 101291
25000 104367 37477
25000 109379 58674
25000 155319 65060
25000 158675 76071
25000 89092 47224
25000 123007 35225
25000 93623 44908
25000 125129 51554
25000 231291 90024
25000 94564 35100
25000 156525 70372
25000 148700 88474
25000 194906 81886
25000 103432 52913
25000 109436 56016
25000 104872 59156
25000 142322 79527
25000 95682 42313
25000 156611 89130
25000 91356 38233
25000 151757 115790
25000 93649 54262
25000 136355 71664
25100 140341 62838
25100 130668 64044
25100 126386 48816
25100 136878 66155
25100 136401 54446
25100 118148 59769
25100 182758 78538
25100 104087 50591
25100 99961 53930
25100 136623 50924
25100 102415 51243
25100 133656 65812
25100 127234 72850
25100 153717 61708
25100 145357 89912
25100 105295 69007
25100 143255 73246
25100 139784 51793
25100 160732 81839
25100 144445 46755
25100 171416 99947
25100 131527 30213
25100 163754 88011
25100 167040 98524
25100 192205 89142
25100 99467 61347
25100 134417 49453
25100 101641 57314
25100 149164 88144
25100 135037 68507
25100 116023 47418
25100 96296 38195
25100 133302 53021
25100 80919 39795
25100 96989 60272
25100 111875 47626
25100 179316 77114
25100 134733 64238
25100 254049 132938
25100 166067 80303
25100 156408 91524
25100 128498 60610
25100 227504 146789
25100 115581 42128
25100 146554 62395
25100 132866 60053
25100 87319 40057
25100 130269 79807
25100 167173 75425
25100 123789 54915
25200 155755 88677
25200 191408 126602
25200 93867 48846
25200 215366 148370
25200 101615 62040
25200 174932 80687
25200 89001 31636
25200 130774 86794
25200 103070 66131
25200 159622 96327
25200 187205 98686
25200 166194 71893
25200 98502 53475
25200 121580 56416
25200 151132 108906
25200 173823 92097
25200 141256 65665
25200 119292 58779
25200 119860 55325
25200 131903 73703
25200 137119 63546
25200 134309 53038
25200 77251 42278
25200 129340 80582
25200 154914 79198
25200 139099 65249
25200 114420 36666
25200 120683 60828
25200 144279 66731
25200 135384 88046
25200 115490 35122
25200 159848 84618
25200 136754 85106
25200 142945 78636
25200 109832 63846
25200 122764 69490
25200 147204 76016
25200 135792 44275
25200 146388 64399
25200 97615 35940
25200 158768 79932
25200 129305 41204
25200 94280 41480
25200 161589 66072
25200 93501 41699
25200 99928 57764
25200 146463 84008
25200 108636 53863
25200 108410 56409
25200 145577 65600
25300 100053 53415
25300 87430 46037
25300 152622 58164
25300 120449 60213
25300 132753 71286
25300 96898 45602
25300 130459 57607
25300 189900 107826
25300 145023 65129
25300 124626 71149
25300 104583 49296
25300 138028 57449
25300 185087 73147
25300 118977 67995
25300 132633 55618
25300 223256 126483
25300 130961 78962
25300 125216 64125
25300 116460 40447
25300 139317 66864
25300 122135 77191
25300 141347 63162
25300 85074 45954
25300 109719 65544
25300 111780 59552
25300 132991 67769
25300 159403 89394
25300 120528 77018
25300 120459 57915
25300 161115 104547
25300 118971 66062
25300 73500 41864
25300 173089 105667
25300 108353 67751
25300 121174 64125
25300 140885 36503
25300 141105 77030
25300 117803 55120
25300 110203 56055
25300 107508 64902
25300 73887 37742
25300 136239 67113
25300 164202 103807
25300 116324 57311
25300 180191 68331
25300 155207 91440
25300 122879 67585
25300 120525 63828
25300 144275 61918
25300 147521 56960
25400 140123 88143
25400 159236 102202
25400 140126 86285
25400 100630 51547
25400 139994 90613
25400 117921 60981
25400 125999 63458
25400 131779 73063
25400 153941 79306
25400 152757 85229
25400 140130 77346
25400 187892 94822
25400 115101 59290
25400 137166 72440
25400 117105 40983
25400 125483 89269
25400 125910 74166
25400 145081 56911
25400 100764 65934
25400 122415 59257
25400 170292 82616
25400 153605 72980
25400 178325 86152
25400 76958 36189
25400 113142 35330
25400 122528 74033
25400 100897 59806
25400 156713 90971
25400 106256 65145
25400 202567 88256
25400 129342 81929
25400 92674 35679
25400 151364 85572
25400 158424 74109
25400 134201 85445
25400 130652 59994
25400 135230 81094
25400 131340 77151
25400 115344 41347
25400 122956 64413
25400 172154 92216
25400 169845 105677
25400 103936 46949
25400 123747 53316
25400 153839 56830
25400 168817 86241
25400 162457 73156
25400 95953 62864
25400 123511 80513
25400 113196 51032
25500 130105 82284
25500 180243 71008
25500 139807 81048
25500 163660 80986
25500 177912 65550
25500 99612 38668
25500 84562 37051
25500 115095 44158
25500 85096 52570
25500 166392 93989
25500 165622 89852
25500 116432 48264
25500 92915 52199
25500 88507 46181
25500 116630 67713
25500 133380 64223
25500 187278 101523
25500 153738 93861
25500 149286 72814
25500 119842 83734
25500 90057 32310
25500 153589 81773
25500 150918 81577
25500 165697 99831
25500 163446 110984
25500 136319 72535
25500 146826 71114
25500 165210 87820
25500 186355 95524
25500 122236 57140
25500 98777 48204
25500 183168 99700
25500 143275 94528
25500 120575 69354
25500 143959 76139
25500 171818 90003
25500 153092 84097
25500 139808 71572
25500 222610 66174
25500 145498 88253
25500 147511 53915
25500 139600 75564
25500 113703 58940
25500 82451 39750
25500 147407 76666
25500 99367 46633
25500 99883 67732
25500 94515 37887
25500 152080 64290
25500 139281 50998
25600 171388 74334
25600 123873 38830
25600 173012 90690
25600 143320 58237
25600 128332 92063
25600 125176 70916
25600 182451 88867
25600 130267 38223
25600 130069 48956
25600 167771 56698
25600 117844 70132
25600 156153 59117
25600 207728 96907
25600 184846 107823
25600 126452 62397
25600 101810 41966
25600 122696 80652
25600 123721 42243
25600 125357 53221
25600 147784 51807
25600 173461 80733
25600 180636 109130
25600 103011 60098
25600 155423 88709
25600 161345 94899
25600 109456 46692
25600 110572 56836
25600 177896 88253
25600 169024 125588
25600 134312 78839
25600 91239 48655
25600 150789 75448
25600 209370 101457
25600 147274 64403
25600 161181 93031
25600 130646 69340
25600 155226 50321
25600 114468 71598
25600 153912 88354
25600 150400 53984
25600 155419 58517
25600 116533 46756
25600 186270 111574
25600 175537 128035
25600 116676 47714
25600 184620 66066
25600 92597 47323
25600 164415 97797
25600 141623 80681
25600 138011 67622
25700 152514 82142
25700 159424 88228
25700 215281 122664
25700 165333 95887
25700 139601 84858
25700 122421 58522
25700 141934 73768
25700 151190 91120
25700 123811 64817
25700 103530 65734
25700 169517 70585
25700 135362 66067
25700 209543 114727
25700 130326 54872
25700 296975 166925
25700 181702 89295
25700 114120 57029
25700 98739 41871
25700 123735 53984
25700 124703 89817
25700 129174 53656
25700 107927 66708
25700 130935 92270
25700 124121 47271
25700 118086 70409
25700 136704 45505
25700 118615 56734
25700 206207 120259
25700 110805 60378
25700 119205 71526
25700 177944 90566
25700 151541 63215
25700 119509 51974
25700 99435 64384
25700 167405 83573
25700 93036 53510
25700 127463 50312
25700 109660 62577
25700 140384 71357
25700 125777 58062
25700 100209 54310
25700 116861 78864
25700 171256 86941
25700 83417 39892
25700 96613 38663
25700 133231 83486
25700 209800 118916
25700 203001 87568
25700 144276 98730
25700 143672 65101
25800 148579 58773
25800 88460 44544
25800 131944 63458
25800 118061 49919
25800 109544 58266
25800 116006 58777
25800 128310 70169
25800 80495 39501
25800 142245 66967
25800 129993 65365
25800 94612 43712
25800 88295 44685
25800 120895 65498
25800 81185 47334
25800 127625 61458
25800 137254 67205
25800 97544 46583
25800 98720 53728
25800 126069 64749
25800 146105 70686
25800 170313 71901
25800 123689 58406
25800 108114 59353
25800 108396 53825
25800 177396 61932
25800 110608 44695
25800 131608 57918
25800 146462 105859
25800 99975 34773
25800 116786 71388
25800 95360 47940
25800 161531 53021
25800 159939 48750
25800 97440 60854
25800 129379 95037
25800 161753 77067
25800 126079 49073
25800 117710 43808
25800 132091 68765
25800 154326 95434
25800 116709 52183
25800 186957 94071
25800 153117 89477
25800 147988 72800
25800 148586 73004
25800 103772 54203
25800 166450 75472
25800 140374 66161
25800 145854 59361
25800 129339 77875
25900 133448 68125
25900 173151 60275
25900 189753 83120
25900 199789 76675
25900 135756 87472
25900 114268 66319
25900 167756 88057
25900 189951 73516
25900 176136 59079
25900 85234 35703
25900 113977 44980
25900 120655 65028
25900 115281 63174
25900 101760 45697
25900 74754 37473
25900 157417 73326
25900 177736 92723
25900 154437 60562
25900 107728 67525
25900 113991 53129
25900 87819 41097
25900 131502 64684
25900 118073 80648
25900 106322 72604
25900 136050 62268
25900 148622 66852
25900 127325 76045
25900 114954 59921
25900 251373 116329
25900 92823 47577
25900 132304 71672
25900 148238 75001
25900 108083 49399
25900 163324 88204
25900 156226 75363
25900 152971 89538
25900 123233 60347
25900 122436 58644
25900 158788 77482
25900 138008 62466
25900 161121 53164
25900 115198 51999
25900 138714 64002
25900 136583 92669
25900 116815 62507
25900 159497 96726
25900 142851 75892
25900 155464 68111
25900 96317 45985
25900 138745 65043
26000 134392 61979
26000 147178 50216
26000 125062 70384
26000 123350 63433
26000 237631 108437
26000 108937 55760
26000 133609 62604
26000 115762 44537
26000 171318 100778
26000 144951 84127
26000 154607 98727
26000 99918 54056
26000 116309 84066
26000 108791 44947
26000 138577 81857
26000 103828 62644
26000 146082 71882
26000 150153 84657
26000 127671 58936
26000 103676 52256
26000 185593 125498
26000 112290 46815
26000 133521 72694
26000 153277 75834
26000 118975 57915
26000 119624 71341
26000 142242 93638
26000 122801 64666
26000 145769 69736
26000 145374 84985
26000 142623 82627
26000 150007 85274
26000 106708 56389
26000 110215 54427
26000 143195 65836
26000 197919 128402
26000 150384 54747
26000 193298 111759
26000 169456 113661
26000 131851 73957
26000 109955 61323
26000 190095 79416
26000 131391 89358
26000 156721 109221
26000 144672 79559
26000 142210 56167
26000 151152 45501
26000 120944 79097
26000 219376 98175
26000 139114 83306
26100 152068 51409
26100 142336 68915
26100 198732 97672
26100 120304 64827
26100 92322 40172
26100 151032 68784
26100 107389 71992
26100 119145 57485
26100 125123 84835
26100 127735 49867
26100 125006 58976
26100 161577 62677
26100 94479 51817
26100 165177 63596
26100 142695 56943
26100 112008 56477
26100 193710 125983
26100 117206 75238
26100 89481 36082
26100 114837 64281
26100 138780 71844
26100 112102 51043
26100 142156 66818
26100 105185 64698
26100 118954 64100
26100 73057 34644
26100 165866 64758
26100 158997 87221
26100 145262 71907
26100 109883 40707
26100 94363 36420
26100 125072 63971
26100 124240 64778
26100 115598 61277
26100 133674 67176
26100 172596 92306
26100 120507 61407
26100 114691 43183
26100 91421 39199
26100 129305 59330
26100 169258 87275
26100 128932 72629
26100 143487 65241
26100 100091 51325
26100 83448 36192
26100 154856 58062
26100 116100 56371
26100 80001 41907
26100 136099 65783
26100 166425 55602
26200 129548 77917
26200 139891 48543
26200 100004 44921
26200 150237 74952
26200 101833 53183
26200 81259 42968
26200 135303 44187
26200 115996 66379
26200 141533 79981
26200 112799 57793
26200 174352 91114
26200 122794 42726
26200 102816 51260
26200 178233 69679
26200 133029 52687
26200 122031 69148
26200 145510 83824
26200 104087 51012
26200 108468 48159
26200 129252 54474
26200 154224 82086
26200 138583 71380
26200 171807 100109
26200 127204 47545
26200 156501 91534
26200 148040 87666
26200 126591 77811
26200 68537 32990
26200 147654 85479
26200 172740 67106
26200 156309 105039
26200 115330 70811
26200 95685 43546
26200 139797 57318
26200 99543 47666
26200 118183 45076
26200 172585 100680
26200 124261 71073
26200 176607 52679
26200 173694 99119
26200 135567 78758
26200 139783 64288
26200 117682 50031
26200 98375 46355
26200 247780 73391
26200 174418 71608
26200 184822 63983
26200 75252 44086
26200 135583 75276
26200 164976 50005
26300 128567 75923
26300 112550 58532
26300 149663 64267
26300 137162 46418
26300 137493 64419
26300 99734 56804
26300 125997 38850
26300 182051 133804
26300 183636 124426
26300 155299 56467
26300 208266 54430
26300 112060 41112
26300 125387 79244
26300 98834 43501
26300 116172 58870
26300 105190 35075
26300 111397 47847
26300 163867 79285
26300 132095 57454
26300 96320 55930
26300 154792 51072
26300 164684 99676
26300 131128 71081
26300 173478 80896
26300 97992 36770
26300 139231 69850
26300 132508 91840
26300 135405 67986
26300 91729 49935
26300 162056 64299
26300 224885 95058
26300 110969 50208
26300 150012 80462
26300 166939 99681
26300 82552 40458
26300 170474 104577
26300 150447 41792
26300 108468 38043
26300 220816 107689
26300 108910 31440
26300 141159 67487
26300 188782 111105
26300 92118 46386
26300 146537 75145
26300 139641 58071
26300 102022 44725
26300 140056 89467
26300 165131 75573
26300 105920 48338
26300 118863 46101
26400 182461 75248
26400 146420 75056
26400 133308 47378
26400 127984 84893
26400 124506 61369
26400 158883 87404
26400 108537 46267
26400 141007 67788
26400 96418 39131
26400 130210 65529
26400 132312 52502
26400 201503 106651
26400 139554 73454
26400 178499 96898
26400 205029 114406
26400 158401 69621
26400 114693 68382
26400 170719 83725
26400 127455 70149
26400 116821 77002
26400 117408 36028
26400 138414 72860
26400 180319 98137
26400 116294 74176
26400 149155 40634
26400 166446 49769
26400 86073 35842
26400 129931 80760
26400 119717 56296
26400 120437 51831
26400 151947 100279
26400 106961 69590
26400 146515 98316
26400 132456 55046
26400 130901 56225
26400 150333 53059
26400 129108 75319
26400 142773 84927
26400 126097 44352
26400 149620 80976
26400 117042 50900
26400 148636 73218
26400 134679 78220
26400 140584 93773
26400 146131 58611
26400 146017 88628
26400 147939 84095
26400 190729 85671
26400 130219 59391
26400 76257 31941
26500 93668 42507
26500 144445 87540
26500 129898 72712
26500 104100 53334
26500 157698 69009
26500 143082 72235
26500 124160 67637
26500 170616 78294
26500 93844 35402
26500 95387 57424
26500 147436 78064
26500 129323 61647
26500 149260 49152
26500 147272 72966
26500 153701 88818
26500 121500 54752
26500 119694 57872
26500 164828 100137
26500 190383 75170
26500 135710 77128
26500 119700 78073
26500 166026 107489
26500 243938 108597
26500 137619 68983
26500 136516 78428
26500 157624 73101
26500 125373 69359
26500 143415 87723
26500 127301 41351
26500 115867 51981
26500 122671 56246
26500 152957 101498
26500 132485 84794
26500 142677 74782
26500 121637 82213
26500 112129 66630
26500 217206 68838
26500 118116 52278
26500 226544 126299
26500 209255 65553
26500 170949 74184
26500 87749 51682
26500 126649 90518
26500 156186 96912
26500 127329 82219
26500 145178 76865
26500 173525 81316
26500 134731 73421
26500 175843 98910
26500 110335 46413
26600 115078 55781
26600 137826 83015
26600 194350 69441
26600 102715 48563
26600 141589 58121
26600 153406 100323
26600 107850 52963
26600 138068 71903
26600 107242 58754
26600 131820 59936
26600 135225 86989
26600 94763 45378
26600 247842 128938
26600 91197 41188
26600 157236 60703
26600 113244 49975
26600 195903 118001
26600 95128 33137
26600 121147 37714
26600 157175 58745
26600 216702 83316
26600 154515 94662
26600 215514 145454
26600 117834 39729
26600 196964 90789
26600 115377 51626
26600 187631 57886
26600 95299 38192
26600 115151 56018
26600 125518 62184
26600 141763 60305
26600 188025 85812
26600 116632 61905
26600 132895 77953
26600 149204 68333
26600 147038 87927
26600 92380 51274
26600 158568 61727
26600 102157 58374
26600 144706 89464
26600 107657 59394
26600 210506 110894
26600 150625 78466
26600 168686 91914
26600 188271 120099
26600 138003 63377
26600 120299 46463
26600 143537 76029
26600 156419 82244
26600 147233 73970
26700 152904 68019
26700 123474 57758
26700 98974 36157
26700 143791 54197
26700 130588 95231
26700 192247 104478
26700 162394 120355
26700 128891 64102
26700 121456 53799
26700 156871 73097
26700 253654 148182
26700 153682 76115
26700 107558 62168
26700 165165 86365
26700 113492 47782
26700 118235 58196
26700 129326 46450
26700 155115 88019
26700 240447 128931
26700 120299 39734
26700 97805 50921
26700 133462 73984
26700 199649 87726
26700 144786 71154
26700 104306 62389
26700 115566 77503
26700 133041 54012
26700 101734 51993
26700 141859 51352
26700 155836 77122
26700 183669 89455
26700 119746 43639
26700 80546 37508
26700 88297 34779
26700 143936 73921
26700 163023 78210
26700 262613 112593
26700 115136 79312
26700 172390 60385
26700 107901 64859
26700 110979 69451
26700 113575 42253
26700 175745 61543
26700 185252 97974
26700 109989 38043
26700 96432 56102
26700 152882 91989
26700 141729 67970
26700 120831 46844
26700 111300 56228
26800 197696 103666
26800 130142 83404
26800 106280 51927
26800 143129 90017
26800 180585 45325
26800 101499 50852
26800 117552 66555
26800 130960 50324
26800 189415 127947
26800 144112 71463
26800 124218 52062
26800 143903 84855
26800 174546 126476
26800 208250 137772
26800 105072 59683
26800 141406 65331
26800 89351 50793
26800 96665 33389
26800 225511 108076
26800 239206 82338
26800 151711 72436
26800 83014 47060
26800 147259 61474
26800 124601 71641
26800 104140 64284
26800 116761 56851
26800 160178 76619
26800 206979 86894
26800 174893 65130
26800 108800 64034
26800 174360 96107
26800 125586 66610
26800 173762 98265
26800 74593 33367
26800 152592 95321
26800 149039 81676
26800 133510 64643
26800 152132 80281
26800 121077 51122
26800 174753 83923
26800 175034 94447
26800 198647 100839
26800 133930 77228
26800 121301 56927
26800 82114 44264
26800 134589 57108
26800 159233 71297
26800 106327 55329
26800 150917 76711
26800 112784 47039
26900 120890 74946
26900 134957 73340
26900 120634 83465
26900 228748 129144
26900 138578 32766
26900 164785 89461
26900 124705 91383
26900 160300 88041
26900 147059 77460
26900 81105 41199
26900 158544 71169
26900 122827 50295
26900 158520 54417
26900 166105 65856
26900 112912 56152
26900 117730 43623
26900 117223 55399
26900 160255 90898
26900 142783 74811
26900 182233 51563
26900 149312 70961
26900 166505 92484
26900 93107 56525
26900 140993 46888
26900 148475 67310
26900 172937 81096
26900 162222 87944
26900 129791 52966
26900 107533 63988
26900 121033 65239
26900 116638 63748
26900 122691 59028
26900 142736 89320
26900 165134 74653
26900 99132 43179
26900 116921 59996
26900 168602 70267
26900 159993 62904
26900 146111 51053
26900 164368 61158
26900 93242 36816
26900 148328 87025
26900 132326 83744
26900 194725 103061
26900 115042 41467
26900 162959 101054
26900 158621 72725
26900 144832 58508
26900 89020 43769
26900 158834 106328
27000 155240 92247
27000 119417 66897
27000 128138 65381
27000 171557 56165
27000 163981 59677
27000 113467 75959
27000 162233 87188
27000 109343 51260
27000 166009 95034
27000 118858 51065
27000 114917 50114
27000 152674 65214
27000 97724 50693
27000 149620 84750
27000 121249 43346
27000 126666 65522
27000 102156 57328
27000 84969 47161
27000 118743 65438
27000 150725 69582
27000 143820 64395
27000 172340 104094
27000 98531 58038
27000 148070 84151
27000 106904 56253
27000 169175 106052
27000 90297 48860
27000 92180 47581
27000 157919 69184
27000 119338 35819
27000 104184 55520
27000 155283 82110
27000 158513 98605
27000 162907 59527
27000 122445 36654
27000 117372 43347
27000 125615 50558
27000 109073 60526
27000 134269 89225
27000 133416 65924
27000 101153 39436
27000 202822 98231
27000 152528 102581
27000 139332 86607
27000 121806 58710
27000 149136 48241
27000 94230 54508
27000 146862 77329
27000 161003 61879
27000 138825 61563
27100 153480 78253
27100 87437 39396
27100 101931 41963
27100 116414 77362
27100 136404 62453
27100 187813 108722
27100 150962 82395
27100 79644 36053
27100 120785 53407
27100 179123 81679
27100 97398 43264
27100 202608 102150
27100 178547 109691
27100 135420 70505
27100 128895 62876
27100 111760 50312
27100 156137 49490
27100 134176 61602
27100 123172 49208
27100 104540 50406
27100 166734 83590
27100 167058 91559
27100 97968 35957
27100 146704 72938
27100 132937 58345
27100 117123 39060
27100 115125 45264
27100 112695 40455
27100 158698 66961
27100 134062 42285
27100 119544 42081
27100 250505 147681
27100 144116 65973
27100 144541 93334
27100 127808 66127
27100 161646 51974
27100 174954 91629
27100 125244 66507
27100 159237 95427
27100 172750 76664
27100 100019 40652
27100 117346 56867
27100 129252 61739
27100 130640 48847
27100 131355 40307
27100 107908 56245
27100 163116 54222
27100 112206 64664
27100 127898 78367
27100 158489 77885
27200 125566 51002
27200 146553 73038
27200 162201 87587
27200 151471 48549
27200 151017 97554
27200 96113 49225
27200 116640 60065
27200 140054 51969
27200 145524 62255
27200 142402 77984
27200 100556 55673
27200 146654 58087
27200 116815 74336
27200 148971 46859
27200 163399 99906
27200 203500 98481
27200 181638 102704
27200 143867 55673
27200 96450 49051
27200 108020 43649
27200 140922 56577
27200 177189 74552
27200 88307 32129
27200 146948 71743
27200 218290 102362
27200 201833 121586
27200 114304 64634
27200 115284 52323
27200 201260 105522
27200 232383 134204
27200 94163 35885
27200 204406 84086
27200 130208 68176
27200 146314 54098
27200 107161 53378
27200 229012 114829
27200 120970 56912
27200 133356 63377
27200 194939 112294
27200 144569 45598
27200 94105 37797
27200 207812 121967
27200 155659 84247
27200 169802 117490
27200 147666 61206
27200 167964 97422
27200 165526 77824
27200 139441 79471
27200 141829 77378
27200 135532 50334
27300 145245 76368
27300 127062 68599
27300 106321 66370
27300 128091 78500
27300 126735 49965
27300 131177 51471
27300 114749 56585
27300 191250 70233
27300 134958 64442
27300 200171 95105
27300 123531 75919
27300 145738 66050
27300 121024 69690
27300 137813 62763
27300 91174 50553
27300 100473 49787
27300 118035 66562
27300 117094 40499
27300 141082 54494
27300 130428 79063
27300 123625 62191
27300 114938 56941
27300 193951 55112
27300 121949 76572
27300 114679 62518
27300 193800 91399
27300 135811 90759
27300 91916 55469
27300 151887 86714
27300 94828 51971
27300 154183 78537
27300 200996 129785
27300 175850 84988
27300 144878 49102
27300 136534 82754
27300 122242 75468
27300 129357 58879
27300 91593 43960
27300 155988 106027
27300 128809 69667
27300 190404 132061
27300 157960 76452
27300 112624 75358
27300 128433 84448
27300 149394 82154
27300 75959 34974
27300 125422 73507
27300 109486 45086
27300 135331 81056
27300 91123 43107
27400 134351 66276
27400 151659 85794
27400 198887 64393
27400 138195 77920
27400 163438 101032
27400 194257 116066
27400 128719 58454
27400 114863 51686
27400 143188 55091
27400 135287 95969
27400 178951 112763
27400 116262 78333
27400 208646 52631
27400 142453 88096
27400 195425 135091
27400 80952 45129
27400 106529 46499
27400 149522 79384
27400 146733 61214
27400 187280 75904
27400 110804 54852
27400 168491 74393
27400 114008 69290
27400 115378 51343
27400 123422 72866
27400 176268 106517
27400 105130 56597
27400 196778 120289
27400 118305 55024
27400 137877 59197
27400 139035 73245
27400 137176 73770
27400 175220 87180
27400 186600 106894
27400 105059 66139
27400 173431 82141
27400 139439 72252
27400 159724 78243
27400 91330 44900
27400 158074 92455
27400 148105 71403
27400 146945 65486
27400 195507 67993
27400 72683 40199
27400 158702 94914
27400 122217 65497
27400 111489 66360
27400 138756 58123
27400 119607 73270
27400 97037 61398
27500 110400 52747
27500 106365 46604
27500 229372 134484
27500 144464 71242
27500 169387 69143
27500 174523 126634
27500 160544 92289
27500 137052 57943
27500 181913 73167
27500 129308 85377
27500 125365 46953
27500 174282 77641
27500 162157 97504
27500 191087 84631
27500 129618 63174
27500 169541 59397
27500 174593 61671
27500 78145 38701
27500 114464 57259
27500 111740 72688
27500 239300 136259
27500 138691 57103
27500 174864 97378
27500 140015 61779
27500 105050 57780
27500 134948 50225
27500 226094 127178
27500 130423 87875
27500 213880 122603
27500 146734 89993
27500 127417 74155
27500 156312 48991
27500 120884 60314
27500 166109 79598
27500 209765 97011
27500 137874 61674
27500 245856 113483
27500 257440 135344
27500 96028 46326
27500 151460 80186
27500 125243 69516
27500 180291 90341
27500 119793 48574
27500 171095 91465
27500 143053 101049
27500 140738 89452
27500 104433 38455
27500 186998 116889
27500 141960 62313
27500 139839 95325
27600 118143 77533
27600 140648 70208
27600 152403 81568
27600 135933 48395
27600 143839 67655
27600 138271 76475
27600 170317 99114
27600 182907 76284
27600 116670 70443
27600 160558 58954
27600 154573 86493
27600 160592 86133
27600 179084 88314
27600 144540 63075
27600 199026 86154
27600 157435 61478
27600 125802 63460
27600 208412 106515
27600 102786 54916
27600 106301 55939
27600 124065 62755
27600 158851 60914
27600 127786 64627
27600 98961 53984
27600 127392 62396
27600 89370 39586
27600 137989 67529
27600 96828 55257
27600 123767 64171
27600 159441 66043
27600 141397 79732
27600 178495 77888
27600 220129 140356
27600 121539 58140
27600 85860 37586
27600 213916 73148
27600 93600 37753
27600 216513 121282
27600 230079 150283
27600 177608 91616
27600 149465 74504
27600 161910 46281
27600 110344 56699
27600 116479 51039
27600 85768 48565
27600 153876 75467
27600 172616 107999
27600 129204 91629
27600 170923 79402
27600 149445 89752
27700 155129 89529
27700 127633 74891
27700 117044 68316
27700 158530 74593
27700 174169 53384
27700 165969 84027
27700 170313 68808
27700 149913 75008
27700 161383 96725
27700 98982 45072
27700 142725 61711
27700 130145 74058
27700 157465 69714
27700 102598 60667
27700 122854 45859
27700 122390 63168
27700 128666 71027
27700 107745 61226
27700 88937 43346
27700 116204 58962
27700 135040 47848
27700 207766 86430
27700 126768 82808
27700 142444 56853
27700 135617 78365
27700 113531 38145
27700 143991 45953
27700 213065 99557
27700 153365 95211
27700 174167 110307
27700 134157 51668
27700 143926 85790
27700 142267 60524
27700 154505 62533
27700 182974 78126
27700 180665 73768
27700 138863 77499
27700 185481 92153
27700 117544 57539
27700 162732 110089
27700 134053 95633
27700 154226 76733
27700 119653 60483
27700 128278 73113
27700 188079 90303
27700 115243 42853
27700 128196 67737
27700 81705 37824
27700 136949 80294
27700 179328 85659
27800 144119 94362
27800 113865 41240
27800 144689 88172
27800 108422 55323
27800 155096 100979
27800 170548 60789
27800 217673 82379
27800 134591 90789
27800 97123 45661
27800 145606 54522
27800 173130 83538
27800 134991 60377
27800 172914 100072
27800 116454 74051
27800 154424 89686
27800 122140 47325
27800 143746 76539
27800 127302 49972
27800 141296 71707
27800 128794 52165
27800 157375 63424
27800 137352 65376
27800 124685 50716
27800 124191 80885
27800 162849 76846
27800 152003 76002
27800 191837 139373
27800 108427 40564
27800 97399 45163
27800 148758 94744
27800 117284 44972
27800 163346 113751
27800 194871 102376
27800 165802 101862
27800 135820 63312
27800 124168 52049
27800 169227 65282
27800 126976 58281
27800 173642 59645
27800 134348 45615
27800 166853 68694
27800 99279 51593
27800 154314 65161
27800 203836 119917
27800 147604 87553
27800 89985 46984
27800 129498 63002
27800 186506 60686
27800 169374 84153
27800 157712 62250
27900 120826 56148
27900 146706 43533
27900 138919 84909
27900 173706 81833
27900 110904 51165
27900 96740 58732
27900 169847 92597
27900 236922 121758
27900 158053 68049
27900 100595 56475
27900 131831 77341
27900 145917 84216
27900 128945 76323
27900 110980 63337
27900 159848 57143
27900 112549 48628
27900 130993 93054
27900 125548 68019
27900 157266 61700
27900 155653 111080
27900 110300 60047
27900 132959 39716
27900 138291 75047
27900 180453 121969
27900 158170 76348
27900 131666 68990
27900 78699 45507
27900 166002 99657
27900 160384 102427
27900 305700 149072
27900 113563 66068
27900 126903 85901
27900 114972 46139
27900 111229 65329
27900 177286 111203
27900 169427 83711
27900 179916 82003
27900 167382 65855
27900 113989 50411
27900 125866 45706
27900 165243 58669
27900 132924 66636
27900 122243 68939
27900 180511 98665
27900 169935 72004
27900 255313 114432
27900 242501 104094
27900 128266 60705
27900 174882 58456
27900 200889 87560
28000 171671 83775
28000 225983 94799
28000 94913 47954
28000 154369 69489
28000 127645 73643
28000 151171 79952
28000 145637 92679
28000 124111 87917
28000 84024 41875
28000 156507 90146
28000 102300 49921
28000 102371 50258
28000 112625 54540
28000 135740 51550
28000 169943 87532
28000 115566 60631
28000 143972 84249
28000 82015 39895
28000 136621 72049
28000 164346 99355
28000 150203 89815
28000 151455 70958
28000 123554 81579
28000 126629 65409
28000 168467 99960
28000 209836 79333
28000 130533 65146
28000 175096 64312
28000 154225 74342
28000 139524 66764
28000 177045 96949
28000 159318 55250
28000 100102 48640
28000 176715 87987
28000 149728 74590
28000 126923 42155
28000 160890 79767
28000 101417 50438
28000 129777 56644
28000 121509 70841
28000 203297 83746
28000 150105 89096
28000 99393 65978
28000 160356 79732
28000 150270 85845
28000 162260 73871
28000 97976 50708
28000 176092 100225
28000 134065 62218
28000 166929 97574
28100 85652 43028
28100 213583 105044
28100 142999 66400
28100 168374 84386
28100 215068 138883
28100 151622 58625
28100 165910 78033
28100 200451 72950
28100 207991 95208
28100 112699 47648
28100 95220 43897
28100 242020 134029
28100 155650 99567
28100 143484 62236
28100 98637 62942
28100 171437 55911
28100 148247 86153
28100 133153 75107
28100 136683 79706
28100 183237 60152
28100 158424 65330
28100 127167 56305
28100 159346 104342
28100 175222 97742
28100 157172 47888
28100 100170 47197
28100 141254 68189
28100 91521 45795
28100 188914 96383
28100 124067 83778
28100 101970 39793
28100 126614 57974
28100 178838 105127
28100 133973 50678
28100 140976 67575
28100 134912 63446
28100 118245 76735
28100 168448 84610
28100 163823 65437
28100 226920 102127
28100 130118 65759
28100 176703 55749
28100 142881 66255
28100 174248 67649
28100 105502 57225
28100 126518 52594
28100 166871 69120
28100 178186 65698
28100 138141 53172
28100 128332 70757
28200 157086 53489
28200 180734 63838
28200 122296 54745
28200 207842 103619
28200 133801 72229
28200 93028 53901
28200 112674 72640
28200 190575 68142
28200 138100 69693
28200 144570 79771
28200 147737 87418
28200 100394 50681
28200 156430 86702
28200 142007 91840
28200 124635 66406
28200 227260 120720
28200 94816 52456
28200 228014 111522
28200 184041 124674
28200 101066 55706
28200 193675 74906
28200 119712 61437
28200 153567 97788
28200 129467 47070
28200 141665 65646
28200 149218 71056
28200 132263 47254
28200 159323 67615
28200 131843 58790
28200 126890 69206
28200 203763 57990
28200 170114 58425
28200 182463 90968
28200 173071 112805
28200 126729 66016
28200 161869 89788
28200 155407 87126
28200 125682 79615
28200 147418 88310
28200 147779 64674
28200 143063 94923
28200 222238 98418
28200 168052 71353
28200 123799 52827
28200 134553 62692
28200 93802 48655
28200 175331 90014
28200 116196 70175
28200 118616 47938
28200 223483 95131
28300 141211 71009
28300 134435 67034
28300 171028 96222
28300 146648 46246
28300 166203 106111
28300 159351 70226
28300 148701 71925
28300 235986 127511
28300 137544 69811
28300 220206 124250
28300 95396 56955
28300 137563 77161
28300 117359 59300
28300 170134 88551
28300 183348 49510
28300 118349 63452
28300 200875 129910
28300 152286 78569
28300 80015 44913
28300 89670 50742
28300 156270 94435
28300 137426 49568
28300 115651 53189
28300 164279 72556
28300 186122 91625
28300 142387 69475
28300 117478 50969
28300 105356 51972
28300 140807 69678
28300 147542 74114
28300 177941 112828
28300 148884 71547
28300 155966 73963
28300 159891 92994
28300 147468 91946
28300 121808 60866
28300 99012 51236
28300 138190 72729
28300 126921 39478
28300 122760 61189
28300 204205 88583
28300 157265 60942
28300 226269 83489
28300 190246 117203
28300 214523 92830
28300 133992 65592
28300 180011 76127
28300 112118 60378
28300 131633 75293
28300 110922 59220
28400 172719 82732
28400 166481 109019
28400 154527 51520
28400 140444 62574
28400 172492 105313
28400 181226 76276
28400 129559 65217
28400 218903 108238
28400 141132 68702
28400 121083 46576
28400 168935 74659
28400 105281 56601
28400 134799 79503
28400 96854 55676
28400 141089 67723
28400 156250 76745
28400 142283 76065
28400 185519 88675
28400 188470 114185
28400 131854 46826
28400 160651 63746
28400 131426 60511
28400 224978 78909
28400 84600 38848
28400 142645 77247
28400 192733 100912
28400 158815 75476
28400 92218 49384
28400 129408 61085
28400 120304 56848
28400 161280 90051
28400 136763 75501
28400 146500 66405
28400 93417 49125
28400 128067 40454
28400 210967 98977
28400 201543 86999
28400 161283 83018
28400 125919 60917
28400 149051 95118
28400 107202 66522
28400 115138 57906
28400 192693 52991
28400 135514 69812
28400 135368 52122
28400 108490 53252
28400 195532 55202
28400 168372 114124
28400 160374 70907
28400 118872 56480
28500 175892 102939
28500 148708 81712
28500 204273 122854
28500 123271 47578
28500 141555 86228
28500 192123 91490
28500 184949 108836
28500 187348 65110
28500 117070 63561
28500 228747 89829
28500 140714 66008
28500 163709 54728
28500 185983 83926
28500 140803 94885
28500 122427 72289
28500 214776 121463
28500 152550 67420
28500 184246 62986
28500 205266 102145
28500 107151 45380
28500 126536 55598
28500 233595 92958
28500 182752 102925
28500 140779 60911
28500 236332 163097
28500 151006 68837
28500 135872 76391
28500 123131 73560
28500 136508 53220
28500 231616 100127
28500 173988 87341
28500 150973 83653
28500 129519 72996
28500 118084 40127
28500 240382 139642
28500 134510 75029
28500 149038 80388
28500 110378 44732
28500 150545 65051
28500 180971 95582
28500 161405 71491
28500 138796 87900
28500 110599 72819
28500 109607 62141
28500 107986 49910
28500 186830 80943
28500 181133 93663
28500 170756 101942
28500 151284 86379
28500 129276 83300
28600 174503 50606
28600 152880 51847
28600 120985 73111
28600 126577 64415
28600 94238 54881
28600 118106 54198
28600 120568 70368
28600 187765 94864
28600 135509 79065
28600 151453 86004
28600 99009 35936
28600 206423 65876
28600 158365 41555
28600 138694 81720
28600 119803 40919
28600 207574 166299
28600 122387 79641
28600 133138 70725
28600 160267 73985
28600 128382 50973
28600 244479 72234
28600 127449 49125
28600 193036 94262
28600 176860 77413
28600 174560 87305
28600 185384 105064
28600 94915 51285
28600 203996 121421
28600 138510 50949
28600 130780 73478
28600 101997 46733
28600 117436 47631
28600 116787 74048
28600 160587 81392
28600 156724 93631
28600 185708 98643
28600 238176 104151
28600 223189 128600
28600 123102 73405
28600 188238 96234
28600 169214 78873
28600 180911 76417
28600 164281 68899
28600 174143 126040
28600 130647 85360
28600 159055 59180
28600 148830 73288
28600 127202 79439
28600 138117 60184
28600 181980 102425
28700 112609 51285
28700 146877 108085
28700 173861 77387
28700 135471 72958
28700 189862 43802
28700 157985 92822
28700 127162 59989
28700 147575 51204
28700 163534 41623
28700 138172 72861
28700 165637 89213
28700 118058 72049
28700 203775 132256
28700 93892 49159
28700 171455 84583
28700 184564 84553
28700 176055 86800
28700 144150 63796
28700 114814 67967
28700 138429 76488
28700 120625 60592
28700 169460 114786
28700 155818 67821
28700 291878 115226
28700 172211 100027
28700 185852 74026
28700 158740 96851
28700 121691 46773
28700 160177 96665
28700 147154 66372
28700 191981 47168
28700 115497 66710
28700 171703 55040
28700 174290 109940
28700 210079 132297
28700 143096 71848
28700 142845 96341
28700 146768 69537
28700 165031 111838
28700 168141 78169
28700 77309 40389
28700 125953 73627
28700 97605 38974
28700 124408 71529
28700 96431 39010
28700 164476 83800
28700 161648 64334
28700 131393 46760
28700 178002 84922
28700 150245 70122
28800 135234 86079
28800 181505 84370
28800 159047 99546
28800 199066 77145
28800 156009 65760
28800 238039 81827
28800 126814 50116
28800 136603 77674
28800 175073 112895
28800 168259 108412
28800 129666 50713
28800 202059 83461
28800 136984 78058
28800 152103 65332
28800 177987 62745
28800 156558 61215
28800 234082 137852
28800 135128 60324
28800 137108 96036
28800 100005 36624
28800 184733 84608
28800 115200 67657
28800 120732 68867
28800 215157 125053
28800 175498 111817
28800 115078 64450
28800 155682 65616
28800 243783 125118
28800 147416 81977
28800 136485 80275
28800 127421 57739
28800 115325 47472
28800 134980 69627
28800 154160 68701
28800 172514 63922
28800 118438 65261
28800 114489 53447
28800 89874 38109
28800 181577 82459
28800 96721 48014
28800 134168 59924
28800 144735 51187
28800 88001 45013
28800 239847 98412
28800 109530 55461
28800 192407 102746
28800 145299 95720
28800 225847 124412
28800 228445 85754
28800 157533 46593
28900 154227 98492
28900 116980 53772
28900 163604 92532
28900 158389 59773
28900 170571 90410
28900 122888 62620
28900 120466 44624
28900 128946 64635
28900 104624 54294
28900 240992 77886
28900 182773 85431
28900 159426 41046
28900 118125 75313
28900 209338 88754
28900 174160 81733
28900 130004 66354
28900 186218 76630
28900 188605 111371
28900 144828 68514
28900 140899 83945
28900 113929 75260
28900 116106 73600
28900 180785 92140
28900 166515 90002
28900 205667 109616
28900 185551 90798
28900 123177 68133
28900 146107 58831
28900 148211 96690
28900 132035 49969
28900 185465 101599
28900 132314 65410
28900 157702 87456
28900 119504 48472
28900 95070 47533
28900 93359 51742
28900 144239 84494
28900 173232 77164
28900 174210 50060
28900 148102 80413
28900 189681 72244
28900 111686 52840
28900 183768 48444
28900 97124 58039
28900 173146 105585
28900 151552 69468
28900 163856 57813
28900 183021 114278
28900 126463 77290
28900 130720 44410
29000 141668 60396
29000 106079 41937
29000 155548 78581
29000 130899 64795
29000 135696 65439
29000 145587 63678
29000 220538 144363
29000 138484 63403
29000 190481 76914
29000 161802 56497
29000 175378 127503
29000 109526 58532
29000 188589 112669
29000 129788 59185
29000 148482 94755
29000 111056 50275
29000 153921 69012
29000 161827 70142
29000 107014 53949
29000 165159 75700
29000 225598 131659
29000 147644 64439
29000 161228 90345
29000 112387 44564
29000 218895 94822
29000 152959 51959
29000 142151 62900
29000 161728 79695
29000 231228 116734
29000 129520 87234
29000 117803 68741
29000 237410 110506
29000 197344 94334
29000 189268 109057
29000 211141 112507
29000 158484 89148
29000 148426 66198
29000 176053 93156
29000 116763 60070
29000 168473 50064
29000 170226 62597
29000 163558 59922
29000 166997 75244
29000 92112 48169
29000 203857 124922
29000 209305 137191
29000 114984 71170
29000 148602 56304
29000 153381 53992
29000 192664 97820
29100 187088 87949
29100 126293 42243
29100 133329 47252
29100 149542 99450
29100 140721 66510
29100 148027 62471
29100 86968 36466
29100 145330 50070
29100 114488 75295
29100 149532 83484
29100 152182 56038
29100 124806 56521
29100 196246 83686
29100 173706 75783
29100 194613 107951
29100 153962 77209
29100 97596 46437
29100 201122 103790
29100 232672 105930
29100 205572 72838
29100 145169 74769
29100 187791 90419
29100 143219 61234
29100 140744 66003
29100 151342 77646
29100 117585 65203
29100 87536 52340
29100 193664 106113
29100 154531 109551
29100 91799 51782
29100 146217 82987
29100 200945 123322
29100 138686 71604
29100 188912 87653
29100 175887 105177
29100 205681 92234
29100 193262 124381
29100 151197 60436
29100 104284 50519
29100 122406 69700
29100 141708 66888
29100 201172 69925
29100 127743 64660
29100 168953 88911
29100 183915 83341
29100 191629 77225
29100 146688 96419
29100 172794 97287
29100 190272 109701
29100 106218 49150
29200 149690 82480
29200 168618 112507
29200 97927 40322
29200 164559 73198
29200 110827 38431
29200 160167 97694
29200 191217 107307
29200 177944 51076
29200 178874 71409
29200 128421 56594
29200 182988 104879
29200 125101 81099
29200 187326 122457
29200 222076 108251
29200 129920 62776
29200 266197 65404
29200 128563 70935
29200 128744 86350
29200 200594 75748
29200 121418 43981
29200 179556 97360
29200 217754 108072
29200 113708 62534
29200 154790 81388
29200 173727 58895
29200 128563 63091
29200 171846 85819
29200 197814 120500
29200 174646 67685
29200 212730 66873
29200 138197 67768
29200 199136 133102
29200 149927 69031
29200 138265 82046
29200 127003 60119
29200 174563 104497
29200 155512 80700
29200 164089 87542
29200 174503 82279
29200 127499 50093
29200 159807 75910
29200 177806 70462
29200 151673 70553
29200 109772 52304
29200 171375 96231
29200 156436 73448
29200 118014 57185
29200 134137 73288
29200 114595 54810
29200 168320 97774
29300 83758 43946
29300 102409 52519
29300 133910 69116
29300 204175 106735
29300 145680 78771
29300 116301 63718
29300 188808 97870
29300 120522 62378
29300 180047 71873
29300 170583 104498
29300 137006 41590
29300 146600 62238
29300 123148 70036
29300 190044 133793
29300 117548 39281
29300 152374 87564
29300 126407 66867
29300 137651 56446
29300 184357 79893
29300 169650 96021
29300 145253 81018
29300 109482 55567
29300 270774 116647
29300 119154 45167
29300 169457 80783
29300 160650 64896
29300 144157 81683
29300 254853 119589
29300 210700 97443
29300 123807 52190
29300 121880 75671
29300 129338 53833
29300 127723 55874
29300 156567 102898
29300 122939 48081
29300 118486 62729
29300 196215 101165
29300 176325 73157
29300 186560 107107
29300 138368 67849
29300 116756 45210
29300 135032 66319
29300 112887 58261
29300 127311 55879
29300 120835 45441
29300 165098 98582
29300 150693 76915
29300 143988 88678
29300 139351 86477
29300 152205 58143
29400 157748 112425
29400 132227 62727
29400 208647 103652
29400 152998 55080
29400 143347 93454
29400 131440 69733
29400 182288 110204
29400 125297 64772
29400 133812 55642
29400 224680 91616
29400 134540 59845
29400 190913 106696
29400 141528 49432
29400 137084 56055
29400 159568 105116
29400 123840 79607
29400 143821 93973
29400 156128 93361
29400 148832 80082
29400 182782 89911
29400 141542 63293
29400 107344 54871
29400 131695 57655
29400 141821 35974
29400 153041 53868
29400 206364 97400
29400 164297 41440
29400 106291 63544
29400 123602 61632
29400 151937 77122
29400 210806 92640
29400 186535 84746
29400 155659 81879
29400 130704 80720
29400 160780 66360
29400 108396 32553
29400 150155 92091
29400 140039 75897
29400 133770 39396
29400 171279 83280
29400 127960 57937
29400 132003 68473
29400 228129 142190
29400 128760 70789
29400 107034 56759
29400 159335 108570
29400 172853 79479
29400 222718 107285
29400 153447 95443
29400 156956 87746
29500 238169 138797
29500 136905 61743
29500 119036 55720
29500 251407 105795
29500 164606 63221
29500 160037 81927
29500 204717 106419
29500 173177 77852
29500 166608 71121
29500 146285 82953
29500 138146 70317
29500 125218 70450
29500 176739 80052
29500 141743 72947
29500 200440 99847
29500 150251 87831
29500 128488 65816
29500 168713 37541
29500 123576 77057
29500 167459 104159
29500 165969 63640
29500 122876 54558
29500 120650 60464
29500 142698 66933
29500 112924 55883
29500 128516 40780
29500 163691 87316
29500 133624 76357
29500 187523 106835
29500 158363 79114
29500 101804 53198
29500 166322 107215
29500 134814 74208
29500 144679 86323
29500 111681 59819
29500 99700 53899
29500 130101 81128
29500 168058 58591
29500 92742 48259
29500 190537 91419
29500 184476 95851
29500 148884 68610
29500 162275 77585
29500 218112 99540
29500 131730 56362
29500 187805 97015
29500 152064 67515
29500 156824 72726
29500 119806 68241
29500 154556 70352
29600 172584 76864
29600 120040 66891
29600 146179 58740
29600 193675 113962
29600 195412 88884
29600 191004 120811
29600 93003 48310
29600 175243 101137
29600 192550 88739
29600 174333 96112
29600 98364 44795
29600 120779 48776
29600 119841 49843
29600 151861 63655
29600 224277 91848
29600 125315 58805
29600 226664 128011
29600 123180 55453
29600 98976 39906
29600 175659 70899
29600 139557 78748
29600 129587 58571
29600 219366 129241
29600 178874 108995
29600 106936 44443
29600 222915 104966
29600 211196 96987
29600 160502 75453
29600 133247 96908
29600 166437 84976
29600 199078 110840
29600 119541 45154
29600 214360 117742
29600 147083 43719
29600 183800 53609
29600 184151 101418
29600 154470 99378
29600 158880 92817
29600 123804 67013
29600 176352 82681
29600 207448 152697
29600 133387 41664
29600 133177 83694
29600 142151 62776
29600 250867 109250
29600 127308 77501
29600 162435 104123
29600 170107 79350
29600 160992 60475
29600 190769 113856
29700 131628 72776
29700 201235 89562
29700 186638 77597
29700 131916 62295
29700 208462 99380
29700 136463 56486
29700 217624 109163
29700 126530 69999
29700 182859 103498
29700 130593 55131
29700 207225 106728
29700 170529 64699
29700 210474 94521
29700 113516 65284
29700 127056 60870
29700 116184 56725
29700 179364 66701
29700 186370 132107
29700 134368 65105
29700 113809 66806
29700 158348 90542
29700 143773 66198
29700 127497 62904
29700 219273 130665
29700 151487 66834
29700 122588 52767
29700 151075 76884
29700 201958 124091
29700 89516 44750
29700 154136 71174
29700 151287 52777
29700 156868 66025
29700 149338 108320
29700 161818 83739
29700 163743 82935
29700 188594 104007
29700 190321 125600
29700 142985 76439
29700 185865 63594
29700 166766 57722
29700 182286 125422
29700 158017 77069
29700 142703 55468
29700 122347 49372
29700 192872 85155
29700 207802 113450
29700 131703 84642
29700 105673 53652
29700 177978 69353
29700 143191 53149
29800 118717 47096
29800 144434 61826
29800 213716 101417
29800 185120 87115
29800 167159 92183
29800 198950 90959
29800 130957 63207
29800 163046 76269
29800 181277 93161
29800 150023 87312
29800 199672 104221
29800 205671 75061
29800 182375 135353
29800 166400 68816
29800 241067 133051
29800 155671 93982
29800 235273 144124
29800 127168 73280
29800 209401 162136
29800 146551 63255
29800 236859 142807
29800 218089 135088
29800 93931 50256
29800 143060 79003
29800 157632 53383
29800 169845 94596
29800 140116 75614
29800 131533 66873
29800 125224 48862
29800 93262 41256
29800 164944 85260
29800 136244 63020
29800 83124 39402
29800 109667 49725
29800 161303 79576
29800 140299 53956
29800 198065 87302
29800 158058 100268
29800 149383 72313
29800 118446 57957
29800 195357 85869
29800 133759 93089
29800 106398 69222
29800 136969 89718
29800 130585 64442
29800 163753 104380
29800 123080 53896
29800 171521 79313
29800 217583 146859
29800 157884 62105
29900 133154 48189
29900 166374 76624
29900 255268 129618
29900 141694 92243
29900 140894 61074
29900 161858 50682
29900 170903 61961
29900 205567 65919
29900 169669 68763
29900 180471 124262
29900 80737 41034
29900 149345 49186
29900 144914 69407
29900 176118 58568
29900 182677 110257
29900 96255 50100
29900 180603 71403
29900 210004 140462
29900 164883 77844
29900 134721 75065
29900 188759 41326
29900 170880 104957
29900 222408 125354
29900 199162 109110
29900 162086 81205
29900 183537 81754
29900 132410 75419
29900 151426 82341
29900 153447 94731
29900 129850 65724
29900 151583 64327
29900 189650 106826
29900 154268 88578
29900 147009 56379
29900 156894 89552
29900 140929 53620
29900 232498 122153
29900 184809 72983
29900 192652 58738
29900 108848 44908
29900 130957 68911
29900 181101 73973
29900 146652 67762
29900 218220 103846
29900 153022 63192
29900 129239 63615
29900 154186 82320
29900 168375 80002
29900 116486 45872
29900 179949 94061
30000 189127 84563
30000 210453 153475
30000 141153 64928
30000 113582 68774
30000 155827 71391
30000 98283 48683
30000 118348 51893
30000 120679 63391
30000 126297 77645
30000 142667 56311
30000 132376 75720
30000 121770 38924
30000 260857 159855
30000 136271 94517
30000 135407 70707
30000 152411 74856
30000 164195 69278
30000 167545 76731
30000 105232 43016
30000 148059 70463
30000 161236 96250
30000 205379 90569
30000 122037 76220
30000 122597 60595
30000 188774 51641
30000 203684 86276
30000 162175 94536
30000 139161 69281
30000 138076 75833
30000 182230 82826
30000 94018 40454
30000 202781 100656
30000 134208 93820
30000 246828 101017
30000 133313 83995
30000 206877 107494
30000 168493 96701
30000 126699 80315
30000 152006 52249
30000 122779 83739
30000 143689 65033
30000 131451 83692
30000 217468 144994
30000 216792 111630
30000 163948 69548
30000 135851 53718
30000 178445 88723
30000 115790 71499
30000 153899 72804
30000 161577 69929
30100 136220 82030
30100 198437 103025
30100 135004 56284
30100 150598 69339
30100 164878 54420
30100 165478 97504
30100 205344 97946
30100 110045 40077
30100 165432 101652
30100 157179 78165
30100 176593 107216
30100 145757 61253
30100 177241 61868
30100 119475 60897
30100 179783 44817
30100 284610 93621
30100 235352 123210
30100 135581 75886
30100 112803 58250
30100 169984 70857
30100 111366 40970
30100 183137 83487
30100 94478 49704
30100 139129 57343
30100 181531 116849
30100 192093 111589
30100 124203 62852
30100 128102 69901
30100 139636 68223
30100 224503 130514
30100 127116 42492
30100 169375 89059
30100 303879 150592
30100 129024 71763
30100 170922 104710
30100 159162 77648
30100 131668 46959
30100 126577 47837
30100 184570 66898
30100 176108 95436
30100 122175 52434
30100 131211 59329
30100 147112 47098
30100 130825 82781
30100 164812 54712
30100 204300 114375
30100 142177 76158
30100 266408 91772
30100 151122 87410
30100 172023 71403
30200 141977 69707
30200 105304 64154
30200 215976 115056
30200 100908 56064
30200 138563 84067
30200 151156 58552
30200 165842 119820
30200 129879 55055
30200 122646 45370
30200 220934 108483
30200 111084 49588
30200 209151 145697
30200 157257 73209
30200 104705 48414
30200 151284 55083
30200 170653 124630
30200 169184 96328
30200 140182 71099
30200 188850 84301
30200 185307 101922
30200 161978 98005
30200 144514 85092
30200 132322 71479
30200 144590 72428
30200 168025 56728
30200 213744 137632
30200 161545 82497
30200 112978 47187
30200 131282 61683
30200 147782 46113
30200 120850 68808
30200 125160 81824
30200 157364 68094
30200 121526 57621
30200 130521 73722
30200 146730 80541
30200 169979 49575
30200 172043 84608
30200 124291 65949
30200 115312 57295
30200 253535 159801
30200 181960 72743
30200 122697 53024
30200 145345 53751
30200 152085 87039
30200 126832 58910
30200 138357 77325
30200 146858 67620
30200 138917 60765
30200 137078 62195
30300 183650 75983
30300 153093 58860
30300 161000 73282
30300 159485 82452
30300 130760 61270
30300 180479 97582
30300 157489 109772
30300 102853 58127
30300 143500 55261
30300 151572 66989
30300 125074 53080
30300 162394 79815
30300 179177 91172
30300 165200 102049
30300 176869 95887
30300 86509 41471
30300 151322 60862
30300 141908 75800
30300 95218 47994
30300 164341 103767
30300 119686 66060
30300 138481 68106
30300 196759 84376
30300 200205 72921
30300 176262 118162
30300 159936 98105
30300 172641 86337
30300 129621 78318
30300 128565 42077
30300 165840 84901
30300 154001 79238
30300 145658 73023
30300 220980 127912
30300 155232 64150
30300 171035 77634
30300 122824 48092
30300 139982 88466
30300 147915 90015
30300 102746 52496
30300 150787 101443
30300 194376 87470
30300 183764 108210
30300 238933 103817
30300 133864 60502
30300 183097 107719
30300 127537 70036
30300 202468 67779
30300 187041 99808
30300 129762 88589
30300 136865 76214
30400 122430 46232
30400 118598 62384
30400 132972 43160
30400 156784 53843
30400 200233 100267
30400 252373 140314
30400 209912 81015
30400 191151 113260
30400 122989 58240
30400 245652 145000
30400 166300 85427
30400 208952 121094
30400 185908 75455
30400 191797 79942
30400 197270 129399
30400 174125 93215
30400 158779 46631
30400 160477 78496
30400 206848 94417
30400 130673 65966
30400 164198 94470
30400 218351 79473
30400 139114 73350
30400 135510 87739
30400 134224 53331
30400 182177 108553
30400 178838 69408
30400 117987 57016
30400 117606 69555
30400 142324 51677
30400 165898 103984
30400 223172 129201
30400 140180 83538
30400 119564 66930
30400 140656 70217
30400 102658 50100
30400 92976 38671
30400 171714 100843
30400 209073 95584
30400 198858 107787
30400 98491 52132
30400 193726 64794
30400 211226 135752
30400 200112 94446
30400 168102 72393
30400 162404 63330
30400 132671 88878
30400 185524 72230
30400 103847 53698
30400 160239 59510
30500 146986 64039
30500 185151 110954
30500 167028 51669
30500 145626 65670
30500 112437 68833
30500 175959 72198
30500 164284 54424
30500 136996 75615
30500 187161 56150
30500 203276 104835
30500 202161 118658
30500 240522 115909
30500 165155 85409
30500 232655 127673
30500 174930 91870
30500 222560 112505
30500 143053 63652
30500 171064 61011
30500 185936 83446
30500 163856 64488
30500 171990 71814
30500 199149 107160
30500 155354 66551
30500 209445 137219
30500 136996 63009
30500 149185 58885
30500 193724 119171
30500 158995 102062
30500 131712 72379
30500 203127 113600
30500 142715 79076
30500 115322 39536
30500 146024 90029
30500 117621 58565
30500 147099 83592
30500 157735 74519
30500 113786 42195
30500 196153 90244
30500 226536 95620
30500 168748 92361
30500 161834 64357
30500 163069 79254
30500 123019 69567
30500 134459 53939
30500 209814 110781
30500 220325 111403
30500 130695 64225
30500 211130 75109
30500 170267 72642
30500 219594 152249
30600 198217 80259
30600 172424 103015
30600 147037 71985
30600 219202 130632
30600 154971 82622
30600 201279 105679
30600 174262 110486
30600 284705 141788
30600 97212 42762
30600 133727 83389
30600 129659 58602
30600 118409 53422
30600 162726 54999
30600 144020 42924
30600 186894 89410
30600 248172 92631
30600 115695 41721
30600 118137 67449
30600 232116 136214
30600 161727 84363
30600 134473 97026
30600 152342 93641
30600 181924 67481
30600 145595 47395
30600 141160 76469
30600 161074 103035
30600 177314 61372
30600 178938 84763
30600 133671 56092
30600 172244 84235
30600 172558 73861
30600 188836 88266
30600 181352 98911
30600 240040 89153
30600 174611 76257
30600 153767 63498
30600 166219 98263
30600 188154 77131
30600 179177 82623
30600 220493 113323
30600 199360 100373
30600 151605 64946
30600 121474 50419
30600 169299 45095
30600 159193 54753
30600 251646 131449
30600 134243 62088
30600 130995 83324
30600 166944 74380
30600 189171 75556
30700 140629 56355
30700 140866 75732
30700 144315 76780
30700 154292 70497
30700 191524 109613
30700 126968 45681
30700 264656 171872
30700 133896 73630
30700 145686 51172
30700 293060 157704
30700 135795 90037
30700 109165 64233
30700 116940 69925
30700 166489 120606
30700 135820 66313
30700 191971 97889
30700 181814 44109
30700 130158 80392
30700 174930 83362
30700 235667 70340
30700 151687 107165
30700 123863 46305
30700 104201 52952
30700 159746 103385
30700 173364 83951
30700 159272 66176
30700 146835 52282
30700 148227 79967
30700 283175 144900
30700 107964 55606
30700 118679 54439
30700 173349 116810
30700 202322 145048
30700 134944 75534
30700 247663 158286
30700 167711 58773
30700 86336 41586
30700 140395 42393
30700 172917 57471
30700 139976 92369
30700 185975 108749
30700 127391 52203
30700 138303 47115
30700 135712 64135
30700 187456 133440
30700 166665 93031
30700 114216 63204
30700 326164 180683
30700 217330 99804
30700 153097 89131
30800 171674 84210
30800 136572 72936
30800 139670 73857
30800 179087 56637
30800 234918 141773
30800 170817 102604
30800 207895 77710
30800 146646 103950
30800 141786 67958
30800 144358 84969
30800 206069 134588
30800 132739 70934
30800 140254 65452
30800 160136 48719
30800 177396 110331
30800 128314 55084
30800 123479 58530
30800 146395 76528
30800 227472 143957
30800 129159 40888
30800 178591 94052
30800 103660 60049
30800 132216 61386
30800 203217 76120
30800 101812 51464
30800 140195 56603
30800 195358 71879
30800 140904 73001
30800 212826 113789
30800 181503 105914
30800 204292 85792
30800 145685 98100
30800 208354 156225
30800 131811 63502
30800 194930 61372
30800 151830 72705
30800 213352 110222
30800 165069 96189
30800 230089 115410
30800 172853 107503
30800 162699 81409
30800 153051 62907
30800 148047 76920
30800 176913 96737
30800 216390 120949
30800 115225 70397
30800 170323 93734
30800 123993 72877
30800 135028 84596
30800 170722 108347
30900 137463 69411
30900 116470 65725
30900 162809 66688
30900 197105 71396
30900 144835 79293
30900 266933 130473
30900 131188 49031
30900 124371 62153
30900 164748 80138
30900 230295 91044
30900 107781 62693
30900 224773 167902
30900 206226 113210
30900 194242 153737
30900 160414 80342
30900 149773 78015
30900 161848 65442
30900 159972 61638
30900 145880 96047
30900 184065 91520
30900 184127 83517
30900 155747 98617
30900 144667 75705
30900 137686 77240
30900 151861 77478
30900 166006 72699
30900 180327 84147
30900 123543 58825
30900 196959 115741
30900 163250 87495
30900 200534 112072
30900 135962 87593
30900 206648 99087
30900 165578 90052
30900 171005 93713
30900 178389 91751
30900 196478 98252
30900 202860 113793
30900 179869 90231
30900 204559 114087
30900 201988 141145
30900 111649 46458
30900 228247 101460
30900 152115 97716
30900 171699 85209
30900 133680 76941
30900 176531 98431
30900 247703 85702
30900 150951 86653
30900 177369 127228
31000 149875 51605
31000 167673 56977
31000 131458 91749
31000 126186 65118
31000 134072 84801
31000 147588 67472
31000 128694 66855
31000 195265 81805
31000 162482 75322
31000 207532 103606
31000 101620 56351
31000 200040 109626
31000 108049 60108
31000 129254 72625
31000 142709 63250
31000 224783 115097
31000 93437 47203
31000 139327 41412
31000 142443 72202
31000 122265 63377
31000 136550 88059
31000 140469 57029
31000 129636 64439
31000 221054 124563
31000 205179 117132
31000 102584 41173
31000 174804 85144
31000 190519 70378
31000 202069 113605
31000 134076 82190
31000 154159 46780
31000 236208 126809
31000 196727 93504
31000 210876 94707
31000 150859 63888
31000 132893 58193
31000 136201 51925
31000 230472 125188
31000 171221 108318
31000 157131 85347
31000 138272 53732
31000 252023 68827
31000 116177 64144
31000 141773 59132
31000 154507 71681
31000 176959 97353
31000 129042 72974
31000 152404 89841
31000 155662 83918
31000 137068 52249
31100 216642 120540
31100 160871 99012
31100 117495 70530
31100 157075 114864
31100 163091 77372
31100 160657 51091
31100 244768 124428
31100 164315 82914
31100 119718 62009
31100 253501 133690
31100 109875 45111
31100 132130 78312
31100 130357 56039
31100 156007 68855
31100 165304 105374
31100 157688 75327
31100 158546 91461
31100 127778 55937
31100 166837 75911
31100 131992 41533
31100 187798 123630
31100 199728 139109
31100 133835 77565
31100 126417 40235
31100 137539 41401
31100 171483 72316
31100 142686 98663
31100 169011 114937
31100 230792 92503
31100 184850 44953
31100 119337 57328
31100 170532 76851
31100 170613 109547
31100 202842 88976
31100 121812 48486
31100 132623 62991
31100 140790 93849
31100 153953 67089
31100 158134 69054
31100 198097 128053
31100 133207 50034
31100 182987 87633
31100 116610 71378
31100 114255 64344
31100 196950 74432
31100 142226 75028
31100 151002 81553
31100 263244 79436
31100 132506 61379
31100 179614 108786
31200 161440 51896
31200 134995 78997
31200 109063 44496
31200 117881 54380
31200 233508 82300
31200 212733 104323
31200 121857 73833
31200 184841 81190
31200 199361 106153
31200 151902 70805
31200 133993 63035
31200 169987 58699
31200 174326 84412
31200 158617 56742
31200 212971 105960
31200 140769 66271
31200 127136 54010
31200 133141 70670
31200 172203 68488
31200 175617 67652
31200 155234 73426
31200 189505 77195
31200 201030 66226
31200 145068 83714
31200 84012 36843
31200 203387 116913
31200 154777 47644
31200 178487 98302
31200 146896 90446
31200 188136 119735
31200 106310 43821
31200 178367 47417
31200 181915 101012
31200 183992 85628
31200 213818 135403
31200 132505 80413
31200 185078 98927
31200 199475 67865
31200 165079 47924
31200 128076 72390
31200 137089 38813
31200 109640 60936
31200 154565 86903
31200 140117 93027
31200 128961 81787
31200 200367 111383
31200 165597 83482
31200 161697 96657
31200 120257 61666
31200 175192 101700
31300 144850 51702
31300 130185 62740
31300 136740 69143
31300 168289 69891
31300 177373 53531
31300 133999 71794
31300 187949 109915
31300 119437 44993
31300 209467 124259
31300 142331 60011
31300 171248 113289
31300 192603 90655
31300 129677 55976
31300 148891 66123
31300 141899 47569
31300 124985 50174
31300 190795 75877
31300 154188 55321
31300 146822 50718
31300 171453 74196
31300 205910 112980
31300 123281 62836
31300 122229 50484
31300 212239 112975
31300 197245 143524
31300 184751 91219
31300 179257 63764
31300 169791 96413
31300 206121 89674
31300 138913 61584
31300 197298 87304
31300 186661 93436
31300 150738 79472
31300 207213 119621
31300 134098 69472
31300 135487 42553
31300 187020 102942
31300 129429 74994
31300 138556 65039
31300 177336 68092
31300 169354 63922
31300 182697 106317
31300 112121 43516
31300 182294 79527
31300 121168 63516
31300 89280 49184
31300 185264 89185
31300 157078 39007
31300 116206 51993
31300 181072 48936
31400 130551 60481
31400 206290 116214
31400 173497 98377
31400 181533 89351
31400 147594 90408
31400 146797 57098
31400 264458 159554
31400 178775 73822
31400 180021 88295
31400 143769 73055
31400 142301 37355
31400 195554 131729
31400 164138 99002
31400 164450 105151
31400 149199 53816
31400 139952 75594
31400 199417 108134
31400 162113 72169
31400 119648 65050
31400 158439 92088
31400 213861 98375
31400 157366 83989
31400 150203 100225
31400 133110 76490
31400 209852 114648
31400 307055 163047
31400 162670 72896
31400 153879 78859
31400 129719 45074
31400 203070 118161
31400 133008 53886
31400 122420 46772
31400 153509 68278
31400 182679 93311
31400 177225 71319
31400 171107 96871
31400 167033 109080
31400 146073 64167
31400 220899 120719
31400 140861 61286
31400 169487 109100
31400 152263 97901
31400 182081 87499
31400 131114 47143
31400 151958 100862
31400 198975 126300
31400 96309 51848
31400 127649 42977
31400 139997 74216
31400 147650 50117
31500 153131 90311
31500 220715 130942
31500 146076 74449
31500 166935 97813
31500 184921 115343
31500 216526 104011
31500 165228 78701
31500 136238 54897
31500 125976 40631
31500 147534 53331
31500 226695 99317
31500 105465 46155
31500 168556 97511
31500 117478 71739
31500 195256 80191
31500 215620 92133
31500 167371 92221
31500 198718 113647
31500 165819 74191
31500 141901 69030
31500 227350 100578
31500 137210 46990
31500 142821 46456
31500 141099 64623
31500 251851 82323
31500 167810 94448
31500 201865 74542
31500 164801 73294
31500 136418 69802
31500 219768 134173
31500 157350 58716
31500 120180 50530
31500 181381 67493
31500 134253 61973
31500 132638 84152
31500 146437 74347
31500 141186 55702
31500 106451 50506
31500 193120 92839
31500 122819 63076
31500 248557 130422
31500 118908 80234
31500 243022 113522
31500 190662 95127
31500 114499 55908
31500 151453 103964
31500 165005 60017
31500 240825 116649
31500 178795 90844
31500 185082 78144
31600 173095 90433
31600 224249 80020
31600 154188 59041
31600 158309 81376
31600 211318 106998
31600 170433 56635
31600 230869 130104
31600 199033 101298
31600 245043 114178
31600 122394 60827
31600 123493 49839
31600 215560 104173
31600 216192 151771
31600 211759 111564
31600 177327 91681
31600 100212 50393
31600 157867 85748
31600 149660 67457
31600 197128 69289
31600 163073 78263
31600 193031 113225
31600 176369 68628
31600 118795 64050
31600 213079 76860
31600 106890 42044
31600 188547 107588
31600 97444 49170
31600 268212 125438
31600 181478 87453
31600 101275 37956
31600 153834 82876
31600 147245 93827
31600 165158 52947
31600 162117 60435
31600 200677 88460
31600 195025 139621
31600 159766 102540
31600 193476 97402
31600 178450 128315
31600 173289 95897
31600 207307 131401
31600 168917 39546
31600 151356 81555
31600 161053 69739
31600 243846 120045
31600 151592 39108
31600 112224 63430
31600 155975 69791
31600 162415 99689
31600 231980 133648
31700 212691 132349
31700 130758 52517
31700 131074 72466
31700 141233 57526
31700 164566 75347
31700 242111 115739
31700 216041 128719
31700 179892 95557
31700 148802 61971
31700 153185 61518
31700 191698 89261
31700 101971 51036
31700 184541 90711
31700 198886 91126
31700 135397 47331
31700 231140 80485
31700 145581 85201
31700 168252 85070
31700 95889 46839
31700 153304 76780
31700 124182 79080
31700 150987 85441
31700 259924 103118
31700 162593 74543
31700 139759 56045
31700 187145 116397
31700 152792 82518
31700 213967 138465
31700 173047 53560
31700 129289 70697
31700 176339 127087
31700 155605 81051
31700 161839 102157
31700 128326 50369
31700 169671 67478
31700 114799 59545
31700 162442 94138
31700 97261 49517
31700 165702 95574
31700 189167 55944
31700 163368 93173
31700 204823 87231
31700 187079 91883
31700 133810 60663
31700 224380 144978
31700 145243 69204
31700 119685 64221
31700 174538 46361
31700 177208 93096
31700 132587 61723
31800 208422 132878
31800 134963 87023
31800 172023 71770
31800 135795 53149
31800 116599 65138
31800 206879 114022
31800 158220 82029
31800 192365 96572
31800 162345 96328
31800 192202 78651
31800 138034 68191
31800 197777 72777
31800 243779 100732
31800 217005 117534
31800 147032 51044
31800 196949 74972
31800 120390 54993
31800 131677 70894
31800 156677 97087
31800 212217 113677
31800 159861 64270
31800 145385 44161
31800 114518 65705
31800 210726 86580
31800 99507 45439
31800 230884 106868
31800 155182 73466
31800 150779 54149
31800 132569 69467
31800 179805 65785
31800 128815 54221
31800 135951 55906
31800 186688 111837
31800 189322 81545
31800 174236 78763
31800 157732 95035
31800 233366 133634
31800 101551 55739
31800 192563 104879
31800 125701 63070
31800 192468 100641
31800 208109 131846
31800 236069 70328
31800 199673 83245
31800 116063 74079
31800 212807 90486
31800 171112 96749
31800 158888 67402
31800 174741 84752
31800 195960 98474
31900 150239 99190
31900 177018 81702
31900 94694 53631
31900 149973 86044
31900 132892 61781
31900 128782 54927
31900 201586 125791
31900 105973 58888
31900 296638 149052
31900 116798 47159
31900 261373 186726
31900 172469 80442
31900 117945 54568
31900 155980 84043
31900 145740 53783
31900 217726 75177
31900 147541 66027
31900 145548 74360
31900 79314 41564
31900 152578 86854
31900 187428 81738
31900 181342 96691
31900 208098 94598
31900 108806 46721
31900 166302 106138
31900 133495 51439
31900 168748 53748
31900 190436 80950
31900 161035 82245
31900 211150 81102
31900 183008 111569
31900 126768 61237
31900 240957 79193
31900 143949 70851
31900 189056 115636
31900 161206 83060
31900 134543 59239
31900 158576 94534
31900 199842 120878
31900 243815 151122
31900 209750 123178
31900 181194 101798
31900 197721 72187
31900 144054 47696
31900 147682 73465
31900 134335 77456
31900 140765 56027
31900 153776 98255
31900 140756 64689
31900 132773 56949
32000 163774 98286
32000 225890 134410
32000 102418 68068
32000 157533 59117
32000 199607 93232
32000 89124 37963
32000 147029 59871
32000 198694 89472
32000 128414 70245
32000 152467 88788
32000 217020 93283
32000 143121 73351
32000 217292 136135
32000 116846 59672
32000 231889 100543
32000 176259 132496
32000 196968 119791
32000 107324 54166
32000 164569 63537
32000 212611 91563
32000 205651 92176
32000 213097 93836
32000 155573 77912
32000 135389 70833
32000 131326 73099
32000 86821 43172
32000 127746 52453
32000 172182 106404
32000 278647 161042
32000 215032 73616
32000 158377 83807
32000 146307 83695
32000 146462 74963
32000 160576 89656
32000 220589 130389
32000 232221 106748
32000 176737 122875
32000 114574 69466
32000 150859 87721
32000 167723 80281
32000 160431 55532
32000 159940 66485
32000 147369 42953
32000 196583 123733
32000 204888 97642
32000 163413 77070
32000 100534 44465
32000 133446 53923
32000 197969 102404
32000 197450 80103
32100 175757 70823
32100 169951 75929
32100 193165 103228
32100 201658 91614
32100 171306 85424
32100 126035 67567
32100 148052 69425
32100 117024 71763
32100 145843 82259
32100 181852 83184
32100 161971 66743
32100 104694 51600
32100 96514 55691
32100 115239 67681
32100 170265 57699
32100 135325 49486
32100 128369 67042
32100 145030 66302
32100 251917 126454
32100 163887 102242
32100 138094 66557
32100 125094 49045
32100 206407 113845
32100 199791 90669
32100 126593 56453
32100 259975 151384
32100 179046 85427
32100 152887 94423
32100 224073 90675
32100 229410 104644
32100 152764 100807
32100 218851 114316
32100 167981 103289
32100 208629 99890
32100 144679 84736
32100 116654 60331
32100 192674 113236
32100 174729 108318
32100 146706 76905
32100 231450 84864
32100 105695 49819
32100 114592 48776
32100 179612 109717
32100 211291 132325
32100 170006 80967
32100 118236 54607
32100 156512 93503
32100 163013 94736
32100 224496 148570
32100 142227 79026
32200 134409 58565
32200 193881 93443
32200 272552 129727
32200 196024 82755
32200 180050 67935
32200 261112 110759
32200 167780 47883
32200 178234 101621
32200 129471 61123
32200 188017 79854
32200 193782 102845
32200 146270 59956
32200 210144 107300
32200 223872 130466
32200 174143 106713
32200 161142 56573
32200 113788 65704
32200 133942 55470
32200 175953 114244
32200 220977 127091
32200 149675 78004
32200 142361 47071
32200 169207 79442
32200 181776 99961
32200 220121 83722
32200 183920 112700
32200 114941 49691
32200 150614 78000
32200 123394 51318
32200 115860 56431
32200 182001 74353
32200 224957 88114
32200 167869 112499
32200 169238 101709
32200 149970 71386
32200 193180 105083
32200 135670 54607
32200 122162 58524
32200 108390 55794
32200 205157 140351
32200 141228 80793
32200 211945 116423
32200 226713 116445
32200 144305 40436
32200 170334 72183
32200 161121 64481
32200 136870 79447
32200 234428 128370
32200 138468 41149
32200 116577 68499
32300 159774 70044
32300 173297 47017
32300 148549 69415
32300 185984 85298
32300 134152 55931
32300 195062 94126
32300 234378 143604
32300 232093 99962
32300 147026 97213
32300 202841 87864
32300 165857 83916
32300 171162 115157
32300 201690 89127
32300 193681 88410
32300 161018 52779
32300 138582 91337
32300 169380 66569
32300 171728 81500
32300 179140 73046
32300 161899 67623
32300 233871 106091
32300 239734 122675
32300 167138 78850
32300 111416 42942
32300 175971 99788
32300 136414 80705
32300 123868 52915
32300 167143 51389
32300 202904 96819
32300 248133 98774
32300 186834 112408
32300 214979 125989
32300 157890 80914
32300 124081 72249
32300 183240 107055
32300 225982 109784
32300 169169 122974
32300 196541 124472
32300 188786 61548
32300 196350 89734
32300 220582 81353
32300 102757 58377
32300 221182 101451
32300 222580 111234
32300 209367 106250
32300 154347 76452
32300 153063 90531
32300 101488 50210
32300 187007 69357
32300 214538 98836
32400 215189 73211
32400 115765 54489
32400 124267 58493
32400 220899 133023
32400 174548 85415
32400 147098 96853
32400 114553 68920
32400 177700 88007
32400 136750 58416
32400 219170 116368
32400 234127 159548
32400 166479 77128
32400 213227 116814
32400 159381 64835
32400 197267 113010
32400 209744 106616
32400 178806 84406
32400 215631 126647
32400 82786 42593
32400 170329 96584
32400 132805 63503
32400 146384 92048
32400 153862 57298
32400 154409 72531
32400 118318 66929
32400 219181 88551
32400 231202 134678
32400 136421 68066
32400 179489 77744
32400 175589 73247
32400 180561 125372
32400 142708 85774
32400 204315 101048
32400 158184 107267
32400 192264 87082
32400 156754 58014
32400 250930 163728
32400 236044 116219
32400 141182 96376
32400 236162 139868
32400 202506 70097
32400 154846 65234
32400 165031 96826
32400 127380 65924
32400 161129 104756
32400 192375 83049
32400 167163 128570
32400 194099 97898
32400 113523 61723
32400 185721 80050
32500 142125 66435
32500 141738 74469
32500 183512 60439
32500 113616 60668
32500 99616 44520
32500 182549 58482
32500 94687 42794
32500 147792 63323
32500 233792 125250
32500 182292 97386
32500 131635 81864
32500 162991 65749
32500 192247 89707
32500 198407 87171
32500 171462 49217
32500 166620 100577
32500 238503 111437
32500 172503 94817
32500 181319 89684
32500 290738 121780
32500 149523 84639
32500 198076 116328
32500 172831 45690
32500 159485 101485
32500 244739 140113
32500 171501 91254
32500 172119 90309
32500 170626 105235
32500 162372 73236
32500 129965 79422
32500 174403 85175
32500 127471 45905
32500 142837 67743
32500 169148 74191
32500 167068 83464
32500 300777 185561
32500 207272 103690
32500 125594 78774
32500 143326 83518
32500 280911 166475
32500 208885 115155
32500 156785 90699
32500 166972 76557
32500 160197 65347
32500 141603 54913
32500 144933 62040
32500 193790 105010
32500 174595 91660
32500 193921 96966
32500 213019 140260
32600 209658 116333
32600 231018 127679
32600 158285 72870
32600 159221 92672
32600 112540 48948
32600 169315 89142
32600 254749 141966
32600 223523 142670
32600 132534 67000
32600 186033 112376
32600 164087 114735
32600 200114 131340
32600 182535 112161
32600 164566 89158
32600 177471 92071
32600 210017 133586
32600 151722 96286
32600 144505 65592
32600 250418 85567
32600 145920 85006
32600 166160 68013
32600 184523 94443
32600 217109 113186
32600 116822 60533
32600 312525 184346
32600 231776 109450
32600 99805 46492
32600 203764 140447
32600 161000 63038
32600 203233 92323
32600 213402 76236
32600 260702 118215
32600 172485 54777
32600 180560 102077
32600 157748 108210
32600 152867 107916
32600 205414 69940
32600 84648 43351
32600 106893 62735
32600 175575 107233
32600 185322 93771
32600 200898 98815
32600 113847 66404
32600 142595 67753
32600 158216 104738
32600 176955 92859
32600 143196 76694
32600 151457 78859
32600 219109 93349
32600 220998 115488
32700 121218 62723
32700 115927 51409
32700 200674 119721
32700 197239 75576
32700 123716 69073
32700 138252 57374
32700 146626 43999
32700 155699 82345
32700 162557 95775
32700 216987 113019
32700 142811 71981
32700 207247 112175
32700 172781 92381
32700 113478 57191
32700 147326 88765
32700 140840 67436
32700 160826 87690
32700 177573 86606
32700 126260 54722
32700 167890 47077
32700 131788 67656
32700 165670 61394
32700 120508 48087
32700 98008 55053
32700 193924 74281
32700 218982 148919
32700 223572 115150
32700 165322 61728
32700 196361 95259
32700 171279 79123
32700 175151 119530
32700 142863 84355
32700 117348 53556
32700 192042 92199
32700 153022 74715
32700 188537 78056
32700 208456 87288
32700 144929 95268
32700 191123 120088
32700 185659 72493
32700 203622 101300
32700 183341 68537
32700 117112 51247
32700 148302 48426
32700 120645 41907
32700 204296 126496
32700 181632 90765
32700 136783 73563
32700 180150 123916
32700 154839 86712
32800 219682 113096
32800 155154 78816
32800 186022 93360
32800 222367 133561
32800 181082 101369
32800 127625 50171
32800 209318 119543
32800 184498 78752
32800 232916 125244
32800 226011 92421
32800 215252 119769
32800 249025 114626
32800 146615 56398
32800 238211 112641
32800 143941 53194
32800 319638 127308
32800 186990 59924
32800 106166 55341
32800 128611 64835
32800 195084 104422
32800 198135 108637
32800 174959 72740
32800 173522 72695
32800 210453 101207
32800 210327 122983
32800 195050 122253
32800 240153 112936
32800 200976 95062
32800 146771 89377
32800 151608 90899
32800 226286 133696
32800 114388 61902
32800 138357 49966
32800 205259 96346
32800 198389 94953
32800 172154 84266
32800 135657 62877
32800 203448 85562
32800 125285 54175
32800 117790 59294
32800 167521 86646
32800 189826 70927
32800 169004 79033
32800 220050 100366
32800 147873 80157
32800 221033 125494
32800 151096 54950
32800 139716 84145
32800 186083 110874
32800 152746 73083
32900 162615 93124
32900 257861 140199
32900 205939 119853
32900 129255 68475
32900 107262 66241
32900 141044 78911
32900 91072 49941
32900 131762 62706
32900 223148 120078
32900 162401 79977
32900 147034 84137
32900 110947 57839
32900 170112 93116
32900 155844 61736
32900 162247 83355
32900 151843 51083
32900 180468 115645
32900 168824 108193
32900 119152 67795
32900 133465 68125
32900 256784 123626
32900 128039 67664
32900 204062 87706
32900 145720 62111
32900 214799 126940
32900 131671 83484
32900 253260 161089
32900 87772 44414
32900 164518 70676
32900 114375 56176
32900 238300 112009
32900 183738 93918
32900 141513 53700
32900 204011 93070
32900 204320 93691
32900 265258 91191
32900 176723 96427
32900 167942 85230
32900 184974 112502
32900 170004 56597
32900 214909 135256
32900 136327 58312
32900 167062 101913
32900 164768 71199
32900 192057 108620
32900 150896 76644
32900 180399 83906
32900 227291 100709
32900 246153 156547
32900 159528 91787
33000 153235 56307
33000 112171 55154
33000 184586 104664
33000 180383 91270
33000 189356 121861
33000 221678 102345
33000 143777 73335
33000 190326 72377
33000 232845 100058
33000 203636 116174
33000 125629 73747
33000 248178 145894
33000 182397 76081
33000 177536 69954
33000 214880 91197
33000 119141 56040
33000 157174 70816
33000 204570 100621
33000 148557 86371
33000 115086 58410
33000 214213 83410
33000 213022 52830
33000 120350 75681
33000 111145 53518
33000 159012 97027
33000 156883 95537
33000 157017 78280
33000 226184 117118
33000 142227 85786
33000 136642 74806
33000 254992 122547
33000 175324 103131
33000 157845 99809
33000 169991 66688
33000 133782 49144
33000 215942 117253
33000 120530 63657
33000 164560 94075
33000 176607 99910
33000 161521 47081
33000 166017 69101
33000 184303 107457
33000 281611 175793
33000 174995 86496
33000 164965 63423
33000 234045 121249
33000 208845 114765
33000 183781 112342
33000 167366 96777
33000 97899 44676
33100 212483 92146
33100 211247 98814
33100 132056 61482
33100 277742 122451
33100 127236 81669
33100 166469 96261
33100 210133 103494
33100 216068 79904
33100 126520 76554
33100 128966 63480
33100 126101 55202
33100 190020 73176
33100 151862 55271
33100 132793 44760
33100 184819 66129
33100 182301 81795
33100 144775 53375
33100 191898 79507
33100 148615 104800
33100 90128 43827
33100 144367 63520
33100 198862 143465
33100 144977 79464
33100 198094 82425
33100 193003 132517
33100 150757 76518
33100 128903 53309
33100 177316 69264
33100 171111 65611
33100 213225 115211
33100 272879 115055
33100 179809 67620
33100 219886 76626
33100 138985 83065
33100 210028 82620
33100 136799 61073
33100 187627 105517
33100 158844 85850
33100 140135 92545
33100 151884 85342
33100 236576 143055
33100 173791 107922
33100 165140 96896
33100 327193 146789
33100 206278 80142
33100 197131 58399
33100 110461 64460
33100 188764 101170
33100 185291 83806
33100 233491 129671
33200 161303 111739
33200 137839 79803
33200 159553 95565
33200 222366 125234
33200 166238 45094
33200 143261 68247
33200 246159 152329
33200 149583 47160
33200 162927 80874
33200 179653 105601
33200 165168 89036
33200 180361 117480
33200 175805 109523
33200 160349 90628
33200 172263 75983
33200 117444 48187
33200 104771 49550
33200 205913 108778
33200 179375 89710
33200 145660 49943
33200 110911 70348
33200 182419 75775
33200 179128 108821
33200 212533 93841
33200 136918 79969
33200 154451 89198
33200 176335 99037
33200 195373 94441
33200 146839 66786
33200 154359 81535
33200 135985 53962
33200 146396 91723
33200 230288 150193
33200 163708 114267
33200 153843 95949
33200 177619 105726
33200 167900 81182
33200 148703 92243
33200 178554 52044
33200 175345 72932
33200 99862 48109
33200 206814 101533
33200 193115 75229
33200 189538 80321
33200 255610 133973
33200 162272 107198
33200 193322 113097
33200 197745 120344
33200 154629 74059
33200 213619 98835
33300 225903 88595
33300 175535 76876
33300 234444 134810
33300 238326 134534
33300 199124 75899
33300 217229 104935
33300 155918 68654
33300 179371 64963
33300 159063 84418
33300 193980 111889
33300 196568 97214
33300 162864 67782
33300 179795 62295
33300 173547 107775
33300 160507 79603
33300 158275 88140
33300 159449 78628
33300 183020 99710
33300 192457 130647
33300 112705 62962
33300 150058 78491
33300 244135 102100
33300 158722 67489
33300 119865 54977
33300 239341 145541
33300 164369 63347
33300 206887 107907
33300 144483 62757
33300 190599 105170
33300 177037 102638
33300 182345 68647
33300 241217 122341
33300 181671 109839
33300 221489 103173
33300 167325 113413
33300 277638 135212
33300 114858 49105
33300 162107 92257
33300 140505 70131
33300 175298 119641
33300 215127 79419
33300 175717 87503
33300 219137 83781
33300 343018 221845
33300 113780 55125
33300 184753 84149
33300 164907 93064
33300 116682 50037
33300 166904 99272
33300 171442 108930
33400 168469 91630
33400 189211 115466
33400 154268 68498
33400 166288 69926
33400 174056 82811
33400 213761 118034
33400 199574 108038
33400 187129 81108
33400 231060 118662
33400 225930 132304
33400 158733 99370
33400 161423 52037
33400 187366 72036
33400 162811 85677
33400 123072 55303
33400 160208 77328
33400 156388 65303
33400 117973 64414
33400 199888 98863
33400 131861 74176
33400 146092 73005
33400 194533 85470
33400 187479 93343
33400 167906 90439
33400 145718 82335
33400 237157 143192
33400 157772 86765
33400 278460 136715
33400 299576 186971
33400 96600 57658
33400 211706 124060
33400 223463 165331
33400 156881 71788
33400 161215 104152
33400 196841 117000
33400 130225 55483
33400 138794 73276
33400 257486 164754
33400 202715 102705
33400 165778 86534
33400 194337 95641
33400 195644 82796
33400 106533 57299
33400 202073 127120
33400 211002 108953
33400 154351 98972
33400 134879 75073
33400 137963 83592
33400 179345 98186
33400 134942 69328
33500 198598 78465
33500 135581 73299
33500 170015 93739
33500 208663 91771
33500 167075 99944
33500 177273 92675
33500 109260 53254
33500 131578 67288
33500 163765 83543
33500 188406 75220
33500 155392 70236
33500 199996 74277
33500 171536 119211
33500 109903 56969
33500 242781 138163
33500 259098 104519
33500 130939 71035
33500 120328 67164
33500 101576 56504
33500 206128 108808
33500 222555 86543
33500 176604 96637
33500 195112 80732
33500 168905 87890
33500 155479 61982
33500 152582 69586
33500 230340 132159
33500 187194 117089
33500 227937 122620
33500 137688 72239
33500 162691 108526
33500 149939 86373
33500 261871 148532
33500 150470 62748
33500 139405 69918
33500 212149 81710
33500 202033 108409
33500 175409 102062
33500 234111 126035
33500 104914 58922
33500 159582 65926
33500 169630 72842
33500 164190 85139
33500 147399 54698
33500 200961 75861
33500 137854 81625
33500 151785 51217
33500 186984 114078
33500 165282 93415
33500 276093 123065
33600 154175 83561
33600 199220 75500
33600 224435 133681
33600 200812 84958
33600 287397 138461
33600 159692 85705
33600 170918 114769
33600 113897 58980
33600 201032 119089
33600 163755 72423
33600 225884 117881
33600 124891 62157
33600 191452 111219
33600 150742 84949
33600 163367 113933
33600 176216 72580
33600 185284 114478
33600 233326 127672
33600 220423 83470
33600 189920 112677
33600 192789 97264
33600 162731 92348
33600 188541 80064
33600 149408 81820
33600 153903 70607
33600 123272 59276
33600 125427 68717
33600 221324 108020
33600 219836 135246
33600 169557 80818
33600 124228 80863
33600 237986 115573
33600 190829 119655
33600 114293 51876
33600 192386 110621
33600 165787 77155
33600 122111 83075
33600 158428 80590
33600 212023 111110
33600 221771 138422
33600 198035 117173
33600 148531 91134
33600 188882 121508
33600 163069 62922
33600 216865 96919
33600 252276 89575
33600 133100 49791
33600 194132 93959
33600 157999 110820
33600 116270 70289
33700 122161 47184
33700 125604 45154
33700 190542 82715
33700 162012 59063
33700 143017 50078
33700 246220 116398
33700 165571 110333
33700 178906 66550
33700 194132 77236
33700 252409 93923
33700 117037 69044
33700 196938 86029
33700 214901 123700
33700 157012 105355
33700 262910 191161
33700 201485 124043
33700 224759 77891
33700 119923 55588
33700 151501 95578
33700 187680 80992
33700 195081 115084
33700 179253 77777
33700 163140 99525
33700 167608 65292
33700 151013 52441
33700 152852 82025
33700 151103 85524
33700 214029 102489
33700 173241 77537
33700 139722 89472
33700 154427 74532
33700 166755 84549
33700 226656 64586
33700 145769 99735
33700 137947 77119
33700 172503 80653
33700 208285 93422
33700 176083 70165
33700 155406 96985
33700 143722 71266
33700 109280 42589
33700 184794 46594
33700 147482 67239
33700 182427 75592
33700 179892 87889
33700 198532 120825
33700 129119 78832
33700 248182 143357
33700 228656 116482
33700 173889 94473
33800 248022 108588
33800 169825 80803
33800 205150 95718
33800 192144 72065
33800 214971 102522
33800 152403 54331
33800 172400 56653
33800 143824 56756
33800 172110 80450
33800 136367 49938
33800 257225 123887
33800 150062 62167
33800 201358 80912
33800 122554 72452
33800 195180 118008
33800 251771 129020
33800 246525 159903
33800 216771 145244
33800 144394 69194
33800 185622 91814
33800 150498 61302
33800 130481 63344
33800 119454 61205
33800 182810 89082
33800 180297 80481
33800 125104 59153
33800 284612 152110
33800 194735 121137
33800 144793 69162
33800 132022 60157
33800 132295 54552
33800 175273 88582
33800 133477 68148
33800 113594 66751
33800 122142 80399
33800 220510 82006
33800 170280 96138
33800 168560 83073
33800 154204 81669
33800 232493 148067
33800 168825 91662
33800 178719 91698
33800 152967 76782
33800 179464 66263
33800 177574 103080
33800 227952 89418
33800 180550 96440
33800 134885 53456
33800 127603 54235
33800 247567 108737
33900 217623 117620
33900 281487 79574
33900 211368 67759
33900 300903 154471
33900 196788 110684
33900 167952 116593
33900 210576 122491
33900 211122 135472
33900 116898 56274
33900 257083 111689
33900 118422 70315
33900 272746 156963
33900 280269 128673
33900 190053 85777
33900 151592 78793
33900 232453 95815
33900 209008 82320
33900 115922 56228
33900 135323 88318
33900 172855 115918
33900 174469 59906
33900 206897 97437
33900 118358 44280
33900 201995 95551
33900 208745 69729
33900 217115 136519
33900 191385 103396
33900 242632 112932
33900 151171 87962
33900 178245 93090
33900 141719 90459
33900 167117 109058
33900 220866 82752
33900 119463 57295
33900 129451 76105
33900 198670 150294
33900 165777 88638
33900 207091 159696
33900 117421 53268
33900 222425 113766
33900 192037 97535
33900 145754 60593
33900 167705 122017
33900 263961 139274
33900 143694 49833
33900 118764 50906
33900 233239 85066
33900 211776 118315
33900 156877 69669
33900 141797 100655
34000 177189 58827
34000 134892 54190
34000 276166 174844
34000 178103 108965
34000 263025 107309
34000 211219 98620
34000 205313 69948
34000 132597 59867
34000 141883 60235
34000 110778 51325
34000 209091 131494
34000 191625 92965
34000 157323 42978
34000 134880 83269
34000 198798 146111
34000 147917 86171
34000 191439 74604
34000 263277 132482
34000 203462 91682
34000 135730 75092
34000 202234 102375
34000 203742 117678
34000 153370 72634
34000 154799 88022
34000 189944 84837
34000 119660 61009
34000 188925 83025
34000 203336 62858
34000 198193 102402
34000 146806 52467
34000 252036 120605
34000 156968 79321
34000 175014 109925
34000 171475 70294
34000 261392 137471
34000 242377 131175
34000 176655 105852
34000 175013 60449
34000 201657 99817
34000 185988 77362
34000 141402 67429
34000 155041 61974
34000 226669 166841
34000 278991 164448
34000 190581 109635
34000 138086 93086
34000 184745 99393
34000 180947 92195
34000 197997 98791
34000 153959 72996
34100 142379 88318
34100 179342 97469
34100 188224 99324
34100 102496 38864
34100 116946 54285
34100 160175 101085
34100 196966 104602
34100 198285 88203
34100 105808 54416
34100 270741 113465
34100 124280 61067
34100 121143 52326
34100 114201 57168
34100 135330 67109
34100 259420 192518
34100 145688 82840
34100 242134 106614
34100 118050 67979
34100 243377 128244
34100 200511 104233
34100 195823 67487
34100 135244 58332
34100 164512 59745
34100 155846 79951
34100 221035 135278
34100 128255 50851
34100 101919 45415
34100 247499 132105
34100 186217 79361
34100 150589 79691
34100 237923 144371
34100 144069 60576
34100 164249 89844
34100 126702 46012
34100 134971 77864
34100 243633 119251
34100 270159 125955
34100 186601 49862
34100 203288 106379
34100 237471 141480
34100 140842 62348
34100 205800 153511
34100 218662 93692
34100 137063 92080
34100 153348 72311
34100 137866 68438
34100 163998 74332
34100 176993 99997
34100 113016 73905
34100 172682 113668
34200 235102 104509
34200 224329 114285
34200 158225 97794
34200 178492 120248
34200 163747 68813
34200 181181 78943
34200 224378 103465
34200 287589 124208
34200 186314 101960
34200 188528 88802
34200 119394 55143
34200 188248 77889
34200 116857 55870
34200 223461 142712
34200 118568 44693
34200 188184 105479
34200 209299 97419
34200 145840 75779
34200 113523 69998
34200 194195 65800
34200 221002 141705
34200 167128 69685
34200 234350 95155
34200 149317 98936
34200 214210 64379
34200 166172 105778
34200 203135 123836
34200 255576 99230
34200 191935 127870
34200 244812 143275
34200 143785 69210
34200 155342 56385
34200 136192 66388
34200 226469 138320
34200 304274 216988
34200 204439 106577
34200 209558 91957
34200 113632 65603
34200 161153 108701
34200 136223 79277
34200 154982 68809
34200 185106 78395
34200 244929 69336
34200 182454 71333
34200 179940 62406
34200 141322 69348
34200 181116 71789
34200 142561 70756
34200 125524 57850
34200 151147 65807
34300 184334 80038
34300 188664 130233
34300 351405 178948
34300 249474 160486
34300 170472 109798
34300 91106 46133
34300 197521 94053
34300 232774 113781
34300 189209 67220
34300 246693 120623
34300 128984 61419
34300 182352 83829
34300 223835 147560
34300 117403 66330
34300 206445 81917
34300 163281 72789
34300 164474 105813
34300 173149 79448
34300 170413 83075
34300 214022 143288
34300 141930 76832
34300 174980 81492
34300 214336 55283
34300 252317 145008
34300 173986 95099
34300 161280 80911
34300 186920 75987
34300 249993 142341
34300 255290 113564
34300 121162 58290
34300 170955 73090
34300 164598 80288
34300 171859 97315
34300 270473 95296
34300 146107 70858
34300 207190 98386
34300 233760 115904
34300 219065 106885
34300 114634 58765
34300 189898 118140
34300 181552 96317
34300 135695 55087
34300 219194 131155
34300 177429 104861
34300 209288 71971
34300 150584 59609
34300 148895 67667
34300 198471 94193
34300 160970 82571
34300 127424 55202
34400 298467 111476
34400 223929 136314
34400 211484 105346
34400 219626 118383
34400 128754 67249
34400 82053 40255
34400 205954 116077
34400 165169 102948
34400 152223 75001
34400 132492 67572
34400 105219 51786
34400 146310 70033
34400 256182 128915
34400 218165 130123
34400 224986 102225
34400 181030 108047
34400 189964 103956
34400 224644 134151
34400 152980 71776
34400 179156 95386
34400 178465 62118
34400 149063 81835
34400 144407 79306
34400 139146 66893
34400 262634 105472
34400 134466 91517
34400 163174 93525
34400 214973 119784
34400 177703 74435
34400 170068 83546
34400 141393 81613
34400 126658 75684
34400 167841 72644
34400 164881 97587
34400 114291 63727
34400 130053 61828
34400 133050 74834
34400 135028 79184
34400 151189 81389
34400 171033 107754
34400 143792 80895
34400 243974 118552
34400 181623 58430
34400 197249 114069
34400 206282 116522
34400 226709 128610
34400 169475 84342
34400 163026 78619
34400 282746 131954
34400 264409 115806
34500 240531 137296
34500 141559 79168
34500 193609 103352
34500 150759 61888
34500 258085 83288
34500 106846 58568
34500 241111 108979
34500 233809 110524
34500 204842 82845
34500 146457 62106
34500 208953 116966
34500 172779 71071
34500 155951 67609
34500 191699 57822
34500 210901 127898
34500 182661 118446
34500 89880 39417
34500 94288 47098
34500 195698 118708
34500 161250 98842
34500 119798 52932
34500 148098 66768
34500 234045 94715
34500 145865 81870
34500 203220 56669
34500 139989 80108
34500 184507 101361
34500 216568 99229
34500 166825 108642
34500 136477 60540
34500 145912 49472
34500 135378 60357
34500 220496 140190
34500 185280 119937
34500 191000 76352
34500 155553 52157
34500 134754 81634
34500 196942 74291
34500 128010 70155
34500 207326 97125
34500 117054 66526
34500 190269 79467
34500 227169 134570
34500 136518 58020
34500 224547 138465
34500 168757 86011
34500 152522 82935
34500 159134 103832
34500 171362 78975
34500 144839 82186
34600 168715 100539
34600 186808 126938
34600 171523 103251
34600 279263 194237
34600 237548 58756
34600 177420 75348
34600 240484 163122
34600 171083 84963
34600 208704 80401
34600 222073 107989
34600 190770 48926
34600 146687 88729
34600 239395 110429
34600 163790 92407
34600 121878 46949
34600 225700 108776
34600 190456 50775
34600 197770 127474
34600 165900 107776
34600 173170 96593
34600 189893 77669
34600 163912 92679
34600 220435 96615
34600 213373 94157
34600 156367 82704
34600 272700 139666
34600 154519 89513
34600 256419 183283
34600 177979 110881
34600 233577 143463
34600 221074 125763
34600 123975 59469
34600 165999 91424
34600 165065 91851
34600 229579 129820
34600 154349 89326
34600 145897 95390
34600 164711 77851
34600 144582 79321
34600 234752 106011
34600 137632 78274
34600 163068 73801
34600 199114 58112
34600 211498 114269
34600 198833 116910
34600 211229 95918
34600 170581 58111
34600 155684 70444
34600 106929 54826
34600 217485 148754
34700 178056 67458
34700 252811 111714
34700 151819 51560
34700 211167 94020
34700 126264 45322
34700 227440 116313
34700 184417 132307
34700 165170 85519
34700 147893 89270
34700 177587 68787
34700 172142 96350
34700 199481 97286
34700 211960 60970
34700 191682 112182
34700 132678 71795
34700 163203 61765
34700 129227 64201
34700 225965 116432
34700 178096 72234
34700 247421 125519
34700 176056 76552
34700 182387 76602
34700 156476 42418
34700 162445 54927
34700 132864 53144
34700 150024 39480
34700 217703 117481
34700 127652 46331
34700 176310 64937
34700 222273 79237
34700 174344 107863
34700 177195 106132
34700 92374 45034
34700 132867 64568
34700 192162 88181
34700 146482 54690
34700 218506 107684
34700 156014 72207
34700 134794 51183
34700 113123 61202
34700 179551 85760
34700 275112 116885
34700 137011 60680
34700 179492 81460
34700 219117 85829
34700 170544 112513
34700 192284 112999
34700 176811 90253
34700 167938 83420
34700 245405 85310
34800 305690 139293
34800 145583 70878
34800 165986 70530
34800 173471 84029
34800 160363 78202
34800 137509 80590
34800 242800 86590
34800 205601 87180
34800 148958 94305
34800 155824 60375
34800 177608 88455
34800 173737 62428
34800 149567 76491
34800 287730 158184
34800 197723 76939
34800 172058 90428
34800 186536 97395
34800 171589 75899
34800 218299 134321
34800 102588 53274
34800 131026 87904
34800 199620 76566
34800 254968 141106
34800 123589 51331
34800 181616 72456
34800 228307 90933
34800 203268 81643
34800 155268 96666
34800 148306 79648
34800 216649 80144
34800 114447 44380
34800 222988 121742
34800 195781 115065
34800 181123 92034
34800 140277 72554
34800 109104 56708
34800 195358 146945
34800 146154 80652
34800 191738 77301
34800 165831 73142
34800 217514 74895
34800 125119 63736
34800 219996 112544
34800 188260 123536
34800 164497 73272
34800 122052 59754
34800 225256 152259
34800 185040 77837
34800 191319 110897
34800 165263 103165
34900 200661 104235
34900 187034 121956
34900 196392 101823
34900 197917 110825
34900 121520 57102
34900 161991 76141
34900 196289 95292
34900 203558 139132
34900 186231 74069
34900 212492 117828
34900 169482 66937
34900 197810 88398
34900 226667 88540
34900 112582 61058
34900 150329 100903
34900 123383 59005
34900 141641 68779
34900 125964 54117
34900 210355 98145
34900 177975 100406
34900 177704 70736
34900 153086 95489
34900 194068 85643
34900 244119 181679
34900 158112 88065
34900 139708 82496
34900 223696 133971
34900 148111 61338
34900 164883 89984
34900 208107 103453
34900 185428 71464
34900 114523 58749
34900 144518 93302
34900 200137 103901
34900 160911 84072
34900 149641 92092
34900 202338 94328
34900 140721 60110
34900 213753 119001
34900 143714 49887
34900 198530 127638
34900 153821 97850
34900 224310 134591
34900 203440 139614
34900 159585 74560
34900 155715 84750
34900 111254 65268
34900 157853 86025
34900 183821 99977
34900 191171 86225
35000 199330 117830
35000 240423 138295
35000 97118 49108
35000 171720 82295
35000 182201 91104
35000 251017 126486
35000 203032 88876
35000 251912 112579
35000 217024 102520
35000 130237 84111
35000 145039 78056
35000 217251 129368
35000 207923 105539
35000 185183 54033
35000 164372 93414
35000 136664 51894
35000 236692 180603
35000 180532 84413
35000 199562 118815
35000 257212 141128
35000 184023 116566
35000 170486 113172
35000 223308 119375
35000 170888 89928
35000 201946 112335
35000 212458 119050
35000 247411 164888
35000 94516 50701
35000 207641 75635
35000 273682 143301
35000 133765 50022
35000 152092 97696
35000 209995 69459
35000 116944 54076
35000 270346 133242
35000 153757 69142
35000 172281 75307
35000 136173 88702
35000 132681 80935
35000 174227 85955
35000 265872 122772
35000 193975 83697
35000 183267 95862
35000 218521 104926
35000 257379 102479
35000 224233 100965
35000 353355 165603
35000 223004 127791
35000 186136 100470
35000 168392 50976
35100 236508 182804
35100 169376 92111
35100 130334 44231
35100 151942 99200
35100 160219 80291
35100 148218 66630
35100 115927 63629
35100 235550 148526
35100 276680 159885
35100 197855 45355
35100 150844 71004
35100 184036 102175
35100 248541 111210
35100 182263 104903
35100 211474 115188
35100 206405 125194
35100 211918 109318
35100 184984 81360
35100 207837 105021
35100 146115 91351
35100 140227 62787
35100 231884 114874
35100 206034 119858
35100 223131 127712
35100 217074 103046
35100 128174 65558
35100 189599 78467
35100 208160 107752
35100 249763 136570
35100 236987 155748
35100 115278 43989
35100 230125 103796
35100 167361 98379
35100 219406 64877
35100 141494 84861
35100 249370 155341
35100 193603 103449
35100 154018 75829
35100 163267 87198
35100 132531 80074
35100 203286 104114
35100 154654 57745
35100 171782 68835
35100 185478 69310
35100 207959 110500
35100 241637 112211
35100 205803 150639
35100 120474 64567
35100 205268 75532
35100 125005 67499
35200 159318 71704
35200 321881 106200
35200 214930 90048
35200 174358 84070
35200 244888 151456
35200 175156 102385
35200 174061 75082
35200 243402 93630
35200 229149 58910
35200 263153 143181
35200 141553 55991
35200 173069 103538
35200 140862 69322
35200 150920 99968
35200 153991 73829
35200 237536 126530
35200 141433 69718
35200 182012 82437
35200 258300 132784
35200 177335 101751
35200 151717 87027
35200 228703 120460
35200 218497 82580
35200 162271 81754
35200 180984 90100
35200 269749 110128
35200 163368 78194
35200 169303 48225
35200 258641 116885
35200 208715 92457
35200 222115 122251
35200 180192 83971
35200 254133 110844
35200 158765 112300
35200 163049 69572
35200 200758 135320
35200 307227 117244
35200 140345 61088
35200 183824 87494
35200 160596 62446
35200 201989 96991
35200 151714 55263
35200 261203 151843
35200 166470 61239
35200 144013 76719
35200 320465 195328
35200 161329 83114
35200 237755 140971
35200 141020 86957
35200 215597 155035
35300 230997 131055
35300 141344 63279
35300 190260 80113
35300 114483 52195
35300 239532 133808
35300 167321 88620
35300 135047 83298
35300 237429 111192
35300 257408 73054
35300 234903 102719
35300 126148 56887
35300 114539 58008
35300 209593 88918
35300 231327 103643
35300 190051 108384
35300 206321 105401
35300 153206 83273
35300 217188 110301
35300 127393 60454
35300 181064 111662
35300 224919 71956
35300 204527 122898
35300 258121 126603
35300 254834 186678
35300 249322 136437
35300 229017 93614
35300 130688 66234
35300 135232 75285
35300 257763 110357
35300 183054 82889
35300 146869 52846
35300 195785 71391
35300 180075 91408
35300 137419 51346
35300 167678 126988
35300 200214 99366
35300 160296 104755
35300 244578 154676
35300 166990 98394
35300 170523 85484
35300 125061 60267
35300 180523 82573
35300 104289 45540
35300 225418 101292
35300 195194 95845
35300 227527 61590
35300 150789 62371
35300 138333 76705
35300 202935 89766
35300 214242 108446
35400 231218 106717
35400 114436 56748
35400 136382 77243
35400 204110 64998
35400 253776 178816
35400 167784 93152
35400 191067 120872
35400 125523 67059
35400 169902 75434
35400 155046 91227
35400 202705 110231
35400 166001 107789
35400 232716 117970
35400 256833 62826
35400 247315 126622
35400 198878 76993
35400 250224 131601
35400 109905 62210
35400 148937 85034
35400 140344 58181
35400 167685 111904
35400 202979 136448
35400 214161 67483
35400 155811 72113
35400 242307 142609
35400 215865 90209
35400 206659 134409
35400 199984 92365
35400 356964 167365
35400 124251 53632
35400 176840 80166
35400 279697 117429
35400 298284 130354
35400 114199 43444
35400 212417 127374
35400 221894 112311
35400 239036 66501
35400 193353 86686
35400 184852 96240
35400 237068 117244
35400 171372 89408
35400 132848 58528
35400 259590 141189
35400 176359 96516
35400 134956 71399
35400 169134 123712
35400 175383 52803
35400 191950 93578
35400 170558 95227
35400 146689 56008
35500 153326 67395
35500 200423 88304
35500 180330 84613
35500 184443 105509
35500 175922 124813
35500 156501 73777
35500 315298 210284
35500 164399 112114
35500 104416 51113
35500 135883 69339
35500 210486 73591
35500 222544 86440
35500 120129 67721
35500 163862 93890
35500 157269 102898
35500 203416 74936
35500 241339 116563
35500 153429 92022
35500 189571 146165
35500 140358 63424
35500 222783 96481
35500 133642 63114
35500 150501 80674
35500 183292 103396
35500 171623 95116
35500 170254 80014
35500 224008 57319
35500 128599 48442
35500 232918 147949
35500 134387 65310
35500 228135 129707
35500 161282 91414
35500 224402 133880
35500 144615 69462
35500 200761 100987
35500 157349 89969
35500 223539 91819
35500 203476 87195
35500 190412 130425
35500 155222 79808
35500 204705 108182
35500 174215 72992
35500 139179 61066
35500 273367 159731
35500 240911 127448
35500 195088 96498
35500 120493 65373
35500 152864 91413
35500 145539 51200
35500 175228 80933
35600 188418 97952
35600 197337 117484
35600 230353 109077
35600 263854 134693
35600 164580 58551
35600 154281 60417
35600 180537 103891
35600 236076 184673
35600 189365 88206
35600 162875 101736
35600 223159 121323
35600 189719 76114
35600 130399 77527
35600 175599 93847
35600 193251 95442
35600 137887 63968
35600 134265 71914
35600 206403 91829
35600 186283 94328
35600 202897 135984
35600 163514 80502
35600 166712 89017
35600 198488 101557
35600 136289 48191
35600 139158 63947
35600 187779 99947
35600 236388 149703
35600 171318 89384
35600 103760 60978
35600 199199 111883
35600 173982 129759
35600 126629 49194
35600 311681 160011
35600 177308 102326
35600 140505 97173
35600 205207 144592
35600 141033 82140
35600 225533 161231
35600 168988 119698
35600 129959 58340
35600 164607 110101
35600 199047 117623
35600 182047 109949
35600 179014 99297
35600 191910 89506
35600 171807 70059
35600 119801 61011
35600 230564 147501
35600 139968 52801
35600 207585 115124
35700 340310 158972
35700 233198 111800
35700 248656 160840
35700 226397 114979
35700 151022 67549
35700 186759 94508
35700 191475 119657
35700 183473 72632
35700 189945 89967
35700 159761 106057
35700 166932 65806
35700 249508 145908
35700 187454 76012
35700 192607 105807
35700 164310 62928
35700 197984 133477
35700 237200 72864
35700 205866 118221
35700 187264 93507
35700 174122 102946
35700 168028 61338
35700 276875 99785
35700 232783 126067
35700 250220 138992
35700 269130 161473
35700 222864 127198
35700 211638 133288
35700 190471 72170
35700 178090 71656
35700 173057 74480
35700 176103 83922
35700 214204 108016
35700 157889 81534
35700 154427 78170
35700 197003 136970
35700 176954 79410
35700 195697 96499
35700 301275 163659
35700 251612 130998
35700 139242 68894
35700 149641 96457
35700 197809 137317
35700 193064 86438
35700 150677 83346
35700 171655 45846
35700 151928 63107
35700 186618 122400
35700 178175 47662
35700 218711 90678
35700 187191 97196
35800 166896 63571
35800 250757 135298
35800 164478 75711
35800 192948 76595
35800 122293 64304
35800 148128 88323
35800 175397 104749
35800 195291 93629
35800 147816 55762
35800 181807 124252
35800 211503 97002
35800 212891 96998
35800 162747 89013
35800 249063 99518
35800 231763 114685
35800 161015 71639
35800 234548 104411
35800 100168 54067
35800 234832 105123
35800 209700 141662
35800 148736 94034
35800 200303 119922
35800 119941 42013
35800 129205 56646
35800 199426 102917
35800 174686 75584
35800 148793 83384
35800 157879 76158
35800 150204 59946
35800 188380 105702
35800 240285 142335
35800 183457 80150
35800 279485 185553
35800 176484 127161
35800 227440 96150
35800 165273 85470
35800 287357 174496
35800 191098 85656
35800 161888 86557
35800 203124 122340
35800 170714 54060
35800 148227 90048
35800 142859 79211
35800 197914 110707
35800 214661 69224
35800 143497 77001
35800 146946 64057
35800 171168 105221
35800 182127 78339
35800 200021 122892
35900 196987 91704
35900 178086 86646
35900 193968 117505
35900 267688 133242
35900 116644 52705
35900 183477 126828
35900 155587 69639
35900 188418 81731
35900 128004 60711
35900 257388 76770
35900 173174 94875
35900 250403 126746
35900 132573 59389
35900 178224 87471
35900 179897 104912
35900 192382 75885
35900 227942 124917
35900 196952 89510
35900 208876 139802
35900 189854 108894
35900 173395 119911
35900 315135 186549
35900 205292 106625
35900 145210 67807
35900 163716 85325
35900 174301 52618
35900 217814 99931
35900 233391 133358
35900 247229 161304
35900 167410 79525
35900 224866 119110
35900 176506 100161
35900 144311 52597
35900 160334 86341
35900 203806 112956
35900 194687 94583
35900 251735 90707
35900 167692 60743
35900 182028 80771
35900 177729 53717
35900 186925 102044
35900 286021 140755
35900 257774 132983
35900 188766 88680
35900 174924 87988
35900 212706 144874
35900 126747 59673
35900 153961 79375
35900 144626 61290
35900 149444 72103
36000 147328 80254
36000 147436 54773
36000 231361 129131
36000 108110 48257
36000 189194 93087
36000 224488 68318
36000 205346 93069
36000 189535 114510
36000 192898 125335
36000 191083 80925
36000 140887 67390
36000 221352 116079
36000 135907 56512
36000 271130 147857
36000 180324 79905
36000 191396 113291
36000 121716 51337
36000 170765 66651
36000 175384 82460
36000 140679 77382
36000 140871 47492
36000 206798 127310
36000 180696 105202
36000 210423 77793
36000 186164 97814
36000 191683 83077
36000 184073 72248
36000 242411 110728
36000 314686 123764
36000 210609 121517
36000 245060 124733
36000 324048 149490
36000 163230 93485
36000 184071 63888
36000 246649 76067
36000 179883 100630
36000 282482 109966
36000 181741 76310
36000 169249 96883
36000 226129 116024
36000 172665 82110
36000 180838 75964
36000 191288 97486
36000 140870 84434
36000 205261 100591
36000 140347 62951
36000 177515 117197
36000 168545 116889
36000 177879 77773
36000 217498 109646
36100 258412 130086
36100 268647 137554
36100 186792 105049
36100 152369 76711
36100 127087 65812
36100 201988 89002
36100 225145 128891
36100 199075 84511
36100 127830 67945
36100 155932 48838
36100 127703 59989
36100 161898 68615
36100 257194 115898
36100 242254 111538
36100 161027 96065
36100 203946 102483
36100 238471 109475
36100 154682 97180
36100 141747 77199
36100 181839 50838
36100 135021 62167
36100 239476 92661
36100 198261 110093
36100 152137 63984
36100 176703 107140
36100 123590 62526
36100 153583 75248
36100 231604 123392
36100 158294 107944
36100 92291 46021
36100 211311 96260
36100 161996 58487
36100 119894 68476
36100 217639 69779
36100 172242 90647
36100 195365 80478
36100 200393 124023
36100 151406 70864
36100 185037 91939
36100 224005 104122
36100 261600 97789
36100 182748 79240
36100 157305 82794
36100 288345 165117
36100 225793 82877
36100 201425 111452
36100 183091 100252
36100 245280 73771
36100 160811 55884
36100 147901 74827
36200 187471 104758
36200 167792 83671
36200 194163 118923
36200 207451 123347
36200 156529 66532
36200 181214 102943
36200 291447 132304
36200 257948 138680
36200 254321 157913
36200 173587 56016
36200 227549 144930
36200 158894 44931
36200 225171 63486
36200 222954 104541
36200 162076 53300
36200 171769 75244
36200 154831 106303
36200 229704 118173
36200 139810 62528
36200 162266 103080
36200 129950 53232
36200 197744 129274
36200 174844 90515
36200 183254 67425
36200 172652 64552
36200 275989 134381
36200 246235 141773
36200 202415 71584
36200 146051 97019
36200 213472 129598
36200 204241 104805
36200 134430 72099
36200 171615 76589
36200 133801 75865
36200 174824 77997
36200 202544 101901
36200 173616 72472
36200 193334 91803
36200 172980 88029
36200 163586 97646
36200 145954 85267
36200 209509 109274
36200 165034 94904
36200 263100 172094
36200 202970 104386
36200 138452 75098
36200 266106 137049
36200 167665 66214
36200 278615 138097
36200 175905 106850
36300 205477 107658
36300 203642 112049
36300 223434 96619
36300 155165 64935
36300 181799 67232
36300 182452 90748
36300 175957 86916
36300 144864 64276
36300 299774 120889
36300 109482 56545
36300 303753 152698
36300 212451 92729
36300 132713 73376
36300 149065 77891
36300 203425 122575
36300 161414 89637
36300 221121 93411
36300 163103 81478
36300 182889 128091
36300 201214 56183
36300 213144 115749
36300 189191 68807
36300 168737 72740
36300 125351 53155
36300 206703 112773
36300 227770 115948
36300 218175 73358
36300 192375 102757
36300 202163 82989
36300 148650 58407
36300 162615 98150
36300 163969 83447
36300 121829 63423
36300 175551 97479
36300 175145 74174
36300 211251 126191
36300 123808 68807
36300 177286 87333
36300 183480 83915
36300 136435 75034
36300 197122 130902
36300 171707 69421
36300 117883 52451
36300 242663 98262
36300 156137 77989
36300 187005 79499
36300 165332 81133
36300 241741 152607
36300 160310 78032
36300 172167 77281
36400 249716 128750
36400 199210 97255
36400 175235 120021
36400 151298 88667
36400 176050 86833
36400 253900 150058
36400 195934 104062
36400 112326 53780
36400 230926 94489
36400 174053 92449
36400 205742 84598
36400 146727 44204
36400 185204 104319
36400 208136 113020
36400 134743 77910
36400 189944 88229
36400 190898 113079
36400 141448 84540
36400 175123 71439
36400 204683 95077
36400 208925 96845
36400 150122 60812
36400 232011 140208
36400 243292 119937
36400 178163 73570
36400 221035 112939
36400 207153 77936
36400 153705 74124
36400 242290 112394
36400 164350 77754
36400 151083 61224
36400 164264 86654
36400 254807 110766
36400 132158 79750
36400 273463 172269
36400 328923 202108
36400 168957 88963
36400 220892 142867
36400 178052 61145
36400 133451 44495
36400 211816 84762
36400 158178 48105
36400 144934 81543
36400 133530 77468
36400 191729 127840
36400 161056 90257
36400 181808 79193
36400 240212 119779
36400 207383 109743
36400 164426 88536
36500 253071 126627
36500 276528 179175
36500 226256 78984
36500 231859 105555
36500 170995 79934
36500 122883 70045
36500 253928 143291
36500 143208 81815
36500 241115 125913
36500 155467 61729
36500 185180 81173
36500 152845 80464
36500 187177 112372
36500 179662 68736
36500 102475 46027
36500 185905 73479
36500 212535 103774
36500 216747 125454
36500 213477 116139
36500 235579 126864
36500 198004 106937
36500 218216 108664
36500 184984 84830
36500 231884 98846
36500 132263 51225
36500 195300 68345
36500 201740 137747
36500 133872 76649
36500 181378 92299
36500 190766 81061
36500 133388 45667
36500 173192 62468
36500 181032 137332
36500 130660 79069
36500 232555 150766
36500 156802 81189
36500 215107 100990
36500 134009 67762
36500 260552 131083
36500 105321 49832
36500 153007 54891
36500 172046 83157
36500 242293 116208
36500 173213 85899
36500 134496 64170
36500 170283 99825
36500 246440 146042
36500 193694 68522
36500 205609 110288
36500 211572 75154
36600 219224 93285
36600 233169 144762
36600 186867 93108
36600 216911 104320
36600 250618 100397
36600 192997 96044
36600 278963 170022
36600 235927 86224
36600 200789 83590
36600 256152 175198
36600 178220 76801
36600 253042 132092
36600 206080 96180
36600 159861 91344
36600 186978 73936
36600 206346 128637
36600 134534 68450
36600 265746 157113
36600 262790 167794
36600 279894 137685
36600 177586 52255
36600 202268 75120
36600 208293 123613
36600 174602 89576
36600 173431 105755
36600 184845 72456
36600 210053 142610
36600 119735 62278
36600 148730 84773
36600 217526 93726
36600 164573 77959
36600 223779 88115
36600 205982 69204
36600 246346 112458
36600 179101 97728
36600 174214 53396
36600 266068 144200
36600 194964 127247
36600 109363 57955
36600 117320 60602
36600 181975 93829
36600 229988 153847
36600 117672 65971
36600 157500 79488
36600 221277 92213
36600 144456 68322
36600 231597 136001
36600 191823 116425
36600 198788 118363
36600 281925 117966
36700 190699 81341
36700 193735 85779
36700 196340 110641
36700 229925 119804
36700 199772 119383
36700 137095 75786
36700 191953 104834
36700 185473 77284
36700 323234 155504
36700 121094 46199
36700 253380 151724
36700 195494 95137
36700 213559 125817
36700 132392 63790
36700 202777 147420
36700 237973 103323
36700 254292 130590
36700 232335 128484
36700 136759 91652
36700 187941 120806
36700 234270 111573
36700 182129 102019
36700 161925 65886
36700 172893 62811
36700 176126 105838
36700 136472 69571
36700 301786 159144
36700 230699 106129
36700 258970 129269
36700 190994 85799
36700 245629 109927
36700 127113 53682
36700 158736 71419
36700 210496 88042
36700 209413 81588
36700 210514 117909
36700 203858 105865
36700 165031 62574
36700 118917 52322
36700 375450 229527
36700 218102 112540
36700 193356 124211
36700 157613 51527
36700 150968 93427
36700 253924 106478
36700 248259 75679
36700 194047 118240
36700 171392 65507
36700 236565 123827
36700 155178 70812
36800 265578 114011
36800 225803 110801
36800 237242 148864
36800 106152 57553
36800 203783 62645
36800 234491 117440
36800 184617 72841
36800 200548 99430
36800 200047 97627
36800 207909 94715
36800 227153 76271
36800 229410 66500
36800 173103 75806
36800 160279 99133
36800 113963 51710
36800 209969 110304
36800 214273 110505
36800 141283 60503
36800 137042 60489
36800 137474 63599
36800 213270 75712
36800 148964 52150
36800 141097 70536
36800 178799 110648
36800 235637 123236
36800 114821 58616
36800 181628 109317
36800 145666 49967
36800 160840 70145
36800 214570 93115
36800 181081 105047
36800 293589 107354
36800 201800 97156
36800 160657 85643
36800 194521 121672
36800 189448 78657
36800 234598 123513
36800 204970 71782
36800 231675 110888
36800 171430 78542
36800 201063 80452
36800 231716 130101
36800 152931 77094
36800 185401 57682
36800 248241 158799
36800 192694 72684
36800 185245 97729
36800 261062 116802
36800 192238 54725
36800 133600 67700
36900 137142 58439
36900 178347 110119
36900 202590 108012
36900 179320 80509
36900 197797 88032
36900 203800 123604
36900 255315 137932
36900 213867 108498
36900 157651 86339
36900 167931 93199
36900 125742 67067
36900 136660 53137
36900 313929 146419
36900 174921 102958
36900 147030 75181
36900 165069 59998
36900 224670 107977
36900 254696 162935
36900 180893 65948
36900 214618 119159
36900 189983 110069
36900 243192 94840
36900 153736 51417
36900 185171 93465
36900 157830 96638
36900 277377 149180
36900 206165 128124
36900 298809 133945
36900 142998 91706
36900 208934 79716
36900 163708 97763
36900 238516 135452
36900 128650 67843
36900 227428 115306
36900 257290 163037
36900 157499 92885
36900 138527 69144
36900 373977 176035
36900 214261 102214
36900 210316 128284
36900 220288 103864
36900 246845 145312
36900 225959 111944
36900 238502 113046
36900 221068 122911
36900 215581 144861
36900 257222 155186
36900 109439 47167
36900 156914 53481
36900 210549 145181
37000 171726 73904
37000 184128 74208
37000 160171 111725
37000 164290 68907
37000 251093 132129
37000 228882 107722
37000 159532 64174
37000 171973 123454
37000 182607 79131
37000 172433 72024
37000 142709 85028
37000 168984 89132
37000 185174 93439
37000 179097 94533
37000 230404 104802
37000 149629 62316
37000 110136 59043
37000 300573 205054
37000 208606 56286
37000 147799 70118
37000 133975 77074
37000 219039 126332
37000 209382 85067
37000 175174 106406
37000 165620 82438
37000 267191 164032
37000 268399 127547
37000 142213 83143
37000 183217 79399
37000 264198 165556
37000 133558 66357
37000 198134 102974
37000 194280 78985
37000 244100 89282
37000 148381 85607
37000 204163 102290
37000 262995 146906
37000 130006 85593
37000 180278 97515
37000 198986 120822
37000 191828 98705
37000 136359 62573
37000 198487 98794
37000 227449 115336
37000 196086 129516
37000 193133 97840
37000 236313 106421
37000 183605 91340
37000 202046 100450
37000 234096 128464
37100 326943 150487
37100 212453 105054
37100 157566 80352
37100 192219 85455
37100 169087 71484
37100 234701 90523
37100 149752 96335
37100 193909 76737
37100 188233 112943
37100 198255 78365
37100 249817 102051
37100 215557 122376
37100 188837 85592
37100 163383 94245
37100 188494 108128
37100 196185 47631
37100 229602 109360
37100 228722 130031
37100 175167 120173
37100 150609 57888
37100 164065 54995
37100 176727 105491
37100 223041 149227
37100 165474 66533
37100 135985 60506
37100 258495 156717
37100 143020 65993
37100 177735 68333
37100 188173 77087
37100 267376 144662
37100 198527 105357
37100 145418 93614
37100 197223 66494
37100 206697 80242
37100 217090 115498
37100 176823 77561
37100 154408 68516
37100 173299 58018
37100 285301 114203
37100 182782 104914
37100 133578 66225
37100 279810 124117
37100 208085 118454
37100 193150 78462
37100 246623 128839
37100 180883 96425
37100 138163 50412
37100 238167 143727
37100 197161 75285
37100 156341 66634
37200 129820 75218
37200 149262 78352
37200 164108 61413
37200 231697 146343
37200 159854 75801
37200 271649 151008
37200 193411 81909
37200 166453 59824
37200 159944 88148
37200 227247 139807
37200 148536 44411
37200 153024 75034
37200 311303 140360
37200 220017 105730
37200 214631 93889
37200 116086 58965
37200 233771 87182
37200 177822 68498
37200 167398 95758
37200 323961 101480
37200 154734 60920
37200 240234 141685
37200 196311 85418
37200 258879 149685
37200 249050 123262
37200 118001 53678
37200 253183 184308
37200 278510 129241
37200 191742 116114
37200 114739 54511
37200 249020 131682
37200 186665 125291
37200 179798 72328
37200 163802 99552
37200 110070 56951
37200 237814 120847
37200 174559 102240
37200 224593 158455
37200 248572 131828
37200 123947 63776
37200 145337 59667
37200 285885 115968
37200 149093 72552
37200 130416 79162
37200 168960 59947
37200 165358 58128
37200 134073 54549
37200 268684 147546
37200 171804 77905
37200 132169 58126
37300 230472 124685
37300 246179 67038
37300 203473 90868
37300 158719 81955
37300 256561 117809
37300 152165 65600
37300 190132 112849
37300 200721 99946
37300 354130 209356
37300 159018 90498
37300 165033 72884
37300 154387 99027
37300 176299 100203
37300 199221 93892
37300 212107 109710
37300 214115 120794
37300 171329 81852
37300 277329 101970
37300 244012 165159
37300 145578 51423
37300 163676 70251
37300 161856 84818
37300 199358 62635
37300 180490 92764
37300 202734 63234
37300 270258 170122
37300 225671 116460
37300 202781 81852
37300 245357 131891
37300 165426 62859
37300 217890 105607
37300 259076 82685
37300 228288 131742
37300 172416 73454
37300 202713 68192
37300 118213 60867
37300 189142 89708
37300 242083 110524
37300 181097 87630
37300 266463 122868
37300 194836 77425
37300 167048 70093
37300 297297 221323
37300 293256 103320
37300 208043 97814
37300 231262 129344
37300 158578 60991
37300 151830 74173
37300 151637 72742
37300 142815 76317
37400 224076 114293
37400 177134 91884
37400 204162 131355
37400 358919 181699
37400 175202 86740
37400 215772 141307
37400 258197 114292
37400 286797 155018
37400 214621 126447
37400 218899 110510
37400 223906 113361
37400 269153 95661
37400 174565 92039
37400 227691 94194
37400 167357 84780
37400 135116 56015
37400 123894 68274
37400 155285 69896
37400 278514 156924
37400 195743 89185
37400 149154 63413
37400 176633 115312
37400 269710 131701
37400 188411 56692
37400 289144 129809
37400 150326 85090
37400 166838 111913
37400 202618 133730
37400 219795 106460
37400 230439 127625
37400 211589 62258
37400 186239 74074
37400 172658 87108
37400 182431 93601
37400 199371 114363
37400 174674 62350
37400 135860 62368
37400 159169 96863
37400 149126 62262
37400 224210 67513
37400 179171 66677
37400 247123 144233
37400 187421 90818
37400 204375 83933
37400 214210 132851
37400 188364 100666
37400 171754 73149
37400 141080 91014
37400 193147 87059
37400 194249 105420
37500 171027 122382
37500 181438 104624
37500 224604 110868
37500 201720 92184
37500 178791 92301
37500 178567 71858
37500 157613 53991
37500 156201 75840
37500 156396 84342
37500 159446 49681
37500 198919 92281
37500 155467 90480
37500 134967 67639
37500 242088 154604
37500 184066 97660
37500 200912 143859
37500 180584 102838
37500 202439 105511
37500 169868 99648
37500 231652 117278
37500 185691 97901
37500 219638 99253
37500 240151 132584
37500 168231 64993
37500 125166 65229
37500 247283 132345
37500 171860 111266
37500 179719 112885
37500 125362 66169
37500 114179 47155
37500 217038 128929
37500 156318 90649
37500 208246 133098
37500 240181 140196
37500 143562 92053
37500 209264 69256
37500 197506 93242
37500 207440 85901
37500 152245 54350
37500 243706 120918
37500 182138 105237
37500 188485 103239
37500 172272 88213
37500 171853 61622
37500 266594 155953
37500 222431 106381
37500 209717 104847
37500 149303 74854
37500 184113 107994
37500 113703 47963
37600 213710 81311
37600 159678 76111
37600 186476 92584
37600 153822 81286
37600 212479 66180
37600 120366 49604
37600 191176 118589
37600 208385 81193
37600 262766 184085
37600 205798 106972
37600 204136 105375
37600 234278 99150
37600 264672 141039
37600 234428 101249
37600 176450 61360
37600 220057 87035
37600 236872 129947
37600 200576 141445
37600 147424 58098
37600 218333 101776
37600 232605 140818
37600 159660 80620
37600 235727 73512
37600 230129 101657
37600 101156 49872
37600 307984 138664
37600 271790 161041
37600 199834 91970
37600 181347 110785
37600 151979 71741
37600 225179 83336
37600 199913 92941
37600 182621 94198
37600 192865 134929
37600 131870 81117
37600 245578 123987
37600 267804 161434
37600 225919 118643
37600 183828 96479
37600 170007 93116
37600 200909 52261
37600 223162 131698
37600 197070 127029
37600 160820 85809
37600 257745 123318
37600 151607 84525
37600 177907 63107
37600 126218 54669
37600 177150 71516
37600 262116 148466
37700 232772 122678
37700 209116 110995
37700 235807 74175
37700 206543 116265
37700 155993 66969
37700 200264 130251
37700 183295 102848
37700 268130 100863
37700 149416 76861
37700 194293 89203
37700 203995 71965
37700 144704 57763
37700 208660 128949
37700 202521 103409
37700 249233 113357
37700 139186 72797
37700 212438 104650
37700 287273 134554
37700 216201 101129
37700 205744 117127
37700 193168 103826
37700 219667 103889
37700 115537 56192
37700 173988 88433
37700 159713 76924
37700 186089 95383
37700 217245 125823
37700 113663 66170
37700 247631 147706
37700 332331 108150
37700 147469 78485
37700 237951 160498
37700 180295 107807
37700 257040 125419
37700 115838 58113
37700 234032 98457
37700 170890 106462
37700 203743 105516
37700 130823 55277
37700 248646 133996
37700 222807 120190
37700 154344 58810
37700 165217 95078
37700 194171 124848
37700 232408 114156
37700 162734 64998
37700 184501 81892
37700 223977 94826
37700 176024 73191
37700 253929 131174
37800 172079 86737
37800 246552 92691
37800 132034 78375
37800 247413 144946
37800 252278 131865
37800 185600 97618
37800 186169 81658
37800 163536 65765
37800 185678 132440
37800 113342 52325
37800 200496 76293
37800 228751 127115
37800 160218 81562
37800 176285 74178
37800 199616 84770
37800 101681 43711
37800 224243 119497
37800 206955 88889
37800 235325 154176
37800 203580 105991
37800 217465 133199
37800 151152 48199
37800 234993 99909
37800 201043 93342
37800 158411 92822
37800 168533 105054
37800 221379 134676
37800 156479 101062
37800 228979 74511
37800 167268 74871
37800 267606 171399
37800 240458 62828
37800 186688 83862
37800 188851 57116
37800 253427 120134
37800 317126 153986
37800 160888 86940
37800 161571 87567
37800 205434 130144
37800 241398 130324
37800 304918 131311
37800 139945 82353
37800 264448 122712
37800 173451 98788
37800 202640 131414
37800 213906 116344
37800 211044 95991
37800 148644 62216
37800 229376 78718
37800 155461 93555
37900 210790 114509
37900 162515 81181
37900 199250 95836
37900 165982 90687
37900 133973 82036
37900 154335 91054
37900 139021 83015
37900 238028 123972
37900 119064 50086
37900 149783 71600
37900 181909 73488
37900 149289 63464
37900 185737 70390
37900 121587 61139
37900 245407 143853
37900 187266 102086
37900 227805 141187
37900 227212 88906
37900 236653 131908
37900 357860 191459
37900 220876 91052
37900 193652 126434
37900 163191 71932
37900 176301 70906
37900 231049 121156
37900 262727 131663
37900 176259 88603
37900 197502 129784
37900 237570 121389
37900 246461 108377
37900 268248 98259
37900 260350 123757
37900 252022 139487
37900 196811 126471
37900 130101 60265
37900 282749 121431
37900 222456 109638
37900 136566 82682
37900 215627 107289
37900 225150 106511
37900 163180 70431
37900 175344 91222
37900 153548 69726
37900 173930 96070
37900 251358 172728
37900 264031 142042
37900 219693 74087
37900 182928 115720
37900 250284 134169
37900 149760 49425
38000 146733 81668
38000 137293 68870
38000 177407 98452
38000 163368 87307
38000 231020 124813
38000 143243 69149
38000 186328 95894
38000 231220 125070
38000 227094 91637
38000 229472 153553
38000 182417 92302
38000 207778 84974
38000 156431 60659
38000 150278 79304
38000 124078 64852
38000 154203 54780
38000 227458 93522
38000 168764 74059
38000 156098 54801
38000 133714 63223
38000 242636 111134
38000 134099 78705
38000 148191 48681
38000 123231 67463
38000 144057 84506
38000 202124 115732
38000 228166 111811
38000 193344 118645
38000 191240 118133
38000 200536 94856
38000 191520 90209
38000 220245 62911
38000 244391 113096
38000 222914 136815
38000 168082 102453
38000 142391 75983
38000 229096 143260
38000 246679 115572
38000 146493 69639
38000 236908 123174
38000 126801 56385
38000 317113 160541
38000 190224 86022
38000 206151 84631
38000 221712 108277
38000 201495 73568
38000 135405 48076
38000 158792 85838
38000 232953 145895
38000 161399 94119
38100 168323 62071
38100 199396 87650
38100 236224 124279
38100 197638 109430
38100 149215 77514
38100 201164 113463
38100 165286 101207
38100 306991 86815
38100 210707 137645
38100 177213 54579
38100 181135 101492
38100 161602 91617
38100 173195 97334
38100 165326 68720
38100 290533 126392
38100 221099 101238
38100 234331 87615
38100 244676 87479
38100 237360 140716
38100 161957 80392
38100 162351 64838
38100 163224 84963
38100 179639 73402
38100 225114 108244
38100 215070 124834
38100 170984 110994
38100 238377 91415
38100 249257 134609
38100 201285 98302
38100 199664 117765
38100 247732 103006
38100 170646 73958
38100 241288 103311
38100 120361 57695
38100 160382 109955
38100 204872 86656
38100 105952 51738
38100 214369 136471
38100 254845 98293
38100 148636 67643
38100 237361 133933
38100 233041 140802
38100 233087 139032
38100 175305 73806
38100 144229 71026
38100 229173 96252
38100 237102 119180
38100 235637 151071
38100 270410 107945
38100 216792 118105
38200 164066 112213
38200 208995 112544
38200 258548 98303
38200 235524 106519
38200 210104 115617
38200 146417 94172
38200 198411 83410
38200 146422 76030
38200 296271 125253
38200 214808 120278
38200 152856 67873
38200 279992 116026
38200 147570 102162
38200 195820 102312
38200 162960 72367
38200 190629 104083
38200 290615 125274
38200 219945 102254
38200 116422 62572
38200 208351 113204
38200 153010 96356
38200 156227 68682
38200 182063 114016
38200 202771 64303
38200 118070 50694
38200 160983 64557
38200 190443 112120
38200 146082 79629
38200 193728 135257
38200 189296 121315
38200 190604 114198
38200 205732 102077
38200 240614 130313
38200 225038 119289
38200 137569 76139
38200 152832 90841
38200 223904 87685
38200 125803 73212
38200 167195 117670
38200 207420 98828
38200 406145 212559
38200 201485 66335
38200 220099 130148
38200 302425 147613
38200 278083 155778
38200 137365 65288
38200 161281 65674
38200 172209 84505
38200 123164 57965
38200 140955 76437
38300 212869 100166
38300 211290 142076
38300 168410 78908
38300 200624 103129
38300 188361 122086
38300 269334 186755
38300 149810 91412
38300 184218 92788
38300 182955 100753
38300 158630 74585
38300 195997 101057
38300 278643 108198
38300 225707 91655
38300 221522 172510
38300 162028 74865
38300 210396 99840
38300 227201 123268
38300 250674 114925
38300 147381 79562
38300 159030 96623
38300 175137 83364
38300 318429 136769
38300 159651 77329
38300 203138 87257
38300 265093 133807
38300 271770 171981
38300 183099 64396
38300 202651 129367
38300 135882 58702
38300 254057 75124
38300 252183 121378
38300 210671 98923
38300 155869 88655
38300 192304 95363
38300 220937 122327
38300 179601 119741
38300 145947 62275
38300 240009 132786
38300 200224 102563
38300 173804 105515
38300 168829 87708
38300 201371 118988
38300 177106 86353
38300 157823 92356
38300 183205 53737
38300 185947 124692
38300 223508 113622
38300 143139 73111
38300 210166 95206
38300 174219 87301
38400 182811 90910
38400 224201 108356
38400 174401 109225
38400 184740 87488
38400 175408 81015
38400 187594 97522
38400 233765 159834
38400 215662 80446
38400 226404 86727
38400 167760 64473
38400 144670 57717
38400 130824 78151
38400 226570 112475
38400 238857 90949
38400 226414 84228
38400 175344 87739
38400 207026 121815
38400 283337 56249
38400 141597 87802
38400 134432 56032
38400 141504 63033
38400 272288 170706
38400 172288 61748
38400 212464 62195
38400 234298 97201
38400 267497 175837
38400 207883 129384
38400 146565 59402
38400 146930 50466
38400 206271 121803
38400 220983 110340
38400 178114 100204
38400 161452 71607
38400 293741 99120
38400 204577 116709
38400 267639 173695
38400 249894 94393
38400 176929 96828
38400 147448 56760
38400 164368 82501
38400 199976 86462
38400 157634 94750
38400 249743 119395
38400 240707 121871
38400 215344 110162
38400 254018 135813
38400 186681 102466
38400 188292 100042
38400 155171 81064
38400 196570 134866
38500 213433 121679
38500 212461 96476
38500 173072 86652
38500 258565 90904
38500 231147 150585
38500 229652 137823
38500 225642 139583
38500 199964 104998
38500 233738 137445
38500 193477 77258
38500 289920 206869
38500 275506 178394
38500 333857 202344
38500 165251 85353
38500 209593 118253
38500 226625 90220
38500 187492 117226
38500 181838 80322
38500 240237 163371
38500 191934 82798
38500 210620 123512
38500 279762 144604
38500 236777 163765
38500 295091 221927
38500 190603 79656
38500 165815 105378
38500 184331 99538
38500 263937 159055
38500 175628 112986
38500 114646 50797
38500 195794 106925
38500 181672 101881
38500 235999 104410
38500 262955 114147
38500 253274 109657
38500 123312 69018
38500 207086 111924
38500 223289 120472
38500 176480 87458
38500 154767 95969
38500 277310 106173
38500 128592 66738
38500 183081 110300
38500 227157 113205
38500 182634 94207
38500 239542 143493
38500 219945 128572
38500 195219 97498
38500 160969 52718
38500 140634 67210
38600 261193 119157
38600 265390 146443
38600 297455 191798
38600 154814 71237
38600 140860 56479
38600 210587 122207
38600 189295 89997
38600 161300 78562
38600 196082 95809
38600 171776 99400
38600 148332 51619
38600 196407 55400
38600 148739 75920
38600 243588 141048
38600 159704 88374
38600 178258 63095
38600 242897 138276
38600 153501 88039
38600 161632 77148
38600 167854 56900
38600 178288 59557
38600 217834 82033
38600 151112 68159
38600 245882 102697
38600 252739 153225
38600 280421 95552
38600 138820 72972
38600 249225 111745
38600 223397 78718
38600 147923 78240
38600 175971 74087
38600 131754 51719
38600 220057 140676
38600 216177 123761
38600 180521 70455
38600 148910 61030
38600 172812 94135
38600 300698 122244
38600 179485 87760
38600 228552 70948
38600 171748 111592
38600 225890 103632
38600 204707 93966
38600 237384 95942
38600 259682 118535
38600 196338 118687
38600 148464 93438
38600 217669 69172
38600 274126 120121
38600 173052 66966
38700 216997 76606
38700 169951 111388
38700 157008 73325
38700 143314 76014
38700 108267 54984
38700 184776 105706
38700 240628 95879
38700 236706 102287
38700 206486 120613
38700 272060 119910
38700 215874 96634
38700 149299 77231
38700 177506 70949
38700 189500 81301
38700 214515 135802
38700 201949 91080
38700 160843 72003
38700 192817 105198
38700 175525 85219
38700 145192 72136
38700 217452 85516
38700 197933 105985
38700 131163 65159
38700 222006 154274
38700 163370 108190
38700 220978 119561
38700 182410 108917
38700 233885 112584
38700 167151 71273
38700 216642 150310
38700 149097 79008
38700 183733 71103
38700 190644 103180
38700 155063 97333
38700 200432 95201
38700 115210 65980
38700 171125 81809
38700 274153 137180
38700 212251 95609
38700 111446 52516
38700 201721 99481
38700 122954 58150
38700 197759 100941
38700 174942 100247
38700 228563 98559
38700 239115 88581
38700 174658 86616
38700 190822 79997
38700 175083 96264
38700 231118 129114
38800 167980 55453
38800 259957 96374
38800 219409 78881
38800 253305 110068
38800 232697 126880
38800 178732 113295
38800 296133 117186
38800 149774 64098
38800 174531 70980
38800 263782 106524
38800 198077 125765
38800 189373 115782
38800 179703 91355
38800 191862 107447
38800 322010 111318
38800 301092 216661
38800 162510 76600
38800 296301 149169
38800 137579 52477
38800 110776 56622
38800 232386 95923
38800 276561 139159
38800 296923 165790
38800 199450 92557
38800 158420 60616
38800 279156 129862
38800 139934 61867
38800 136091 60067
38800 279518 153116
38800 228081 109397
38800 212365 144225
38800 240757 135070
38800 150513 88878
38800 168270 103085
38800 219496 110399
38800 164450 94309
38800 199643 125203
38800 181064 105537
38800 207508 112423
38800 249368 164883
38800 195363 117913
38800 275673 198235
38800 227250 67806
38800 300053 173182
38800 175194 93163
38800 274969 135790
38800 214358 136308
38800 144763 75104
38800 217053 91803
38800 142088 68764
38900 159329 72546
38900 210259 102392
38900 199913 62032
38900 197177 99637
38900 257504 157387
38900 191657 56756
38900 190955 75512
38900 213539 117640
38900 177507 62835
38900 189989 87958
38900 194518 91789
38900 175831 104237
38900 163365 98008
38900 159303 73529
38900 141431 54442
38900 257366 147293
38900 244164 133568
38900 191234 62329
38900 288211 154364
38900 109388 50191
38900 169442 64507
38900 196738 97681
38900 210995 114369
38900 279322 123283
38900 254045 195704
38900 217809 113282
38900 220819 75133
38900 234536 98150
38900 250038 129625
38900 263364 140038
38900 171915 57361
38900 182626 63240
38900 200822 89483
38900 255146 169457
38900 221884 117241
38900 204940 85975
38900 214225 105861
38900 202574 83112
38900 191016 98689
38900 236074 98606
38900 264811 162940
38900 151592 64368
38900 193136 128877
38900 152048 50702
38900 227689 93051
38900 316718 230306
38900 215969 107568
38900 214420 120767
38900 223218 108222
38900 218660 119071
39000 250535 109335
39000 216928 74545
39000 194435 90572
39000 247376 115608
39000 218155 87042
39000 201828 73541
39000 169933 78624
39000 197270 106293
39000 292347 127904
39000 263779 127025
39000 132474 63761
39000 254335 141781
39000 226778 123805
39000 234104 73560
39000 314051 165826
39000 186698 72208
39000 126135 63123
39000 172210 100922
39000 229541 111546
39000 181467 120780
39000 320150 192865
39000 132684 69791
39000 231097 91326
39000 184306 89264
39000 155985 74022
39000 171276 83783
39000 200505 129536
39000 145003 86426
39000 204903 117251
39000 150518 64584
39000 157955 58169
39000 204805 99561
39000 250058 105519
39000 187989 97610
39000 313789 166413
39000 202980 78373
39000 255115 88605
39000 217640 100628
39000 186955 134185
39000 214302 122088
39000 189440 86498
39000 170427 66806
39000 175831 61656
39000 243505 130137
39000 178910 63203
39000 217741 122990
39000 243324 118269
39000 161535 67856
39000 212954 128440
39000 247087 166272
39100 224680 98026
39100 238029 173403
39100 241795 130018
39100 192102 97367
39100 182137 57836
39100 164770 105313
39100 254543 127235
39100 186128 113956
39100 244638 148659
39100 220562 110563
39100 185388 129722
39100 141654 73343
39100 205038 109182
39100 238545 120411
39100 220660 112490
39100 221637 90912
39100 199749 112084
39100 239757 138308
39100 233139 125643
39100 320837 161347
39100 208919 110352
39100 257531 105164
39100 149304 71817
39100 284437 159094
39100 227810 79855
39100 214211 131981
39100 258958 78680
39100 151887 66847
39100 268710 142208
39100 192187 80907
39100 160641 93825
39100 155038 50091
39100 194704 119961
39100 188606 71406
39100 206151 61081
39100 166526 91858
39100 231094 133277
39100 189470 119357
39100 303013 169359
39100 170622 94288
39100 220559 118312
39100 151713 54631
39100 230075 140539
39100 200204 67020
39100 179188 67754
39100 192817 89585
39100 174244 61243
39100 249326 108834
39100 176058 111756
39100 166844 61249
39200 165026 92045
39200 165810 76199
39200 229306 134628
39200 257319 125080
39200 254909 139215
39200 198083 129261
39200 125876 56309
39200 270177 113895
39200 231520 114540
39200 187297 103399
39200 236367 117642
39200 220194 142326
39200 249193 131624
39200 243569 144667
39200 220058 87826
39200 165159 70182
39200 194482 109022
39200 158515 72980
39200 222074 71582
39200 262735 137513
39200 230239 143666
39200 193203 66243
39200 196201 108295
39200 139473 90301
39200 194811 110381
39200 205678 126435
39200 291395 138504
39200 182529 118540
39200 334389 138057
39200 178318 72520
39200 261160 160557
39200 238608 112479
39200 213685 131664
39200 269525 190194
39200 203905 120013
39200 284634 99413
39200 218832 117236
39200 170200 102134
39200 252991 136569
39200 176857 85186
39200 169044 68921
39200 108669 60735
39200 142704 73344
39200 242189 150791
39200 201760 70147
39200 138800 54889
39200 287330 136567
39200 180920 74100
39200 116762 61360
39200 157861 91115
39300 204116 140281
39300 288302 151885
39300 156620 77749
39300 194978 123218
39300 212562 90941
39300 216240 112935
39300 270449 142746
39300 226519 81648
39300 233317 104300
39300 150002 74298
39300 213706 102957
39300 251915 115936
39300 297437 149587
39300 179229 111778
39300 258288 111824
39300 194201 97370
39300 242476 122764
39300 160833 96395
39300 262675 130153
39300 137181 59454
39300 181772 93636
39300 187529 82578
39300 181560 99041
39300 181217 60813
39300 235622 129512
39300 223821 153623
39300 150400 60034
39300 351627 137579
39300 252150 151242
39300 177072 95257
39300 207875 119432
39300 190357 63310
39300 194532 93650
39300 106792 50497
39300 240048 89547
39300 290998 132856
39300 182496 78350
39300 247058 136908
39300 211677 92520
39300 148540 70583
39300 263140 139567
39300 173728 92387
39300 213038 112920
39300 222394 122596
39300 202938 94000
39300 314871 134323
39300 190732 81904
39300 202272 140798
39300 276245 122754
39300 253564 123104
39400 237883 105235
39400 219623 109455
39400 191329 107994
39400 161795 68055
39400 231685 143650
39400 185962 96106
39400 143152 73627
39400 303860 124192
39400 180637 86927
39400 134318 71194
39400 306821 201339
39400 160405 69482
39400 142608 75421
39400 317310 204707
39400 216788 130336
39400 223536 119079
39400 170923 79659
39400 171610 85217
39400 223078 111602
39400 231434 126355
39400 221016 73259
39400 205827 67854
39400 181309 95440
39400 250253 152280
39400 260815 111649
39400 190879 97387
39400 183112 112999
39400 217220 84721
39400 163997 106226
39400 195298 78682
39400 249015 132071
39400 254295 131191
39400 287293 157993
39400 246816 136538
39400 276272 141637
39400 168155 51591
39400 214863 123079
39400 338991 203898
39400 231684 79353
39400 291107 125557
39400 195459 98674
39400 158027 82616
39400 208519 81692
39400 158252 106317
39400 311576 175086
39400 236774 102079
39400 123345 60946
39400 234704 80835
39400 182325 102921
39400 268232 159256
39500 303934 155846
39500 181556 98679
39500 276134 190265
39500 205036 78033
39500 262038 76475
39500 261404 124968
39500 138523 72767
39500 243899 122679
39500 169786 77278
39500 287860 155503
39500 271734 172099
39500 196846 90054
39500 198721 62972
39500 403965 224943
39500 224852 95871
39500 185421 131868
39500 159995 54129
39500 166071 83729
39500 192052 118209
39500 229723 120669
39500 216515 83872
39500 284210 88726
39500 212932 105069
39500 277209 112983
39500 248451 132102
39500 161760 92706
39500 288038 145060
39500 204226 72923
39500 118342 63117
39500 226839 103418
39500 229578 127793
39500 118454 57454
39500 182733 116376
39500 169955 85940
39500 191609 74315
39500 160449 86860
39500 217078 65891
39500 170178 74988
39500 193567 58646
39500 258954 124101
39500 212853 130036
39500 153291 82176
39500 152913 91418
39500 202859 111510
39500 241710 64707
39500 252693 99335
39500 183002 78901
39500 223852 130305
39500 261259 126177
39500 258279 115428
39600 268132 89873
39600 130045 82510
39600 158794 62115
39600 159695 91284
39600 175650 106846
39600 251318 129271
39600 170483 92113
39600 245481 84902
39600 207270 136845
39600 146611 45612
39600 246827 110582
39600 234507 133992
39600 261177 146866
39600 188650 125707
39600 209969 70721
39600 213363 102964
39600 199417 86024
39600 288276 150203
39600 233542 141113
39600 196968 73435
39600 204744 138639
39600 179846 102200
39600 240074 117760
39600 169740 117293
39600 184849 93222
39600 222310 86315
39600 153809 70915
39600 159325 53520
39600 219473 131289
39600 167681 71879
39600 176543 92994
39600 309341 155787
39600 217989 124096
39600 289041 146956
39600 277848 152650
39600 219651 97615
39600 293631 96042
39600 203211 110965
39600 208230 86629
39600 260599 131218
39600 198345 86759
39600 215245 99778
39600 177451 110184
39600 164752 71497
39600 209755 83725
39600 175037 107553
39600 245926 182733
39600 241026 130996
39600 239330 63509
39600 188787 112499
39700 126930 67639
39700 163616 74588
39700 177880 51908
39700 188364 119623
39700 215251 101270
39700 175562 94235
39700 175585 91622
39700 202979 100886
39700 226270 137136
39700 251064 102825
39700 136593 82704
39700 209184 97816
39700 131338 48463
39700 186539 118085
39700 188023 106512
39700 248307 96139
39700 133364 65814
39700 127552 62694
39700 162972 85983
39700 207707 88213
39700 181200 97882
39700 243872 99568
39700 175903 63878
39700 290331 161898
39700 170998 90199
39700 364467 181153
39700 256347 110385
39700 212067 104222
39700 207647 113660
39700 250922 96993
39700 231597 118582
39700 267691 96497
39700 162555 67782
39700 191614 102693
39700 194322 74448
39700 185846 117174
39700 298166 128575
39700 175300 86674
39700 193005 54363
39700 186007 92083
39700 234851 128130
39700 214130 115817
39700 280196 120993
39700 192921 71169
39700 316459 142662
39700 188108 72082
39700 199916 95304
39700 266588 142214
39700 224250 142164
39700 203577 76358
39800 216813 88463
39800 211751 86329
39800 144862 59752
39800 294043 166907
39800 224155 137793
39800 196903 120092
39800 135706 58092
39800 178628 71435
39800 208359 91119
39800 147054 58007
39800 204344 106260
39800 278944 165845
39800 274340 132573
39800 145450 83981
39800 233563 86631
39800 272476 197208
39800 202793 120908
39800 219460 145645
39800 193451 109483
39800 186700 104166
39800 201588 81175
39800 273972 174341
39800 176295 94540
39800 174797 93359
39800 221113 84205
39800 267116 136272
39800 187764 79375
39800 203487 87189
39800 172734 82724
39800 137338 59020
39800 169072 101502
39800 205498 95913
39800 215383 110569
39800 145974 58987
39800 133044 59586
39800 283246 140529
39800 215734 128091
39800 148695 79354
39800 166925 63500
39800 199940 96633
39800 256768 123679
39800 143221 63988
39800 151768 51266
39800 224121 117720
39800 167228 54090
39800 251404 129086
39800 142600 56103
39800 236874 105325
39800 192861 101904
39800 164381 93655
39900 121013 53767
39900 264709 114107
39900 240705 108952
39900 155539 80135
39900 404294 255394
39900 282629 85386
39900 243786 160511
39900 255290 114335
39900 206535 75342
39900 215840 137208
39900 196051 107903
39900 296876 200373
39900 129020 62167
39900 251256 115566
39900 141170 62728
39900 236415 143238
39900 170081 106417
39900 213798 95057
39900 278465 161614
39900 215045 124980
39900 279775 149269
39900 277575 103661
39900 263655 139798
39900 121939 64422
39900 187427 80909
39900 179040 103723
39900 185454 76759
39900 244857 138066
39900 187216 92989
39900 161010 48129
39900 229195 91939
39900 231523 126980
39900 171064 87999
39900 134082 75657
39900 149748 86293
39900 230138 86359
39900 249347 120409
39900 165011 81190
39900 327037 119198
39900 280835 151251
39900 184371 75253
39900 162729 94088
39900 215674 123715
39900 127398 66462
39900 235345 132752
39900 228509 80516
39900 159200 80952
39900 217583 122633
39900 179330 99111
39900 189496 97247
40000 211456 83286
40000 255763 138323
40000 228211 133393
40000 322391 157578
40000 186240 91486
40000 123379 72898
40000 179647 90292
40000 215918 136894
40000 188163 60917
40000 164025 75468
40000 172548 60567
40000 121324 51424
40000 219293 120384
40000 177401 89717
40000 137735 77246
40000 271984 153911
40000 227325 81252
40000 229786 128034
40000 202931 122354
40000 258396 119521
40000 228634 97639
40000 156607 67492
40000 187135 67528
40000 208361 66293
40000 216653 123196
40000 191531 101694
40000 199586 60133
40000 235742 172989
40000 189061 56544
40000 147099 59113
40000 195554 127899
40000 129329 70358
40000 237318 113993
40000 164603 93299
40000 179126 94285
40000 198834 101968
40000 156140 46700
40000 305651 136536
40000 184163 116924
40000 168432 71687
40000 266389 145807
40000 223567 105199
40000 190712 73423
40000 219642 127673
40000 291054 137898
40000 211808 79778
40000 185096 110051
40000 253020 92062
40000 213093 138976
40000 304880 100710
40100 275170 126749
40100 217754 67610
40100 101743 52467
40100 215245 62882
40100 213308 95564
40100 372802 172083
40100 123603 72887
40100 184978 91660
40100 218087 92643
40100 205704 97304
40100 178914 87216
40100 187609 122041
40100 212368 115147
40100 389900 191767
40100 174048 96947
40100 199982 92556
40100 231484 119962
40100 224058 115299
40100 143546 60279
40100 242772 145870
40100 245454 138106
40100 143281 74532
40100 148883 63123
40100 232369 132051
40100 130324 58377
40100 259348 122852
40100 181225 97518
40100 264781 140760
40100 244742 153736
40100 205767 102487
40100 216493 59977
40100 172745 100450
40100 174619 67581
40100 177380 81098
40100 294273 193245
40100 245764 110145
40100 209675 138392
40100 324760 163278
40100 215726 132397
40100 172594 94649
40100 126705 53556
40100 191300 90031
40100 270634 111414
40100 179024 88811
40100 145716 74115
40100 195848 116700
40100 285283 226933
40100 170451 95221
40100 235533 80743
40100 267527 159696
40200 212816 121738
40200 190673 103150
40200 125255 53116
40200 222347 145989
40200 290933 165316
40200 228296 127626
40200 204113 98457
40200 228612 154339
40200 240970 144866
40200 142069 77189
40200 246886 128799
40200 192390 100390
40200 169626 81188
40200 163292 88011
40200 215506 99463
40200 140303 87968
40200 296452 161438
40200 246046 143488
40200 192584 69960
40200 155827 63353
40200 161573 77119
40200 152337 71020
40200 250228 179550
40200 238862 84525
40200 254426 109740
40200 257972 109241
40200 183654 115913
40200 162175 56487
40200 178614 83490
40200 121610 64695
40200 189008 125319
40200 187853 90310
40200 176636 101517
40200 234505 114921
40200 266173 171976
40200 391047 221182
40200 168997 68691
40200 218981 100966
40200 338977 159681
40200 222004 121859
40200 194132 76185
40200 123625 52784
40200 240241 121166
40200 145021 61355
40200 186256 75364
40200 223930 127044
40200 279848 108325
40200 260225 132012
40200 207396 99710
40200 302454 168222
40300 136246 75350
40300 223338 53280
40300 218028 117639
40300 229803 103591
40300 179559 109298
40300 172730 78069
40300 181467 113536
40300 297309 180989
40300 251824 145372
40300 205613 105381
40300 214436 108923
40300 223292 61197
40300 236769 109812
40300 218082 98640
40300 188399 108930
40300 150407 53977
40300 262912 157596
40300 177812 116542
40300 175165 104230
40300 118219 55608
40300 189145 75971
40300 249095 110684
40300 240147 148347
40300 324108 208992
40300 255030 132724
40300 186162 105768
40300 251103 134955
40300 193747 88300
40300 222867 81121
40300 260817 119814
40300 140030 51024
40300 217229 62680
40300 182631 90541
40300 152768 60104
40300 361983 163331
40300 151038 81734
40300 186292 100711
40300 176871 64867
40300 234419 135790
40300 217659 130559
40300 236151 139031
40300 137999 83265
40300 162374 86120
40300 228394 101152
40300 252105 145493
40300 145204 85718
40300 148444 97167
40300 249989 166385
40300 238654 105410
40300 152000 60024
40400 213764 151736
40400 252540 89892
40400 216724 100176
40400 125528 73256
40400 210790 88897
40400 203323 123609
40400 269846 112214
40400 168988 97242
40400 248906 138040
40400 177270 86991
40400 123861 69306
40400 250887 125373
40400 261727 111318
40400 164611 79953
40400 306351 142001
40400 210516 108274
40400 315803 117656
40400 284704 150690
40400 263436 171925
40400 198960 99057
40400 182493 82506
40400 222007 139706
40400 272027 127467
40400 202098 112956
40400 173642 82788
40400 202522 134700
40400 179706 67370
40400 306331 127055
40400 126124 59098
40400 143603 58260
40400 218429 121945
40400 183977 116639
40400 194179 119666
40400 195132 88562
40400 228557 89631
40400 246182 170685
40400 210534 108928
40400 193867 75850
40400 258220 147190
40400 178987 102558
40400 226507 78810
40400 142028 77386
40400 169091 70291
40400 258959 108386
40400 184585 94164
40400 191578 91617
40400 318635 144871
40400 260657 137931
40400 165547 71242
40400 240749 134936
40500 151325 100691
40500 224567 63834
40500 241721 111839
40500 216903 70784
40500 215423 102402
40500 183261 76656
40500 188968 114769
40500 223249 116904
40500 241804 135520
40500 263492 115548
40500 243574 171030
40500 196811 83399
40500 198662 68904
40500 250902 138595
40500 186677 98776
40500 260023 134957
40500 169805 73772
40500 129719 58815
40500 216397 126869
40500 194629 80013
40500 157503 64613
40500 210354 91439
40500 237346 147659
40500 218027 100377
40500 271807 135144
40500 196992 135679
40500 175570 100737
40500 187152 112866
40500 287282 182902
40500 235937 127712
40500 226275 109917
40500 128204 57243
40500 210569 135082
40500 168350 66841
40500 223378 78269
40500 179074 52334
40500 188790 81159
40500 226524 126813
40500 146223 63607
40500 253675 151182
40500 235275 132748
40500 179849 74076
40500 181697 89408
40500 280430 170395
40500 243506 167278
40500 229162 104843
40500 205990 98168
40500 242372 87495
40500 145051 87800
40500 237559 129102
40600 146757 63914
40600 186094 91836
40600 180708 88795
40600 184173 78942
40600 157777 89617
40600 224205 113302
40600 252211 147695
40600 181791 111971
40600 252363 135030
40600 229723 113736
40600 170692 69953
40600 264406 111510
40600 247589 124580
40600 266421 141737
40600 151440 60360
40600 386885 251428
40600 225965 98994
40600 161519 73572
40600 436127 192454
40600 194169 62985
40600 214687 110751
40600 225350 103649
40600 206102 121298
40600 285654 115860
40600 183319 75999
40600 219982 97515
40600 190522 70309
40600 197915 108986
40600 386268 252953
40600 263137 131844
40600 280129 135408
40600 215596 94165
40600 217359 124984
40600 235452 124259
40600 222141 89836
40600 152037 52060
40600 244284 87928
40600 249506 103215
40600 143317 66862
40600 170776 94182
40600 240740 110043
40600 150447 82040
40600 180078 117281
40600 214558 144848
40600 195644 124011
40600 266989 183349
40600 157485 86090
40600 193256 127718
40600 283226 153577
40600 250185 114153
40700 165441 75960
40700 164501 95956
40700 218919 84820
40700 247589 119387
40700 218642 87765
40700 199759 97570
40700 227581 78512
40700 218908 101647
40700 238477 93352
40700 256706 139559
40700 244703 135159
40700 213931 110375
40700 210807 124506
40700 190006 81285
40700 231922 102707
40700 256176 139252
40700 165425 95794
40700 286814 143200
40700 180831 83664
40700 159326 89430
40700 289669 155013
40700 188205 116491
40700 241260 145885
40700 160722 74111
40700 110410 56464
40700 151892 75225
40700 222972 106809
40700 203247 69657
40700 189790 94322
40700 277807 165519
40700 251614 144660
40700 236893 123968
40700 237421 129479
40700 338280 199631
40700 226799 86752
40700 102747 52841
40700 190926 110883
40700 205226 103748
40700 272585 164476
40700 141332 64725
40700 235333 122601
40700 210803 102355
40700 162046 78445
40700 208633 129272
40700 199014 126147
40700 124554 54632
40700 180482 73086
40700 143337 85180
40700 281685 110138
40700 183226 97656
40800 276464 88263
40800 269518 168588
40800 254320 84796
40800 119357 53672
40800 232518 83509
40800 303210 96977
40800 220898 134573
40800 173106 90653
40800 226168 81361
40800 242737 158036
40800 164025 96177
40800 207503 116733
40800 137559 66597
40800 271745 116351
40800 308361 169865
40800 193908 120484
40800 187353 79630
40800 208101 80853
40800 258241 160828
40800 161135 78924
40800 176737 88829
40800 172017 98545
40800 172281 64462
40800 219218 97001
40800 181650 67242
40800 153489 96802
40800 186283 114937
40800 240719 148517
40800 174262 70233
40800 242295 107941
40800 272386 165043
40800 191133 114483
40800 218303 131934
40800 192350 76493
40800 224711 111622
40800 337440 111189
40800 190493 95416
40800 141519 80797
40800 218322 148536
40800 175202 103077
40800 144780 52595
40800 201227 72824
40800 237440 122568
40800 216704 100702
40800 209582 134273
40800 204733 80662
40800 195619 70811
40800 225790 88425
40800 207197 133203
40800 348611 180325
40900 132453 63179
40900 204286 76794
40900 188144 95693
40900 395155 188184
40900 177199 103076
40900 159959 58419
40900 157346 75448
40900 173156 83677
40900 187319 90288
40900 254126 134039
40900 240319 90291
40900 169980 85951
40900 240533 124932
40900 169806 84285
40900 138055 75541
40900 204516 88836
40900 148145 61151
40900 322033 189918
40900 118284 57118
40900 135016 61252
40900 291765 101371
40900 165680 109104
40900 179950 61574
40900 301642 175523
40900 341804 156037
40900 154519 101295
40900 253972 162219
40900 207676 107164
40900 173291 109552
40900 347794 148827
40900 150024 68524
40900 268905 126161
40900 233855 143916
40900 151671 82998
40900 227702 107137
40900 265253 112234
40900 183357 112735
40900 216458 95443
40900 201012 67462
40900 248584 138266
40900 214637 117355
40900 219766 118412
40900 330753 139061
40900 218538 126336
40900 162181 82517
40900 178285 65059
40900 156527 57921
40900 186188 89623
40900 216981 137166
40900 229682 97656
41000 152396 68260
41000 185611 104327
41000 278454 131690
41000 222999 97246
41000 177920 92832
41000 207725 88139
41000 172055 108918
41000 157739 69062
41000 169916 81842
41000 243682 121920
41000 170648 80705
41000 142327 62509
41000 192341 87722
41000 188000 99818
41000 166341 94609
41000 209668 105390
41000 259432 91218
41000 173384 99089
41000 170070 109348
41000 205742 85372
41000 180992 83828
41000 278061 142866
41000 183848 83489
41000 195481 69740
41000 222203 128649
41000 152335 71548
41000 280594 131531
41000 185435 99569
41000 182434 73476
41000 223236 137375
41000 244563 127811
41000 136438 63571
41000 217804 121607
41000 296734 98380
41000 217676 101338
41000 284389 127989
41000 198624 120049
41000 230654 179985
41000 256723 107273
41000 257151 108636
41000 254733 159413
41000 220302 127606
41000 201125 109418
41000 184251 85062
41000 148786 88877
41000 318552 184880
41000 176734 123833
41000 248046 157158
41000 212025 76869
41000 230821 98717
41100 243010 113135
41100 165585 65275
41100 157981 94150
41100 161604 70449
41100 163237 49486
41100 247971 103314
41100 213166 113801
41100 260713 92692
41100 182037 88869
41100 129682 59631
41100 332467 166899
41100 154101 57075
41100 210260 93793
41100 220369 65712
41100 169334 77806
41100 181017 122435
41100 201320 79388
41100 276583 135838
41100 137457 79293
41100 185514 75193
41100 224745 104471
41100 199797 69767
41100 134553 65429
41100 214992 85798
41100 245654 115485
41100 178954 99430
41100 336804 204612
41100 204776 114878
41100 180587 71061
41100 262750 104638
41100 227679 113961
41100 281583 87592
41100 181216 122845
41100 193262 128959
41100 138585 51078
41100 212751 82668
41100 268753 107709
41100 188700 91923
41100 144853 81438
41100 272645 140102
41100 233184 110870
41100 346106 148893
41100 191331 87368
41100 180549 65393
41100 233015 165940
41100 325911 188388
41100 167868 58014
41100 199614 104554
41100 176606 97654
41100 244128 98383
41200 207741 130027
41200 130774 67699
41200 237847 109771
41200 231742 122066
41200 180619 111406
41200 173582 73095
41200 171898 88129
41200 182294 81803
41200 237478 151156
41200 189642 96791
41200 206910 113933
41200 194748 65338
41200 252018 105772
41200 245932 112855
41200 191144 88617
41200 253027 117859
41200 263598 91726
41200 265811 114336
41200 186946 95268
41200 247672 132185
41200 200556 122370
41200 190186 96754
41200 255069 135577
41200 187454 93476
41200 268138 73450
41200 186303 108961
41200 197535 97417
41200 202945 111107
41200 168092 82539
41200 175262 103635
41200 257189 127766
41200 242605 151465
41200 283432 165658
41200 172918 92456
41200 175711 92248
41200 327509 159236
41200 171395 87077
41200 253527 143988
41200 207062 98152
41200 175281 92890
41200 169076 77622
41200 241396 112048
41200 182074 100715
41200 285221 165749
41200 126850 53512
41200 251348 91096
41200 305033 175829
41200 288755 95244
41200 205063 116247
41200 202649 89375
41300 155660 80711
41300 216887 85520
41300 251471 145524
41300 128145 57818
41300 161599 73752
41300 154313 87687
41300 295521 157147
41300 136876 58677
41300 226358 156282
41300 254146 157992
41300 187016 92392
41300 201835 70428
41300 296762 191890
41300 278764 187178
41300 184402 66098
41300 375234 197973
41300 288915 133308
41300 249281 111171
41300 163488 79654
41300 270792 165112
41300 203572 120365
41300 191962 85121
41300 187671 80086
41300 230017 146263
41300 225180 109074
41300 214703 123024
41300 228955 116741
41300 180454 84923
41300 195518 73705
41300 237924 97966
41300 200175 131710
41300 127768 63832
41300 159667 93395
41300 177606 62812
41300 146652 91841
41300 205323 90010
41300 166705 103108
41300 292198 169677
41300 170387 88511
41300 212611 55608
41300 140650 76138
41300 140015 68103
41300 220133 113287
41300 142828 85306
41300 287212 189894
41300 199835 89582
41300 264351 116241
41300 233954 123014
41300 160735 79706
41300 254677 131542
41400 140983 61256
41400 214445 115942
41400 217744 128837
41400 191923 62351
41400 257322 109148
41400 172362 67175
41400 194805 113291
41400 197658 107130
41400 169783 63631
41400 275360 145410
41400 174118 61848
41400 219179 128387
41400 164795 73390
41400 172096 78932
41400 315226 181554
41400 177412 101247
41400 296248 158291
41400 201211 136727
41400 208214 121354
41400 220245 142560
41400 229320 110952
41400 272135 138202
41400 221342 107483
41400 407312 199251
41400 336010 169410
41400 256700 146465
41400 229254 85805
41400 174728 93695
41400 238525 110053
41400 190289 104287
41400 214862 156235
41400 160505 60940
41400 142109 75070
41400 241190 88846
41400 256432 123671
41400 217202 96624
41400 184770 97194
41400 176447 82873
41400 217261 128050
41400 339428 127946
41400 166411 76033
41400 256355 98488
41400 174272 77657
41400 257527 123660
41400 241233 132678
41400 207185 84972
41400 316979 157448
41400 217813 113570
41400 190881 90822
41400 255956 128186
41500 182466 118917
41500 211026 86962
41500 232504 110171
41500 288733 110689
41500 292296 99834
41500 234225 152373
41500 209666 103889
41500 252891 134675
41500 178471 99468
41500 172191 98518
41500 257072 146897
41500 161184 85958
41500 248512 130301
41500 161752 92231
41500 220903 112291
41500 145546 63653
41500 198893 113144
41500 231310 113200
41500 215921 87736
41500 181144 102387
41500 248649 146582
41500 327642 145203
41500 223782 154323
41500 245389 114989
41500 203563 88459
41500 240934 130807
41500 171138 100132
41500 233305 103635
41500 171665 50979
41500 235076 154838
41500 193782 95195
41500 377255 182484
41500 139980 67990
41500 156088 73853
41500 193554 112916
41500 395905 237726
41500 217443 91110
41500 288384 160647
41500 201198 59624
41500 249724 115508
41500 206562 147643
41500 195733 103989
41500 184931 111600
41500 202119 78055
41500 274301 123138
41500 213308 83046
41500 142924 82722
41500 260058 147961
41500 257051 59380
41500 160558 93848
41600 191163 91416
41600 189784 99412
41600 190188 126962
41600 203967 64365
41600 199150 83644
41600 303931 100361
41600 254523 122371
41600 207450 113981
41600 167824 78739
41600 344900 183242
41600 236333 141049
41600 157276 71653
41600 134544 64932
41600 221486 112291
41600 259480 142073
41600 193185 81843
41600 199040 105143
41600 223770 100577
41600 175859 83571
41600 226396 112159
41600 151456 86658
41600 243018 109411
41600 268980 109763
41600 203471 140620
41600 178407 92691
41600 224389 96743
41600 168757 72840
41600 142295 74009
41600 165815 98386
41600 244140 140701
41600 183305 91649
41600 180961 59014
41600 173436 70809
41600 182969 100183
41600 300732 193366
41600 192511 91795
41600 277761 155228
41600 208013 119853
41600 165100 93543
41600 135497 69289
41600 252202 118953
41600 182907 112171
41600 216893 69840
41600 143269 63581
41600 224462 102605
41600 300190 122459
41600 170714 84995
41600 228057 132861
41600 186782 111349
41600 226335 121581
41700 196721 57046
41700 199007 98001
41700 231161 68137
41700 193813 111735
41700 156520 71961
41700 225949 95086
41700 228484 143073
41700 250941 162311
41700 189427 65361
41700 196683 94669
41700 212761 134573
41700 272359 152813
41700 298730 116457
41700 249770 144035
41700 227876 111185
41700 259192 127051
41700 221183 91809
41700 260031 164391
41700 215206 147006
41700 147562 68397
41700 219492 105041
41700 147699 53083
41700 236445 119170
41700 258813 130753
41700 265858 174551
41700 194446 80747
41700 351965 257688
41700 217365 94365
41700 276824 135831
41700 275787 139740
41700 213122 121212
41700 176954 106202
41700 219181 133298
41700 159440 95271
41700 211696 121360
41700 185092 60272
41700 166839 58696
41700 238525 70284
41700 259303 154751
41700 208224 135000
41700 178768 79962
41700 152850 64975
41700 236141 144597
41700 253628 105757
41700 175246 107402
41700 258773 141957
41700 269011 142638
41700 220230 99725
41700 179339 93377
41700 172224 58857
41800 286395 158421
41800 165032 71275
41800 155138 95263
41800 208628 112610
41800 158505 70047
41800 232193 85327
41800 200125 83641
41800 243275 121810
41800 225835 114477
41800 128731 70797
41800 223663 119099
41800 239538 141956
41800 180656 109443
41800 128940 79456
41800 201362 85679
41800 183697 80422
41800 158537 64767
41800 204473 108387
41800 237315 137568
41800 244318 118548
41800 177106 85129
41800 232641 79613
41800 155716 80148
41800 269690 173953
41800 393649 281828
41800 298046 187769
41800 139868 70812
41800 244829 123865
41800 263900 166785
41800 218493 69466
41800 197196 69202
41800 341341 240708
41800 219635 106441
41800 327009 242461
41800 251349 130716
41800 288015 133455
41800 187877 138457
41800 217129 110550
41800 184742 118412
41800 250591 99688
41800 208362 120167
41800 171967 71622
41800 222335 123569
41800 172172 79869
41800 197638 107955
41800 295384 173648
41800 290042 200154
41800 255535 118157
41800 150794 62613
41800 290101 110290
41900 221344 122715
41900 278662 123742
41900 321315 157293
41900 206639 93952
41900 260220 116049
41900 230475 90467
41900 285179 71926
41900 288849 150368
41900 386830 210817
41900 209659 111774
41900 245690 126039
41900 264151 126611
41900 262307 135459
41900 192708 108163
41900 215820 110880
41900 350466 159449
41900 244684 100366
41900 255543 128276
41900 205198 60837
41900 264336 121808
41900 163635 71863
41900 228060 105193
41900 164577 100936
41900 219831 137802
41900 332203 195266
41900 352020 164165
41900 162831 73627
41900 213751 97935
41900 215765 99662
41900 233099 106678
41900 232210 167289
41900 267896 211846
41900 153848 73164
41900 164935 87746
41900 238272 116844
41900 234008 113863
41900 194725 111807
41900 192484 108509
41900 231531 167078
41900 202521 86333
41900 190511 88506
41900 245487 116584
41900 226892 149624
41900 249750 123610
41900 269679 154277
41900 180330 84239
41900 122612 62261
41900 236544 129899
41900 208841 102896
41900 156521 93856
42000 220037 107254
42000 370694 267205
42000 254154 80000
42000 204862 83153
42000 240313 123696
42000 175250 101926
42000 267844 149003
42000 214096 151994
42000 207120 79863
42000 170796 76812
42000 183002 118673
42000 278203 202098
42000 195585 102176
42000 103780 50846
42000 271578 163602
42000 166535 96684
42000 153130 83998
42000 192504 93883
42000 156678 84892
42000 282849 93355
42000 180157 92508
42000 213376 98555
42000 259395 137907
42000 160456 51749
42000 221795 120640
42000 176567 91200
42000 259134 114647
42000 194563 104452
42000 285310 154309
42000 271258 91643
42000 317824 145373
42000 250648 104955
42000 257959 76843
42000 176613 76524
42000 185640 89462
42000 237724 111531
42000 172145 98002
42000 272315 128945
42000 160951 104348
42000 159955 84401
42000 162089 85909
42000 343359 157693
42000 155515 84448
42000 118425 55687
42000 141718 66917
42000 193605 89556
42000 296747 114265
42000 246668 163402
42000 249273 118531
42000 194644 120968
42100 190479 123492
42100 244750 93452
42100 138362 79841
42100 196889 92392
42100 196602 87389
42100 397918 148720
42100 170898 107363
42100 130013 55132
42100 206463 104851
42100 312761 196529
42100 189855 108697
42100 254346 92110
42100 188193 113405
42100 313561 174645
42100 215524 95350
42100 187851 73693
42100 185180 106685
42100 251067 117996
42100 199384 84079
42100 261331 129078
42100 270430 127828
42100 271607 108743
42100 185433 57699
42100 201832 125830
42100 212571 69571
42100 159353 67242
42100 176906 65474
42100 239365 102673
42100 219214 153284
42100 245933 116736
42100 269549 141100
42100 195762 75622
42100 199269 98439
42100 204120 103947
42100 304234 123134
42100 194470 80673
42100 224749 128182
42100 186124 102691
42100 217271 136117
42100 161456 65327
42100 240707 107355
42100 242490 114672
42100 215527 98472
42100 305957 135813
42100 216593 134103
42100 223020 96792
42100 205138 131088
42100 221508 112220
42100 158035 64929
42100 305226 98149
42200 273936 93852
42200 171301 91677
42200 205350 113995
42200 179296 83317
42200 161467 86489
42200 233654 82510
42200 279131 143001
42200 243753 93659
42200 206329 119519
42200 322097 135860
42200 287875 135056
42200 294804 214074
42200 169875 100600
42200 189858 79789
42200 144372 56472
42200 185348 96733
42200 220508 90597
42200 227947 123199
42200 165879 78832
42200 234051 105003
42200 201022 87319
42200 185978 107902
42200 179429 91543
42200 255849 178787
42200 237523 128232
42200 184432 122967
42200 257345 151537
42200 148301 54532
42200 264423 116344
42200 290418 181335
42200 216062 90150
42200 222720 105135
42200 170942 95917
42200 231908 135781
42200 182379 63143
42200 314221 208971
42200 380486 177087
42200 171567 81469
42200 141135 49670
42200 231811 137904
42200 241264 119981
42200 232928 111081
42200 281034 167904
42200 362698 197875
42200 147086 82959
42200 227553 112097
42200 183628 104748
42200 178941 124337
42200 240513 165179
42200 254613 101707
42300 229563 94780
42300 221884 97346
42300 160275 98334
42300 226311 113292
42300 237882 155959
42300 224512 81936
42300 244527 101728
42300 188335 85720
42300 157350 91198
42300 265706 187931
42300 247378 141052
42300 174019 98898
42300 185096 95024
42300 269969 128152
42300 258950 179155
42300 170717 112806
42300 247296 97933
42300 276685 152779
42300 217793 88468
42300 193089 123037
42300 284670 183179
42300 246350 129238
42300 156525 70872
42300 269675 166474
42300 272594 123252
42300 242641 96567
42300 223763 86000
42300 218212 115912
42300 239941 137573
42300 173393 107281
42300 195522 73292
42300 276730 108760
42300 141957 78660
42300 208435 104020
42300 234586 85677
42300 215410 117337
42300 248460 148025
42300 198147 88815
42300 239706 123855
42300 294418 84598
42300 318345 159633
42300 194356 116992
42300 205670 122047
42300 228076 119685
42300 298637 161370
42300 261344 150247
42300 177267 112574
42300 191920 96959
42300 245951 78526
42300 174430 100318
42400 221214 86789
42400 221791 109982
42400 172585 98201
42400 155790 66713
42400 206446 71110
42400 147454 57147
42400 152240 84165
42400 234165 83175
42400 215558 144445
42400 286067 145676
42400 188935 109365
42400 152269 93375
42400 139229 78086
42400 171231 88925
42400 252332 107552
42400 201436 98729
42400 249763 115685
42400 248659 128786
42400 232214 68156
42400 294145 221268
42400 127654 57519
42400 164523 96550
42400 248028 122038
42400 294709 180226
42400 183750 73555
42400 282965 149898
42400 283137 118787
42400 285049 109987
42400 193906 84366
42400 212472 95350
42400 213096 107631
42400 175603 98775
42400 143766 77841
42400 170983 52556
42400 163231 110004
42400 195563 82866
42400 168738 100917
42400 214524 135934
42400 337882 184342
42400 198831 109715
42400 215148 109487
42400 141300 72149
42400 349888 218687
42400 245532 136079
42400 355287 208315
42400 170079 71588
42400 246905 132770
42400 218609 94232
42400 279506 113890
42400 214357 110850
42500 201013 136224
42500 224203 143870
42500 219224 129418
42500 223516 98140
42500 156627 68486
42500 187293 64320
42500 302675 70171
42500 166121 83298
42500 237399 132309
42500 251762 93206
42500 180657 104144
42500 235901 135443
42500 294860 140956
42500 210257 100002
42500 215747 79272
42500 208611 82835
42500 208057 110332
42500 345539 214446
42500 193564 71723
42500 282447 141546
42500 213238 119726
42500 237861 129368
42500 152863 79662
42500 177421 88074
42500 224107 73531
42500 182728 123949
42500 221595 146580
42500 194902 51742
42500 264943 111722
42500 126795 66587
42500 233934 121819
42500 178081 111434
42500 275843 131915
42500 202943 129447
42500 251128 145181
42500 170169 80611
42500 310618 164193
42500 231625 90674
42500 203633 101679
42500 195085 86108
42500 210957 90326
42500 273371 140467
42500 260183 154945
42500 273162 147701
42500 205102 110968
42500 217884 62309
42500 201867 86988
42500 155295 86103
42500 247966 153800
42500 190928 102843
42600 164606 87779
42600 187974 53554
42600 180982 68154
42600 256248 148583
42600 319341 161973
42600 184561 83010
42600 222700 126090
42600 221850 119018
42600 230850 150373
42600 236783 109117
42600 212868 124595
42600 362909 147341
42600 233923 76753
42600 254733 89018
42600 236883 142661
42600 180206 81736
42600 171362 104783
42600 239895 118362
42600 308317 124937
42600 218218 79513
42600 188820 66537
42600 270291 200758
42600 176306 121055
42600 249513 198422
42600 205837 99334
42600 229398 117799
42600 127342 59901
42600 267351 103797
42600 174257 103707
42600 176541 108061
42600 126871 69851
42600 308185 113974
42600 207084 116086
42600 149496 60340
42600 180917 84527
42600 196719 117488
42600 161782 67786
42600 141455 66283
42600 303484 96566
42600 218526 88194
42600 246604 167976
42600 276661 130980
42600 186747 112085
42600 185050 97098
42600 186098 67954
42600 222371 122310
42600 197590 108697
42600 204885 115330
42600 234899 119006
42600 185858 88137
42700 200328 76964
42700 176588 92483
42700 150309 62945
42700 178625 95643
42700 208340 93513
42700 217105 126221
42700 188376 119345
42700 165731 115102
42700 237669 83461
42700 187739 126598
42700 197318 94605
42700 156327 92497
42700 223996 130302
42700 257725 103431
42700 183625 103240
42700 203224 99998
42700 166042 83226
42700 157751 58137
42700 155538 92573
42700 238851 103361
42700 276920 137082
42700 237920 109156
42700 225617 113762
42700 159567 70970
42700 171217 84837
42700 229184 115023
42700 171708 96741
42700 220544 77957
42700 189356 122635
42700 237097 84647
42700 183262 120886
42700 183709 90159
42700 230363 69829
42700 197399 78166
42700 235303 140909
42700 242027 122746
42700 238429 152003
42700 222777 121313
42700 161866 71933
42700 144904 71290
42700 211205 83706
42700 265466 75692
42700 220008 137946
42700 320572 160158
42700 210603 95536
42700 140543 83618
42700 190602 82479
42700 170877 66012
42700 215618 116123
42700 299921 186365
42800 280960 198906
42800 215882 138680
42800 174677 97730
42800 194428 101056
42800 221379 94465
42800 187094 103830
42800 258327 104791
42800 239316 124045
42800 222168 98199
42800 232504 94434
42800 234260 117381
42800 325364 144174
42800 229389 94711
42800 171145 86405
42800 299001 190842
42800 229284 110767
42800 192125 73859
42800 172995 93457
42800 335165 175357
42800 193279 100191
42800 235273 148797
42800 235335 134003
42800 156808 104874
42800 158614 90514
42800 268117 138293
42800 156464 72246
42800 217133 108737
42800 195227 98968
42800 146834 68309
42800 324769 167865
42800 278394 165265
42800 281053 102650
42800 264562 107309
42800 221278 163538
42800 236820 156718
42800 174625 58245
42800 247643 86453
42800 354437 181019
42800 241055 130819
42800 251263 133103
42800 242885 171210
42800 253677 93850
42800 197177 104211
42800 267134 122631
42800 214132 73372
42800 247004 67043
42800 192478 103432
42800 190486 91039
42800 253360 87094
42800 244405 120055
42900 218592 134502
42900 327539 187518
42900 267052 135014
42900 200831 118507
42900 196419 91045
42900 229250 123030
42900 209311 93121
42900 251588 109851
42900 252699 123377
42900 212126 120619
42900 173270 109933
42900 179120 72637
42900 197241 100787
42900 288403 136662
42900 283692 140477
42900 174502 109830
42900 214023 110420
42900 221528 124189
42900 292999 191610
42900 206195 105919
42900 192980 100548
42900 156985 66286
42900 199941 113366
42900 347352 150355
42900 227333 147240
42900 201257 100461
42900 224713 107009
42900 219668 108888
42900 208489 94188
42900 207442 75027
42900 227656 166222
42900 197849 112265
42900 178400 59967
42900 215188 118954
42900 254609 120063
42900 203738 121507
42900 284621 115181
42900 190728 70058
42900 347668 190462
42900 279805 138368
42900 153200 95201
42900 194180 106119
42900 254074 172079
42900 295992 79368
42900 170163 66944
42900 170651 102790
42900 126513 59120
42900 162776 87510
42900 155223 73512
42900 181287 99297
43000 283764 121940
43000 225432 119115
43000 220915 101757
43000 260869 73889
43000 266242 121945
43000 193384 111968
43000 172510 97172
43000 367994 166176
43000 240624 120715
43000 221414 80103
43000 312509 161112
43000 278937 183824
43000 261587 166711
43000 254587 148388
43000 145153 77796
43000 137952 85768
43000 212789 96938
43000 266209 155696
43000 228394 136397
43000 227817 122957
43000 225446 143316
43000 250066 128701
43000 202562 90803
43000 216073 100726
43000 218132 119420
43000 264571 125006
43000 179081 72546
43000 144991 79564
43000 241314 119253
43000 261293 106649
43000 178580 77115
43000 173174 94730
43000 301389 140657
43000 114576 53249
43000 257011 168636
43000 249188 148863
43000 170872 118325
43000 249832 100700
43000 167096 96618
43000 165477 87282
43000 156934 91736
43000 200900 100798
43000 194281 119060
43000 277685 129409
43000 212702 113830
43000 200727 94566
43000 239635 108529
43000 209727 132320
43000 279877 101856
43000 204793 81406
43100 319816 165161
43100 247412 162755
43100 282680 112495
43100 124784 62884
43100 202158 89593
43100 194383 125489
43100 195030 79526
43100 257831 61198
43100 250370 165037
43100 160509 86518
43100 255821 155773
43100 177377 86185
43100 174767 57329
43100 260127 116137
43100 260474 122148
43100 152948 72800
43100 216392 133788
43100 175230 80942
43100 149547 58846
43100 171054 72598
43100 187359 99771
43100 244824 91066
43100 257127 142712
43100 202075 62830
43100 190425 86055
43100 211075 116923
43100 295058 179253
43100 279739 125953
43100 190275 99787
43100 240985 159739
43100 241961 114201
43100 132344 74672
43100 201864 73915
43100 237470 105960
43100 174438 79202
43100 198010 100114
43100 267206 107140
43100 305104 158406
43100 303229 162040
43100 178453 99796
43100 276155 102989
43100 258714 141644
43100 304758 175258
43100 203601 117703
43100 230483 135138
43100 181331 116676
43100 203686 73739
43100 250730 117012
43100 333177 144245
43100 413585 228595
43200 284962 124236
43200 276628 151090
43200 219129 162858
43200 253734 105761
43200 221160 85203
43200 246895 146678
43200 185812 78683
43200 301321 152500
43200 211153 89966
43200 220717 100373
43200 248864 146973
43200 248869 114859
43200 115813 63853
43200 197979 112867
43200 284186 172508
43200 202182 115833
43200 229097 142391
43200 192884 96014
43200 281117 182295
43200 310938 242602
43200 156147 80975
43200 223075 125943
43200 183013 91262
43200 188928 80940
43200 180219 91221
43200 197203 98203
43200 234969 159970
43200 171315 70514
43200 335290 114104
43200 252882 87983
43200 232766 156427
43200 248447 99857
43200 349616 148153
43200 183536 94858
43200 220880 94461
43200 282278 140335
43200 194622 100192
43200 199053 100988
43200 179514 99963
43200 190968 71838
43200 282103 127354
43200 265749 113837
43200 159628 86411
43200 238461 161058
43200 284580 196651
43200 134222 69173
43200 244524 154789
43200 384610 132005
43200 162965 108866
43200 200548 105460
43300 246337 168274
43300 298558 125377
43300 279291 139381
43300 211022 105588
43300 202019 78164
43300 227904 156461
43300 202536 114029
43300 177804 106284
43300 187801 83138
43300 262679 137298
43300 212831 123195
43300 209152 112172
43300 230032 164282
43300 340494 167845
43300 232527 153755
43300 251011 112344
43300 163005 64043
43300 251605 113472
43300 207930 74296
43300 169732 74767
43300 245799 136148
43300 287078 156023
43300 270678 124432
43300 200284 74514
43300 275631 130649
43300 190043 86569
43300 202085 115994
43300 191072 98811
43300 196762 84735
43300 193274 111062
43300 148925 69451
43300 187611 80805
43300 177978 93222
43300 254176 128074
43300 219825 83659
43300 255642 125633
43300 186363 93010
43300 240638 89634
43300 174232 110058
43300 203278 101385
43300 199916 133557
43300 183127 94118
43300 214895 145150
43300 263979 135680
43300 239287 124144
43300 214955 142479
43300 204634 110252
43300 207975 137578
43300 315113 142630
43300 171827 95930
43400 329028 197072
43400 174529 93151
43400 209042 110012
43400 261996 105686
43400 211077 117058
43400 235714 141692
43400 348194 136764
43400 171221 72653
43400 249509 114311
43400 240406 94583
43400 186148 89194
43400 183767 72139
43400 193720 84730
43400 294176 129924
43400 215221 90300
43400 252581 166717
43400 267850 195816
43400 204815 98935
43400 224712 108083
43400 229604 66759
43400 320428 117839
43400 161834 77447
43400 184744 116674
43400 238637 124192
43400 232424 155530
43400 164437 84557
43400 270174 133302
43400 216272 81066
43400 266383 209913
43400 233741 92323
43400 287160 145155
43400 243646 115502
43400 191272 80963
43400 136459 77950
43400 212325 103692
43400 273628 92907
43400 154152 88286
43400 277399 141407
43400 335138 212255
43400 150034 68258
43400 170417 84640
43400 228563 126409
43400 280369 193737
43400 214296 109188
43400 347446 168513
43400 194433 94520
43400 229232 138463
43400 211964 93009
43400 230498 70278
43400 192184 102512
43500 222103 139432
43500 202001 116088
43500 209448 104583
43500 303258 146086
43500 249973 106758
43500 223659 78510
43500 194990 72972
43500 273422 220418
43500 179910 80530
43500 198262 107876
43500 203717 88370
43500 185659 95849
43500 252719 113443
43500 205767 121142
43500 250643 118416
43500 215293 82332
43500 158723 94304
43500 231685 113814
43500 226742 97648
43500 256855 126832
43500 172921 85471
43500 275191 148024
43500 208548 102614
43500 218530 120084
43500 215222 79496
43500 218316 75939
43500 264737 110876
43500 173492 70454
43500 281472 166476
43500 256001 115236
43500 158017 88482
43500 294841 152781
43500 144300 74452
43500 166885 100274
43500 182570 65114
43500 302497 87734
43500 217658 109645
43500 251578 171256
43500 231177 94701
43500 166758 71731
43500 353943 186107
43500 199479 93480
43500 264180 111855
43500 243061 153209
43500 278502 74211
43500 312508 166179
43500 139790 84431
43500 268055 124417
43500 183810 63879
43500 148553 69988
43600 243550 139358
43600 158691 74201
43600 267033 151176
43600 218295 125671
43600 261610 140113
43600 215036 77441
43600 241524 88053
43600 179417 111985
43600 239074 142803
43600 148021 68356
43600 226363 96603
43600 244796 96238
43600 192669 87300
43600 293665 122313
43600 205926 96126
43600 264526 177215
43600 155572 74783
43600 260086 136284
43600 298652 110534
43600 220886 108636
43600 305679 129968
43600 202819 90029
43600 196564 114479
43600 136359 73921
43600 155985 72825
43600 196427 104126
43600 142005 56162
43600 267978 118057
43600 273518 98750
43600 162292 57192
43600 184921 96780
43600 279009 151905
43600 216904 94974
43600 158566 87469
43600 249636 115347
43600 232766 88886
43600 218091 119419
43600 286097 117250
43600 298013 172262
43600 167085 77302
43600 372258 173902
43600 238644 106200
43600 258205 133970
43600 233791 147678
43600 295409 151551
43600 215759 86504
43600 185178 112121
43600 254533 135687
43600 240485 138997
43600 276305 141137
43700 177824 111588
43700 248126 124763
43700 159859 82781
43700 206121 59291
43700 250853 153862
43700 208913 98714
43700 153929 70715
43700 320388 173251
43700 177950 113693
43700 175232 69458
43700 212326 100363
43700 198674 124277
43700 190437 107673
43700 306091 204450
43700 270284 128897
43700 227369 133339
43700 270746 128517
43700 158349 87732
43700 166778 76251
43700 251990 162263
43700 235614 142007
43700 245674 98076
43700 283910 134154
43700 219145 111966
43700 198227 95194
43700 236103 126041
43700 203237 119852
43700 206214 83588
43700 233420 82474
43700 193260 95143
43700 208950 74348
43700 250746 78466
43700 233572 134376
43700 291136 109017
43700 166461 83108
43700 300627 163987
43700 289629 162723
43700 223442 81700
43700 262215 115958
43700 219483 120489
43700 131891 65905
43700 182757 104973
43700 228966 89622
43700 218431 84889
43700 166599 79545
43700 303201 111358
43700 274787 164049
43700 254303 117254
43700 284310 94676
43700 153187 72697
43800 218000 83782
43800 275564 158931
43800 267759 188739
43800 159482 82513
43800 211633 99165
43800 319498 87137
43800 398026 201886
43800 266348 139189
43800 160772 84847
43800 324968 148593
43800 189827 116297
43800 308625 158013
43800 266608 162960
43800 300449 200614
43800 193510 85735
43800 176169 95631
43800 326590 113108
43800 263443 132602
43800 257533 140585
43800 188435 100578
43800 162986 83862
43800 211900 72073
43800 163079 114375
43800 273502 88758
43800 239072 120471
43800 199424 107163
43800 249532 122125
43800 151967 66206
43800 229488 73701
43800 224431 128612
43800 189384 110075
43800 222036 106924
43800 280529 133317
43800 271517 73848
43800 221185 152537
43800 243826 151630
43800 190150 105327
43800 203370 97638
43800 203626 95025
43800 364695 214935
43800 210864 125372
43800 307856 176665
43800 169381 90828
43800 238385 127431
43800 138976 58564
43800 161723 74855
43800 225825 91270
43800 239089 126981
43800 245287 141155
43800 268026 140813
43900 246492 123475
43900 261011 94036
43900 345615 174179
43900 197488 122894
43900 230901 110678
43900 189218 122226
43900 263072 110034
43900 287798 146631
43900 256657 181324
43900 276775 132919
43900 299263 173620
43900 287537 153513
43900 204113 101402
43900 252363 133092
43900 238555 83531
43900 191702 83703
43900 179267 99722
43900 242178 159833
43900 221895 95724
43900 248760 148443
43900 178069 94597
43900 299860 179267
43900 209415 117518
43900 281993 132146
43900 172240 62574
43900 190375 64992
43900 246305 143336
43900 318640 148061
43900 171302 75408
43900 198193 90842
43900 254384 119983
43900 261872 168067
43900 178537 79220
43900 207744 89608
43900 146445 58196
43900 228243 81212
43900 383892 243436
43900 249358 130042
43900 178883 107379
43900 180430 118937
43900 314225 116019
43900 301832 137778
43900 135652 68469
43900 209954 104891
43900 301727 94363
43900 189631 100907
43900 311584 142460
43900 245460 146798
43900 183452 96182
43900 208824 103139
44000 238972 157201
44000 293887 79333
44000 206455 122054
44000 213102 118600
44000 150411 59970
44000 178363 104426
44000 203747 132293
44000 191838 99439
44000 163652 75764
44000 165814 103269
44000 203436 98234
44000 236214 156191
44000 142299 58436
44000 236831 91121
44000 198028 62252
44000 230688 105566
44000 268936 60363
44000 381244 173689
44000 201464 118927
44000 201844 69752
44000 296486 191196
44000 283258 132483
44000 270671 124624
44000 250116 154607
44000 167297 89938
44000 230242 124552
44000 169588 75178
44000 222356 84003
44000 252323 167521
44000 185646 62343
44000 299985 156234
44000 150763 67436
44000 239599 123586
44000 199966 137841
44000 237562 94608
44000 233731 132232
44000 248256 107746
44000 314874 185020
44000 183001 114977
44000 220950 99172
44000 252128 119036
44000 185618 98158
44000 145413 81472
44000 256240 114434
44000 312449 182616
44000 182246 112632
44000 222788 78485
44000 184930 90705
44000 201812 95728
44000 221050 121146
44100 247090 135641
44100 267983 140299
44100 281268 221093
44100 209001 93946
44100 263877 154313
44100 426264 254257
44100 251217 171933
44100 232171 114577
44100 357263 243427
44100 334865 206587
44100 197828 97811
44100 229346 116374
44100 309994 148207
44100 193196 95442
44100 191224 124477
44100 278492 152496
44100 203956 100225
44100 238469 111494
44100 230634 83353
44100 162091 74299
44100 249033 129611
44100 201014 95177
44100 222925 106477
44100 143996 68653
44100 310781 175792
44100 215508 89473
44100 245020 131023
44100 260968 128192
44100 199382 123762
44100 245351 115945
44100 226714 138490
44100 317183 151856
44100 197231 91133
44100 175502 73136
44100 316260 127505
44100 169222 81131
44100 276154 130424
44100 262831 71634
44100 313535 171985
44100 195415 96093
44100 201511 112639
44100 320823 166908
44100 226235 98785
44100 234902 137111
44100 186102 107526
44100 220843 90475
44100 230666 129947
44100 204790 63470
44100 193144 124100
44100 226344 79850
44200 160372 84825
44200 276473 80064
44200 219515 148184
44200 201333 90302
44200 263479 110940
44200 218669 132763
44200 199507 94352
44200 205354 92355
44200 232531 139058
44200 223471 102758
44200 292416 132866
44200 195763 94207
44200 177595 79141
44200 200853 56248
44200 271720 181276
44200 203486 139913
44200 229926 103203
44200 174350 101642
44200 213974 95377
44200 234073 92471
44200 241640 140127
44200 260060 107821
44200 356914 238261
44200 201789 103316
44200 213744 126537
44200 164353 103587
44200 212942 86647
44200 204019 141741
44200 192804 131669
44200 192681 72878
44200 323370 144042
44200 302765 156686
44200 318021 175990
44200 226941 113283
44200 222932 103305
44200 188976 76917
44200 237300 80181
44200 219457 71563
44200 164886 96432
44200 205097 85450
44200 204899 75298
44200 191060 107001
44200 285969 112437
44200 233673 83025
44200 185512 73068
44200 151102 86159
44200 270928 154600
44200 264354 146143
44200 203606 106895
44200 159415 94197
44300 258857 126166
44300 296063 143013
44300 322975 118318
44300 248337 105720
44300 160502 62566
44300 271871 130052
44300 207966 106217
44300 217145 110790
44300 186333 122240
44300 172749 97306
44300 153987 60135
44300 319276 149098
44300 241420 115276
44300 230414 112388
44300 230825 133417
44300 247355 92227
44300 300237 138606
44300 218668 103167
44300 328862 205851
44300 172080 85863
44300 258155 144304
44300 246913 134656
44300 342082 197893
44300 169871 87489
44300 248562 98143
44300 167729 105620
44300 207825 127854
44300 205205 122269
44300 256039 138881
44300 261667 130833
44300 215740 89613
44300 262198 113293
44300 228509 126580
44300 181210 95281
44300 261729 136977
44300 201585 69056
44300 240478 155944
44300 169154 108538
44300 216443 117016
44300 331153 121415
44300 265985 138350
44300 152627 93696
44300 195656 105774
44300 206311 123854
44300 176809 74197
44300 284244 91427
44300 191180 101047
44300 199081 107531
44300 257016 182822
44300 211873 110322
44400 250119 169568
44400 258664 104300
44400 295759 155158
44400 198296 117262
44400 235329 141238
44400 186628 80048
44400 234059 98024
44400 242139 130070
44400 226976 122467
44400 218089 84342
44400 190444 93698
44400 281140 122785
44400 152621 83551
44400 222008 134247
44400 258957 73918
44400 263167 118144
44400 307927 167137
44400 211104 78056
44400 178657 88074
44400 224441 165542
44400 313471 205417
44400 181349 95617
44400 286517 153372
44400 185381 120725
44400 364426 252059
44400 281636 134943
44400 140704 56304
44400 146688 57041
44400 328946 147142
44400 221205 85728
44400 239949 162418
44400 346456 152743
44400 169860 87695
44400 188140 107253
44400 204017 64704
44400 223906 111207
44400 201613 106704
44400 165647 77019
44400 208824 123452
44400 202438 80090
44400 280007 130345
44400 157705 68299
44400 247607 152846
44400 245517 156736
44400 211096 109673
44400 261468 112831
44400 232744 95923
44400 282393 115188
44400 219274 138717
44400 138076 66872
44500 189875 117252
44500 230467 148982
44500 280430 131094
44500 249407 171094
44500 249916 110389
44500 249299 129022
44500 193708 90649
44500 199107 120652
44500 196416 104003
44500 259022 141624
44500 250371 157057
44500 221165 152701
44500 237160 121900
44500 249334 134824
44500 265007 197906
44500 265416 74147
44500 257057 107393
44500 306111 106826
44500 180633 91308
44500 216628 95055
44500 294548 139695
44500 210963 112010
44500 299846 129501
44500 402676 196432
44500 225838 104154
44500 319282 93190
44500 192428 107563
44500 267081 108237
44500 234858 150330
44500 287284 99093
44500 193575 80423
44500 183008 123017
44500 264013 134482
44500 235545 84052
44500 164619 66189
44500 179632 76305
44500 273657 102414
44500 234312 106835
44500 259799 94850
44500 222577 92297
44500 182467 107236
44500 257308 103223
44500 209613 119956
44500 203000 84997
44500 255078 121488
44500 159400 58549
44500 301110 162122
44500 224364 118455
44500 293775 125075
44500 219449 114595
44600 214503 79800
44600 198120 124806
44600 239885 110937
44600 182212 79801
44600 335175 172029
44600 260925 108326
44600 175133 108264
44600 226743 118348
44600 222729 79058
44600 373630 156843
44600 244445 107160
44600 259856 144439
44600 184691 86246
44600 174808 92817
44600 330939 225004
44600 146964 77453
44600 287361 184192
44600 205702 101852
44600 207655 68342
44600 293671 100448
44600 300638 209030
44600 244455 143686
44600 175056 65049
44600 238280 121831
44600 314923 193032
44600 236216 121733
44600 248041 158313
44600 167641 70795
44600 322292 155666
44600 335589 163813
44600 205678 120158
44600 405133 193618
44600 211404 68047
44600 283358 155998
44600 273593 161927
44600 214941 89855
44600 240502 100138
44600 213876 114542
44600 323288 174667
44600 235455 158110
44600 200933 90512
44600 159603 81012
44600 329329 195091
44600 149097 80732
44600 204653 102221
44600 229249 95829
44600 228507 128685
44600 229926 135060
44600 279548 126229
44600 418367 177135
44700 299616 209695
44700 151748 76190
44700 210205 113009
44700 172708 100880
44700 236798 169587
44700 160802 100646
44700 223813 71105
44700 201567 137304
44700 202453 110650
44700 280509 144934
44700 219729 102981
44700 298043 124485
44700 205520 105755
44700 288735 126451
44700 279888 151044
44700 183411 72092
44700 364051 122024
44700 184505 80653
44700 233062 112492
44700 140683 66270
44700 167510 104032
44700 185394 91679
44700 282013 135564
44700 270506 122663
44700 353488 125287
44700 302817 165359
44700 256919 94906
44700 170710 76425
44700 263654 95630
44700 300584 104794
44700 299357 141011
44700 386003 248769
44700 204882 93132
44700 145190 70145
44700 210763 105208
44700 222593 127633
44700 179424 91195
44700 303211 85111
44700 209422 111673
44700 299607 135209
44700 356153 180527
44700 199398 105820
44700 175595 116559
44700 301474 186525
44700 246795 96534
44700 186564 119349
44700 327513 146213
44700 155370 54759
44700 256210 123538
44700 248581 138595
44800 191017 55746
44800 179924 70026
44800 197744 129378
44800 201672 86351
44800 217189 92285
44800 328730 211046
44800 219283 101917
44800 190719 87024
44800 320448 167011
44800 280129 95076
44800 253956 112042
44800 295251 170700
44800 246299 117251
44800 237454 105494
44800 277329 77515
44800 185781 107455
44800 275411 140049
44800 253557 106586
44800 157388 89846
44800 185200 95882
44800 248525 108058
44800 223498 96948
44800 310606 176819
44800 357475 188529
44800 190963 62808
44800 224910 115012
44800 207646 95438
44800 271101 128666
44800 258090 134091
44800 223497 113955
44800 120723 58996
44800 217854 104728
44800 271482 176017
44800 364439 133092
44800 357280 150806
44800 256738 169514
44800 261556 140528
44800 168223 73499
44800 197097 120987
44800 298134 163403
44800 205985 90249
44800 300384 134941
44800 180865 107130
44800 259948 121639
44800 257727 117353
44800 164317 90900
44800 272806 167279
44800 299104 119711
44800 275684 142910
44800 373806 200913
44900 228504 113696
44900 264595 157434
44900 227994 111804
44900 353139 117655
44900 181632 77411
44900 226091 62986
44900 189653 93732
44900 281770 187158
44900 298680 139666
44900 218680 100511
44900 253321 141420
44900 310626 158762
44900 300041 157687
44900 164278 84413
44900 188147 105339
44900 300776 161071
44900 126315 56156
44900 190189 104040
44900 211293 120343
44900 206714 97876
44900 273991 105875
44900 162494 70396
44900 195804 75867
44900 178732 88622
44900 206445 80562
44900 186515 108067
44900 217714 105247
44900 263532 122002
44900 143649 63292
44900 239189 98709
44900 208172 99514
44900 212815 122038
44900 221532 129314
44900 231765 125992
44900 231747 150202
44900 172062 70521
44900 241332 95155
44900 335081 166910
44900 208859 111262
44900 270022 116034
44900 193977 96925
44900 273054 84314
44900 284148 154029
44900 288355 141808
44900 190622 81086
44900 251884 161425
44900 194532 126996
44900 234111 131425
44900 346220 202625
44900 164029 102930
45000 293465 124278
45000 357696 150010
45000 230380 108998
45000 333824 192829
45000 173504 68173
45000 250102 97488
45000 187987 118995
45000 369128 180974
45000 209388 106980
45000 173227 96234
45000 309253 138127
45000 346146 163334
45000 247067 151122
45000 297523 146945
45000 219509 135571
45000 272161 159462
45000 140468 72939
45000 346013 167457
45000 256511 129772
45000 209511 118263
45000 201623 71996
45000 271704 85663
45000 243169 106046
45000 272564 158826
45000 157195 78916
45000 226193 118026
45000 189883 111409
45000 259534 158210
45000 291343 89733
45000 173684 91204
45000 260409 146971
45000 253758 112356
45000 253378 80868
45000 302815 160795
45000 155295 77992
45000 152434 68100
45000 211153 115230
45000 326429 213034
45000 251587 120772
45000 337599 207925
45000 176299 73416
45000 289803 210426
45000 311974 191561
45000 245338 133943
45000 327727 103753
45000 189387 106172
45000 308955 157696
45000 219544 112127
45000 268503 104521
45000 256976 115332
45100 251848 148675
45100 273346 118207
45100 256170 161137
45100 268069 131142
45100 194928 104707
45100 141232 70755
45100 235279 133597
45100 223611 85886
45100 337870 150665
45100 223635 87804
45100 163070 93863
45100 262003 158088
45100 323456 163500
45100 232738 90651
45100 216008 61140
45100 177428 79113
45100 186603 75734
45100 197111 117171
45100 252712 84007
45100 197694 101750
45100 215337 123728
45100 337296 202478
45100 193371 121501
45100 196296 91819
45100 148250 58008
45100 187173 95486
45100 245793 78816
45100 164666 66423
45100 175582 55872
45100 224194 90650
45100 212187 140856
45100 303288 157119
45100 284258 104402
45100 186562 84050
45100 170295 87093
45100 247675 142763
45100 277650 135114
45100 342528 197666
45100 201777 97067
45100 277815 118860
45100 254482 112170
45100 158507 82625
45100 192346 98516
45100 315733 142433
45100 266083 139211
45100 220212 155008
45100 282694 127454
45100 192480 67070
45100 138987 65487
45100 245256 120430
45200 195165 92674
45200 281628 160182
45200 216177 106976
45200 319654 149895
45200 148866 65327
45200 223160 128433
45200 287078 122561
45200 293176 158569
45200 301487 164290
45200 214589 87007
45200 149470 78697
45200 298635 186853
45200 254372 154578
45200 184714 113641
45200 191508 121873
45200 204914 129715
45200 222354 85353
45200 306277 194354
45200 414937 218841
45200 180564 68186
45200 211281 98948
45200 268872 171682
45200 249604 97831
45200 236994 100371
45200 297879 202470
45200 257817 140743
45200 244281 162717
45200 171170 66821
45200 144528 78428
45200 208101 109155
45200 239843 131390
45200 196655 70767
45200 250280 116785
45200 229732 104367
45200 246291 164741
45200 223359 118674
45200 247617 109769
45200 257289 108803
45200 204511 125364
45200 260207 102474
45200 236953 124169
45200 299849 179564
45200 298381 126685
45200 206456 123258
45200 193253 125600
45200 151936 81705
45200 150265 85916
45200 156092 71969
45200 284465 134110
45200 186744 95904
45300 240573 121090
45300 157274 83171
45300 150766 75983
45300 318829 127634
45300 302249 118898
45300 237762 85678
45300 204780 71308
45300 292702 162500
45300 212778 117319
45300 269030 94860
45300 195162 126707
45300 262747 117200
45300 163092 83455
45300 229931 132868
45300 135793 62074
45300 225160 97330
45300 313564 136445
45300 252111 135916
45300 213738 105000
45300 329754 158611
45300 282495 145859
45300 258165 104034
45300 245281 108496
45300 215731 78564
45300 234632 108032
45300 235718 135228
45300 364717 174356
45300 173929 78431
45300 245897 111435
45300 197493 101959
45300 186574 90701
45300 349118 195229
45300 284577 176018
45300 227998 71108
45300 264049 136363
45300 192911 86024
45300 252063 116966
45300 287855 131836
45300 263465 117298
45300 133025 74945
45300 298884 95324
45300 295875 174523
45300 214118 101763
45300 284777 79467
45300 267813 85040
45300 217877 85406
45300 217817 109862
45300 215751 99974
45300 209105 104126
45300 239271 128865
45400 171931 108581
45400 208116 119129
45400 256593 147116
45400 223793 150380
45400 234764 85806
45400 270575 101394
45400 283061 147342
45400 212728 139753
45400 193119 92508
45400 193992 88622
45400 263040 126131
45400 224499 140722
45400 272962 129457
45400 209010 105748
45400 175938 66514
45400 259318 170274
45400 289843 144727
45400 211245 108147
45400 295290 105462
45400 255292 112781
45400 232448 167715
45400 196097 95991
45400 195927 121338
45400 223064 125639
45400 145432 83601
45400 306965 174350
45400 217774 97447
45400 170052 72329
45400 251105 80274
45400 166115 85438
45400 236534 101970
45400 270035 104189
45400 216161 100355
45400 267366 173024
45400 268458 157633
45400 163867 64142
45400 290971 178862
45400 208537 80069
45400 345608 180619
45400 239810 117146
45400 220159 121376
45400 187678 88087
45400 139393 64249
45400 252915 59309
45400 237969 113369
45400 189520 67956
45400 228780 123333
45400 254847 112940
45400 257583 158293
45400 208501 98370
45500 360635 185581
45500 243871 78644
45500 303515 147797
45500 262513 140532
45500 230389 143877
45500 190361 118892
45500 233154 92192
45500 271263 161550
45500 159164 91060
45500 222135 70218
45500 260565 109784
45500 382279 157118
45500 247827 90886
45500 344413 144843
45500 190951 101816
45500 186803 96583
45500 287955 186673
45500 208822 89143
45500 181744 98415
45500 198367 125137
45500 360187 152270
45500 278603 115435
45500 188707 115307
45500 180595 85065
45500 179915 126722
45500 292374 135961
45500 306917 159906
45500 271142 142320
45500 273265 140058
45500 310640 129091
45500 264514 151311
45500 218511 104642
45500 240830 147720
45500 239074 83214
45500 230588 105841
45500 291406 140254
45500 279601 131873
45500 205239 79809
45500 204000 98892
45500 283219 148328
45500 246977 102473
45500 387887 223617
45500 210396 149134
45500 175066 89082
45500 227545 124665
45500 150442 80657
45500 181889 87322
45500 229879 85313
45500 186541 90878
45500 253453 109964
45600 282359 134119
45600 240886 109401
45600 260588 106418
45600 199276 109704
45600 145247 88986
45600 244602 105294
45600 291223 206975
45600 316926 220869
45600 276816 94077
45600 199208 122497
45600 277125 147989
45600 148985 85395
45600 341225 194423
45600 263483 127623
45600 180620 119980
45600 205952 117314
45600 251096 70226
45600 220512 127161
45600 311577 167015
45600 232445 106400
45600 208110 71302
45600 291937 107651
45600 183206 99711
45600 228750 96544
45600 239717 126118
45600 264974 96764
45600 162304 81675
45600 198309 90357
45600 230988 130648
45600 209076 107362
45600 301601 230789
45600 215447 110954
45600 256872 137966
45600 202260 143324
45600 184915 85682
45600 370871 269250
45600 148911 72250
45600 295937 159024
45600 191358 95653
45600 208553 105652
45600 218437 102014
45600 177024 64287
45600 257777 86910
45600 228777 83225
45600 197847 121960
45600 225093 96849
45600 242874 112768
45600 281532 149715
45600 125015 65076
45600 229176 79302
45700 268429 109174
45700 193111 112665
45700 145203 69366
45700 200469 81633
45700 220891 76910
45700 363111 151374
45700 298674 153821
45700 170001 72988
45700 251097 135803
45700 265748 119991
45700 246109 164568
45700 187202 107946
45700 213528 89774
45700 223641 85969
45700 303180 84930
45700 195845 63839
45700 261922 80191
45700 199808 97893
45700 242321 153625
45700 334792 135012
45700 188683 83471
45700 208124 117975
45700 162635 64344
45700 297166 181753
45700 271706 144598
45700 304667 163850
45700 226549 139398
45700 219389 82233
45700 292921 130389
45700 271982 95648
45700 198448 86998
45700 261524 148755
45700 276972 158934
45700 243828 78051
45700 189718 75917
45700 268824 198344
45700 317473 150582
45700 211828 143718
45700 238091 84441
45700 188140 112500
45700 250085 127734
45700 284341 113390
45700 206055 65340
45700 218679 111079
45700 261008 131927
45700 321200 119239
45700 232616 100387
45700 199689 121074
45700 200773 137801
45700 300011 213427
45800 208689 110029
45800 238386 73836
45800 252522 144022
45800 198094 102539
45800 326257 155168
45800 261390 148137
45800 248814 103349
45800 219154 100846
45800 292407 176270
45800 254464 137641
45800 194884 111559
45800 281259 171935
45800 215243 82539
45800 202934 111983
45800 312565 159344
45800 219236 80463
45800 121720 66357
45800 234465 112838
45800 213845 105065
45800 285014 147976
45800 319292 167441
45800 187254 73465
45800 288953 102449
45800 206051 85985
45800 223195 113138
45800 230420 87226
45800 178044 73574
45800 175962 91607
45800 262176 153674
45800 223620 117427
45800 236071 141296
45800 325151 114225
45800 295641 147872
45800 250514 173078
45800 256989 145875
45800 314019 179883
45800 187099 100857
45800 225307 143231
45800 198679 69749
45800 254118 99564
45800 330114 147874
45800 181957 109488
45800 342844 186713
45800 222332 110635
45800 242732 101801
45800 270819 121275
45800 275005 158966
45800 259065 102736
45800 313548 113267
45800 210505 133662
45900 207576 102267
45900 228907 116802
45900 204732 121985
45900 213236 100487
45900 193991 88486
45900 161687 94095
45900 271800 116787
45900 273807 114841
45900 249025 78973
45900 238507 139653
45900 213889 127041
45900 173863 107419
45900 241695 157680
45900 169489 78651
45900 209336 95963
45900 300484 140182
45900 305217 82530
45900 187262 89872
45900 303644 141230
45900 279560 169755
45900 198504 104135
45900 229774 142466
45900 218130 135181
45900 314500 164127
45900 292015 181688
45900 239252 110375
45900 258609 109547
45900 181519 92537
45900 234657 123305
45900 161802 67560
45900 158046 85966
45900 214326 98263
45900 351181 185066
45900 400837 263235
45900 413916 265547
45900 221463 64254
45900 182155 90216
45900 242860 86926
45900 195058 117429
45900 304013 162639
45900 195843 114883
45900 210091 111234
45900 524734 311449
45900 359847 112689
45900 306047 174680
45900 196719 87418
45900 245993 132787
45900 207413 93669
45900 224771 150358
45900 267673 108262
46000 259054 92761
46000 242910 106537
46000 231223 122585
46000 151320 78467
46000 347688 149597
46000 254034 129966
46000 319464 130223
46000 244447 127463
46000 263234 109412
46000 279401 152067
46000 201469 91993
46000 192387 95877
46000 211173 88131
46000 241798 117144
46000 291860 180417
46000 198745 109269
46000 224759 83252
46000 263817 109174
46000 194276 73163
46000 266658 145515
46000 192214 74351
46000 272076 184067
46000 133185 71036
46000 193163 81694
46000 162764 64219
46000 240675 112379
46000 170014 64312
46000 232112 140568
46000 197240 138266
46000 265087 129920
46000 225819 139887
46000 216114 83324
46000 193502 73468
46000 279188 165296
46000 278977 121328
46000 219778 84220
46000 232640 156598
46000 309444 164547
46000 334125 178431
46000 212266 112472
46000 145698 71541
46000 239292 92457
46000 222088 115991
46000 333501 111901
46000 216281 89253
46000 217890 113723
46000 355683 163207
46000 168870 70979
46000 273241 198501
46000 257060 123485
46100 198870 119725
46100 160881 92459
46100 409260 159485
46100 271770 134744
46100 211659 74247
46100 229647 111121
46100 213566 122963
46100 270100 149229
46100 161754 92989
46100 381216 188181
46100 295337 171793
46100 163241 83025
46100 187330 96302
46100 313870 159888
46100 238165 114547
46100 260372 139876
46100 270157 108661
46100 259796 135723
46100 351430 191633
46100 225717 168897
46100 264596 140923
46100 213067 103460
46100 227572 104383
46100 244388 116817
46100 324193 155123
46100 257537 130009
46100 215739 150135
46100 235805 152806
46100 249246 131737
46100 209958 95369
46100 376905 158711
46100 247146 139165
46100 151338 60089
46100 383199 191253
46100 249806 164284
46100 289248 112040
46100 256988 143121
46100 192873 109104
46100 255268 155209
46100 188942 96954
46100 172950 91865
46100 239141 129932
46100 220132 133571
46100 291929 165660
46100 228108 96907
46100 192670 80062
46100 157498 62266
46100 210234 112417
46100 232405 114333
46100 359094 191868
46200 225936 103904
46200 156770 55231
46200 210410 84221
46200 246934 111632
46200 314467 145391
46200 354775 162060
46200 206887 84933
46200 214686 91181
46200 229911 104322
46200 340202 157824
46200 309833 141863
46200 192874 96126
46200 260835 109081
46200 159061 99459
46200 300575 152575
46200 221807 78164
46200 268274 147868
46200 407284 262197
46200 269574 169173
46200 205178 94244
46200 201026 90464
46200 328155 148493
46200 233060 120479
46200 310187 193689
46200 246659 104110
46200 189596 128588
46200 162227 67286
46200 240884 87819
46200 182450 70854
46200 289906 148089
46200 274341 157382
46200 393808 177311
46200 277297 106387
46200 341334 216929
46200 282924 113942
46200 204326 86299
46200 207244 104120
46200 276472 130567
46200 355285 168880
46200 197825 94039
46200 276406 174788
46200 226763 138242
46200 241472 121053
46200 204377 75365
46200 227398 159331
46200 289300 176305
46200 264860 150541
46200 221773 151422
46200 258312 138482
46200 264415 134384
46300 304917 100921
46300 197049 130174
46300 226145 124105
46300 341985 141236
46300 244108 119427
46300 208860 100059
46300 247141 179600
46300 249209 118473
46300 162941 83142
46300 336299 144947
46300 169695 96060
46300 171546 97860
46300 167733 93904
46300 198034 98229
46300 234116 118371
46300 187124 96707
46300 218624 120332
46300 165161 94250
46300 267223 101220
46300 250027 145569
46300 220290 113400
46300 348004 199931
46300 172369 90453
46300 287646 168071
46300 189051 107464
46300 200469 126691
46300 313977 113404
46300 190947 87656
46300 204296 114968
46300 193665 113483
46300 310217 191047
46300 359554 150493
46300 331137 151345
46300 315196 187697
46300 301968 166372
46300 217727 94183
46300 341060 225927
46300 164281 77424
46300 211797 97234
46300 183860 84101
46300 135772 72457
46300 187847 101309
46300 257461 80334
46300 218337 116189
46300 212409 115255
46300 206345 111347
46300 194961 93824
46300 213145 132350
46300 286612 178996
46300 268477 175169
46400 214821 126188
46400 223192 110897
46400 273715 125509
46400 226389 109999
46400 205344 90194
46400 156725 62556
46400 304729 147896
46400 254544 142871
46400 192151 81575
46400 248149 132307
46400 257600 145328
46400 308982 187187
46400 235341 84139
46400 218839 154111
46400 288856 99638
46400 362520 197700
46400 228203 129150
46400 181025 77969
46400 198831 92352
46400 221805 78534
46400 265572 143391
46400 211441 111628
46400 188951 95755
46400 341047 207078
46400 272345 119047
46400 193271 113083
46400 206059 69372
46400 230070 124224
46400 121692 62308
46400 253179 144580
46400 211225 75274
46400 302791 148599
46400 287992 117636
46400 294787 183475
46400 155925 74265
46400 187810 103552
46400 308666 239117
46400 220899 76751
46400 225684 102798
46400 199716 99849
46400 233111 105298
46400 244170 87058
46400 232192 157674
46400 218665 109218
46400 210562 72441
46400 242925 132904
46400 259473 124818
46400 203198 77640
46400 177786 101138
46400 291733 171741
46500 196925 107279
46500 312551 162860
46500 227434 139836
46500 192078 117784
46500 216507 91911
46500 305773 149094
46500 180214 93827
46500 272990 155006
46500 188429 116606
46500 218792 75830
46500 214213 108835
46500 183298 103428
46500 264734 88585
46500 155452 81596
46500 284903 117740
46500 199168 101051
46500 216014 88786
46500 160171 84780
46500 245250 110736
46500 249230 112120
46500 286057 143925
46500 290414 155243
46500 311039 156573
46500 274483 160174
46500 144331 63982
46500 208518 86273
46500 137267 57370
46500 167299 81014
46500 220107 61474
46500 232356 161696
46500 242767 108681
46500 251198 111873
46500 188001 81463
46500 294363 125801
46500 306549 163475
46500 275401 155700
46500 310461 169291
46500 153800 71973
46500 322575 138903
46500 310469 184029
46500 187868 69452
46500 205589 78645
46500 279719 203923
46500 227023 142560
46500 229501 109461
46500 199703 96227
46500 249241 90162
46500 237975 121872
46500 269906 140620
46500 348673 194621
46600 237421 98628
46600 205948 74526
46600 277967 134346
46600 221063 104211
46600 159308 80017
46600 244155 138326
46600 143832 68523
46600 233601 123625
46600 302387 179221
46600 227963 99482
46600 386782 202206
46600 238333 142249
46600 298756 201639
46600 289990 139437
46600 189394 100409
46600 195941 96534
46600 188894 104671
46600 235573 75943
46600 248274 125217
46600 217046 123630
46600 186209 94213
46600 219853 93959
46600 318358 181034
46600 307533 169296
46600 182357 66398
46600 230964 149654
46600 303972 140090
46600 163237 78177
46600 247948 99871
46600 202401 87156
46600 193757 104456
46600 243377 117948
46600 244795 161208
46600 333519 214012
46600 248195 138106
46600 340209 165634
46600 185015 92122
46600 202644 110017
46600 278168 126934
46600 346518 205859
46600 321985 111893
46600 227206 107576
46600 298476 111513
46600 192499 99985
46600 162742 72815
46600 223601 70674
46600 179015 103754
46600 241096 118741
46600 270831 124233
46600 206148 112356
46700 350640 179864
46700 204902 86076
46700 210673 96005
46700 177097 94904
46700 204141 95990
46700 172485 69707
46700 280196 119215
46700 214526 104880
46700 235071 115940
46700 211734 108634
46700 241147 103829
46700 255971 84287
46700 200466 124140
46700 190856 71035
46700 258822 112296
46700 200150 123169
46700 275816 155369
46700 147989 90433
46700 278411 165440
46700 256664 140532
46700 337724 182125
46700 172717 98353
46700 283309 145841
46700 299819 172469
46700 233669 140483
46700 155576 89589
46700 234652 117007
46700 171931 75034
46700 250035 193015
46700 225286 114639
46700 273629 88486
46700 334977 222588
46700 221236 88222
46700 170417 65715
46700 213741 142416
46700 278064 133553
46700 246625 132936
46700 292822 135665
46700 295724 161288
46700 202063 108916
46700 246343 76363
46700 160829 95549
46700 265313 144526
46700 269405 122259
46700 203706 105424
46700 378002 134310
46700 254935 124290
46700 216047 73163
46700 223089 146550
46700 254202 132296
46800 196289 111111
46800 169193 89962
46800 234952 117798
46800 233884 100317
46800 385955 215406
46800 286435 96581
46800 191062 104301
46800 242910 138854
46800 203666 92081
46800 190339 115604
46800 189349 91104
46800 358976 141490
46800 322798 136029
46800 212250 93753
46800 193864 62859
46800 253243 142370
46800 286359 148997
46800 337081 249266
46800 225743 143844
46800 182080 123377
46800 218839 113502
46800 310180 128546
46800 215284 117592
46800 170544 76637
46800 292762 166046
46800 258981 126413
46800 294597 103196
46800 281673 138193
46800 191400 91997
46800 251881 166975
46800 347320 137295
46800 241455 86993
46800 277547 122793
46800 219989 120045
46800 242898 146941
46800 289792 93823
46800 246372 130874
46800 293821 179617
46800 201747 121779
46800 283863 129523
46800 298788 135330
46800 206274 121229
46800 232010 94414
46800 277533 149365
46800 280311 131044
46800 256889 139674
46800 238750 141884
46800 223847 94571
46800 411808 219919
46800 231505 130731
46900 288651 158739
46900 155998 96197
46900 213033 130784
46900 331913 122665
46900 196519 62041
46900 197628 102072
46900 297481 149919
46900 183518 83040
46900 201113 92156
46900 265713 155970
46900 188420 117306
46900 285283 139968
46900 280041 117893
46900 207890 73640
46900 244212 161673
46900 203060 74601
46900 210322 101625
46900 147361 80019
46900 239664 110681
46900 368078 209189
46900 256969 115324
46900 339385 210448
46900 226891 105207
46900 267332 90527
46900 210141 106720
46900 155822 64507
46900 317912 151505
46900 261111 151685
46900 210559 87076
46900 210710 93607
46900 251579 132677
46900 228606 113271
46900 241921 149214
46900 232003 85173
46900 260683 125678
46900 280237 116442
46900 220942 105145
46900 228124 104617
46900 322058 184095
46900 172357 101258
46900 229540 152332
46900 245853 115374
46900 315992 117443
46900 267467 124560
46900 198396 87145
46900 187674 62724
46900 303336 126797
46900 289782 167559
46900 236581 97199
46900 210377 125986
47000 234230 142160
47000 267321 114931
47000 235123 113768
47000 228099 96041
47000 147591 75367
47000 333397 117210
47000 270399 142822
47000 258879 68635
47000 135808 72947
47000 240774 159821
47000 202039 108744
47000 276446 126004
47000 198454 101223
47000 221244 80742
47000 251867 125625
47000 174479 102103
47000 248476 122503
47000 167338 105752
47000 162852 99676
47000 213261 131087
47000 268645 120125
47000 243583 105101
47000 263985 102511
47000 275592 96174
47000 255689 164248
47000 314835 162204
47000 240516 152740
47000 210141 84243
47000 164947 94496
47000 291561 162543
47000 208118 63587
47000 247319 156759
47000 240055 119904
47000 228330 128708
47000 229784 112302
47000 243619 111441
47000 329358 218067
47000 258199 168461
47000 179787 103132
47000 349209 161648
47000 248288 129491
47000 264420 139030
47000 197253 66991
47000 315477 188595
47000 149557 84687
47000 225528 135091
47000 241938 81980
47000 195244 106998
47000 183208 67437
47000 228532 93295
47100 154918 88274
47100 246169 97606
47100 301597 160733
47100 183498 115610
47100 191613 116190
47100 227243 97315
47100 308718 128073
47100 326801 195613
47100 236573 176415
47100 257673 158774
47100 144287 77926
47100 208568 122983
47100 251386 111199
47100 304781 110252
47100 210837 136877
47100 260478 133617
47100 277907 70676
47100 214737 85256
47100 336441 216725
47100 222590 76580
47100 298089 174714
47100 300538 183468
47100 152449 69295
47100 177951 82553
47100 265092 119765
47100 337001 179990
47100 432805 229103
47100 246427 138204
47100 262045 117511
47100 309928 199786
47100 177689 98164
47100 144288 82061
47100 426081 259386
47100 346446 226675
47100 217871 82740
47100 388895 160021
47100 315297 167121
47100 246623 102931
47100 224803 107371
47100 265251 102229
47100 233516 114973
47100 288745 103076
47100 295553 158711
47100 257437 128270
47100 187036 85748
47100 188780 100737
47100 246625 154900
47100 315119 200532
47100 232937 128890
47100 218608 133463
47200 316316 112080
47200 282568 141039
47200 293157 144663
47200 332983 156800
47200 260457 145236
47200 303630 169129
47200 346922 104268
47200 248690 121456
47200 394334 194257
47200 360105 133936
47200 209337 69639
47200 335982 225339
47200 333787 169676
47200 194363 123781
47200 151653 73641
47200 239935 113821
47200 235988 131133
47200 293679 151402
47200 218788 124045
47200 231950 119116
47200 194515 103985
47200 247632 120274
47200 306792 137637
47200 219358 84612
47200 280740 128379
47200 156080 78814
47200 185863 75411
47200 283539 153728
47200 192017 82979
47200 269805 154285
47200 224307 112397
47200 304866 160395
47200 228203 103595
47200 194585 113839
47200 174287 75002
47200 285768 171646
47200 257587 119056
47200 204285 92201
47200 174680 102369
47200 259758 120781
47200 215202 136651
47200 246809 131570
47200 206699 84071
47200 231314 123873
47200 395138 139304
47200 244126 110155
47200 268533 147664
47200 307391 185573
47200 250179 88347
47200 240996 114735
47300 176908 91542
47300 262857 115592
47300 189022 86349
47300 202210 126615
47300 178528 106370
47300 233719 114349
47300 230267 98145
47300 373613 154545
47300 260505 82771
47300 232229 77485
47300 253999 157922
47300 225404 116210
47300 365546 171707
47300 236951 117042
47300 170415 77389
47300 333726 162698
47300 413006 166737
47300 290039 166709
47300 298136 123366
47300 331477 124651
47300 255885 147362
47300 255397 157101
47300 159844 94391
47300 251732 153555
47300 208459 93755
47300 310470 130966
47300 287870 157871
47300 280615 142153
47300 296517 181493
47300 244740 152376
47300 146291 63847
47300 236336 133878
47300 323347 178669
47300 279740 116733
47300 238803 117373
47300 178146 90880
47300 195130 88921
47300 308619 181474
47300 179266 93956
47300 238677 162065
47300 304357 223876
47300 220317 94689
47300 197250 96531
47300 211858 142118
47300 268388 100743
47300 187139 77914
47300 116656 59999
47300 214173 93512
47300 340110 143777
47300 279479 176227
47400 224948 111450
47400 287442 106525
47400 247665 130825
47400 322297 159536
47400 243285 133420
47400 204778 139359
47400 235912 85678
47400 272908 135232
47400 231453 163649
47400 172097 97830
47400 251350 122011
47400 288073 157623
47400 158793 80650
47400 191858 91718
47400 252334 143093
47400 414217 223282
47400 212438 104949
47400 254533 199271
47400 246561 114490
47400 239309 118249
47400 135272 72066
47400 218372 93103
47400 212854 129824
47400 239138 161528
47400 350876 166509
47400 154932 58659
47400 275131 192234
47400 189546 111621
47400 165731 96626
47400 302675 207872
47400 245372 104400
47400 369629 160621
47400 160099 67450
47400 188873 76582
47400 296551 192612
47400 253838 92949
47400 329776 158555
47400 338790 140992
47400 196722 96502
47400 285933 160235
47400 399530 187499
47400 207536 107935
47400 264586 140940
47400 220042 106788
47400 235405 149339
47400 360405 170373
47400 285333 162626
47400 191794 113029
47400 207177 80780
47400 249505 83067
47500 195641 72269
47500 227214 149955
47500 194457 77031
47500 265264 143819
47500 264132 119114
47500 241925 168184
47500 208990 82421
47500 286624 202433
47500 310039 216882
47500 194704 79141
47500 328414 141222
47500 205879 127021
47500 189350 109811
47500 188379 112053
47500 238756 115683
47500 225904 101574
47500 218447 84391
47500 370544 215005
47500 309200 131629
47500 245988 120517
47500 214513 127283
47500 232517 115656
47500 296749 164558
47500 233874 76994
47500 268120 95974
47500 217947 113581
47500 306295 144072
47500 292111 170926
47500 203151 111554
47500 225024 74259
47500 296056 164216
47500 177175 84697
47500 195887 66925
47500 374188 216997
47500 217653 96298
47500 260506 106171
47500 233560 124791
47500 177593 110843
47500 291582 169593
47500 383654 214198
47500 205200 108352
47500 219864 137560
47500 320840 170246
47500 171510 94753
47500 347088 150266
47500 214549 120668
47500 269847 156954
47500 159562 84988
47500 230887 131364
47500 254165 145550
47600 310576 152203
47600 240192 134284
47600 330379 174171
47600 207923 99318
47600 224704 116210
47600 210555 124952
47600 235516 126839
47600 307854 131036
47600 339779 156481
47600 225876 122629
47600 314549 155707
47600 320281 192283
47600 163669 102951
47600 233824 120734
47600 214391 146648
47600 217312 153179
47600 172583 90107
47600 268043 152869
47600 200778 106545
47600 331584 165149
47600 206242 103625
47600 259745 129761
47600 209377 105175
47600 400747 186644
47600 247658 148506
47600 222339 85163
47600 330574 177753
47600 192113 85887
47600 243941 152363
47600 333366 192903
47600 202877 136318
47600 341530 146310
47600 376997 202239
47600 310901 207934
47600 337626 154819
47600 291664 138549
47600 311517 119736
47600 362376 184926
47600 332824 171677
47600 216860 121427
47600 114887 59641
47600 253348 120245
47600 204067 120168
47600 368268 131250
47600 273751 168348
47600 323232 158125
47600 250324 111354
47600 424340 110415
47600 247274 95483
47600 242373 167606
47700 325785 174497
47700 276742 125093
47700 273773 118237
47700 262931 174281
47700 238873 70647
47700 252372 103440
47700 229443 103904
47700 352829 219274
47700 255677 133802
47700 218356 99421
47700 267997 110364
47700 265846 112888
47700 256981 146372
47700 247069 108814
47700 309853 148052
47700 293944 183772
47700 183389 89140
47700 220228 91429
47700 228248 122355
47700 163785 75843
47700 255354 115807
47700 202276 94926
47700 212502 121487
47700 181034 111717
47700 204840 79942
47700 222700 98804
47700 314472 98888
47700 136877 69561
47700 196408 75653
47700 198858 113750
47700 326697 168966
47700 243326 113165
47700 355817 238713
47700 205965 119824
47700 309234 126747
47700 340886 144986
47700 284045 110570
47700 337705 171803
47700 198724 87095
47700 330967 163489
47700 225244 144108
47700 241305 155689
47700 237906 125108
47700 185963 64911
47700 205673 104143
47700 236231 87862
47700 286646 141539
47700 298255 199937
47700 238622 124396
47700 318190 182688
47800 269736 83865
47800 208345 134295
47800 240838 127844
47800 287178 123740
47800 312807 144573
47800 197133 71646
47800 215923 70807
47800 339034 115774
47800 182382 104231
47800 285819 162085
47800 296328 136792
47800 178651 80162
47800 169377 90941
47800 319291 216131
47800 269545 171207
47800 225094 97391
47800 218280 94916
47800 262374 62782
47800 198122 102172
47800 238897 102304
47800 201290 75143
47800 299005 111595
47800 229485 102211
47800 293649 120776
47800 259391 148021
47800 164847 84472
47800 198754 109275
47800 340315 162518
47800 327842 138942
47800 240502 147817
47800 231113 155556
47800 209278 123930
47800 209446 135464
47800 384376 203521
47800 220492 132905
47800 189266 78017
47800 271831 95091
47800 298551 123223
47800 305264 135348
47800 149353 71580
47800 204472 101080
47800 242283 146394
47800 202803 92084
47800 255812 128243
47800 153263 68744
47800 227638 125951
47800 212518 80786
47800 154858 87915
47800 216830 123331
47800 199298 103498
47900 299989 166140
47900 310705 119849
47900 270279 158570
47900 288733 136189
47900 126397 65347
47900 206188 126357
47900 243458 115103
47900 263658 168045
47900 241267 65140
47900 261032 125421
47900 256060 132819
47900 216956 99115
47900 217997 130300
47900 345026 209574
47900 188028 93349
47900 252057 139508
47900 223482 98553
47900 332750 182131
47900 179388 83282
47900 186167 107683
47900 279739 116852
47900 261378 110690
47900 209893 121923
47900 222720 131695
47900 215130 129960
47900 251639 128225
47900 402999 260375
47900 205571 80562
47900 369608 224139
47900 290063 162731
47900 194966 122271
47900 376040 173099
47900 314813 156043
47900 310096 178669
47900 364606 187029
47900 264677 67304
47900 223017 163214
47900 282878 107680
47900 228815 134866
47900 210604 140119
47900 169199 80087
47900 248922 111186
47900 308431 117881
47900 221307 109653
47900 389718 169365
47900 146924 76171
47900 215970 69928
47900 328929 114544
47900 161674 59115
47900 192514 126652
48000 271462 112039
48000 198458 114178
48000 272128 116791
48000 255369 107514
48000 279830 146371
48000 304849 155141
48000 200338 101886
48000 275079 163966
48000 238901 117495
48000 349388 183233
48000 198745 88691
48000 212216 112003
48000 208387 119064
48000 274032 128627
48000 305402 161741
48000 295341 154089
48000 219846 95657
48000 297674 144075
48000 233446 146905
48000 185709 92006
48000 202655 97226
48000 157645 58014
48000 305990 118952
48000 254297 151683
48000 210115 136487
48000 170448 101027
48000 260248 108855
48000 231911 91015
48000 263010 205268
48000 225093 125827
48000 278986 132771
48000 223361 103139
48000 202249 82753
48000 240104 111429
48000 202596 120543
48000 359557 217410
48000 144132 81966
48000 291204 190034
48000 202691 136939
48000 339016 165243
48000 219088 68452
48000 329146 205994
48000 213332 104517
48000 302528 77272
48000 235242 119131
48000 269090 128523
48000 363728 237119
48000 188172 85135
48000 304104 120504
48000 242988 141662
48100 184869 73185
48100 283000 124243
48100 182406 93259
48100 284243 129181
48100 170076 78922
48100 192074 62675
48100 215289 120161
48100 284080 131493
48100 194115 84775
48100 378762 220188
48100 223598 146335
48100 206087 124828
48100 211748 67125
48100 163840 74368
48100 276202 106041
48100 238260 122944
48100 332722 139162
48100 281981 107930
48100 283910 101821
48100 226116 96953
48100 339433 236438
48100 292089 120216
48100 159558 88279
48100 257579 147411
48100 255517 116544
48100 251881 157708
48100 296886 105010
48100 254096 152062
48100 356392 154824
48100 268264 165782
48100 255268 116690
48100 217257 115791
48100 179007 91422
48100 237609 132727
48100 230772 83130
48100 214347 104273
48100 226516 115547
48100 210128 91298
48100 163207 81301
48100 243761 153264
48100 180814 92007
48100 313041 142303
48100 120933 59595
48100 305220 127226
48100 287271 99695
48100 210711 121815
48100 170712 104272
48100 329815 118113
48100 219350 97921
48100 297065 153524
48200 277980 95669
48200 249519 86994
48200 244084 146228
48200 282902 117447
48200 191235 72861
48200 253303 115374
48200 203086 84714
48200 211982 116072
48200 296372 165813
48200 183201 91328
48200 332338 120201
48200 189457 116895
48200 283659 127347
48200 366479 165032
48200 137675 78313
48200 328944 140551
48200 268459 160247
48200 307179 141275
48200 211097 128955
48200 282260 162529
48200 369107 243762
48200 157812 88643
48200 281646 133753
48200 299641 142801
48200 214623 121846
48200 266225 118084
48200 313214 108281
48200 235317 165744
48200 308609 186671
48200 274125 112147
48200 298998 120096
48200 269438 132368
48200 213324 75451
48200 280161 118125
48200 296309 99167
48200 237202 173408
48200 272986 68094
48200 256311 92374
48200 273695 169997
48200 159185 92413
48200 192967 94264
48200 263583 132917
48200 182661 120255
48200 295050 176582
48200 299105 88033
48200 294314 146496
48200 305070 111922
48200 190389 116402
48200 275828 107258
48200 373894 194297
48300 361066 162800
48300 193683 97079
48300 195231 118365
48300 323112 215218
48300 186311 101814
48300 240239 116199
48300 198161 130909
48300 238896 117794
48300 223905 140938
48300 204000 94909
48300 163604 78647
48300 186154 108216
48300 181109 91967
48300 276986 135634
48300 183120 78059
48300 197201 119220
48300 189325 84520
48300 213218 128034
48300 292226 139632
48300 270824 153122
48300 300645 189964
48300 206410 113338
48300 363229 173312
48300 206415 127707
48300 276122 163859
48300 442634 219235
48300 288937 176081
48300 231739 127142
48300 196534 85750
48300 225467 126279
48300 229494 90024
48300 277845 125773
48300 247111 141182
48300 259858 140103
48300 161413 77353
48300 222690 82697
48300 338866 182937
48300 313459 151083
48300 270329 96045
48300 344492 199132
48300 216968 113342
48300 215082 85379
48300 303188 126684
48300 289650 185203
48300 252725 105205
48300 239904 80954
48300 270903 134404
48300 155275 85720
48300 276916 171174
48300 222880 116312
48400 277304 122096
48400 253479 147976
48400 265567 141097
48400 233753 134929
48400 214907 76687
48400 223149 99344
48400 221564 109134
48400 175640 101713
48400 289881 170269
48400 273992 92895
48400 214038 72003
48400 199878 78549
48400 274048 154280
48400 170879 60344
48400 192780 68911
48400 255554 131177
48400 247770 89338
48400 268347 136577
48400 381201 277563
48400 216076 90500
48400 377063 228424
48400 189217 72722
48400 279954 152571
48400 241241 135103
48400 441979 179374
48400 275563 167584
48400 287330 167489
48400 234374 99761
48400 167521 85606
48400 259700 142450
48400 194147 128080
48400 219592 109313
48400 339861 184619
48400 178431 83917
48400 278029 152607
48400 308892 137372
48400 238082 96955
48400 303456 111581
48400 243624 99204
48400 217987 144823
48400 228267 112236
48400 220850 113110
48400 212306 112228
48400 155440 73537
48400 185968 81667
48400 248274 163974
48400 247292 77204
48400 171394 97670
48400 247103 97857
48400 291176 154586
48500 240474 130112
48500 251977 125988
48500 270452 175063
48500 322731 173522
48500 189656 94677
48500 279345 120925
48500 182873 68499
48500 276693 178897
48500 266985 142700
48500 294933 130618
48500 297029 143570
48500 245222 110807
48500 314958 157758
48500 256155 88256
48500 258818 145720
48500 386702 210199
48500 279693 169962
48500 251090 175727
48500 233692 112117
48500 295575 173422
48500 245423 108376
48500 253536 159147
48500 247658 88204
48500 213127 109948
48500 198542 103544
48500 162521 88798
48500 241151 121471
48500 305785 189674
48500 194144 76791
48500 353962 210762
48500 314947 168447
48500 331468 218933
48500 213846 79348
48500 320625 160915
48500 248020 68507
48500 267628 147585
48500 220401 102404
48500 287114 131862
48500 322131 206875
48500 139541 63363
48500 362396 184708
48500 262142 142552
48500 186716 101466
48500 228947 113938
48500 200183 123097
48500 287455 174144
48500 280920 162207
48500 243326 111806
48500 234434 153409
48500 281321 183294
48600 218419 87987
48600 362419 143872
48600 267296 111037
48600 182083 103078
48600 270724 112851
48600 163663 73475
48600 365894 193095
48600 217392 81023
48600 209587 106771
48600 369957 201973
48600 288737 89411
48600 190147 95960
48600 322030 192480
48600 239957 145218
48600 254461 138895
48600 214675 144336
48600 198220 79764
48600 200504 73945
48600 378616 192590
48600 314271 141193
48600 277920 126764
48600 201628 108161
48600 413062 233699
48600 283364 158595
48600 232761 115673
48600 351928 207000
48600 256496 76633
48600 328141 132501
48600 351736 187059
48600 248732 153370
48600 287239 146981
48600 175129 71079
48600 342188 165432
48600 303849 216187
48600 232598 124045
48600 270674 124996
48600 263510 136430
48600 256744 155901
48600 273395 137880
48600 298929 155729
48600 242766 76481
48600 404263 234524
48600 326139 181779
48600 235555 118743
48600 213258 120710
48600 225866 143722
48600 274213 149866
48600 278043 115356
48600 197635 138839
48600 246655 160335
48700 197958 95657
48700 230760 75869
48700 133368 58891
48700 319251 161409
48700 237813 149600
48700 226617 135631
48700 350575 138386
48700 210687 102637
48700 351836 261894
48700 316081 135016
48700 294993 123305
48700 206551 98902
48700 251200 121629
48700 343829 194693
48700 185559 78507
48700 188320 99114
48700 300770 100191
48700 284709 152301
48700 264258 128883
48700 200348 90482
48700 260146 111423
48700 181056 94677
48700 295275 138205
48700 236046 128979
48700 280761 160682
48700 242653 105508
48700 270461 106819
48700 174368 82328
48700 250177 135365
48700 336279 197841
48700 344232 185267
48700 248656 129774
48700 246878 138164
48700 205867 102108
48700 277523 170838
48700 283309 185429
48700 285291 166318
48700 235260 132375
48700 214383 104221
48700 208079 105163
48700 241460 115386
48700 256124 165417
48700 189152 107619
48700 300719 186329
48700 231650 120468
48700 230128 145962
48700 273563 122706
48700 219821 62609
48700 344995 191480
48700 253202 137593
48800 278644 106326
48800 260335 83461
48800 232022 104040
48800 313238 120403
48800 273242 132165
48800 246291 131388
48800 175792 113075
48800 342606 180672
48800 176376 78526
48800 220548 102232
48800 313723 138897
48800 224322 134082
48800 354630 152097
48800 234081 91975
48800 377335 181220
48800 284663 134828
48800 372757 233216
48800 203353 100232
48800 163810 92808
48800 205083 131718
48800 188659 107575
48800 214950 113116
48800 259818 119073
48800 252918 116806
48800 281489 146097
48800 263485 114306
48800 161101 67843
48800 283371 116812
48800 189432 121510
48800 321106 135966
48800 279439 119476
48800 294034 143436
48800 314345 160154
48800 192800 80407
48800 190213 127947
48800 263296 139643
48800 189857 78760
48800 193152 90109
48800 241922 126752
48800 221470 104255
48800 252859 146945
48800 221859 91786
48800 203234 98425
48800 295529 92291
48800 287593 130054
48800 351430 159512
48800 182113 105961
48800 232955 82402
48800 211535 128660
48800 252575 120745
48900 367977 118830
48900 249574 159656
48900 341306 180214
48900 155796 66932
48900 323960 133107
48900 252904 114103
48900 200919 123790
48900 227504 77643
48900 283145 99460
48900 200879 96484
48900 247633 84491
48900 282714 151622
48900 172964 62647
48900 354488 156655
48900 185059 94837
48900 430249 186389
48900 189648 99896
48900 254057 147237
48900 208009 124774
48900 263374 137448
48900 279390 148016
48900 256056 112888
48900 327956 221936
48900 242925 109837
48900 261834 165273
48900 249151 121516
48900 211897 109949
48900 241398 122054
48900 314593 172516
48900 298329 155028
48900 306611 177196
48900 287593 140798
48900 332394 223702
48900 253213 101136
48900 218044 104950
48900 165063 63173
48900 241451 104817
48900 196808 107583
48900 197203 112791
48900 257268 154042
48900 252104 77343
48900 225074 87500
48900 315665 99589
48900 270626 165261
48900 223735 107753
48900 201978 68961
48900 273984 164940
48900 243097 137710
48900 293631 148610
48900 165635 74754
49000 325833 223050
49000 246047 164335
49000 195483 91963
49000 375213 183256
49000 208841 80124
49000 246281 127238
49000 317154 176409
49000 259428 144308
49000 268695 138251
49000 271298 81376
49000 258957 139177
49000 279209 134158
49000 197846 98557
49000 266933 149339
49000 286264 134634
49000 290294 149560
49000 191162 118174
49000 216999 82265
49000 257565 83804
49000 209960 121201
49000 278745 142718
49000 263242 115805
49000 200496 92310
49000 175052 82823
49000 325610 219739
49000 326377 188001
49000 296815 133575
49000 332091 141392
49000 286664 126862
49000 184127 99722
49000 228372 91425
49000 383029 166400
49000 351868 222182
49000 218429 78116
49000 448101 236962
49000 323948 164606
49000 288176 145236
49000 210193 126535
49000 236064 166116
49000 252523 143200
49000 236149 118516
49000 311000 126148
49000 215580 120731
49000 319653 159815
49000 268588 156447
49000 208923 94749
49000 194256 89920
49000 272684 154054
49000 255967 140631
49000 296467 157846
49100 162602 94589
49100 202063 112624
49100 339420 176407
49100 177335 88266
49100 212762 117248
49100 305787 155799
49100 271254 85134
49100 265201 159211
49100 155077 56946
49100 318706 169490
49100 235012 147559
49100 290156 125792
49100 210431 89876
49100 202667 128219
49100 265610 165082
49100 245518 113526
49100 219677 124128
49100 314012 116699
49100 301275 101641
49100 223669 96375
49100 284749 83703
49100 281545 122431
49100 375301 125573
49100 260736 155427
49100 198577 106206
49100 248804 125908
49100 178316 73516
49100 266576 148686
49100 177220 88200
49100 183877 90306
49100 173776 77330
49100 348691 199369
49100 289187 146744
49100 153638 78582
49100 222841 89322
49100 216553 87800
49100 367632 167038
49100 332758 133099
49100 417757 214976
49100 266239 122305
49100 266738 134382
49100 228888 103346
49100 228803 110544
49100 347542 195799
49100 260797 172559
49100 301100 163970
49100 258728 158436
49100 325819 203852
49100 242177 87003
49100 189874 113175
49200 247623 84396
49200 238806 105843
49200 240472 99992
49200 227273 97749
49200 313436 131503
49200 228521 78301
49200 250074 146709
49200 222032 134604
49200 232795 67917
49200 234766 92753
49200 196946 90342
49200 326570 194735
49200 202628 99609
49200 200603 113803
49200 387323 151942
49200 217079 95710
49200 217955 135612
49200 337119 239171
49200 278362 173473
49200 380081 241087
49200 186847 120234
49200 220286 115206
49200 264779 159772
49200 215903 112758
49200 237812 105558
49200 306686 167983
49200 311971 122929
49200 308360 105184
49200 208541 116434
49200 308107 158883
49200 351216 179844
49200 172427 101052
49200 232749 101625
49200 222862 102784
49200 220855 139977
49200 295801 143226
49200 298490 108300
49200 246949 133148
49200 250015 86124
49200 311851 101653
49200 293865 85798
49200 256569 125519
49200 265777 118822
49200 161256 77901
49200 289589 185916
49200 251027 154185
49200 233399 71560
49200 260932 92169
49200 189635 76762
49200 180207 113333
49300 425270 115165
49300 223148 79016
49300 246964 84979
49300 193277 118274
49300 300272 163609
49300 264886 165687
49300 383301 209238
49300 290118 134463
49300 264506 158740
49300 400883 209679
49300 271853 119073
49300 348841 141711
49300 310408 187816
49300 203367 91735
49300 169148 92317
49300 237543 134058
49300 231725 99461
49300 193993 62035
49300 262339 152093
49300 273267 99074
49300 204979 115270
49300 242664 79879
49300 229857 160704
49300 246186 102815
49300 286888 150340
49300 221640 93514
49300 384183 175595
49300 286653 162038
49300 323774 128042
49300 205915 92514
49300 267356 99900
49300 152034 65783
49300 198494 124316
49300 290726 127529
49300 322234 126135
49300 245146 125413
49300 212689 89595
49300 306721 156993
49300 350745 134436
49300 196109 124417
49300 312326 115912
49300 253833 132106
49300 169093 98409
49300 240859 108891
49300 263845 129823
49300 279268 135380
49300 319357 224484
49300 219546 79597
49300 239126 117197
49300 220054 119629
49400 382646 312207
49400 217027 94780
49400 260431 75465
49400 174972 90847
49400 245310 125206
49400 268362 128139
49400 184717 88322
49400 235574 157625
49400 177489 83762
49400 315658 123361
49400 299340 188747
49400 255035 91488
49400 236186 104517
49400 287561 152332
49400 346980 188632
49400 196318 89118
49400 287900 123285
49400 167895 74901
49400 227645 119308
49400 284273 157714
49400 343505 122440
49400 269778 179724
49400 217921 97790
49400 215564 73258
49400 213271 70939
49400 370478 219000
49400 226553 78951
49400 168592 95598
49400 209568 113600
49400 261269 138235
49400 274831 129821
49400 200742 80234
49400 337935 189909
49400 229492 87389
49400 357527 132538
49400 313401 119507
49400 345322 157592
49400 302816 187290
49400 289648 129023
49400 233575 108500
49400 392956 155686
49400 265124 146934
49400 201928 80576
49400 291055 131040
49400 293056 139425
49400 231726 103722
49400 296475 98967
49400 336402 185402
49400 291547 150630
49400 246277 92533
49500 271260 134762
49500 211821 104709
49500 143557 65423
49500 217911 145699
49500 281797 112610
49500 267865 127834
49500 266236 74599
49500 198703 69453
49500 307233 168742
49500 288662 165239
49500 274565 93741
49500 248597 164369
49500 204297 120884
49500 198975 93017
49500 185499 90050
49500 287151 144860
49500 187590 70555
49500 188303 70275
49500 202320 82984
49500 233327 101867
49500 294462 120644
49500 323472 123716
49500 222802 72574
49500 297980 165925
49500 209749 123955
49500 214681 90303
49500 411555 195076
49500 375364 168891
49500 276104 103663
49500 326676 96033
49500 278002 95839
49500 302590 113975
49500 234377 123915
49500 259022 100480
49500 217921 92194
49500 221058 116497
49500 340230 200937
49500 241360 145362
49500 155400 84629
49500 325337 171387
49500 250864 128547
49500 283875 151019
49500 295543 82251
49500 365177 194427
49500 252340 183272
49500 297126 152560
49500 303746 152302
49500 184803 64884
49500 200478 124654
49500 366172 174875
49600 305537 136859
49600 208360 110974
49600 204036 103024
49600 255136 117085
49600 163102 77414
49600 394960 120078
49600 243991 126576
49600 144850 76183
49600 325588 194769
49600 205204 105368
49600 242635 139864
49600 270158 176870
49600 352707 150284
49600 172831 73348
49600 154263 70337
49600 297237 127273
49600 245239 149910
49600 188975 78091
49600 288828 161866
49600 299116 125199
49600 283528 173640
49600 279013 160374
49600 222682 124735
49600 292641 172160
49600 225328 93509
49600 187681 71955
49600 138404 65628
49600 294222 209145
49600 168422 96631
49600 255834 88534
49600 288555 181525
49600 337795 213976
49600 239023 144815
49600 312085 239362
49600 212975 103397
49600 243728 136484
49600 245105 145697
49600 191998 97552
49600 273355 86080
49600 307806 121290
49600 245400 113131
49600 288464 131414
49600 247595 109546
49600 311038 152808
49600 360613 196814
49600 206649 90463
49600 199862 79162
49600 189021 75902
49600 193506 104949
49600 271022 129076
49700 395130 263759
49700 259167 109773
49700 246599 116883
49700 176789 86962
49700 275318 165860
49700 244631 132569
49700 139844 71012
49700 254139 139028
49700 308717 127745
49700 220166 142187
49700 211816 130904
49700 339679 183468
49700 256442 132590
49700 425715 203309
49700 305416 130496
49700 244493 148844
49700 251403 111315
49700 254333 110396
49700 300207 121620
49700 299576 130631
49700 216750 118315
49700 244238 128902
49700 235756 114072
49700 306716 187328
49700 242472 127627
49700 216796 117604
49700 266837 119680
49700 244812 147659
49700 319837 153877
49700 325604 152208
49700 208993 101634
49700 382059 218901
49700 214526 110023
49700 172958 86116
49700 294569 103731
49700 208311 102582
49700 210684 125200
49700 347162 204643
49700 226982 114875
49700 436091 189358
49700 232155 102094
49700 332530 192201
49700 269799 166209
49700 308798 133788
49700 282761 155261
49700 232820 119968
49700 283543 110556
49700 233766 145935
49700 251243 135496
49700 258168 123680
49800 245859 96499
49800 338350 171930
49800 233271 119842
49800 281452 169795
49800 164932 87989
49800 237897 152930
49800 286439 163132
49800 271060 144697
49800 249576 121855
49800 288954 120076
49800 232626 97697
49800 170559 86704
49800 319020 134157
49800 286174 170716
49800 209852 119326
49800 222903 112866
49800 309650 119215
49800 283385 188179
49800 246640 165612
49800 243548 121188
49800 310376 201270
49800 292187 214819
49800 325163 117835
49800 225558 135401
49800 242576 129806
49800 299577 119439
49800 242759 161381
49800 212944 114880
49800 201914 88971
49800 318643 217264
49800 289251 146531
49800 441300 227823
49800 239037 102173
49800 202672 131826
49800 291454 151910
49800 219658 143742
49800 360870 86497
49800 323462 202702
49800 146986 84497
49800 289466 100250
49800 236565 149905
49800 233042 106494
49800 417198 151794
49800 249800 142546
49800 247352 141178
49800 224397 95629
49800 244662 141228
49800 322027 118282
49800 317595 137555
49800 371634 240782
49900 238662 155880
49900 288754 117860
49900 176492 79775
49900 303589 149193
49900 220942 128544
49900 208459 113456
49900 222443 116704
49900 235134 98056
49900 293925 150281
49900 275881 87463
49900 186517 88159
49900 232315 112777
49900 237038 99096
49900 307287 148782
49900 208945 122236
49900 271566 138911
49900 172287 98285
49900 287535 152227
49900 209350 123530
49900 199440 104326
49900 295014 154601
49900 312208 153389
49900 206160 79931
49900 236854 111432
49900 211808 144842
49900 336601 210030
49900 288803 168631
49900 252137 144369
49900 246881 116331
49900 221332 75976
49900 218194 78931
49900 220342 106915
49900 358741 229090
49900 393354 197925
49900 305311 71235
49900 202067 102744
49900 219468 114111
49900 370649 133246
49900 308812 223164
49900 216560 90024
49900 259125 181655
49900 235488 119184
49900 250643 103508
49900 276045 172043
49900 259639 132599
49900 319714 142199
49900 335171 189015
49900 206578 113105
49900 223779 77606
49900 256828 139161
50000 305835 155520
50000 182367 90321
50000 207300 67983
50000 152090 77328
50000 328383 239859
50000 122926 61470
50000 178934 80090
50000 392485 85213
50000 225019 154505
50000 304656 131830
50000 353950 182572
50000 168311 88559
50000 218577 112234
50000 236867 80798
50000 132061 61474
50000 220535 80086
50000 342013 237208
50000 335377 114068
50000 225058 118351
50000 290577 75342
50000 398809 176287
50000 334562 148077
50000 271505 167688
50000 297257 155630
50000 279312 208919
50000 271194 121657
50000 320605 155191
50000 270448 151739
50000 259231 178326
50000 256078 147789
50000 297081 159375
50000 234936 158591
50000 196128 62107
50000 278340 173338
50000 361950 145823
50000 207161 82575
50000 229318 112318
50000 364104 169171
50000 183662 66279
50000 255131 144461
50000 228339 102583
50000 320441 194478
50000 295157 112081
50000 261802 150128
50000 311126 188889
50000 212184 78607
50000 211782 101323
50000 253050 93805
50000 219825 65883
50000 288918 105039
