100 1516 1127
100 1713 1290
100 1628 1210
100 1512 1127
100 1525 1132
100 1527 1141
100 1540 1139
100 1658 1236
100 1594 1175
100 1499 1112
100 1562 1178
100 1471 1083
100 1543 1128
100 1571 1176
100 1519 1134
100 1553 1144
100 1563 1152
100 1450 1060
100 1488 1094
100 1551 1161
100 1465 1088
100 1443 1062
100 1510 1113
100 1588 1193
100 1480 1106
100 1527 1123
100 1610 1208
100 1514 1123
100 1503 1099
100 1501 1085
100 1537 1124
100 1532 1133
100 1554 1173
100 1598 1193
100 1559 1155
100 1468 1083
100 1561 1175
100 1492 1111
100 1542 1168
100 1491 1111
100 1566 1150
100 1463 1104
100 1541 1126
100 1496 1097
100 1480 1088
100 1532 1137
100 1573 1169
100 1564 1174
100 1638 1227
100 1523 1113
200 3591 2624
200 3391 2496
200 3400 2493
200 3562 2563
200 3356 2425
200 3398 2435
200 3495 2565
200 3451 2489
200 3300 2362
200 3239 2343
200 3409 2495
200 3552 2626
200 3514 2566
200 3404 2493
200 3274 2388
200 3398 2466
200 3507 2582
200 3567 2610
200 2832 1998
200 3434 2498
200 3474 2533
200 3402 2472
200 3317 2364
200 3390 2440
200 3474 2526
200 3405 2475
200 3447 2503
200 3631 2676
200 3506 2534
200 3364 2463
200 2815 1982
200 3438 2529
200 3544 2553
200 3401 2463
200 3476 2523
200 3273 2366
200 3421 2491
200 3488 2535
200 3449 2494
200 2760 1957
200 3583 2637
200 3382 2471
200 3354 2428
200 3564 2589
200 2930 2094
200 3299 2372
200 3451 2495
200 3347 2440
200 3425 2512
200 3394 2478
300 5427 3891
300 5368 3855
300 5580 3989
300 5437 3928
300 5330 3794
300 5398 3793
300 5313 3762
300 5649 4063
300 5455 3910
300 5294 3728
300 5352 3864
300 4625 3241
300 5298 3781
300 5560 4027
300 4333 3016
300 5350 3860
300 5423 3873
300 5367 3906
300 5509 3957
300 5130 3671
300 5400 3891
300 5489 3913
300 5411 3889
300 5408 3855
300 5383 3830
300 5419 3883
300 5284 3760
300 5197 3724
300 5364 3840
300 5104 3638
300 5558 4003
300 5544 3972
300 5290 3784
300 5369 3836
300 5428 3873
300 5371 3850
300 5333 3820
300 5284 3769
300 5251 3734
300 5274 3764
300 5316 3770
300 5349 3830
300 5267 3725
300 5468 3913
300 5671 4067
300 5514 3940
300 5379 3886
300 5294 3809
300 5380 3824
300 5472 3919
400 5911 4100
400 7390 5224
400 7482 5348
400 7618 5440
400 7441 5326
400 7382 5283
400 7169 5109
400 7697 5546
400 7245 5141
400 7547 5427
400 7863 5655
400 7467 5355
400 7402 5284
400 7271 5155
400 7640 5444
400 7282 5147
400 7487 5250
400 7046 5056
400 7638 5456
400 7296 5171
400 7460 5360
400 7302 5215
400 6376 4436
400 7501 5363
400 7470 5295
400 7593 5419
400 7601 5474
400 7409 5300
400 7412 5328
400 7366 5165
400 7204 5089
400 7444 5328
400 7383 5245
400 7324 5227
400 7523 5335
400 7398 5218
400 7716 5546
400 7528 5307
400 7406 5240
400 7494 5358
400 7228 5140
400 7566 5394
400 7237 5146
400 7542 5341
400 7425 5290
400 7232 5102
400 7395 5257
400 7456 5264
400 7676 5523
400 7485 5338
500 9292 6573
500 9489 6698
500 9215 6450
500 9423 6642
500 9576 6681
500 9622 6825
500 9376 6603
500 9087 6396
500 9446 6693
500 9404 6653
500 9459 6708
500 9560 6728
500 9382 6630
500 9314 6661
500 9350 6580
500 9620 6828
500 9104 6376
500 8079 5625
500 8906 6307
500 9086 6350
500 9239 6460
500 9061 6351
500 9333 6556
500 9970 7150
500 9170 6404
500 9353 6630
500 9301 6577
500 9217 6483
500 9694 6854
500 9627 6808
500 9284 6508
500 9345 6602
500 9525 6707
500 9433 6663
500 9439 6676
500 9213 6463
500 9219 6508
500 9376 6559
500 9180 6467
500 9299 6582
500 9549 6741
500 9464 6751
500 9498 6744
500 9360 6623
500 9351 6569
500 9522 6662
500 9660 6799
500 9488 6645
500 9269 6578
500 9386 6639
600 11486 8118
600 11489 8150
600 11531 8122
600 11777 8231
600 11240 7839
600 11483 8048
600 11648 8162
600 11689 8235
600 11292 7977
600 11548 8094
600 11597 8221
600 11366 7950
600 11619 8191
600 11737 8306
600 9664 6677
600 11425 8002
600 11083 7821
600 11328 7917
600 11665 8168
600 11640 8251
600 11691 8329
600 11529 8162
600 11894 8315
600 11468 8059
600 11289 7864
600 11176 7809
600 10975 7670
600 11513 8053
600 10999 7793
600 11719 8293
600 11590 8079
600 11482 8083
600 10743 7438
600 11112 7839
600 11629 8187
600 11522 8017
600 11604 8092
600 10934 7606
600 11498 8139
600 11677 8186
600 11119 7791
600 12081 8526
600 11708 8320
600 11540 8113
600 11311 7874
600 11545 8194
600 11484 8034
600 11632 8156
600 11564 8132
600 11581 8096
700 13766 9658
700 13747 9701
700 13823 9735
700 13903 9731
700 13872 9779
700 14040 9834
700 13428 9440
700 13554 9519
700 13806 9678
700 11053 7550
700 13634 9606
700 13636 9690
700 13853 9747
700 13340 9357
700 13278 9277
700 13411 9420
700 14025 9868
700 13802 9672
700 13561 9600
700 13583 9603
700 13343 9360
700 13520 9488
700 13449 9419
700 13572 9527
700 13476 9512
700 13415 9400
700 13601 9494
700 13906 9707
700 13634 9707
700 13462 9361
700 14010 9811
700 13485 9528
700 13650 9672
700 13110 9169
700 13483 9451
700 13163 9120
700 13728 9713
700 13677 9583
700 13828 9758
700 14304 10040
700 13630 9666
700 13590 9697
700 13958 9811
700 13528 9533
700 13460 9419
700 13486 9464
700 13711 9709
700 13096 9082
700 13560 9520
700 14140 9929
800 15766 11032
800 16027 11293
800 15394 10747
800 14947 10288
800 15247 10655
800 15819 11016
800 16375 11523
800 14881 10312
800 14579 10161
800 15280 10730
800 15030 10338
800 15471 10785
800 15536 10872
800 15406 10807
800 15419 10938
800 15502 10891
800 15715 10878
800 12774 8702
800 15852 11164
800 15816 11205
800 15378 10634
800 15787 11181
800 15731 10962
800 15585 10964
800 15803 11116
800 15791 11116
800 15505 10777
800 15818 11095
800 15618 10895
800 15810 10935
800 15727 11044
800 15626 10728
800 15412 10746
800 15492 10855
800 15696 11093
800 15256 10531
800 15421 10764
800 15753 11057
800 15531 10769
800 16186 11441
800 14951 10474
800 15842 11047
800 12997 8923
800 15575 10883
800 15487 10943
800 15582 10892
800 15621 10990
800 15984 11217
800 15674 10994
800 15884 11036
900 17560 12379
900 17998 12635
900 17699 12421
900 17931 12582
900 17313 12061
900 17758 12490
900 17542 12259
900 14916 10376
900 17590 12194
900 17909 12600
900 18612 13149
900 17515 12267
900 17129 11999
900 17833 12406
900 17760 12507
900 17504 12310
900 17737 12336
900 17626 12322
900 17581 12358
900 17550 12349
900 18084 12663
900 17301 12099
900 17570 12434
900 17737 12347
900 17279 12033
900 17829 12245
900 17869 12561
900 17318 12007
900 17765 12472
900 18217 12684
900 17367 12193
900 16781 11742
900 17503 12193
900 17797 12468
900 18055 12760
900 17537 12328
900 18253 12808
900 17393 12237
900 17736 12442
900 17574 12300
900 17936 12588
900 17783 12455
900 17751 12279
900 17575 12313
900 17101 11791
900 17784 12507
900 17703 12448
900 17752 12469
900 17258 11999
900 17881 12523
1000 19784 13665
1000 20131 14009
1000 19643 13627
1000 19221 13254
1000 20022 14038
1000 16241 11168
1000 19513 13532
1000 20161 13961
1000 19880 13899
1000 19124 13151
1000 19305 13463
1000 20313 14120
1000 19932 13912
1000 19418 13375
1000 19798 13695
1000 19837 13871
1000 18945 13035
1000 19729 13753
1000 19518 13625
1000 19919 13994
1000 19578 13653
1000 20156 14127
1000 19868 13868
1000 19886 13918
1000 19592 13597
1000 19611 13642
1000 19857 13826
1000 19799 13795
1000 19871 13782
1000 19793 13691
1000 19469 13650
1000 19787 13887
1000 19793 13806
1000 20080 13942
1000 18801 13065
1000 19903 13723
1000 19527 13557
1000 19661 13482
1000 19147 13321
1000 19866 13869
1000 19616 13564
1000 20083 13992
1000 19255 13371
1000 19939 13975
1000 19516 13550
1000 19604 13575
1000 19786 13683
1000 20308 14155
1000 19711 13746
1000 18847 12947
1100 22263 15481
1100 21463 14760
1100 22130 15494
1100 21896 15184
1100 22286 15386
1100 22069 15441
1100 21594 14885
1100 21870 15108
1100 21598 15068
1100 22048 15351
1100 21892 15326
1100 22343 15686
1100 22324 15601
1100 21532 15050
1100 21789 15077
1100 22196 15444
1100 22481 15743
1100 21786 15041
1100 21890 15012
1100 22052 15275
1100 22353 15770
1100 18565 12731
1100 22117 15528
1100 21678 15008
1100 21666 15088
1100 23312 16448
1100 22475 15672
1100 22414 15495
1100 21402 14978
1100 22354 15725
1100 21735 15143
1100 22046 15259
1100 21772 15213
1100 21868 15122
1100 22193 15402
1100 22558 15771
1100 22048 15459
1100 21662 14961
1100 22235 15467
1100 21612 14967
1100 21616 15115
1100 22077 15450
1100 22235 15527
1100 21714 15126
1100 21387 14850
1100 21989 15117
1100 21787 15074
1100 21394 14925
1100 21849 15140
1100 20722 14375
1200 24038 16807
1200 24088 16740
1200 23673 16273
1200 23097 16019
1200 23924 16664
1200 23802 16431
1200 23800 16496
1200 24274 16692
1200 19691 13399
1200 24132 16663
1200 24156 16776
1200 23816 16555
1200 23900 16703
1200 23953 16610
1200 24371 17053
1200 24894 17204
1200 23016 15824
1200 24240 17014
1200 23927 16465
1200 24220 16868
1200 24193 16844
1200 23904 16744
1200 24099 16788
1200 23658 16191
1200 23895 16671
1200 23909 16692
1200 24189 16818
1200 19583 13320
1200 24430 16913
1200 19741 13389
1200 23891 16689
1200 24304 16787
1200 24535 17130
1200 23897 16548
1200 23733 16407
1200 23239 16084
1200 24014 16779
1200 24635 17191
1200 23758 16304
1200 23877 16711
1200 24025 16614
1200 24182 16751
1200 23780 16593
1200 24287 16965
1200 23952 16596
1200 23586 16322
1200 24586 16979
1200 24954 17340
1200 23495 16216
1200 23764 16472
1300 26153 18160
1300 26162 18197
1300 25578 17637
1300 26023 18010
1300 26023 18085
1300 27146 18854
1300 26706 18794
1300 26304 18335
1300 26957 18762
1300 26156 18254
1300 25711 17815
1300 26156 18189
1300 26195 18241
1300 25896 17839
1300 26048 18180
1300 26457 18507
1300 25682 17794
1300 25347 17827
1300 26442 18310
1300 22085 15250
1300 25760 17908
1300 26951 18803
1300 26523 18549
1300 25757 17830
1300 25810 17854
1300 25667 17785
1300 25797 17916
1300 26228 18341
1300 26536 18321
1300 26544 18569
1300 25505 17574
1300 25861 17890
1300 26332 18359
1300 26540 18506
1300 26614 18395
1300 26224 18174
1300 26122 18243
1300 25978 17965
1300 26391 18344
1300 26894 18607
1300 25922 18135
1300 26246 18130
1300 26862 18636
1300 25895 18004
1300 27059 18977
1300 26056 18070
1300 26129 18339
1300 27259 19102
1300 25854 18018
1300 25588 17772
1400 23326 16004
1400 28785 20064
1400 28999 20156
1400 28726 19991
1400 28307 19688
1400 28629 20056
1400 28258 19606
1400 28161 19591
1400 28389 19858
1400 24483 16856
1400 29399 20609
1400 28667 20149
1400 29322 20295
1400 28374 19681
1400 28397 19795
1400 28602 19811
1400 27866 19332
1400 23139 15709
1400 28339 19849
1400 27951 19529
1400 28393 19846
1400 28554 19813
1400 28267 19552
1400 29030 20091
1400 27784 19182
1400 28894 20064
1400 28036 19557
1400 28662 20223
1400 29484 20385
1400 28188 19631
1400 29085 20395
1400 29015 20338
1400 28392 19523
1400 27860 19268
1400 28573 19843
1400 28393 19681
1400 28835 20083
1400 28997 20188
1400 29324 20406
1400 28059 19475
1400 28705 19990
1400 28530 19957
1400 28546 19968
1400 24253 16768
1400 27834 19327
1400 28827 20343
1400 28783 20014
1400 24729 17083
1400 28547 19918
1400 23998 16444
1500 30478 21284
1500 30615 21058
1500 29962 20780
1500 29980 20655
1500 30116 20765
1500 30202 20851
1500 30402 21008
1500 30724 21375
1500 29582 20484
1500 30451 21258
1500 31032 21449
1500 30415 20968
1500 31231 21357
1500 30964 21394
1500 30507 21037
1500 30998 21354
1500 25218 17240
1500 30706 21392
1500 30539 21178
1500 30196 20873
1500 30865 21429
1500 30298 21106
1500 29795 20575
1500 29352 20118
1500 30298 21139
1500 29797 20395
1500 30263 20993
1500 30195 20730
1500 30375 20854
1500 30435 21150
1500 24814 16699
1500 29626 20242
1500 30139 20865
1500 30551 21106
1500 29686 20435
1500 30024 20851
1500 30014 20652
1500 30461 21027
1500 30408 20935
1500 30425 21116
1500 29831 20662
1500 30925 21412
1500 30565 21291
1500 29552 20425
1500 30310 21010
1500 30621 21022
1500 30234 20878
1500 31210 21520
1500 30226 20814
1500 30052 20651
1600 32685 22722
1600 31808 21966
1600 32855 22738
1600 34230 23833
1600 33420 23244
1600 31594 21664
1600 32087 22077
1600 31056 21317
1600 32665 22578
1600 32295 22595
1600 31666 21848
1600 32015 22108
1600 32793 22798
1600 33317 23389
1600 33516 23195
1600 32650 22547
1600 32743 22799
1600 33028 23069
1600 32748 22696
1600 33344 23188
1600 32592 22601
1600 32068 22249
1600 32703 22771
1600 33262 22933
1600 32153 22307
1600 32039 22237
1600 33134 23006
1600 32903 22560
1600 32327 22532
1600 32141 22276
1600 33025 22644
1600 33511 23349
1600 33638 23211
1600 33058 22781
1600 33508 23380
1600 32423 22498
1600 32573 22788
1600 32172 22327
1600 32427 22412
1600 32110 22279
1600 32206 22297
1600 33711 23352
1600 32574 22450
1600 32802 22677
1600 32442 22387
1600 32839 22563
1600 32322 22478
1600 32294 22585
1600 32318 22440
1600 32511 22425
1700 35121 23925
1700 34325 23566
1700 33792 23243
1700 34462 23798
1700 34629 23991
1700 34715 23805
1700 34669 23627
1700 34507 23851
1700 35990 25103
1700 33941 23358
1700 34646 23821
1700 35372 24239
1700 34644 23968
1700 33845 23352
1700 35678 24612
1700 35624 24737
1700 35401 24626
1700 35062 24106
1700 33262 22979
1700 35676 24658
1700 29531 20288
1700 34560 24020
1700 34593 23781
1700 36035 25117
1700 34894 24111
1700 34070 23366
1700 35298 24460
1700 35478 24725
1700 34151 23409
1700 34171 23572
1700 34673 24141
1700 34992 24333
1700 34494 23776
1700 36240 25205
1700 34874 24117
1700 28948 19930
1700 35069 24440
1700 34385 23750
1700 34711 23890
1700 34623 23743
1700 34702 23998
1700 34952 24256
1700 34680 24073
1700 34789 24098
1700 35775 24876
1700 35198 24497
1700 34566 24117
1700 34654 23655
1700 34797 24114
1700 35395 24386
1800 36967 25448
1800 36602 24962
1800 36287 24708
1800 36243 24707
1800 37051 25622
1800 37358 25770
1800 37326 25742
1800 36690 25535
1800 36881 25668
1800 37083 25482
1800 36003 24736
1800 35852 24509
1800 36161 25036
1800 36407 25170
1800 37101 25653
1800 36163 24808
1800 37085 25585
1800 37497 25890
1800 36548 25140
1800 38239 26476
1800 36369 24956
1800 36836 25486
1800 37011 25570
1800 30565 20736
1800 36731 25065
1800 37277 25682
1800 35993 24667
1800 36474 24986
1800 36731 25445
1800 36517 24914
1800 38056 26381
1800 36825 25195
1800 36433 25191
1800 37291 25881
1800 36504 25040
1800 35419 24154
1800 38249 26618
1800 35281 24039
1800 36598 25192
1800 36730 25244
1800 36224 25159
1800 37198 25948
1800 36978 25450
1800 36899 25381
1800 35543 24253
1800 36586 24970
1800 36474 25120
1800 37403 25790
1800 36906 25335
1800 36901 25535
1900 39183 27222
1900 39852 27641
1900 39672 27576
1900 38923 26896
1900 38674 26873
1900 33821 23249
1900 38433 26447
1900 37737 25839
1900 39261 27334
1900 38264 26497
1900 41954 29357
1900 38966 26791
1900 38757 26775
1900 38444 26324
1900 38778 26923
1900 38143 26293
1900 39009 26911
1900 39216 27143
1900 40481 28055
1900 38716 26450
1900 39179 27162
1900 39275 27359
1900 38908 26709
1900 38819 27148
1900 38013 26122
1900 39424 27281
1900 38764 26817
1900 38828 27179
1900 38738 26898
1900 39947 27651
1900 39053 26773
1900 39033 26892
1900 38631 26740
1900 39740 27390
1900 39144 27187
1900 39178 26925
1900 38253 26325
1900 38709 26711
1900 39054 26839
1900 39729 27599
1900 38473 26454
1900 39029 26835
1900 38436 26546
1900 38908 26800
1900 39486 27389
1900 39677 27318
1900 39218 27086
1900 39481 27202
1900 39540 27374
1900 39287 27142
2000 41395 28450
2000 33986 22997
2000 41855 28437
2000 41470 28423
2000 41140 28373
2000 41182 28463
2000 41424 28657
2000 41138 27954
2000 40341 27811
2000 41388 28361
2000 42599 29170
2000 41451 28562
2000 41469 28696
2000 40565 28043
2000 40293 27662
2000 41457 28223
2000 40991 28328
2000 40993 28145
2000 41071 28384
2000 33996 23197
2000 39541 26953
2000 41087 28485
2000 42035 28886
2000 40629 27786
2000 41936 29027
2000 40362 27735
2000 41105 27956
2000 40860 28080
2000 41029 28488
2000 40451 27746
2000 42135 29194
2000 40470 27861
2000 40656 28152
2000 40089 27351
2000 40753 28433
2000 40923 28441
2000 42616 29466
2000 42195 28936
2000 42939 29656
2000 41192 28577
2000 40907 28183
2000 41694 28556
2000 41202 28391
2000 41516 28655
2000 40967 28353
2000 34523 23232
2000 39495 27232
2000 40839 28183
2000 42524 29191
2000 41750 28838
2100 42976 29525
2100 43138 29849
2100 43008 29477
2100 43042 29550
2100 42926 29374
2100 43204 30096
2100 42476 28919
2100 43557 30281
2100 41754 28711
2100 43983 30288
2100 43445 29814
2100 43994 30492
2100 43594 29695
2100 36726 25054
2100 43473 29851
2100 44887 30885
2100 42881 29392
2100 44053 30313
2100 43347 29991
2100 43198 29964
2100 42694 29526
2100 43098 29725
2100 43308 29845
2100 44333 30753
2100 44173 30355
2100 43935 30490
2100 43687 30262
2100 43360 30144
2100 43162 29903
2100 44223 30774
2100 43790 30109
2100 43931 30390
2100 43609 29857
2100 43580 30199
2100 42312 29051
2100 43676 29931
2100 43887 30324
2100 43118 29730
2100 44064 30332
2100 43100 29816
2100 42696 29193
2100 42770 29270
2100 42357 29045
2100 43086 29887
2100 45281 31711
2100 43644 29698
2100 44565 30731
2100 42975 29693
2100 44836 30891
2100 43550 29978
2200 37692 25813
2200 46018 31801
2200 45734 31755
2200 45251 31454
2200 46237 31923
2200 45229 31278
2200 46504 32226
2200 44945 31177
2200 45665 31444
2200 46732 32216
2200 44777 30423
2200 45963 32014
2200 45680 31887
2200 46887 32552
2200 46219 31940
2200 44864 30699
2200 45708 31511
2200 45978 31843
2200 45715 31559
2200 45313 31215
2200 46936 32396
2200 45550 31932
2200 45589 31447
2200 46350 32216
2200 44539 30804
2200 46295 31903
2200 46317 32008
2200 39254 26580
2200 44504 30452
2200 44872 30972
2200 45380 31397
2200 45566 31619
2200 45903 31652
2200 45089 30757
2200 46422 32312
2200 45074 31099
2200 46517 31765
2200 46940 32449
2200 45744 31391
2200 45842 31192
2200 46572 32335
2200 46056 31655
2200 46205 32269
2200 45787 31651
2200 45015 30889
2200 44519 30651
2200 45468 31356
2200 44931 31124
2200 45417 31414
2200 46036 31747
2300 47090 32694
2300 47940 32753
2300 47304 32289
2300 47328 32211
2300 47998 33096
2300 48402 33588
2300 47553 32706
2300 48543 33352
2300 48252 33550
2300 47715 32862
2300 39901 26850
2300 48629 33403
2300 40851 27848
2300 47278 32819
2300 46657 32194
2300 48212 33381
2300 47846 32623
2300 47163 32575
2300 47815 32836
2300 47871 32899
2300 46888 32498
2300 46962 32297
2300 48776 33892
2300 46607 32154
2300 49262 34054
2300 48452 33569
2300 47911 33182
2300 47595 32709
2300 46956 32455
2300 48417 33294
2300 48365 33446
2300 48343 33030
2300 46268 31823
2300 47032 32737
2300 46315 31437
2300 47880 32895
2300 47451 32357
2300 49608 33976
2300 47577 32916
2300 46911 32041
2300 48228 32976
2300 48656 33588
2300 47435 32415
2300 47371 33010
2300 47783 33103
2300 48618 33547
2300 47822 33178
2300 47417 32640
2300 47348 32713
2300 47732 33071
2400 49459 33854
2400 50097 34828
2400 50919 35352
2400 49479 34126
2400 50944 35278
2400 49503 34501
2400 50062 34712
2400 49831 34566
2400 49755 34365
2400 49880 34558
2400 49909 34623
2400 49460 34078
2400 49488 34365
2400 49698 34350
2400 50904 35077
2400 49985 34418
2400 49478 34294
2400 49394 34209
2400 49534 34086
2400 51039 35208
2400 41559 28428
2400 49949 34579
2400 51451 35120
2400 49834 34729
2400 49962 34616
2400 50053 34657
2400 50427 35218
2400 50459 35222
2400 49442 34033
2400 49736 34325
2400 49573 34205
2400 50553 34661
2400 49851 34561
2400 48505 33274
2400 41866 28480
2400 52775 36439
2400 50491 34726
2400 50230 34642
2400 49822 34705
2400 50755 34862
2400 50553 34948
2400 51433 35743
2400 49108 33806
2400 50152 34503
2400 49658 34163
2400 52053 36096
2400 50213 34914
2400 49900 34531
2400 51041 35108
2400 49631 33761
2500 51378 35497
2500 51380 35357
2500 52112 35794
2500 51493 35806
2500 51046 34960
2500 51160 35042
2500 51108 35193
2500 53045 36597
2500 51249 35108
2500 52584 36343
2500 53098 36349
2500 51547 35476
2500 51139 35253
2500 52816 36322
2500 51379 35047
2500 51532 35858
2500 52265 35856
2500 50817 34647
2500 52365 36072
2500 52548 35627
2500 52930 36632
2500 51784 35682
2500 50374 34421
2500 50828 34799
2500 52786 36589
2500 53394 37037
2500 51430 35236
2500 52426 35751
2500 52151 35756
2500 52329 35916
2500 50187 34472
2500 51930 35897
2500 52113 35762
2500 50781 34629
2500 51989 35677
2500 51865 35773
2500 50243 34102
2500 51675 35685
2500 51930 35694
2500 51853 35395
2500 51718 35767
2500 51817 35649
2500 52304 35832
2500 52435 35740
2500 50974 35196
2500 50911 34941
2500 51827 35706
2500 52711 36160
2500 50897 34899
2500 51257 35471
2600 54261 37051
2600 55905 38401
2600 53149 36369
2600 53926 37030
2600 54111 37388
2600 53170 36158
2600 54357 37110
2600 54715 37790
2600 52423 36151
2600 54600 37408
2600 52334 35967
2600 53059 36445
2600 55141 38093
2600 53008 36430
2600 53657 37209
2600 54352 37437
2600 54366 37374
2600 53435 36756
2600 56168 38655
2600 54128 37405
2600 54708 37735
2600 54933 37995
2600 53693 37179
2600 53688 36711
2600 53895 37059
2600 52259 35730
2600 54742 37781
2600 55315 38025
2600 54092 37676
2600 54189 37618
2600 54990 37764
2600 55844 38279
2600 54653 37726
2600 53475 36750
2600 54465 37513
2600 54225 37054
2600 54705 37607
2600 54391 37332
2600 47073 31824
2600 54993 37599
2600 53686 36852
2600 56511 39155
2600 55743 38241
2600 53788 37086
2600 53972 37264
2600 53331 36492
2600 58070 40086
2600 55374 38524
2600 54634 37838
2600 44485 30206
2700 55645 38188
2700 56951 39251
2700 47795 32626
2700 55244 38177
2700 56160 38731
2700 56067 38438
2700 58354 40182
2700 55241 37350
2700 57709 39622
2700 57339 39544
2700 55293 37963
2700 56147 38698
2700 55213 37924
2700 56412 38516
2700 55343 37745
2700 56620 38948
2700 56284 38867
2700 56923 39107
2700 55805 38225
2700 57762 39617
2700 56615 39245
2700 56483 39540
2700 57229 39856
2700 58442 39957
2700 57238 39628
2700 57044 39282
2700 57325 39769
2700 54062 36789
2700 58593 40465
2700 55482 38100
2700 55743 38632
2700 57509 40025
2700 56370 38400
2700 47513 32137
2700 58440 40351
2700 58196 40189
2700 55499 38300
2700 56551 38949
2700 55952 38276
2700 56945 39684
2700 55710 38616
2700 56698 38815
2700 56069 38822
2700 55644 38213
2700 55519 38287
2700 56894 39636
2700 57005 39249
2700 57240 39931
2700 56705 39371
2700 56221 38775
2800 58046 39476
2800 58930 40530
2800 57148 39217
2800 57555 39240
2800 58588 40792
2800 58648 40445
2800 49306 33046
2800 58641 40341
2800 58721 40523
2800 59404 40915
2800 59275 41140
2800 59679 41780
2800 58281 40155
2800 58211 40119
2800 58440 39928
2800 59138 40917
2800 57825 40033
2800 58339 40185
2800 58993 40378
2800 59140 41031
2800 57545 39287
2800 58024 39414
2800 57848 39766
2800 57542 39318
2800 58859 40970
2800 57527 39350
2800 58307 39910
2800 50048 34055
2800 57119 39365
2800 58118 39965
2800 58314 40438
2800 58140 39990
2800 60090 41411
2800 59960 41367
2800 57977 39189
2800 57994 39353
2800 57683 39632
2800 60952 42021
2800 58231 39855
2800 59582 40857
2800 60550 41665
2800 59314 40561
2800 59219 40875
2800 58697 40191
2800 57885 39721
2800 58107 39982
2800 58458 39865
2800 58785 40922
2800 59498 40936
2800 59422 41023
2900 59962 40897
2900 62763 43458
2900 60598 42028
2900 59038 40453
2900 52321 35810
2900 60990 41990
2900 61257 42042
2900 60852 41852
2900 61772 42666
2900 58775 39986
2900 60087 41530
2900 59853 41299
2900 61452 42558
2900 60882 41869
2900 60953 41587
2900 59423 40853
2900 62277 43391
2900 60687 41653
2900 60010 41121
2900 61918 42723
2900 61539 42661
2900 61260 41627
2900 62564 42985
2900 63123 43380
2900 61617 42133
2900 62062 42948
2900 60866 42178
2900 61560 42934
2900 59232 40676
2900 61448 42348
2900 62075 42376
2900 61248 42243
2900 62062 42518
2900 61050 42174
2900 60746 41973
2900 60789 41902
2900 62178 42857
2900 61135 42185
2900 61615 42342
2900 62581 42978
2900 61950 42283
2900 60681 41884
2900 60671 42105
2900 50374 34383
2900 61422 42614
2900 61643 42171
2900 62041 42897
2900 63756 44387
2900 61806 43060
2900 63721 44062
3000 61915 41970
3000 60951 41610
3000 62260 42707
3000 62533 42684
3000 63689 43400
3000 64661 44749
3000 62051 42448
3000 62811 42870
3000 64286 44408
3000 61891 42237
3000 64374 44279
3000 61981 42770
3000 63004 43442
3000 62048 42695
3000 63303 43619
3000 62955 43187
3000 64285 44053
3000 59480 40868
3000 62445 43000
3000 63076 43694
3000 63786 43932
3000 63415 43349
3000 62679 42721
3000 62213 42436
3000 62346 42522
3000 62766 43448
3000 62479 42978
3000 62513 42946
3000 52478 35027
3000 62284 42669
3000 63643 43769
3000 63830 43943
3000 63842 44217
3000 61368 41764
3000 65257 44916
3000 62226 43191
3000 63546 43662
3000 63683 43666
3000 64738 44335
3000 63186 43345
3000 60688 41149
3000 63885 43599
3000 63824 43387
3000 62821 42980
3000 61892 42311
3000 63104 43476
3000 64535 44217
3000 61766 42322
3000 61007 41496
3000 63586 43712
3100 65571 45283
3100 64670 44341
3100 64077 44171
3100 66804 46111
3100 63398 43390
3100 66977 45621
3100 65780 45081
3100 65408 44697
3100 66350 45715
3100 67014 45812
3100 65769 45387
3100 64902 44344
3100 66643 45520
3100 66446 45429
3100 64115 43909
3100 65339 45270
3100 64964 44943
3100 64094 44166
3100 65994 45387
3100 63948 43922
3100 64914 44563
3100 65149 44858
3100 65549 44825
3100 63919 43733
3100 65046 44455
3100 65226 44821
3100 63752 43638
3100 66801 46177
3100 64456 44322
3100 55487 37758
3100 64360 44215
3100 63765 43643
3100 63548 42967
3100 64335 43445
3100 64059 43897
3100 62717 42984
3100 64777 44557
3100 66022 45496
3100 64553 43853
3100 65842 45072
3100 66487 45193
3100 64266 44046
3100 67648 46059
3100 66034 45367
3100 65462 44669
3100 65703 44702
3100 64651 44645
3100 64589 44505
3100 64359 43965
3100 64968 44519
3200 67150 45910
3200 68481 47227
3200 67186 46258
3200 69114 47759
3200 67179 46025
3200 67506 45728
3200 67174 46177
3200 68262 46979
3200 67507 46122
3200 56947 39022
3200 68705 47412
3200 66027 45534
3200 66413 45722
3200 67262 46741
3200 68422 47179
3200 67471 46089
3200 68036 46691
3200 68437 47041
3200 68108 47001
3200 66529 45815
3200 67264 46737
3200 66905 45756
3200 69036 47417
3200 67979 46860
3200 68004 47312
3200 68832 47146
3200 67297 46538
3200 67775 46461
3200 69125 47254
3200 67011 45851
3200 67243 46460
3200 69975 48150
3200 67349 45956
3200 66942 46272
3200 67770 47505
3200 68931 47673
3200 68163 46760
3200 67551 46411
3200 67842 46841
3200 67966 47010
3200 68360 47247
3200 67807 47167
3200 66532 45894
3200 67016 46269
3200 68846 47361
3200 66592 45515
3200 68202 47107
3200 67562 46592
3200 67666 46750
3200 55060 37186
3300 70293 47955
3300 70486 48483
3300 69394 47884
3300 69366 48049
3300 71407 49374
3300 70436 48676
3300 69870 48185
3300 68974 46841
3300 69853 47892
3300 67877 46325
3300 68776 47368
3300 68890 47312
3300 69902 47485
3300 69935 47985
3300 70117 48421
3300 70251 48670
3300 70248 48679
3300 69727 48247
3300 69560 47550
3300 69629 47929
3300 70034 47672
3300 69846 48392
3300 69893 47744
3300 69527 46799
3300 69022 47794
3300 59784 40384
3300 68830 47278
3300 69649 47451
3300 71505 49178
3300 69247 47614
3300 68952 47155
3300 70323 48045
3300 70225 47996
3300 70412 48426
3300 69177 47194
3300 69061 47208
3300 68806 46942
3300 69434 47550
3300 69468 47686
3300 68068 46707
3300 71025 49391
3300 72462 50211
3300 71029 48734
3300 69696 48278
3300 70152 48288
3300 68877 47146
3300 69851 47986
3300 68962 47727
3300 71659 49302
3300 72146 49460
3400 72602 50071
3400 72645 49714
3400 71350 48663
3400 59263 40256
3400 71581 49305
3400 71350 48897
3400 72614 50053
3400 73480 50865
3400 71952 49553
3400 71437 49043
3400 72032 49923
3400 75888 52547
3400 73160 50655
3400 72696 50008
3400 71789 49318
3400 73404 50134
3400 73161 50237
3400 72955 50002
3400 72052 49574
3400 73390 50330
3400 73461 50703
3400 61697 42029
3400 71726 48720
3400 73571 50873
3400 72852 50119
3400 72140 49524
3400 71474 49198
3400 73142 49726
3400 73107 50505
3400 74300 51275
3400 72512 49810
3400 71626 49545
3400 72971 49695
3400 71705 48819
3400 59944 40621
3400 73609 50796
3400 73905 51131
3400 72285 49817
3400 72879 50657
3400 72320 49323
3400 71555 49197
3400 71973 49608
3400 71677 49442
3400 70790 48075
3400 72521 50340
3400 70234 48175
3400 71481 49330
3400 73432 50771
3400 72349 49911
3400 73371 50557
3500 73136 50231
3500 62397 42370
3500 74897 51698
3500 61983 41982
3500 73211 49865
3500 76074 52516
3500 73380 50350
3500 71931 49476
3500 72933 49587
3500 76006 52365
3500 73256 50282
3500 61093 41643
3500 74351 51548
3500 75572 51940
3500 73366 49999
3500 62920 42202
3500 74194 50726
3500 73551 49979
3500 75704 52083
3500 73408 50550
3500 72902 49576
3500 73176 49971
3500 74372 50871
3500 62348 41779
3500 73684 50641
3500 74961 51487
3500 75848 51922
3500 74366 50621
3500 72494 49344
3500 72852 49916
3500 74437 50622
3500 72392 49420
3500 72107 49487
3500 74691 51191
3500 73320 49839
3500 73811 50536
3500 73018 50014
3500 74794 51142
3500 75278 51699
3500 72964 49805
3500 75054 51927
3500 76944 52732
3500 73367 49855
3500 72310 49520
3500 73202 49463
3500 74425 50582
3500 73738 50484
3500 74312 51297
3500 73453 50224
3500 73201 50339
3600 76799 52318
3600 74916 51220
3600 76452 52305
3600 75938 51888
3600 76238 52337
3600 77835 53681
3600 77051 53287
3600 75031 50986
3600 75908 52194
3600 77444 53571
3600 74706 51390
3600 76010 52324
3600 79484 54778
3600 75347 50792
3600 75528 52111
3600 75961 52199
3600 76350 52156
3600 63446 42665
3600 76603 52261
3600 75492 51255
3600 74553 51098
3600 74806 51092
3600 77693 53892
3600 73838 50114
3600 75910 51962
3600 75427 52105
3600 65572 44532
3600 75160 51158
3600 76410 52460
3600 77365 53033
3600 75299 51870
3600 76218 51508
3600 76367 52128
3600 75853 51505
3600 76399 52231
3600 77514 53174
3600 77292 53031
3600 75756 51870
3600 74899 51053
3600 76568 52548
3600 75927 52235
3600 75419 52288
3600 76917 52499
3600 73399 50067
3600 77672 53360
3600 75329 51339
3600 75076 51634
3600 76269 52421
3600 75172 51466
3600 76571 52955
3700 79598 54613
3700 78471 53436
3700 63993 43261
3700 76805 52107
3700 78653 53878
3700 78148 53243
3700 79445 54717
3700 78278 53643
3700 79112 54749
3700 81081 55119
3700 79532 54339
3700 77467 52474
3700 79917 54720
3700 79606 54275
3700 78330 54095
3700 78054 53318
3700 78903 54154
3700 78961 54383
3700 79668 54253
3700 78727 54685
3700 78634 53984
3700 78009 53242
3700 76439 52368
3700 77423 52842
3700 78751 53661
3700 77188 52232
3700 78568 53467
3700 77683 53134
3700 76440 52282
3700 79185 54346
3700 77764 53709
3700 78132 53087
3700 78535 53567
3700 78586 53308
3700 77552 53042
3700 78764 54055
3700 79818 54488
3700 80756 55456
3700 77991 53378
3700 78768 53528
3700 78602 53893
3700 79689 54294
3700 79440 54714
3700 78188 53607
3700 78704 53801
3700 80459 55588
3700 77786 53420
3700 77678 53430
3700 80020 54815
3700 78920 54502
3800 80706 55008
3800 78965 54076
3800 80908 54828
3800 80646 55021
3800 82305 55903
3800 81144 55530
3800 80338 55193
3800 82011 55463
3800 80657 55961
3800 80366 55624
3800 68752 46307
3800 81932 56001
3800 80017 54974
3800 81435 55943
3800 79671 54674
3800 81109 55602
3800 82661 56801
3800 80310 55386
3800 81829 56670
3800 81376 56003
3800 78960 53935
3800 79395 54422
3800 81361 55464
3800 80640 55586
3800 80230 55376
3800 81922 56340
3800 80488 54750
3800 79668 54306
3800 81263 55824
3800 80000 54970
3800 80172 54909
3800 79786 54637
3800 80722 55491
3800 82455 56423
3800 79631 54062
3800 82272 55672
3800 81569 56347
3800 78308 53205
3800 81075 55321
3800 80380 54688
3800 80569 54820
3800 79727 54737
3800 80517 55341
3800 81542 55480
3800 80643 55464
3800 82041 55775
3800 82630 56549
3800 80815 56066
3800 81062 55094
3800 77653 52469
3900 84109 57668
3900 83987 57732
3900 84033 58077
3900 82544 56512
3900 84282 58061
3900 81818 56028
3900 84081 57417
3900 83045 56624
3900 84971 58316
3900 85119 58426
3900 80948 55554
3900 82562 56646
3900 83189 57155
3900 82540 56375
3900 83771 58329
3900 82633 56958
3900 82055 55732
3900 82882 56690
3900 84253 57958
3900 83626 57266
3900 82798 56738
3900 83366 56975
3900 85135 58437
3900 84116 57292
3900 82577 56362
3900 83644 57234
3900 82175 55828
3900 84266 57499
3900 83843 57522
3900 82590 56882
3900 83053 57263
3900 84074 57699
3900 80890 55279
3900 82069 56481
3900 84043 58009
3900 83994 57258
3900 69377 47189
3900 84492 58279
3900 81358 55997
3900 83882 57894
3900 83414 57688
3900 67976 46340
3900 83920 57776
3900 82696 56976
3900 85584 59072
3900 67832 45924
3900 82605 56409
3900 83712 57076
3900 84176 57212
3900 83413 57754
4000 82840 55962
4000 83277 56535
4000 84196 57261
4000 83185 56580
4000 84703 57965
4000 85660 58714
4000 84345 57422
4000 86071 59175
4000 82882 56100
4000 84583 57864
4000 84687 57862
4000 84152 57545
4000 83600 56656
4000 84644 58349
4000 82696 55804
4000 82869 56352
4000 85249 58626
4000 84620 58037
4000 86006 58770
4000 85319 57690
4000 71009 48313
4000 85128 58451
4000 85045 58084
4000 84191 57765
4000 80574 54569
4000 84374 57840
4000 86548 59012
4000 86706 59767
4000 85070 58240
4000 84678 57662
4000 85447 58428
4000 85291 58405
4000 83986 57275
4000 82689 56881
4000 86158 58796
4000 83965 57442
4000 87553 59359
4000 83771 56829
4000 84378 57665
4000 85531 58636
4000 84901 58243
4000 86319 59085
4000 84091 57644
4000 83727 56975
4000 87255 59874
4000 84194 58098
4000 85853 58303
4000 86339 58576
4000 86402 59423
4000 72469 49050
4100 90082 61887
4100 87389 59676
4100 90412 61584
4100 87877 60644
4100 88508 60378
4100 88563 60484
4100 87037 59906
4100 87454 59961
4100 88267 60437
4100 86677 59920
4100 87393 59601
4100 86926 59997
4100 87700 60401
4100 86998 59792
4100 85863 58959
4100 86411 59065
4100 85173 58003
4100 86858 59599
4100 88360 59576
4100 89613 61192
4100 90433 62241
4100 87701 59938
4100 86230 58842
4100 72074 48338
4100 89624 61214
4100 89931 62270
4100 87598 60133
4100 86945 59832
4100 86430 59084
4100 72465 49023
4100 85722 58627
4100 86936 59294
4100 85387 58450
4100 89760 61241
4100 88377 61190
4100 88778 60918
4100 86567 59747
4100 86639 59783
4100 87284 60164
4100 86127 58361
4100 87689 60319
4100 87858 60229
4100 86226 58768
4100 86612 59048
4100 87596 59917
4100 86789 59118
4100 87110 60192
4100 88375 60261
4100 88183 60478
4100 85713 58792
4200 90227 61897
4200 87133 59992
4200 89726 61009
4200 90138 61879
4200 88695 60641
4200 90575 62379
4200 90195 62203
4200 89639 60476
4200 89828 61286
4200 89486 61099
4200 91224 62264
4200 91998 62842
4200 91335 62820
4200 88312 60426
4200 75997 51713
4200 87725 59731
4200 89113 61712
4200 89434 61527
4200 89396 61448
4200 92720 63398
4200 92424 63382
4200 89806 61854
4200 89717 61598
4200 89988 61448
4200 86544 59055
4200 90392 62448
4200 88719 61546
4200 88962 61022
4200 89616 61754
4200 87732 59946
4200 91304 62136
4200 89675 61095
4200 90927 61956
4200 91168 62413
4200 88673 60907
4200 90639 62094
4200 90792 62652
4200 89383 60841
4200 88831 60248
4200 88566 60541
4200 89437 61503
4200 91093 62867
4200 90236 62410
4200 89881 61354
4200 92029 62974
4200 89601 61473
4200 89430 61009
4200 89052 61157
4200 90742 62082
4200 89949 61051
4300 90205 61805
4300 91376 62624
4300 91300 62807
4300 91131 62088
4300 94018 64068
4300 77068 51803
4300 89569 61474
4300 91774 63048
4300 91511 62154
4300 92253 63163
4300 92478 63305
4300 90452 62295
4300 91798 62911
4300 90707 62257
4300 92244 63732
4300 92279 63118
4300 91475 63266
4300 91795 63423
4300 92778 63323
4300 91348 62499
4300 91723 62982
4300 89979 61263
4300 90180 61833
4300 90697 61480
4300 90846 62060
4300 91741 62314
4300 89863 61478
4300 91287 62449
4300 91054 62077
4300 91513 62096
4300 93224 63779
4300 92775 63754
4300 91290 62341
4300 92867 63569
4300 90974 61823
4300 90497 61733
4300 94277 64606
4300 91281 62552
4300 92350 63149
4300 91092 62173
4300 90168 62368
4300 93955 64819
4300 91594 63287
4300 92067 62901
4300 92606 63175
4300 90674 61743
4300 90848 61833
4300 90724 62405
4300 87700 59517
4300 94771 64742
4400 95090 65625
4400 96178 65667
4400 94441 64793
4400 94465 64858
4400 94190 65173
4400 93107 64349
4400 92378 63232
4400 92670 63689
4400 94014 64503
4400 92447 62881
4400 94243 64309
4400 95172 65231
4400 92813 63225
4400 94417 64588
4400 97175 66487
4400 95067 65707
4400 93592 64453
4400 94724 64821
4400 93210 63592
4400 92579 62933
4400 93807 65178
4400 78832 53836
4400 92345 63301
4400 92113 62610
4400 95955 65926
4400 93270 64040
4400 77354 52552
4400 92975 64035
4400 93756 64621
4400 94503 65003
4400 93275 63695
4400 93587 64051
4400 95834 66358
4400 94483 65254
4400 94487 64271
4400 92110 63188
4400 94919 65247
4400 95217 65060
4400 94239 65152
4400 92943 63973
4400 95152 65628
4400 92674 64063
4400 95442 65561
4400 78463 53516
4400 91276 61280
4400 90839 62568
4400 92218 63656
4400 95448 66022
4400 93202 64232
4400 96121 66155
4500 95484 65680
4500 96405 66497
4500 96308 65957
4500 98610 67761
4500 81703 54724
4500 96309 66065
4500 94466 64669
4500 95200 65206
4500 93685 63963
4500 96761 65949
4500 97877 66518
4500 94040 63858
4500 96467 66664
4500 79509 53809
4500 95853 64791
4500 97525 67370
4500 94822 65396
4500 80093 54418
4500 97754 65915
4500 97364 66249
4500 98724 66940
4500 95353 64412
4500 96901 66914
4500 95112 65099
4500 96343 65281
4500 96345 66092
4500 97380 66603
4500 97581 67076
4500 94022 64206
4500 94104 64711
4500 81502 54780
4500 96152 65954
4500 95099 64542
4500 94161 64142
4500 94703 64994
4500 95516 64634
4500 95693 65610
4500 81034 54645
4500 96310 66196
4500 95203 64918
4500 94766 64418
4500 98194 67030
4500 94122 64405
4500 96608 66018
4500 97576 66487
4500 94012 64102
4500 94374 63701
4500 95196 65106
4500 93285 64189
4500 96763 66055
4600 80874 54892
4600 100334 67902
4600 98029 67091
4600 100544 68797
4600 96570 66306
4600 97035 66637
4600 95629 64930
4600 99455 68530
4600 98035 67717
4600 97174 66977
4600 97279 66933
4600 98653 67931
4600 98331 67832
4600 97766 67198
4600 85545 57897
4600 96725 66422
4600 98115 66584
4600 97917 67077
4600 98518 67982
4600 97958 67371
4600 98420 67667
4600 97137 66732
4600 98040 67205
4600 98284 67080
4600 99738 67844
4600 98613 67665
4600 96791 66721
4600 97793 66597
4600 99059 68702
4600 98236 68101
4600 98913 67681
4600 97806 67202
4600 98378 67756
4600 100473 68489
4600 99796 68653
4600 98490 67759
4600 96675 66440
4600 98973 68363
4600 98688 68348
4600 94576 64450
4600 81371 55041
4600 97876 66856
4600 98487 67523
4600 93805 63749
4600 98499 66676
4600 97258 66636
4600 98606 67796
4600 99445 67681
4600 97953 67525
4600 99559 68348
4700 101330 69800
4700 100676 69017
4700 101853 69877
4700 99888 68880
4700 100503 68732
4700 99012 68150
4700 95822 64926
4700 99854 68770
4700 100609 67964
4700 97173 66204
4700 101197 69842
4700 100239 68321
4700 100696 68420
4700 98934 67419
4700 100871 68987
4700 100926 69491
4700 101715 70098
4700 97772 66234
4700 99007 66957
4700 98954 67310
4700 99540 67739
4700 100784 69261
4700 101921 70349
4700 84794 57538
4700 98245 66794
4700 97304 66600
4700 85346 58061
4700 85142 58066
4700 100151 69368
4700 98413 66778
4700 101261 69269
4700 101491 69136
4700 97536 66413
4700 97458 66336
4700 98792 67934
4700 104003 71288
4700 100495 69189
4700 100125 68356
4700 101437 69998
4700 100237 68906
4700 99899 68584
4700 99078 67372
4700 99617 68429
4700 99856 67986
4700 100917 68945
4700 102447 69665
4700 100733 68636
4700 100221 68778
4700 85391 57683
4700 99242 68218
4800 101492 69749
4800 102559 70450
4800 101898 70376
4800 102125 69562
4800 85118 57995
4800 103951 71257
4800 103198 70370
4800 103283 71064
4800 103381 70796
4800 103402 70240
4800 102110 69682
4800 103750 71099
4800 101060 69426
4800 100869 68328
4800 103936 71033
4800 104810 72202
4800 101942 69742
4800 104201 71494
4800 103952 71500
4800 104510 72102
4800 102139 69487
4800 86542 58448
4800 101062 69143
4800 105979 72924
4800 103284 70695
4800 102596 70639
4800 102558 70709
4800 102573 70456
4800 103810 71174
4800 103624 70741
4800 106332 73042
4800 101215 69237
4800 102031 69325
4800 105045 71211
4800 101137 69551
4800 102990 70657
4800 102399 70104
4800 103975 71515
4800 103512 71461
4800 102779 70891
4800 101677 69177
4800 101972 70362
4800 104316 71197
4800 102108 69675
4800 100079 67899
4800 102528 70522
4800 100259 68569
4800 101346 68963
4800 101097 69308
4800 102306 68960
4900 104939 72250
4900 107868 74407
4900 106182 72477
4900 104849 71076
4900 106566 73038
4900 105403 71732
4900 105265 72229
4900 103745 71175
4900 105696 71231
4900 107571 73873
4900 107705 74511
4900 105896 72435
4900 104864 71299
4900 106426 72532
4900 106612 73115
4900 105858 72715
4900 105056 71124
4900 105081 71932
4900 106351 72747
4900 104877 70861
4900 104373 72267
4900 108614 75063
4900 105199 72062
4900 106099 72767
4900 107070 73442
4900 106298 72306
4900 105618 72192
4900 106173 72221
4900 108526 74520
4900 105156 72165
4900 106142 73078
4900 104225 70962
4900 104195 71690
4900 105630 72479
4900 106431 73518
4900 106965 73693
4900 104005 71507
4900 109803 75371
4900 107298 73075
4900 108951 75017
4900 105848 72857
4900 103398 70453
4900 107715 73902
4900 105927 73102
4900 111586 77327
4900 105087 71187
4900 108457 73297
4900 105858 72021
4900 89417 60945
4900 105181 71577
5000 106736 72695
5000 106573 73455
5000 106586 72911
5000 108007 74059
5000 108175 74082
5000 87268 59079
5000 104999 72359
5000 109638 74746
5000 109539 74772
5000 107324 73362
5000 104373 71017
5000 106099 72840
5000 106197 72722
5000 104190 70724
5000 105412 72384
5000 106730 73247
5000 104237 71544
5000 107092 72896
5000 106462 72772
5000 105122 71638
5000 89234 59722
5000 105979 72126
5000 106936 73222
5000 107015 73028
5000 107307 73759
5000 104461 70345
5000 105753 72197
5000 104887 71669
5000 109753 75192
5000 106839 72262
5000 107744 73404
5000 108239 74199
5000 104784 71209
5000 104528 71531
5000 106651 72397
5000 106783 72001
5000 105192 71217
5000 108381 73983
5000 106490 73180
5000 106751 72730
5000 104936 71989
5000 106991 73823
5000 107686 73846
5000 106116 72211
5000 109694 74733
5000 89338 60657
5000 106058 71911
5000 105271 72125
5000 105239 71461
5000 106889 73876
5100 106988 72872
5100 108316 74051
5100 110612 76340
5100 111793 76860
5100 106734 72208
5100 108258 74466
5100 108467 73737
5100 110306 74824
5100 109052 74721
5100 108750 73665
5100 109081 75100
5100 109150 74988
5100 109419 75351
5100 108345 73171
5100 110784 75527
5100 109032 73244
5100 111414 76574
5100 109960 74826
5100 110233 74676
5100 108408 74446
5100 108610 74848
5100 111997 77148
5100 110868 76592
5100 113190 77920
5100 109196 75086
5100 109338 75063
5100 108486 74188
5100 108024 74255
5100 112891 77402
5100 109274 74520
5100 107794 73654
5100 111237 75783
5100 111832 77179
5100 108550 74776
5100 108157 73143
5100 91093 61408
5100 112542 77369
5100 91632 62132
5100 108149 74164
5100 109572 74885
5100 110702 75579
5100 111069 76362
5100 110981 75828
5100 108697 74458
5100 108768 74748
5100 108047 73590
5100 109444 75041
5100 108756 74346
5100 107925 73592
5100 110011 74977
5200 111732 76817
5200 115390 78529
5200 112397 77144
5200 112876 78057
5200 111406 76705
5200 113927 77257
5200 109980 74097
5200 115732 79163
5200 111033 76184
5200 113662 78142
5200 93381 63269
5200 108252 73545
5200 111299 75837
5200 110316 75826
5200 112628 76030
5200 111741 76321
5200 112747 77893
5200 113793 77754
5200 113150 77505
5200 110701 76211
5200 112202 77445
5200 111904 76210
5200 113324 78358
5200 109226 74484
5200 114102 78296
5200 111442 75798
5200 113235 77740
5200 93711 63797
5200 113383 77298
5200 95604 65003
5200 113744 77685
5200 112610 77495
5200 111893 76532
5200 108466 73197
5200 111568 76446
5200 111464 76688
5200 111176 76114
5200 107768 72692
5200 111530 76259
5200 112072 76270
5200 111767 76489
5200 110053 75740
5200 112297 77206
5200 111122 76852
5200 113185 77108
5200 113335 78501
5200 111138 75809
5200 115321 78797
5200 112326 77659
5200 112130 76839
5300 112128 77277
5300 112817 77058
5300 116325 78708
5300 114264 77782
5300 112904 77469
5300 117207 80623
5300 117055 79623
5300 114213 78110
5300 112687 76166
5300 111045 75970
5300 112016 76626
5300 111354 76325
5300 113227 77673
5300 111965 76512
5300 113055 76639
5300 116038 78804
5300 112027 76483
5300 114902 78774
5300 115045 78131
5300 113698 77258
5300 115814 78943
5300 116121 79171
5300 112823 77123
5300 112704 77210
5300 115177 78128
5300 113397 77431
5300 110497 75669
5300 113039 76055
5300 113003 77436
5300 112677 75805
5300 113208 77639
5300 95722 65266
5300 114009 78144
5300 111721 75802
5300 97741 66416
5300 112244 77119
5300 113447 77334
5300 110018 74508
5300 114932 78744
5300 113488 77895
5300 115647 79020
5300 113114 76914
5300 111460 76200
5300 113036 77363
5300 114195 78781
5300 113375 76864
5300 115640 78219
5300 112003 77266
5300 112780 76603
5300 112874 77398
5400 110486 75434
5400 114083 78223
5400 117271 80737
5400 116902 81200
5400 118937 81641
5400 120468 82649
5400 116145 80449
5400 117192 81164
5400 118101 81033
5400 117060 79718
5400 120931 82430
5400 114087 77730
5400 114405 78377
5400 116611 79467
5400 97809 65884
5400 116098 79318
5400 117958 81035
5400 114819 78276
5400 118638 81338
5400 116109 79174
5400 117115 80066
5400 120035 82431
5400 118388 80860
5400 112448 76137
5400 116494 80140
5400 118154 80976
5400 117547 80454
5400 114758 77324
5400 118218 80633
5400 116989 80352
5400 115877 79548
5400 118823 81677
5400 117527 81146
5400 114395 77970
5400 114259 77298
5400 115650 79132
5400 120067 82074
5400 117324 80178
5400 117094 80627
5400 117086 80644
5400 114934 78017
5400 117087 79622
5400 117017 79780
5400 115583 79768
5400 116593 79697
5400 119683 81688
5400 118615 81634
5400 117860 81200
5400 117745 80761
5400 118265 81303
5500 117205 79582
5500 116190 78770
5500 119139 81070
5500 121187 82678
5500 115919 79185
5500 118560 81155
5500 115395 78281
5500 116159 78498
5500 117743 79846
5500 122899 83472
5500 117978 80033
5500 116656 79235
5500 117367 79800
5500 117281 79393
5500 121449 82406
5500 115398 78536
5500 114628 77988
5500 116878 79320
5500 117645 80965
5500 117683 80129
5500 117196 80499
5500 117400 79724
5500 120285 81900
5500 116667 80256
5500 118449 80405
5500 122174 83308
5500 115663 79225
5500 117405 79898
5500 118902 81871
5500 116398 80184
5500 117614 80219
5500 119504 81259
5500 118765 81733
5500 119098 81881
5500 119172 81711
5500 121140 83155
5500 117442 79930
5500 117641 81272
5500 113841 77113
5500 117739 80420
5500 120088 82719
5500 117272 80496
5500 117696 80027
5500 116900 80071
5500 114815 77776
5500 119107 81585
5500 119438 81575
5500 117879 80052
5500 117158 80148
5500 119311 80826
5600 120290 81080
5600 120325 82332
5600 120293 82058
5600 122121 83053
5600 119732 81488
5600 124059 85034
5600 118562 81322
5600 120747 82992
5600 121983 84242
5600 120223 81779
5600 121052 82945
5600 118606 81376
5600 117617 80718
5600 121180 82038
5600 119385 80546
5600 121241 82296
5600 121569 82847
5600 119192 80974
5600 119355 80335
5600 118461 80093
5600 121132 82811
5600 125461 86139
5600 119961 82436
5600 123743 84583
5600 119791 81436
5600 114282 77606
5600 121753 82931
5600 116288 79178
5600 120649 82304
5600 119839 82328
5600 121892 82918
5600 99003 67011
5600 119227 80985
5600 121065 82542
5600 103506 70236
5600 117853 80333
5600 119988 82220
5600 121133 82217
5600 122546 83184
5600 121363 83449
5600 120756 82684
5600 122138 83973
5600 120413 82468
5600 118491 81464
5600 122017 83207
5600 119082 80795
5600 120078 82311
5600 122397 82785
5600 120029 82017
5600 119527 82525
5700 121827 83739
5700 122550 84733
5700 125515 84860
5700 120357 82274
5700 126249 87188
5700 122362 84087
5700 122106 83657
5700 124014 84707
5700 124079 86135
5700 122372 83926
5700 124546 84739
5700 123753 84543
5700 124996 84909
5700 123545 84326
5700 125191 86010
5700 126984 87043
5700 120998 83585
5700 126585 86718
5700 124736 86033
5700 104350 70721
5700 123235 85010
5700 121445 83195
5700 124545 85352
5700 120890 83438
5700 122334 83627
5700 125208 86613
5700 123621 84529
5700 120985 82262
5700 120763 82586
5700 121742 83306
5700 120682 81997
5700 123365 85239
5700 126516 86867
5700 125080 86019
5700 123524 84843
5700 105770 72040
5700 123428 83966
5700 126046 85378
5700 125471 85778
5700 123741 84452
5700 121556 83273
5700 121297 82828
5700 119326 82066
5700 125692 85740
5700 120928 82982
5700 126268 85582
5700 124292 85597
5700 126197 86722
5700 124955 85867
5700 122108 84263
5800 124699 85653
5800 125000 86299
5800 124377 84144
5800 125912 86084
5800 122283 83604
5800 125919 85308
5800 122371 83103
5800 123154 83889
5800 124632 85116
5800 123008 84645
5800 124303 85204
5800 125597 84810
5800 125346 86637
5800 126739 86029
5800 125435 85187
5800 123576 84300
5800 128966 88042
5800 124533 85211
5800 124929 86004
5800 123200 83799
5800 126105 86117
5800 126619 86383
5800 129022 87974
5800 121146 81759
5800 129357 88456
5800 127375 87655
5800 123945 85311
5800 127803 87984
5800 126791 87018
5800 103600 69760
5800 123362 84622
5800 123641 84719
5800 123387 84930
5800 122564 84459
5800 123049 84386
5800 125922 86277
5800 126159 85494
5800 124978 85336
5800 127608 86739
5800 125906 86514
5800 123379 84553
5800 124255 85519
5800 126569 86280
5800 123167 84584
5800 105652 71290
5800 125202 85770
5800 128971 88222
5800 128539 87734
5800 125027 85337
5800 125947 86219
5900 130624 89740
5900 129255 88267
5900 128616 88284
5900 125364 85986
5900 130752 90130
5900 130073 88884
5900 130354 88700
5900 131128 90035
5900 128598 88501
5900 126458 86897
5900 128728 88197
5900 127086 85880
5900 106975 72724
5900 126965 87433
5900 132030 89635
5900 128629 87179
5900 127812 88286
5900 127196 88139
5900 128784 88431
5900 127452 87561
5900 128063 86960
5900 128887 88248
5900 128741 88539
5900 127688 87066
5900 128458 89236
5900 129708 89195
5900 129932 89011
5900 128214 88579
5900 124642 85055
5900 126888 87473
5900 128339 88040
5900 128307 88352
5900 126999 87420
5900 127265 87275
5900 125909 86132
5900 127957 88048
5900 127668 87565
5900 128852 88224
5900 130087 88727
5900 128503 87998
5900 128194 88226
5900 127949 88088
5900 128700 88458
5900 127666 87682
5900 129973 89502
5900 124892 86124
5900 126784 87713
5900 124907 85846
5900 129749 89519
5900 129549 89006
6000 131957 89853
6000 128030 87630
6000 129806 88889
6000 131068 89186
6000 130642 88841
6000 128756 86979
6000 127750 87571
6000 131087 89664
6000 124163 84580
6000 128312 87143
6000 129699 88677
6000 127034 86773
6000 126892 85503
6000 126001 85429
6000 130513 88542
6000 128649 88579
6000 129742 87995
6000 127210 85804
6000 131067 90017
6000 129532 88377
6000 128426 87136
6000 127534 86557
6000 127337 87099
6000 127428 87086
6000 127781 86990
6000 126102 85219
6000 129777 88928
6000 131141 89224
6000 125920 84982
6000 130997 88876
6000 126813 86429
6000 128275 86512
6000 128217 87334
6000 128827 87864
6000 126632 86532
6000 128202 87636
6000 129887 87509
6000 128653 87705
6000 127285 86027
6000 128827 88105
6000 127771 87578
6000 129510 87253
6000 131844 89239
6000 128171 87182
6000 128442 87826
6000 130491 88736
6000 129034 86986
6000 131069 89648
6000 128241 87414
6000 128698 87584
6100 133077 90985
6100 126878 85801
6100 133958 91771
6100 132831 90127
6100 134976 92314
6100 132751 90636
6100 133775 91391
6100 130410 88705
6100 129827 88384
6100 132710 91614
6100 107211 72056
6100 132523 90566
6100 130525 87907
6100 128219 86985
6100 128825 86763
6100 133623 91739
6100 131801 88942
6100 130173 88853
6100 127955 86051
6100 132310 89989
6100 127507 85483
6100 132020 89673
6100 134791 92785
6100 132518 90496
6100 130453 88453
6100 131447 90130
6100 132679 90500
6100 131180 89762
6100 132415 90858
6100 109119 74045
6100 130801 89157
6100 135002 91810
6100 131604 90644
6100 133828 91898
6100 109680 74569
6100 130892 89048
6100 132432 90427
6100 136110 92898
6100 131392 90433
6100 131113 89505
6100 131796 90998
6100 133532 91670
6100 133973 90814
6100 130149 88850
6100 130340 87709
6100 129477 87748
6100 128671 87301
6100 131629 90152
6100 130309 88734
6100 130213 89858
6200 133912 91696
6200 132128 90359
6200 137468 93957
6200 131920 90228
6200 134494 91754
6200 134319 91834
6200 132030 89877
6200 136394 92619
6200 130395 87690
6200 137689 94103
6200 132685 89059
6200 134174 92058
6200 131036 88619
6200 133727 91137
6200 131555 89797
6200 134689 91682
6200 133758 91314
6200 134005 91976
6200 129531 87687
6200 133035 90230
6200 134179 91367
6200 133911 91557
6200 135052 91551
6200 133493 91505
6200 134770 91928
6200 136101 93066
6200 134780 92176
6200 134386 92623
6200 135062 92734
6200 134493 92079
6200 134420 91806
6200 133485 91866
6200 138596 95448
6200 134536 91834
6200 134855 92528
6200 135328 92643
6200 138786 96283
6200 133553 91914
6200 133923 91576
6200 133291 91725
6200 134097 92274
6200 135151 92387
6200 133132 90765
6200 135507 93348
6200 132814 90870
6200 132618 90561
6200 132825 91132
6200 133276 90780
6200 135920 92967
6200 129849 88332
6300 135020 91708
6300 134105 91555
6300 135380 92136
6300 136282 93511
6300 132873 89741
6300 136546 93483
6300 136706 93059
6300 137017 93921
6300 134069 90929
6300 115006 78618
6300 134781 91941
6300 131924 88756
6300 137487 94385
6300 135976 93460
6300 136410 92989
6300 138763 94554
6300 133464 90271
6300 137507 93425
6300 135119 91605
6300 136754 93374
6300 137879 94105
6300 137283 94479
6300 139050 94814
6300 133270 91480
6300 140199 94736
6300 133267 91611
6300 134570 92057
6300 114116 76841
6300 139655 95356
6300 135208 91709
6300 136877 94086
6300 133452 90108
6300 136012 93420
6300 133380 89466
6300 135740 93066
6300 136087 93342
6300 133888 91121
6300 136822 92967
6300 136069 93071
6300 137852 93535
6300 134628 91858
6300 137022 93699
6300 136276 93842
6300 135431 93271
6300 116575 78969
6300 137794 93916
6300 114061 76284
6300 134732 92025
6300 137381 94835
6300 137326 94822
6400 137648 92595
6400 137356 93429
6400 142940 97203
6400 137825 94779
6400 135424 92570
6400 138500 95067
6400 141460 96810
6400 142067 96865
6400 134549 91853
6400 139451 96466
6400 141628 96488
6400 136712 92898
6400 134872 91084
6400 137126 94591
6400 133685 90983
6400 138254 94406
6400 137023 93130
6400 139597 96760
6400 137909 94996
6400 133474 90880
6400 137093 92646
6400 141403 97270
6400 139342 95323
6400 139096 95021
6400 139430 95251
6400 138988 95127
6400 134325 91856
6400 141191 96812
6400 138209 93491
6400 139508 96173
6400 141676 97272
6400 138216 94841
6400 143423 98638
6400 138281 94194
6400 140135 95490
6400 136220 93237
6400 138512 94445
6400 142049 97170
6400 139848 95296
6400 137797 94462
6400 138895 95768
6400 137998 94475
6400 137719 94440
6400 142160 97926
6400 136547 94287
6400 140451 96228
6400 138332 95130
6400 140614 95405
6400 138236 94416
6400 140546 96933
6500 137961 94483
6500 142189 95692
6500 140288 94973
6500 140718 95265
6500 139274 94588
6500 142469 96227
6500 140526 96279
6500 141740 95830
6500 138928 95665
6500 137940 93148
6500 145599 98976
6500 138073 93144
6500 138190 94020
6500 117950 78879
6500 141058 96445
6500 142056 95813
6500 140052 96365
6500 139286 94973
6500 139723 94400
6500 138223 94603
6500 140834 95808
6500 138988 94401
6500 141410 96706
6500 141495 96232
6500 142798 97540
6500 140002 94525
6500 136733 92426
6500 140601 94903
6500 137855 93546
6500 141537 95929
6500 142081 98039
6500 140085 95177
6500 139133 94249
6500 138986 94590
6500 139250 95495
6500 140410 95859
6500 143749 98077
6500 137051 92127
6500 141966 97437
6500 144138 99059
6500 144238 97088
6500 143118 97526
6500 144218 98616
6500 139851 95034
6500 143785 97492
6500 143913 98192
6500 139361 94248
6500 138051 94504
6500 137210 92381
6500 137473 93276
6600 144349 98901
6600 138520 93782
6600 143408 98520
6600 142180 96841
6600 144172 98992
6600 144091 99064
6600 142262 96824
6600 144650 98703
6600 137044 91983
6600 142950 97419
6600 146431 99634
6600 142606 98434
6600 146485 99498
6600 135792 91757
6600 144110 97655
6600 142770 97567
6600 142658 97057
6600 141071 95634
6600 121157 81428
6600 142643 97640
6600 142676 97249
6600 118020 78194
6600 145162 97738
6600 140192 95141
6600 141812 97110
6600 137970 94130
6600 140358 95165
6600 139937 94380
6600 143456 97830
6600 143644 98498
6600 143359 98708
6600 141370 96054
6600 143405 98774
6600 145037 98484
6600 142127 96553
6600 142825 96484
6600 142372 96562
6600 144461 97960
6600 144548 96771
6600 148813 101337
6600 138697 94279
6600 143317 98646
6600 145453 99314
6600 144814 98531
6600 144376 99138
6600 142337 97672
6600 139919 95256
6600 145365 99393
6600 145003 99856
6600 119611 80543
6700 142037 96879
6700 142510 98003
6700 145240 98831
6700 142686 97750
6700 143863 98411
6700 141884 96202
6700 145611 98464
6700 147318 99327
6700 142835 97006
6700 145057 99098
6700 149062 102431
6700 145114 99324
6700 144010 98038
6700 145155 99972
6700 144584 97955
6700 148232 101385
6700 146074 99176
6700 145317 100077
6700 148103 101953
6700 146402 99820
6700 146662 100203
6700 146261 99610
6700 140954 95510
6700 143932 97755
6700 144755 98466
6700 144853 98932
6700 144887 99332
6700 142471 97720
6700 148157 100701
6700 146528 100419
6700 146469 99546
6700 144202 97778
6700 124293 83532
6700 146419 100597
6700 146385 100281
6700 144594 98023
6700 121609 82518
6700 145434 98857
6700 150070 103540
6700 143667 98549
6700 145497 98416
6700 119594 80430
6700 146717 99851
6700 146595 100695
6700 143348 97906
6700 144160 98246
6700 145089 98467
6700 145787 98777
6700 148625 101997
6700 150680 103424
6800 144198 97196
6800 152069 103097
6800 146006 99838
6800 147313 100765
6800 150060 101771
6800 150938 103388
6800 151404 103352
6800 144949 98195
6800 150067 103105
6800 151878 103487
6800 146762 100216
6800 149851 101868
6800 149429 101827
6800 145826 99633
6800 148766 102415
6800 147018 100573
6800 149379 102234
6800 148399 101368
6800 147653 100916
6800 147469 99813
6800 144427 98796
6800 146841 98951
6800 150140 102247
6800 140163 95120
6800 147556 99992
6800 145919 99819
6800 146337 99535
6800 149332 101203
6800 150403 102752
6800 147628 100720
6800 149929 101620
6800 150534 102635
6800 147275 100358
6800 145623 99864
6800 145117 98408
6800 149560 101884
6800 147166 101215
6800 149885 102149
6800 146213 100338
6800 148071 102115
6800 126158 85514
6800 152181 104192
6800 142562 97912
6800 146484 99168
6800 143192 97011
6800 148784 101349
6800 146909 99433
6800 148752 101956
6800 144263 97910
6800 146063 99691
6900 148128 100543
6900 149669 101545
6900 152483 104289
6900 150782 101650
6900 147373 100737
6900 152938 104411
6900 149288 102646
6900 147890 101158
6900 152044 103644
6900 150551 103022
6900 149543 102063
6900 150888 104038
6900 152624 104449
6900 144793 98160
6900 150623 103528
6900 150272 103213
6900 149731 102111
6900 151233 104279
6900 150498 102206
6900 152690 104356
6900 152756 104736
6900 149515 101895
6900 151227 104249
6900 152033 105096
6900 148775 101476
6900 149369 101729
6900 127122 85916
6900 151449 103362
6900 152928 105420
6900 151556 103459
6900 153376 104512
6900 149244 101518
6900 152463 104188
6900 151117 103358
6900 152997 105447
6900 149140 102331
6900 147500 100687
6900 149652 103476
6900 152306 104725
6900 151431 103524
6900 150996 103959
6900 152583 104490
6900 149385 102871
6900 147619 100952
6900 154384 105591
6900 151349 104775
6900 123489 82863
6900 150786 102813
6900 151917 104089
6900 148333 100434
7000 150673 103347
7000 150724 102376
7000 150928 103195
7000 154754 105868
7000 153826 104632
7000 151901 104174
7000 151804 103809
7000 148783 101707
7000 155123 106071
7000 148936 101176
7000 147952 100355
7000 152512 103985
7000 152653 103951
7000 152599 104136
7000 151183 102538
7000 151822 103284
7000 152533 104547
7000 148209 100607
7000 152171 104088
7000 150064 102903
7000 152578 104886
7000 152662 103253
7000 156226 106491
7000 151944 102375
7000 152017 102829
7000 151192 102579
7000 154195 104554
7000 149946 102767
7000 151936 103555
7000 150272 101279
7000 154546 103955
7000 154008 105633
7000 151705 104003
7000 150836 103077
7000 147362 100373
7000 152988 103978
7000 154396 105533
7000 150844 103398
7000 149855 102629
7000 151158 103676
7000 152547 103976
7000 149534 102265
7000 152436 104173
7000 155314 105757
7000 152181 103462
7000 128630 87449
7000 148526 100900
7000 155252 105471
7000 156013 107037
7000 152623 104108
7100 152465 103232
7100 150283 102108
7100 154429 105290
7100 152783 104803
7100 153821 104863
7100 150741 102749
7100 128348 86112
7100 148049 99883
7100 156616 106486
7100 154714 106330
7100 155096 105656
7100 152514 104600
7100 155195 104947
7100 155240 106132
7100 152436 104720
7100 156060 106637
7100 152311 103923
7100 152468 104238
7100 155822 106705
7100 151360 103345
7100 153626 105239
7100 153750 106123
7100 156841 107196
7100 151512 103662
7100 155317 106874
7100 153043 104894
7100 153542 105061
7100 160052 110012
7100 155717 106718
7100 155375 104383
7100 155401 105168
7100 156102 107523
7100 155943 106408
7100 154831 105571
7100 156879 107587
7100 156884 106486
7100 153491 105073
7100 157294 106924
7100 154425 105677
7100 155725 105940
7100 153782 104589
7100 153535 104688
7100 154051 104456
7100 155350 104813
7100 156732 106304
7100 151275 102844
7100 152407 104087
7100 154669 106352
7100 154893 106563
7100 152182 103033
7200 156784 106032
7200 157854 107289
7200 153725 105098
7200 154401 105993
7200 158017 107179
7200 161461 110671
7200 156279 107400
7200 153906 104812
7200 158636 108299
7200 157856 107351
7200 154376 105334
7200 154559 105392
7200 160708 110009
7200 158018 107389
7200 132069 89681
7200 157382 108083
7200 153928 104134
7200 156814 106549
7200 157836 108307
7200 154311 105184
7200 158152 108213
7200 159891 109112
7200 153358 103912
7200 153763 104320
7200 156287 107022
7200 154639 104648
7200 154740 103530
7200 156217 107403
7200 155736 105914
7200 155583 105924
7200 159301 108853
7200 157086 107456
7200 155097 104328
7200 156768 107831
7200 157750 107538
7200 156475 105442
7200 155037 106301
7200 157670 107841
7200 157915 107571
7200 133389 90413
7200 149922 101033
7200 160185 109196
7200 156092 106402
7200 157813 107490
7200 154991 105284
7200 157776 108162
7200 156430 106716
7200 156495 107677
7200 157976 108308
7200 156244 106379
7300 158192 108555
7300 157800 107615
7300 161064 109252
7300 160628 109519
7300 160598 109218
7300 158363 108546
7300 160034 109485
7300 155595 106169
7300 163081 110684
7300 158180 107079
7300 157275 108210
7300 155587 106438
7300 154938 104611
7300 158427 108243
7300 154537 104700
7300 158617 109123
7300 162794 111365
7300 156154 105230
7300 160170 109462
7300 159187 108826
7300 159982 110070
7300 155802 105757
7300 159009 107630
7300 160607 109000
7300 158228 107630
7300 129568 87471
7300 155809 105659
7300 159787 109400
7300 157858 107440
7300 160150 109432
7300 159001 108014
7300 154151 104687
7300 159045 108642
7300 157424 108363
7300 131486 88590
7300 158555 106008
7300 158367 107754
7300 157854 107275
7300 162219 109907
7300 159443 108251
7300 156830 105788
7300 156354 107473
7300 156897 107844
7300 132986 90456
7300 137805 92995
7300 133258 89149
7300 157295 106868
7300 159251 108693
7300 157889 108564
7300 159476 108827
7400 160293 110423
7400 164119 112219
7400 159060 107545
7400 162980 111448
7400 161653 111167
7400 135499 92125
7400 163761 113363
7400 161417 109984
7400 158391 107447
7400 162346 111508
7400 165828 113535
7400 159860 109422
7400 160017 110091
7400 161336 110728
7400 165210 113249
7400 163565 111534
7400 161066 111091
7400 158460 107272
7400 165340 113847
7400 162331 110618
7400 160789 110521
7400 160632 110511
7400 161634 110899
7400 159867 108402
7400 161708 111332
7400 162214 110102
7400 158596 108437
7400 156268 106535
7400 160847 109625
7400 162654 110587
7400 161458 110978
7400 160772 109859
7400 160582 109610
7400 159199 108870
7400 163942 113519
7400 165971 113461
7400 158384 107810
7400 163804 112532
7400 163471 112472
7400 162875 111808
7400 159430 108797
7400 158925 108608
7400 163091 111070
7400 158749 107640
7400 158571 109121
7400 131832 89430
7400 159758 109347
7400 158887 107962
7400 161379 110221
7400 155743 105458
7500 163868 111540
7500 159464 109742
7500 161616 110169
7500 134654 90256
7500 164325 110943
7500 162777 110712
7500 161285 109850
7500 157786 106343
7500 161537 109676
7500 165208 112818
7500 164656 111989
7500 161285 110434
7500 160334 108602
7500 162584 111809
7500 162908 109992
7500 159013 108654
7500 160342 108976
7500 163199 110777
7500 164701 111509
7500 162675 111079
7500 138250 92591
7500 163592 110475
7500 163964 111503
7500 161461 108764
7500 160932 109258
7500 158835 107609
7500 158424 107641
7500 161024 108657
7500 162790 110668
7500 163183 110824
7500 159642 107130
7500 136283 90934
7500 164057 112242
7500 164520 112458
7500 157181 106440
7500 161227 109819
7500 161917 110134
7500 156301 105151
7500 164818 111964
7500 162142 111220
7500 135879 92189
7500 160270 108325
7500 160724 108945
7500 158486 107208
7500 158498 106458
7500 162240 110586
7500 165437 112905
7500 162820 110366
7500 159966 108653
7500 159554 109386
7600 163507 110596
7600 165914 113289
7600 168856 115256
7600 167495 114934
7600 161623 110064
7600 162884 110983
7600 160760 108984
7600 163084 111692
7600 165292 112564
7600 162310 110023
7600 170023 116670
7600 159374 108625
7600 164130 111733
7600 163078 111360
7600 165593 111629
7600 161959 110106
7600 165668 113254
7600 137055 92754
7600 163832 111294
7600 162464 110772
7600 162534 110384
7600 163644 111410
7600 139143 94622
7600 168277 114662
7600 169209 114477
7600 167373 115077
7600 162361 110246
7600 159526 108721
7600 163962 112195
7600 137117 91899
7600 163634 112303
7600 170146 116526
7600 160571 109422
7600 163164 110863
7600 169386 114469
7600 164521 112343
7600 165001 111344
7600 162805 111210
7600 160595 108606
7600 167296 114608
7600 162852 111155
7600 166313 113071
7600 165935 112181
7600 168399 113971
7600 163969 112776
7600 164080 111229
7600 170358 115146
7600 164700 111845
7600 166485 113880
7600 167889 114723
7700 163689 112276
7700 165109 112031
7700 169878 116068
7700 165441 112334
7700 169637 115542
7700 170183 116374
7700 160337 109409
7700 169768 115872
7700 166498 113368
7700 173028 117064
7700 163004 111248
7700 169381 115770
7700 169617 115458
7700 171789 117669
7700 161808 110190
7700 140448 95068
7700 169088 116111
7700 141153 94566
7700 171443 117012
7700 168138 114701
7700 167387 114773
7700 167399 114557
7700 166064 114239
7700 174505 119689
7700 165427 113754
7700 164127 111951
7700 166471 113850
7700 165421 112680
7700 170135 117246
7700 165757 113486
7700 140397 95216
7700 171685 118230
7700 170480 116534
7700 170571 117435
7700 166069 113804
7700 168132 115041
7700 169606 116601
7700 166700 114700
7700 169133 115186
7700 163183 111587
7700 168883 114619
7700 166033 113823
7700 169876 116417
7700 168089 113728
7700 168099 114414
7700 167354 115051
7700 141229 95576
7700 172409 117540
7700 171538 118128
7700 169719 115638
7800 171665 117015
7800 139849 93704
7800 166808 113919
7800 169155 115424
7800 171119 116371
7800 166553 113368
7800 168001 113975
7800 168515 115189
7800 170105 115655
7800 165590 113373
7800 168638 115699
7800 163894 111579
7800 168876 115367
7800 167763 115098
7800 168314 115434
7800 169467 116524
7800 166511 113653
7800 168019 113523
7800 175448 118601
7800 169127 115656
7800 170284 116470
7800 169204 115292
7800 144463 96922
7800 167545 113686
7800 168654 114194
7800 166685 114692
7800 168639 115375
7800 170335 115347
7800 172765 116906
7800 171002 117252
7800 168484 115578
7800 168623 114418
7800 169480 115846
7800 171864 117633
7800 171032 117687
7800 170757 115803
7800 176268 120791
7800 166610 113771
7800 170194 117052
7800 171150 117140
7800 171407 115874
7800 167631 114344
7800 147061 99476
7800 170026 115848
7800 169242 115177
7800 168105 114349
7800 168383 113427
7800 167672 114433
7800 169624 116014
7800 171668 118128
7900 169241 115070
7900 175372 120018
7900 170287 115851
7900 173681 119848
7900 174189 119281
7900 168976 114752
7900 169085 115448
7900 171533 114987
7900 172900 116780
7900 173357 117596
7900 172165 118093
7900 173624 119338
7900 173944 119816
7900 170173 116755
7900 175189 119625
7900 171594 116465
7900 175124 118057
7900 173013 118064
7900 176545 120457
7900 174346 118156
7900 171889 116951
7900 166844 114121
7900 169333 114522
7900 172579 118021
7900 177771 121421
7900 175201 120208
7900 175669 119806
7900 172670 118065
7900 174248 120145
7900 171743 116511
7900 171855 117139
7900 174270 118435
7900 175798 120012
7900 145077 97761
7900 176210 121279
7900 172011 117210
7900 172156 117185
7900 172544 118962
7900 180903 123868
7900 170972 116857
7900 169111 114482
7900 173294 118180
7900 173859 119079
7900 171806 117824
7900 171647 115820
7900 172352 117200
7900 144602 97870
7900 173198 117735
7900 168714 114834
7900 172011 118249
8000 173035 116972
8000 174008 119115
8000 172832 117097
8000 172969 117503
8000 171754 116637
8000 176445 118858
8000 171688 117151
8000 170278 114281
8000 173892 118215
8000 178053 121613
8000 171155 114459
8000 175222 117193
8000 170847 115410
8000 171626 116953
8000 172824 117898
8000 174395 119176
8000 176080 120916
8000 171179 116360
8000 179496 122043
8000 173078 117951
8000 174782 118729
8000 170386 116460
8000 173876 118281
8000 170256 116194
8000 145171 96896
8000 170716 115803
8000 175240 119315
8000 175402 119135
8000 172230 117279
8000 172205 117923
8000 170763 115431
8000 170862 116690
8000 171781 116653
8000 169971 115151
8000 171851 116866
8000 171689 117512
8000 174792 118709
8000 169058 114060
8000 147566 98648
8000 172338 117372
8000 178079 120928
8000 173579 118027
8000 174183 118661
8000 176317 120112
8000 170319 115580
8000 172863 116473
8000 171456 116859
8000 172005 116437
8000 172518 117527
8000 170235 114884
8100 175914 118885
8100 171851 117082
8100 174052 117766
8100 176146 118115
8100 173009 116827
8100 173871 118333
8100 175858 120551
8100 175404 119600
8100 176889 121116
8100 170218 116531
8100 179428 122484
8100 172510 117638
8100 178432 121382
8100 179467 122743
8100 175319 118530
8100 177437 120331
8100 176836 119524
8100 179794 122034
8100 174965 119577
8100 176778 120005
8100 174117 119815
8100 174790 118044
8100 173372 117149
8100 181415 123362
8100 180727 123242
8100 178122 121785
8100 175372 119859
8100 177356 120183
8100 173819 117569
8100 170476 115861
8100 176872 120811
8100 171979 116071
8100 173460 118933
8100 177656 120847
8100 178167 121339
8100 176528 118726
8100 179410 122282
8100 179194 123206
8100 177437 121112
8100 175218 119287
8100 174839 118553
8100 178227 122262
8100 175082 118205
8100 173910 117994
8100 174984 118379
8100 175283 119867
8100 179561 120955
8100 178111 121472
8100 176730 120755
8100 175560 119433
8200 183275 125268
8200 175705 118791
8200 180795 123861
8200 180561 123272
8200 178847 121977
8200 180067 122245
8200 177763 121540
8200 180584 123182
8200 180299 123491
8200 178096 121826
8200 180751 122374
8200 177599 120354
8200 177021 121874
8200 182222 123231
8200 180589 123807
8200 181200 123920
8200 183499 125019
8200 179007 122190
8200 175045 119348
8200 180338 122117
8200 178685 121973
8200 175204 117852
8200 178945 121970
8200 178081 122143
8200 177759 121704
8200 176289 119106
8200 178979 121039
8200 181350 122724
8200 179751 123432
8200 181224 123992
8200 180574 123884
8200 179753 123508
8200 180700 123061
8200 181386 124211
8200 177104 120718
8200 180450 123084
8200 179525 121362
8200 179527 122224
8200 179762 122994
8200 179235 121367
8200 179788 123600
8200 181117 124040
8200 177082 119528
8200 180015 123480
8200 179254 122528
8200 177413 121216
8200 179212 122497
8200 181573 123131
8200 177291 121542
8200 177469 121638
8300 180141 123307
8300 166990 113626
8300 182558 124178
8300 181611 123427
8300 182670 125107
8300 181297 123980
8300 177091 121704
8300 182722 122773
8300 175867 118240
8300 178240 122054
8300 185045 125864
8300 185355 126469
8300 178401 122093
8300 184856 126103
8300 182659 124520
8300 175177 118928
8300 180181 121863
8300 181642 124725
8300 182471 124838
8300 178932 120954
8300 181657 124580
8300 180184 121443
8300 179652 120883
8300 175403 118473
8300 178105 120359
8300 180491 123301
8300 181083 122911
8300 179419 122216
8300 184488 125545
8300 181765 125300
8300 183515 124928
8300 183982 124479
8300 185211 126677
8300 185840 127698
8300 178314 122437
8300 184103 125269
8300 177027 119913
8300 180829 123864
8300 178125 121110
8300 180678 123304
8300 179408 122805
8300 181274 124335
8300 185753 126155
8300 174267 116083
8300 184330 125867
8300 181638 125162
8300 178569 121802
8300 180497 120728
8300 177166 119122
8300 181899 123760
8400 186338 127585
8400 184840 126082
8400 185715 126575
8400 181545 124294
8400 183272 125035
8400 182289 125732
8400 180955 122498
8400 158866 106857
8400 182734 123982
8400 185276 126128
8400 182064 124311
8400 183034 125884
8400 182290 124918
8400 181425 124165
8400 186214 127306
8400 185675 127609
8400 180226 122737
8400 186383 127544
8400 188714 129140
8400 186723 128821
8400 182699 125265
8400 183614 125603
8400 186126 127202
8400 180764 124105
8400 184808 125786
8400 183067 125988
8400 182657 124366
8400 182263 125772
8400 184954 125881
8400 185061 124948
8400 182160 124053
8400 184029 125209
8400 183719 126631
8400 185359 126994
8400 184666 125905
8400 186173 126901
8400 186125 127265
8400 183977 125280
8400 186301 128042
8400 180905 122030
8400 181734 123761
8400 186176 128360
8400 183995 126420
8400 186798 127234
8400 184265 125622
8400 180600 122937
8400 184553 126490
8400 184444 126081
8400 180815 123787
8400 184490 125401
8500 185545 125761
8500 182920 123293
8500 190352 129764
8500 186607 127505
8500 182962 124210
8500 181654 124188
8500 182169 123565
8500 189515 129214
8500 186266 127069
8500 187280 127857
8500 184736 124729
8500 183117 124505
8500 185880 126078
8500 186474 127031
8500 184141 124408
8500 185262 125603
8500 185095 126720
8500 184906 124960
8500 180045 121310
8500 190808 130105
8500 184763 126330
8500 184827 124620
8500 182077 123553
8500 182358 123938
8500 184547 125878
8500 181827 123987
8500 182610 123373
8500 185731 126287
8500 188640 127846
8500 183681 125149
8500 190923 129224
8500 181506 123325
8500 187411 127365
8500 188272 126851
8500 184338 124413
8500 184602 126775
8500 183008 124135
8500 188263 127233
8500 188189 126621
8500 181866 124157
8500 182827 123925
8500 185611 124637
8500 185129 125911
8500 185736 126005
8500 184766 124568
8500 181224 123195
8500 181679 122769
8500 182618 122390
8500 181394 122864
8500 184802 124536
8600 188420 129607
8600 188363 129140
8600 188128 129196
8600 186886 127409
8600 189850 128578
8600 190514 129587
8600 193317 130014
8600 189884 130113
8600 187887 128209
8600 190647 130776
8600 189154 129336
8600 187697 128468
8600 192194 130165
8600 183613 124943
8600 188385 127772
8600 187612 127944
8600 191197 130388
8600 187335 128672
8600 188103 129954
8600 188360 127726
8600 187455 127709
8600 189982 128610
8600 188683 128293
8600 178637 119888
8600 185853 126454
8600 180562 120848
8600 189129 129660
8600 188079 128527
8600 185990 125519
8600 188381 128692
8600 192838 131269
8600 186075 126013
8600 187411 125720
8600 188087 128095
8600 183132 124446
8600 185419 126595
8600 182851 124664
8600 184815 125801
8600 155260 104999
8600 183718 124549
8600 187221 127665
8600 187617 127148
8600 155866 103972
8600 188047 128100
8600 182765 122939
8600 186686 127783
8600 186438 127198
8600 191568 130537
8600 190350 130470
8600 183522 123089
8700 159356 107117
8700 187853 127244
8700 196947 134396
8700 188705 127067
8700 162320 108540
8700 191499 130075
8700 193406 130790
8700 191310 131464
8700 195485 133954
8700 193099 132701
8700 190159 129220
8700 189300 128808
8700 187505 126842
8700 191149 130173
8700 184514 124452
8700 195409 132079
8700 194287 133034
8700 192419 131092
8700 160577 107631
8700 188591 129330
8700 190035 128844
8700 194123 132112
8700 191317 130196
8700 189416 128921
8700 191171 130130
8700 189948 130024
8700 194079 133054
8700 185762 125909
8700 187176 126929
8700 196722 134625
8700 186202 127156
8700 193062 131055
8700 188754 127992
8700 195352 133367
8700 188063 128091
8700 194039 132893
8700 189143 129835
8700 190947 130541
8700 187601 126925
8700 191300 129838
8700 190200 128437
8700 187639 128071
8700 188959 127920
8700 192493 130834
8700 193289 132362
8700 191513 131145
8700 193652 131678
8700 190862 130829
8700 189123 129526
8700 192411 130811
8800 191123 131804
8800 194114 132477
8800 189128 129083
8800 196040 133600
8800 187148 128134
8800 191032 130202
8800 192642 132291
8800 191344 130042
8800 192290 131143
8800 187214 126467
8800 188492 127632
8800 187658 127136
8800 191450 130264
8800 191727 130469
8800 192945 130472
8800 193263 131755
8800 195218 133569
8800 189695 128696
8800 194645 132115
8800 189861 128358
8800 190257 130761
8800 191553 128834
8800 186828 125759
8800 189387 127689
8800 187713 128716
8800 194243 131373
8800 195761 132473
8800 197869 134698
8800 189602 130303
8800 189309 129243
8800 194674 131439
8800 193336 130604
8800 187223 126597
8800 193001 130644
8800 191978 130972
8800 189021 128722
8800 188389 126374
8800 189808 128420
8800 189737 129488
8800 194874 133513
8800 192902 131498
8800 194580 132722
8800 189379 128239
8800 194561 131604
8800 189633 129135
8800 191664 129758
8800 189430 128026
8800 160468 108271
8800 193435 132336
8800 199233 136077
8900 192098 131476
8900 193683 132835
8900 165179 112041
8900 197296 133730
8900 198884 136804
8900 193845 132623
8900 195009 133994
8900 193552 131749
8900 193005 131298
8900 192180 129069
8900 193820 131822
8900 194143 131456
8900 191757 131273
8900 192933 132661
8900 192479 131599
8900 195368 134019
8900 195902 132302
8900 194184 132930
8900 192745 131850
8900 195022 133871
8900 197122 134401
8900 201204 137619
8900 196673 133899
8900 194376 133162
8900 191344 129924
8900 193273 132271
8900 194380 133041
8900 192723 131634
8900 200070 135885
8900 198426 135579
8900 196718 133431
8900 190487 130422
8900 194437 131949
8900 195607 134171
8900 198369 134894
8900 198069 135644
8900 199702 135737
8900 195206 133289
8900 169433 114347
8900 198806 136315
8900 195629 134307
8900 193871 131403
8900 198639 136110
8900 194062 132772
8900 191196 131877
8900 194668 132816
8900 195386 132603
8900 200618 137275
8900 193947 132969
8900 197272 135053
9000 198194 135360
9000 193832 130969
9000 196951 133003
9000 190797 128438
9000 159258 106329
9000 195370 133264
9000 197989 135019
9000 193656 131883
9000 198887 135677
9000 197083 131985
9000 192366 130147
9000 195481 133770
9000 194582 132209
9000 195399 133245
9000 197250 134733
9000 189945 128965
9000 196933 134775
9000 192303 129591
9000 193814 131861
9000 195167 132810
9000 198583 135694
9000 194925 133113
9000 197172 133117
9000 199996 136904
9000 194220 132299
9000 192149 129162
9000 195824 132982
9000 196369 134376
9000 192493 129696
9000 199323 136063
9000 193252 131089
9000 196373 133871
9000 196903 134583
9000 197279 132626
9000 195232 130543
9000 194957 131796
9000 194950 132445
9000 199423 136252
9000 196121 133475
9000 200067 135521
9000 196407 134426
9000 195427 134214
9000 199901 135838
9000 193601 131700
9000 197480 132250
9000 196627 133620
9000 200082 134700
9000 195751 132636
9000 195865 131736
9000 194777 131223
9100 198226 135306
9100 197749 134378
9100 202498 138237
9100 201675 136030
9100 196637 133786
9100 199408 134042
9100 200342 136599
9100 198382 134579
9100 199238 135026
9100 163052 110190
9100 191392 129086
9100 192586 131011
9100 199177 137156
9100 167896 112734
9100 199877 135456
9100 196270 134635
9100 196422 135032
9100 199596 135207
9100 199425 134839
9100 196537 133939
9100 164270 110575
9100 197448 133467
9100 195546 132723
9100 196215 132669
9100 199900 135135
9100 197465 133095
9100 199083 135879
9100 164423 110115
9100 198534 134878
9100 195916 133432
9100 195388 132589
9100 202703 138338
9100 198916 134473
9100 195847 134004
9100 195967 132677
9100 198516 135377
9100 198479 134656
9100 195046 132101
9100 201133 136648
9100 200538 136377
9100 197523 135792
9100 200087 137363
9100 198149 134876
9100 199359 135748
9100 205437 139874
9100 198981 135808
9100 206211 141566
9100 195200 131469
9100 200135 136420
9100 198818 136649
9200 203706 138325
9200 197885 134343
9200 202814 137837
9200 200182 135997
9200 203952 138802
9200 200573 137396
9200 200790 137484
9200 199820 135774
9200 203413 139604
9200 199603 135243
9200 197912 134318
9200 196076 131811
9200 208637 142470
9200 202411 138434
9200 202880 138669
9200 198579 135235
9200 199759 136620
9200 199376 135834
9200 202252 136767
9200 199570 136227
9200 198219 134418
9200 202394 138809
9200 202431 138350
9200 167194 113173
9200 198247 135457
9200 200867 136547
9200 202072 137716
9200 205679 140502
9200 203372 139527
9200 205741 139396
9200 203319 138577
9200 201861 138475
9200 205537 138987
9200 198591 134113
9200 201493 137222
9200 202682 138963
9200 203187 137613
9200 200726 137363
9200 202919 138488
9200 201517 136765
9200 200376 137205
9200 199102 136684
9200 203039 138994
9200 198752 135533
9200 202742 137766
9200 203805 138394
9200 194171 131401
9200 200794 137575
9200 169044 115066
9200 201165 136524
9300 207800 141038
9300 201134 135962
9300 207135 141331
9300 203613 138820
9300 206315 140945
9300 199032 135727
9300 205331 138615
9300 203421 138936
9300 202302 138810
9300 208006 141771
9300 204482 139360
9300 202839 138470
9300 200710 135972
9300 201623 137209
9300 202237 137273
9300 202021 137906
9300 204894 140233
9300 204732 138108
9300 201499 137206
9300 203433 139155
9300 198930 134852
9300 204245 138395
9300 207204 140241
9300 202937 138954
9300 202530 138071
9300 202741 136208
9300 198365 134999
9300 206911 140361
9300 203494 138123
9300 209928 142985
9300 203742 138202
9300 201853 137556
9300 204001 139359
9300 202692 137097
9300 203665 138758
9300 205644 138763
9300 201926 136765
9300 206409 139376
9300 198272 135746
9300 200024 135932
9300 202552 137905
9300 203137 137272
9300 203494 139552
9300 203724 138948
9300 201588 136442
9300 196883 131215
9300 200047 134747
9300 205414 139379
9300 202940 137846
9300 196350 132522
9400 206634 139781
9400 212830 146170
9400 202058 138576
9400 205802 140492
9400 205052 139839
9400 202814 137075
9400 211141 143671
9400 203183 139373
9400 204949 140195
9400 171686 116071
9400 206609 141177
9400 208234 141488
9400 174241 116875
9400 204015 137843
9400 203018 138511
9400 170922 115411
9400 203945 139415
9400 205780 140282
9400 211972 144633
9400 204837 139829
9400 202918 137411
9400 208422 142316
9400 207638 140731
9400 204855 140118
9400 207284 143425
9400 209774 141058
9400 205382 140319
9400 205838 141754
9400 208422 143656
9400 206805 142183
9400 207090 140877
9400 205758 140422
9400 214995 146023
9400 206707 139632
9400 209335 142227
9400 202352 139184
9400 204495 139037
9400 203765 137630
9400 206127 140827
9400 204519 138966
9400 208761 140290
9400 208251 143549
9400 203672 139850
9400 201404 136836
9400 207697 141940
9400 209075 142090
9400 210387 144556
9400 206393 139898
9400 204284 139103
9400 207120 142346
9500 207746 139579
9500 206773 139379
9500 205206 140135
9500 208851 142028
9500 203821 139138
9500 207027 141529
9500 206182 140706
9500 201949 137751
9500 207843 142640
9500 211916 144298
9500 209597 142343
9500 210250 143964
9500 204482 138105
9500 213065 144313
9500 205916 139512
9500 211982 142703
9500 204322 139257
9500 207714 141072
9500 205203 138582
9500 204634 138965
9500 203630 137930
9500 209060 139826
9500 205639 140114
9500 213588 143863
9500 204991 139491
9500 205521 140134
9500 204843 138783
9500 205148 140224
9500 205346 140016
9500 208653 143035
9500 208019 141048
9500 205429 139210
9500 206276 140237
9500 206615 140319
9500 210236 141976
9500 204553 139599
9500 210703 143724
9500 208987 142362
9500 203744 139456
9500 205166 140384
9500 202685 136881
9500 210155 142465
9500 204595 139200
9500 207008 140656
9500 211520 143290
9500 208073 142386
9500 208855 141329
9500 211159 143789
9500 207584 141276
9500 206039 139073
9600 213154 145808
9600 214170 144840
9600 211935 145741
9600 208659 141760
9600 211887 144427
9600 211052 143391
9600 206229 139426
9600 204292 138319
9600 211895 143881
9600 218852 148676
9600 210574 142819
9600 211264 144321
9600 173347 117144
9600 211872 144456
9600 208133 142319
9600 217719 148212
9600 211385 144119
9600 210457 143212
9600 205307 138982
9600 206431 139692
9600 208389 140211
9600 213890 146276
9600 211612 145725
9600 212128 144972
9600 211615 143712
9600 205966 141333
9600 207217 141311
9600 212285 144869
9600 207397 139611
9600 208787 141031
9600 212404 145643
9600 210293 143684
9600 214270 146502
9600 212652 144068
9600 211290 142875
9600 208255 140302
9600 209561 142381
9600 209804 141991
9600 211593 144512
9600 205830 139170
9600 208848 141967
9600 210080 142408
9600 209381 141511
9600 209400 142268
9600 206652 141505
9600 207574 142780
9600 211326 145293
9600 209318 142534
9600 211712 145937
9600 209605 143040
9700 211406 143512
9700 219856 149278
9700 212698 145957
9700 211591 145150
9700 211329 142860
9700 210161 142537
9700 212329 145455
9700 220095 150599
9700 217491 148077
9700 209808 142792
9700 214974 147719
9700 211270 143416
9700 178137 120975
9700 214591 145638
9700 212551 144219
9700 211455 142751
9700 214818 146591
9700 210288 143753
9700 214262 145476
9700 212770 145934
9700 216232 148295
9700 213187 145418
9700 216466 148309
9700 212789 145126
9700 208509 140919
9700 214653 145901
9700 214562 146138
9700 217353 149071
9700 218585 150087
9700 212121 144235
9700 214004 144843
9700 209467 142229
9700 216361 147066
9700 213362 145378
9700 211449 141753
9700 213771 146144
9700 211770 144586
9700 215383 145755
9700 213437 144612
9700 213832 146567
9700 207829 140836
9700 213243 145480
9700 215702 146755
9700 214813 146157
9700 179551 121664
9700 216334 148109
9700 214028 146739
9700 212710 143390
9700 209733 142446
9700 215264 147040
9800 209995 142399
9800 207310 140925
9800 211143 144697
9800 217264 148265
9800 218731 149213
9800 212834 144729
9800 213571 145380
9800 211647 144628
9800 213265 144464
9800 212117 146064
9800 213645 145294
9800 208846 141562
9800 214775 146602
9800 209053 142676
9800 219145 147272
9800 214707 145598
9800 216242 146772
9800 208877 142070
9800 219425 149500
9800 217208 148077
9800 214531 146012
9800 214005 145593
9800 216120 148003
9800 213568 144631
9800 216146 146269
9800 184402 124704
9800 214904 144653
9800 216693 146413
9800 213501 145213
9800 209011 141138
9800 218085 148915
9800 213622 144393
9800 214949 145912
9800 213591 145482
9800 213647 146567
9800 212992 145602
9800 217133 149253
9800 180563 123143
9800 215510 145807
9800 214237 144899
9800 213659 145787
9800 217476 148422
9800 213895 145090
9800 216254 147498
9800 214621 145233
9800 213961 146375
9800 213822 146698
9800 218750 146994
9800 208270 141745
9800 210708 142622
9900 217177 148284
9900 214653 147836
9900 218010 149964
9900 217948 148496
9900 218042 148382
9900 219429 149771
9900 214750 146605
9900 217231 147697
9900 219339 148575
9900 218710 149343
9900 216617 147040
9900 225316 153218
9900 215625 146960
9900 215222 147248
9900 218101 147238
9900 219299 147647
9900 220761 151084
9900 211777 143924
9900 217052 149220
9900 214799 147488
9900 217328 147930
9900 216398 146841
9900 220948 151409
9900 215281 146708
9900 220794 151119
9900 219891 151345
9900 216757 148086
9900 218652 149630
9900 216071 146464
9900 215758 148336
9900 218762 148398
9900 222847 150523
9900 220591 150146
9900 224239 153533
9900 180186 121376
9900 218547 149506
9900 222470 151869
9900 216070 146218
9900 218471 148315
9900 215335 146112
9900 217945 148344
9900 222055 151948
9900 223686 152575
9900 216162 146392
9900 216674 147426
9900 217068 148819
9900 218490 148602
9900 214415 145349
9900 180272 121857
9900 217670 149016
10000 216456 146022
10000 212255 143654
10000 214495 145502
10000 221344 150802
10000 217032 146410
10000 217771 146160
10000 215354 146685
10000 218187 146992
10000 213631 145238
10000 220012 149730
10000 212829 144897
10000 218295 147990
10000 218906 149117
10000 218188 148722
10000 214791 145415
10000 217580 149019
10000 221311 149023
10000 218582 148529
10000 221519 150178
10000 220150 150660
10000 215772 144314
10000 214960 146924
10000 218246 146887
10000 218220 146749
10000 215867 145173
10000 215307 145131
10000 215027 146966
10000 227594 154317
10000 215514 145037
10000 219237 148340
10000 217334 148481
10000 218429 146349
10000 216085 146034
10000 219089 149791
10000 217161 147464
10000 225532 153925
10000 218650 146931
10000 214652 146121
10000 213374 144445
10000 219110 149571
10000 215847 146584
10000 211904 142936
10000 222188 151600
10000 214861 145354
10000 222981 150228
10000 215951 145948
10000 214850 146649
10000 219230 149044
10000 208959 141171
10000 221345 148738
10100 216906 148728
10100 216622 147902
10100 226281 154559
10100 221364 151339
10100 218735 149237
10100 218756 147811
10100 225717 153045
10100 220535 150097
10100 219120 149910
10100 222782 151737
10100 219345 150378
10100 220804 147372
10100 188898 126962
10100 219116 147316
10100 217635 148538
10100 224541 151527
10100 220632 150549
10100 222910 149963
10100 225229 154021
10100 219002 150469
10100 226503 153910
10100 221614 149954
10100 221482 152283
10100 219647 150235
10100 219905 148125
10100 220781 150591
10100 223308 153062
10100 219713 149930
10100 222376 152150
10100 224406 152944
10100 218377 148956
10100 221092 150837
10100 217402 147865
10100 223214 151424
10100 226790 153362
10100 221851 150396
10100 222877 151840
10100 218274 148396
10100 216028 147319
10100 224221 152703
10100 219880 149982
10100 220404 151140
10100 219284 149023
10100 221729 152096
10100 225773 152689
10100 217922 149120
10100 221860 151653
10100 223903 152898
10100 225972 154049
10100 216657 147743
10200 226119 153325
10200 223662 152523
10200 228585 155967
10200 230163 157970
10200 221713 151686
10200 222922 152190
10200 221633 152338
10200 216483 145011
10200 223091 151992
10200 227766 156163
10200 226107 151285
10200 222336 150492
10200 223634 153662
10200 222091 149819
10200 228035 154196
10200 219700 149607
10200 223148 151986
10200 221429 150627
10200 221764 152486
10200 227018 154652
10200 224686 153085
10200 226773 155590
10200 223024 151981
10200 221279 149423
10200 223488 153875
10200 220493 149402
10200 229249 157264
10200 225226 153104
10200 223729 152615
10200 224101 154163
10200 221275 148748
10200 224900 153003
10200 226357 152432
10200 231283 159068
10200 222429 153084
10200 234732 160472
10200 226652 154697
10200 220140 149649
10200 225161 150836
10200 224896 151649
10200 222912 152166
10200 225363 155776
10200 225978 153192
10200 222725 152485
10200 224260 154022
10200 222982 151293
10200 219561 150024
10200 226799 154318
10200 221789 152046
10200 219855 149649
10300 227047 153835
10300 230597 156457
10300 229229 155645
10300 224154 152278
10300 224698 152218
10300 223108 152436
10300 224035 153269
10300 225804 155018
10300 223277 151962
10300 230301 155929
10300 225751 154034
10300 224220 149356
10300 223643 150149
10300 224555 152060
10300 231411 156531
10300 225835 153225
10300 227949 156236
10300 222531 151017
10300 189470 127348
10300 221103 150173
10300 231663 158496
10300 223099 151330
10300 227557 155299
10300 228434 157054
10300 222729 151253
10300 226229 155204
10300 230739 157280
10300 227695 154763
10300 222983 151828
10300 222996 151328
10300 225660 153110
10300 222361 149824
10300 226590 154310
10300 221566 150579
10300 225553 152386
10300 223831 152016
10300 226088 154167
10300 228978 155567
10300 225787 153007
10300 220214 146751
10300 225251 154112
10300 225753 152816
10300 224998 152968
10300 217135 145462
10300 222889 153059
10300 222767 151843
10300 222823 151570
10300 220429 148148
10300 231589 158534
10300 225579 154571
10400 235697 159921
10400 191130 129609
10400 228787 157137
10400 232304 158667
10400 232235 158044
10400 228985 156285
10400 224453 153137
10400 230091 156458
10400 231982 158445
10400 226645 154925
10400 233470 159943
10400 227100 156355
10400 231035 158829
10400 227812 156235
10400 232405 158120
10400 229478 156237
10400 233397 159025
10400 228626 154613
10400 228564 157413
10400 231586 157876
10400 225425 152847
10400 222669 151479
10400 232657 158235
10400 225885 153322
10400 229047 157694
10400 230642 157066
10400 228024 155560
10400 228386 155698
10400 230007 156173
10400 229870 158334
10400 231901 159273
10400 229488 156780
10400 222936 152202
10400 225018 153334
10400 231015 158220
10400 230856 155935
10400 227342 156133
10400 224807 153106
10400 228458 157074
10400 227743 156218
10400 223791 151308
10400 229486 157217
10400 229432 157792
10400 222744 150533
10400 228097 155073
10400 226940 155283
10400 234526 161033
10400 225854 154808
10400 228007 155684
10400 230285 157755
10500 227115 154707
10500 230623 157294
10500 230074 155935
10500 228773 156718
10500 225685 152201
10500 229981 155225
10500 229984 156210
10500 226752 155211
10500 225047 152148
10500 229643 156287
10500 222263 150725
10500 230226 156080
10500 233797 158880
10500 233175 158693
10500 230735 157494
10500 229735 155986
10500 229410 157253
10500 225767 153686
10500 224244 151603
10500 224514 152621
10500 236176 160392
10500 237110 160747
10500 230881 155605
10500 227809 154279
10500 226258 153883
10500 223220 150677
10500 228866 153881
10500 238145 160014
10500 230332 157228
10500 228260 154780
10500 224584 150916
10500 233100 157701
10500 228777 156236
10500 225874 153498
10500 228825 155177
10500 224111 150045
10500 230616 156791
10500 227617 153851
10500 226224 154598
10500 230049 155100
10500 228247 155025
10500 230871 158102
10500 229015 154954
10500 230151 156240
10500 229148 154653
10500 231076 156073
10500 231133 157487
10500 223533 151173
10500 227138 153301
10500 230735 157254
10600 236810 159482
10600 230827 156768
10600 229263 154143
10600 236831 162641
10600 230041 155328
10600 231279 157656
10600 239111 159775
10600 223641 150221
10600 231259 156690
10600 234200 159501
10600 230040 158067
10600 189174 126657
10600 239773 162499
10600 231962 158494
10600 194681 132136
10600 236193 161331
10600 235265 159928
10600 236679 161359
10600 229793 155696
10600 236989 160455
10600 230275 155890
10600 230737 156709
10600 235174 160793
10600 232399 157330
10600 233089 159401
10600 193213 130774
10600 230242 156308
10600 237325 162327
10600 231140 156585
10600 227957 155666
10600 240421 164064
10600 233029 158655
10600 231226 157823
10600 230435 155475
10600 231610 157202
10600 235416 159676
10600 230201 155986
10600 232495 158442
10600 228304 154718
10600 230153 156279
10600 230957 156797
10600 231195 157298
10600 233840 161364
10600 226943 154611
10600 235273 158300
10600 230413 156711
10600 229980 155532
10600 239136 162824
10600 191053 129039
10600 226370 154307
10700 234429 157051
10700 238692 162823
10700 235043 160389
10700 232523 158047
10700 237939 162627
10700 231358 157878
10700 236573 161184
10700 234993 159475
10700 239975 164368
10700 234114 159993
10700 235625 161588
10700 242060 165530
10700 236742 161613
10700 238061 163214
10700 236967 160931
10700 233575 160003
10700 240186 163879
10700 240166 162954
10700 243612 165693
10700 233180 158932
10700 236886 161443
10700 238526 163277
10700 237390 162360
10700 235296 160145
10700 235859 162999
10700 237428 161553
10700 239272 163755
10700 240459 164715
10700 236077 157928
10700 239438 164440
10700 236481 162014
10700 234059 158447
10700 244533 166944
10700 231575 157991
10700 234754 158817
10700 195624 131369
10700 233153 158891
10700 234438 160364
10700 238794 163296
10700 228087 156917
10700 233108 159889
10700 236441 160118
10700 234769 158966
10700 232161 157314
10700 234118 159869
10700 236811 162669
10700 234627 158213
10700 232543 159509
10700 235934 159864
10700 232326 159786
10800 235329 159231
10800 239474 163226
10800 243054 166251
10800 237201 161445
10800 236061 160941
10800 239455 163395
10800 232854 158483
10800 229985 154822
10800 235218 157665
10800 235347 159439
10800 240137 162678
10800 234731 160641
10800 231860 156998
10800 238630 161315
10800 233584 160532
10800 238336 161038
10800 231291 156857
10800 236270 161961
10800 233793 159049
10800 236798 160798
10800 238908 161890
10800 236441 159484
10800 239785 163371
10800 236633 161631
10800 244193 167226
10800 236905 162716
10800 237379 162594
10800 236826 160599
10800 242496 164650
10800 243346 165627
10800 239491 164293
10800 243654 166328
10800 242488 165056
10800 237525 160111
10800 234549 160575
10800 242070 165015
10800 235471 160569
10800 239767 163946
10800 241884 164497
10800 233958 158927
10800 240526 163365
10800 238657 163365
10800 236249 161936
10800 235413 161294
10800 236577 163317
10800 236326 160928
10800 237159 162803
10800 229476 154789
10800 236515 161688
10800 237019 162655
10900 237726 162286
10900 238961 164388
10900 237992 163214
10900 240261 165397
10900 241940 164556
10900 239921 161850
10900 248724 167373
10900 248538 169599
10900 241833 164696
10900 240472 164467
10900 241989 165081
10900 238938 163519
10900 237152 162873
10900 241427 164550
10900 238925 163560
10900 208426 140836
10900 240129 163290
10900 241281 164177
10900 240546 165766
10900 245111 166057
10900 240687 162024
10900 240389 164718
10900 242343 165991
10900 237744 163708
10900 246874 168375
10900 243168 165512
10900 239987 164277
10900 239575 163375
10900 238402 161382
10900 236407 161875
10900 243336 165209
10900 242744 165638
10900 235487 161787
10900 237681 161670
10900 239304 164658
10900 242230 166639
10900 233687 157655
10900 240724 164591
10900 241318 163336
10900 239654 163457
10900 235241 158907
10900 240543 164299
10900 243445 163720
10900 244145 167889
10900 238058 163203
10900 241352 165035
10900 239178 161831
10900 199372 135269
10900 244473 166183
10900 243164 166193
11000 237179 160562
11000 236971 161155
11000 244816 165503
11000 241095 162547
11000 241438 164745
11000 240265 163146
11000 237398 160580
11000 240871 162485
11000 241119 163216
11000 240923 165217
11000 238101 161751
11000 240983 163727
11000 240427 162847
11000 239412 163832
11000 238852 162148
11000 244536 166004
11000 237317 160993
11000 241585 163282
11000 199860 133678
11000 246684 167457
11000 243898 166743
11000 239186 162183
11000 238764 162832
11000 237762 163190
11000 245885 165447
11000 242214 162489
11000 241049 163949
11000 237623 162436
11000 242174 164611
11000 238235 162754
11000 241588 163329
11000 236833 159859
11000 241156 162030
11000 241193 163972
11000 241497 163901
11000 237382 159707
11000 241366 163101
11000 240626 163962
11000 245267 166323
11000 241861 163277
11000 244145 167633
11000 240498 163092
11000 237471 158845
11000 245884 168123
11000 246098 166766
11000 240102 164045
11000 227474 152635
11000 239850 162570
11000 243367 166171
11000 246854 167925
11100 242223 164561
11100 243352 165551
11100 243381 165979
11100 249509 170045
11100 242126 163971
11100 240349 164081
11100 236821 160013
11100 246753 168763
11100 244198 165778
11100 246051 168065
11100 252318 169524
11100 245260 168831
11100 247727 168273
11100 244892 165772
11100 240976 164353
11100 241556 164394
11100 247446 167606
11100 245001 167748
11100 248696 169915
11100 242787 164909
11100 237014 159640
11100 244233 165367
11100 244035 167081
11100 242101 166154
11100 243586 165330
11100 244962 167906
11100 243155 166236
11100 244556 166442
11100 237135 161661
11100 243522 165475
11100 247020 166632
11100 244735 166878
11100 246370 168816
11100 244444 164423
11100 238289 162540
11100 245196 168120
11100 244481 167625
11100 245427 167990
11100 242972 164940
11100 242141 164468
11100 246543 167941
11100 245427 167335
11100 243090 163668
11100 241781 165001
11100 238958 161482
11100 241176 164832
11100 243554 165421
11100 241068 164093
11100 252953 171419
11100 240040 164328
11200 245958 168085
11200 244733 166713
11200 252238 172945
11200 245595 166659
11200 245078 165909
11200 242958 166980
11200 244682 167120
11200 245487 168275
11200 244949 168225
11200 246617 167979
11200 243785 165916
11200 249299 170617
11200 246560 166981
11200 248112 168683
11200 251109 170953
11200 251690 170775
11200 244899 165335
11200 239827 163068
11200 246628 167131
11200 246564 167771
11200 240506 163369
11200 242143 163708
11200 248087 166315
11200 242251 164321
11200 248001 169802
11200 244837 167972
11200 252401 170512
11200 244429 166250
11200 245121 167578
11200 215610 144920
11200 242111 164856
11200 252274 170155
11200 257185 172632
11200 247665 168527
11200 243159 165622
11200 244111 167473
11200 249541 168509
11200 241489 162301
11200 206064 139190
11200 247838 169098
11200 204313 138386
11200 249539 169540
11200 247427 169776
11200 243122 164885
11200 243710 167206
11200 252699 170873
11200 245422 166790
11200 246215 168508
11200 248797 169959
11200 247535 168984
11300 245565 167326
11300 254378 172036
11300 249203 170296
11300 252504 172487
11300 251544 169270
11300 244734 167523
11300 204354 136836
11300 256743 174246
11300 250038 170675
11300 251376 170303
11300 250994 171035
11300 241561 163289
11300 242809 164035
11300 249747 169395
11300 251728 171649
11300 246285 167894
11300 247718 166864
11300 250127 169498
11300 247447 169772
11300 243760 166200
11300 245203 167907
11300 245322 167737
11300 254006 171756
11300 248444 170193
11300 247010 166258
11300 250063 169775
11300 249785 170545
11300 249681 169754
11300 245925 167489
11300 250397 169753
11300 244013 167091
11300 250453 171457
11300 244193 165034
11300 245717 165356
11300 248100 167764
11300 252225 169767
11300 248806 169537
11300 247619 170219
11300 249568 170874
11300 252683 172095
11300 247124 169810
11300 248376 168105
11300 247954 166708
11300 248042 169174
11300 244212 165412
11300 250626 172003
11300 252975 172480
11300 245269 167516
11300 240007 164740
11300 243788 166036
11400 247970 168714
11400 244555 166684
11400 251609 172596
11400 251252 171087
11400 256566 175775
11400 250076 172581
11400 251573 172557
11400 252973 172687
11400 254770 173128
11400 253811 171600
11400 255261 174069
11400 250945 169151
11400 252287 173133
11400 256023 174996
11400 249204 169250
11400 253787 171839
11400 249907 168834
11400 262106 179332
11400 248194 169331
11400 259075 176958
11400 254153 174087
11400 256915 176701
11400 252263 172990
11400 252946 173961
11400 258538 174285
11400 250428 170134
11400 261714 179620
11400 256338 175217
11400 252661 172313
11400 243457 164843
11400 253372 172321
11400 257434 174584
11400 251571 172175
11400 246197 165539
11400 248260 169392
11400 249218 169213
11400 248316 169319
11400 252837 172088
11400 241673 163650
11400 253526 172230
11400 212379 144203
11400 248337 168247
11400 252871 171821
11400 250955 171821
11400 247598 168119
11400 252535 174117
11400 257372 176027
11400 248529 170100
11400 253615 171380
11400 250909 171254
11500 257361 173758
11500 249248 169552
11500 253531 172339
11500 250288 170753
11500 248160 166763
11500 239236 160172
11500 247371 168055
11500 256972 173948
11500 254644 172295
11500 254255 173008
11500 247968 168297
11500 255992 174224
11500 252438 173160
11500 249755 169459
11500 256144 172673
11500 216164 145288
11500 247221 166058
11500 259422 175136
11500 251296 171273
11500 253240 172224
11500 254831 172072
11500 259356 173732
11500 246089 167557
11500 255152 172024
11500 247793 166438
11500 249732 170471
11500 254024 171746
11500 249945 169447
11500 250321 170305
11500 248855 169679
11500 254509 170551
11500 249857 171108
11500 250277 169711
11500 252837 172821
11500 254536 173304
11500 245553 167357
11500 249493 168662
11500 253397 171863
11500 253802 173306
11500 248966 169007
11500 249833 169095
11500 258824 176230
11500 254343 173877
11500 248740 169111
11500 250549 170136
11500 250746 170894
11500 254835 171624
11500 256769 172246
11500 256444 173462
11500 251074 170269
11600 257114 174376
11600 254094 172481
11600 251045 170805
11600 263925 180178
11600 254031 172688
11600 251272 170470
11600 257731 175775
11600 259487 176302
11600 260520 178014
11600 252150 172188
11600 255335 172065
11600 252890 173807
11600 258511 173987
11600 258226 174074
11600 254149 173093
11600 256892 173948
11600 253738 173069
11600 256210 174325
11600 254686 172795
11600 254443 173138
11600 256282 175438
11600 242797 163806
11600 257459 175669
11600 253593 173645
11600 256403 174075
11600 262240 178630
11600 247291 165822
11600 251386 172159
11600 255001 174173
11600 252349 172796
11600 256074 174363
11600 256925 175003
11600 252431 170107
11600 257029 175857
11600 258317 175745
11600 257748 176006
11600 253463 173680
11600 252760 172356
11600 252910 173266
11600 254611 174296
11600 256590 175665
11600 256842 175195
11600 259593 176532
11600 254604 172343
11600 259264 177277
11600 255404 174332
11600 251242 170023
11600 253992 172953
11600 256846 173821
11600 259816 176048
11700 266369 179605
11700 261973 177474
11700 259920 177624
11700 262090 178511
11700 258231 177259
11700 213461 144063
11700 257804 177588
11700 260935 176115
11700 257983 176959
11700 222321 149982
11700 251827 169986
11700 255380 173437
11700 258664 177312
11700 256735 175942
11700 258584 176181
11700 260154 175858
11700 260086 178063
11700 252319 170537
11700 258063 176324
11700 254523 173527
11700 265486 180925
11700 255631 173305
11700 260052 176891
11700 260202 178028
11700 255400 174086
11700 261353 178908
11700 253101 172524
11700 256077 174848
11700 249320 168468
11700 261866 179001
11700 258023 175815
11700 261371 178615
11700 257908 177144
11700 253005 171182
11700 261742 178056
11700 253193 170918
11700 256869 175747
11700 256260 173558
11700 254761 174280
11700 255121 172525
11700 261672 178327
11700 255438 175008
11700 258310 174312
11700 266671 182548
11700 253616 169870
11700 262027 178370
11700 253806 173877
11700 259677 177449
11700 260826 176927
11700 259724 177818
11800 256226 172789
11800 255333 173611
11800 259106 177876
11800 260545 176902
11800 260674 177061
11800 256383 172334
11800 255331 172106
11800 262108 176457
11800 265453 181990
11800 267626 182793
11800 261002 177514
11800 263782 179344
11800 258883 176524
11800 265211 179885
11800 260565 178234
11800 263790 179560
11800 257159 174347
11800 259842 175024
11800 261243 173477
11800 262874 177639
11800 262255 179162
11800 256306 174363
11800 264269 179923
11800 261259 178470
11800 258984 177090
11800 263245 177653
11800 252753 169070
11800 260940 176527
11800 256739 175238
11800 257301 174606
11800 259728 175265
11800 264795 181314
11800 260903 177899
11800 259580 177989
11800 256147 172905
11800 261034 175147
11800 262858 177897
11800 248332 167304
11800 259975 177415
11800 266187 179696
11800 254049 171859
11800 260793 178018
11800 256177 174606
11800 256567 174390
11800 258014 177386
11800 260067 177963
11800 260472 175805
11800 261471 177617
11800 262232 179398
11800 256056 172973
11900 264499 180296
11900 261652 177428
11900 260528 178223
11900 272359 185427
11900 259512 176393
11900 267865 181789
11900 261104 179339
11900 255744 174221
11900 258104 176087
11900 259036 177592
11900 264253 180541
11900 264111 180513
11900 259192 178193
11900 264609 180196
11900 261866 179579
11900 263475 179507
11900 257865 174072
11900 262539 177724
11900 265512 179799
11900 260777 177741
11900 266512 182322
11900 261075 178159
11900 257694 173115
11900 259902 177578
11900 270362 184684
11900 263442 176594
11900 264165 179572
11900 269662 183272
11900 266955 182823
11900 221607 148812
11900 262198 177242
11900 262643 180030
11900 267663 182049
11900 269323 184010
11900 261275 179182
11900 264456 179998
11900 256797 175589
11900 262913 180101
11900 261554 179115
11900 267203 182481
11900 260039 176596
11900 267755 180062
11900 267237 181196
11900 267101 182342
11900 257042 173166
11900 261134 178911
11900 260900 177304
11900 264654 179873
11900 264321 179165
11900 266013 180863
12000 264378 181180
12000 217047 145681
12000 258383 175150
12000 268843 183554
12000 261820 178090
12000 266508 179339
12000 260874 177951
12000 256995 174391
12000 259951 176802
12000 271310 183903
12000 269232 182743
12000 262505 177288
12000 257951 175546
12000 262151 178970
12000 260207 177476
12000 263982 178279
12000 261261 178518
12000 258891 175268
12000 259710 176569
12000 273415 185625
12000 259175 176747
12000 259836 176356
12000 265594 179579
12000 257902 173381
12000 266628 179731
12000 270181 183577
12000 266959 180653
12000 265450 180737
12000 268290 180298
12000 262503 176951
12000 263442 178699
12000 263146 178427
12000 263261 178190
12000 271683 183857
12000 271637 184849
12000 259477 176158
12000 266618 181202
12000 262778 178041
12000 254180 172815
12000 263917 180342
12000 266535 182633
12000 260680 176411
12000 260672 177709
12000 263713 178630
12000 256870 174232
12000 262160 177251
12000 266956 180830
12000 259219 173731
12000 265035 178325
12000 259786 177325
12100 263189 179079
12100 265580 181392
12100 270790 184463
12100 263264 176557
12100 271273 183418
12100 270669 184448
12100 270999 183363
12100 264834 180188
12100 273933 186347
12100 270443 183372
12100 227738 153702
12100 268165 182723
12100 272083 186243
12100 264929 178246
12100 261219 176083
12100 271159 184988
12100 267341 182583
12100 266561 180552
12100 260859 177108
12100 269099 184555
12100 263925 180289
12100 265759 180749
12100 265740 180941
12100 270687 183441
12100 263277 180613
12100 264726 180535
12100 269789 183829
12100 272243 185087
12100 264407 178707
12100 268626 183107
12100 265899 182850
12100 262130 179230
12100 263501 179560
12100 265356 179124
12100 272208 186925
12100 262937 178610
12100 260922 177340
12100 268619 183473
12100 264240 180822
12100 265138 181908
12100 275515 185887
12100 263668 178096
12100 267804 180001
12100 264334 178045
12100 267764 181635
12100 269201 181944
12100 268060 182989
12100 266163 181053
12100 264606 180367
12100 269546 184500
12200 269366 182408
12200 270761 185952
12200 268164 181586
12200 274219 186615
12200 269386 185684
12200 264322 178255
12200 270470 185133
12200 267989 182286
12200 268036 182336
12200 265626 179848
12200 265402 182540
12200 263505 180296
12200 268362 181426
12200 266030 180266
12200 271938 186633
12200 264264 179930
12200 269327 182328
12200 263784 178827
12200 270214 183223
12200 269394 184519
12200 269129 185550
12200 272713 184437
12200 271608 185160
12200 265498 179215
12200 271253 184959
12200 267413 182873
12200 265917 181010
12200 275967 188440
12200 273735 185731
12200 265914 181602
12200 266660 180745
12200 273038 184853
12200 267402 180779
12200 266338 180919
12200 266526 181344
12200 272731 186687
12200 269141 182170
12200 263577 179843
12200 270475 185130
12200 268998 182459
12200 268783 182412
12200 268359 183389
12200 269412 183974
12200 268905 183813
12200 271938 185295
12200 271038 185763
12200 267975 182855
12200 270300 184229
12200 266432 182452
12200 270367 182257
12300 267266 182849
12300 265815 180867
12300 229246 153309
12300 267398 182378
12300 279388 189364
12300 267054 182296
12300 264813 180095
12300 268604 183177
12300 272774 185478
12300 272969 184428
12300 272249 184218
12300 268050 182431
12300 268133 184460
12300 272852 185504
12300 274436 187300
12300 274966 186039
12300 269653 183698
12300 275631 188195
12300 270397 184375
12300 273294 185091
12300 271046 184309
12300 271251 184727
12300 270664 184500
12300 269436 182849
12300 276224 185819
12300 266421 182005
12300 270190 183568
12300 273476 184900
12300 269551 184382
12300 270786 185601
12300 263199 177800
12300 275624 187745
12300 272246 184387
12300 267478 180947
12300 268276 183467
12300 269177 183812
12300 271195 185360
12300 269978 183792
12300 275081 187341
12300 267625 181816
12300 272786 185231
12300 276196 188937
12300 274426 187046
12300 270464 184032
12300 273061 186698
12300 268751 181521
12300 270730 185815
12300 276084 188110
12300 264911 178831
12300 264288 178522
12400 280124 190964
12400 273935 186108
12400 268021 181899
12400 273378 184519
12400 277058 190308
12400 281541 192983
12400 273635 188295
12400 278381 188457
12400 270615 185704
12400 271178 185157
12400 268282 181987
12400 268827 181937
12400 271622 185471
12400 274703 188089
12400 281024 191171
12400 268933 180098
12400 272713 187008
12400 272062 183758
12400 272840 183795
12400 274091 186059
12400 281049 190955
12400 229232 155034
12400 270535 185927
12400 280814 189482
12400 272987 185427
12400 277386 189965
12400 272042 185122
12400 270691 183836
12400 276306 187429
12400 276071 188347
12400 282397 191007
12400 272424 186583
12400 273400 186061
12400 272195 185223
12400 274578 184247
12400 277167 189228
12400 278248 188820
12400 271281 185111
12400 278022 190508
12400 271158 184394
12400 276221 187691
12400 279345 190221
12400 272755 186945
12400 274791 188308
12400 277585 187910
12400 280842 192851
12400 271258 185962
12400 270319 181728
12400 273213 187628
12400 280452 191989
12500 275502 186395
12500 271768 186613
12500 266180 179840
12500 272364 185799
12500 275493 187588
12500 276687 188009
12500 272668 186171
12500 272665 185545
12500 269811 182105
12500 274785 187456
12500 275901 187003
12500 276684 188682
12500 273959 186327
12500 271118 182165
12500 275766 187139
12500 276368 188817
12500 268494 181885
12500 275844 188225
12500 271689 184124
12500 271474 183438
12500 277629 188422
12500 271171 185425
12500 273674 184759
12500 275526 187730
12500 275947 184840
12500 275651 186244
12500 272693 185841
12500 269064 182560
12500 270294 183450
12500 274214 187240
12500 270013 183728
12500 275505 187033
12500 269799 182999
12500 268558 181892
12500 269671 183021
12500 276435 185296
12500 275584 185350
12500 277466 188695
12500 274002 185270
12500 275054 185129
12500 271700 184480
12500 269062 182435
12500 271299 183521
12500 272108 184261
12500 277079 186985
12500 277065 186639
12500 273272 185335
12500 226387 148690
12500 274595 186928
12500 274921 186659
12600 277681 188471
12600 280308 188267
12600 271706 185143
12600 275923 188442
12600 279309 191012
12600 279554 189084
12600 280416 191196
12600 279054 189839
12600 277829 188457
12600 276194 189184
12600 277037 187616
12600 279887 190370
12600 280829 192834
12600 285577 193783
12600 290090 197798
12600 275206 187267
12600 279615 189624
12600 274060 185147
12600 275371 186836
12600 281128 190889
12600 276977 187283
12600 278326 190738
12600 283301 191637
12600 274481 186147
12600 282880 193551
12600 286927 192466
12600 274465 186287
12600 282594 191694
12600 279901 189862
12600 284457 193663
12600 280123 191130
12600 285101 193908
12600 275645 188163
12600 277366 187252
12600 279585 190202
12600 282973 191982
12600 273581 185160
12600 280798 189865
12600 233803 156798
12600 280594 189945
12600 282292 193392
12600 279563 191761
12600 270475 182840
12600 279047 190586
12600 273522 184300
12600 277010 189067
12600 277668 189158
12600 277081 188241
12600 281800 192721
12600 286922 193991
12700 281426 192943
12700 285165 193282
12700 278373 189709
12700 283848 192299
12700 286763 195324
12700 269887 181478
12700 288620 194675
12700 277191 190300
12700 281804 190887
12700 280823 191076
12700 277691 185869
12700 282405 189086
12700 283678 191999
12700 230915 155739
12700 277642 189722
12700 283758 192415
12700 282682 193250
12700 278652 188644
12700 283742 194285
12700 283116 193074
12700 285783 191906
12700 280759 188568
12700 278868 190578
12700 274146 186289
12700 281052 192560
12700 279421 188855
12700 287091 195279
12700 280952 191558
12700 281268 188657
12700 272514 185186
12700 281285 191915
12700 284763 193496
12700 284022 193404
12700 280171 193205
12700 275698 184856
12700 276350 187330
12700 284153 192745
12700 283523 193830
12700 281896 191964
12700 284464 194685
12700 281178 192354
12700 282204 192155
12700 287309 194982
12700 284904 192561
12700 282512 193041
12700 281585 191749
12700 280955 191472
12700 284522 192924
12700 286079 193521
12700 280365 191189
12800 282111 190409
12800 282190 192163
12800 282883 191781
12800 284894 194086
12800 287960 195247
12800 283788 193475
12800 286390 193429
12800 289559 198227
12800 278372 189615
12800 279996 190599
12800 276405 187705
12800 280297 191603
12800 283732 193081
12800 286208 194237
12800 279743 189557
12800 281799 193734
12800 280716 192126
12800 278166 190053
12800 282248 191122
12800 280779 188596
12800 280980 191286
12800 289522 196561
12800 283519 191402
12800 282169 191128
12800 276248 186585
12800 239183 160178
12800 284211 193262
12800 285563 195228
12800 289137 197526
12800 278143 188432
12800 282424 192220
12800 283438 191506
12800 237061 161280
12800 287398 193716
12800 284449 193898
12800 288761 194691
12800 278708 189272
12800 281352 190652
12800 289759 197964
12800 288149 195781
12800 277899 187386
12800 278239 188680
12800 282883 193838
12800 280968 191908
12800 284321 189759
12800 281983 191913
12800 279674 190487
12800 289619 197811
12800 281737 191132
12800 279349 190496
12900 289746 196340
12900 293672 199906
12900 291884 199755
12900 280487 189935
12900 280686 189978
12900 283285 191352
12900 290716 198167
12900 278288 188641
12900 283782 195194
12900 285747 194127
12900 238130 161366
12900 287458 195491
12900 285483 195063
12900 290615 197957
12900 286541 194567
12900 290173 195538
12900 288407 198157
12900 289153 196784
12900 287497 193635
12900 290000 198304
12900 279822 190490
12900 293069 200087
12900 285024 194562
12900 287357 195281
12900 286418 195647
12900 278013 187821
12900 289086 198383
12900 288048 194094
12900 287581 194708
12900 284584 194910
12900 279311 191382
12900 280385 189681
12900 283388 192390
12900 287381 195482
12900 291105 198184
12900 282168 191964
12900 282961 192561
12900 288813 196946
12900 288110 196437
12900 236906 159331
12900 279582 189642
12900 286501 195258
12900 283218 193696
12900 284112 193116
12900 297538 204915
12900 275087 183687
12900 287597 195275
12900 286862 195007
12900 280028 188806
12900 289027 197354
13000 280496 191031
13000 286042 193762
13000 288451 195805
13000 291234 197474
13000 237273 158239
13000 284513 193615
13000 284830 193984
13000 283793 192027
13000 288053 198097
13000 278957 188881
13000 285940 195726
13000 289195 191958
13000 288202 193443
13000 280684 187175
13000 284611 193388
13000 273009 185233
13000 287818 195935
13000 283371 191509
13000 287570 194612
13000 283064 190973
13000 286863 195810
13000 285325 194613
13000 282432 190433
13000 280696 188654
13000 284902 193550
13000 286309 193109
13000 290805 194127
13000 290206 197119
13000 288328 195550
13000 289439 197189
13000 282672 190658
13000 281782 191131
13000 288210 195636
13000 283545 192044
13000 281751 192061
13000 282838 193624
13000 287115 191554
13000 284992 192218
13000 287347 193005
13000 289582 196879
13000 291739 198156
13000 295933 199132
13000 288533 194725
13000 288674 195340
13000 278495 187675
13000 287817 196271
13000 282985 192020
13000 289768 195292
13000 281866 190395
13000 242659 162760
13100 288751 196985
13100 293031 199093
13100 294712 200853
13100 291818 198452
13100 288834 197078
13100 286300 196063
13100 289027 198539
13100 284214 194448
13100 294909 200503
13100 283909 190476
13100 297795 202253
13100 291916 198196
13100 292307 198152
13100 293534 200006
13100 287396 196021
13100 298020 205378
13100 286660 194962
13100 284850 194824
13100 288074 192421
13100 288593 197626
13100 296947 202901
13100 287540 195799
13100 298812 201140
13100 283809 189692
13100 292097 199345
13100 292047 197458
13100 293725 200607
13100 286155 194136
13100 286255 194766
13100 290780 197321
13100 295666 200689
13100 289702 197356
13100 292580 199554
13100 286931 194175
13100 291874 197727
13100 282724 191275
13100 290812 198299
13100 287713 195306
13100 289775 196944
13100 285039 192671
13100 284005 194487
13100 293155 197092
13100 293596 199741
13100 282695 191608
13100 280989 190715
13100 285645 195557
13100 293999 199166
13100 236147 158250
13100 287873 196612
13100 289233 196878
13200 294809 200876
13200 289319 196963
13200 290038 198266
13200 288329 195466
13200 286178 192547
13200 296797 201203
13200 290704 198506
13200 293374 198796
13200 296950 200610
13200 293754 200791
13200 299783 202554
13200 291302 199489
13200 301240 205467
13200 292056 200361
13200 296127 201917
13200 292792 198927
13200 292542 200216
13200 291356 196978
13200 297651 200171
13200 291849 198937
13200 292886 200116
13200 291740 199714
13200 282995 192216
13200 291930 198885
13200 291844 200178
13200 290106 195398
13200 246798 167071
13200 294113 199287
13200 298366 200333
13200 294228 200545
13200 294183 202329
13200 290610 197617
13200 296912 202445
13200 292191 197254
13200 296914 200640
13200 289415 196862
13200 283165 191962
13200 290473 199433
13200 299756 205392
13200 297097 203118
13200 290348 196269
13200 291325 199169
13200 300945 202493
13200 288353 195779
13200 291856 198940
13200 292046 197317
13200 289350 198380
13200 290281 197853
13200 292791 201221
13200 296770 202359
13300 292746 196064
13300 296787 200158
13300 286400 193792
13300 293434 199106
13300 292386 200648
13300 293029 201229
13300 293610 199014
13300 292756 199988
13300 291882 199839
13300 293966 200729
13300 293988 200782
13300 294887 200095
13300 288340 194996
13300 302405 206939
13300 295672 201606
13300 282034 190073
13300 289928 196649
13300 293795 200852
13300 291878 199205
13300 288963 196856
13300 291155 194645
13300 295110 201368
13300 295380 201236
13300 293838 199158
13300 294151 200992
13300 291180 196068
13300 294140 198966
13300 295758 199426
13300 295078 199668
13300 295265 200674
13300 290005 196821
13300 295242 199167
13300 291401 195198
13300 247466 167175
13300 304425 204520
13300 289084 196800
13300 295520 201092
13300 290087 197474
13300 295158 201119
13300 295338 201308
13300 304960 205764
13300 294799 202443
13300 293586 198302
13300 295176 200329
13300 295174 199975
13300 295059 200864
13300 293505 199817
13300 284449 190746
13300 294346 200214
13300 300763 205801
13400 299626 203856
13400 290596 199455
13400 304206 205755
13400 301793 203523
13400 298844 206077
13400 294974 201054
13400 296845 203138
13400 297008 202726
13400 298968 205215
13400 295121 202652
13400 301241 206287
13400 294906 200757
13400 298582 202825
13400 300045 205282
13400 301879 206130
13400 292402 199620
13400 299009 204586
13400 295256 202707
13400 291222 197865
13400 303484 209458
13400 302447 205489
13400 297424 201547
13400 299501 205704
13400 293865 199494
13400 297487 203648
13400 294081 199996
13400 299349 202617
13400 298442 202978
13400 296945 204045
13400 302552 205793
13400 305122 208163
13400 297634 203486
13400 288425 194302
13400 293949 200013
13400 295070 198692
13400 303586 206189
13400 295519 203008
13400 289834 195190
13400 297613 201664
13400 296544 199704
13400 294416 198600
13400 290395 199004
13400 296221 200394
13400 294171 199115
13400 297799 204508
13400 303335 207391
13400 297009 203926
13400 300645 205054
13400 294614 201253
13400 305191 207893
13500 296190 201899
13500 293432 198471
13500 291187 197995
13500 299425 204811
13500 296398 201103
13500 296502 197449
13500 296509 201804
13500 294108 199295
13500 294334 197968
13500 295006 198662
13500 299143 202948
13500 295054 201980
13500 304916 206791
13500 295494 200798
13500 298419 200842
13500 291666 198415
13500 295323 199210
13500 293460 199219
13500 301114 205198
13500 305448 207116
13500 291042 195514
13500 299184 203036
13500 294194 198735
13500 303122 206852
13500 299841 203460
13500 292256 198672
13500 299535 203109
13500 305663 208483
13500 296843 201310
13500 298747 203078
13500 297038 202828
13500 295549 201202
13500 304554 206308
13500 296204 201074
13500 302380 203914
13500 288611 195460
13500 296256 202101
13500 296441 200531
13500 297164 202558
13500 298616 204317
13500 303494 205175
13500 292415 196550
13500 303957 207848
13500 296143 199198
13500 301454 202893
13500 303733 206131
13500 290443 196998
13500 292645 197086
13500 297740 202213
13500 293960 198742
13600 301750 207040
13600 300741 203726
13600 298983 203950
13600 297100 201841
13600 295133 198322
13600 303865 204806
13600 300379 203572
13600 299253 202664
13600 251475 169890
13600 301620 203175
13600 300115 205603
13600 252821 170799
13600 306090 208611
13600 293275 199159
13600 304802 205337
13600 303391 206622
13600 297599 203912
13600 301375 204640
13600 302301 205602
13600 304313 206311
13600 303954 207905
13600 300678 202988
13600 301463 207550
13600 294927 199258
13600 302465 204116
13600 301436 205503
13600 301725 203272
13600 303014 207277
13600 301673 204747
13600 252605 171061
13600 288896 193127
13600 298043 202178
13600 245563 165260
13600 296903 202491
13600 297936 201533
13600 302041 206623
13600 295997 201888
13600 305747 206983
13600 300805 204366
13600 301322 206679
13600 300650 199519
13600 300721 204279
13600 302246 205363
13600 304149 207700
13600 298663 203298
13600 305192 209635
13600 293615 198634
13600 301301 203973
13600 294970 199020
13600 298361 201880
13700 297117 203552
13700 303764 208013
13700 313581 212524
13700 295215 201337
13700 301955 204927
13700 306475 208642
13700 303632 208941
13700 301413 205318
13700 307132 205319
13700 315594 214111
13700 310794 212244
13700 299514 203510
13700 300381 205861
13700 312396 212477
13700 306212 209493
13700 307616 210182
13700 301185 204749
13700 308098 208046
13700 253649 171740
13700 300725 204727
13700 304918 205382
13700 259660 174106
13700 300469 204345
13700 303763 207691
13700 289377 195639
13700 304666 204087
13700 304467 206834
13700 304560 208791
13700 293997 199058
13700 304062 206736
13700 303945 209018
13700 299153 203354
13700 305431 209012
13700 307023 209974
13700 297966 203820
13700 297863 203488
13700 296882 200981
13700 309456 208179
13700 299523 203478
13700 302906 207190
13700 303936 208101
13700 305494 206416
13700 299948 204931
13700 302958 207540
13700 302830 205402
13700 306965 207092
13700 297881 203544
13700 305389 209418
13700 298248 203723
13700 305128 209492
13800 303183 204900
13800 302948 206762
13800 309944 210704
13800 308520 210844
13800 304287 207490
13800 305089 206431
13800 303831 204565
13800 302706 207512
13800 312586 211675
13800 301870 207042
13800 305219 207999
13800 303812 206435
13800 301499 201925
13800 303048 207397
13800 297607 202634
13800 304091 208795
13800 305281 205548
13800 300021 203080
13800 304120 205697
13800 306629 210201
13800 299973 201975
13800 295002 200425
13800 299306 203204
13800 304086 203790
13800 308027 208429
13800 307455 207050
13800 299920 202755
13800 304006 207799
13800 309009 211313
13800 308948 207961
13800 300264 204440
13800 305371 207573
13800 298295 200086
13800 306468 207855
13800 304083 203512
13800 301779 206808
13800 302606 206615
13800 298620 203835
13800 305549 206052
13800 303465 206928
13800 303932 208455
13800 306586 208215
13800 302150 206047
13800 300123 203826
13800 311199 208262
13800 302932 205020
13800 311627 209146
13800 298280 202594
13800 302854 205567
13800 306427 209280
13900 310364 210118
13900 312697 213197
13900 315300 214480
13900 305118 208377
13900 307454 210638
13900 306126 208920
13900 304736 208857
13900 312122 212324
13900 305931 209855
13900 307393 209417
13900 303045 206028
13900 314663 214994
13900 307345 209719
13900 304718 208063
13900 299326 201130
13900 304290 207770
13900 310832 212469
13900 306838 209878
13900 300408 201388
13900 311724 212690
13900 305182 208905
13900 307019 211318
13900 309346 210299
13900 305336 206367
13900 301188 203662
13900 308530 211818
13900 312198 213761
13900 317216 216169
13900 310068 211410
13900 314037 212931
13900 314698 215733
13900 309363 209651
13900 291643 197598
13900 302433 205056
13900 318280 217785
13900 316387 214305
13900 300353 201835
13900 293253 197041
13900 311535 211738
13900 310559 212638
13900 303770 206994
13900 308244 209878
13900 301797 202948
13900 313891 214786
13900 313899 212496
13900 313834 214138
13900 312683 212548
13900 314636 214568
13900 306842 208300
13900 318922 213983
14000 314424 211432
14000 318852 216060
14000 307575 209551
14000 306577 207477
14000 307214 207685
14000 305101 206438
14000 314992 213521
14000 256804 172685
14000 312692 213091
14000 304223 203804
14000 307107 209652
14000 303359 204659
14000 311435 211182
14000 299829 201880
14000 313580 214124
14000 305404 207307
14000 307292 209703
14000 307140 206992
14000 311078 212541
14000 306296 206978
14000 310701 208451
14000 300992 202547
14000 258769 174887
14000 310997 210766
14000 308176 209337
14000 314746 212738
14000 305521 207477
14000 307192 207564
14000 306886 207094
14000 307692 208748
14000 302347 204609
14000 298557 202247
14000 309362 210119
14000 308402 211050
14000 311513 213509
14000 303304 205421
14000 308396 206766
14000 306721 208315
14000 305934 208185
14000 308570 210451
14000 317551 215170
14000 306032 206024
14000 309312 206699
14000 309064 208439
14000 301065 203095
14000 309665 210117
14000 308381 211595
14000 308912 208706
14000 313368 212548
14000 311217 213763
14100 312159 209136
14100 312389 210895
14100 311805 211441
14100 319709 219204
14100 305689 208585
14100 319186 217823
14100 310721 211078
14100 311729 212023
14100 315545 211870
14100 309113 211415
14100 311966 212268
14100 309505 209633
14100 305921 208096
14100 302823 205309
14100 310675 210663
14100 304486 205818
14100 314499 213207
14100 316531 214050
14100 312887 214844
14100 308490 208804
14100 313464 215107
14100 320908 218906
14100 311490 209479
14100 308234 210292
14100 306231 207396
14100 313674 212657
14100 307336 209456
14100 320772 215413
14100 314232 214053
14100 310436 210166
14100 317701 214737
14100 321952 217149
14100 318153 215573
14100 319122 217092
14100 315545 215152
14100 316707 215628
14100 307792 210858
14100 315446 215225
14100 312064 211586
14100 312624 211349
14100 313145 213498
14100 310513 213547
14100 314245 212578
14100 306544 207488
14100 306970 208967
14100 309615 209075
14100 315093 214090
14100 307056 207000
14100 317065 214395
14100 306867 206805
14200 313383 215144
14200 319607 218370
14200 321316 217128
14200 312889 212927
14200 329606 225620
14200 324407 217978
14200 314447 216057
14200 319496 217962
14200 308485 208897
14200 316783 214642
14200 315481 215062
14200 312816 209040
14200 317426 214234
14200 309896 208953
14200 316864 215150
14200 311260 213529
14200 309986 210066
14200 321016 217833
14200 318018 217108
14200 263689 178294
14200 316426 216902
14200 302430 203906
14200 313934 213884
14200 313474 209397
14200 315425 214847
14200 315327 214961
14200 312193 213578
14200 311781 213481
14200 314026 212744
14200 312380 213099
14200 319546 216756
14200 310877 212422
14200 318385 215597
14200 306816 206979
14200 314516 216373
14200 310177 212343
14200 317128 215231
14200 325528 220481
14200 307315 210171
14200 312367 209137
14200 314893 213634
14200 309249 210608
14200 318642 215808
14200 309820 209693
14200 326047 221589
14200 307924 207144
14200 315992 213732
14200 319009 216149
14200 316361 215366
14200 318191 216721
14300 316156 211022
14300 320398 218187
14300 320569 214835
14300 317975 216542
14300 320178 214145
14300 313035 212903
14300 317382 215991
14300 319446 214727
14300 320043 217490
14300 312184 213335
14300 315182 214781
14300 307675 206197
14300 315896 212425
14300 314299 211831
14300 316937 213805
14300 314099 210505
14300 320036 217949
14300 318392 216406
14300 322714 219140
14300 321114 216577
14300 315053 213395
14300 319892 214519
14300 311545 209837
14300 309868 211506
14300 318246 218489
14300 312367 212111
14300 311243 211247
14300 317615 217158
14300 319220 217353
14300 320375 217956
14300 318843 215062
14300 315325 215173
14300 318678 216314
14300 318836 217627
14300 309975 206672
14300 321995 217930
14300 312596 212912
14300 318115 216633
14300 311702 212114
14300 312697 212629
14300 255291 169050
14300 307484 208272
14300 310317 212112
14300 259350 173644
14300 312040 212379
14300 309669 211019
14300 314207 211933
14300 319496 216502
14300 316892 213508
14300 322278 218796
14400 317036 213111
14400 317402 215377
14400 323938 219239
14400 321312 218770
14400 318937 217517
14400 326226 220506
14400 313800 213096
14400 316005 214211
14400 326211 223659
14400 321830 221237
14400 319288 214911
14400 324171 222332
14400 319060 214781
14400 319832 218879
14400 328446 222604
14400 323791 220759
14400 316657 216329
14400 320018 219057
14400 273112 184041
14400 327580 224257
14400 323419 219701
14400 316224 214999
14400 313779 213249
14400 323047 221194
14400 315741 215950
14400 314377 214972
14400 325275 218373
14400 327450 222090
14400 318298 214012
14400 316338 216817
14400 324338 219848
14400 320270 216580
14400 321559 216543
14400 328029 223284
14400 319570 217462
14400 320130 217476
14400 318365 217640
14400 328147 223333
14400 320076 219301
14400 320398 219519
14400 317429 215767
14400 320029 216003
14400 314477 214839
14400 322319 219862
14400 317581 214770
14400 326823 223909
14400 313939 212898
14400 310381 210376
14400 317034 214149
14400 317892 214545
14500 319386 216257
14500 319911 217084
14500 325606 220647
14500 322228 216758
14500 316778 216305
14500 320797 218426
14500 321383 216379
14500 319918 217397
14500 319513 214777
14500 327080 223209
14500 322525 218917
14500 317595 214947
14500 314242 212580
14500 316346 214118
14500 320996 217207
14500 328936 220399
14500 316473 210857
14500 316363 214421
14500 320010 215822
14500 319636 215798
14500 321722 217600
14500 326928 221943
14500 318063 215643
14500 312549 210535
14500 313893 212073
14500 324915 222654
14500 320413 217701
14500 318237 214383
14500 272344 182042
14500 312997 211125
14500 322933 220746
14500 319137 216648
14500 317200 214679
14500 319306 218556
14500 329643 224377
14500 322206 219906
14500 325888 222130
14500 267134 179743
14500 330852 223783
14500 322331 218616
14500 322748 216256
14500 326025 219938
14500 326016 219483
14500 324967 221451
14500 318960 217722
14500 325002 219891
14500 319833 216627
14500 310549 210710
14500 317008 216156
14500 315400 213694
14600 323185 220289
14600 332856 226943
14600 322641 220458
14600 322542 216649
14600 327043 222138
14600 321397 217025
14600 321507 220772
14600 330626 223666
14600 314687 211746
14600 323782 218333
14600 323282 220323
14600 328360 223582
14600 319634 218053
14600 318916 216151
14600 316565 215150
14600 331635 227303
14600 320620 217430
14600 321238 219464
14600 273920 184154
14600 325588 221643
14600 322346 219391
14600 317925 214994
14600 327646 223486
14600 323892 221584
14600 327115 221008
14600 322493 219794
14600 317708 215961
14600 328489 223933
14600 322681 219893
14600 322990 219560
14600 322958 220017
14600 329694 224497
14600 324149 221265
14600 319934 216391
14600 331295 226971
14600 325183 222127
14600 321304 218873
14600 324679 220900
14600 319008 217186
14600 330907 223684
14600 324180 219681
14600 322490 218242
14600 322092 220575
14600 311640 208935
14600 317415 213920
14600 319524 216793
14600 324752 217703
14600 323040 219871
14600 320764 216559
14600 324549 219965
14700 336998 228159
14700 331366 226859
14700 334916 228279
14700 337504 228699
14700 330880 224672
14700 329348 222459
14700 327557 221001
14700 324359 221269
14700 321813 216579
14700 323693 221836
14700 328506 223876
14700 270243 182913
14700 338357 230196
14700 332875 227574
14700 325918 221063
14700 323428 219377
14700 321161 215708
14700 327704 224263
14700 319077 217987
14700 324601 218680
14700 325628 222337
14700 329112 224041
14700 328539 225065
14700 326839 223629
14700 323892 218813
14700 321558 218021
14700 329930 226373
14700 273628 183949
14700 327989 223735
14700 314755 209581
14700 323382 218787
14700 328291 222674
14700 325787 218970
14700 320179 214784
14700 326411 224458
14700 322458 221101
14700 327371 224438
14700 327764 223206
14700 328881 224139
14700 324740 222472
14700 326665 222658
14700 328466 224766
14700 324484 221809
14700 329806 223036
14700 328351 222505
14700 325153 222110
14700 328380 224177
14700 328371 225453
14700 336836 232708
14700 326631 224615
14800 330395 224943
14800 332931 225411
14800 328428 224181
14800 274714 185255
14800 324648 221414
14800 320571 216677
14800 326953 220981
14800 324367 222033
14800 328024 223466
14800 321552 219434
14800 326868 222923
14800 326507 222122
14800 329357 222221
14800 326780 222967
14800 328354 222305
14800 327795 221484
14800 328986 221762
14800 316449 214401
14800 272355 180756
14800 333760 226294
14800 329677 222212
14800 328153 220542
14800 329843 221444
14800 332653 225770
14800 330628 227212
14800 325369 223148
14800 327895 224044
14800 334029 228169
14800 330647 225823
14800 331760 224564
14800 324974 220237
14800 329191 224382
14800 327268 220633
14800 322037 218513
14800 330656 223132
14800 331646 224955
14800 333141 225056
14800 318143 214772
14800 324434 220428
14800 327990 223777
14800 329646 224035
14800 336790 227113
14800 329004 223214
14800 320494 218110
14800 336879 228653
14800 329262 225770
14800 326273 222699
14800 327900 222093
14800 330060 225924
14800 318239 213907
14900 334565 229145
14900 332013 225497
14900 334824 228614
14900 275490 185919
14900 334889 228583
14900 341033 232760
14900 338340 231921
14900 333379 226290
14900 327471 221759
14900 325135 221672
14900 336491 229182
14900 330865 225985
14900 333106 228070
14900 328441 223060
14900 340099 233872
14900 331400 226174
14900 326343 220226
14900 325330 219828
14900 338541 228751
14900 331818 227227
14900 326386 222472
14900 328603 224544
14900 326159 221970
14900 333648 226394
14900 339823 230161
14900 327263 224577
14900 333247 225765
14900 334017 225032
14900 327821 224720
14900 334058 229912
14900 332493 226849
14900 329404 224793
14900 334000 226265
14900 337874 227820
14900 333891 225266
14900 338752 231853
14900 332950 223615
14900 332766 226427
14900 329655 226200
14900 326881 221567
14900 333156 227224
14900 339826 231250
14900 328768 223400
14900 342996 233659
14900 332118 226197
14900 332252 227759
14900 329475 224941
14900 333261 224552
14900 332568 228353
14900 328581 223719
15000 331478 223663
15000 284242 190850
15000 336364 228888
15000 333197 224402
15000 342315 229554
15000 324870 218037
15000 336929 227425
15000 331077 224878
15000 338480 228323
15000 326947 222339
15000 329768 223907
15000 331519 225320
15000 323305 214064
15000 273976 184520
15000 331207 224228
15000 332376 225700
15000 329305 223201
15000 336716 227987
15000 335026 226824
15000 271172 183098
15000 324293 218020
15000 333406 226005
15000 338076 229393
15000 323787 220694
15000 331253 226362
15000 332070 223697
15000 334666 226026
15000 276937 184483
15000 331641 223310
15000 324721 218860
15000 330987 223357
15000 337418 226407
15000 336431 226103
15000 327469 218515
15000 338486 228980
15000 328482 223772
15000 338253 229867
15000 321098 214246
15000 325606 220819
15000 335523 227856
15000 329881 223546
15000 274209 183309
15000 275157 185092
15000 322978 217743
15000 323879 218538
15000 320936 215313
15000 326159 219567
15000 332092 222514
15000 326507 222670
15000 325878 221416
15100 332423 225918
15100 333791 226543
15100 334405 227846
15100 330705 224460
15100 338064 229405
15100 340939 231691
15100 338485 231016
15100 325464 218108
15100 342867 232267
15100 336118 227970
15100 337641 225812
15100 332247 225638
15100 279750 187136
15100 330100 225449
15100 331707 226004
15100 343826 233819
15100 336046 229398
15100 336773 229229
15100 327474 220550
15100 337039 230006
15100 334438 226816
15100 336947 228848
15100 333611 226010
15100 340392 230099
15100 331641 225850
15100 339457 230569
15100 282695 190093
15100 338105 231640
15100 324295 217051
15100 329109 224865
15100 334095 225872
15100 330187 223623
15100 338746 230441
15100 328349 222372
15100 331854 226816
15100 328594 222819
15100 277532 186909
15100 329786 222551
15100 327305 220211
15100 334578 228855
15100 337012 228035
15100 340580 230548
15100 336333 228111
15100 330781 224861
15100 334828 227935
15100 333031 225441
15100 331064 223782
15100 338559 230055
15100 334164 228383
15100 332423 226439
15200 337091 229484
15200 331190 224989
15200 330356 226811
15200 348331 238440
15200 347480 237681
15200 338050 230079
15200 334951 226801
15200 338853 230692
15200 335311 230303
15200 339136 230291
15200 331938 221910
15200 336773 229306
15200 343046 234599
15200 348827 234059
15200 341969 231664
15200 343973 234444
15200 337834 229642
15200 335178 225038
15200 341774 230758
15200 337487 228476
15200 344932 233705
15200 331490 223877
15200 335718 229415
15200 339914 226229
15200 336505 228309
15200 337776 229983
15200 333333 226635
15200 334314 225116
15200 343957 234294
15200 332829 224889
15200 344251 233955
15200 334014 229077
15200 340776 229591
15200 328958 223525
15200 338232 229757
15200 332385 227066
15200 343207 232403
15200 350744 242541
15200 337729 229464
15200 341965 234055
15200 346960 236973
15200 334909 227948
15200 335817 228508
15200 334864 227359
15200 334694 224320
15200 336396 228370
15200 337520 229753
15200 339282 231489
15200 333208 228133
15200 335206 228376
15300 343917 233750
15300 336954 230206
15300 334972 226233
15300 339792 230841
15300 343577 231525
15300 335315 225969
15300 345566 233352
15300 333209 227985
15300 341639 231435
15300 335383 226203
15300 336125 228254
15300 343861 234122
15300 338013 229158
15300 345110 235326
15300 335870 227792
15300 340767 229826
15300 344568 234856
15300 336879 226130
15300 334791 229074
15300 329368 222053
15300 339356 233878
15300 326567 219095
15300 342718 230748
15300 335971 228354
15300 345265 231360
15300 330617 222131
15300 335184 226036
15300 331570 226809
15300 337986 229963
15300 336477 230106
15300 330747 225355
15300 342961 233924
15300 335824 227458
15300 338669 231020
15300 344034 232860
15300 339268 232225
15300 338723 228847
15300 334007 225509
15300 345519 235307
15300 339146 230278
15300 346429 237046
15300 345166 235491
15300 337113 228824
15300 331853 223559
15300 335184 227882
15300 349929 237935
15300 338572 229427
15300 340516 229999
15300 338941 230442
15300 337659 225285
15400 343771 233279
15400 342056 232131
15400 343316 232560
15400 355224 241393
15400 341793 230339
15400 346737 235546
15400 337465 231717
15400 346097 235014
15400 348151 235340
15400 352377 240044
15400 347519 237343
15400 342046 234085
15400 344071 236951
15400 345472 236450
15400 349594 239526
15400 345668 237153
15400 339442 230574
15400 345192 235575
15400 348487 235501
15400 340173 230101
15400 341408 230916
15400 348626 240230
15400 338940 232848
15400 350387 239003
15400 338423 227662
15400 343130 232808
15400 343937 231076
15400 340353 229283
15400 336813 229273
15400 344954 237265
15400 342832 230565
15400 350761 238112
15400 344945 235874
15400 338836 233025
15400 347342 234393
15400 341293 230657
15400 342194 231962
15400 339525 229503
15400 347261 234790
15400 340146 231628
15400 347829 235914
15400 341576 231413
15400 340275 233024
15400 336756 228343
15400 340286 233085
15400 346565 234555
15400 339026 230659
15400 333838 224235
15400 343812 235006
15400 339355 230245
15500 347952 233383
15500 339707 230213
15500 333349 223954
15500 337495 229451
15500 344017 230765
15500 345855 233507
15500 342526 234594
15500 344093 233304
15500 340399 232422
15500 278366 186287
15500 338588 229878
15500 340334 230151
15500 345730 234238
15500 340583 230603
15500 289443 193697
15500 340957 231974
15500 343985 233813
15500 344012 232394
15500 339219 229427
15500 352251 239206
15500 336549 228339
15500 287427 194397
15500 338732 231182
15500 337912 227404
15500 352389 238546
15500 341609 230324
15500 342253 229339
15500 340554 231690
15500 347499 234126
15500 292780 196358
15500 342359 232204
15500 339959 228166
15500 338638 229793
15500 348367 235329
15500 349925 236738
15500 331636 224972
15500 339855 230190
15500 328619 221100
15500 337047 229258
15500 342225 233162
15500 341967 232358
15500 348632 233037
15500 335823 226576
15500 339841 230411
15500 346078 235372
15500 341601 230648
15500 334912 227077
15500 339833 230251
15500 338009 229426
15500 346970 234964
15600 346926 235988
15600 341447 232902
15600 341365 232752
15600 346945 234952
15600 344918 236083
15600 343624 232574
15600 343698 234957
15600 342078 233684
15600 346658 236854
15600 335420 225271
15600 342539 233167
15600 349707 237285
15600 345475 233417
15600 342269 235292
15600 344363 233722
15600 345916 234236
15600 347502 235364
15600 356292 241964
15600 352235 238488
15600 342952 230675
15600 344552 233782
15600 347287 237929
15600 342694 233262
15600 348213 237886
15600 348969 237151
15600 345915 236835
15600 354139 239448
15600 345327 234619
15600 346560 235218
15600 343915 233247
15600 342515 230984
15600 339422 231561
15600 343782 234451
15600 349397 236192
15600 339253 228715
15600 348942 235350
15600 350156 238216
15600 348882 238277
15600 339143 228881
15600 356687 240736
15600 339543 228871
15600 351821 239702
15600 335072 223489
15600 348931 236090
15600 358240 243438
15600 349742 238053
15600 346547 231638
15600 352462 236998
15600 334904 226689
15600 353111 241655
15700 349671 238299
15700 345918 235571
15700 348812 239097
15700 356219 242378
15700 342025 230923
15700 298951 201691
15700 346387 234825
15700 348137 237895
15700 348290 238415
15700 346426 235996
15700 346745 237503
15700 339322 229083
15700 290676 195625
15700 346246 234159
15700 350902 239669
15700 353641 240246
15700 348793 238364
15700 348105 236412
15700 350364 237742
15700 346248 236491
15700 342992 232183
15700 355455 239592
15700 292515 197483
15700 345555 234619
15700 346587 237817
15700 348412 238247
15700 354140 240068
15700 355386 242869
15700 300874 201057
15700 353131 239610
15700 344657 232375
15700 354283 241682
15700 339464 231215
15700 352791 237085
15700 357316 241162
15700 349442 237793
15700 353687 241536
15700 348931 236881
15700 348885 238133
15700 362808 247712
15700 344794 235344
15700 293508 198490
15700 345143 233630
15700 349972 238762
15700 357603 244446
15700 347359 234023
15700 344186 234055
15700 354068 240038
15700 350791 239308
15700 338056 228124
15800 356445 244202
15800 346915 236856
15800 346695 235996
15800 353722 240997
15800 296262 199262
15800 353768 242190
15800 351884 240335
15800 351193 239446
15800 352084 239551
15800 353244 236429
15800 350207 235859
15800 342503 231289
15800 353963 240241
15800 290466 195940
15800 355877 240843
15800 351237 240665
15800 345009 236364
15800 354449 240843
15800 349023 236572
15800 342930 232839
15800 352664 242072
15800 347622 235225
15800 354465 238444
15800 346845 233587
15800 357486 242450
15800 353044 240082
15800 351231 237923
15800 349725 240574
15800 349362 235552
15800 350509 239678
15800 333166 223997
15800 348818 238653
15800 290973 196801
15800 285465 191313
15800 351899 239361
15800 351515 238697
15800 357573 243144
15800 347628 232350
15800 352944 238012
15800 354835 242502
15800 356021 238897
15800 353139 239132
15800 355165 240653
15800 357325 241946
15800 357414 243235
15800 351322 241705
15800 361637 245856
15800 349822 238622
15800 345221 235413
15800 288583 193629
15900 345529 233838
15900 352851 241578
15900 352399 242842
15900 287047 193572
15900 353236 240801
15900 361896 246449
15900 359811 244712
15900 294757 199751
15900 360201 246251
15900 355155 241050
15900 357228 241935
15900 352550 242086
15900 350285 240936
15900 352118 241220
15900 351113 240740
15900 363554 249029
15900 361560 247639
15900 349486 238235
15900 293495 197765
15900 355591 244088
15900 357473 243034
15900 360643 246667
15900 356045 243774
15900 366071 250430
15900 352435 240894
15900 354532 239127
15900 361433 245397
15900 361611 245649
15900 356399 244854
15900 359180 244760
15900 348894 237186
15900 356001 245769
15900 344451 233595
15900 356496 243347
15900 357683 241457
15900 356474 242607
15900 357253 244823
15900 361565 247282
15900 362657 245143
15900 357223 244083
15900 355684 241460
15900 356251 243300
15900 364797 249291
15900 350723 239760
15900 342436 231799
15900 361237 244487
15900 341121 230593
15900 350320 239571
15900 357752 243030
15900 354449 242302
16000 346652 234562
16000 351533 238918
16000 352937 241303
16000 351284 240858
16000 353344 234459
16000 359132 243876
16000 351788 237862
16000 355750 238308
16000 345618 234974
16000 350085 237462
16000 354120 237935
16000 352203 237155
16000 350413 238170
16000 350316 233974
16000 351113 238347
16000 355857 236943
16000 353551 238497
16000 346677 234709
16000 353488 238895
16000 355254 242887
16000 347081 234263
16000 358186 241496
16000 368408 248347
16000 364138 246724
16000 356946 238449
16000 348355 236343
16000 347909 235473
16000 359250 241670
16000 349979 237614
16000 353738 238642
16000 357884 241900
16000 347114 235011
16000 350204 238461
16000 348314 235676
16000 353775 239993
16000 351404 238192
16000 350249 235760
16000 353763 240094
16000 347997 234358
16000 351268 236824
16000 358773 244821
16000 351897 239347
16000 357457 242402
16000 350004 235779
16000 354152 237976
16000 346395 231775
16000 352406 240195
16000 348216 236412
16000 349529 237900
16000 357704 241439
16100 358808 243362
16100 355878 243306
16100 353813 241585
16100 371900 253368
16100 353770 239378
16100 361939 247365
16100 366953 249518
16100 362937 244601
16100 356699 240736
16100 358523 243117
16100 360509 243110
16100 351101 238601
16100 364230 247272
16100 357165 241026
16100 352993 239049
16100 347529 234739
16100 353913 239792
16100 358589 242089
16100 360166 244003
16100 357902 242155
16100 348529 237654
16100 353918 239184
16100 303883 203695
16100 359604 244355
16100 361525 245052
16100 304757 205088
16100 350376 235766
16100 355817 242273
16100 355347 242645
16100 359588 242752
16100 361696 246520
16100 362783 247079
16100 357662 241120
16100 357971 240039
16100 357666 244310
16100 357325 240279
16100 359197 246590
16100 358758 242576
16100 367711 248798
16100 352745 240045
16100 353565 240958
16100 352041 236228
16100 353021 241635
16100 349151 234990
16100 360200 245358
16100 356219 242878
16100 355246 240713
16100 353293 240587
16100 354783 241666
16100 351721 237452
16200 365049 249131
16200 356362 243100
16200 355696 242174
16200 362229 245652
16200 363749 244762
16200 364368 248100
16200 357223 244609
16200 360338 242910
16200 353163 237135
16200 359430 246390
16200 361964 245717
16200 357605 241433
16200 356381 242255
16200 351057 241114
16200 356704 242622
16200 360779 245172
16200 354851 242159
16200 358680 244849
16200 360967 246257
16200 370967 252339
16200 352308 236244
16200 369053 251037
16200 356482 238043
16200 362783 247046
16200 358566 244279
16200 360245 243866
16200 296435 199162
16200 361801 246616
16200 363443 248027
16200 357047 244953
16200 359094 247009
16200 361230 245157
16200 365978 248450
16200 350995 238200
16200 347879 235074
16200 356603 242382
16200 349313 236579
16200 366370 248904
16200 354513 242627
16200 365708 245112
16200 356920 243185
16200 360047 245916
16200 357949 242642
16200 303341 204555
16200 360124 245299
16200 345981 233114
16200 350981 237891
16200 354450 240217
16200 366861 250550
16200 299141 201298
16300 361911 242975
16300 355147 238903
16300 368115 247007
16300 361365 247498
16300 368169 250327
16300 362074 246875
16300 347877 233378
16300 359688 239619
16300 367492 246259
16300 361235 243865
16300 357071 243143
16300 363830 246086
16300 358680 242429
16300 352337 238684
16300 363519 246191
16300 358077 243256
16300 364037 247562
16300 365365 247550
16300 363183 246206
16300 367553 249624
16300 362484 245643
16300 365102 247662
16300 357853 243531
16300 364608 246663
16300 362994 248258
16300 364784 247719
16300 356301 241007
16300 359843 242805
16300 353858 240629
16300 357845 241070
16300 367327 248395
16300 356840 243937
16300 365949 249436
16300 362138 242627
16300 363736 246229
16300 346642 232348
16300 362161 246425
16300 362898 246734
16300 358343 243300
16300 354095 237893
16300 355256 241754
16300 355972 241805
16300 360848 242282
16300 358747 244963
16300 361621 245404
16300 357796 243673
16300 362737 246116
16300 367545 248043
16300 350665 235046
16300 362341 246212
16400 376125 256507
16400 362378 245261
16400 359559 244656
16400 367398 246531
16400 365049 249489
16400 363697 242752
16400 361428 247614
16400 373814 255119
16400 311568 209375
16400 364451 248601
16400 367606 247844
16400 368103 249863
16400 363992 245941
16400 366732 248267
16400 371718 250702
16400 309033 207042
16400 369062 252861
16400 369110 250462
16400 368328 249763
16400 371698 254586
16400 375782 255622
16400 365537 249161
16400 359921 245165
16400 368212 251654
16400 375799 256184
16400 365789 251633
16400 360540 244544
16400 361217 247469
16400 363628 247148
16400 367066 252969
16400 369086 252863
16400 367886 249208
16400 364695 245016
16400 362536 247790
16400 361638 244700
16400 366458 250866
16400 368997 252349
16400 353963 239886
16400 374332 254281
16400 369141 252314
16400 366117 252059
16400 364186 249955
16400 363755 243541
16400 369864 252018
16400 359396 245203
16400 365627 248695
16400 360928 245580
16400 363581 247716
16400 371435 252325
16400 364042 246550
16500 357107 241353
16500 354665 239757
16500 372484 252717
16500 374802 254368
16500 361511 246941
16500 366110 248083
16500 365782 244632
16500 362186 243981
16500 360390 243183
16500 305497 207542
16500 352551 236523
16500 364726 246651
16500 375957 255084
16500 364730 248769
16500 361300 245053
16500 359026 244792
16500 359491 239525
16500 359514 243008
16500 361281 242336
16500 361057 243398
16500 365729 247047
16500 364789 248020
16500 371115 247591
16500 363156 243298
16500 365279 246732
16500 365147 248872
16500 371591 249856
16500 365215 248008
16500 362356 245817
16500 363545 244734
16500 364975 248393
16500 365889 249138
16500 363667 247969
16500 360126 244112
16500 364171 248976
16500 360338 245360
16500 360118 243348
16500 350789 238408
16500 366686 247250
16500 369059 250892
16500 356682 240840
16500 363664 245012
16500 369728 250764
16500 368477 250070
16500 361417 245455
16500 358482 242245
16500 370193 251004
16500 366541 249852
16500 372355 251198
16500 367217 249487
16600 367399 248475
16600 365087 245635
16600 373060 254968
16600 380386 257560
16600 367414 249356
16600 374114 253285
16600 375399 252251
16600 381106 257054
16600 361464 246527
16600 362969 247684
16600 371277 251073
16600 368255 251317
16600 366103 248250
16600 370181 252573
16600 367636 250531
16600 369651 249539
16600 366179 249600
16600 369308 252161
16600 367510 248489
16600 369741 252347
16600 368079 249736
16600 368778 249129
16600 375202 256503
16600 379285 256626
16600 368429 249791
16600 364311 246514
16600 377273 257118
16600 369815 253330
16600 373260 256153
16600 363396 246327
16600 373827 252734
16600 365688 245600
16600 373744 250081
16600 309063 206539
16600 367814 250456
16600 361946 244826
16600 359022 243561
16600 370166 252837
16600 358520 240789
16600 368871 250804
16600 360536 242481
16600 366382 249048
16600 371546 252112
16600 366674 247513
16600 359670 242396
16600 369865 251621
16600 354567 238048
16600 368523 249109
16600 371969 254470
16600 368246 251592
16700 370510 252161
16700 376223 256869
16700 370120 251336
16700 370985 254778
16700 363563 242295
16700 371596 252876
16700 370654 252270
16700 312454 209021
16700 377732 255601
16700 371663 252952
16700 381119 258832
16700 377362 253921
16700 367961 251649
16700 365809 248307
16700 369971 252911
16700 365696 247253
16700 371935 253911
16700 374438 253632
16700 372957 252844
16700 372072 252555
16700 303797 205706
16700 373646 252507
16700 378473 258147
16700 371503 252845
16700 372880 253309
16700 373791 253020
16700 370191 250690
16700 369091 251121
16700 367590 248596
16700 370175 254344
16700 373315 255882
16700 366855 250699
16700 382495 260791
16700 366918 249278
16700 370311 247796
16700 371776 251420
16700 375121 253970
16700 369695 251412
16700 373127 251157
16700 374876 256133
16700 361639 245341
16700 375008 254495
16700 366215 248872
16700 365221 248400
16700 375650 254089
16700 381677 256593
16700 369244 246352
16700 372284 251873
16700 368391 250566
16700 370483 251888
16800 369798 253067
16800 374307 253641
16800 368468 248684
16800 374013 251920
16800 372550 254850
16800 372975 253863
16800 370805 251670
16800 369947 252754
16800 368958 251714
16800 385241 262897
16800 356491 239773
16800 373797 252219
16800 371658 252152
16800 368396 247706
16800 377571 255393
16800 372986 254529
16800 366365 249268
16800 370137 249811
16800 376427 257232
16800 363333 246861
16800 364465 248413
16800 373038 249998
16800 372176 251968
16800 365970 247648
16800 373478 251910
16800 371813 253643
16800 376888 253805
16800 382956 261292
16800 375261 256798
16800 370839 252322
16800 371050 253782
16800 380560 255755
16800 367353 247412
16800 367204 249521
16800 373373 251785
16800 369764 249934
16800 371355 253856
16800 365184 246275
16800 378472 258739
16800 383481 260258
16800 375374 255678
16800 369420 251466
16800 307819 207214
16800 376048 256990
16800 364762 248439
16800 373697 254058
16800 379467 257519
16800 376070 255775
16800 368901 249354
16800 372741 251895
16900 371504 253285
16900 370641 251437
16900 371289 254209
16900 375499 254374
16900 386829 260469
16900 378650 258610
16900 388346 263641
16900 379054 260259
16900 373387 252847
16900 374108 256101
16900 383309 259383
16900 377122 257803
16900 384852 264405
16900 381681 256409
16900 373148 252230
16900 376965 253992
16900 380533 258440
16900 371378 252879
16900 310850 209365
16900 376075 258394
16900 377104 258158
16900 373230 254068
16900 378998 257663
16900 372462 255543
16900 383517 260616
16900 368257 250016
16900 377410 256053
16900 376203 257328
16900 379892 260310
16900 381349 257402
16900 374991 255197
16900 372814 251345
16900 387153 261996
16900 378209 259668
16900 375236 256710
16900 377197 260039
16900 374729 251901
16900 370768 251232
16900 381164 259625
16900 380269 256123
16900 378613 255431
16900 372769 254748
16900 375931 255343
16900 375578 255667
16900 379796 258885
16900 377510 256660
16900 378947 258596
16900 375018 253400
16900 381094 256369
16900 364047 246671
17000 370931 251724
17000 320136 216294
17000 383869 261229
17000 385918 257361
17000 356333 241260
17000 382383 259336
17000 371520 252946
17000 381139 258642
17000 380547 258846
17000 367574 245940
17000 371568 252159
17000 376605 254019
17000 390704 264469
17000 377943 254414
17000 383552 258650
17000 370349 250863
17000 373932 253952
17000 310401 210068
17000 377366 254040
17000 379302 260030
17000 373316 251566
17000 375455 256492
17000 383272 258816
17000 382080 259190
17000 377093 256277
17000 374019 252405
17000 370354 248455
17000 373237 253148
17000 373717 251733
17000 319880 214503
17000 378874 257571
17000 385900 261543
17000 374761 253673
17000 386777 262091
17000 374515 252705
17000 373212 253002
17000 375446 253084
17000 377673 257631
17000 363626 246601
17000 378610 256771
17000 370826 248758
17000 376454 251990
17000 375423 253589
17000 372568 251112
17000 386105 259665
17000 385621 260553
17000 374533 256709
17000 386373 263482
17000 380210 257980
17000 383363 258782
17100 376700 255877
17100 381142 259732
17100 384490 259891
17100 380502 259862
17100 382930 261278
17100 381629 259796
17100 378043 255832
17100 380940 259745
17100 384438 260346
17100 381818 257637
17100 386074 263701
17100 379585 258159
17100 377036 253995
17100 389332 261129
17100 378332 257183
17100 378248 254735
17100 380622 257385
17100 380553 259135
17100 382455 258442
17100 375140 252512
17100 377132 257155
17100 374557 254811
17100 380085 257566
17100 383897 258974
17100 380726 258785
17100 389638 260995
17100 386464 263374
17100 382950 259667
17100 376337 257630
17100 377923 258055
17100 374324 254042
17100 384275 263063
17100 379135 256095
17100 379639 257698
17100 383061 258586
17100 380611 259329
17100 394940 269491
17100 376013 254130
17100 376097 257752
17100 372485 251290
17100 384721 259097
17100 385327 259650
17100 378736 257652
17100 378388 251452
17100 381545 260137
17100 385335 260551
17100 375076 254095
17100 386930 260795
17100 382839 259330
17100 375292 253692
17200 385651 261966
17200 393616 265567
17200 381880 259810
17200 380141 253165
17200 316114 209530
17200 392603 265691
17200 389012 260938
17200 379990 258930
17200 384809 262253
17200 391148 265627
17200 385018 259113
17200 377069 256472
17200 387395 263311
17200 387730 263502
17200 383681 262773
17200 317340 211603
17200 388261 261978
17200 379837 257861
17200 381397 258388
17200 385635 263105
17200 384612 263744
17200 376836 254352
17200 379272 254936
17200 390072 264589
17200 371979 251256
17200 387699 263496
17200 388611 262269
17200 381555 259508
17200 378651 257303
17200 381414 256892
17200 379126 258572
17200 374732 254611
17200 389020 264518
17200 379750 260143
17200 381854 260004
17200 391467 266453
17200 313925 208755
17200 379580 256434
17200 383495 262177
17200 363941 246754
17200 394547 268263
17200 378175 256984
17200 382230 259920
17200 375406 255568
17200 376884 256687
17200 382895 258836
17200 378966 256815
17200 389641 266274
17200 376870 256322
17200 384860 262122
17300 315127 212071
17300 401414 272595
17300 390353 264614
17300 367846 249234
17300 387995 261467
17300 377190 254492
17300 393316 265503
17300 384635 259851
17300 380289 255872
17300 378432 255212
17300 377775 257118
17300 378100 257395
17300 381008 255730
17300 382516 258087
17300 381020 257916
17300 387029 261084
17300 391561 264435
17300 384480 263285
17300 388756 260459
17300 380411 254755
17300 388273 262614
17300 380650 257648
17300 389769 265237
17300 384739 260270
17300 383248 259042
17300 383116 262628
17300 388812 261124
17300 386868 262483
17300 392119 264868
17300 381726 259958
17300 379965 254806
17300 380279 257623
17300 373353 252497
17300 389297 265560
17300 393352 268118
17300 393443 267027
17300 378130 254243
17300 368685 247910
17300 384730 261557
17300 383103 263324
17300 383119 261765
17300 383344 258072
17300 381667 257763
17300 389077 260686
17300 375525 254086
17300 383133 259245
17300 380053 259515
17300 387765 263367
17300 381921 259558
17300 388483 260941
17400 397500 268198
17400 394926 269964
17400 378331 257898
17400 397424 271684
17400 317596 213810
17400 388617 265941
17400 389170 264566
17400 394998 265590
17400 391040 265163
17400 385697 262943
17400 323297 215580
17400 377135 256110
17400 389373 266354
17400 386966 263931
17400 390437 262523
17400 384950 259325
17400 392094 266807
17400 389537 264064
17400 388584 262938
17400 386347 263361
17400 393535 266819
17400 382278 256519
17400 384265 261747
17400 391843 266096
17400 390333 264672
17400 390225 266522
17400 389569 263978
17400 324665 218603
17400 386005 260858
17400 380454 257458
17400 385473 264015
17400 392521 265656
17400 386664 263381
17400 395975 268326
17400 391087 266615
17400 384144 259330
17400 392211 267204
17400 373689 252741
17400 394465 270443
17400 390679 266313
17400 396446 270703
17400 388853 266499
17400 393451 267232
17400 383718 259923
17400 375169 251914
17400 379999 258241
17400 383298 261345
17400 389893 263774
17400 381499 261188
17400 391020 267685
17500 380331 257154
17500 386882 261180
17500 389566 264380
17500 386665 262313
17500 386827 262126
17500 387320 263396
17500 386342 261819
17500 391825 266604
17500 384520 260190
17500 391404 264792
17500 382562 260377
17500 395209 270075
17500 383515 254827
17500 387271 261505
17500 398489 266956
17500 394016 267208
17500 384801 258100
17500 386857 263516
17500 392295 263111
17500 383333 256941
17500 384186 258635
17500 379298 254825
17500 393395 265287
17500 382653 258075
17500 320481 212610
17500 397202 268137
17500 384671 260842
17500 382600 259350
17500 382149 261592
17500 385507 263469
17500 392614 265593
17500 389971 264919
17500 384063 259974
17500 389829 264854
17500 387549 264138
17500 385401 261747
17500 379664 256665
17500 392038 264186
17500 384013 261280
17500 391848 262378
17500 390495 264057
17500 383821 259906
17500 388598 264009
17500 393379 265403
17500 392114 264588
17500 396357 266540
17500 385563 259819
17500 381301 258442
17500 388044 261529
17500 387511 261756
17600 394476 269926
17600 399573 272204
17600 375784 249881
17600 327651 220291
17600 402187 273735
17600 390661 264380
17600 395182 269424
17600 392465 266292
17600 400031 270095
17600 378045 253197
17600 388589 263130
17600 393152 269812
17600 395722 268300
17600 389945 266566
17600 390152 264258
17600 381826 258968
17600 387098 262761
17600 395044 264266
17600 377552 256156
17600 393849 267789
17600 391217 267826
17600 389462 260387
17600 321834 215076
17600 387164 261773
17600 392845 265958
17600 389385 261722
17600 393652 267118
17600 393521 264571
17600 388664 263231
17600 390670 263953
17600 387323 264766
17600 383942 259942
17600 393049 265385
17600 389259 265317
17600 398630 271847
17600 392797 269415
17600 382515 255503
17600 403094 272877
17600 392608 265584
17600 391686 268691
17600 393947 263820
17600 388255 264427
17600 383079 259250
17600 400412 273385
17600 385028 257854
17600 382373 259307
17600 384875 262077
17600 389655 264726
17600 387098 260984
17600 395954 267346
17700 388621 263217
17700 389164 265670
17700 394205 269687
17700 388713 262961
17700 399646 267980
17700 396964 268502
17700 393429 266606
17700 391919 265576
17700 388770 261581
17700 390356 265899
17700 390758 264251
17700 390755 263634
17700 401987 272659
17700 389038 264250
17700 399201 272091
17700 393206 266587
17700 384047 260121
17700 393264 265783
17700 396071 268582
17700 387809 261872
17700 390850 266691
17700 387989 265765
17700 389582 263798
17700 386823 258767
17700 389754 264856
17700 410838 278276
17700 390764 266191
17700 401096 268912
17700 383074 256149
17700 396525 268778
17700 392065 268427
17700 398509 272654
17700 390464 265693
17700 393838 268166
17700 404014 273091
17700 404862 275728
17700 393661 265820
17700 389841 263286
17700 400416 271975
17700 405492 272027
17700 385026 262556
17700 387343 263915
17700 398442 270658
17700 402269 270678
17700 396658 270916
17700 388299 260099
17700 392937 269939
17700 390161 263062
17700 393035 267340
17700 390753 264180
17800 396509 271335
17800 397683 270064
17800 393071 267582
17800 396484 268556
17800 396065 268183
17800 395902 264773
17800 395771 266625
17800 392268 267228
17800 390773 264825
17800 393445 264471
17800 393644 267501
17800 327982 218657
17800 393003 268098
17800 389983 264521
17800 395875 268687
17800 391766 267718
17800 389724 262426
17800 395281 268650
17800 402308 272901
17800 402878 271291
17800 395908 267715
17800 394237 268843
17800 394287 269106
17800 407716 278591
17800 390760 264835
17800 401511 273007
17800 392040 263901
17800 393617 268847
17800 394265 266489
17800 393651 265599
17800 389365 262061
17800 390517 265792
17800 388420 261459
17800 401198 273099
17800 393154 265656
17800 389830 261556
17800 395171 267150
17800 398488 269015
17800 393008 264941
17800 392794 266456
17800 391807 264966
17800 395045 270429
17800 389484 262924
17800 391403 263935
17800 410171 276425
17800 394019 269008
17800 391607 264607
17800 401602 275344
17800 398390 268655
17800 400143 273784
17900 395960 268621
17900 401269 270791
17900 390062 261678
17900 407265 276918
17900 394227 269316
17900 400053 272994
17900 407149 274907
17900 401392 271335
17900 402432 270143
17900 412575 280995
17900 413798 282194
17900 408654 279780
17900 400045 273602
17900 398465 272670
17900 406573 276799
17900 411065 277823
17900 405851 277132
17900 403303 276275
17900 398976 271006
17900 410034 280181
17900 400675 273959
17900 405126 275323
17900 394159 269381
17900 390015 260958
17900 398584 273013
17900 401926 275701
17900 410600 278307
17900 409209 278747
17900 403464 276833
17900 392384 267767
17900 403662 273943
17900 400000 271452
17900 412024 278620
17900 398774 272510
17900 394765 267430
17900 397732 272671
17900 390094 265974
17900 404564 277696
17900 399179 274332
17900 400574 272599
17900 395483 269176
17900 336383 226743
17900 407330 274429
17900 400639 273858
17900 401080 270102
17900 399192 273487
17900 395185 267586
17900 399256 273259
17900 394409 269954
17900 392680 267643
18000 406065 275770
18000 403999 271817
18000 399789 270341
18000 399846 269104
18000 396733 268683
18000 402703 271787
18000 388013 261774
18000 392836 265857
18000 393664 265061
18000 399970 272385
18000 401927 271338
18000 387073 262010
18000 392862 263094
18000 393023 267459
18000 407141 274298
18000 400111 268862
18000 383315 257855
18000 404889 275623
18000 388654 260685
18000 401440 271452
18000 403116 272432
18000 396958 267233
18000 406573 271362
18000 401599 271263
18000 390247 261310
18000 395579 271025
18000 396966 269316
18000 388571 260248
18000 384671 253987
18000 409611 277020
18000 402533 271602
18000 399727 268252
18000 398412 269734
18000 392118 263523
18000 402174 272844
18000 399108 269764
18000 402258 272819
18000 397809 270655
18000 394610 265451
18000 397036 271460
18000 406009 275178
18000 406481 274928
18000 393360 266655
18000 395286 270163
18000 389938 263508
18000 401355 274164
18000 396082 267468
18000 397599 270402
18000 397759 270271
18000 397182 270585
18100 403157 275921
18100 404958 275326
18100 408518 277853
18100 397833 270966
18100 395740 269168
18100 394779 267978
18100 392503 266062
18100 400306 273124
18100 400984 273361
18100 404932 271411
18100 409348 279569
18100 403979 277966
18100 397642 269100
18100 402089 272401
18100 388548 261548
18100 393614 266031
18100 408363 278676
18100 398109 269264
18100 412883 280295
18100 403986 273622
18100 404186 277302
18100 401334 272789
18100 398075 270364
18100 394278 267172
18100 402032 272574
18100 407899 274606
18100 402964 271753
18100 409828 276036
18100 398441 270924
18100 402721 272049
18100 403567 276040
18100 408167 278283
18100 409519 278653
18100 399970 270441
18100 397655 269839
18100 404319 275823
18100 399674 273149
18100 403124 273093
18100 393967 266773
18100 400809 271306
18100 406162 277226
18100 398378 271090
18100 402913 270985
18100 398345 271694
18100 401022 273237
18100 403838 274650
18100 404353 276763
18100 408062 277055
18100 396822 268452
18100 408147 276432
18200 399526 268902
18200 414540 279900
18200 410245 277367
18200 405166 276974
18200 407826 277612
18200 398518 269885
18200 401871 273615
18200 414402 280926
18200 406370 279245
18200 402282 271631
18200 407283 275362
18200 409617 280645
18200 403560 275151
18200 397693 269956
18200 405775 277822
18200 409203 278946
18200 401204 271807
18200 406771 276401
18200 395001 266796
18200 420475 284210
18200 331391 219029
18200 397300 270379
18200 398748 270364
18200 333910 223482
18200 405044 273405
18200 406505 274285
18200 398350 270202
18200 401148 273431
18200 414868 279237
18200 405402 273572
18200 395226 268439
18200 403661 272841
18200 394757 266957
18200 405151 277075
18200 404738 276697
18200 400939 270055
18200 400017 270959
18200 412056 280034
18200 408448 277921
18200 399623 269790
18200 395977 265939
18200 404718 273082
18200 408352 274376
18200 400968 274463
18200 401088 274564
18200 408298 274851
18200 404648 277189
18200 343451 232191
18200 398909 271470
18200 397398 266279
18300 345984 232546
18300 404406 273536
18300 406252 278494
18300 406885 275877
18300 405899 275599
18300 398658 269850
18300 399777 271231
18300 406200 272208
18300 408347 277806
18300 410858 277881
18300 408327 275226
18300 407663 278375
18300 404448 272662
18300 408537 276121
18300 404735 275338
18300 412840 281267
18300 426499 291334
18300 407144 278595
18300 401847 272419
18300 400770 274590
18300 392951 263898
18300 388199 259247
18300 404517 276217
18300 395324 267786
18300 407944 275359
18300 400264 268875
18300 403045 270471
18300 406989 277212
18300 410493 280923
18300 406044 278047
18300 418968 283813
18300 404559 273904
18300 401161 271462
18300 414903 283217
18300 410464 278014
18300 403852 270951
18300 402899 275357
18300 404916 277845
18300 408894 277659
18300 416553 284078
18300 401667 271848
18300 406266 276468
18300 404437 276045
18300 408649 275201
18300 417865 283748
18300 407587 277687
18300 408467 277264
18300 404171 275260
18300 407548 277805
18300 401830 273504
18400 339321 229161
18400 418310 282064
18400 411618 281556
18400 414247 282252
18400 400992 269971
18400 405485 274632
18400 400060 271988
18400 402343 273905
18400 410769 282268
18400 416366 278396
18400 407594 275714
18400 353973 238752
18400 407793 275415
18400 408311 276296
18400 411896 280944
18400 405431 276443
18400 418990 285275
18400 409787 275911
18400 411675 276840
18400 424130 289648
18400 416928 284394
18400 408023 277167
18400 409962 279740
18400 417391 285377
18400 351311 237477
18400 414558 280081
18400 347260 231525
18400 408398 276481
18400 407262 275268
18400 405784 275110
18400 410315 281164
18400 406079 274899
18400 411605 281388
18400 409710 279826
18400 411426 280839
18400 414985 283014
18400 407625 278525
18400 413654 281593
18400 409042 279980
18400 408877 279316
18400 419580 286604
18400 404617 274834
18400 411241 277966
18400 410512 278754
18400 413166 279697
18400 411465 276481
18400 420185 283713
18400 410694 279727
18400 405852 276139
18400 418338 284413
18500 405650 277065
18500 419045 284371
18500 405201 275854
18500 411454 282047
18500 409942 279342
18500 413641 281119
18500 409288 278945
18500 407992 278263
18500 406404 271536
18500 409532 278783
18500 404671 275136
18500 411303 277972
18500 342509 227742
18500 409458 275717
18500 406380 274242
18500 407201 275630
18500 410172 276381
18500 413695 282713
18500 399123 271023
18500 408218 277829
18500 419526 282582
18500 410747 278150
18500 412645 277810
18500 420489 284092
18500 408675 278900
18500 406291 274715
18500 406678 274701
18500 415212 280519
18500 408744 278112
18500 413063 281352
18500 404131 272293
18500 410655 276715
18500 407439 278547
18500 411015 279973
18500 416309 282465
18500 407852 276649
18500 405797 274014
18500 401365 269735
18500 406424 276265
18500 402838 272300
18500 410725 277350
18500 403459 269764
18500 403562 275087
18500 414909 281448
18500 412915 279058
18500 404486 272786
18500 405713 275124
18500 408976 276686
18500 396477 266336
18500 408961 277674
18600 414351 281968
18600 414053 278866
18600 408706 276352
18600 409795 278876
18600 403280 269675
18600 420540 282707
18600 414851 283233
18600 415679 284115
18600 428918 287159
18600 421329 282467
18600 411258 280269
18600 405626 274801
18600 417664 282270
18600 427124 286780
18600 417790 285023
18600 414946 281459
18600 411604 281603
18600 418609 286328
18600 412912 282057
18600 425366 287923
18600 341890 229738
18600 411298 280902
18600 413715 282759
18600 413144 277663
18600 411006 279537
18600 413108 282637
18600 415859 281987
18600 427994 288548
18600 402619 272201
18600 410729 279011
18600 422107 285300
18600 414124 279232
18600 410721 280517
18600 408380 278691
18600 417373 283823
18600 409056 272991
18600 409681 276750
18600 412382 282207
18600 407899 277624
18600 410707 278444
18600 423859 289354
18600 405664 276093
18600 420223 284045
18600 414429 283906
18600 404421 269890
18600 410986 279316
18600 413517 283535
18600 406588 272939
18600 407404 276962
18600 413979 279940
18700 421524 287226
18700 411230 278915
18700 406499 277141
18700 407647 274433
18700 430355 291188
18700 415059 282702
18700 423012 282608
18700 418189 285405
18700 410534 280274
18700 408906 274707
18700 414695 279070
18700 421955 287200
18700 416016 283170
18700 419380 283054
18700 404189 270833
18700 416540 282517
18700 414811 283179
18700 419139 282385
18700 415006 280915
18700 418742 284219
18700 415808 283770
18700 417036 284536
18700 415309 284367
18700 417375 280621
18700 353183 236178
18700 409183 275693
18700 417026 282805
18700 419852 286038
18700 421993 285614
18700 425253 286602
18700 410909 276045
18700 411688 279659
18700 421762 287726
18700 422128 286036
18700 415218 282476
18700 425946 290341
18700 419269 281545
18700 425799 288058
18700 418536 284675
18700 420137 287677
18700 416486 277370
18700 412328 278645
18700 419096 283553
18700 414723 281875
18700 413838 280568
18700 419966 283974
18700 413638 281177
18700 415746 280675
18700 414478 280281
18700 413297 274838
18800 416077 281106
18800 416520 281255
18800 421971 288137
18800 418892 286455
18800 417847 281358
18800 415569 281489
18800 415027 281636
18800 403120 274148
18800 416604 282567
18800 419154 285893
18800 409882 275149
18800 415722 284085
18800 420038 283058
18800 422618 286570
18800 415904 283308
18800 415342 276764
18800 417549 281346
18800 413359 278213
18800 415587 281055
18800 429063 292491
18800 413626 281683
18800 417522 284320
18800 418677 286459
18800 422556 284817
18800 410421 277794
18800 410325 275527
18800 410273 278178
18800 405413 275615
18800 414458 282307
18800 413070 280186
18800 415251 280345
18800 421997 286107
18800 414501 281108
18800 412412 282010
18800 413594 278541
18800 414038 280881
18800 423836 287140
18800 408146 273738
18800 426434 284278
18800 425646 288956
18800 423395 287706
18800 423066 285822
18800 414645 280588
18800 416541 277346
18800 412992 278427
18800 425353 291037
18800 416082 280172
18800 411281 278192
18800 351561 235289
18800 426781 288582
18900 415809 277488
18900 431454 294552
18900 419357 282151
18900 363555 244003
18900 418819 285606
18900 340373 228206
18900 419301 283946
18900 421829 284834
18900 425542 289419
18900 420261 286124
18900 417033 283139
18900 418568 283783
18900 415213 279340
18900 421932 285697
18900 423978 289622
18900 421166 287452
18900 413710 281739
18900 427637 288655
18900 425954 290000
18900 429693 293078
18900 421015 286941
18900 424338 287291
18900 420222 285183
18900 416787 284014
18900 424546 287884
18900 427815 292563
18900 416088 283687
18900 421311 288565
18900 434303 293661
18900 426285 288531
18900 423019 289435
18900 421186 284233
18900 415895 284485
18900 418473 287218
18900 424517 290404
18900 428499 288761
18900 428450 291173
18900 432238 296219
18900 426352 290665
18900 420059 286676
18900 431691 291922
18900 416770 284104
18900 423707 289145
18900 427464 290541
18900 427970 292004
18900 410408 279427
18900 431272 294229
18900 430303 289259
18900 417240 281930
18900 416143 282876
19000 421721 284027
19000 416311 281712
19000 419612 283051
19000 421218 284191
19000 404856 275204
19000 418099 284197
19000 409006 276100
19000 414298 281166
19000 414174 280352
19000 414552 282995
19000 428501 288834
19000 419075 285083
19000 419947 284545
19000 398109 267826
19000 427887 283448
19000 421015 286168
19000 409608 273425
19000 424891 286660
19000 427575 290016
19000 424804 289731
19000 439470 297346
19000 412162 279271
19000 418099 285103
19000 407058 273090
19000 417278 284058
19000 435255 295791
19000 421050 285772
19000 411818 275756
19000 419506 284931
19000 414052 280126
19000 417693 279342
19000 416389 279933
19000 418357 284221
19000 420283 282044
19000 408302 272389
19000 425791 290932
19000 406866 275016
19000 416172 279302
19000 411920 279066
19000 416196 282173
19000 426959 288281
19000 431292 288783
19000 417073 279932
19000 439091 297279
19000 416902 283042
19000 414772 280678
19000 424918 289546
19000 418369 282714
19000 422411 284371
19000 408513 272947
19100 421387 285568
19100 420375 287165
19100 427072 291239
19100 421512 288281
19100 432094 292957
19100 426202 288128
19100 432737 293045
19100 425234 289492
19100 422858 287513
19100 429132 290001
19100 407646 272377
19100 420535 282341
19100 425517 288228
19100 414358 280746
19100 421348 286424
19100 426983 289123
19100 429587 292080
19100 420668 283601
19100 430752 292333
19100 423057 286493
19100 424417 287844
19100 423646 286326
19100 425384 288252
19100 438729 297707
19100 420055 284875
19100 358773 240230
19100 433175 292875
19100 424663 287869
19100 425362 286353
19100 420497 285967
19100 425435 289220
19100 420141 285138
19100 419501 282182
19100 416331 281942
19100 435561 295291
19100 423451 285767
19100 421884 286461
19100 431069 292541
19100 426886 287767
19100 425855 286873
19100 425321 289905
19100 427033 292298
19100 418755 284402
19100 418380 282098
19100 427157 289740
19100 423036 286188
19100 419837 284296
19100 425307 287909
19100 418281 281422
19100 425361 289361
19200 443143 300221
19200 430558 293858
19200 421717 287203
19200 422371 284733
19200 358332 242262
19200 421028 286165
19200 437547 298029
19200 442914 301741
19200 422411 281964
19200 429466 291555
19200 422253 286345
19200 414695 279023
19200 437482 295833
19200 420500 282620
19200 430565 292326
19200 426199 290745
19200 425294 287402
19200 439884 298348
19200 430431 292606
19200 445982 303767
19200 358612 242962
19200 422150 283588
19200 425756 288199
19200 430293 291809
19200 426773 288748
19200 438303 298259
19200 353933 238421
19200 431487 290886
19200 427630 287406
19200 425410 291340
19200 429288 293921
19200 438052 295945
19200 426673 290464
19200 426259 292122
19200 423930 288881
19200 432318 294603
19200 419085 286021
19200 431281 295576
19200 433541 294152
19200 425991 288745
19200 428548 289509
19200 430093 289681
19200 432190 292943
19200 426191 289337
19200 432813 295789
19200 429580 291468
19200 431508 295591
19200 430755 293575
19200 425092 290423
19200 420785 284195
19300 435486 293699
19300 432049 294093
19300 424974 289896
19300 443918 297945
19300 435922 297918
19300 440913 298331
19300 419541 282532
19300 431240 289582
19300 420557 285063
19300 416190 281807
19300 418152 279171
19300 421678 286481
19300 434959 297337
19300 361694 243624
19300 432951 294054
19300 435570 291935
19300 425733 284007
19300 433335 292972
19300 431268 288626
19300 437865 294228
19300 429147 293255
19300 428163 288498
19300 429477 291605
19300 428003 290714
19300 432075 289525
19300 362100 242796
19300 432131 296683
19300 445126 301907
19300 364360 244154
19300 427238 289778
19300 431635 291241
19300 426961 292127
19300 439095 296178
19300 426843 287780
19300 420759 283892
19300 409977 275558
19300 428037 291075
19300 425278 284148
19300 423473 283484
19300 427615 290859
19300 360914 241225
19300 438251 296703
19300 422598 287795
19300 430694 292189
19300 424145 282911
19300 435143 294615
19300 434346 292243
19300 433167 294474
19300 429012 291040
19300 430169 292654
19400 435126 292951
19400 432973 295301
19400 431102 293313
19400 435157 296156
19400 421063 289109
19400 435020 295157
19400 434974 295602
19400 430563 294669
19400 441391 299988
19400 427069 287444
19400 428433 290835
19400 434304 295354
19400 433440 296924
19400 434253 296288
19400 430983 294494
19400 426909 290530
19400 435005 293455
19400 442871 299731
19400 430971 295047
19400 426879 290102
19400 433735 293266
19400 440910 300263
19400 438409 294426
19400 427801 291422
19400 430491 292884
19400 434054 295880
19400 441450 300189
19400 435162 297012
19400 426434 291949
19400 435960 298445
19400 445731 304253
19400 428829 294619
19400 432447 295722
19400 432971 293738
19400 357875 239768
19400 432420 293003
19400 437336 299189
19400 441432 301982
19400 436959 298789
19400 431977 294912
19400 434434 294817
19400 442087 300043
19400 429548 294411
19400 432422 295056
19400 436737 299120
19400 439342 299839
19400 428417 292888
19400 429835 294025
19400 434552 297569
19400 429784 288124
19500 440270 295222
19500 439203 297356
19500 437297 296491
19500 432555 291867
19500 432270 293556
19500 433386 294031
19500 439907 298312
19500 438935 301105
19500 440919 298990
19500 428160 286302
19500 436064 295872
19500 426497 288265
19500 440807 300165
19500 434054 295541
19500 434601 295523
19500 435983 294294
19500 425444 281961
19500 426693 288997
19500 432110 287108
19500 444110 302260
19500 429431 291892
19500 433774 292232
19500 433771 291508
19500 433436 295364
19500 429370 292295
19500 426544 289301
19500 420560 281567
19500 425160 287553
19500 437292 296369
19500 440180 299440
19500 431385 294515
19500 437613 295747
19500 424360 286134
19500 432225 293316
19500 442586 299802
19500 431797 291381
19500 432496 291076
19500 425819 290234
19500 435450 291853
19500 437163 296221
19500 430057 290442
19500 430305 290821
19500 433362 293621
19500 434229 293477
19500 432562 293601
19500 425363 287282
19500 429256 289218
19500 439044 298339
19500 426529 290409
19500 434438 294533
19600 437517 296274
19600 434958 295387
19600 452093 310934
19600 445439 302741
19600 446001 304643
19600 436847 294405
19600 425643 288066
19600 439503 296985
19600 448191 305925
19600 423090 282516
19600 436829 295804
19600 434460 294586
19600 436544 294061
19600 437655 299047
19600 432652 291696
19600 450351 307043
19600 443639 297138
19600 435150 293700
19600 436019 297579
19600 432157 293890
19600 437736 293766
19600 436891 295665
19600 439390 295943
19600 435234 292708
19600 433015 294641
19600 442468 301355
19600 447705 304007
19600 447106 299756
19600 441852 301395
19600 442547 299616
19600 445041 300464
19600 439290 298875
19600 445817 303668
19600 441387 300185
19600 425114 284121
19600 443242 300305
19600 441024 298783
19600 438089 295159
19600 435113 295532
19600 436632 296533
19600 441750 299170
19600 428055 287753
19600 429326 287871
19600 437077 296888
19600 435383 294292
19600 435743 296750
19600 423325 284759
19600 435735 295383
19600 431304 293714
19600 434314 295154
19700 441888 298849
19700 443162 295881
19700 435447 292143
19700 437976 298054
19700 434869 296580
19700 434919 291901
19700 457770 309295
19700 447501 306465
19700 435109 294114
19700 438035 294458
19700 436389 293221
19700 437517 296967
19700 441268 297845
19700 440980 298334
19700 438145 293791
19700 446384 304567
19700 438460 296876
19700 443332 299289
19700 441315 299656
19700 436637 293809
19700 437526 300341
19700 449136 304512
19700 434397 295285
19700 437104 294612
19700 442661 302236
19700 445933 303797
19700 430690 292409
19700 440236 298432
19700 439293 299648
19700 435765 294398
19700 450442 304008
19700 444362 300752
19700 435360 295104
19700 440672 298877
19700 424571 283655
19700 434076 296325
19700 439847 294297
19700 444101 304071
19700 430220 288930
19700 447331 302352
19700 451778 308779
19700 450834 306779
19700 439365 296479
19700 443956 304908
19700 447071 304894
19700 439662 299123
19700 443977 303452
19700 363071 243443
19700 449054 307061
19700 439277 296996
19800 441860 301912
19800 438125 297410
19800 438674 298048
19800 439187 297249
19800 434301 296512
19800 433525 295329
19800 434509 292315
19800 440643 302369
19800 425740 287621
19800 434955 293588
19800 433363 295337
19800 435296 289849
19800 449212 302471
19800 440536 296556
19800 447153 304142
19800 440163 300607
19800 434885 292557
19800 435208 293484
19800 441131 296424
19800 445418 304366
19800 430072 291074
19800 427416 287835
19800 433863 293851
19800 442036 299976
19800 442203 298509
19800 443110 299511
19800 454816 307325
19800 434698 296002
19800 454810 309259
19800 439400 297534
19800 429550 290468
19800 450599 308003
19800 414828 279247
19800 446306 303314
19800 437630 300042
19800 433935 292079
19800 448390 305722
19800 437777 296208
19800 437140 299391
19800 435071 294357
19800 435343 296932
19800 455286 309857
19800 448024 301827
19800 433706 295277
19800 439878 296780
19800 441017 300227
19800 432343 290679
19800 370402 246786
19800 435669 297465
19800 434880 293370
19900 462105 313408
19900 452934 309253
19900 449268 306150
19900 374672 254221
19900 446837 301979
19900 435285 292816
19900 442011 299945
19900 448547 304652
19900 445201 305145
19900 450298 306069
19900 446010 304734
19900 368363 249282
19900 451500 307395
19900 448225 304527
19900 447272 306836
19900 452925 306653
19900 451816 307929
19900 451519 305569
19900 434725 291989
19900 445504 305002
19900 438238 298448
19900 439084 294818
19900 439743 297032
19900 448084 305418
19900 452586 305525
19900 374252 251040
19900 446653 305505
19900 439939 297179
19900 445594 305763
19900 440061 301020
19900 441191 300377
19900 446460 301349
19900 455925 311583
19900 449077 305269
19900 445047 299523
19900 448014 303183
19900 454283 309188
19900 435786 297015
19900 439744 297650
19900 440815 298070
19900 439439 296701
19900 378352 253412
19900 449714 306063
19900 438199 299064
19900 448513 303446
19900 446564 305217
19900 457786 309783
19900 445873 304353
19900 436763 289844
19900 440083 299090
20000 452561 305834
20000 439909 295684
20000 447593 301951
20000 440051 297134
20000 429370 283718
20000 436584 295504
20000 437620 294987
20000 442302 301661
20000 446654 305834
20000 371138 249489
20000 446271 303233
20000 453125 306520
20000 452447 306121
20000 446629 301538
20000 441414 294588
20000 454366 308425
20000 438919 297407
20000 446688 297147
20000 434799 291183
20000 443918 297330
20000 447126 298146
20000 434394 292104
20000 367228 247121
20000 437338 297508
20000 438913 293338
20000 446935 303745
20000 438151 298000
20000 438922 296050
20000 437850 294138
20000 448608 304105
20000 440254 294718
20000 445656 301591
20000 443064 298047
20000 453590 308455
20000 441794 296771
20000 449863 303256
20000 372517 249194
20000 438125 297124
20000 440959 296399
20000 451555 306326
20000 438612 297018
20000 431836 289512
20000 455021 308616
20000 441995 299760
20000 451587 304293
20000 434619 291846
20000 444725 299735
20000 447917 302451
20000 439629 298206
20000 438054 297268
20100 446732 303972
20100 442179 295612
20100 441181 299776
20100 441964 301078
20100 448214 303621
20100 458275 311318
20100 449446 306118
20100 449798 305260
20100 442786 300692
20100 453610 308502
20100 437254 294129
20100 449594 305097
20100 442736 299512
20100 445413 303607
20100 442484 297142
20100 440609 298294
20100 452162 308408
20100 443322 302509
20100 447765 304157
20100 443601 299423
20100 363480 242833
20100 443121 297632
20100 449459 303879
20100 452354 306756
20100 439183 294258
20100 440645 297546
20100 443785 298150
20100 444212 300931
20100 453177 308716
20100 447308 303195
20100 437509 292799
20100 454035 307899
20100 437931 295319
20100 442715 299530
20100 447656 302695
20100 456031 309372
20100 455860 306715
20100 448447 300493
20100 446178 303026
20100 448904 301424
20100 445226 301688
20100 448860 301299
20100 444653 303420
20100 455230 310605
20100 454575 305780
20100 452656 304051
20100 443939 297609
20100 456642 308480
20100 447424 304499
20100 457616 305944
20200 447882 306311
20200 437767 293144
20200 450696 304309
20200 445667 298463
20200 444134 301359
20200 455194 307358
20200 450813 304770
20200 443589 297713
20200 448712 304460
20200 446115 302631
20200 459233 309100
20200 441476 299923
20200 454908 308032
20200 453818 310890
20200 448023 306580
20200 453205 309566
20200 449246 303259
20200 369989 246623
20200 459761 309441
20200 459213 312560
20200 457753 311221
20200 450520 300350
20200 449467 303556
20200 456764 307362
20200 452722 306519
20200 450076 308134
20200 449685 301475
20200 454013 305772
20200 452352 306584
20200 437815 295710
20200 455009 308439
20200 447491 305212
20200 449961 304642
20200 376050 251469
20200 447760 304784
20200 454775 306205
20200 460133 311243
20200 451718 304053
20200 456461 312049
20200 457730 309981
20200 457814 307968
20200 451090 305371
20200 451764 307950
20200 454147 311684
20200 455731 311094
20200 467000 318479
20200 450195 303235
20200 455460 309705
20200 450447 304521
20200 455184 308057
20300 452303 304856
20300 435258 294313
20300 447899 303299
20300 448365 303251
20300 444967 301381
20300 462545 315187
20300 462958 312982
20300 471429 320407
20300 454745 308496
20300 439274 298404
20300 439871 291813
20300 449437 303825
20300 456263 309849
20300 448482 303803
20300 446107 302439
20300 453794 308069
20300 452628 304870
20300 456118 309930
20300 442264 300640
20300 452118 308684
20300 444047 300131
20300 442833 298593
20300 455158 310067
20300 450281 307708
20300 451348 302106
20300 450144 303435
20300 455828 310534
20300 452515 305680
20300 450975 305676
20300 454858 309088
20300 453381 306344
20300 450642 307791
20300 376439 253786
20300 448753 304093
20300 459770 314317
20300 443741 303531
20300 445795 302477
20300 453420 308093
20300 443927 299205
20300 451935 307773
20300 445975 302240
20300 463083 310883
20300 448378 301089
20300 452078 303471
20300 457615 311306
20300 449001 307228
20300 444762 301684
20300 451377 303473
20300 446729 303799
20300 459632 312468
20400 458322 312767
20400 456467 309279
20400 461338 314238
20400 452338 308428
20400 464994 317832
20400 473927 321067
20400 459197 311132
20400 456988 313514
20400 475025 322790
20400 450436 304479
20400 469675 318237
20400 459819 313429
20400 456872 313726
20400 448002 302015
20400 457939 314092
20400 452417 309115
20400 449490 305858
20400 453616 307442
20400 446414 301957
20400 464840 314865
20400 462250 314092
20400 458108 306442
20400 457424 312486
20400 467420 319015
20400 458742 312844
20400 456834 310677
20400 449198 301335
20400 460827 315393
20400 461355 313211
20400 451417 305306
20400 453825 310154
20400 459759 311357
20400 465478 318108
20400 455757 312578
20400 455102 311311
20400 464590 314522
20400 455317 310466
20400 449697 306212
20400 454435 310223
20400 453402 309039
20400 454739 309424
20400 461472 313139
20400 453207 306230
20400 465714 317621
20400 457243 311384
20400 452251 306404
20400 453815 305707
20400 464772 315753
20400 454674 307344
20400 456527 308216
20500 372764 248394
20500 376026 250862
20500 458190 308479
20500 453029 307122
20500 454869 307441
20500 459324 309459
20500 449924 303258
20500 459600 313811
20500 453865 308099
20500 452974 306058
20500 465746 316298
20500 459650 308483
20500 454708 309006
20500 450490 303203
20500 457062 310329
20500 462381 312996
20500 453429 307199
20500 459403 312900
20500 455453 310095
20500 454290 310026
20500 450490 304703
20500 457160 310473
20500 455878 309103
20500 450912 304167
20500 461518 310163
20500 455770 307617
20500 460974 311525
20500 457016 309059
20500 446626 300021
20500 456775 308856
20500 455552 308574
20500 452724 306752
20500 458641 310466
20500 454447 305341
20500 449968 307066
20500 457072 309778
20500 452413 306528
20500 463745 316618
20500 447213 298633
20500 458287 309209
20500 451357 304894
20500 448703 304146
20500 442651 296719
20500 473178 321214
20500 457946 311918
20500 450457 302178
20500 464024 308630
20500 461031 313349
20500 456193 307838
20500 446245 302534
20600 454049 308725
20600 461156 313577
20600 459683 308216
20600 461392 311694
20600 459550 313540
20600 477426 321395
20600 450484 303140
20600 467174 317876
20600 464964 313503
20600 462409 310507
20600 457064 307071
20600 457571 310455
20600 455614 311367
20600 463423 314792
20600 471731 315304
20600 454644 308146
20600 456162 308210
20600 458370 309202
20600 466067 314945
20600 459464 306575
20600 460179 310006
20600 457053 309387
20600 458333 309348
20600 463195 315959
20600 473719 321937
20600 459175 314131
20600 455329 308138
20600 465668 313267
20600 453528 308412
20600 460497 308313
20600 457067 307719
20600 465625 316055
20600 453941 305947
20600 461337 315724
20600 464182 314464
20600 450961 303983
20600 456288 312337
20600 465119 312478
20600 453515 307782
20600 464718 309137
20600 453621 306507
20600 454202 307202
20600 459186 313213
20600 383836 255787
20600 449991 305702
20600 455645 308150
20600 454453 306568
20600 456166 311266
20600 469830 317389
20600 459690 312303
20700 473533 320440
20700 455651 308815
20700 461851 311788
20700 461563 314060
20700 381660 255927
20700 432117 289249
20700 454607 306463
20700 463339 312301
20700 466419 315820
20700 471276 320131
20700 454984 309433
20700 456074 310074
20700 476227 321891
20700 461485 312129
20700 463168 312783
20700 466948 318743
20700 465200 318672
20700 464675 318066
20700 463996 315228
20700 457833 312245
20700 462873 316748
20700 383732 259531
20700 471199 315755
20700 456129 309872
20700 454255 308619
20700 461778 313566
20700 456599 310793
20700 459174 310482
20700 462372 315792
20700 462769 314137
20700 474335 320682
20700 475754 319652
20700 396828 267678
20700 460738 315247
20700 470512 318072
20700 448661 305209
20700 450268 303062
20700 470475 318588
20700 461096 314907
20700 453935 305395
20700 445474 298944
20700 458385 312713
20700 471903 322280
20700 468248 317759
20700 454101 305625
20700 467104 317587
20700 469017 314800
20700 451394 304209
20700 472621 318740
20700 461954 316769
20800 469926 320389
20800 441367 294611
20800 459843 312909
20800 463581 312679
20800 459230 308602
20800 461999 310578
20800 469370 320586
20800 457973 311052
20800 465701 316070
20800 459820 312235
20800 472112 320667
20800 473495 323177
20800 471497 319696
20800 459116 313122
20800 466547 314889
20800 469697 319203
20800 468105 319655
20800 453211 306404
20800 457386 309554
20800 450670 301630
20800 460170 311447
20800 397341 263589
20800 456666 309384
20800 463327 314925
20800 464339 316665
20800 467064 315259
20800 464708 311838
20800 463629 314717
20800 463067 311978
20800 472499 320105
20800 461043 312918
20800 452862 307578
20800 472107 317382
20800 457145 308938
20800 481488 323432
20800 455097 308423
20800 452865 305757
20800 473306 321205
20800 456735 309557
20800 462048 312219
20800 455822 306223
20800 471953 318335
20800 460125 314854
20800 453502 306460
20800 466105 316806
20800 468262 315376
20800 480033 323879
20800 456326 309610
20800 458449 310059
20800 463649 315315
20900 485548 330185
20900 471619 321161
20900 470800 320405
20900 471114 323404
20900 479061 324508
20900 481923 326625
20900 463571 314407
20900 483675 326661
20900 475292 324054
20900 473453 320728
20900 476178 324414
20900 469865 317110
20900 475995 322074
20900 459372 308604
20900 468372 316872
20900 475504 324720
20900 468229 319570
20900 465631 317070
20900 471193 322562
20900 477786 321486
20900 475927 322605
20900 467295 319938
20900 475654 323606
20900 469548 320697
20900 461613 315973
20900 466577 317978
20900 487192 329658
20900 471800 318707
20900 471236 319998
20900 470083 320603
20900 469683 320143
20900 471086 320516
20900 394628 264769
20900 461417 315837
20900 477407 321842
20900 479923 324223
20900 471704 322108
20900 466634 318138
20900 466671 316620
20900 458759 312558
20900 463100 314789
20900 481663 325862
20900 475582 325971
20900 465760 319305
20900 460653 309743
20900 469524 320422
20900 467457 313224
20900 477021 328042
20900 468622 320251
20900 477182 325261
21000 460490 310031
21000 460432 312127
21000 472444 319545
21000 483185 329989
21000 390203 260041
21000 463536 314291
21000 463454 316555
21000 463252 313895
21000 461403 312938
21000 475139 322907
21000 457818 308368
21000 457775 307332
21000 467286 318246
21000 458793 309423
21000 473667 317716
21000 466726 317108
21000 479824 323946
21000 472831 322196
21000 466211 311647
21000 478846 320921
21000 468372 316599
21000 470499 314743
21000 383517 256934
21000 462505 314395
21000 474589 321726
21000 460976 312759
21000 465074 311117
21000 457694 310317
21000 459193 310626
21000 459418 309196
21000 473282 322824
21000 388263 258650
21000 470971 317721
21000 469687 319548
21000 464365 314124
21000 398225 267941
21000 478098 321001
21000 467486 318494
21000 461184 312473
21000 457525 312436
21000 468277 317211
21000 386833 258802
21000 472511 322201
21000 481606 322673
21000 466279 317266
21000 459191 310044
21000 462045 310832
21000 457867 311791
21000 454435 305681
21000 465006 315823
21100 464549 316404
21100 472873 318595
21100 472369 323061
21100 475220 320562
21100 484009 327474
21100 477281 324373
21100 464144 314215
21100 475900 324597
21100 470987 319159
21100 464519 314916
21100 475240 323874
21100 472094 319319
21100 470674 320311
21100 481285 324022
21100 463895 315895
21100 471378 319523
21100 397203 268618
21100 466434 313454
21100 478883 324550
21100 471408 321037
21100 473137 321076
21100 468900 317346
21100 472735 321254
21100 467244 316229
21100 474429 322492
21100 468205 318601
21100 466779 312804
21100 387303 260125
21100 483672 324827
21100 471703 316965
21100 433053 292902
21100 462908 314609
21100 481789 327345
21100 477222 320636
21100 468120 318504
21100 460811 309613
21100 478375 321439
21100 468945 319582
21100 469720 320533
21100 476933 323560
21100 473818 321902
21100 463548 316477
21100 471083 316149
21100 480993 322234
21100 475388 322172
21100 476369 320198
21100 471027 319071
21100 475065 319739
21100 471234 322867
21100 464082 315747
21200 468708 318716
21200 483511 326745
21200 466051 317286
21200 479145 326251
21200 475295 319167
21200 392710 264626
21200 484780 327902
21200 478693 325432
21200 483905 328731
21200 470177 317236
21200 477863 318996
21200 487653 328864
21200 484170 326128
21200 475175 322349
21200 474603 321934
21200 476284 322421
21200 476748 321611
21200 462057 313013
21200 490040 327826
21200 486327 330254
21200 469348 316199
21200 468697 321839
21200 478529 327556
21200 463999 314333
21200 470320 320045
21200 465374 311777
21200 476032 319830
21200 468657 321115
21200 478770 326650
21200 471280 317251
21200 477865 323366
21200 484080 329750
21200 479950 326924
21200 465952 316162
21200 473131 318737
21200 480263 322052
21200 476762 321130
21200 473353 322947
21200 470833 320209
21200 490214 333802
21200 390028 262285
21200 455798 307754
21200 464425 315045
21200 460653 311516
21200 472589 320697
21200 477450 319437
21200 493317 332715
21200 476436 324838
21200 469588 320480
21200 471263 320068
21300 476063 322498
21300 468367 314319
21300 479911 326553
21300 486628 328891
21300 466003 311199
21300 466448 315136
21300 465800 315216
21300 469543 319969
21300 479158 325359
21300 473948 320272
21300 468426 315872
21300 462902 313557
21300 470235 319274
21300 486827 330740
21300 476396 320938
21300 476759 324359
21300 478312 325367
21300 464910 312088
21300 473340 322238
21300 480892 324115
21300 478442 327185
21300 478362 320878
21300 469352 321300
21300 476439 321212
21300 462951 314849
21300 467008 316006
21300 472595 322489
21300 466912 315711
21300 469847 318309
21300 475785 321815
21300 468228 318587
21300 481728 326105
21300 464782 311272
21300 469716 314980
21300 461780 313240
21300 478299 324210
21300 406742 273403
21300 466839 316563
21300 475859 322395
21300 473876 320290
21300 477444 324239
21300 477158 324667
21300 468472 320054
21300 476686 323959
21300 482846 326429
21300 472860 319476
21300 492519 332986
21300 477458 322642
21300 469903 315366
21300 476107 323601
21400 481835 330223
21400 473315 324935
21400 484895 330894
21400 473999 323813
21400 476785 323438
21400 401720 271731
21400 473625 321663
21400 473058 322706
21400 479883 325142
21400 483765 328943
21400 477712 326088
21400 482307 325514
21400 475765 324593
21400 486215 332580
21400 490030 332578
21400 483863 331429
21400 470868 319356
21400 477879 322460
21400 475924 320390
21400 469191 319482
21400 413710 277430
21400 481603 329912
21400 474845 322743
21400 478345 320643
21400 467746 315659
21400 484453 328674
21400 476855 322140
21400 471477 320614
21400 487665 326993
21400 477604 325198
21400 484706 328667
21400 475687 321330
21400 481237 329446
21400 472254 320609
21400 481744 328992
21400 488413 330845
21400 483593 326459
21400 477162 325047
21400 467198 317644
21400 484784 330339
21400 405725 274020
21400 475344 323219
21400 478233 327166
21400 481312 325982
21400 485263 331847
21400 474490 324928
21400 483148 325549
21400 477723 325206
21400 488081 331756
21400 484294 329516
21500 473157 316741
21500 478594 325035
21500 472125 320182
21500 463865 310913
21500 471846 319607
21500 478750 321902
21500 475317 323177
21500 486749 329453
21500 467916 316957
21500 478826 322665
21500 467145 315630
21500 483234 327050
21500 394396 262903
21500 475169 317765
21500 471112 315780
21500 482019 328634
21500 478094 322672
21500 475709 320436
21500 466188 315998
21500 476359 316822
21500 473597 321227
21500 483527 328218
21500 471264 315882
21500 477343 320942
21500 479793 327824
21500 472623 319098
21500 462348 314282
21500 491710 331817
21500 477592 318446
21500 468834 315368
21500 470306 319521
21500 483480 325560
21500 478795 322315
21500 471750 317068
21500 474463 322062
21500 469539 315921
21500 469820 316382
21500 478756 325840
21500 467872 316607
21500 477306 325307
21500 480893 325988
21500 478753 323004
21500 483688 323430
21500 481663 325207
21500 471780 317617
21500 463401 311487
21500 468774 316646
21500 463975 311453
21500 481079 326831
21500 473816 319326
21600 479583 327062
21600 482992 325421
21600 459363 306762
21600 486811 332510
21600 463562 311333
21600 481430 325864
21600 475628 318280
21600 485689 325330
21600 477319 321881
21600 483136 326197
21600 465317 314297
21600 481996 326526
21600 486350 330592
21600 478379 324777
21600 476228 324151
21600 496428 335648
21600 474248 322374
21600 491011 332702
21600 481770 328267
21600 488245 328501
21600 483506 327160
21600 483978 329493
21600 483776 326082
21600 485993 331342
21600 491010 330341
21600 491698 331750
21600 475623 323779
21600 485680 326613
21600 485140 327040
21600 479977 326311
21600 484079 329464
21600 476756 324237
21600 481489 330081
21600 481470 325509
21600 482890 325008
21600 485249 327883
21600 478393 323978
21600 490427 330829
21600 484952 331021
21600 485916 326298
21600 496136 339035
21600 489602 333103
21600 485146 328273
21600 485105 327785
21600 480587 324660
21600 484876 326830
21600 486839 329342
21600 484715 326339
21600 482027 325991
21600 481251 329430
21700 475215 320235
21700 484823 326993
21700 481675 322751
21700 481013 321683
21700 488820 329862
21700 490566 332607
21700 476845 323263
21700 410407 274719
21700 485591 328694
21700 477598 324557
21700 483030 330251
21700 488738 332835
21700 507727 340671
21700 486087 331854
21700 493473 335918
21700 479621 326055
21700 491265 332193
21700 484805 329099
21700 493413 335747
21700 484365 329139
21700 486779 332497
21700 476551 322469
21700 479816 322799
21700 487848 330919
21700 483086 331099
21700 483724 328448
21700 503748 342172
21700 485549 326891
21700 488713 334454
21700 479488 322609
21700 496512 337806
21700 486212 331267
21700 480517 324329
21700 491671 336616
21700 487816 330963
21700 491577 330384
21700 492127 332358
21700 485328 329177
21700 486405 329031
21700 505331 344490
21700 475810 323431
21700 489203 331353
21700 486250 329136
21700 488140 331193
21700 499597 337870
21700 501508 342956
21700 405480 271987
21700 484800 328149
21700 480975 330305
21700 492681 333424
21800 483717 329992
21800 481824 326613
21800 483870 328967
21800 486970 332532
21800 483588 326042
21800 482503 325712
21800 476260 321515
21800 493307 335039
21800 474854 320669
21800 482711 327172
21800 496295 336057
21800 492507 334956
21800 481130 327983
21800 484586 330794
21800 494253 335038
21800 485231 332054
21800 474058 319392
21800 491399 332318
21800 492373 334265
21800 402976 267816
21800 501012 338299
21800 492209 333264
21800 485663 328658
21800 478958 326282
21800 490799 335093
21800 477004 322876
21800 406136 272012
21800 489485 334851
21800 485541 326237
21800 483931 329581
21800 473020 319216
21800 476835 322943
21800 399798 270035
21800 478449 323393
21800 488534 330559
21800 405985 273655
21800 493307 337172
21800 482037 328312
21800 485636 330096
21800 482881 328131
21800 460777 308300
21800 477611 323382
21800 482214 327355
21800 493774 333423
21800 484332 330263
21800 412395 276691
21800 485285 330525
21800 404824 271805
21800 482120 327158
21800 484338 329961
21900 489669 334162
21900 491915 330349
21900 488525 331066
21900 496115 338287
21900 485792 329963
21900 501132 337149
21900 496751 336727
21900 498059 335965
21900 497407 337362
21900 492536 335367
21900 488806 334428
21900 493608 338071
21900 495348 331907
21900 490211 334453
21900 491689 334530
21900 491178 334054
21900 497696 335873
21900 497128 335254
21900 487779 332143
21900 504941 346090
21900 487595 332619
21900 502469 341571
21900 502385 343626
21900 420582 280070
21900 502050 339162
21900 476130 322559
21900 496107 338395
21900 495791 334632
21900 487412 329383
21900 493432 336856
21900 419051 282771
21900 498816 340105
21900 488547 333670
21900 511060 345784
21900 496066 339170
21900 499354 338252
21900 487314 333799
21900 410429 277695
21900 483565 326447
21900 492384 338203
21900 490934 334364
21900 493826 339274
21900 488100 334844
21900 487960 327898
21900 408280 276285
21900 495819 340903
21900 487904 330098
21900 491920 332306
21900 490410 335187
21900 500344 336703
22000 489599 330341
22000 494355 334485
22000 485270 327889
22000 487152 333210
22000 488984 330908
22000 491305 330452
22000 492437 330298
22000 491191 332430
22000 480389 323409
22000 493504 331845
22000 491449 333181
22000 479147 321974
22000 487859 334059
22000 481384 326115
22000 504204 342207
22000 491739 332594
22000 486226 328210
22000 485248 329904
22000 485617 328475
22000 401905 269520
22000 488147 329229
22000 486345 329855
22000 485748 329057
22000 487804 330869
22000 476201 319580
22000 500917 339565
22000 480103 326105
22000 488116 330147
22000 486993 330372
22000 494750 335600
22000 487020 324328
22000 493448 331694
22000 498460 336581
22000 492077 333632
22000 490185 332554
22000 485656 328737
22000 487581 330700
22000 490542 332393
22000 490350 329562
22000 492212 333771
22000 499422 333370
22000 476251 321442
22000 497104 335023
22000 482773 325285
22000 490309 332264
22000 491241 334394
22000 490628 330760
22000 495004 333344
22000 493291 334114
22000 489926 329564
22100 491706 337652
22100 495885 335695
22100 490962 329270
22100 496386 337449
22100 489510 330607
22100 498079 338948
22100 493053 337636
22100 485877 330793
22100 493646 327755
22100 487279 322828
22100 500839 338882
22100 504470 341652
22100 488348 328755
22100 506665 340960
22100 496859 336371
22100 497818 338390
22100 496463 334657
22100 492945 333806
22100 485547 324361
22100 494479 338098
22100 500606 337418
22100 511657 345826
22100 489955 331140
22100 486324 327332
22100 487091 330086
22100 493789 334782
22100 493718 335756
22100 486080 330551
22100 507714 344276
22100 492828 335611
22100 487954 331846
22100 483669 326657
22100 483990 325780
22100 488975 333832
22100 499588 333750
22100 502228 340659
22100 490267 335331
22100 493664 337271
22100 496421 337931
22100 492789 333000
22100 489242 331331
22100 487900 330660
22100 472201 315751
22100 485187 324408
22100 503929 343419
22100 491109 332272
22100 490638 333221
22100 495619 335765
22100 491545 334331
22100 488435 333236
22200 491824 332006
22200 423257 283500
22200 492126 334502
22200 499964 333988
22200 497523 336760
22200 493847 334719
22200 479599 320938
22200 495295 336599
22200 494906 338321
22200 493593 331774
22200 499017 341650
22200 479706 325454
22200 496913 337292
22200 488952 333841
22200 504830 338334
22200 496994 339511
22200 496341 337386
22200 504392 341937
22200 500345 339798
22200 490496 331369
22200 481200 323885
22200 495514 336710
22200 489177 333056
22200 494500 336839
22200 489286 331059
22200 500499 340606
22200 493557 336034
22200 492587 332615
22200 498935 340067
22200 491048 333357
22200 497392 333901
22200 493881 333929
22200 500210 340588
22200 506000 343438
22200 502965 340242
22200 504121 342168
22200 499743 338399
22200 498343 336016
22200 500465 340670
22200 493934 334110
22200 483875 327163
22200 483444 327294
22200 503252 343125
22200 501306 341637
22200 503067 342450
22200 489343 334287
22200 509158 345711
22200 483244 322898
22200 499247 336391
22200 488604 332806
22300 500333 340417
22300 509399 344330
22300 503196 340843
22300 505973 341027
22300 492066 334846
22300 504566 341136
22300 496394 337025
22300 494684 338024
22300 500931 338047
22300 488002 330857
22300 480672 322820
22300 504979 339244
22300 493201 338381
22300 497915 338215
22300 498919 342114
22300 505404 340878
22300 506440 342045
22300 493254 336788
22300 504076 340488
22300 503907 343104
22300 486053 329976
22300 495840 337405
22300 494276 330452
22300 505439 340398
22300 507459 342555
22300 493849 334430
22300 514781 348858
22300 501157 338250
22300 495141 335383
22300 493849 333394
22300 500355 338561
22300 493826 330257
22300 497722 337110
22300 502787 336254
22300 493573 335705
22300 503790 340030
22300 493173 332963
22300 487233 330703
22300 508990 345574
22300 495237 334182
22300 482122 323876
22300 499848 337222
22300 489818 331758
22300 411056 277135
22300 499730 337565
22300 485541 327136
22300 490351 334212
22300 492603 334482
22300 491193 336297
22300 493739 334868
22400 516645 345068
22400 503520 344464
22400 505599 340581
22400 503066 340019
22400 503515 344136
22400 496918 337680
22400 505086 343924
22400 498493 341175
22400 503830 344897
22400 503572 346009
22400 497315 337620
22400 509526 342339
22400 493223 336150
22400 503443 341938
22400 496162 339309
22400 510520 345603
22400 507568 348202
22400 513769 349742
22400 501119 340577
22400 495079 338121
22400 404658 270491
22400 499323 336907
22400 501982 341322
22400 515517 347933
22400 495988 335375
22400 515916 351801
22400 507165 342291
22400 489738 332485
22400 501605 340740
22400 409306 273190
22400 488110 330132
22400 498981 341206
22400 507441 343182
22400 501220 343162
22400 491714 334177
22400 509552 346660
22400 509255 347259
22400 506932 344192
22400 506413 345477
22400 513676 352129
22400 497487 340394
22400 494200 333011
22400 505130 340722
22400 499265 337239
22400 498615 339226
22400 499806 338489
22400 501220 342967
22400 498298 339135
22400 511689 350540
22400 510111 349727
22500 501071 341214
22500 494274 336454
22500 499560 336605
22500 489179 330439
22500 495411 329512
22500 506251 341951
22500 510304 343643
22500 511787 344895
22500 486626 329991
22500 489476 333032
22500 515186 349608
22500 501527 341731
22500 503386 340463
22500 492105 333108
22500 498980 332792
22500 497372 335302
22500 500725 335088
22500 498429 339444
22500 500548 341331
22500 487817 326941
22500 493694 331963
22500 495506 336099
22500 515167 349012
22500 508394 342474
22500 499941 340627
22500 491202 335745
22500 512737 342987
22500 491979 333415
22500 493881 337013
22500 494681 335217
22500 499030 335509
22500 495106 331477
22500 504271 344538
22500 503618 339594
22500 503449 339294
22500 506052 341884
22500 495303 330475
22500 507790 340099
22500 501686 338335
22500 499255 339400
22500 505050 343003
22500 492615 332485
22500 497468 337462
22500 492960 334603
22500 505193 343316
22500 506530 338359
22500 505733 340520
22500 499873 339629
22500 493704 333985
22500 501677 341170
22600 502761 343315
22600 499328 339897
22600 519132 350364
22600 497922 335774
22600 509117 346918
22600 510504 348152
22600 501657 342300
22600 505093 341039
22600 513170 344671
22600 510928 348597
22600 495586 335261
22600 500522 341222
22600 516096 352513
22600 494775 334220
22600 511290 344831
22600 494751 334426
22600 497670 332783
22600 512508 347482
22600 419488 281406
22600 504773 342419
22600 503136 340705
22600 505661 339665
22600 494836 333406
22600 502600 342239
22600 518712 347501
22600 496788 333491
22600 510795 348586
22600 497082 337508
22600 505538 341475
22600 513262 348091
22600 503320 342734
22600 504008 344720
22600 504241 337691
22600 495259 333876
22600 522782 355733
22600 498916 336632
22600 500741 341945
22600 501382 339276
22600 508853 343651
22600 497327 332092
22600 507179 342497
22600 507608 339022
22600 485920 329876
22600 501238 340240
22600 510904 345406
22600 497379 336284
22600 507012 340839
22600 496841 336706
22600 498423 335465
22600 513130 344747
22700 507760 346004
22700 514275 351216
22700 505860 345932
22700 509122 347687
22700 506198 345258
22700 512341 349563
22700 503688 342315
22700 508556 341416
22700 503185 341905
22700 506303 340275
22700 508425 346539
22700 507705 342861
22700 504825 342391
22700 438199 293687
22700 507562 345965
22700 513831 347210
22700 502862 342153
22700 501263 340549
22700 511292 343897
22700 511148 341905
22700 514560 346590
22700 510138 346785
22700 501406 338122
22700 513627 350156
22700 497838 338080
22700 513044 348647
22700 506406 344516
22700 506516 341097
22700 503867 342216
22700 509825 347901
22700 423354 285608
22700 514073 348769
22700 503579 343459
22700 504882 344749
22700 510406 344963
22700 512787 344744
22700 505135 342606
22700 498770 337343
22700 508870 347707
22700 499622 340594
22700 511879 339944
22700 490950 334193
22700 500168 338947
22700 504143 344905
22700 505339 344232
22700 514707 349611
22700 491665 329246
22700 506951 344642
22700 504363 339083
22700 505969 345235
22800 508607 339497
22800 510073 343469
22800 506543 344130
22800 508480 342936
22800 507517 343518
22800 506867 344757
22800 506409 343014
22800 508356 347349
22800 514399 349732
22800 430626 289137
22800 515959 349044
22800 503159 338999
22800 501634 338526
22800 506308 341455
22800 498723 336322
22800 512776 349329
22800 501428 338714
22800 517652 345326
22800 513455 348464
22800 512532 344668
22800 514103 345248
22800 499074 336082
22800 494994 332780
22800 503767 337919
22800 503062 342530
22800 515818 349834
22800 508626 345765
22800 517065 348427
22800 500679 339999
22800 512036 343896
22800 513379 346312
22800 500970 341138
22800 504073 339549
22800 501434 338241
22800 507154 346091
22800 512583 349784
22800 493205 331865
22800 499511 339560
22800 509850 343132
22800 499922 339357
22800 513080 348923
22800 503581 340142
22800 515515 343407
22800 506739 343085
22800 525412 355293
22800 514237 348361
22800 502298 339877
22800 503662 341651
22800 508817 346117
22800 517450 353853
22900 527642 355807
22900 533120 361385
22900 522655 355763
22900 513951 350262
22900 507430 346476
22900 507124 346855
22900 519500 351040
22900 525404 356886
22900 521179 349286
22900 512412 347104
22900 514217 347157
22900 519225 352778
22900 502720 333277
22900 510364 347886
22900 518364 353619
22900 515678 349915
22900 512853 344793
22900 521921 351600
22900 514532 348452
22900 502749 338686
22900 506479 342449
22900 513775 352095
22900 512473 347337
22900 515005 345079
22900 516848 353091
22900 511671 350014
22900 512740 352565
22900 514983 349164
22900 506202 339746
22900 517473 349751
22900 520776 354921
22900 523806 357585
22900 507203 346914
22900 531139 358611
22900 514756 350416
22900 522886 355709
22900 517900 352140
22900 507805 343704
22900 513273 351312
22900 510217 350855
22900 513435 352941
22900 515013 349282
22900 530439 364661
22900 517506 352682
22900 528203 357030
22900 508845 346029
22900 507167 349095
22900 506474 343063
22900 502860 337710
22900 529086 357590
23000 515945 348716
23000 524203 354774
23000 518207 349160
23000 507696 344612
23000 513574 351064
23000 509990 345873
23000 515322 347015
23000 507082 343202
23000 524189 352399
23000 521157 349319
23000 507934 343629
23000 500953 339153
23000 510710 343391
23000 507062 344141
23000 514799 349776
23000 522019 354304
23000 514926 346299
23000 506958 341123
23000 502419 338248
23000 510641 345272
23000 527015 355727
23000 431051 290453
23000 517620 350047
23000 518823 350862
23000 520230 357090
23000 508380 343925
23000 516006 349731
23000 510302 343260
23000 509241 348492
23000 510703 347326
23000 515237 351597
23000 509112 347761
23000 509544 341305
23000 503018 336173
23000 500292 338218
23000 503908 337360
23000 508866 341312
23000 514554 347726
23000 498862 333540
23000 501267 336333
23000 516855 349003
23000 518074 350967
23000 511229 347817
23000 500728 338892
23000 507238 345188
23000 511938 342100
23000 515333 349076
23000 527726 357548
23000 521462 350026
23000 523029 352194
23100 516751 351580
23100 515090 351088
23100 523590 352802
23100 527456 355238
23100 525533 356373
23100 514233 349984
23100 515639 346518
23100 522035 351428
23100 512634 344311
23100 508098 345470
23100 515743 350003
23100 532321 357486
23100 524898 355672
23100 516068 347440
23100 525707 355414
23100 518316 352281
23100 512410 345098
23100 499490 339166
23100 512841 351232
23100 518541 353248
23100 516750 353541
23100 516624 349208
23100 522553 358569
23100 515730 351562
23100 520152 353442
23100 517243 347393
23100 508033 341387
23100 536197 364171
23100 513161 349050
23100 506168 338095
23100 528817 359035
23100 512491 344217
23100 523330 354004
23100 513975 350486
23100 512311 347845
23100 515896 350643
23100 520605 355263
23100 516902 349166
23100 518170 348268
23100 511536 346392
23100 524784 353421
23100 522357 355950
23100 514685 346402
23100 514837 350342
23100 513420 351299
23100 516300 344512
23100 518367 352212
23100 518975 351527
23100 503236 336886
23100 520455 353319
23200 518677 351498
23200 528686 355693
23200 519429 347740
23200 511036 345769
23200 516923 351721
23200 531183 357778
23200 517493 351622
23200 512311 348649
23200 517446 350921
23200 514896 352418
23200 523236 355523
23200 524417 356835
23200 513971 347352
23200 540574 365660
23200 512978 347232
23200 524482 355541
23200 529187 356966
23200 518837 351863
23200 532625 363119
23200 509432 345735
23200 509938 345976
23200 503602 338631
23200 528965 359097
23200 524249 359706
23200 520198 356503
23200 523212 354368
23200 529447 360254
23200 519436 354089
23200 510481 345989
23200 519026 354755
23200 521863 353982
23200 510625 345158
23200 527636 361030
23200 523058 356973
23200 440222 293717
23200 512049 345160
23200 438194 293685
23200 529588 361752
23200 439586 295569
23200 523247 353320
23200 512642 348175
23200 526046 355799
23200 518097 353832
23200 507703 342751
23200 511035 347280
23200 509456 341285
23200 517798 352210
23200 506106 339583
23200 515174 353356
23200 524786 356485
23300 527739 353957
23300 520194 353697
23300 528007 357611
23300 522917 352114
23300 515649 350502
23300 516622 345984
23300 509122 342726
23300 514926 351401
23300 528855 354688
23300 512540 344665
23300 509801 343198
23300 517494 348801
23300 520307 354109
23300 515009 350730
23300 523779 355748
23300 511535 344842
23300 522821 355166
23300 536257 361721
23300 505611 342549
23300 513423 346123
23300 526070 358321
23300 516308 344684
23300 518751 353671
23300 525659 359373
23300 525525 354599
23300 529756 360252
23300 519890 356798
23300 533206 357572
23300 521792 357367
23300 538134 363156
23300 524000 353329
23300 516990 348971
23300 523287 351941
23300 515540 348362
23300 514697 349845
23300 514223 348307
23300 527025 357201
23300 427601 286669
23300 520240 351940
23300 513665 347213
23300 518705 348652
23300 526258 359166
23300 512462 340583
23300 527548 355566
23300 516259 349455
23300 508428 343499
23300 529524 356936
23300 524359 352398
23300 510588 345685
23300 516129 350994
23400 527451 357380
23400 523082 352326
23400 523687 356193
23400 526905 360653
23400 454611 305211
23400 522913 357708
23400 526829 358076
23400 525549 355710
23400 535509 365134
23400 520875 352883
23400 520102 351450
23400 524754 357873
23400 522503 355749
23400 536672 366066
23400 538880 367090
23400 518665 351469
23400 532617 364605
23400 524014 358243
23400 530192 359579
23400 519988 354975
23400 529144 360279
23400 520862 354239
23400 510214 344766
23400 526754 360307
23400 529288 356752
23400 538293 365810
23400 519984 354117
23400 522655 353696
23400 528767 357470
23400 523420 358008
23400 514849 345576
23400 524325 351802
23400 515418 348486
23400 524100 355434
23400 514373 347651
23400 534538 363148
23400 520765 351242
23400 529553 362487
23400 531298 361938
23400 519848 350651
23400 529484 358944
23400 531395 363592
23400 445721 299403
23400 515819 350963
23400 522116 357112
23400 518407 352088
23400 523195 354881
23400 524678 358400
23400 532225 362802
23400 540044 369100
23500 527116 356162
23500 523690 348295
23500 521323 352147
23500 520277 355776
23500 516696 344109
23500 527943 358535
23500 530689 358454
23500 536803 365805
23500 504447 336956
23500 516114 347615
23500 522933 351714
23500 513695 345568
23500 519486 353588
23500 517470 350301
23500 520615 352728
23500 516693 347918
23500 515569 349808
23500 520805 351901
23500 524076 357166
23500 511421 345161
23500 521213 354269
23500 515504 343606
23500 523111 355025
23500 524536 357557
23500 515899 350059
23500 518600 355167
23500 519940 353246
23500 528766 355265
23500 524967 353728
23500 523872 353804
23500 515258 350318
23500 527990 355600
23500 518586 354434
23500 526964 353057
23500 520148 350792
23500 515445 348651
23500 516081 346926
23500 528090 357288
23500 512003 343556
23500 529381 359219
23500 524726 352018
23500 518422 351776
23500 524138 357912
23500 445051 297986
23500 537945 364601
23500 522779 355454
23500 519775 351353
23500 520593 351163
23500 526212 356387
23500 516484 347044
23600 524861 355161
23600 531046 360326
23600 545059 366518
23600 528552 358224
23600 533503 360426
23600 531739 359367
23600 521016 352751
23600 538875 361217
23600 522467 353442
23600 543004 365646
23600 541388 366391
23600 535484 365843
23600 527542 360103
23600 516160 349406
23600 524677 359934
23600 528324 355312
23600 523270 352862
23600 529830 361116
23600 527510 360424
23600 533957 360965
23600 522962 352671
23600 536803 366012
23600 531603 360262
23600 533313 358490
23600 521097 356531
23600 533076 361695
23600 522840 355167
23600 523036 355111
23600 525471 355425
23600 535805 362726
23600 522477 351875
23600 536053 362899
23600 529317 362512
23600 523358 358899
23600 453938 303438
23600 529372 353475
23600 529163 361281
23600 542178 365180
23600 521874 351360
23600 528383 361913
23600 523675 352270
23600 530195 360861
23600 521259 351695
23600 518129 347880
23600 441642 297690
23600 519211 349467
23600 536557 367190
23600 531592 359235
23600 529308 359955
23600 526861 358830
23700 532211 358850
23700 536707 368412
23700 525845 357933
23700 529626 362434
23700 523314 355207
23700 524731 356944
23700 545749 369209
23700 521342 351817
23700 531397 356614
23700 523612 355644
23700 531509 363153
23700 534897 362955
23700 530134 359274
23700 534174 364033
23700 542009 365451
23700 518258 350673
23700 542736 365933
23700 537595 365733
23700 536427 364214
23700 521831 350264
23700 530292 359057
23700 538249 364300
23700 530223 360293
23700 533541 360831
23700 520132 352389
23700 531070 357270
23700 536219 363393
23700 529306 356485
23700 448249 299922
23700 524133 356271
23700 525678 355047
23700 522150 352950
23700 524223 358608
23700 534134 361560
23700 533649 360701
23700 538013 361600
23700 520246 353800
23700 527671 360980
23700 541976 367620
23700 530766 361293
23700 542274 368206
23700 528184 357822
23700 538994 367487
23700 525054 355597
23700 527987 359033
23700 517172 349750
23700 544055 366144
23700 452356 305423
23700 526778 355809
23700 549683 371450
23800 540060 364666
23800 527732 355716
23800 518822 353373
23800 532277 364464
23800 519760 349808
23800 533115 363494
23800 531116 356479
23800 541926 364302
23800 534824 361892
23800 538754 365236
23800 527191 357391
23800 536059 366527
23800 547258 369895
23800 529069 357783
23800 438078 294339
23800 522272 351141
23800 445825 300228
23800 527617 360461
23800 515311 346108
23800 536165 360817
23800 527345 359751
23800 537459 364355
23800 543647 368781
23800 524135 354223
23800 539841 366174
23800 538014 366018
23800 522343 353120
23800 537446 364445
23800 527791 352135
23800 531290 359283
23800 536631 364713
23800 528554 357584
23800 525463 353914
23800 529888 359381
23800 529366 357189
23800 528700 355098
23800 531169 355573
23800 524714 356828
23800 544963 369072
23800 531360 356373
23800 533467 362834
23800 539122 362947
23800 538271 364956
23800 526359 359172
23800 527592 360694
23800 533618 359110
23800 528512 359608
23800 527665 358628
23800 534996 362849
23800 524202 356522
23900 527863 358967
23900 536167 368160
23900 533116 362902
23900 540751 368341
23900 533351 363308
23900 542779 370159
23900 528713 359620
23900 536557 361711
23900 529946 359815
23900 529339 359816
23900 531458 361455
23900 541370 365149
23900 549983 374615
23900 537836 365990
23900 535751 362914
23900 537263 365379
23900 534709 364918
23900 537650 361946
23900 521453 354057
23900 536997 364691
23900 540137 370028
23900 544626 368950
23900 537846 363705
23900 543418 368162
23900 543866 370657
23900 541010 364100
23900 542108 362876
23900 523669 354084
23900 539184 362284
23900 527696 360180
23900 521140 348195
23900 530630 362584
23900 554306 375062
23900 451593 301243
23900 546452 373095
23900 531057 363663
23900 540046 365638
23900 533882 366821
23900 539140 369346
23900 530973 360871
23900 536619 365125
23900 447754 300271
23900 536310 362644
23900 536262 366141
23900 530243 361535
23900 552044 372649
23900 534377 362853
23900 545601 371386
23900 533781 362291
23900 537909 365776
24000 544689 366826
24000 531357 353505
24000 539115 360801
24000 537097 362195
24000 528325 356155
24000 534149 364873
24000 539119 363785
24000 525212 355893
24000 532007 359117
24000 516979 349614
24000 438389 293407
24000 529220 359501
24000 535527 363361
24000 527592 357983
24000 523467 354221
24000 542713 366506
24000 529354 358555
24000 541053 367781
24000 534935 358222
24000 550361 372614
24000 552340 375198
24000 523758 351726
24000 534828 364502
24000 526266 357506
24000 544352 363474
24000 537512 359111
24000 539301 366940
24000 534882 360300
24000 528365 360108
24000 542881 364899
24000 533975 361641
24000 532152 359946
24000 535010 362750
24000 533494 361110
24000 530849 362302
24000 535437 360865
24000 543937 369004
24000 529583 356402
24000 553265 373480
24000 524228 352606
24000 541433 362940
24000 542292 365705
24000 538295 364603
24000 536550 363405
24000 536259 362415
24000 523908 355482
24000 550994 373470
24000 531741 361829
24000 539514 365870
24000 533424 363261
24100 531629 361735
24100 526771 357860
24100 527310 358107
24100 536651 365582
24100 534234 362386
24100 537025 361059
24100 534410 365249
24100 532508 361933
24100 530254 355733
24100 524383 353416
24100 531738 357755
24100 536654 359160
24100 540455 367398
24100 537099 361993
24100 542403 369043
24100 538430 363383
24100 529253 356778
24100 518837 349208
24100 539868 364905
24100 544677 364888
24100 535934 366976
24100 546966 369489
24100 541194 366918
24100 544565 368569
24100 538075 367378
24100 533989 359713
24100 539081 367576
24100 540324 365668
24100 547920 371317
24100 453263 305891
24100 549487 374598
24100 527749 359897
24100 554253 372156
24100 536826 366032
24100 533719 364145
24100 540442 364748
24100 531300 353601
24100 536289 363339
24100 534319 364869
24100 544039 367597
24100 536154 361788
24100 530240 354178
24100 538100 368295
24100 540674 366097
24100 543860 370231
24100 542094 366214
24100 541023 364130
24100 437657 291036
24100 550284 371594
24100 547126 371659
24200 536265 365376
24200 552861 377831
24200 542043 367745
24200 538651 365681
24200 549939 375397
24200 550620 375245
24200 541130 365493
24200 532943 362449
24200 545224 366147
24200 537555 363197
24200 538400 365292
24200 546710 370721
24200 557565 377063
24200 528261 356269
24200 555264 373505
24200 542633 365682
24200 551588 371244
24200 525736 351973
24200 534084 363689
24200 548060 372504
24200 539153 363578
24200 540402 368356
24200 540439 370106
24200 546160 372605
24200 534993 363919
24200 526428 357709
24200 538451 365034
24200 543572 369018
24200 546104 369907
24200 538883 366475
24200 538699 368748
24200 540839 367176
24200 547430 372064
24200 540273 367454
24200 538888 366044
24200 540560 366943
24200 542271 363904
24200 547612 372072
24200 539653 368800
24200 548668 372482
24200 537107 360070
24200 547264 371748
24200 547527 372370
24200 542931 371560
24200 533922 361299
24200 545823 369869
24200 553030 377634
24200 533843 356802
24200 538123 367321
24200 541172 362329
24300 554647 375579
24300 541847 364168
24300 543578 368666
24300 546497 370494
24300 548779 370803
24300 549238 369779
24300 544584 369178
24300 539843 366580
24300 533992 358752
24300 550930 374288
24300 542649 372326
24300 535209 355529
24300 540414 365503
24300 547578 373505
24300 544679 371533
24300 546320 370241
24300 534905 360483
24300 542412 365396
24300 536785 365057
24300 465391 312257
24300 546720 371765
24300 540680 367301
24300 541489 368599
24300 547325 368968
24300 534330 361910
24300 539573 363869
24300 530402 360108
24300 541762 368797
24300 541530 366131
24300 550030 373484
24300 537796 359507
24300 552561 374303
24300 547298 370124
24300 534907 359268
24300 545804 372838
24300 532759 358949
24300 529077 357283
24300 540050 366037
24300 543161 364313
24300 549747 369999
24300 540570 368085
24300 543447 365398
24300 539702 362945
24300 455778 304304
24300 547921 367379
24300 540164 366517
24300 537953 359394
24300 553019 373792
24300 543339 371556
24300 540012 368355
24400 548941 372245
24400 539206 365304
24400 541049 369435
24400 553781 379616
24400 543171 370105
24400 545855 365557
24400 550731 373981
24400 552379 376898
24400 543606 366520
24400 554630 375499
24400 549736 375337
24400 549038 372627
24400 540445 366842
24400 543037 369450
24400 547388 373360
24400 545552 373878
24400 549976 373876
24400 538470 365854
24400 546827 371018
24400 540672 368409
24400 460008 305720
24400 546022 367021
24400 562325 383409
24400 548542 372077
24400 546992 371439
24400 552115 379406
24400 541688 369288
24400 538960 361911
24400 550636 375634
24400 559980 379961
24400 554837 378907
24400 538498 367125
24400 552947 375856
24400 554957 379421
24400 540618 365681
24400 547395 372897
24400 558977 379714
24400 555278 379000
24400 538929 364421
24400 546130 369524
24400 543904 369839
24400 542358 371602
24400 557258 379579
24400 542292 366834
24400 555190 379210
24400 452919 302998
24400 556034 380659
24400 552423 377529
24400 548460 373356
24400 566284 384823
24500 533800 354302
24500 553798 375998
24500 550508 370842
24500 524799 352766
24500 532442 357240
24500 549598 376107
24500 550701 375674
24500 537324 361920
24500 551093 373192
24500 547566 369240
24500 547805 369931
24500 541873 365776
24500 544603 370206
24500 541264 362987
24500 551633 372546
24500 540455 368307
24500 550449 372813
24500 543146 365924
24500 548000 371149
24500 538153 365213
24500 534674 362243
24500 535991 360822
24500 547872 373205
24500 545630 372104
24500 540400 365103
24500 461200 306672
24500 543316 367974
24500 541946 365155
24500 550482 365187
24500 536355 364416
24500 537495 364746
24500 548332 369619
24500 551057 370247
24500 550936 377560
24500 539784 367604
24500 554161 376850
24500 538947 366172
24500 539235 367065
24500 540900 364898
24500 536528 362848
24500 562275 377513
24500 551351 376001
24500 555554 376260
24500 547107 370846
24500 544538 369123
24500 544624 368273
24500 545645 367396
24500 549923 369121
24500 555857 373074
24500 538045 360836
24600 558297 374532
24600 541301 364921
24600 554156 378724
24600 544694 370741
24600 562369 384164
24600 542820 369457
24600 555694 372269
24600 555044 371454
24600 532513 357929
24600 541695 366470
24600 551990 372297
24600 554360 379017
24600 548611 369730
24600 545349 371327
24600 545444 367112
24600 559042 379089
24600 563580 380457
24600 541701 366157
24600 540175 361793
24600 556580 377649
24600 564391 379136
24600 553541 376835
24600 555648 374560
24600 547424 364960
24600 556929 380010
24600 547087 372983
24600 552473 373454
24600 543276 364370
24600 550161 370499
24600 542863 368607
24600 558248 382388
24600 559051 377860
24600 545907 367913
24600 551856 374406
24600 548233 371137
24600 547180 373557
24600 552014 372544
24600 553850 376151
24600 548654 373894
24600 543246 367438
24600 558785 380517
24600 547889 372530
24600 548635 373958
24600 554654 378152
24600 550740 375107
24600 545155 367507
24600 557275 375365
24600 530974 356743
24600 560778 382044
24600 555083 376870
24700 544305 365479
24700 549153 375754
24700 556985 377887
24700 550388 373830
24700 557239 376821
24700 474202 314807
24700 562402 380236
24700 563050 383762
24700 541207 367857
24700 554253 372888
24700 554601 377145
24700 547796 368913
24700 551644 371481
24700 553152 378361
24700 566350 383288
24700 560041 377881
24700 551945 373120
24700 554429 379333
24700 561578 381704
24700 561318 380988
24700 554095 372604
24700 555539 378474
24700 547825 373695
24700 549313 371475
24700 557608 382960
24700 549634 371560
24700 555412 375131
24700 554748 376548
24700 533753 363692
24700 547887 370863
24700 549393 371568
24700 538007 363351
24700 468331 313309
24700 557124 376007
24700 534221 357024
24700 553080 371371
24700 548175 366383
24700 464257 309782
24700 564081 383096
24700 568412 387064
24700 546091 371172
24700 553715 373141
24700 557580 375670
24700 547345 367985
24700 556778 377580
24700 551818 375002
24700 551615 375059
24700 550398 372571
24700 557278 378452
24700 555126 377612
24800 559414 376201
24800 538650 364361
24800 559563 375701
24800 559682 375891
24800 557167 380256
24800 555477 379167
24800 554055 373628
24800 572890 387683
24800 554465 376216
24800 553149 369767
24800 551395 372977
24800 563021 377781
24800 567000 385727
24800 554409 377594
24800 557822 376343
24800 560891 379296
24800 555309 378794
24800 556236 378102
24800 554819 373945
24800 463763 308209
24800 552817 376618
24800 554929 375157
24800 566797 382927
24800 561644 381731
24800 568350 384713
24800 555947 376987
24800 561631 380216
24800 564612 383436
24800 561371 382947
24800 559465 380333
24800 543226 368258
24800 555850 376911
24800 558821 381470
24800 550691 371199
24800 562431 375588
24800 564281 381447
24800 548790 372503
24800 553217 372974
24800 548344 372007
24800 559760 378622
24800 567882 386531
24800 559336 379321
24800 553248 373609
24800 563079 380156
24800 575960 391610
24800 564390 378622
24800 552679 372823
24800 550750 372528
24800 545150 369951
24800 550512 372677
24900 560256 381301
24900 557673 381623
24900 565598 388458
24900 559466 382721
24900 556036 380407
24900 565935 386839
24900 461726 311700
24900 552829 374724
24900 560628 381437
24900 546216 369352
24900 578916 390443
24900 566426 385610
24900 561500 381282
24900 562682 384515
24900 539538 367905
24900 570875 384245
24900 561653 384472
24900 558071 376897
24900 557842 381553
24900 562984 382099
24900 553323 374630
24900 561740 382838
24900 552314 376298
24900 550684 371569
24900 568719 385240
24900 545212 366154
24900 550130 370914
24900 551327 375586
24900 458030 306196
24900 551884 376301
24900 557188 382452
24900 574592 391030
24900 553987 377823
24900 565144 381964
24900 558644 373869
24900 554143 373174
24900 561937 383232
24900 569952 387036
24900 564729 382178
24900 556392 380046
24900 561639 379514
24900 545875 365865
24900 569422 386071
24900 572946 388044
24900 568747 386302
24900 547697 366881
24900 563690 383269
24900 557857 380542
24900 544407 369017
24900 572053 390545
25000 565533 378362
25000 559904 378224
25000 553771 378401
25000 547156 370086
25000 568637 384239
25000 559830 379021
25000 555865 373522
25000 562137 378928
25000 549623 372837
25000 560869 378114
25000 548516 370803
25000 564203 378820
25000 544484 366853
25000 554343 376634
25000 558181 377263
25000 562505 379571
25000 555081 377737
25000 561165 381226
25000 553626 375172
25000 562415 379932
25000 563774 378304
25000 569979 384251
25000 551190 371891
25000 559522 378005
25000 557870 376500
25000 568995 384483
25000 552738 372093
25000 554427 372279
25000 549814 370751
25000 562936 381120
25000 546648 366858
25000 556329 376861
25000 555761 378037
25000 562574 380871
25000 560888 380059
25000 562671 378762
25000 550217 374070
25000 554292 376942
25000 548775 371181
25000 551702 368400
25000 555546 373993
25000 554026 369127
25000 552831 376121
25000 550207 372413
25000 547636 374037
25000 563695 379832
25000 559803 378605
25000 556517 376460
25000 567880 383321
25000 547877 371065
25100 566134 386186
25100 560026 378950
25100 555477 378658
25100 560040 375350
25100 553678 375741
25100 574637 383666
25100 567641 380251
25100 465766 312445
25100 553024 373190
25100 562257 378595
25100 558241 378393
25100 564340 384173
25100 560456 381539
25100 550617 370883
25100 550348 368499
25100 552192 373863
25100 575553 387427
25100 566374 380581
25100 551200 373432
25100 560684 380644
25100 552526 374178
25100 552888 370354
25100 548582 373399
25100 563811 385170
25100 548006 370545
25100 550451 373178
25100 546133 369876
25100 556612 377088
25100 553799 371348
25100 568484 383559
25100 552366 372852
25100 563395 383874
25100 567531 382425
25100 570342 382366
25100 563095 376031
25100 568818 387916
25100 553662 367866
25100 565185 381256
25100 564169 382470
25100 567157 383765
25100 558768 375715
25100 559927 381662
25100 548741 371797
25100 562637 382316
25100 570165 385062
25100 567762 385062
25100 555813 375040
25100 568763 381340
25100 555249 371644
25100 540814 366205
25200 576152 388152
25200 557953 374920
25200 569406 382675
25200 572480 390585
25200 567116 386335
25200 577927 391591
25200 559406 374283
25200 565411 383233
25200 572665 384586
25200 568893 387397
25200 546663 366642
25200 559791 378313
25200 573529 390189
25200 575091 387526
25200 577335 392960
25200 564444 378483
25200 568295 382627
25200 462379 310783
25200 575013 390330
25200 575792 391646
25200 577727 392214
25200 562133 382883
25200 564271 385616
25200 565790 386605
25200 562378 383517
25200 565322 384257
25200 566501 386566
25200 577795 394423
25200 564432 381957
25200 573934 388650
25200 560501 382226
25200 555478 379253
25200 568194 386428
25200 563826 381319
25200 575268 389263
25200 584798 394200
25200 565945 385070
25200 559665 379310
25200 559256 380187
25200 571370 389056
25200 561681 382572
25200 559720 377742
25200 574182 390644
25200 571772 388715
25200 557639 377839
25200 563079 380788
25200 563811 384213
25200 568492 385088
25200 563672 380756
25200 565269 382381
25300 563778 380761
25300 561348 376562
25300 574480 389217
25300 557074 377906
25300 558472 379342
25300 581097 395656
25300 570394 384038
25300 565029 383213
25300 570729 387592
25300 563536 381519
25300 559756 375167
25300 569133 388523
25300 563715 382598
25300 553935 370948
25300 567170 386126
25300 574848 388612
25300 546098 368782
25300 557815 375053
25300 563285 383007
25300 566371 380449
25300 567940 382647
25300 479687 318535
25300 573826 389521
25300 545863 364900
25300 570570 383125
25300 557940 380058
25300 558555 372560
25300 564759 377390
25300 547573 368823
25300 566745 383623
25300 555757 377100
25300 556758 371514
25300 574228 387770
25300 572531 387998
25300 561487 381265
25300 569568 383921
25300 567721 380308
25300 568194 387189
25300 564343 381473
25300 568803 385965
25300 557879 381922
25300 553665 372531
25300 575219 388983
25300 569893 386751
25300 568682 384947
25300 570641 389266
25300 572202 389497
25300 569372 387545
25300 562801 381502
25300 570847 388731
25400 570730 387579
25400 569580 384228
25400 559893 375251
25400 575227 384306
25400 557829 377876
25400 576675 394567
25400 569549 390280
25400 570788 388918
25400 579439 395316
25400 575866 392310
25400 568339 381101
25400 568689 389235
25400 571706 385119
25400 572360 386934
25400 589089 394590
25400 562952 381189
25400 556327 374711
25400 549247 366809
25400 573897 392350
25400 585292 397964
25400 578582 387402
25400 569918 390088
25400 480488 324373
25400 586573 396653
25400 572787 390911
25400 572057 386832
25400 581400 393480
25400 576078 390001
25400 573564 393253
25400 563650 384496
25400 561386 383142
25400 577027 391143
25400 583043 398702
25400 555543 377045
25400 571755 386319
25400 565833 383868
25400 574715 389920
25400 563426 380625
25400 555400 371808
25400 582890 391542
25400 585239 399098
25400 567288 387884
25400 560411 376197
25400 576835 390073
25400 590764 403181
25400 576280 392447
25400 564377 385442
25400 572361 386558
25400 550606 369567
25400 577920 394198
25500 560346 378293
25500 583844 393530
25500 584888 394897
25500 564062 374397
25500 571135 386653
25500 556201 371209
25500 556991 377196
25500 562697 384073
25500 568182 382006
25500 560804 379314
25500 561977 382902
25500 569300 379728
25500 573905 390769
25500 571164 385851
25500 574315 390268
25500 574400 388943
25500 568119 385426
25500 563734 378730
25500 569681 385857
25500 564980 383122
25500 571980 387073
25500 576259 392415
25500 568376 382721
25500 564421 378117
25500 558188 377847
25500 566694 382941
25500 561186 381042
25500 562512 376313
25500 561778 377753
25500 562671 378011
25500 560817 372893
25500 559842 378176
25500 572255 381951
25500 570646 384924
25500 576540 391224
25500 570119 384921
25500 569875 388319
25500 567762 382696
25500 470093 315967
25500 570458 384591
25500 560644 381664
25500 575916 389623
25500 573461 383560
25500 576990 387147
25500 584334 392521
25500 553816 374472
25500 567060 379352
25500 567649 377065
25500 552628 372660
25500 565601 381459
25600 570329 387560
25600 577590 393983
25600 577489 391835
25600 574778 390571
25600 561383 379299
25600 576386 393868
25600 573949 389684
25600 583429 394361
25600 570433 387195
25600 570725 385648
25600 576474 395727
25600 480704 322807
25600 576965 393341
25600 584199 393766
25600 578398 390805
25600 581370 391665
25600 574644 385480
25600 566636 385892
25600 563115 380404
25600 562376 379131
25600 490063 329207
25600 577479 390274
25600 570307 386876
25600 573616 386761
25600 559264 374263
25600 570637 387135
25600 567045 382655
25600 571627 389142
25600 570096 387366
25600 574458 392054
25600 589980 401264
25600 569317 387904
25600 566222 381857
25600 554748 375247
25600 572797 387752
25600 493193 331800
25600 587335 396963
25600 562691 382070
25600 574626 393207
25600 589027 398483
25600 577646 388518
25600 567976 385779
25600 571276 380122
25600 581240 393638
25600 571780 389281
25600 549364 364169
25600 572106 390683
25600 566861 381391
25600 580596 393602
25600 574366 390360
25700 564267 382384
25700 580326 396012
25700 571404 386586
25700 566179 385489
25700 584300 397908
25700 579072 393382
25700 573529 391282
25700 584614 400268
25700 572596 385153
25700 574724 392425
25700 570652 389302
25700 570934 386510
25700 587223 397554
25700 597974 401415
25700 585770 393553
25700 581343 392320
25700 577813 392825
25700 479572 324419
25700 592042 400571
25700 577401 393603
25700 586786 399227
25700 570483 385158
25700 563120 379213
25700 578415 389944
25700 573350 391460
25700 589107 396546
25700 578029 391495
25700 573229 387445
25700 590621 400367
25700 575531 390368
25700 567478 385717
25700 576142 393439
25700 562792 382184
25700 477285 319088
25700 585638 399976
25700 578884 390374
25700 589478 397220
25700 575395 388388
25700 570352 383997
25700 487738 327437
25700 576695 388921
25700 579801 392450
25700 584123 396398
25700 567319 388885
25700 572288 384608
25700 572444 384275
25700 574195 388723
25700 578935 394740
25700 577685 390727
25700 582894 396895
25800 595302 400693
25800 562336 381516
25800 476905 320488
25800 564834 380198
25800 481622 323387
25800 576077 389669
25800 578852 394755
25800 564923 374151
25800 590106 400786
25800 574566 390699
25800 563280 379752
25800 572470 384201
25800 582036 393269
25800 581579 396214
25800 567588 385435
25800 571303 387054
25800 579037 392820
25800 570971 389332
25800 574020 390353
25800 587996 393883
25800 593441 404415
25800 489416 327616
25800 583881 395360
25800 581121 395627
25800 566833 384371
25800 577596 393926
25800 574945 389875
25800 576057 390545
25800 569545 385628
25800 580518 395159
25800 477114 319549
25800 578119 387998
25800 588225 400304
25800 587392 398196
25800 492608 332541
25800 580293 395028
25800 572153 387335
25800 588210 395608
25800 582734 396352
25800 573286 390963
25800 598490 407772
25800 572506 385844
25800 581443 393095
25800 585233 395653
25800 578155 390048
25800 579629 391347
25800 578376 393831
25800 582072 396539
25800 584526 395310
25800 581328 393099
25900 570897 385032
25900 583489 397629
25900 500063 335940
25900 585513 391647
25900 579683 393194
25900 576232 386073
25900 575524 390230
25900 587336 396870
25900 582371 396071
25900 576382 392120
25900 583310 395358
25900 582835 395544
25900 575444 386101
25900 577646 393505
25900 586346 396914
25900 586715 398689
25900 582335 394448
25900 581474 396142
25900 587788 402444
25900 484257 323457
25900 477412 319002
25900 585067 392812
25900 575424 392355
25900 581916 400310
25900 581501 397263
25900 585109 394809
25900 588129 399530
25900 579681 397619
25900 578603 392930
25900 569337 382422
25900 578673 392156
25900 584967 400661
25900 593412 404552
25900 587435 400764
25900 579235 392615
25900 589250 398263
25900 588220 400472
25900 582678 398206
25900 598764 406678
25900 585393 392960
25900 595469 402664
25900 582135 398213
25900 578006 391876
25900 590201 403827
25900 582171 391568
25900 586012 396493
25900 569621 386168
25900 578791 393590
25900 588284 393911
25900 572020 389165
26000 586045 394944
26000 587720 394914
26000 593838 399802
26000 572086 385597
26000 576965 393581
26000 576538 390441
26000 585095 396693
26000 547336 366031
26000 588612 401192
26000 590123 399614
26000 588612 397538
26000 480835 318319
26000 577118 391070
26000 570093 383706
26000 587160 395138
26000 571438 386734
26000 566453 381756
26000 578702 392994
26000 581930 391024
26000 575757 389854
26000 578087 393826
26000 580089 390067
26000 576110 388615
26000 577228 390530
26000 578456 390073
26000 576170 388780
26000 572639 387424
26000 568282 379249
26000 594512 403017
26000 575368 389480
26000 584101 395030
26000 574264 385298
26000 588741 397749
26000 583219 392829
26000 564782 379408
26000 565293 378188
26000 586520 397780
26000 575847 384827
26000 583221 391081
26000 583202 393215
26000 585821 398364
26000 585722 397436
26000 589233 397992
26000 574200 386275
26000 573642 388925
26000 591562 399005
26000 566879 382872
26000 569134 381326
26000 569209 381879
26000 573443 385533
26100 587096 398239
26100 589037 398416
26100 570869 384048
26100 581892 394162
26100 573412 389229
26100 592907 403555
26100 592800 399348
26100 584571 396415
26100 580176 394644
26100 575515 390150
26100 584926 395796
26100 571564 384362
26100 592287 402312
26100 587024 397449
26100 586205 396587
26100 582452 395777
26100 585442 396234
26100 579982 393148
26100 577011 392988
26100 592573 400492
26100 588104 393610
26100 573242 388133
26100 575687 391465
26100 483487 325584
26100 588085 396688
26100 575611 388850
26100 590779 395783
26100 595650 404784
26100 597428 405422
26100 578045 389186
26100 573686 387983
26100 590773 400617
26100 584044 398407
26100 582134 391420
26100 585054 396140
26100 580550 391307
26100 595928 404193
26100 567048 383974
26100 586863 400513
26100 599924 406295
26100 586055 392099
26100 589234 401744
26100 596186 402175
26100 589288 398576
26100 591397 398427
26100 584113 396766
26100 583515 394045
26100 591646 399949
26100 586179 393572
26100 594723 399481
26200 586632 397488
26200 608847 411666
26200 588873 397028
26200 600173 405655
26200 582217 396276
26200 573573 385376
26200 585315 396921
26200 585689 400771
26200 580859 390777
26200 581902 393624
26200 506449 341060
26200 588591 395801
26200 585518 395687
26200 595824 401229
26200 582957 397093
26200 591401 402172
26200 577023 390090
26200 587277 399225
26200 584500 395643
26200 578185 389180
26200 598911 406866
26200 587145 394158
26200 587045 397793
26200 577784 391486
26200 594503 400728
26200 580065 391860
26200 573362 385683
26200 581469 387659
26200 586269 400340
26200 599450 406458
26200 574816 387634
26200 591877 400925
26200 585201 397495
26200 590961 400344
26200 583328 398624
26200 593854 400723
26200 578287 393149
26200 589583 396470
26200 605055 412705
26200 596707 405227
26200 598684 404590
26200 584226 399507
26200 589078 398982
26200 587975 398711
26200 597023 406767
26200 586484 398817
26200 583850 398891
26200 590536 402089
26200 588175 400870
26200 584160 395458
26300 587802 401606
26300 582663 393020
26300 594835 402793
26300 599483 407266
26300 570020 383284
26300 582570 395899
26300 592381 399040
26300 581130 390953
26300 584726 392837
26300 586521 396530
26300 579719 386607
26300 566890 382205
26300 489720 326109
26300 602183 400769
26300 588779 399478
26300 579935 389121
26300 586647 393979
26300 580809 393004
26300 582225 394199
26300 591060 402838
26300 582434 396831
26300 580487 392749
26300 587318 397467
26300 600342 401758
26300 587472 399504
26300 570254 382037
26300 589693 398792
26300 597166 404934
26300 568465 385453
26300 585056 394639
26300 592488 398278
26300 598047 406428
26300 593241 402202
26300 588641 401933
26300 593773 400903
26300 596864 402738
26300 601324 405572
26300 604416 410751
26300 598945 404238
26300 589455 400218
26300 574849 383511
26300 583026 398185
26300 585135 397097
26300 598350 405090
26300 583192 396162
26300 583161 396527
26300 596270 399687
26300 604470 411516
26300 592471 403527
26300 577469 393201
26400 594128 401852
26400 585282 395204
26400 591140 401427
26400 612088 416304
26400 588114 395278
26400 612036 415957
26400 582343 393530
26400 598093 408180
26400 589805 404550
26400 586616 402210
26400 579411 393963
26400 606951 414357
26400 594257 401140
26400 597937 405232
26400 596575 406397
26400 605374 413460
26400 597675 406771
26400 595800 407997
26400 597294 406624
26400 613306 412979
26400 616243 415298
26400 598868 403854
26400 596286 407249
26400 593683 405769
26400 591151 399658
26400 584799 400713
26400 596394 403744
26400 495315 334426
26400 597038 405456
26400 600567 409653
26400 588480 397803
26400 592191 404737
26400 593149 403963
26400 591110 403302
26400 595290 403480
26400 586425 402344
26400 598604 406941
26400 593580 402115
26400 596168 400058
26400 593296 398820
26400 588132 396904
26400 600339 409809
26400 595520 402309
26400 615214 419925
26400 591586 401824
26400 585489 395594
26400 595596 403108
26400 605497 411327
26400 607932 409295
26400 588046 397977
26500 591739 404194
26500 594905 394917
26500 602839 407519
26500 580616 391036
26500 586238 396569
26500 586977 391287
26500 588183 394257
26500 592864 399583
26500 612242 415721
26500 607652 405990
26500 596179 401255
26500 579078 392665
26500 585830 397143
26500 597829 404205
26500 596316 406614
26500 581625 393338
26500 594830 401680
26500 596753 401723
26500 579811 393706
26500 581673 390549
26500 587277 393695
26500 595456 404145
26500 589506 401410
26500 596585 404702
26500 584096 392224
26500 599205 405113
26500 492652 328943
26500 593315 394161
26500 596301 402470
26500 594738 401788
26500 584224 392155
26500 593302 401203
26500 588594 399738
26500 584851 394031
26500 498083 330645
26500 598856 403811
26500 597726 403834
26500 583993 390884
26500 511707 341807
26500 586911 397032
26500 584616 397753
26500 586327 395998
26500 584637 395040
26500 592513 402728
26500 590410 401913
26500 579211 389480
26500 580669 394307
26500 594027 398990
26500 573190 379670
26500 596795 402994
26600 589763 393453
26600 597588 403182
26600 589830 399473
26600 587312 400247
26600 610627 407797
26600 589048 398163
26600 595219 401409
26600 596832 404325
26600 589719 401917
26600 595593 404674
26600 601737 405192
26600 599895 404854
26600 578785 388231
26600 593160 400639
26600 593378 403942
26600 594865 405557
26600 592134 403743
26600 590557 396390
26600 602393 409062
26600 595021 401808
26600 583210 394802
26600 591492 405067
26600 603458 405401
26600 600524 407321
26600 585440 394259
26600 603196 410195
26600 602243 406915
26600 588736 396202
26600 585004 395041
26600 592250 403798
26600 596012 404079
26600 598569 405910
26600 605914 411025
26600 589357 398154
26600 494982 331428
26600 608271 417437
26600 595933 406816
26600 606533 412847
26600 591414 404776
26600 608156 410042
26600 595782 400549
26600 602638 407053
26600 596749 403933
26600 599757 402513
26600 589007 394741
26600 596720 408683
26600 599093 409191
26600 590505 397031
26600 595049 404722
26600 594605 400123
26700 606381 410783
26700 581617 387706
26700 606791 413998
26700 600285 405546
26700 593551 401453
26700 611123 415257
26700 590160 404455
26700 588029 399736
26700 590608 400321
26700 611352 416145
26700 564590 378891
26700 498132 334496
26700 595215 404328
26700 605176 411435
26700 603193 409694
26700 590888 400282
26700 598305 407669
26700 609348 414244
26700 588808 395699
26700 605660 409232
26700 596236 404928
26700 598999 407494
26700 582586 390052
26700 593214 401656
26700 610104 414149
26700 597234 404847
26700 610171 415447
26700 608142 410297
26700 606562 411204
26700 602710 410834
26700 600568 408470
26700 591487 400630
26700 594445 400204
26700 593672 403370
26700 604651 407615
26700 595204 402336
26700 599719 408771
26700 589615 397116
26700 602782 411503
26700 609099 410462
26700 606273 413737
26700 592783 405712
26700 598300 404991
26700 604912 408508
26700 594349 404237
26700 497252 334736
26700 599691 405597
26700 612229 418097
26700 605911 407852
26700 596685 409863
26800 602886 412045
26800 579967 386880
26800 600713 407801
26800 608430 414118
26800 595907 394742
26800 601070 409072
26800 601662 409922
26800 595428 401775
26800 602781 407400
26800 609852 411364
26800 594803 403110
26800 604227 402336
26800 595308 398917
26800 599247 403553
26800 605570 410535
26800 603753 410099
26800 595234 397063
26800 599418 405215
26800 613555 412679
26800 601285 406144
26800 602320 405885
26800 604933 405874
26800 598233 408223
26800 622094 416130
26800 607991 409506
26800 599903 403930
26800 601044 406855
26800 610483 414124
26800 600254 407288
26800 587401 394303
26800 609531 408147
26800 586682 393997
26800 595747 400222
26800 612397 416310
26800 601410 408600
26800 588008 398187
26800 587766 395489
26800 608825 406183
26800 602584 409054
26800 587019 398517
26800 595158 398139
26800 505546 339695
26800 615487 417863
26800 620446 420321
26800 608615 409433
26800 592016 398796
26800 601206 410253
26800 601173 402553
26800 595218 401754
26800 610676 411542
26900 608629 415511
26900 612843 417347
26900 621118 422391
26900 602112 411684
26900 603601 407986
26900 606671 410818
26900 605718 413761
26900 615372 417286
26900 601760 401808
26900 600133 406501
26900 610255 414224
26900 598668 407195
26900 615485 417316
26900 615344 415271
26900 609718 411004
26900 504160 338842
26900 609503 412534
26900 625573 422559
26900 602569 410782
26900 613330 417271
26900 592246 394326
26900 603589 413149
26900 618078 420424
26900 608306 415010
26900 619251 418745
26900 591324 394859
26900 628829 427228
26900 606109 412424
26900 579132 389171
26900 605058 408765
26900 609203 416893
26900 608779 407573
26900 608519 413090
26900 605536 412240
26900 611117 412591
26900 608776 409652
26900 611130 412516
26900 604660 408322
26900 608788 417048
26900 599239 408234
26900 594751 400165
26900 611147 410059
26900 605784 414890
26900 605040 414400
26900 605408 402961
26900 595905 403699
26900 605346 411581
26900 592814 401741
26900 611886 413057
26900 609681 414275
27000 618818 418363
27000 603762 406081
27000 603935 408498
27000 583855 391799
27000 589575 392173
27000 622002 422881
27000 613893 417141
27000 609327 410022
27000 595388 401320
27000 596196 397333
27000 604314 407731
27000 612937 414171
27000 593489 397367
27000 599736 407773
27000 599766 405270
27000 605246 414377
27000 602613 405936
27000 610397 410046
27000 605890 412565
27000 616065 413776
27000 604429 408631
27000 594652 401155
27000 610290 415220
27000 595342 398855
27000 601616 407871
27000 613247 412780
27000 615218 417893
27000 618624 416756
27000 602578 407793
27000 598340 404772
27000 596989 400993
27000 600453 408801
27000 605853 403781
27000 611469 408852
27000 603000 409520
27000 603010 405124
27000 598269 407116
27000 487856 323327
27000 591511 399805
27000 603250 409683
27000 585584 393186
27000 602381 409728
27000 603076 406608
27000 596406 404595
27000 616014 414509
27000 615861 410649
27000 604091 410632
27000 596388 402173
27000 627285 419569
27000 617015 417976
27100 598163 405459
27100 620781 422444
27100 611472 410886
27100 612470 412175
27100 602492 403857
27100 611960 414852
27100 616922 418765
27100 606199 408861
27100 609239 413968
27100 608370 411852
27100 626736 422999
27100 600634 407597
27100 598372 402113
27100 607921 415179
27100 602824 404471
27100 601662 408421
27100 623911 419793
27100 603514 405738
27100 605109 411210
27100 599733 407021
27100 615639 417082
27100 611078 415448
27100 605861 414416
27100 613292 418014
27100 608769 413348
27100 612174 418248
27100 608311 409315
27100 600034 408698
27100 610460 416392
27100 615655 413832
27100 612381 415404
27100 507776 338494
27100 609335 414347
27100 615305 415245
27100 611597 415713
27100 615416 413262
27100 606472 410768
27100 630055 425132
27100 597034 398035
27100 623854 424488
27100 597277 403658
27100 601537 407076
27100 611820 417349
27100 599789 408050
27100 614673 417012
27100 588822 395117
27100 603593 410149
27100 606032 410698
27100 601912 411406
27100 592750 394373
27200 633050 428484
27200 620105 415809
27200 605629 410877
27200 611975 418181
27200 617754 416885
27200 628327 426776
27200 621326 420056
27200 599298 401267
27200 596043 397370
27200 616002 419474
27200 606237 411451
27200 508204 341523
27200 620916 421277
27200 600262 404505
27200 611637 414233
27200 625552 423810
27200 608054 415339
27200 622041 424894
27200 611446 417868
27200 615699 420109
27200 610175 412228
27200 611892 412148
27200 607783 411820
27200 612539 410644
27200 611671 417339
27200 619918 423337
27200 617973 420188
27200 607153 413425
27200 603347 410437
27200 602456 406083
27200 624366 419857
27200 612983 416060
27200 603200 406787
27200 609573 416766
27200 606670 410601
27200 610549 411125
27200 600937 406112
27200 617387 413958
27200 629248 424542
27200 605602 408286
27200 611519 416701
27200 506243 339537
27200 618753 421896
27200 610529 408732
27200 622690 423911
27200 607504 408404
27200 624180 425501
27200 620045 423483
27200 616411 413011
27200 608295 414604
27300 598919 406338
27300 610730 409869
27300 618773 414300
27300 615142 418863
27300 525115 351373
27300 627830 425792
27300 619253 414920
27300 621120 422370
27300 615251 410855
27300 626770 420861
27300 619191 419136
27300 610770 414367
27300 601128 405165
27300 608929 412048
27300 628552 426658
27300 617725 420043
27300 607089 408974
27300 615118 417719
27300 613496 415496
27300 612522 417434
27300 514813 347998
27300 608766 415558
27300 608765 411481
27300 607986 410520
27300 602627 406491
27300 600913 407145
27300 611788 415034
27300 594120 402966
27300 620587 421697
27300 612434 414354
27300 615187 415792
27300 606513 407122
27300 604003 406400
27300 610229 418200
27300 616097 420281
27300 602778 407917
27300 610506 415458
27300 614176 415246
27300 607146 410281
27300 619039 418549
27300 613238 416213
27300 591163 395591
27300 613267 417536
27300 523115 351609
27300 610598 412971
27300 619425 418024
27300 612359 414692
27300 624326 422903
27300 607649 410398
27300 615441 419068
27400 611259 417471
27400 619202 422946
27400 633274 425223
27400 624883 423839
27400 628804 429178
27400 614567 418083
27400 608418 409832
27400 622405 418686
27400 610718 413729
27400 610461 415982
27400 625323 421872
27400 613077 414288
27400 610222 417295
27400 620185 418225
27400 620814 422322
27400 630353 423513
27400 608098 413627
27400 605921 412761
27400 619965 421951
27400 621235 426224
27400 624192 424880
27400 622360 421513
27400 616074 422807
27400 609961 417763
27400 624534 423862
27400 627037 422704
27400 613543 413477
27400 618808 421060
27400 627445 423183
27400 626411 424683
27400 603593 410590
27400 637597 429278
27400 618156 421598
27400 609854 410223
27400 619043 415213
27400 614594 416808
27400 617592 421761
27400 613484 412424
27400 615188 414724
27400 605041 412713
27400 617995 421853
27400 508477 340023
27400 617460 417854
27400 624016 420648
27400 622373 416995
27400 611607 414064
27400 614251 415590
27400 538204 361488
27400 607429 414283
27400 615915 419990
27500 603850 402862
27500 617737 414125
27500 509485 339704
27500 610777 411597
27500 507114 341700
27500 616363 414541
27500 612008 412082
27500 618385 419927
27500 601801 403196
27500 618186 417019
27500 611492 414548
27500 611296 410768
27500 598412 400441
27500 605279 409826
27500 621009 416893
27500 606596 410375
27500 603002 410733
27500 615073 415760
27500 623688 421243
27500 612642 412277
27500 611998 418191
27500 621023 420541
27500 615062 417927
27500 611913 417728
27500 630164 426329
27500 620470 421548
27500 610805 415680
27500 604604 408991
27500 612462 413019
27500 612935 412721
27500 621683 421426
27500 603405 411003
27500 613857 416787
27500 613895 411661
27500 613951 414031
27500 627527 424741
27500 598345 401648
27500 610591 409453
27500 624880 422781
27500 608651 412731
27500 613208 410901
27500 624621 423081
27500 605192 406555
27500 603815 403939
27500 602378 406517
27500 611853 410541
27500 616277 413713
27500 602551 407028
27500 624068 418149
27500 623335 417648
27600 609335 413103
27600 618119 417731
27600 626310 419895
27600 610817 412455
27600 613584 418003
27600 611836 415972
27600 617130 418584
27600 624958 420048
27600 631702 427469
27600 614255 414870
27600 620832 419104
27600 631523 428265
27600 614440 415300
27600 633860 422942
27600 613963 412356
27600 607439 405787
27600 609918 405398
27600 615766 413063
27600 605779 411199
27600 615981 421451
27600 624920 424568
27600 614332 413088
27600 620741 422199
27600 630330 425365
27600 607913 411458
27600 608908 415590
27600 614828 411764
27600 626373 428186
27600 626355 421146
27600 618328 416760
27600 607052 411160
27600 616430 422121
27600 612461 409170
27600 624711 423603
27600 632673 430405
27600 616917 419201
27600 623429 423116
27600 616160 414807
27600 618157 419356
27600 634990 431687
27600 619200 420307
27600 629334 424055
27600 625253 422928
27600 615282 412648
27600 613808 418732
27600 606797 410170
27600 614592 413406
27600 511193 342842
27600 608217 411940
27600 614706 415771
27700 626864 426036
27700 622047 414879
27700 623423 425693
27700 616646 414389
27700 617353 418802
27700 617280 416376
27700 629300 425340
27700 625007 424824
27700 618091 421875
27700 613497 414792
27700 620967 418184
27700 625818 428435
27700 629788 427520
27700 629507 422260
27700 617446 419024
27700 616319 413219
27700 612447 415521
27700 613746 415900
27700 617849 421949
27700 643018 436100
27700 625779 425820
27700 627415 424481
27700 619759 421361
27700 605306 401854
27700 615186 415006
27700 636874 432378
27700 627843 425434
27700 600565 400155
27700 599887 399334
27700 619264 420689
27700 618627 422361
27700 630848 425705
27700 620272 418715
27700 518712 350996
27700 607131 409956
27700 619462 420698
27700 621266 421324
27700 617671 420647
27700 643245 436447
27700 624320 424261
27700 513633 343567
27700 630780 429492
27700 515941 342720
27700 612258 414195
27700 625275 422424
27700 627617 423183
27700 616568 410304
27700 627506 422277
27700 610916 410457
27700 621391 422240
27800 621483 421855
27800 619988 420595
27800 618946 421300
27800 621015 422868
27800 622236 423163
27800 623820 420931
27800 621337 421078
27800 624407 419272
27800 599246 403430
27800 618510 421437
27800 622200 424224
27800 627262 422804
27800 618892 416566
27800 621170 423267
27800 620919 418876
27800 616594 417474
27800 604483 409985
27800 626390 422780
27800 620077 418526
27800 604090 408679
27800 616984 417456
27800 611421 415633
27800 627682 427569
27800 614231 411926
27800 593777 395019
27800 640209 429506
27800 635074 432247
27800 633898 427754
27800 622568 421323
27800 626492 428702
27800 620412 419583
27800 618089 417135
27800 624717 422644
27800 643622 433484
27800 618324 419215
27800 608871 410908
27800 632586 432946
27800 624156 424250
27800 626773 424380
27800 620501 420384
27800 617251 417460
27800 616057 415263
27800 644180 439915
27800 630581 423140
27800 620563 421796
27800 634230 431057
27800 633023 431344
27800 626434 426203
27800 601391 407559
27800 605754 404851
27900 624609 422101
27900 625601 427321
27900 631634 427417
27900 622477 424276
27900 625788 429256
27900 619632 421813
27900 629988 421598
27900 632685 430718
27900 628868 427146
27900 633586 426783
27900 630651 431694
27900 640744 435054
27900 623710 423765
27900 629332 417024
27900 519305 351593
27900 637690 433450
27900 635491 433408
27900 641152 435539
27900 625170 424689
27900 621208 422938
27900 614774 413383
27900 646352 436788
27900 619216 417503
27900 639435 433042
27900 634563 433558
27900 617501 420402
27900 629997 426619
27900 616478 418515
27900 629726 426663
27900 653281 444360
27900 626082 428266
27900 632923 427893
27900 629940 428362
27900 623425 421583
27900 627865 425917
27900 631011 424990
27900 627643 425232
27900 633223 428786
27900 622953 425295
27900 634740 430465
27900 619560 423312
27900 621863 420389
27900 614560 414240
27900 632607 430417
27900 621143 422702
27900 620853 421756
27900 634762 428808
27900 631225 428318
27900 628162 429171
27900 617258 421939
28000 626704 419476
28000 630257 427913
28000 616724 416957
28000 633843 427432
28000 623251 413527
28000 625603 421074
28000 629828 422455
28000 639505 432592
28000 620989 420743
28000 634355 423139
28000 640454 432820
28000 625460 421215
28000 635038 427336
28000 509210 339201
28000 626936 421777
28000 621354 419224
28000 641673 435738
28000 626109 427014
28000 643690 433664
28000 623841 422283
28000 512789 340076
28000 617164 419842
28000 632292 426535
28000 640567 430894
28000 635597 426581
28000 623482 422779
28000 633115 427072
28000 617347 420294
28000 628447 420591
28000 629237 425544
28000 621590 422331
28000 626124 424042
28000 620541 421551
28000 628239 427233
28000 614114 416361
28000 627194 425700
28000 622470 420527
28000 632352 431481
28000 629123 425914
28000 626608 420576
28000 624382 419561
28000 625039 420819
28000 615480 414978
28000 634124 426757
28000 623798 421392
28000 618115 416093
28000 620307 416687
28000 631776 426239
28000 624207 416000
28000 621182 417316
28100 616351 419608
28100 630892 424429
28100 633491 428540
28100 646495 439707
28100 648039 441013
28100 617812 415445
28100 619845 417923
28100 638842 434697
28100 617823 420946
28100 628824 428482
28100 629851 426586
28100 621616 420088
28100 622933 423803
28100 624905 425051
28100 620133 421538
28100 627991 422003
28100 629089 426141
28100 627725 425155
28100 636253 433511
28100 628007 425821
28100 631793 429303
28100 628801 428882
28100 632605 426108
28100 641527 434359
28100 626964 425514
28100 537829 361367
28100 641118 435223
28100 629215 425568
28100 625286 423692
28100 630204 426412
28100 628132 423389
28100 632272 429311
28100 630143 428270
28100 627185 421518
28100 635487 431546
28100 634104 428505
28100 620295 417827
28100 615127 418257
28100 539160 360687
28100 526668 353460
28100 621643 420915
28100 645011 438988
28100 624158 423567
28100 645808 436310
28100 638750 432153
28100 634949 427522
28100 633070 421409
28100 619796 417706
28100 619884 415216
28100 638128 430683
28200 612547 412168
28200 642823 436329
28200 646504 437036
28200 634562 429359
28200 618692 416972
28200 622304 419223
28200 631034 432460
28200 647608 435618
28200 637386 433824
28200 637649 437728
28200 633811 429133
28200 639609 433818
28200 625301 421969
28200 639779 433220
28200 619750 420437
28200 624966 423550
28200 652722 437866
28200 636113 431330
28200 626019 426519
28200 627759 423699
28200 640924 435221
28200 642744 433401
28200 631474 429621
28200 626638 429013
28200 625959 423500
28200 629867 426768
28200 630170 430845
28200 633145 427927
28200 643645 434020
28200 635311 434646
28200 640601 438753
28200 622057 424024
28200 638943 435624
28200 622348 421537
28200 632168 428403
28200 644348 433804
28200 635098 435405
28200 641191 436509
28200 647083 437683
28200 632969 428668
28200 633510 431218
28200 650341 441035
28200 643173 437027
28200 631247 426869
28200 624953 418036
28200 630910 426014
28200 628219 423073
28200 613890 411670
28200 626189 424865
28200 629204 430532
28300 617870 419167
28300 639181 436378
28300 625994 424404
28300 638074 433763
28300 643931 434808
28300 634701 431051
28300 630510 426523
28300 611518 408091
28300 634490 432587
28300 652706 439808
28300 633399 432509
28300 650651 436649
28300 621532 416987
28300 610908 409263
28300 653657 439832
28300 644870 434924
28300 631677 423741
28300 631488 425573
28300 622362 422123
28300 627385 423093
28300 625545 425244
28300 638043 434859
28300 641757 436606
28300 626798 427618
28300 635508 424932
28300 627370 428168
28300 643888 434569
28300 634164 430626
28300 629825 429084
28300 649334 441521
28300 622579 422844
28300 653998 444985
28300 631672 425585
28300 643549 438597
28300 631926 427711
28300 637194 431081
28300 642660 439080
28300 635433 432989
28300 619277 415853
28300 638739 432779
28300 640880 434465
28300 625385 425866
28300 531152 354507
28300 640183 429850
28300 635400 428824
28300 640597 435077
28300 635667 430556
28300 647593 439581
28300 638706 429470
28300 632779 427161
28400 641506 437609
28400 630911 423843
28400 653849 441564
28400 643463 433225
28400 628202 425523
28400 645082 439874
28400 636753 430982
28400 653426 442635
28400 629226 424441
28400 641855 437875
28400 643225 434909
28400 642355 437503
28400 647257 434317
28400 633499 431354
28400 643328 439635
28400 631614 432674
28400 651169 441537
28400 629719 426219
28400 655249 447442
28400 641661 437980
28400 628647 424646
28400 642742 430829
28400 638940 437125
28400 639175 433320
28400 651844 446990
28400 647392 440843
28400 653031 442171
28400 635239 431008
28400 662263 448947
28400 644303 441959
28400 639624 436643
28400 615714 413703
28400 637921 436365
28400 642624 437581
28400 640012 433884
28400 637365 429417
28400 632657 426832
28400 639719 432015
28400 640240 435319
28400 637790 434221
28400 655389 448992
28400 658636 448057
28400 622117 419166
28400 645781 442569
28400 638272 433846
28400 650291 443931
28400 652341 438920
28400 631825 430530
28400 655184 447273
28400 646874 440055
28500 644141 435335
28500 661247 444271
28500 640058 435580
28500 636992 426234
28500 637460 428589
28500 644429 433349
28500 642867 434760
28500 629640 427756
28500 622198 419192
28500 637302 432388
28500 632953 429323
28500 644904 433798
28500 625707 420317
28500 642487 433223
28500 634642 432877
28500 622510 419062
28500 635439 427655
28500 638152 433827
28500 632096 430073
28500 625419 425876
28500 630553 427380
28500 635428 426657
28500 535671 356586
28500 645951 433477
28500 643962 435335
28500 645373 432328
28500 631133 424155
28500 651475 436902
28500 616958 411654
28500 633768 429945
28500 638012 431243
28500 633376 430275
28500 618201 418229
28500 628645 422024
28500 642717 437321
28500 550977 370126
28500 628874 417606
28500 639519 435438
28500 628494 421289
28500 640700 433960
28500 628325 423393
28500 656326 442538
28500 634676 431419
28500 636647 431982
28500 665660 447291
28500 649187 440975
28500 642132 433045
28500 621544 416333
28500 623281 419157
28500 634541 427309
28600 645935 436352
28600 646261 439892
28600 647152 438237
28600 644480 437494
28600 628614 423946
28600 669243 451284
28600 649077 440770
28600 655719 443103
28600 627304 422709
28600 648008 437635
28600 636368 431623
28600 646906 438628
28600 642891 439540
28600 648755 439049
28600 631025 424173
28600 649350 439966
28600 641695 433872
28600 644936 436203
28600 652372 444929
28600 636352 434714
28600 630862 428575
28600 639736 433223
28600 533826 357419
28600 634410 427848
28600 646398 437660
28600 644974 437586
28600 635113 427747
28600 544802 368405
28600 623385 417328
28600 610369 408505
28600 636476 431265
28600 643810 431303
28600 644853 435662
28600 648814 435422
28600 666482 448625
28600 647714 437680
28600 650214 437961
28600 639693 437331
28600 655769 442362
28600 646937 436037
28600 648667 437220
28600 637999 435778
28600 646107 435422
28600 640041 430901
28600 640578 432599
28600 637214 434819
28600 629853 422701
28600 535075 355836
28600 634710 430366
28600 646388 434927
28700 651347 439572
28700 653861 443821
28700 645117 443472
28700 641417 435127
28700 657042 442203
28700 632537 428366
28700 652894 442254
28700 547473 368466
28700 630074 425365
28700 645530 435845
28700 641504 439845
28700 628335 420975
28700 644475 436462
28700 655874 443900
28700 645298 430472
28700 636375 430844
28700 653217 443868
28700 631664 424863
28700 633695 422989
28700 656650 445101
28700 654397 445642
28700 643820 437996
28700 672837 455617
28700 654551 442827
28700 639949 433699
28700 650732 440186
28700 646944 442271
28700 639016 435185
28700 639521 435834
28700 521694 347062
28700 642458 435771
28700 634136 430127
28700 644561 439820
28700 649347 438167
28700 642352 436625
28700 635509 428427
28700 657455 446814
28700 642133 433081
28700 641565 435176
28700 657717 443846
28700 635190 428689
28700 638410 432090
28700 661714 450421
28700 646462 442729
28700 650014 439100
28700 643013 432097
28700 641281 436034
28700 645316 437427
28700 645913 439341
28700 639176 434795
28800 646208 440743
28800 654402 444566
28800 652925 444733
28800 615204 411223
28800 642831 436009
28800 635396 429555
28800 642919 433065
28800 646493 439066
28800 659787 442730
28800 652726 444524
28800 645914 432918
28800 651348 438656
28800 665161 450801
28800 641451 435024
28800 643293 435521
28800 635502 432834
28800 637737 435151
28800 643834 433635
28800 652494 441916
28800 635245 429397
28800 653985 438541
28800 634820 425807
28800 648498 436313
28800 659033 444408
28800 651896 441593
28800 629945 422500
28800 638657 432291
28800 629473 420196
28800 643095 436721
28800 654670 441089
28800 644332 436234
28800 636900 429101
28800 657765 437683
28800 630921 424496
28800 534208 357339
28800 655483 442324
28800 634425 430495
28800 643864 434819
28800 558669 371563
28800 639510 433734
28800 640328 434421
28800 653441 438128
28800 660769 442188
28800 636372 428338
28800 652084 443134
28800 642270 430241
28800 635723 425962
28800 629817 423046
28800 541287 365372
28800 640670 434747
28900 647454 433705
28900 646961 438960
28900 665984 455567
28900 541592 361968
28900 661452 449115
28900 650083 443767
28900 653233 441535
28900 659900 447652
28900 658226 444805
28900 640294 436196
28900 644050 435450
28900 661705 449688
28900 648690 443351
28900 652409 443406
28900 653558 441190
28900 649251 442071
28900 648315 444806
28900 650749 443597
28900 652148 443887
28900 632375 433351
28900 647277 443123
28900 633358 427661
28900 644664 442678
28900 640754 437014
28900 645429 439889
28900 655438 443473
28900 658659 448767
28900 643216 440755
28900 648702 442013
28900 641076 426220
28900 660208 451480
28900 633258 425797
28900 651703 439964
28900 642233 433547
28900 537630 361726
28900 670552 450779
28900 650781 441423
28900 646049 437365
28900 638245 429600
28900 657295 445465
28900 662922 448825
28900 660317 445308
28900 660591 445753
28900 639378 432643
28900 637464 426903
28900 654054 441559
28900 657498 448799
28900 644371 440319
28900 658012 443819
28900 660060 451450
29000 648818 435079
29000 664120 452254
29000 645599 440278
29000 642882 432855
29000 554753 370493
29000 655917 438890
29000 563792 378022
29000 647745 440557
29000 639963 433074
29000 653143 438314
29000 655245 437448
29000 655073 444388
29000 636429 428306
29000 651504 445036
29000 656976 440958
29000 644071 433252
29000 634604 427533
29000 642479 431419
29000 647575 434771
29000 652799 441570
29000 640142 428529
29000 645049 437297
29000 626414 419991
29000 646900 435382
29000 646403 436151
29000 646694 434058
29000 650148 440984
29000 656265 446840
29000 647284 432360
29000 652922 441372
29000 648799 441299
29000 638615 431801
29000 635974 428390
29000 662417 446194
29000 635362 429673
29000 672754 456143
29000 644843 436853
29000 654081 438481
29000 653404 436431
29000 641727 432278
29000 653094 443716
29000 666964 450443
29000 652991 440036
29000 650764 440520
29000 640001 429515
29000 638031 426838
29000 652795 439213
29000 644572 432159
29000 647154 439064
29000 533693 356817
29100 647418 435772
29100 667702 452721
29100 655221 447056
29100 668492 452904
29100 642323 425897
29100 670944 452833
29100 644171 435663
29100 662355 451055
29100 646365 439034
29100 648015 436195
29100 644445 438515
29100 657211 444745
29100 653625 441508
29100 649469 440633
29100 657132 449989
29100 643664 431481
29100 654180 447168
29100 664022 448925
29100 657433 446463
29100 642138 431250
29100 657339 447979
29100 647634 436540
29100 639719 432165
29100 662458 448836
29100 651160 438073
29100 660618 449091
29100 658946 446422
29100 651407 438097
29100 656209 445671
29100 643813 435562
29100 657981 445716
29100 647684 437863
29100 668714 449445
29100 644858 433958
29100 642897 434191
29100 640144 432012
29100 546431 364771
29100 643950 433734
29100 651122 440443
29100 661347 447069
29100 653476 442602
29100 647704 440430
29100 658996 446768
29100 660387 444472
29100 650993 442382
29100 650437 441381
29100 672698 452458
29100 656828 441064
29100 648637 441842
29100 653732 442079
29200 656237 441825
29200 660163 446041
29200 644829 436111
29200 658359 446783
29200 663527 445220
29200 662963 448932
29200 657809 440955
29200 641907 433066
29200 657923 448087
29200 650667 439497
29200 661279 443224
29200 651985 444377
29200 659005 444574
29200 665943 449965
29200 551360 365759
29200 675987 457330
29200 667875 453500
29200 653958 441795
29200 664933 450650
29200 659287 447454
29200 665441 450744
29200 660369 444731
29200 647688 442662
29200 657291 447816
29200 660380 446971
29200 665333 448620
29200 654364 440110
29200 663719 450674
29200 659006 446199
29200 658914 447875
29200 651302 441143
29200 656720 439622
29200 668601 454921
29200 668689 454297
29200 663765 448673
29200 666617 455713
29200 645889 439008
29200 655913 442243
29200 646445 437908
29200 679988 461881
29200 552714 373490
29200 665655 448578
29200 664337 452646
29200 648772 441797
29200 659597 447982
29200 673558 456931
29200 656416 442241
29200 655311 442827
29200 650318 442646
29200 681064 456007
29300 654505 441117
29300 664375 450748
29300 648994 438404
29300 671721 454885
29300 657737 449955
29300 664603 449265
29300 659537 442055
29300 661570 448061
29300 654132 444998
29300 661605 446399
29300 655837 444738
29300 667826 451916
29300 650107 439683
29300 642804 436666
29300 673853 453886
29300 665531 446152
29300 665990 447466
29300 682251 461632
29300 653999 444884
29300 657801 448997
29300 655252 445497
29300 659343 445277
29300 644313 438031
29300 649663 439376
29300 660118 448872
29300 653221 439999
29300 663728 451371
29300 655212 439770
29300 673194 452416
29300 666185 453133
29300 664834 446561
29300 640354 425450
29300 647555 437417
29300 644116 430624
29300 673230 457291
29300 548981 369321
29300 663041 448112
29300 647138 436338
29300 658336 448907
29300 670093 452354
29300 655970 446061
29300 673286 455028
29300 668594 453175
29300 654075 440505
29300 648139 435651
29300 654018 446846
29300 641618 432231
29300 667496 449869
29300 660606 449270
29300 652695 442902
29400 673181 455586
29400 659959 448964
29400 662375 450910
29400 632359 432451
29400 675128 460944
29400 645599 436122
29400 658443 447164
29400 652829 440373
29400 655722 440767
29400 660651 449185
29400 671560 453620
29400 652713 444584
29400 667296 453746
29400 656971 446923
29400 660080 441792
29400 663796 452723
29400 669102 446134
29400 666727 454816
29400 666888 442895
29400 656568 444347
29400 657454 448729
29400 671116 452010
29400 658108 449223
29400 620615 414587
29400 657549 445993
29400 661000 450312
29400 650208 442248
29400 665613 454148
29400 659407 443855
29400 668265 452043
29400 661157 448564
29400 668244 453001
29400 643002 431308
29400 674634 454516
29400 671546 456032
29400 664329 453361
29400 680892 460831
29400 662874 445565
29400 664429 449906
29400 669648 457522
29400 662555 451565
29400 654705 443986
29400 669076 452898
29400 669753 458606
29400 674813 456948
29400 668112 453372
29400 660336 449331
29400 669440 451939
29400 673443 457725
29400 677296 460994
29500 653124 441690
29500 668849 449316
29500 662264 446151
29500 660314 440096
29500 648731 441304
29500 680606 454643
29500 659792 447344
29500 666382 451634
29500 649679 436789
29500 649500 434936
29500 668803 453031
29500 657010 441069
29500 661430 446540
29500 663378 451545
29500 653307 444129
29500 657527 443377
29500 652949 440095
29500 678666 458602
29500 648045 433652
29500 642233 433725
29500 547568 366072
29500 657062 444781
29500 661679 451711
29500 640577 433976
29500 688810 461991
29500 651608 434350
29500 640408 432323
29500 676424 460870
29500 666646 451327
29500 663502 444348
29500 665565 449288
29500 643394 425812
29500 657976 437403
29500 665622 447216
29500 687226 464743
29500 667935 455683
29500 674046 454922
29500 645413 431041
29500 670128 456048
29500 660070 442341
29500 641725 427532
29500 668975 452276
29500 650556 441337
29500 669261 450627
29500 653033 442686
29500 657772 442851
29500 658961 440204
29500 650133 437533
29500 670161 453630
29500 653172 444465
29600 662292 448469
29600 669733 453568
29600 553794 371159
29600 666278 452286
29600 662430 441368
29600 678301 459679
29600 660801 444460
29600 665489 455379
29600 666564 452439
29600 671606 454822
29600 685515 460651
29600 658880 441210
29600 671902 457480
29600 663174 446528
29600 545943 366100
29600 683137 461068
29600 657917 443010
29600 665683 448833
29600 663569 446492
29600 656860 444474
29600 648469 438404
29600 657446 443905
29600 673818 452672
29600 663249 446190
29600 663792 452202
29600 670556 456360
29600 670030 448341
29600 669056 450647
29600 663985 449483
29600 657180 441834
29600 664797 453277
29600 656957 442179
29600 668674 456269
29600 670852 457705
29600 675831 454799
29600 570489 383625
29600 677381 461100
29600 654444 441406
29600 660250 447306
29600 666451 451191
29600 675109 458660
29600 680309 457849
29600 650857 443529
29600 657562 448240
29600 665298 447973
29600 659581 445875
29600 671582 455742
29600 651510 439185
29600 654421 438967
29600 661858 440750
29700 676746 460808
29700 670887 451742
29700 662141 447882
29700 674858 450647
29700 665665 450942
29700 673174 449794
29700 672216 453813
29700 665580 454642
29700 649480 436783
29700 680734 463129
29700 667716 453152
29700 656618 446572
29700 649542 438330
29700 671992 455357
29700 663103 449623
29700 668137 452116
29700 659402 448350
29700 663161 451854
29700 672452 455489
29700 670625 452207
29700 679102 461234
29700 668793 450583
29700 668904 457735
29700 665576 454524
29700 664821 450526
29700 662067 447066
29700 672736 457590
29700 675437 453992
29700 685174 465252
29700 654193 443625
29700 664772 451780
29700 656221 445948
29700 679180 458481
29700 668614 454548
29700 662882 450020
29700 662091 449112
29700 670701 452167
29700 664499 451080
29700 673454 458468
29700 665492 452432
29700 680422 456647
29700 656726 445517
29700 682694 463029
29700 657887 447448
29700 662768 439710
29700 666811 448515
29700 672524 454857
29700 667775 454230
29700 656910 447014
29700 648435 438112
29800 673518 452509
29800 680350 457664
29800 654756 440752
29800 664973 449891
29800 654813 442320
29800 662976 452155
29800 679833 461199
29800 668635 455273
29800 656268 443475
29800 667198 453112
29800 656452 441067
29800 667191 451566
29800 562841 373978
29800 663854 451127
29800 674268 451079
29800 657932 447571
29800 672922 453621
29800 679468 457471
29800 665347 450103
29800 659259 446971
29800 672865 456427
29800 554928 368561
29800 668940 454405
29800 668195 456139
29800 667723 454222
29800 666465 448243
29800 677629 458339
29800 655700 435751
29800 647036 434328
29800 668462 456509
29800 675971 457974
29800 672357 457987
29800 678184 455212
29800 659169 445166
29800 663173 448570
29800 665070 446598
29800 656111 444287
29800 557173 372727
29800 668327 456324
29800 681179 459377
29800 672233 457389
29800 662011 446697
29800 663379 448990
29800 667943 450023
29800 681977 459528
29800 669156 452584
29800 681234 457482
29800 673116 455349
29800 675781 457134
29800 674757 453189
29900 677214 458327
29900 657345 444392
29900 675554 463227
29900 687254 465547
29900 676513 459256
29900 679199 458256
29900 689144 468057
29900 569239 384093
29900 560906 377086
29900 689449 469123
29900 666809 452476
29900 673794 457357
29900 686912 467646
29900 647222 436577
29900 679470 463132
29900 689304 470698
29900 669457 454118
29900 673001 455771
29900 670194 455864
29900 682166 461616
29900 666018 450096
29900 677202 463954
29900 662978 446403
29900 660235 449281
29900 661832 441584
29900 669898 452829
29900 673265 457749
29900 679071 460505
29900 661792 444399
29900 670122 458743
29900 673641 451613
29900 670740 455809
29900 674251 461760
29900 685610 461951
29900 668437 453670
29900 679185 456523
29900 669080 452659
29900 656792 443150
29900 665383 450218
29900 662822 446962
29900 674235 451499
29900 688354 473630
29900 693226 466259
29900 677304 459314
29900 673947 452273
29900 700250 476800
29900 675623 457485
29900 689475 466505
29900 676262 459108
29900 669212 453479
30000 675489 449467
30000 663982 448676
30000 667034 454793
30000 659693 445720
30000 672404 458421
30000 650008 437900
30000 671845 453115
30000 671059 450161
30000 672872 452561
30000 667893 450927
30000 664782 451604
30000 666651 445399
30000 642665 430486
30000 680785 461673
30000 677105 460254
30000 668185 450045
30000 665379 449318
30000 646971 439761
30000 667280 453030
30000 689192 470251
30000 665266 451251
30000 678710 457395
30000 669906 454636
30000 679926 455508
30000 675019 458735
30000 673741 448385
30000 679984 457701
30000 670300 454074
30000 546219 365312
30000 663981 446225
30000 664085 447608
30000 672868 452778
30000 680135 457483
30000 663323 449420
30000 664467 447191
30000 673324 458025
30000 665765 453264
30000 665218 446970
30000 668673 454938
30000 641267 433067
30000 666675 447194
30000 684178 457372
30000 674310 453187
30000 677130 459027
30000 671553 455709
30000 670884 454340
30000 669575 449535
30000 664542 450987
30000 560523 378463
30000 674445 452292
30100 668869 452000
30100 679198 456168
30100 666409 445506
30100 663845 449281
30100 668560 454799
30100 672641 456832
30100 673706 451024
30100 683874 462055
30100 679455 457378
30100 560546 371552
30100 664401 451442
30100 686152 460528
30100 669346 451897
30100 679966 459219
30100 668144 449762
30100 684577 465858
30100 681913 464433
30100 684580 462269
30100 657147 439936
30100 681069 461671
30100 664693 444721
30100 692232 469539
30100 577372 387859
30100 668086 453540
30100 690579 468370
30100 673211 458690
30100 673366 459405
30100 682980 462484
30100 687638 465255
30100 677635 462083
30100 691794 470855
30100 667851 450102
30100 668927 445449
30100 672574 454233
30100 677144 460337
30100 679818 460219
30100 563160 377539
30100 679025 454164
30100 668774 447605
30100 679390 458510
30100 668587 451482
30100 677804 459164
30100 680431 460760
30100 673549 458800
30100 678004 458707
30100 686424 462637
30100 683470 462234
30100 676399 462848
30100 685029 459549
30100 674374 456783
30200 697229 469505
30200 674179 452470
30200 563365 377839
30200 672395 451301
30200 688677 462199
30200 672432 456009
30200 677848 453438
30200 680660 460193
30200 674104 456702
30200 690368 468811
30200 683904 465738
30200 683945 462007
30200 686404 462435
30200 681580 462811
30200 685789 458905
30200 673338 457363
30200 665933 451010
30200 682587 461194
30200 686643 464999
30200 676430 459240
30200 661767 445225
30200 672536 456199
30200 687265 468359
30200 688592 466337
30200 679354 458091
30200 677074 460601
30200 666160 447502
30200 681229 456620
30200 679770 459902
30200 687500 465692
30200 676579 460338
30200 677652 457175
30200 682175 462100
30200 672754 458124
30200 692078 468052
30200 692516 470150
30200 672131 456170
30200 673243 456292
30200 685292 467311
30200 672616 455474
30200 665454 446977
30200 678420 458083
30200 691814 468617
30200 688055 468109
30200 568373 379257
30200 691078 469243
30200 655234 442317
30200 674821 459809
30200 683508 461854
30200 679597 465836
30300 676751 459737
30300 672826 456691
30300 671517 453351
30300 674250 456543
30300 680657 462814
30300 684411 465538
30300 666275 451244
30300 680609 455176
30300 695427 467785
30300 679020 463638
30300 684711 465643
30300 672849 455742
30300 698393 468778
30300 692477 471823
30300 683479 462869
30300 683991 459332
30300 667986 450822
30300 682991 465566
30300 677705 458165
30300 682344 460286
30300 692339 470591
30300 676896 458953
30300 695058 467050
30300 673770 459352
30300 692146 468838
30300 673741 460325
30300 690397 458345
30300 673884 454634
30300 691129 470370
30300 692515 471124
30300 667433 451768
30300 675571 462042
30300 693740 466557
30300 667313 447180
30300 677155 459220
30300 686139 466819
30300 689293 468010
30300 677644 451752
30300 670208 454927
30300 664979 447575
30300 673534 455777
30300 671436 453827
30300 687618 459976
30300 686991 466184
30300 671160 454920
30300 674852 456503
30300 702455 473724
30300 683507 463448
30300 670601 451495
30300 672204 453516
30400 683900 458744
30400 700787 475604
30400 681039 457173
30400 680022 465106
30400 681226 461838
30400 680746 464437
30400 682994 467260
30400 567268 384073
30400 700638 473052
30400 639810 431830
30400 579836 391831
30400 689108 462622
30400 695235 471588
30400 648495 431846
30400 681993 458045
30400 669367 455652
30400 703277 478865
30400 680148 455472
30400 672099 451966
30400 695008 471863
30400 683843 465273
30400 562916 379502
30400 683975 464292
30400 689302 465900
30400 697724 473931
30400 692391 467827
30400 684177 456533
30400 690790 467067
30400 692096 472697
30400 682631 458542
30400 668387 452162
30400 692955 474401
30400 694758 471629
30400 698277 472274
30400 706132 477949
30400 705339 480775
30400 679713 458471
30400 683796 468019
30400 708357 481049
30400 679158 458888
30400 685734 464306
30400 704182 477528
30400 686950 468286
30400 575529 387068
30400 684050 466089
30400 686783 466244
30400 673616 452865
30400 689508 468593
30400 699243 470771
30400 679512 460849
30500 683293 463907
30500 690456 465891
30500 674770 459622
30500 692503 469616
30500 662914 447378
30500 704437 474038
30500 677723 456572
30500 682630 452320
30500 676424 458172
30500 687140 463536
30500 669429 452230
30500 682466 462338
30500 686123 461495
30500 675625 453609
30500 684295 461881
30500 695360 471113
30500 702857 478139
30500 679590 462518
30500 691881 468875
30500 679487 459822
30500 667756 450689
30500 692765 462881
30500 670557 452435
30500 679963 455263
30500 685531 460898
30500 663893 449324
30500 680818 457901
30500 672406 454771
30500 696744 469394
30500 687832 465681
30500 685464 461605
30500 679611 464709
30500 686771 463638
30500 695822 471356
30500 684160 455891
30500 680376 464177
30500 670416 453596
30500 669206 454329
30500 648884 436145
30500 685855 463284
30500 685863 462709
30500 686765 463840
30500 668401 454753
30500 690505 467383
30500 691012 464747
30500 703903 474819
30500 680300 460406
30500 671725 454683
30500 688815 460843
30500 691917 468586
30600 688121 464989
30600 568692 381122
30600 683978 467975
30600 708186 479835
30600 686777 465040
30600 674532 454081
30600 673217 454194
30600 690001 462641
30600 658906 443688
30600 690747 466820
30600 699983 475410
30600 688926 470777
30600 707866 481956
30600 695401 470160
30600 696108 469168
30600 568250 377920
30600 697811 468486
30600 693542 471854
30600 678351 457540
30600 683950 462352
30600 683257 466259
30600 694658 473870
30600 694321 465628
30600 676538 460969
30600 685602 468158
30600 683073 457705
30600 700772 478121
30600 689944 468165
30600 674575 456917
30600 702455 471631
30600 689783 467601
30600 693940 467934
30600 709173 480504
30600 670541 453113
30600 685792 469291
30600 690982 470507
30600 685949 461174
30600 694613 471955
30600 684708 465199
30600 689373 459418
30600 701525 477877
30600 701712 475889
30600 688845 467207
30600 697292 476225
30600 576486 388040
30600 672896 450844
30600 693698 470637
30600 708333 476149
30600 691218 471715
30600 700851 472568
30700 682242 464288
30700 701421 476046
30700 682769 459534
30700 699391 468568
30700 698900 477105
30700 684888 462943
30700 706885 481164
30700 705320 477263
30700 695845 470845
30700 695370 466725
30700 685526 461517
30700 694149 471946
30700 698799 474607
30700 703674 476614
30700 701404 476909
30700 568100 381351
30700 696799 472926
30700 688763 463006
30700 704025 475332
30700 685995 467148
30700 684116 464052
30700 685065 463727
30700 685974 467104
30700 703856 479732
30700 667078 447390
30700 703202 469517
30700 710850 477489
30700 700076 475746
30700 698594 473790
30700 686723 464189
30700 689797 464954
30700 698592 476332
30700 686006 466339
30700 703775 477016
30700 679198 461579
30700 709285 479140
30700 673978 450489
30700 688926 462704
30700 683162 464009
30700 692138 468333
30700 679907 458498
30700 691061 470117
30700 688106 463771
30700 684234 462725
30700 698546 469612
30700 679656 460118
30700 675645 453409
30700 690993 470019
30700 694283 471008
30700 691714 471802
30800 686275 461886
30800 687434 464373
30800 682010 460090
30800 690225 468549
30800 688031 468896
30800 689365 465329
30800 690853 472534
30800 697157 472189
30800 683217 462400
30800 696290 475066
30800 687764 466306
30800 706470 479636
30800 688066 469584
30800 578610 388831
30800 693559 470218
30800 694909 472137
30800 702910 469928
30800 708036 476845
30800 674931 449042
30800 667255 451160
30800 691006 463508
30800 691770 463019
30800 680260 459228
30800 680758 464497
30800 680490 460057
30800 688677 466897
30800 697099 475844
30800 691519 461210
30800 706020 479716
30800 670283 452572
30800 592527 397672
30800 700190 470723
30800 699755 473409
30800 695835 476425
30800 682397 462102
30800 699990 476097
30800 692440 463304
30800 667086 446410
30800 596884 396882
30800 682227 461312
30800 686453 465716
30800 677740 456959
30800 698856 469243
30800 680992 463398
30800 574336 386917
30800 690152 469247
30800 692001 467167
30800 688669 467307
30800 691181 469055
30800 687847 469780
30900 596756 397657
30900 699502 476438
30900 695491 471702
30900 682453 459037
30900 714547 479551
30900 688328 461809
30900 709416 481079
30900 690960 468198
30900 705319 480116
30900 700813 475556
30900 686705 463082
30900 699571 477755
30900 691283 472678
30900 697522 468494
30900 688526 467861
30900 690985 468611
30900 689450 466331
30900 696271 475379
30900 704374 477225
30900 721694 489356
30900 683420 458420
30900 699109 473944
30900 705450 474410
30900 710277 484121
30900 694679 468703
30900 708915 480531
30900 713678 475148
30900 702723 478177
30900 685766 466401
30900 683462 467049
30900 588771 393024
30900 704869 481618
30900 693972 466532
30900 673659 450882
30900 707139 481166
30900 693076 472253
30900 696395 471555
30900 705566 480028
30900 714099 483060
30900 689461 465926
30900 708175 481704
30900 687015 468805
30900 692948 468956
30900 701503 480404
30900 709041 478864
30900 689627 467988
30900 700707 474456
30900 691044 471991
30900 707692 483525
30900 686479 463299
31000 685809 458848
31000 688025 462958
31000 688026 465230
31000 688803 465164
31000 694896 471248
31000 694197 468978
31000 654875 440211
31000 690172 467883
31000 693274 468683
31000 704845 470990
31000 704848 477564
31000 681621 460808
31000 698035 472126
31000 677884 454120
31000 703845 472121
31000 684622 462124
31000 673742 454084
31000 705819 479248
31000 691700 466741
31000 692605 468787
31000 699037 469829
31000 710473 475883
31000 684963 462191
31000 678746 450654
31000 694066 472635
31000 691169 465941
31000 679604 456086
31000 687835 468609
31000 680213 456500
31000 694187 465750
31000 677641 457202
31000 692134 471534
31000 681543 460350
31000 707835 476986
31000 701505 468488
31000 692770 466674
31000 682590 462623
31000 685465 466639
31000 696994 469736
31000 697808 474136
31000 681275 461779
31000 688167 462415
31000 709377 481053
31000 698677 474944
31000 683692 462579
31000 688435 461763
31000 692190 469204
31000 688889 461454
31000 694465 468651
31000 712111 475616
31100 697022 472426
31100 695848 471988
31100 694130 466530
31100 682305 462051
31100 704771 477902
31100 704623 474884
31100 702929 478093
31100 691193 468853
31100 703007 474247
31100 705283 477214
31100 685416 457497
31100 709159 480508
31100 576734 385955
31100 706454 477962
31100 694551 468024
31100 719516 484341
31100 710849 480045
31100 693105 470327
31100 705120 475342
31100 692981 467526
31100 683198 460937
31100 701371 473011
31100 705402 474995
31100 697494 465455
31100 703908 474906
31100 702788 478192
31100 690672 464743
31100 693136 467461
31100 687840 463771
31100 705491 477070
31100 711281 481089
31100 586090 394222
31100 701411 466312
31100 700501 478516
31100 691031 471476
31100 696408 473199
31100 701132 476340
31100 698096 470413
31100 681910 460719
31100 577039 388597
31100 713754 481744
31100 579068 389539
31100 707036 477908
31100 688723 464395
31100 705389 477559
31100 719169 483452
31100 694544 474590
31100 700296 478427
31100 677686 454028
31100 668739 448433
31200 700173 471397
31200 694508 471850
31200 698202 476763
31200 693296 470249
31200 699708 476326
31200 707686 476042
31200 705208 480936
31200 711632 481202
31200 700399 478927
31200 697463 475895
31200 687232 466249
31200 714528 484517
31200 694215 473833
31200 711897 484209
31200 710890 473360
31200 685679 462404
31200 677975 455172
31200 689768 467593
31200 696091 470902
31200 692559 467821
31200 706905 476842
31200 703686 480262
31200 703002 474826
31200 685662 464604
31200 703876 479930
31200 702536 479074
31200 703802 478581
31200 707181 482342
31200 721760 491769
31200 707938 479696
31200 703255 478209
31200 716770 486133
31200 710680 480227
31200 718804 487086
31200 683928 463131
31200 706318 481244
31200 709772 480857
31200 701947 474146
31200 720941 487029
31200 702080 472607
31200 705938 480075
31200 708787 480304
31200 704998 474992
31200 693910 473060
31200 691745 466886
31200 707541 478599
31200 697604 472744
31200 712863 477894
31200 695248 473426
31200 590640 396976
31300 686455 458555
31300 700865 474610
31300 695587 466460
31300 585835 393555
31300 707688 482726
31300 693090 464845
31300 727133 490396
31300 697396 474612
31300 709459 482766
31300 700885 474395
31300 690576 465244
31300 693637 466808
31300 704806 478246
31300 695053 462647
31300 708474 480841
31300 717287 483144
31300 697000 472146
31300 719643 480295
31300 695030 471411
31300 584595 393359
31300 694690 472171
31300 701610 474680
31300 706660 478533
31300 707499 480835
31300 704030 475689
31300 697943 469525
31300 708098 475611
31300 693830 468573
31300 720959 487404
31300 589746 396399
31300 691009 469007
31300 713286 485034
31300 706175 469666
31300 700153 472327
31300 709280 475989
31300 692346 469357
31300 707238 476835
31300 696409 470498
31300 715202 486326
31300 728395 492882
31300 597761 401693
31300 590311 399203
31300 705508 478743
31300 591167 395960
31300 703241 473536
31300 698181 474334
31300 704767 474417
31300 705890 482085
31300 695098 466495
31300 700848 475226
31400 701983 468633
31400 715095 486205
31400 727801 489353
31400 732019 494601
31400 712946 480147
31400 711765 482957
31400 704294 477299
31400 706179 483320
31400 702646 478384
31400 711523 483225
31400 708932 475838
31400 701373 476976
31400 720704 483788
31400 713531 486049
31400 718480 489353
31400 741239 500056
31400 706411 481193
31400 697416 472047
31400 686724 466844
31400 701839 475510
31400 713190 485525
31400 707726 479191
31400 705927 476321
31400 710577 478477
31400 715533 488067
31400 702362 478776
31400 721008 490918
31400 699537 477587
31400 702098 480442
31400 713138 476210
31400 704675 480167
31400 705800 479496
31400 715705 483830
31400 715299 482623
31400 711285 474046
31400 704095 477713
31400 700469 476128
31400 703175 477870
31400 715958 485009
31400 703497 477375
31400 700495 476360
31400 585085 392600
31400 706785 480533
31400 664997 446122
31400 701226 477428
31400 704479 474281
31400 714252 483860
31400 697263 474143
31400 698267 471040
31400 702528 478639
31500 699881 471953
31500 699074 472726
31500 696115 464100
31500 703615 471580
31500 701602 470670
31500 701496 477218
31500 716810 480381
31500 723863 496760
31500 713884 482930
31500 700359 474794
31500 691860 466146
31500 699994 472360
31500 700224 471056
31500 702499 476418
31500 591117 398123
31500 722502 490679
31500 699611 477668
31500 712185 479235
31500 693736 471021
31500 705495 472343
31500 702442 472171
31500 696923 471045
31500 700684 471436
31500 701448 471934
31500 701637 469277
31500 701074 474100
31500 723929 490032
31500 692819 466883
31500 701110 475253
31500 711896 475776
31500 681587 457669
31500 724900 492848
31500 710157 475909
31500 696757 469762
31500 703144 476382
31500 700211 466819
31500 690094 465376
31500 716954 482410
31500 696921 468373
31500 699149 472095
31500 718130 480424
31500 717901 486215
31500 702137 475851
31500 707068 478640
31500 708475 474631
31500 704692 479959
31500 706262 478813
31500 580939 389368
31500 727901 490640
31500 702948 476900
31600 703898 471977
31600 711804 478645
31600 732779 496104
31600 697568 471468
31600 717524 485899
31600 724620 488163
31600 716749 484146
31600 715076 485800
31600 712570 481254
31600 712788 480479
31600 710430 485061
31600 723512 492016
31600 698976 474968
31600 716030 483597
31600 711856 484856
31600 706674 479372
31600 702834 476855
31600 713688 483466
31600 711533 479234
31600 708698 480277
31600 683426 463873
31600 711182 478403
31600 706828 477134
31600 684248 461451
31600 722151 488613
31600 708175 474027
31600 714558 479769
31600 711611 485369
31600 724319 487846
31600 725223 488774
31600 712441 481075
31600 699713 472143
31600 720503 489940
31600 732543 490164
31600 710961 478214
31600 697442 473375
31600 723457 486828
31600 584244 392449
31600 711006 478913
31600 730203 493400
31600 717080 483113
31600 723175 487822
31600 709483 480543
31600 705175 468883
31600 721778 488166
31600 708114 476794
31600 703416 467490
31600 701650 478279
31600 692690 471438
31600 707487 477748
31700 710676 475413
31700 714756 484893
31700 707067 479365
31700 722867 489260
31700 707264 480488
31700 722059 487090
31700 590069 396765
31700 695708 468182
31700 693946 466043
31700 697636 468648
31700 697354 474513
31700 680917 456299
31700 732883 494098
31700 705207 480259
31700 740899 503381
31700 710314 486573
31700 592581 396106
31700 720889 486042
31700 714115 488434
31700 711691 480507
31700 710763 480591
31700 716443 484361
31700 708882 481392
31700 696572 464742
31700 705185 474940
31700 699828 470405
31700 728277 496038
31700 723279 491065
31700 702346 477572
31700 718586 491908
31700 683655 458441
31700 705621 476575
31700 705166 474039
31700 722190 487828
31700 703940 477729
31700 707258 476676
31700 717268 483288
31700 715083 487375
31700 711871 485705
31700 711886 480222
31700 712872 481172
31700 702775 474950
31700 719572 486400
31700 688838 462712
31700 713495 481619
31700 717186 481031
31700 708931 480819
31700 706902 478347
31700 718038 484572
31700 709080 480572
31800 703367 477698
31800 705886 477890
31800 708528 473706
31800 721089 483525
31800 709941 479808
31800 724140 491155
31800 722613 489900
31800 715547 488941
31800 710557 473863
31800 713606 479467
31800 716144 486289
31800 724133 487812
31800 717135 485297
31800 709244 485356
31800 717779 488765
31800 724242 487927
31800 717295 486096
31800 730446 492953
31800 705202 482121
31800 711121 483343
31800 710437 477725
31800 613745 409802
31800 700960 466253
31800 723571 491759
31800 724076 483945
31800 707186 479774
31800 710143 480620
31800 698169 470469
31800 709302 478300
31800 701384 475862
31800 714719 482104
31800 709297 477360
31800 703174 477021
31800 721781 487457
31800 723737 480739
31800 588017 393881
31800 702271 475501
31800 710104 475776
31800 702620 474868
31800 722431 491724
31800 716805 480130
31800 715364 480903
31800 713967 484344
31800 733028 494210
31800 713089 483128
31800 711525 482681
31800 722321 490030
31800 716486 479654
31800 715104 484670
31800 698272 467207
31900 715095 489954
31900 729984 497976
31900 713536 483271
31900 731582 498605
31900 704506 474075
31900 722395 491851
31900 719264 488794
31900 733376 500648
31900 735383 499936
31900 734126 500508
31900 725341 488315
31900 721850 491495
31900 732344 493258
31900 725303 489065
31900 719910 488186
31900 716313 487205
31900 701012 477584
31900 715346 486508
31900 719594 488021
31900 712619 486093
31900 701050 470125
31900 723371 484310
31900 721967 487376
31900 715898 489070
31900 709656 482108
31900 713544 481166
31900 715705 488829
31900 715688 488229
31900 727353 496704
31900 725934 490372
31900 725332 490244
31900 712196 487596
31900 739081 498610
31900 717489 488808
31900 711303 480615
31900 734307 494845
31900 714128 483753
31900 607405 406927
31900 737309 502326
31900 718262 493284
31900 722855 494367
31900 734810 493687
31900 738704 501483
31900 701496 473402
31900 738365 499949
31900 732706 497559
31900 725109 489890
31900 727918 495174
31900 743513 503925
31900 719770 490199
32000 712646 480652
32000 716227 482707
32000 727177 492521
32000 715335 480730
32000 722139 487005
32000 730723 497263
32000 719289 489919
32000 728977 491068
32000 706605 477917
32000 710413 480471
32000 715392 479169
32000 720578 482999
32000 720178 482190
32000 728759 492025
32000 725071 489729
32000 720624 485084
32000 728164 489922
32000 718805 489530
32000 702246 472070
32000 724747 492237
32000 714688 486444
32000 715860 486824
32000 716526 485655
32000 713913 486596
32000 706227 482395
32000 713021 479857
32000 717594 483613
32000 727436 490880
32000 711829 482089
32000 704227 474356
32000 719395 484070
32000 712712 479702
32000 725342 490727
32000 706902 477039
32000 727082 490621
32000 713633 482248
32000 717095 486884
32000 709672 479593
32000 705059 476098
32000 717951 483897
32000 717201 481138
32000 718299 483716
32000 733191 494958
32000 707848 479232
32000 726229 494688
32000 707338 473784
32000 714055 485129
32000 715014 486122
32000 710698 477588
32000 712148 484524
32100 716914 482293
32100 720989 487821
32100 726520 492731
32100 713836 484334
32100 711797 483136
32100 719290 492319
32100 719909 490971
32100 729204 498830
32100 733182 498396
32100 731870 494140
32100 714245 483566
32100 707104 474652
32100 735291 497035
32100 725235 491477
32100 706424 476848
32100 716288 483408
32100 727785 491621
32100 723611 485396
32100 713222 480433
32100 720076 489586
32100 710291 480450
32100 723306 485447
32100 717556 488792
32100 730928 493895
32100 743165 495582
32100 612124 410180
32100 715160 485601
32100 719367 482383
32100 715087 485780
32100 722167 490316
32100 606881 410397
32100 686544 465158
32100 733969 496093
32100 610937 409569
32100 719060 484651
32100 731487 495109
32100 716057 486140
32100 717573 486912
32100 715625 485872
32100 734960 500101
32100 736884 500361
32100 741770 503579
32100 746336 503076
32100 715391 490158
32100 732353 496747
32100 716821 486868
32100 711284 478913
32100 718293 491049
32100 711435 478585
32100 726511 488215
32200 745576 507427
32200 726416 492200
32200 732639 489976
32200 716697 486875
32200 731093 496962
32200 733514 501705
32200 729637 494122
32200 726990 491673
32200 716631 482825
32200 736048 500038
32200 721123 490984
32200 729491 489178
32200 726928 487872
32200 743250 501568
32200 717836 478760
32200 719746 488611
32200 712557 485628
32200 708659 483249
32200 736141 500436
32200 725865 493305
32200 729349 486223
32200 718414 489186
32200 733418 493639
32200 716038 483194
32200 718373 484861
32200 719296 491134
32200 717297 483082
32200 723912 490165
32200 732881 487624
32200 732406 494552
32200 705014 470073
32200 739856 499003
32200 712763 485888
32200 745606 504504
32200 735054 490536
32200 726180 490899
32200 722830 494640
32200 740754 499168
32200 716804 485159
32200 722597 491146
32200 754317 510964
32200 732973 498163
32200 731754 494681
32200 732347 499332
32200 718834 490176
32200 719807 488484
32200 728602 492718
32200 737681 501422
32200 714415 488112
32200 738158 503165
32300 698019 473169
32300 739053 503289
32300 745973 506417
32300 738570 493786
32300 719559 487100
32300 732551 491285
32300 715333 484930
32300 724039 487119
32300 744276 501846
32300 615872 410964
32300 721907 486794
32300 728318 494600
32300 723574 488017
32300 730899 492013
32300 718814 489307
32300 728830 490573
32300 720016 485882
32300 721066 484644
32300 724324 493849
32300 732173 495070
32300 726440 494345
32300 727896 493319
32300 732430 497256
32300 730523 498695
32300 725843 491516
32300 717700 485874
32300 709373 481473
32300 712343 483916
32300 716050 480326
32300 744809 506414
32300 724248 489385
32300 720327 483604
32300 724586 494792
32300 720233 491808
32300 720774 488363
32300 744034 503686
32300 727651 489272
32300 594862 398767
32300 723249 488746
32300 734919 496216
32300 722723 491117
32300 734347 496005
32300 721904 487682
32300 728774 494588
32300 710512 479616
32300 740449 499715
32300 728377 495597
32300 726708 495507
32300 712556 480108
32300 738810 499169
32400 751666 507453
32400 716855 489823
32400 725549 487822
32400 727589 492905
32400 731869 488688
32400 726135 494116
32400 717309 486058
32400 716082 487693
32400 734551 503425
32400 738656 498959
32400 723886 486568
32400 744656 502238
32400 737948 503963
32400 739878 500081
32400 734484 494297
32400 741010 506284
32400 722415 489842
32400 729207 496101
32400 740092 502400
32400 745317 503896
32400 753205 509137
32400 726725 492849
32400 733345 501223
32400 733202 499226
32400 742096 503870
32400 732754 495607
32400 739604 505665
32400 747388 501536
32400 759350 519198
32400 744731 503737
32400 742974 506776
32400 724463 492733
32400 730151 492525
32400 746966 508202
32400 736016 499523
32400 744985 501419
32400 754141 511372
32400 722978 485938
32400 723522 493784
32400 732655 498287
32400 739462 500132
32400 750463 503940
32400 738283 496181
32400 735746 501489
32400 730734 497278
32400 719327 487602
32400 741402 505785
32400 742014 506351
32400 726037 491635
32400 719480 483140
32500 749247 507694
32500 607995 406990
32500 742770 506168
32500 731061 498538
32500 714220 480072
32500 728551 494866
32500 722456 486055
32500 731735 496483
32500 716679 482133
32500 734068 491231
32500 723826 490815
32500 730497 496316
32500 721693 485471
32500 723835 491571
32500 724553 488316
32500 716297 483921
32500 731242 493813
32500 611396 411968
32500 726441 489307
32500 736698 499597
32500 722708 485940
32500 728107 489376
32500 730874 494825
32500 727894 491967
32500 730555 498199
32500 728009 488847
32500 721807 486883
32500 718902 491191
32500 717127 478411
32500 723662 489613
32500 733275 493059
32500 732339 492381
32500 723685 488000
32500 725343 491766
32500 725802 489688
32500 726943 494172
32500 744842 503518
32500 740310 500727
32500 731159 494468
32500 724612 486429
32500 728583 494584
32500 731117 493887
32500 738337 496700
32500 722800 482879
32500 726474 491173
32500 750730 503990
32500 725589 491420
32500 719258 482004
32500 719504 481136
32500 720811 482281
32600 721975 485940
32600 740569 504498
32600 742516 503604
32600 732796 497086
32600 750920 508629
32600 752778 507907
32600 739956 498487
32600 722395 487615
32600 741745 501384
32600 720047 486637
32600 731180 496759
32600 617518 408926
32600 733944 496590
32600 736961 497045
32600 732793 500652
32600 742360 502609
32600 728850 489591
32600 726614 491452
32600 722195 485043
32600 740136 498941
32600 749527 508259
32600 720047 484602
32600 740005 497578
32600 708528 476180
32600 729992 497575
32600 727118 492842
32600 740681 495892
32600 745040 509820
32600 609974 405294
32600 740585 500341
32600 726965 494768
32600 725038 486786
32600 736958 495298
32600 730132 496659
32600 714644 481751
32600 724488 491553
32600 728388 496016
32600 737044 499524
32600 735885 498783
32600 740955 497801
32600 738892 501208
32600 738583 497192
32600 732974 499021
32600 738825 499757
32600 738408 502245
32600 728265 486106
32600 739887 496927
32600 734658 498248
32600 719511 489380
32600 743690 502805
32700 720058 491334
32700 743771 508024
32700 754596 507513
32700 731329 495072
32700 736749 500269
32700 726510 493117
32700 733989 500695
32700 734932 495829
32700 743483 499876
32700 759918 519152
32700 750908 507949
32700 727669 491394
32700 751798 503456
32700 734681 495516
32700 740213 507530
32700 726262 492641
32700 731675 495130
32700 747700 501781
32700 728455 487466
32700 751933 508073
32700 746226 507253
32700 735108 499809
32700 739582 501403
32700 739204 503649
32700 739991 495479
32700 727266 495382
32700 758025 513751
32700 733212 496552
32700 745407 500135
32700 739330 495547
32700 725624 492534
32700 747126 501283
32700 733335 494977
32700 734134 497989
32700 751678 510864
32700 738705 499375
32700 740048 503312
32700 731570 497886
32700 732594 500587
32700 726978 490124
32700 736698 501205
32700 744349 503521
32700 735781 491619
32700 741989 502545
32700 744986 503765
32700 723512 488407
32700 744406 504364
32700 743207 508222
32700 739770 500215
32700 739299 502180
32800 617309 416087
32800 733893 494997
32800 745812 505586
32800 741523 503757
32800 729765 495217
32800 753723 502499
32800 745282 503729
32800 758287 507426
32800 759472 513770
32800 744184 504077
32800 750481 508909
32800 729756 498116
32800 724617 493428
32800 746241 500932
32800 743022 503313
32800 735620 499654
32800 742526 500179
32800 730475 496395
32800 743004 504546
32800 732307 494958
32800 743200 503342
32800 731228 497614
32800 754226 514407
32800 718352 483248
32800 745227 502143
32800 752760 513653
32800 738141 501171
32800 736240 498092
32800 741784 502852
32800 753121 510122
32800 723408 486015
32800 728107 494922
32800 733017 489749
32800 734103 496995
32800 748810 507326
32800 746964 502173
32800 745042 496772
32800 612020 410994
32800 741567 505456
32800 743543 501797
32800 729658 494533
32800 731520 488226
32800 733888 491117
32800 729259 497539
32800 750689 505448
32800 754827 514269
32800 725827 493596
32800 732281 497857
32800 728846 490839
32800 735210 495274
32900 743521 501024
32900 754003 511943
32900 715531 476665
32900 726704 491833
32900 744700 506388
32900 737645 501436
32900 752157 509933
32900 742770 506561
32900 736904 502220
32900 729860 492066
32900 748167 506950
32900 732324 492487
32900 763091 517829
32900 746131 509462
32900 740372 505118
32900 753412 509705
32900 742276 500271
32900 723152 486108
32900 751852 507877
32900 751194 511511
32900 738027 496474
32900 748093 510172
32900 757259 511955
32900 753163 508165
32900 737514 495331
32900 736173 499470
32900 723847 488148
32900 743349 499926
32900 743519 503205
32900 738507 503446
32900 746784 507321
32900 738375 497148
32900 763813 515731
32900 730985 493832
32900 732823 498321
32900 754494 510987
32900 732179 489802
32900 737864 497442
32900 749842 510283
32900 618572 415346
32900 746459 508422
32900 739651 501940
32900 752527 513327
32900 734178 499585
32900 771774 520294
32900 737792 499093
32900 734310 499336
32900 728146 488990
32900 738629 503922
32900 744833 506206
33000 724285 488378
33000 729887 497951
33000 752473 512113
33000 740649 502615
33000 751776 505512
33000 730835 493359
33000 739612 493910
33000 746952 503781
33000 739906 497696
33000 739823 496007
33000 730123 494710
33000 743330 501219
33000 748383 505614
33000 740948 502052
33000 748375 506033
33000 713500 478149
33000 733199 495167
33000 737156 499043
33000 735888 495536
33000 755269 508532
33000 738629 499434
33000 747115 505408
33000 735646 496735
33000 745573 503165
33000 730498 487094
33000 770504 521604
33000 745252 504626
33000 749028 504956
33000 709667 470978
33000 744328 505914
33000 729662 491450
33000 730936 495219
33000 723294 483531
33000 750413 505931
33000 726834 487851
33000 749403 508411
33000 728425 487783
33000 755341 509274
33000 734216 494922
33000 748287 503939
33000 723778 484024
33000 731365 494644
33000 739148 493985
33000 731159 492478
33000 730166 492355
33000 739186 501061
33000 735055 499664
33000 729068 494136
33000 757216 508982
33000 734284 495540
33100 740409 499065
33100 746208 504878
33100 761635 513154
33100 740058 503158
33100 745125 507390
33100 757565 514404
33100 749040 512071
33100 742074 500071
33100 732648 494609
33100 756702 512004
33100 739632 497295
33100 735158 492358
33100 752635 509022
33100 742802 505415
33100 752543 506808
33100 734209 495082
33100 748595 510732
33100 722574 488318
33100 723754 489118
33100 609276 407552
33100 753929 506101
33100 739357 502213
33100 740623 501367
33100 771188 522861
33100 752056 510678
33100 734188 492362
33100 725665 486054
33100 752516 512503
33100 737480 497406
33100 741638 502126
33100 761640 512642
33100 761662 516877
33100 744666 502625
33100 749155 508022
33100 739728 499719
33100 738841 494098
33100 741425 502370
33100 741057 496415
33100 727275 489365
33100 734217 493986
33100 738911 497266
33100 738896 501328
33100 637499 422781
33100 747967 506614
33100 744410 504550
33100 741045 497509
33100 741264 494420
33100 769697 521002
33100 737809 500248
33100 752719 509174
33200 759066 512459
33200 756970 513605
33200 747317 506950
33200 750649 511412
33200 745700 508957
33200 742223 504429
33200 746814 507953
33200 731987 496793
33200 743797 508996
33200 760955 513993
33200 742219 501249
33200 625620 421037
33200 625960 422699
33200 747508 500264
33200 753329 507771
33200 749572 508480
33200 772363 518925
33200 760052 519384
33200 748810 496804
33200 723879 486399
33200 741295 501812
33200 766097 521664
33200 745403 498382
33200 733617 493361
33200 759918 516373
33200 721895 487290
33200 740973 504497
33200 764993 518032
33200 732545 494449
33200 742751 503417
33200 760233 520529
33200 755288 510306
33200 751794 509437
33200 758493 511275
33200 767351 521436
33200 749011 508881
33200 748948 508004
33200 734486 496902
33200 740587 499972
33200 763877 511401
33200 740680 496972
33200 742998 508902
33200 754373 507987
33200 743479 501097
33200 744273 505533
33200 749141 508735
33200 743858 505707
33200 745609 507267
33200 742153 503300
33200 738799 503047
33300 748418 507597
33300 733153 491725
33300 742057 500164
33300 761650 517200
33300 745138 508108
33300 743111 502512
33300 751882 505303
33300 740734 501991
33300 760829 513385
33300 748541 500432
33300 760810 510186
33300 746325 508830
33300 758962 514114
33300 745293 505578
33300 728914 489336
33300 735853 503167
33300 743983 500669
33300 764204 515009
33300 730095 495598
33300 743484 505405
33300 761502 518590
33300 747750 510627
33300 750668 511807
33300 762337 515859
33300 744115 503537
33300 745377 499996
33300 748485 509694
33300 749269 510473
33300 753210 507949
33300 743104 499246
33300 744146 508542
33300 750437 513010
33300 730270 490328
33300 744413 502504
33300 747140 505783
33300 747885 504655
33300 749759 512117
33300 737261 494174
33300 753103 509873
33300 741613 499341
33300 745629 501372
33300 759515 506608
33300 744256 502717
33300 748445 503519
33300 760464 519219
33300 761013 510301
33300 759059 515883
33300 764305 517327
33300 745909 505690
33300 700363 464616
33400 759234 513203
33400 761328 516733
33400 747356 512227
33400 747228 506453
33400 759860 515236
33400 746807 502618
33400 748513 507100
33400 751119 510634
33400 751678 504264
33400 763101 519473
33400 752658 510157
33400 763194 518310
33400 757476 506570
33400 742574 506018
33400 761067 513625
33400 772568 527686
33400 759083 510946
33400 753931 513976
33400 767444 526789
33400 758599 518164
33400 639017 428589
33400 756882 512865
33400 764170 520176
33400 755886 518008
33400 750256 512393
33400 763665 518387
33400 765104 520103
33400 755731 509341
33400 743680 505769
33400 744472 496135
33400 752693 510532
33400 754207 509257
33400 761284 517858
33400 743264 504151
33400 760756 514148
33400 746813 500105
33400 756375 518062
33400 765377 523572
33400 748682 500996
33400 751800 501289
33400 740010 501886
33400 774226 528039
33400 755559 512980
33400 745125 503526
33400 742896 505127
33400 771083 518569
33400 772166 521486
33400 763937 523575
33400 776440 520914
33400 744956 504879
33500 748032 501888
33500 753861 510214
33500 745847 501849
33500 764501 514261
33500 761737 511528
33500 742713 503165
33500 754010 509325
33500 739682 498449
33500 740057 500610
33500 748899 503870
33500 765491 517906
33500 739619 496112
33500 732672 491194
33500 752084 504947
33500 752329 510853
33500 741902 502812
33500 755067 510258
33500 755918 509782
33500 745542 502371
33500 756029 506822
33500 736531 492052
33500 755394 507258
33500 752491 508776
33500 752307 509973
33500 745199 505239
33500 745167 507107
33500 742879 498309
33500 749489 505802
33500 749863 509265
33500 759084 511939
33500 760652 511426
33500 768630 521946
33500 749596 506330
33500 760094 508012
33500 743522 498475
33500 754877 510404
33500 769951 514415
33500 735641 492185
33500 743699 497892
33500 746889 502454
33500 749444 507552
33500 740674 497671
33500 774816 525688
33500 770372 518848
33500 759523 517226
33500 745067 508477
33500 634040 427095
33500 751382 509843
33500 754948 506113
33500 771997 521441
33600 751837 514083
33600 750313 511169
33600 641564 430365
33600 761884 511907
33600 747864 500113
33600 758310 516451
33600 757247 507925
33600 753112 514036
33600 766379 511476
33600 756411 512493
33600 755353 509914
33600 744092 502694
33600 768553 521378
33600 756979 504870
33600 754657 506665
33600 762918 514687
33600 757255 515194
33600 754270 510340
33600 751147 510948
33600 748977 495044
33600 758695 513907
33600 773497 518801
33600 756702 509654
33600 767631 522069
33600 747226 505009
33600 749265 510307
33600 757750 513756
33600 760972 518882
33600 748724 509495
33600 743998 505808
33600 754273 511517
33600 766017 518404
33600 763314 513468
33600 759634 515950
33600 750733 510315
33600 764877 520207
33600 748280 506476
33600 756068 510195
33600 773027 517801
33600 756451 507054
33600 758822 509722
33600 755286 514200
33600 625727 415341
33600 756489 515767
33600 749702 508799
33600 752212 509124
33600 751179 507215
33600 754952 504838
33600 721173 488026
33600 757111 513475
33700 751536 512783
33700 788548 531847
33700 761060 512350
33700 762963 520476
33700 754627 512020
33700 767229 519518
33700 763831 519426
33700 742840 495025
33700 767082 521996
33700 768294 516008
33700 762484 512724
33700 748295 507753
33700 758915 510303
33700 763463 515198
33700 754193 505039
33700 762889 522188
33700 753611 512555
33700 758495 516068
33700 764681 522302
33700 764790 515793
33700 773572 522437
33700 753584 508578
33700 762104 519886
33700 768536 520450
33700 740991 500029
33700 791918 539613
33700 770910 518449
33700 768531 521373
33700 774906 521835
33700 745297 503101
33700 631432 425875
33700 755245 506930
33700 756687 515874
33700 755481 509764
33700 752405 510057
33700 781341 526140
33700 774387 519836
33700 763224 520824
33700 755096 506903
33700 768031 523139
33700 755240 514068
33700 758283 512844
33700 770708 522692
33700 752425 513916
33700 756998 515604
33700 747097 507672
33700 756280 513017
33700 751000 509175
33700 776294 521585
33700 773397 522857
33800 762649 511438
33800 754229 513434
33800 767485 522013
33800 755225 510788
33800 746731 508453
33800 744314 502306
33800 759197 510260
33800 788448 530718
33800 752677 509062
33800 765126 516083
33800 753321 510085
33800 766922 517712
33800 776671 525937
33800 770758 523352
33800 756752 513300
33800 741352 494986
33800 764328 518769
33800 748805 504061
33800 741229 502922
33800 751237 511477
33800 748951 501514
33800 773003 521582
33800 760372 513630
33800 757635 519955
33800 753454 506818
33800 748307 509438
33800 767858 517266
33800 768992 518449
33800 764093 513079
33800 748419 506364
33800 771393 522389
33800 746006 503976
33800 778575 523922
33800 752666 511683
33800 762482 519130
33800 757395 515781
33800 768354 521008
33800 762982 517286
33800 772099 519720
33800 754423 514258
33800 777805 528020
33800 772153 516032
33800 748417 503088
33800 746447 503150
33800 759111 512082
33800 758314 515666
33800 755977 512216
33800 745877 503535
33800 752084 510607
33800 753731 511402
33900 771304 520359
33900 771978 525992
33900 758222 513170
33900 771017 521718
33900 760167 518877
33900 785357 528665
33900 762472 518844
33900 768200 520629
33900 776787 528606
33900 780423 529704
33900 649987 436064
33900 786005 525107
33900 767616 522714
33900 750529 508159
33900 760585 517488
33900 765230 521791
33900 755455 512265
33900 785357 532846
33900 788920 536048
33900 719269 483684
33900 772360 516488
33900 759797 512186
33900 642050 430300
33900 772607 524310
33900 766951 513515
33900 756065 513272
33900 762870 517579
33900 763732 514990
33900 773464 528654
33900 776881 527073
33900 760094 511220
33900 769323 524005
33900 749973 510019
33900 749750 506216
33900 759277 514433
33900 770522 519515
33900 761740 519533
33900 745465 504058
33900 762329 521486
33900 766049 518887
33900 760211 518773
33900 659885 438498
33900 778177 529371
33900 789756 536852
33900 777294 519561
33900 749450 507237
33900 643667 428678
33900 784241 527827
33900 755614 516296
33900 777963 524659
34000 757175 509119
34000 753600 506564
34000 782471 530529
34000 763880 514036
34000 766357 520806
34000 748832 501572
34000 762846 513507
34000 773847 522239
34000 775429 520082
34000 747366 507302
34000 774054 520057
34000 750835 503318
34000 757164 512561
34000 752071 510336
34000 766290 515398
34000 756451 504171
34000 755546 512789
34000 758990 506770
34000 745404 502093
34000 770294 521866
34000 754659 505060
34000 755598 500387
34000 763647 517493
34000 771561 522754
34000 778702 521972
34000 633158 420229
34000 789886 526304
34000 762673 512958
34000 768474 524702
34000 755804 513404
34000 756577 513566
34000 759167 512216
34000 754550 506422
34000 789783 526202
34000 769847 521104
34000 783215 526894
34000 750616 508166
34000 765910 519532
34000 741124 495280
34000 774853 518984
34000 756603 505627
34000 774585 519787
34000 731767 488572
34000 768618 520306
34000 781848 529570
34000 758177 505559
34000 762017 514521
34000 763081 516799
34000 764363 517560
34000 632830 422097
34100 789539 534139
34100 771373 523061
34100 785030 530966
34100 778587 525179
34100 765790 515892
34100 758847 513811
34100 769439 527033
34100 750118 506819
34100 765060 521432
34100 750444 506075
34100 771435 523781
34100 781111 528913
34100 765899 517473
34100 770071 520134
34100 760845 516815
34100 783034 533144
34100 759445 515977
34100 743187 501177
34100 759163 515958
34100 759909 515450
34100 763871 516393
34100 764037 514468
34100 769022 522944
34100 770135 517758
34100 765572 514417
34100 755138 506277
34100 761551 514839
34100 758041 511979
34100 746071 491619
34100 775956 523556
34100 772966 526985
34100 765389 515333
34100 777580 525742
34100 772385 523159
34100 773453 521230
34100 755768 504579
34100 768657 515346
34100 777634 524783
34100 764118 515754
34100 766406 514225
34100 784523 526081
34100 789443 539638
34100 751671 508858
34100 767289 524937
34100 755492 502014
34100 773866 524550
34100 757685 505267
34100 761392 515666
34100 758721 510722
34100 742517 499866
34200 771224 517603
34200 760371 512173
34200 790554 537379
34200 779483 525902
34200 784838 530858
34200 780487 532225
34200 782145 529170
34200 768378 521171
34200 752061 507422
34200 771444 526681
34200 763499 515922
34200 784975 530312
34200 765495 520352
34200 793204 536189
34200 782400 532819
34200 774819 521210
34200 742785 500175
34200 781636 530262
34200 781970 517808
34200 771545 522947
34200 764642 518500
34200 768097 523457
34200 760774 516694
34200 756557 511694
34200 764578 518850
34200 771313 524134
34200 774977 524454
34200 755361 510575
34200 760358 515411
34200 771422 522049
34200 776870 526655
34200 784472 527563
34200 772510 528305
34200 767434 522257
34200 769078 518838
34200 755086 506718
34200 752959 512617
34200 779719 532310
34200 764296 518458
34200 651928 437729
34200 777364 526003
34200 772166 527396
34200 770909 525384
34200 762426 511496
34200 769091 519395
34200 769974 523720
34200 738999 496258
34200 774799 525655
34200 789103 535149
34200 772373 523246
34300 769075 523467
34300 773706 521793
34300 775558 522770
34300 780970 531930
34300 766563 513345
34300 765157 523657
34300 778289 522146
34300 760475 514524
34300 761265 512065
34300 760928 507507
34300 784085 530891
34300 759377 516279
34300 777586 521627
34300 761628 511319
34300 765324 517052
34300 765474 516088
34300 770601 521219
34300 791223 532833
34300 780210 527678
34300 774956 525768
34300 771645 519291
34300 769832 519501
34300 763130 518195
34300 785514 526234
34300 769999 514830
34300 759576 513106
34300 763538 513466
34300 765410 520692
34300 769250 518164
34300 751097 507632
34300 764653 514914
34300 738677 493880
34300 772346 519454
34300 762842 517998
34300 782949 530887
34300 765902 517479
34300 772535 523709
34300 768993 519566
34300 755848 510937
34300 767319 518128
34300 771126 522535
34300 764033 521421
34300 765228 516346
34300 641777 428636
34300 777445 524031
34300 756061 510588
34300 769297 525142
34300 751581 504198
34300 772279 527586
34300 774338 522435
34400 791443 539821
34400 769053 526445
34400 769260 523758
34400 778002 529157
34400 781265 529883
34400 767598 521293
34400 792086 538841
34400 773342 522441
34400 778616 529223
34400 791293 533474
34400 772982 523801
34400 798111 537208
34400 760316 514636
34400 792401 535232
34400 762989 519232
34400 787629 532112
34400 792007 537109
34400 769737 521746
34400 771666 520564
34400 776384 530100
34400 771438 524114
34400 764290 518851
34400 770906 523727
34400 789836 533298
34400 778701 531830
34400 773746 521372
34400 769033 523969
34400 780357 534099
34400 777332 527624
34400 771395 521124
34400 784487 537376
34400 769557 518848
34400 768617 523200
34400 792424 539676
34400 790602 535683
34400 774577 529862
34400 782369 532741
34400 786940 533007
34400 782845 528030
34400 762484 516802
34400 778587 531452
34400 768944 518166
34400 786956 530711
34400 776894 524916
34400 769714 525037
34400 772523 522612
34400 769207 522805
34400 791975 538317
34400 777588 529442
34400 773018 522131
34500 778777 524979
34500 772671 519711
34500 771956 522638
34500 806840 541251
34500 655704 433211
34500 761079 513631
34500 780336 527647
34500 768463 519495
34500 779489 531072
34500 773073 517169
34500 801468 539341
34500 766492 519064
34500 773621 525324
34500 787877 529458
34500 769389 518057
34500 787226 527424
34500 791220 535627
34500 765735 521021
34500 771965 523422
34500 770431 517869
34500 765584 514078
34500 751605 503617
34500 774451 524881
34500 773404 524973
34500 775028 525655
34500 766508 521571
34500 766650 515577
34500 782911 528949
34500 812978 546989
34500 649879 430324
34500 763225 510028
34500 774140 522544
34500 770976 523936
34500 768685 522629
34500 769151 522279
34500 781941 528902
34500 785326 528585
34500 781206 528175
34500 765639 514587
34500 645624 434451
34500 770485 520169
34500 754843 506585
34500 786381 533245
34500 766336 514428
34500 769073 516931
34500 775924 525204
34500 778588 523796
34500 773590 517897
34500 773137 523177
34500 777704 524488
34600 802559 541385
34600 666841 446379
34600 791288 533975
34600 790789 536909
34600 790283 534223
34600 771154 518276
34600 653846 432982
34600 776025 529401
34600 765930 516017
34600 799662 543216
34600 777462 523095
34600 753823 508735
34600 778804 528204
34600 787509 532787
34600 776946 528404
34600 798094 539934
34600 785808 534448
34600 777006 525306
34600 783387 528713
34600 769026 521494
34600 807391 545394
34600 764853 513574
34600 770075 518229
34600 778123 526072
34600 771989 522127
34600 770277 515463
34600 769040 523194
34600 789075 538994
34600 793189 542141
34600 798198 538800
34600 793927 537708
34600 787380 535854
34600 783605 532649
34600 798061 540765
34600 766409 513695
34600 787475 531204
34600 780754 525611
34600 772441 518932
34600 787164 531969
34600 790704 528961
34600 781282 531497
34600 781128 528469
34600 761327 516138
34600 780975 531594
34600 772141 521574
34600 784735 529922
34600 648600 436198
34600 772039 525322
34600 778320 520750
34600 753342 503095
34700 780200 526680
34700 654696 437890
34700 789095 535417
34700 781740 523737
34700 773636 526706
34700 800835 539041
34700 775854 524597
34700 772263 518922
34700 778772 530608
34700 806314 549378
34700 776621 527070
34700 768217 517549
34700 788782 529806
34700 764441 515444
34700 780358 527315
34700 783027 536023
34700 773432 523833
34700 783465 526108
34700 808522 550706
34700 774395 528539
34700 775989 521933
34700 787486 529604
34700 784699 526597
34700 774560 521461
34700 798568 529640
34700 787385 535389
34700 777815 526115
34700 790486 529618
34700 791706 536373
34700 801387 541490
34700 779308 527430
34700 793376 534113
34700 777531 527862
34700 777344 523423
34700 776075 528076
34700 773803 528486
34700 801463 545684
34700 784171 537868
34700 788081 530616
34700 787646 526191
34700 778106 529280
34700 777723 530425
34700 798251 533993
34700 790684 531265
34700 798614 544272
34700 784625 525038
34700 770609 520432
34700 774107 523624
34700 781772 532634
34700 781015 530540
34800 788865 529510
34800 784543 534778
34800 786940 535945
34800 788371 537288
34800 801913 544700
34800 775390 523981
34800 780768 525249
34800 780424 527528
34800 777163 523181
34800 796310 536357
34800 791172 533579
34800 787887 527468
34800 779745 527346
34800 798722 542203
34800 770799 513872
34800 779893 525749
34800 792359 533789
34800 773660 524586
34800 778964 526953
34800 794049 535947
34800 781533 529748
34800 779824 525528
34800 782764 528562
34800 808189 547017
34800 787320 531652
34800 782418 529669
34800 793082 531287
34800 790258 535696
34800 784406 533332
34800 781769 532068
34800 773704 518969
34800 764645 517237
34800 784071 532110
34800 794867 529749
34800 795745 535852
34800 782704 534277
34800 784423 525888
34800 782550 532210
34800 769078 516893
34800 802400 540144
34800 781998 532968
34800 769759 510009
34800 778838 523056
34800 793746 537521
34800 783537 532572
34800 771376 515960
34800 773200 513611
34800 778191 522989
34800 787658 539625
34800 806918 545096
34900 788029 527364
34900 798776 543654
34900 788577 528421
34900 758703 510272
34900 774067 522378
34900 807445 545098
34900 787517 535920
34900 793651 539323
34900 785694 536170
34900 791653 540715
34900 670583 449637
34900 769474 523951
34900 782809 528113
34900 775890 530424
34900 797146 540448
34900 790049 536139
34900 788754 530061
34900 787388 530307
34900 798437 533894
34900 792592 543427
34900 809216 541985
34900 774158 527981
34900 786102 532025
34900 802693 547925
34900 783506 531987
34900 800795 540957
34900 795949 541655
34900 799252 539928
34900 776926 526556
34900 798899 544108
34900 817740 552410
34900 769060 517031
34900 789186 537021
34900 788824 528255
34900 805495 545764
34900 775952 524733
34900 788046 534185
34900 794155 543938
34900 797524 542906
34900 791359 525518
34900 772020 523832
34900 782876 527688
34900 782625 526100
34900 669256 447974
34900 794308 537475
34900 818436 553540
34900 778431 523910
34900 803670 544576
34900 776958 528005
34900 769953 518119
35000 768149 515941
35000 798922 534290
35000 778701 526571
35000 792778 532925
35000 792701 536581
35000 767269 515552
35000 812128 548834
35000 797612 537628
35000 806068 544808
35000 781683 525439
35000 791098 530970
35000 798117 543128
35000 794047 538005
35000 779275 529037
35000 792965 533982
35000 758647 504767
35000 774617 520101
35000 780043 527899
35000 786008 530431
35000 784227 528860
35000 776193 520840
35000 783871 522075
35000 785700 524992
35000 784834 527927
35000 799323 539060
35000 777888 524693
35000 784559 528719
35000 782624 526091
35000 784144 529097
35000 789377 533685
35000 773906 524116
35000 796229 532478
35000 777807 521671
35000 780039 530822
35000 777698 525311
35000 771351 521186
35000 769363 519645
35000 772505 521577
35000 786521 531249
35000 774561 526863
35000 790483 537635
35000 785731 529223
35000 767026 516196
35000 789029 534398
35000 794748 532602
35000 781894 528288
35000 798579 535181
35000 783599 533089
35000 793958 533835
35000 781353 526829
35100 775305 525179
35100 783107 529002
35100 795769 539635
35100 796931 537721
35100 781469 530727
35100 807366 549342
35100 791883 533930
35100 786862 534534
35100 773363 522146
35100 791329 535644
35100 645321 430641
35100 779807 525833
35100 796687 533637
35100 805669 541320
35100 769663 518347
35100 797656 538759
35100 806290 541810
35100 792913 538576
35100 786518 537278
35100 796582 542667
35100 780686 530319
35100 798953 540074
35100 822824 557114
35100 794330 531700
35100 793982 537921
35100 798508 540682
35100 799724 539862
35100 792368 534714
35100 782154 529036
35100 791181 528825
35100 789396 533309
35100 786057 532002
35100 778816 529378
35100 802556 543367
35100 786328 527832
35100 788737 529340
35100 774841 519347
35100 808579 545769
35100 795208 535960
35100 786872 532665
35100 821468 555026
35100 819093 545895
35100 800917 532840
35100 794425 533706
35100 788732 534070
35100 785238 531957
35100 800553 538444
35100 784301 525528
35100 788750 536329
35100 787112 532946
35200 813797 549649
35200 784343 530920
35200 799953 542942
35200 782311 533102
35200 805073 546070
35200 782657 526926
35200 754604 509465
35200 788831 535340
35200 655154 436337
35200 655973 436180
35200 792625 540052
35200 795392 529544
35200 778309 521855
35200 796941 535124
35200 789550 526553
35200 818269 547747
35200 785537 535191
35200 793038 534150
35200 799956 540891
35200 797085 543114
35200 798892 539900
35200 804474 546485
35200 782398 529862
35200 789037 535757
35200 792183 541465
35200 798704 542119
35200 795049 540191
35200 783640 527788
35200 813492 552907
35200 786881 531727
35200 792463 535521
35200 804110 544415
35200 784479 530962
35200 792906 538871
35200 809026 545040
35200 799610 545845
35200 795878 540772
35200 781489 527954
35200 787999 535485
35200 674924 454048
35200 791572 536541
35200 792511 538361
35200 788046 534351
35200 798357 540284
35200 800468 548271
35200 796897 537774
35200 793286 535672
35200 806185 544725
35200 799027 544352
35200 794740 539296
35300 784503 528504
35300 797695 540886
35300 804544 542885
35300 780644 527804
35300 788791 532994
35300 808645 547592
35300 799663 536479
35300 787248 531434
35300 802144 541253
35300 796689 542717
35300 822826 550515
35300 798696 543213
35300 795907 535893
35300 773153 521381
35300 801355 542892
35300 785740 530926
35300 787391 525254
35300 809592 545607
35300 803435 545518
35300 790397 533536
35300 792581 542162
35300 773757 515511
35300 793777 533179
35300 792437 539412
35300 781198 527290
35300 803339 545227
35300 778328 525190
35300 790397 534998
35300 795570 537233
35300 790026 535295
35300 795875 539283
35300 802353 543187
35300 805843 546491
35300 805959 544732
35300 797084 539852
35300 796577 543845
35300 675304 451591
35300 809216 547020
35300 801756 533771
35300 796147 537133
35300 811781 548154
35300 798845 541660
35300 801165 538594
35300 801264 540569
35300 808530 549106
35300 814139 550084
35300 771186 515204
35300 783677 529498
35300 679378 457994
35300 806865 546195
35400 674390 453230
35400 787689 534699
35400 795610 535676
35400 797756 536399
35400 822630 558781
35400 802431 545379
35400 818891 561339
35400 810154 549907
35400 778492 520045
35400 792019 527871
35400 800990 545653
35400 811249 543925
35400 796360 542607
35400 826286 559236
35400 784786 531348
35400 818548 555086
35400 826737 560425
35400 793623 536268
35400 799539 541057
35400 806818 551535
35400 786073 528870
35400 806382 543866
35400 809698 548820
35400 785858 526711
35400 796640 535899
35400 802339 542444
35400 808044 545858
35400 813873 550208
35400 661509 444019
35400 807348 550727
35400 785063 524574
35400 816233 554971
35400 793110 529809
35400 797965 538404
35400 750444 506750
35400 799268 539724
35400 807418 548176
35400 807647 548519
35400 782800 531787
35400 792253 537375
35400 800453 546572
35400 795711 533495
35400 798726 540683
35400 790742 535423
35400 809291 549309
35400 817790 554270
35400 763692 517589
35400 799491 544096
35400 800941 542460
35400 789428 538133
35500 668057 447083
35500 798413 540471
35500 790995 532741
35500 823270 552220
35500 786237 534621
35500 802054 544771
35500 803125 542381
35500 796429 531758
35500 807688 547541
35500 794188 541348
35500 672027 452215
35500 740389 494043
35500 797463 542609
35500 784531 525214
35500 791764 538259
35500 816869 552692
35500 788723 528659
35500 779618 528890
35500 798295 538912
35500 789951 532046
35500 812368 550294
35500 778877 516505
35500 790874 534558
35500 835945 563058
35500 791167 532758
35500 796375 536115
35500 803629 541896
35500 797384 536874
35500 810895 547979
35500 784165 532818
35500 829381 560943
35500 807239 543692
35500 797884 538132
35500 787582 535531
35500 802365 539789
35500 795819 538385
35500 808520 540411
35500 804207 540825
35500 797046 537185
35500 804589 543891
35500 804511 545917
35500 795624 539790
35500 786068 529338
35500 797040 540602
35500 782375 525831
35500 792125 537441
35500 799389 537878
35500 788968 533378
35500 784880 529386
35500 796257 539274
35600 788299 527966
35600 797196 543854
35600 818453 552699
35600 801615 540019
35600 802443 547453
35600 795895 539468
35600 801825 545323
35600 805819 544092
35600 793846 536898
35600 816084 546156
35600 815592 554844
35600 783791 527492
35600 668208 450567
35600 799728 545313
35600 818079 554401
35600 796162 539986
35600 815594 549564
35600 807369 547415
35600 794992 534190
35600 792892 531858
35600 811173 550399
35600 794858 538691
35600 791358 540083
35600 820353 554350
35600 820002 556860
35600 798402 542426
35600 688673 462620
35600 807204 541874
35600 805683 542788
35600 818372 543782
35600 668435 447551
35600 811519 546987
35600 790281 533840
35600 792430 535683
35600 808952 548865
35600 802399 539999
35600 797085 540293
35600 773938 521797
35600 794795 539871
35600 793486 530832
35600 795978 540968
35600 796046 536922
35600 810838 544689
35600 816561 547186
35600 799450 534798
35600 808852 548058
35600 803710 543113
35600 808872 549836
35600 785674 526818
35600 809525 547283
35700 794060 538558
35700 791776 535161
35700 799936 535933
35700 817379 553228
35700 821275 558701
35700 808430 547983
35700 804683 545082
35700 826404 561544
35700 816462 553146
35700 798268 535961
35700 795072 529258
35700 801505 544904
35700 680401 458227
35700 816976 549753
35700 815542 556498
35700 792979 536978
35700 795075 539570
35700 787275 526136
35700 798735 536299
35700 810553 552283
35700 830643 564759
35700 797224 541165
35700 812280 550784
35700 809743 546114
35700 807173 546958
35700 809204 547446
35700 801418 546640
35700 808166 543769
35700 805512 547475
35700 814892 551573
35700 822034 550053
35700 803337 540099
35700 810728 549915
35700 794648 540051
35700 794474 538547
35700 801880 541106
35700 830542 560869
35700 787476 526536
35700 808114 545143
35700 812939 554607
35700 815149 554636
35700 798978 542952
35700 798023 542417
35700 811645 553896
35700 805661 540936
35700 807694 547115
35700 826406 563468
35700 809958 545393
35700 817148 557184
35700 801536 541738
35800 821482 555147
35800 799491 542184
35800 792848 529159
35800 802543 543081
35800 808961 548404
35800 803485 539164
35800 682800 460894
35800 816365 552533
35800 831921 565571
35800 798512 543353
35800 791038 535214
35800 676351 453224
35800 811668 550949
35800 794092 539768
35800 813532 546071
35800 793571 530402
35800 799611 545580
35800 807014 546459
35800 809757 548673
35800 814512 555290
35800 802178 539702
35800 822789 553509
35800 807031 547616
35800 787491 528610
35800 792235 528009
35800 805280 544310
35800 798665 541338
35800 806899 547387
35800 815456 551775
35800 795842 539955
35800 802964 542063
35800 792715 532686
35800 818480 552719
35800 801573 538321
35800 788911 535217
35800 818999 561080
35800 815510 550424
35800 808230 552074
35800 806779 548185
35800 669380 448375
35800 793785 538144
35800 820207 549025
35800 802209 540287
35800 803959 544223
35800 808109 550897
35800 802185 543044
35800 820849 552852
35800 800986 539845
35800 792025 534228
35800 799705 542406
35900 821417 555934
35900 812852 556169
35900 817227 559783
35900 812454 552107
35900 829488 566198
35900 821127 558961
35900 825842 556183
35900 827182 562180
35900 811185 544680
35900 803420 549976
35900 809384 545285
35900 823080 552357
35900 817868 557352
35900 813212 547669
35900 835412 567263
35900 811465 549863
35900 837258 570307
35900 807125 545001
35900 806538 550748
35900 815480 557305
35900 813005 547053
35900 825533 562029
35900 812098 554933
35900 820876 556480
35900 831503 566397
35900 824696 558707
35900 806982 551984
35900 808814 551736
35900 822332 558493
35900 831623 561347
35900 794208 532357
35900 806422 550042
35900 800676 537586
35900 809886 552406
35900 803247 545039
35900 809383 549764
35900 823439 558460
35900 684197 453840
35900 811717 553051
35900 803944 544484
35900 843392 574015
35900 806061 549541
35900 823900 555701
35900 804437 541599
35900 829867 566637
35900 823651 560282
35900 806534 548240
35900 784217 525913
35900 782515 524383
35900 817952 559058
36000 811317 547832
36000 799909 543357
36000 811009 549500
36000 819636 553079
36000 811527 550935
36000 802251 542826
36000 684271 458026
36000 666887 444861
36000 805054 545811
36000 794094 533200
36000 800926 535492
36000 800460 540619
36000 683760 454723
36000 792974 530247
36000 786184 523328
36000 784876 527671
36000 801180 541331
36000 822375 552713
36000 790247 533601
36000 835590 564970
36000 806504 546556
36000 791764 525572
36000 795700 536349
36000 829073 562604
36000 821946 558837
36000 799041 534874
36000 681233 450754
36000 820178 553580
36000 794082 531382
36000 829740 558061
36000 784885 529873
36000 804496 546211
36000 830760 560216
36000 810432 549962
36000 674521 448930
36000 807944 547416
36000 804736 540169
36000 807908 547730
36000 833152 560854
36000 793100 540793
36000 805562 544040
36000 794664 535560
36000 812668 547593
36000 813055 549002
36000 809326 542990
36000 822205 554270
36000 809352 548293
36000 805653 546761
36000 804376 540721
36000 812792 548249
36100 827788 560280
36100 818579 554125
36100 807013 545560
36100 815640 552944
36100 816367 554042
36100 811954 547011
36100 822399 559306
36100 819113 552493
36100 822814 551286
36100 805815 543463
36100 816053 555023
36100 807177 542209
36100 812257 551332
36100 811127 552482
36100 822599 557297
36100 812002 544163
36100 833925 563854
36100 815042 552315
36100 820099 558279
36100 814865 550852
36100 827439 562966
36100 803890 542044
36100 825304 554955
36100 808994 551948
36100 830214 562874
36100 808144 543866
36100 821542 560449
36100 817215 551998
36100 817190 554554
36100 688334 460254
36100 803684 546283
36100 811355 545897
36100 794104 533405
36100 808827 541752
36100 818327 551642
36100 801625 543094
36100 811979 554399
36100 694747 466487
36100 814392 557315
36100 824379 560141
36100 820116 558336
36100 821055 560118
36100 828041 551475
36100 805185 542392
36100 804852 544583
36100 802974 544197
36100 802725 545647
36100 784321 525791
36100 806417 547008
36100 828027 560609
36200 830821 566333
36200 822044 558792
36200 828233 556098
36200 797301 540550
36200 831398 563552
36200 837317 570056
36200 815993 554261
36200 835671 564026
36200 813940 553855
36200 798532 541212
36200 819423 553070
36200 848003 574935
36200 813202 547687
36200 813169 551582
36200 810268 546520
36200 820410 553417
36200 797951 536331
36200 693444 463716
36200 811688 545990
36200 822792 555426
36200 801130 545911
36200 802655 544036
36200 830996 555104
36200 803648 542194
36200 817891 554213
36200 812765 544951
36200 822225 557095
36200 807635 547856
36200 828175 556767
36200 815429 552100
36200 686319 462844
36200 816285 551716
36200 832928 562533
36200 810486 544874
36200 819234 554045
36200 810956 550208
36200 806859 542775
36200 814158 548621
36200 829405 558274
36200 821487 558389
36200 806402 545798
36200 816217 548371
36200 821690 555600
36200 808374 542487
36200 821303 555161
36200 808304 541684
36200 806178 544674
36200 820804 559999
36200 823658 558052
36200 816602 555976
36300 825275 556476
36300 676750 452234
36300 806350 547585
36300 811229 548821
36300 824386 553454
36300 817006 546751
36300 808854 547195
36300 807105 543915
36300 815904 557128
36300 828785 557075
36300 802705 546506
36300 805583 546048
36300 820783 553290
36300 828307 559790
36300 806348 544931
36300 827523 557172
36300 799941 542771
36300 803472 542468
36300 835169 564497
36300 809126 549766
36300 834099 565227
36300 818932 552402
36300 807682 547568
36300 808742 551550
36300 828242 560384
36300 839397 568979
36300 809905 547529
36300 829779 562045
36300 811457 549717
36300 816929 548864
36300 808062 544611
36300 818115 555978
36300 807669 541062
36300 810833 545405
36300 815118 549448
36300 816509 550301
36300 821237 556229
36300 812395 553584
36300 811157 543551
36300 829124 561786
36300 810767 545750
36300 820657 548901
36300 832899 563893
36300 831422 555537
36300 819991 557997
36300 817824 553806
36300 808952 546990
36300 797120 531515
36300 842668 570580
36300 807139 550576
36400 825425 557772
36400 706207 474099
36400 801047 537514
36400 818253 553284
36400 813509 550063
36400 829125 565208
36400 817225 556209
36400 819203 559244
36400 820605 553800
36400 816502 553146
36400 834783 569435
36400 846074 573363
36400 835402 562282
36400 817205 549569
36400 808606 549533
36400 816531 549411
36400 807379 550154
36400 850394 579949
36400 821069 561335
36400 843775 567421
36400 832132 566297
36400 817808 551577
36400 819237 559874
36400 833140 562939
36400 809539 552398
36400 815314 548248
36400 811257 544183
36400 798975 538171
36400 833048 554549
36400 829682 558941
36400 827984 558664
36400 803748 547008
36400 842850 567628
36400 828945 564401
36400 803363 545050
36400 832731 567900
36400 825034 560093
36400 798842 540706
36400 825276 556803
36400 828749 560708
36400 807484 545130
36400 841603 565516
36400 815925 552738
36400 811126 547754
36400 838694 564143
36400 820309 552622
36400 841545 569508
36400 831461 564546
36400 827726 565394
36400 810099 549178
36500 797082 535535
36500 809113 535571
36500 828271 560034
36500 805548 540425
36500 818399 551818
36500 818391 553181
36500 838235 565946
36500 809277 550450
36500 806730 548110
36500 808939 546439
36500 827306 554846
36500 808103 542279
36500 821513 554274
36500 821461 558009
36500 827334 562061
36500 701914 468792
36500 843460 565127
36500 792549 522567
36500 811869 543339
36500 816853 546207
36500 816350 553060
36500 822890 552808
36500 804895 544414
36500 821786 553287
36500 834907 566189
36500 806392 541245
36500 785512 530105
36500 821317 553964
36500 811466 549461
36500 837561 566046
36500 823085 554657
36500 826930 561833
36500 827821 557817
36500 691010 460014
36500 819716 556331
36500 810548 545523
36500 831405 558756
36500 812452 544757
36500 842884 566405
36500 805902 542228
36500 828753 553711
36500 815902 551619
36500 806445 546257
36500 676784 451433
36500 805439 538767
36500 814954 546993
36500 806602 545210
36500 817012 548187
36500 821797 556605
36500 811447 548415
36600 840035 568239
36600 799167 529546
36600 829382 561934
36600 817409 555867
36600 827976 558773
36600 827416 564954
36600 834979 570084
36600 808652 548104
36600 818373 555194
36600 804402 536804
36600 689925 459670
36600 820750 555209
36600 828061 564321
36600 835334 563660
36600 825511 561193
36600 819572 549357
36600 812867 549171
36600 824897 560547
36600 837693 563630
36600 818446 547873
36600 809533 550026
36600 816265 556580
36600 848572 573079
36600 819231 548426
36600 815965 554927
36600 826657 558705
36600 846552 570889
36600 821777 559880
36600 815879 554506
36600 817268 551948
36600 849873 574667
36600 812338 548829
36600 816894 553205
36600 837603 570491
36600 835015 568711
36600 820885 552443
36600 831764 558870
36600 836987 565759
36600 833589 564918
36600 832694 558369
36600 835108 563323
36600 822354 557356
36600 821465 551588
36600 821475 557363
36600 804619 545930
36600 812241 548099
36600 850374 573930
36600 834959 562634
36600 814834 546667
36600 830214 565136
36700 678051 455101
36700 714385 474844
36700 830657 562830
36700 828500 560421
36700 705087 467735
36700 820860 557357
36700 831622 558065
36700 845272 572285
36700 840020 565959
36700 811936 546791
36700 840378 572665
36700 813848 550682
36700 818111 546992
36700 817134 552471
36700 803355 543933
36700 822160 549282
36700 833769 562785
36700 835394 566246
36700 837745 568242
36700 843548 572989
36700 822957 558320
36700 815239 553967
36700 833196 562385
36700 836282 569366
36700 842254 564411
36700 836658 569800
36700 822673 557225
36700 822238 553019
36700 844793 571108
36700 704331 469498
36700 829725 563724
36700 828073 563224
36700 832627 567925
36700 806770 538189
36700 837555 567936
36700 820802 555738
36700 824489 559081
36700 850790 578356
36700 824619 556540
36700 837019 571372
36700 819016 555989
36700 830665 564593
36700 818821 551992
36700 817212 553851
36700 687705 459152
36700 821910 556981
36700 832845 564442
36700 818534 548701
36700 819898 558866
36700 836054 569278
36800 835277 564754
36800 692133 464022
36800 816116 554380
36800 826199 557289
36800 835217 560010
36800 842647 572489
36800 834377 561519
36800 830308 562647
36800 829196 565302
36800 830544 561731
36800 830738 564471
36800 824742 551616
36800 809633 545637
36800 787257 530372
36800 817545 555407
36800 821305 555927
36800 842500 567544
36800 825896 556314
36800 840328 564555
36800 806588 538318
36800 815989 553009
36800 836872 558330
36800 827240 552770
36800 830642 556833
36800 821205 550697
36800 843094 571201
36800 834464 566668
36800 806610 547863
36800 836864 563503
36800 863435 585141
36800 811140 551203
36800 825435 559917
36800 819867 545493
36800 827045 560980
36800 801793 536511
36800 822751 556770
36800 828694 564778
36800 837394 567440
36800 817361 553432
36800 839466 568915
36800 792830 534846
36800 699602 463650
36800 844324 570123
36800 821927 551724
36800 835359 561528
36800 828138 565649
36800 804149 534416
36800 697818 464593
36800 840530 569469
36800 828255 562062
36900 843620 572093
36900 847134 572462
36900 825305 558002
36900 823793 555898
36900 835546 567916
36900 811798 542886
36900 843075 563913
36900 828355 559698
36900 854163 579886
36900 822934 552172
36900 858725 584257
36900 832302 568779
36900 840912 569993
36900 850313 579074
36900 864418 580159
36900 811456 546302
36900 834203 559847
36900 844273 576652
36900 841900 568263
36900 839701 569158
36900 838439 571764
36900 841396 569949
36900 852319 579070
36900 839051 566745
36900 814199 553497
36900 847401 574234
36900 826771 566218
36900 847793 574089
36900 834135 563433
36900 837068 566210
36900 842342 567555
36900 840066 575254
36900 853666 576633
36900 829466 565697
36900 856854 575578
36900 824220 563318
36900 851570 578488
36900 826649 564414
36900 858271 584466
36900 830284 564268
36900 836247 570212
36900 824973 550297
36900 813917 549400
36900 842608 574660
36900 836503 572919
36900 853620 576032
36900 801978 543425
36900 843523 572872
36900 843729 575153
36900 829238 562388
37000 824343 557942
37000 832133 566571
37000 838999 559941
37000 817223 550441
37000 840306 570201
37000 831659 555327
37000 831904 566102
37000 831854 560885
37000 837866 570427
37000 816058 554561
37000 836146 565686
37000 827998 556993
37000 835830 568046
37000 822056 554840
37000 837267 566915
37000 829675 556221
37000 853278 576435
37000 833122 566403
37000 843244 557633
37000 819172 553537
37000 819907 550610
37000 829748 561558
37000 823484 555958
37000 819811 555311
37000 844834 565360
37000 819412 543066
37000 808110 539101
37000 840290 570857
37000 840446 570695
37000 830745 559831
37000 857124 580609
37000 819515 550214
37000 853776 570788
37000 830545 562339
37000 835875 566114
37000 828874 549270
37000 832050 559764
37000 833666 557506
37000 827154 560301
37000 824259 558676
37000 827463 559477
37000 831006 552042
37000 825829 559990
37000 813176 542700
37000 820640 554101
37000 821448 559722
37000 799985 535106
37000 823476 555763
37000 828494 560101
37000 827970 562722
37100 824728 563439
37100 835777 570590
37100 844201 574981
37100 810397 545832
37100 845598 569193
37100 833018 567312
37100 840375 571965
37100 846502 571793
37100 840107 567584
37100 824320 555525
37100 829915 557256
37100 826180 560595
37100 850280 572275
37100 840939 571273
37100 852883 568653
37100 815126 549693
37100 840498 569582
37100 864950 582442
37100 829625 561656
37100 822555 556093
37100 822642 552008
37100 812741 542496
37100 834976 560181
37100 840175 569348
37100 845993 568933
37100 818368 554180
37100 860403 579118
37100 844037 571981
37100 832428 560589
37100 836682 567155
37100 845489 574371
37100 824980 558658
37100 827713 553030
37100 812518 540862
37100 836086 567287
37100 837787 569538
37100 842361 575305
37100 832563 564722
37100 825597 559276
37100 839824 563608
37100 843159 566283
37100 818314 556981
37100 828258 557437
37100 823027 556735
37100 827439 562312
37100 834488 568323
37100 857234 575734
37100 852973 578364
37100 836806 565586
37100 839896 567620
37200 844478 570188
37200 845202 572847
37200 834202 563970
37200 828818 563080
37200 834039 567410
37200 846263 576181
37200 833662 565526
37200 854260 578788
37200 811155 546422
37200 840037 572364
37200 844397 573786
37200 850120 578263
37200 827628 556069
37200 830861 563907
37200 837324 564330
37200 839953 569896
37200 823520 558335
37200 821029 554348
37200 834100 565797
37200 835022 558831
37200 845177 575332
37200 833003 563453
37200 845775 576553
37200 841646 570987
37200 849858 579780
37200 844354 575476
37200 827314 559312
37200 840258 571977
37200 825614 562657
37200 819776 549663
37200 818000 549729
37200 842744 576538
37200 819775 558848
37200 847585 576038
37200 851937 573578
37200 840416 572011
37200 859502 582498
37200 839446 569373
37200 826238 561122
37200 841354 569386
37200 840178 569250
37200 852377 576453
37200 855226 571047
37200 829107 557698
37200 833766 568744
37200 833407 562139
37200 839912 570385
37200 831863 560340
37200 834554 562243
37200 731622 491988
37300 848415 575678
37300 816284 555854
37300 851886 576336
37300 859170 582064
37300 843626 567568
37300 838281 566236
37300 826888 558248
37300 831101 556293
37300 839263 559750
37300 836188 568163
37300 850295 576050
37300 834190 564393
37300 710704 469885
37300 848587 572778
37300 835484 564887
37300 702664 468791
37300 829355 558023
37300 843411 569481
37300 857239 575842
37300 825355 555492
37300 826986 560057
37300 841294 570126
37300 837993 564319
37300 852647 570816
37300 818328 554554
37300 690547 463896
37300 836358 565644
37300 857928 573526
37300 863656 582471
37300 861475 579009
37300 836144 569266
37300 838439 563941
37300 828072 557441
37300 855987 579789
37300 837542 565750
37300 850185 575505
37300 829025 562150
37300 833819 565063
37300 696859 468233
37300 834784 566187
37300 849803 580413
37300 845686 571981
37300 836527 557019
37300 845339 570135
37300 844459 573855
37300 830845 559459
37300 836809 560071
37300 832371 557571
37300 848386 566262
37300 834898 562348
37400 858599 579550
37400 851623 579037
37400 844861 574539
37400 835958 570557
37400 832749 560553
37400 846148 572863
37400 837470 568927
37400 845182 573415
37400 837790 569349
37400 854317 578089
37400 838530 562203
37400 837118 568073
37400 849870 571386
37400 830198 565593
37400 833403 564550
37400 867044 580606
37400 822765 556708
37400 846041 575557
37400 848389 571502
37400 851786 574857
37400 840962 570798
37400 859136 580988
37400 843378 561150
37400 844959 575969
37400 847848 574964
37400 845477 574651
37400 869119 585673
37400 886631 603455
37400 853813 574101
37400 828075 552931
37400 837333 571095
37400 843550 573273
37400 845976 575503
37400 854301 581980
37400 852084 578801
37400 849974 579777
37400 834041 568282
37400 835807 564102
37400 834557 568158
37400 845980 580142
37400 836310 569656
37400 851183 582704
37400 832932 563906
37400 854597 582736
37400 860225 586385
37400 839078 567924
37400 850161 573835
37400 828938 550471
37400 827032 558222
37400 856622 580668
37500 850885 579434
37500 848695 571560
37500 708622 470575
37500 850014 575727
37500 841112 561958
37500 849547 569411
37500 831914 559891
37500 847036 570832
37500 817564 544142
37500 831369 561729
37500 841604 564279
37500 826684 559440
37500 841377 569464
37500 842694 564147
37500 845359 569726
37500 838637 560911
37500 807252 538030
37500 831810 566345
37500 844181 566983
37500 818311 549754
37500 834098 560766
37500 853541 573621
37500 834823 569315
37500 850192 573195
37500 853610 581460
37500 833813 562382
37500 844116 571617
37500 840426 569907
37500 835576 565405
37500 866815 584290
37500 855820 577028
37500 844710 564594
37500 830851 560157
37500 855232 572896
37500 865815 581703
37500 828355 560977
37500 827811 554686
37500 839096 568924
37500 834418 559663
37500 698020 466589
37500 860838 583270
37500 833038 559549
37500 832102 556093
37500 831462 557907
37500 832034 562611
37500 850747 572085
37500 840410 571675
37500 868599 585143
37500 837383 563786
37500 844617 566992
37600 853722 576165
37600 846472 570364
37600 822026 550171
37600 835432 569866
37600 860218 583587
37600 845201 567974
37600 866968 588561
37600 715285 475574
37600 847378 570807
37600 850198 570148
37600 858053 585801
37600 853892 568040
37600 837084 564602
37600 737738 495133
37600 851315 579224
37600 836910 572506
37600 828204 563603
37600 841885 565023
37600 844737 572225
37600 854246 577512
37600 860519 583010
37600 840652 564614
37600 849384 566047
37600 856195 578750
37600 862423 584192
37600 848458 573842
37600 840108 566951
37600 835284 563924
37600 857063 585013
37600 851582 572971
37600 844396 566349
37600 843648 574747
37600 858776 580545
37600 853718 579177
37600 845670 573222
37600 840525 569745
37600 830762 547273
37600 829836 561790
37600 847124 571439
37600 836003 565976
37600 849830 575268
37600 845578 571669
37600 855931 571914
37600 847742 567740
37600 836962 564649
37600 864346 580478
37600 862344 585264
37600 845558 572517
37600 849229 575621
37600 843586 564880
37700 847187 573724
37700 855669 573110
37700 841489 571951
37700 871320 579044
37700 855358 576663
37700 828232 557312
37700 858326 582654
37700 860041 581900
37700 838275 563132
37700 843932 572778
37700 865704 586745
37700 834575 560905
37700 839408 567506
37700 863137 576267
37700 828206 557789
37700 848710 574041
37700 855814 574923
37700 833618 562383
37700 843218 567574
37700 865752 589618
37700 852669 578506
37700 829641 559567
37700 854195 581950
37700 859147 582777
37700 875421 592632
37700 874248 588938
37700 839344 556504
37700 839857 564262
37700 847984 571257
37700 840957 566532
37700 845438 572075
37700 853360 578041
37700 708489 472663
37700 850535 575174
37700 849315 572467
37700 874997 597214
37700 878923 594330
37700 844574 571642
37700 867066 585899
37700 859040 581507
37700 849833 578040
37700 864460 587434
37700 861089 577253
37700 852562 582146
37700 836987 556049
37700 853896 575622
37700 850465 575156
37700 847161 568356
37700 849980 577078
37700 863112 580363
37800 847561 566531
37800 845901 569642
37800 849259 575633
37800 870472 587286
37800 844132 571648
37800 841497 570206
37800 854920 574065
37800 870650 585736
37800 863776 577567
37800 864969 584221
37800 847450 579155
37800 845359 569030
37800 856791 582257
37800 844880 574218
37800 848249 570375
37800 845740 571778
37800 729613 488638
37800 847186 570240
37800 851222 577973
37800 834362 563706
37800 856249 576306
37800 844689 574792
37800 866008 583196
37800 839698 567329
37800 845930 575151
37800 841456 565344
37800 858570 580212
37800 856723 578538
37800 858825 581619
37800 846152 568940
37800 846610 574080
37800 837890 569321
37800 855396 577076
37800 852554 580539
37800 839756 563134
37800 842113 570510
37800 848466 580237
37800 858746 578714
37800 846405 569718
37800 837915 567242
37800 853985 579733
37800 836588 565366
37800 832151 560078
37800 847845 574005
37800 853171 574747
37800 873159 585576
37800 875467 592044
37800 829008 558035
37800 846339 576783
37800 844819 564003
37900 853783 584333
37900 886914 603947
37900 850571 578512
37900 850932 573245
37900 862742 588548
37900 859455 578353
37900 870536 583728
37900 846351 572098
37900 857325 582977
37900 852560 576761
37900 847188 571813
37900 849861 575542
37900 872435 587436
37900 857982 578518
37900 870834 587405
37900 854893 577130
37900 854790 584253
37900 715679 480860
37900 875863 591544
37900 859798 580168
37900 864894 585895
37900 864134 586503
37900 847451 572689
37900 721215 486324
37900 870195 585162
37900 842862 569348
37900 854461 579198
37900 851413 575929
37900 880575 588546
37900 864871 585937
37900 847183 573940
37900 862723 586174
37900 870149 587870
37900 846347 577753
37900 867516 584571
37900 843851 574047
37900 865096 587317
37900 852817 577667
37900 837884 566133
37900 859275 584134
37900 865498 588553
37900 860165 587944
37900 853083 575294
37900 846733 570139
37900 863723 588407
37900 856119 581637
37900 857667 579606
37900 864900 585458
37900 849770 577759
37900 857236 574470
38000 857366 580472
38000 838566 566024
38000 855424 573609
38000 853598 568157
38000 852311 579377
38000 859926 580117
38000 846953 570101
38000 837610 565664
38000 844330 564897
38000 857581 583527
38000 859452 584957
38000 888689 601260
38000 831205 557595
38000 853520 576886
38000 855524 577869
38000 851722 578634
38000 851970 571927
38000 865640 585365
38000 857966 580574
38000 854316 578591
38000 857790 583689
38000 861766 579744
38000 823376 556234
38000 848470 572882
38000 850277 570684
38000 723362 487105
38000 855942 575250
38000 851265 577255
38000 860580 573171
38000 846854 569837
38000 862723 579616
38000 849295 574268
38000 847128 570876
38000 849749 574629
38000 851657 570308
38000 861813 579866
38000 850167 568366
38000 856170 578017
38000 848665 571835
38000 841142 567204
38000 864228 584731
38000 872043 583560
38000 848510 571646
38000 850542 572495
38000 867090 578861
38000 855375 579551
38000 865700 580636
38000 850348 572011
38000 868819 585922
38000 851998 570497
38100 861255 583595
38100 848997 569664
38100 872367 589601
38100 868391 584039
38100 843979 567873
38100 848059 573129
38100 858741 582196
38100 852813 580869
38100 851985 575970
38100 857607 585502
38100 835138 558850
38100 858074 582913
38100 843832 565593
38100 839903 566367
38100 847079 573736
38100 864045 581171
38100 846131 574387
38100 870226 589539
38100 852917 579168
38100 858537 580775
38100 839635 562441
38100 847953 577250
38100 841369 568943
38100 850722 576322
38100 840807 568230
38100 730791 487064
38100 859275 579483
38100 845346 568933
38100 857923 572558
38100 849926 572616
38100 881957 598820
38100 880805 592204
38100 864929 589768
38100 854591 581688
38100 850982 571517
38100 843053 561606
38100 877995 592475
38100 861665 588947
38100 842246 566663
38100 844549 564907
38100 861938 587180
38100 859401 577831
38100 868269 581350
38100 862537 584990
38100 860291 586022
38100 853284 578572
38100 868068 574866
38100 844008 570159
38100 860481 583987
38100 839330 566109
38200 861890 581325
38200 866395 582133
38200 848173 571535
38200 877237 598290
38200 850303 566528
38200 875560 590741
38200 854296 581760
38200 864129 585244
38200 871675 583195
38200 865355 589225
38200 844937 565330
38200 860054 583029
38200 883496 602387
38200 881375 595844
38200 864150 589810
38200 866734 588718
38200 854085 579098
38200 873279 597362
38200 841817 562678
38200 848964 577334
38200 724796 489589
38200 874223 592099
38200 880127 593407
38200 825901 555951
38200 878277 596099
38200 868505 581758
38200 862955 591490
38200 864727 589172
38200 826055 555340
38200 861535 587288
38200 856747 583001
38200 853411 581767
38200 859289 573849
38200 866334 588785
38200 722954 486879
38200 861562 580647
38200 868800 587731
38200 877835 595100
38200 853044 574502
38200 840441 566603
38200 868368 587006
38200 857459 576972
38200 865512 589067
38200 866063 590329
38200 873706 594342
38200 846460 564457
38200 853590 580526
38200 868744 588430
38200 857652 586429
38200 863682 579387
38300 864691 579960
38300 856673 579269
38300 856246 578193
38300 878407 600279
38300 860231 583567
38300 853391 571568
38300 713357 479612
38300 848048 574695
38300 862128 586368
38300 872245 588511
38300 876849 588759
38300 870111 585477
38300 707712 473683
38300 855648 580898
38300 855481 577413
38300 862835 584230
38300 855273 579167
38300 848462 568642
38300 859682 586041
38300 856656 579704
38300 846361 570150
38300 876430 592058
38300 864707 586688
38300 847756 570951
38300 852836 573210
38300 859016 583665
38300 864317 581227
38300 865133 583639
38300 892464 604383
38300 866586 584172
38300 858481 582684
38300 878421 592371
38300 848494 571466
38300 854371 582072
38300 883645 593616
38300 834188 564991
38300 873195 589197
38300 871849 591044
38300 854825 579086
38300 850219 578729
38300 866878 588567
38300 863266 582860
38300 879351 597349
38300 859802 586622
38300 883208 598229
38300 875056 586938
38300 851086 576606
38300 849995 578401
38300 851133 578351
38300 876372 592052
38400 877627 590915
38400 874003 592422
38400 877846 593348
38400 868150 587567
38400 880578 592689
38400 853193 576369
38400 878857 598424
38400 884891 606027
38400 860510 579497
38400 877945 596962
38400 874377 592864
38400 879970 592904
38400 838885 558438
38400 890524 600398
38400 723749 482640
38400 875541 594961
38400 855397 582422
38400 872059 593767
38400 864276 583048
38400 865121 585108
38400 868247 593131
38400 878490 595550
38400 867660 587813
38400 860143 585150
38400 865048 591204
38400 853719 579079
38400 876711 595736
38400 872858 593630
38400 865441 580540
38400 842490 567300
38400 856212 582198
38400 883120 599482
38400 856296 583603
38400 870763 584150
38400 872126 593416
38400 887103 603717
38400 875407 591692
38400 862381 589552
38400 869568 588088
38400 748339 497612
38400 870359 580448
38400 869233 590150
38400 878337 594085
38400 867024 582525
38400 858776 584985
38400 872609 589715
38400 871537 598306
38400 876783 590416
38400 871978 591875
38400 873612 592923
38500 883346 598274
38500 869182 584710
38500 883043 586383
38500 866542 588291
38500 882440 590940
38500 852298 568524
38500 869089 587668
38500 870393 587401
38500 871290 586930
38500 838202 564859
38500 849328 571600
38500 858473 581797
38500 851009 571733
38500 877327 595304
38500 858964 579581
38500 856678 578814
38500 873354 587265
38500 836311 560669
38500 859001 583459
38500 864003 587064
38500 868572 583840
38500 888663 594912
38500 858613 575344
38500 858669 581260
38500 862056 581455
38500 726424 481951
38500 864882 588402
38500 852381 577869
38500 741817 488907
38500 867415 581580
38500 848967 571047
38500 855677 576709
38500 862569 581770
38500 818927 548963
38500 864340 583181
38500 881304 597722
38500 884052 599112
38500 849514 573692
38500 866079 579978
38500 883545 595707
38500 858949 580752
38500 858348 577138
38500 855452 579970
38500 889046 603550
38500 857541 577717
38500 869349 588105
38500 881023 592598
38500 873593 588208
38500 850741 571576
38500 875630 593606
38600 858973 581558
38600 854024 579414
38600 875911 593096
38600 892786 603096
38600 871119 589574
38600 856246 574162
38600 856812 575046
38600 863744 584757
38600 862135 586231
38600 883912 599313
38600 731367 491581
38600 861042 588487
38600 714231 476495
38600 848926 569483
38600 855494 567269
38600 887720 598381
38600 865155 586683
38600 866839 588566
38600 873642 593238
38600 870630 586808
38600 869734 588044
38600 851710 578809
38600 847554 570983
38600 875578 595774
38600 870416 585551
38600 870590 593802
38600 872942 587598
38600 871294 591914
38600 850364 570566
38600 866352 588170
38600 878581 597083
38600 729877 489135
38600 885504 600064
38600 878475 597060
38600 865063 582085
38600 855006 582977
38600 868243 585963
38600 869659 586400
38600 852772 573095
38600 863870 585020
38600 862242 578121
38600 882659 599792
38600 868757 590239
38600 872194 594242
38600 879848 596408
38600 862117 579955
38600 881711 592994
38600 858022 581420
38600 893329 605686
38600 864707 584075
38700 885748 591000
38700 870471 591245
38700 866617 583212
38700 863060 584490
38700 849410 569229
38700 874943 592476
38700 908776 620452
38700 877879 598107
38700 885953 603686
38700 881065 597337
38700 875989 591985
38700 885548 598024
38700 893338 606337
38700 851596 574287
38700 894693 609887
38700 889265 607781
38700 868974 592524
38700 891910 605408
38700 863793 582332
38700 862709 585790
38700 863767 585238
38700 887939 600248
38700 881463 595679
38700 877985 596618
38700 854145 579468
38700 867602 589285
38700 838852 556934
38700 873065 590868
38700 864286 584756
38700 887811 604674
38700 876099 593779
38700 866512 585020
38700 880569 596745
38700 872672 590260
38700 887783 605847
38700 894339 604935
38700 875158 590639
38700 883341 601010
38700 870991 589935
38700 874335 598371
38700 881806 597422
38700 898776 605167
38700 886844 599773
38700 868615 586343
38700 869416 583794
38700 864583 588954
38700 869661 589308
38700 873586 594115
38700 853512 572274
38700 879042 595219
38800 872014 589521
38800 892228 603682
38800 880991 593438
38800 874030 587594
38800 872570 586688
38800 872897 593596
38800 867491 589601
38800 878480 597002
38800 872445 594111
38800 869562 590151
38800 860662 587750
38800 870919 589002
38800 880207 591445
38800 872788 588510
38800 865748 585081
38800 876003 598329
38800 881548 594543
38800 867950 582948
38800 857634 573870
38800 876219 591947
38800 889617 597449
38800 873726 590604
38800 898858 609662
38800 857909 579640
38800 888717 601438
38800 887690 596337
38800 857602 572089
38800 869554 587088
38800 862349 582885
38800 872662 586145
38800 878646 593196
38800 866540 588574
38800 876504 596283
38800 886296 600085
38800 865873 584985
38800 874713 589845
38800 880477 591971
38800 880405 594008
38800 879679 590848
38800 873311 592621
38800 885306 600574
38800 877611 586912
38800 874564 596216
38800 876344 593313
38800 873954 588688
38800 886267 596560
38800 868823 592770
38800 867429 582618
38800 881159 596513
38800 866657 584331
38900 862345 580793
38900 897061 606842
38900 878477 596985
38900 880900 592563
38900 885470 606122
38900 873516 590689
38900 870808 585052
38900 888215 592385
38900 891492 607357
38900 873497 589753
38900 897920 611959
38900 869575 584676
38900 859482 581400
38900 877431 597376
38900 879800 591512
38900 886889 593073
38900 866884 588265
38900 885282 598758
38900 875841 597650
38900 905840 618797
38900 881049 590918
38900 874421 594158
38900 872297 592976
38900 878189 587603
38900 867954 587694
38900 897743 610474
38900 883351 595517
38900 890301 604269
38900 874525 592174
38900 881447 598389
38900 872558 589104
38900 887380 602478
38900 885666 592456
38900 900192 614210
38900 869389 582487
38900 892261 606804
38900 884435 598851
38900 867972 588052
38900 863392 582294
38900 865823 587325
38900 881632 593051
38900 878592 591338
38900 886221 594960
38900 898345 610153
38900 878686 593983
38900 893555 603146
38900 874750 591432
38900 869283 591203
38900 881326 598010
38900 858120 581157
39000 888719 596925
39000 861690 580529
39000 873409 591424
39000 872172 590447
39000 858670 575684
39000 867572 584384
39000 887388 597791
39000 888589 598601
39000 859964 579758
39000 864174 583654
39000 897377 604190
39000 869306 580528
39000 888232 595790
39000 866043 576366
39000 879917 596279
39000 865158 583924
39000 868899 584671
39000 877164 589831
39000 878100 589725
39000 872402 593917
39000 890898 598944
39000 886358 598904
39000 882089 595596
39000 885057 600915
39000 869880 589533
39000 872261 581192
39000 890050 595183
39000 879674 589649
39000 875166 586343
39000 889537 598212
39000 853200 578438
39000 861362 582607
39000 882121 598105
39000 888773 591543
39000 867483 590297
39000 870093 583516
39000 863304 586060
39000 876959 595813
39000 885864 590017
39000 913077 616701
39000 873951 593126
39000 864136 587132
39000 880887 589691
39000 873809 587503
39000 868882 585716
39000 839583 563217
39000 888518 600388
39000 852141 569623
39000 890856 601557
39000 873665 583783
39100 875232 591200
39100 896958 600004
39100 912511 620509
39100 904433 607940
39100 854668 577993
39100 893279 602844
39100 890921 605022
39100 899022 608844
39100 870988 586204
39100 893228 603403
39100 887922 599722
39100 893283 601226
39100 891570 603167
39100 861960 578691
39100 893985 608518
39100 886318 601962
39100 886738 599303
39100 914903 618641
39100 896923 605900
39100 887583 592025
39100 869953 590853
39100 873895 593521
39100 874200 583946
39100 876804 590765
39100 852556 570685
39100 876939 595277
39100 904550 604708
39100 907526 609262
39100 885567 603049
39100 869212 583786
39100 876140 591466
39100 898491 603615
39100 898155 603565
39100 865335 582773
39100 881332 596041
39100 860222 580125
39100 880103 598287
39100 888423 603708
39100 886997 593184
39100 894691 603004
39100 883986 601920
39100 880051 596325
39100 902629 607029
39100 873783 592105
39100 861439 578902
39100 904017 614814
39100 876219 589669
39100 865798 579321
39100 873249 589121
39100 867941 586843
39200 915872 621379
39200 879322 590445
39200 915888 618734
39200 891535 602456
39200 872477 582182
39200 877457 589247
39200 912557 614132
39200 877444 595000
39200 887775 597127
39200 888998 605109
39200 905751 616626
39200 864815 582159
39200 886631 602317
39200 873700 586010
39200 912583 617074
39200 889268 603078
39200 883703 592185
39200 895731 611319
39200 873076 589313
39200 887897 595955
39200 863475 582381
39200 876846 592167
39200 877364 595727
39200 872257 591316
39200 863697 574495
39200 897669 609971
39200 876092 595552
39200 884629 604141
39200 895213 605549
39200 909750 620099
39200 877524 593390
39200 881443 597399
39200 900415 604986
39200 890008 600461
39200 894353 603171
39200 912889 618683
39200 895994 603949
39200 898618 608222
39200 897166 609070
39200 895817 605347
39200 871900 582366
39200 894255 596674
39200 879934 592239
39200 904398 604132
39200 895309 610062
39200 876045 597739
39200 886923 599066
39200 893951 606179
39200 888578 597102
39200 889995 601856
39300 882176 597757
39300 879600 592603
39300 891419 599014
39300 879602 594468
39300 873386 588877
39300 875711 589585
39300 727542 484498
39300 884051 600493
39300 891959 605127
39300 894323 599529
39300 892767 606973
39300 878313 598133
39300 879236 591196
39300 886537 597292
39300 889496 603044
39300 916699 622043
39300 880034 595059
39300 877930 594819
39300 892655 609347
39300 865866 578500
39300 878916 588378
39300 869824 584518
39300 875066 589274
39300 885277 601772
39300 896839 609483
39300 882143 595652
39300 873921 585019
39300 866977 586851
39300 908484 610665
39300 880023 591255
39300 901006 612355
39300 878050 592978
39300 890164 601966
39300 742247 491005
39300 877561 594401
39300 879373 595941
39300 910375 615817
39300 880937 599681
39300 881447 591182
39300 865931 587880
39300 916226 622998
39300 865759 579850
39300 899704 606930
39300 877483 594330
39300 873335 590185
39300 890449 602070
39300 894879 606121
39300 886403 595921
39300 863395 582266
39300 865480 582508
39400 899886 611741
39400 890044 606415
39400 899879 609677
39400 927209 628280
39400 894911 607474
39400 892306 598968
39400 901159 612976
39400 884733 596315
39400 878136 593168
39400 901432 617921
39400 898640 607621
39400 900493 606950
39400 906315 609109
39400 893910 601074
39400 894076 603266
39400 883097 597341
39400 890222 604207
39400 880849 597951
39400 894421 611328
39400 900708 611934
39400 892905 607785
39400 912225 620255
39400 919769 625736
39400 903235 606620
39400 900486 616241
39400 900640 611669
39400 903425 615460
39400 904448 612467
39400 921580 624246
39400 888231 605332
39400 884253 601788
39400 903222 610964
39400 882642 604048
39400 887801 604793
39400 886733 599535
39400 904261 614158
39400 906592 618100
39400 882137 594788
39400 910038 620183
39400 897956 610471
39400 877567 591567
39400 895379 607013
39400 902095 609765
39400 898425 606774
39400 892719 599014
39400 901025 609729
39400 887054 605576
39400 881740 593929
39400 902379 607822
39400 890302 605817
39500 867912 584974
39500 887657 589724
39500 862953 576276
39500 891884 599555
39500 729354 479431
39500 878192 593594
39500 906787 608464
39500 893195 604014
39500 893040 601742
39500 887883 596834
39500 883177 595589
39500 885431 592905
39500 897788 604999
39500 879304 590100
39500 924922 626233
39500 890883 606394
39500 893612 602274
39500 874195 589764
39500 881334 597689
39500 881419 592738
39500 894059 599484
39500 886798 595136
39500 883281 594940
39500 858912 573258
39500 885034 595356
39500 908728 611632
39500 864827 582133
39500 891647 597380
39500 875283 584833
39500 884627 597064
39500 894882 597208
39500 884176 594745
39500 898196 606682
39500 911252 610496
39500 907912 612027
39500 879061 593308
39500 873794 587195
39500 757316 507470
39500 900377 607204
39500 878849 593951
39500 912881 623709
39500 915123 617952
39500 872034 582433
39500 875347 594737
39500 889678 606008
39500 728679 486664
39500 902928 610441
39500 878170 595210
39500 887649 601720
39500 869739 582373
39600 887583 601932
39600 883033 596540
39600 865511 578278
39600 881911 592515
39600 901654 611425
39600 882007 590941
39600 896657 611039
39600 895727 610390
39600 870256 591283
39600 886863 596814
39600 888917 600782
39600 897802 605597
39600 891905 598454
39600 908631 610883
39600 904454 608453
39600 916086 619553
39600 908444 619610
39600 904602 617489
39600 888637 599422
39600 882447 597414
39600 882820 596748
39600 879232 587553
39600 905867 603624
39600 905226 615098
39600 936097 631637
39600 911333 618366
39600 907662 602426
39600 910069 619593
39600 883760 597374
39600 867566 584246
39600 898771 605808
39600 884608 596106
39600 890073 600653
39600 893347 599446
39600 901137 610307
39600 888333 598510
39600 888850 604651
39600 887197 598713
39600 919888 619407
39600 894463 601890
39600 898558 601172
39600 888279 601371
39600 880306 590178
39600 893221 599693
39600 915916 619612
39600 874068 588902
39600 891795 606018
39600 895567 600175
39600 897076 610285
39600 887530 599210
39700 884688 601754
39700 764034 504479
39700 894632 609719
39700 902738 606693
39700 900770 609495
39700 900778 607215
39700 884564 596937
39700 892432 601268
39700 883474 597698
39700 882908 598157
39700 886663 593438
39700 905263 613074
39700 904995 614615
39700 915019 614599
39700 889990 596815
39700 749014 504845
39700 917559 619160
39700 900551 611632
39700 903447 610713
39700 887225 599700
39700 913482 619043
39700 901016 609589
39700 911369 614155
39700 902466 605921
39700 918384 620324
39700 873041 590997
39700 881725 596436
39700 904592 606741
39700 898551 610763
39700 887280 598768
39700 864208 576912
39700 884073 597106
39700 909218 616955
39700 899626 614795
39700 923959 621856
39700 912080 614569
39700 892650 601189
39700 881213 589038
39700 883306 599069
39700 902299 613954
39700 881604 594145
39700 879686 590546
39700 877716 591996
39700 919455 622456
39700 921643 622145
39700 904627 618903
39700 914083 621621
39700 883836 601322
39700 902906 609893
39700 906719 614974
39800 912180 613977
39800 885550 599268
39800 905386 618237
39800 903408 608220
39800 909864 615451
39800 897104 607487
39800 738723 496063
39800 897277 607340
39800 903203 611459
39800 877521 587641
39800 749716 505568
39800 908709 616593
39800 908766 612282
39800 912561 614832
39800 892197 605108
39800 915187 619504
39800 897655 603778
39800 900826 610950
39800 907853 608678
39800 901518 611902
39800 897295 605203
39800 915803 620806
39800 902457 602953
39800 888541 599792
39800 892007 601627
39800 903691 617249
39800 902075 610683
39800 898714 607039
39800 877672 589341
39800 915555 620963
39800 921497 617364
39800 898732 605507
39800 881511 596885
39800 902407 608258
39800 895470 607196
39800 917048 626008
39800 915252 619168
39800 877704 587805
39800 882152 587818
39800 755373 509935
39800 883386 596813
39800 910779 617524
39800 901592 612156
39800 923128 628093
39800 899180 605524
39800 901811 611456
39800 880865 597808
39800 899520 604484
39800 893934 600070
39800 878375 598543
39900 896777 606546
39900 928350 633825
39900 895964 609319
39900 886227 592792
39900 918080 624289
39900 893351 604233
39900 906676 613301
39900 880766 592680
39900 914081 612396
39900 908930 620621
39900 898843 613022
39900 909984 619588
39900 924097 629603
39900 927594 627270
39900 753837 501846
39900 898671 616347
39900 748374 504596
39900 907980 612807
39900 914396 612504
39900 921622 620497
39900 910053 609688
39900 885971 597851
39900 895655 610899
39900 904403 613616
39900 882937 597573
39900 899705 603395
39900 898095 611259
39900 896744 603916
39900 921559 617296
39900 903822 613025
39900 908877 612460
39900 911974 615966
39900 917768 624984
39900 912054 616662
39900 907164 616986
39900 905492 616444
39900 906979 613851
39900 897984 602709
39900 894889 602176
39900 915816 623468
39900 893849 599254
39900 912670 621766
39900 907055 614967
39900 901432 612110
39900 886907 598563
39900 910625 616147
39900 925114 624411
39900 903221 618380
39900 905265 618651
39900 923632 623364
40000 891979 600550
40000 895690 603465
40000 887239 603757
40000 902017 608628
40000 897400 606465
40000 903849 612932
40000 899913 609611
40000 901591 600619
40000 896503 608309
40000 902941 609116
40000 745962 498903
40000 883753 595259
40000 880330 594408
40000 929417 627706
40000 897683 599208
40000 901222 606130
40000 895296 601426
40000 903147 611890
40000 893075 605311
40000 907303 613000
40000 909126 616868
40000 900857 611686
40000 896587 603553
40000 893663 601917
40000 891749 594014
40000 903040 610714
40000 881773 589045
40000 772498 515529
40000 891073 606612
40000 904664 607130
40000 902953 611982
40000 756297 508086
40000 896099 603610
40000 914725 614376
40000 898377 604961
40000 884888 590330
40000 898820 610052
40000 903885 614104
40000 764992 509648
40000 911549 609416
40000 911800 612601
40000 880183 586783
40000 887591 600148
40000 876121 583653
40000 902662 603552
40000 894318 597568
40000 889431 597627
40000 892534 597772
40000 900192 610362
40000 912824 617622
40100 878497 589043
40100 900037 612872
40100 907812 611155
40100 913109 622013
40100 902198 611131
40100 911109 616499
40100 905186 612618
40100 900829 609542
40100 890027 601124
40100 888609 598955
40100 914445 618066
40100 917527 618858
40100 905285 607629
40100 905175 605694
40100 918007 619548
40100 894933 609604
40100 893258 604278
40100 746802 497479
40100 883883 593491
40100 903111 606791
40100 895026 607617
40100 910799 616370
40100 774026 520378
40100 907708 607813
40100 916843 616502
40100 891148 603131
40100 898949 612145
40100 743072 496690
40100 896540 599835
40100 891591 602560
40100 914244 616056
40100 890411 601543
40100 879081 587542
40100 900358 615012
40100 889524 600045
40100 918508 618644
40100 894198 601394
40100 887099 599837
40100 903271 613516
40100 896998 609090
40100 900947 613543
40100 913586 618853
40100 910948 613170
40100 866939 580149
40100 891242 592287
40100 897515 603869
40100 897842 607602
40100 906919 616853
40100 769258 515579
40100 891768 605205
40200 905037 612495
40200 899016 611967
40200 900845 611434
40200 907838 617668
40200 903953 610356
40200 905367 612523
40200 880579 590148
40200 905785 617414
40200 886501 599645
40200 907950 617315
40200 903245 614275
40200 905048 619225
40200 906226 611078
40200 890716 599599
40200 913430 620386
40200 922730 623588
40200 911952 618924
40200 904253 604877
40200 918330 626054
40200 901988 615246
40200 755189 509111
40200 915241 622806
40200 889047 604971
40200 903234 617443
40200 921360 617906
40200 904971 612800
40200 899905 607213
40200 920538 622834
40200 903080 607815
40200 908269 613950
40200 902465 615479
40200 898382 606053
40200 778046 520051
40200 913931 612007
40200 902792 607918
40200 924267 628317
40200 910791 620870
40200 901110 614268
40200 756778 505731
40200 913463 620331
40200 881442 585442
40200 925800 626913
40200 917387 619638
40200 928899 632160
40200 909772 622639
40200 907177 616637
40200 767221 517306
40200 911113 618847
40200 921414 620016
40200 913818 622187
40300 896092 603476
40300 889355 597827
40300 897468 607216
40300 893131 603081
40300 909982 614324
40300 912609 612181
40300 891581 602460
40300 904050 612983
40300 904625 610418
40300 883861 593991
40300 883793 589933
40300 881845 592593
40300 907945 613680
40300 916476 620054
40300 901057 606279
40300 914634 622586
40300 910947 615004
40300 908418 606738
40300 903776 609707
40300 889265 599779
40300 935444 641913
40300 887441 598804
40300 916836 619569
40300 885000 599178
40300 920597 620436
40300 905383 613114
40300 894249 591646
40300 930999 629224
40300 913280 608985
40300 924371 625744
40300 917395 623099
40300 917846 619433
40300 936165 628252
40300 932532 634927
40300 904772 611751
40300 919532 619216
40300 901929 613136
40300 929073 630591
40300 910908 618447
40300 917307 622861
40300 895125 602234
40300 897231 608776
40300 902941 608699
40300 910540 612990
40300 897985 610426
40300 909852 616215
40300 907898 612046
40300 912065 613985
40300 916091 616361
40300 900153 613455
40400 911070 618749
40400 917246 614131
40400 922876 624222
40400 773043 514575
40400 923132 625516
40400 916894 622309
40400 912050 610052
40400 926479 630668
40400 921049 623317
40400 940753 633451
40400 943526 636766
40400 900962 605958
40400 924546 625836
40400 920815 620430
40400 924692 628565
40400 901006 614566
40400 937026 632135
40400 926440 626674
40400 900767 612666
40400 933035 634888
40400 892536 601211
40400 906262 616583
40400 912284 624787
40400 919686 622795
40400 922571 621484
40400 908770 612438
40400 919901 625237
40400 901311 608118
40400 907972 617071
40400 917876 626324
40400 771151 520577
40400 913155 617458
40400 921370 621586
40400 935846 632750
40400 916801 617435
40400 918062 622474
40400 917668 623000
40400 913187 618380
40400 918764 627011
40400 881418 595076
40400 948070 642645
40400 923890 632113
40400 910556 620847
40400 895206 612516
40400 920831 628779
40400 931720 631548
40400 941966 636279
40400 912001 614953
40400 884755 594112
40400 928043 627506
40500 894748 607323
40500 902602 610729
40500 918896 620880
40500 912491 613256
40500 923340 623150
40500 929134 630377
40500 921969 625366
40500 929042 623651
40500 926207 626135
40500 930635 622144
40500 910662 608780
40500 935220 626115
40500 900621 606513
40500 903003 609033
40500 910189 616755
40500 918853 610928
40500 770550 515790
40500 920662 619545
40500 890419 599633
40500 906840 613879
40500 892183 601720
40500 899833 610337
40500 906117 620191
40500 909785 617417
40500 876200 587888
40500 922848 616074
40500 907033 611613
40500 892820 597958
40500 760625 510518
40500 896519 605443
40500 902287 610352
40500 897953 602834
40500 912160 614291
40500 897100 604718
40500 898595 601304
40500 915043 621242
40500 929327 629901
40500 922388 625246
40500 898912 611382
40500 903234 615173
40500 934413 630762
40500 925288 628583
40500 899650 605032
40500 915911 617603
40500 916778 617246
40500 911631 616010
40500 908728 615363
40500 909714 608283
40500 918826 619050
40500 908408 610987
40600 925213 629727
40600 945949 636479
40600 914670 616776
40600 920309 624999
40600 931581 625955
40600 915339 618116
40600 907484 617771
40600 921596 621036
40600 928687 629442
40600 917089 618314
40600 936185 630397
40600 932630 635356
40600 913838 620807
40600 905078 611382
40600 930766 623228
40600 923324 624545
40600 890294 593671
40600 913309 609816
40600 915403 621483
40600 916444 623192
40600 914568 613808
40600 927602 619532
40600 913166 620167
40600 922511 617732
40600 920373 621796
40600 925878 627377
40600 911697 617895
40600 897338 611209
40600 920149 620601
40600 912441 622431
40600 908008 617359
40600 911316 611586
40600 913713 616242
40600 904720 611688
40600 932930 634399
40600 918222 626047
40600 913665 617579
40600 901578 608503
40600 945746 635543
40600 901993 608848
40600 930643 631601
40600 936230 638701
40600 916400 620602
40600 901188 598012
40600 912856 621330
40600 913038 617000
40600 909839 621147
40600 921622 624575
40600 916647 617533
40600 912132 619487
40700 906244 608266
40700 768685 516892
40700 921443 626287
40700 922089 628142
40700 906520 609358
40700 936528 631023
40700 901191 603173
40700 894511 602456
40700 941359 636003
40700 929234 627600
40700 923617 619267
40700 914492 620403
40700 917023 624253
40700 951567 643592
40700 908216 614543
40700 924597 623239
40700 923160 619786
40700 925422 616974
40700 919573 623246
40700 914412 615690
40700 929263 628256
40700 910305 615816
40700 927300 628038
40700 913647 619735
40700 922612 623995
40700 916607 621817
40700 921692 620063
40700 919699 623862
40700 919890 622913
40700 943343 636733
40700 915124 620383
40700 917850 622168
40700 924889 630906
40700 907820 613272
40700 929550 630134
40700 951937 641534
40700 935828 628550
40700 912684 617233
40700 892406 600900
40700 921923 628731
40700 909985 617331
40700 920375 620066
40700 929004 627791
40700 941378 631571
40700 908957 619630
40700 930077 629867
40700 902322 607829
40700 900818 602935
40700 930746 632164
40700 906250 613367
40800 755099 506003
40800 938906 630672
40800 913116 618222
40800 942739 640313
40800 918379 623392
40800 916875 624076
40800 936383 632404
40800 911600 612079
40800 914476 622858
40800 927797 626820
40800 934352 632487
40800 918094 625709
40800 908267 605989
40800 912164 617152
40800 928087 631225
40800 930169 631825
40800 943370 638045
40800 915552 617861
40800 927303 626126
40800 913370 612877
40800 927468 623972
40800 901417 606313
40800 922127 627764
40800 904409 610254
40800 898237 606374
40800 918686 615003
40800 927345 628626
40800 913980 618703
40800 922603 619326
40800 919937 621453
40800 927054 633774
40800 916687 617122
40800 914216 621316
40800 899581 606430
40800 936462 637721
40800 939603 632545
40800 755613 507561
40800 916850 616334
40800 919866 630815
40800 912376 622229
40800 933817 628097
40800 917676 625931
40800 926111 634516
40800 923472 617918
40800 929166 622360
40800 918450 620169
40800 912249 617206
40800 923839 627590
40800 914985 621545
40800 915260 621563
40900 933198 637613
40900 944092 641621
40900 939723 633508
40900 935881 637341
40900 932476 631440
40900 937735 632039
40900 927648 632877
40900 917390 625919
40900 918074 626712
40900 918182 617281
40900 945246 632455
40900 926341 627804
40900 940935 637179
40900 936837 637860
40900 927980 635969
40900 934929 639138
40900 912128 613050
40900 905871 610964
40900 938780 632985
40900 922452 623489
40900 938024 634469
40900 940514 635208
40900 919618 621359
40900 926411 625592
40900 923649 624619
40900 942081 634851
40900 917477 622198
40900 945042 641091
40900 941460 637224
40900 924293 619214
40900 909244 612464
40900 917432 621107
40900 918720 626210
40900 923276 631088
40900 918729 623171
40900 939624 641925
40900 944736 641025
40900 924725 621943
40900 932535 633106
40900 935742 629873
40900 929663 632329
40900 927629 630105
40900 921763 626105
40900 933801 630407
40900 958421 644391
40900 925381 619823
40900 910593 612661
40900 930082 629008
40900 912980 618446
40900 943398 643133
41000 897525 605129
41000 772771 511590
41000 916969 617117
41000 920375 623408
41000 895075 600424
41000 930359 622653
41000 911383 614495
41000 927547 629926
41000 926109 626086
41000 930039 630043
41000 914354 613661
41000 880286 589284
41000 891285 593530
41000 916588 613918
41000 941951 634691
41000 923063 624811
41000 931805 627355
41000 916273 612186
41000 926014 627254
41000 918260 616564
41000 917853 625717
41000 931191 635498
41000 917120 617600
41000 924121 626964
41000 790322 526355
41000 923422 625665
41000 932871 625411
41000 929320 627100
41000 910068 607992
41000 916822 618860
41000 926515 622494
41000 906767 605110
41000 930436 626284
41000 912880 609501
41000 919240 610858
41000 932868 623634
41000 942666 634538
41000 918203 626031
41000 900626 602286
41000 930079 627111
41000 770809 516544
41000 921505 622096
41000 915588 623809
41000 922004 622435
41000 772177 520694
41000 913822 612382
41000 918851 621229
41000 911660 619582
41000 925754 624996
41000 764745 511444
41100 931051 631391
41100 917462 625190
41100 924586 618442
41100 922426 626463
41100 924841 621702
41100 923961 623839
41100 943307 642583
41100 926394 623792
41100 950120 643017
41100 916439 613506
41100 919946 615463
41100 912188 617992
41100 918662 622401
41100 934234 638302
41100 934390 635391
41100 943008 640771
41100 914905 609788
41100 922217 618419
41100 922482 628507
41100 935808 633111
41100 924078 626130
41100 927194 626042
41100 924375 625316
41100 906782 614329
41100 945912 638318
41100 925591 627006
41100 932128 631628
41100 931570 619432
41100 895901 597041
41100 906851 599895
41100 921493 626840
41100 907292 611905
41100 930253 625674
41100 913261 618417
41100 918115 620746
41100 902760 608688
41100 911392 606057
41100 929152 619747
41100 912046 617261
41100 918091 623380
41100 906552 618031
41100 924192 626942
41100 930425 627689
41100 937436 634234
41100 948855 640648
41100 946962 647221
41100 915132 618976
41100 916376 615916
41100 907770 613464
41100 906440 611181
41200 937586 627775
41200 923855 623656
41200 913555 616564
41200 895175 601619
41200 920565 623008
41200 914827 618529
41200 921130 627022
41200 912327 621005
41200 929618 631368
41200 925051 616135
41200 931187 633423
41200 945435 637647
41200 918391 627832
41200 935391 626125
41200 921922 623211
41200 917554 622960
41200 916581 611694
41200 938334 634403
41200 919645 616564
41200 923268 626306
41200 927496 631653
41200 914365 618644
41200 922115 627623
41200 933381 633615
41200 925354 622448
41200 940312 629733
41200 904526 610170
41200 934048 628414
41200 937504 630697
41200 949822 645250
41200 926888 624009
41200 907494 604424
41200 913332 618541
41200 934712 632120
41200 929822 626975
41200 786016 531358
41200 930618 625281
41200 796016 534848
41200 927831 620279
41200 946854 636623
41200 948090 640492
41200 917447 618874
41200 926432 631980
41200 931261 631513
41200 926287 629446
41200 930133 633062
41200 920630 624719
41200 937875 632509
41200 937540 636577
41200 922494 628572
41300 908498 612780
41300 773621 517333
41300 931312 634115
41300 916667 618611
41300 917540 622689
41300 931465 628413
41300 920158 622580
41300 953837 647379
41300 785621 521541
41300 910485 619236
41300 949886 645303
41300 924264 622808
41300 929434 630665
41300 913083 618081
41300 921026 625159
41300 928639 628200
41300 791644 529335
41300 929040 625859
41300 924326 628678
41300 939919 634989
41300 929975 632513
41300 959181 640806
41300 925354 615551
41300 937463 626161
41300 953201 642779
41300 915993 623761
41300 931508 634768
41300 922799 620445
41300 933114 627388
41300 916052 611444
41300 892338 597505
41300 929068 628358
41300 926238 621471
41300 950730 645205
41300 929100 624450
41300 919218 622560
41300 935396 638988
41300 927156 629382
41300 910918 613434
41300 931381 625994
41300 923358 624832
41300 939688 631867
41300 916155 616170
41300 909694 608929
41300 913925 615429
41300 941767 636384
41300 956858 646992
41300 913100 614896
41300 955423 645294
41300 948938 644177
41400 939283 639149
41400 935595 629075
41400 930218 633268
41400 950813 647642
41400 967342 653783
41400 943216 640495
41400 946060 637213
41400 928317 630116
41400 967810 655489
41400 939617 639015
41400 795221 535423
41400 952673 637191
41400 930338 630299
41400 967046 656516
41400 962633 655933
41400 907225 608459
41400 945759 644107
41400 938102 643743
41400 942157 629398
41400 939567 641797
41400 940542 636649
41400 921052 623066
41400 949941 636099
41400 930033 632862
41400 944937 633888
41400 933930 629526
41400 930553 625670
41400 949266 642413
41400 935359 631245
41400 948291 645292
41400 955822 646983
41400 947863 645403
41400 942563 640681
41400 940680 635241
41400 956892 652611
41400 942348 642150
41400 955470 637604
41400 945554 645382
41400 915665 619480
41400 918729 623110
41400 947653 643354
41400 928804 632302
41400 911288 617276
41400 967715 650599
41400 917423 626004
41400 933479 633228
41400 947181 639705
41400 929038 632439
41400 926307 626531
41400 952841 642908
41500 939583 631096
41500 936473 628603
41500 916080 615863
41500 944736 635971
41500 966860 651029
41500 928999 619248
41500 959945 645175
41500 903738 603000
41500 964278 652710
41500 927800 633311
41500 948650 640382
41500 904852 608178
41500 936310 632812
41500 924313 625826
41500 944535 636673
41500 925938 627868
41500 929531 626885
41500 940884 630626
41500 917239 614185
41500 928120 612755
41500 928670 628645
41500 922824 620971
41500 925103 620528
41500 947110 629766
41500 944918 640208
41500 926182 624216
41500 933748 634058
41500 919480 622700
41500 954302 648273
41500 928215 622907
41500 928067 625480
41500 920428 623324
41500 787682 527100
41500 934646 632567
41500 953998 644429
41500 931697 628815
41500 907277 608859
41500 952201 640356
41500 923611 619213
41500 957223 646075
41500 919153 626281
41500 929287 631324
41500 914518 611445
41500 931889 636443
41500 923320 624065
41500 927765 629688
41500 932530 630631
41500 954327 642978
41500 950049 643073
41500 796312 534268
41600 954786 640359
41600 947317 642988
41600 927987 630234
41600 939070 637435
41600 938320 630999
41600 942207 640352
41600 939428 641966
41600 913131 609050
41600 810840 538527
41600 960755 646339
41600 939482 633946
41600 776534 519567
41600 945712 638355
41600 941848 632630
41600 930138 628516
41600 940133 633885
41600 931718 633031
41600 932894 631792
41600 926017 625771
41600 947603 637970
41600 943384 635558
41600 946736 644150
41600 956623 645190
41600 920818 624418
41600 932914 630876
41600 947420 638800
41600 932122 623941
41600 945763 637110
41600 933717 631807
41600 941700 639993
41600 944299 641527
41600 941191 640923
41600 934059 631475
41600 951815 639131
41600 946527 639851
41600 952411 647946
41600 944829 632044
41600 930894 628367
41600 954195 649186
41600 933575 629428
41600 945584 634149
41600 940380 641318
41600 937731 630696
41600 923602 627160
41600 953072 643243
41600 924146 623153
41600 955498 641705
41600 906240 609786
41600 950532 636040
41600 954682 640023
41700 945795 638138
41700 949787 638666
41700 976677 657334
41700 933622 631936
41700 965578 650547
41700 937835 634271
41700 949146 645826
41700 953276 645020
41700 937192 636309
41700 943575 633768
41700 936885 629489
41700 950812 642574
41700 943870 641747
41700 933660 636108
41700 932173 631870
41700 925572 616436
41700 955468 650129
41700 964272 651362
41700 937118 626252
41700 940905 641345
41700 961140 649791
41700 933321 628672
41700 958459 648700
41700 771272 514050
41700 957640 647042
41700 928663 627288
41700 936283 637261
41700 942345 639704
41700 942297 634231
41700 937352 631869
41700 929350 626333
41700 955168 647062
41700 804577 536193
41700 950839 643508
41700 942854 634799
41700 974625 661850
41700 953023 648845
41700 950874 649729
41700 934006 630971
41700 940732 638137
41700 948091 649448
41700 938330 642366
41700 919802 622382
41700 950462 635244
41700 943485 642909
41700 947723 640457
41700 963134 656570
41700 952904 643487
41700 959812 649785
41700 936711 635297
41800 926268 626813
41800 945088 636845
41800 946520 637724
41800 936882 632313
41800 948434 645635
41800 948112 644373
41800 940991 634972
41800 952278 646134
41800 775891 520730
41800 961613 652308
41800 944294 638500
41800 941765 631577
41800 950463 641461
41800 936251 628914
41800 942403 641529
41800 929389 624506
41800 933933 624671
41800 929952 630207
41800 947617 643391
41800 933532 624018
41800 934986 636688
41800 941393 630909
41800 933071 636795
41800 973457 660897
41800 955448 651220
41800 939655 629951
41800 943558 633068
41800 973700 659880
41800 944939 637983
41800 940634 632354
41800 929458 626056
41800 947350 639940
41800 942758 645620
41800 939271 633047
41800 966938 657094
41800 937912 638746
41800 928861 631347
41800 967462 657576
41800 959510 652874
41800 949134 632428
41800 943749 632928
41800 934854 636229
41800 938850 630224
41800 919392 616247
41800 939774 630897
41800 962988 650612
41800 947099 633213
41800 944478 637979
41800 951934 647928
41800 929664 632244
41900 950108 642014
41900 966162 657965
41900 940530 643553
41900 958815 651077
41900 955801 645629
41900 954350 642758
41900 963218 646606
41900 938240 636685
41900 952663 652083
41900 935514 638927
41900 941943 641718
41900 944910 638425
41900 958677 650733
41900 948300 641798
41900 968026 656061
41900 965617 657318
41900 961515 653346
41900 955590 648516
41900 976267 662376
41900 962587 647508
41900 964250 655162
41900 954449 652283
41900 965799 658488
41900 944786 635663
41900 944653 637198
41900 932365 628752
41900 950029 645274
41900 950601 643186
41900 967891 656051
41900 940234 640421
41900 965610 657311
41900 962039 642270
41900 962829 654482
41900 972432 656602
41900 965802 653618
41900 937336 625150
41900 947720 635536
41900 948918 648734
41900 966394 651125
41900 949514 643997
41900 802756 536138
41900 955586 650776
41900 949608 643117
41900 951811 646818
41900 947551 638404
41900 940624 634565
41900 921108 625210
41900 805492 545621
41900 951661 643474
41900 943302 639772
42000 950499 637070
42000 940949 633144
42000 939355 635438
42000 943496 641222
42000 933285 624452
42000 946022 636652
42000 945693 637571
42000 956727 644569
42000 969478 655911
42000 948375 645325
42000 939942 638744
42000 942312 634813
42000 929443 627038
42000 973791 657406
42000 949373 646275
42000 963876 653960
42000 953438 645266
42000 963065 643930
42000 938179 632660
42000 947225 639975
42000 952320 648832
42000 949785 643650
42000 930890 621008
42000 942728 633656
42000 931119 625942
42000 950685 639422
42000 943936 635814
42000 945597 640211
42000 946948 644799
42000 965630 649525
42000 951236 639343
42000 922813 610320
42000 943714 639757
42000 927691 616900
42000 960116 648612
42000 940017 631885
42000 949796 641065
42000 937273 624260
42000 970240 648930
42000 970647 655169
42000 938667 628684
42000 903922 611792
42000 967243 651375
42000 960509 653086
42000 938847 633349
42000 958082 647786
42000 968030 655567
42000 928898 617118
42000 948061 639894
42000 951212 648386
42100 963805 643059
42100 950724 642091
42100 943755 641798
42100 945024 632633
42100 961443 645985
42100 950175 641999
42100 946449 637830
42100 950253 637009
42100 970191 656711
42100 944633 641733
42100 946145 643805
42100 960819 648045
42100 968986 653148
42100 964343 647693
42100 963513 651372
42100 951608 640267
42100 945985 644364
42100 937325 633460
42100 949635 640590
42100 959337 637943
42100 947407 640757
42100 941456 638270
42100 981650 664159
42100 969526 654993
42100 916601 615614
42100 969024 654867
42100 946782 631272
42100 950366 649144
42100 917245 612173
42100 962609 655556
42100 949850 642009
42100 949633 645662
42100 945436 639515
42100 936921 633246
42100 964452 654816
42100 962811 652797
42100 981564 663259
42100 948587 646571
42100 940580 635691
42100 954230 646743
42100 952625 649002
42100 949400 637764
42100 817438 549836
42100 982856 666374
42100 932265 626438
42100 937043 637266
42100 935790 627548
42100 959715 653299
42100 964781 656497
42100 944618 635068
42200 953781 644682
42200 947563 633404
42200 969666 658434
42200 949771 642897
42200 941730 641494
42200 965654 660178
42200 954260 652632
42200 951449 649740
42200 984778 668098
42200 953867 648003
42200 940454 634452
42200 964367 652948
42200 963871 652383
42200 962315 651727
42200 804225 539582
42200 956293 649888
42200 947730 642219
42200 964191 650035
42200 974690 658659
42200 955542 645679
42200 962018 651687
42200 972979 655555
42200 949332 644822
42200 933810 624146
42200 936828 630623
42200 970708 658368
42200 945543 640523
42200 967417 654798
42200 958063 648381
42200 971716 660512
42200 958746 653145
42200 798540 530423
42200 940961 640597
42200 966582 655306
42200 967812 656111
42200 945583 638977
42200 981887 663450
42200 966211 650063
42200 963785 646151
42200 966376 651131
42200 981163 659428
42200 966025 649494
42200 950189 640378
42200 954998 648496
42200 934979 632411
42200 950904 640872
42200 988999 671054
42200 809977 544237
42200 955051 645675
42200 947169 636176
42300 943642 634033
42300 929478 621706
42300 946263 642395
42300 959616 647257
42300 973934 656211
42300 939890 630117
42300 977979 657799
42300 954038 642271
42300 952403 649661
42300 951400 642187
42300 940397 640795
42300 950114 641601
42300 953414 648388
42300 948770 646376
42300 952438 647845
42300 956161 641703
42300 954537 648596
42300 966908 652321
42300 978152 654498
42300 952497 642022
42300 965375 650280
42300 947930 637521
42300 961067 639818
42300 957029 649110
42300 951608 644208
42300 952214 645794
42300 948876 645505
42300 955145 643717
42300 940142 631780
42300 958539 650236
42300 962752 650662
42300 948710 637948
42300 964470 648321
42300 971340 659306
42300 949705 648607
42300 963526 639748
42300 955540 651260
42300 946387 638548
42300 949365 638108
42300 945748 634985
42300 950664 648965
42300 939800 636550
42300 946747 638836
42300 947874 639313
42300 938801 640077
42300 941962 636750
42300 818647 550431
42300 957627 651227
42300 962778 643293
42300 928334 623701
42400 961443 656632
42400 977791 664601
42400 960793 654186
42400 970160 656628
42400 952332 647043
42400 953492 649661
42400 946313 642466
42400 981694 663474
42400 946324 638419
42400 956036 656631
42400 958430 647431
42400 966356 654156
42400 961932 655630
42400 984609 666213
42400 958271 652282
42400 970179 659045
42400 955063 648079
42400 974413 656661
42400 967593 656914
42400 947753 639068
42400 993269 672742
42400 977946 660806
42400 956827 647060
42400 956717 652840
42400 948875 637311
42400 975298 660299
42400 951832 642443
42400 970344 660487
42400 954159 646988
42400 990645 670772
42400 959646 647459
42400 951027 649586
42400 977318 662642
42400 971955 659251
42400 972788 660338
42400 964644 650213
42400 1006161 679614
42400 982827 671680
42400 968949 656421
42400 955233 649604
42400 975017 661900
42400 968910 658349
42400 963945 657412
42400 951394 646096
42400 972317 664678
42400 963551 652254
42400 966240 656545
42400 948814 641046
42400 953625 646630
42400 969140 656191
42500 800895 539693
42500 941648 636613
42500 962961 643361
42500 944394 640699
42500 964042 644112
42500 804525 536133
42500 956048 640316
42500 947760 639444
42500 957590 650058
42500 944627 639249
42500 953326 638525
42500 959878 649449
42500 947008 640470
42500 956715 650820
42500 939813 635698
42500 938565 632492
42500 950175 645445
42500 959974 649567
42500 958145 651243
42500 957415 647454
42500 939663 627165
42500 965891 655161
42500 941429 631324
42500 945614 633882
42500 942215 635289
42500 972088 655621
42500 956289 651586
42500 957018 649710
42500 960731 642964
42500 943809 639026
42500 960956 647231
42500 949786 647046
42500 951296 647609
42500 966383 651441
42500 986524 657789
42500 941680 629816
42500 936699 624570
42500 942288 636689
42500 968793 648001
42500 965144 647719
42500 946577 638068
42500 945925 632394
42500 936439 628299
42500 972314 657767
42500 937554 632074
42500 964374 650985
42500 963191 647274
42500 969857 658986
42500 955387 642391
42500 957302 643208
42600 967730 650186
42600 972171 659849
42600 995566 672957
42600 966694 653154
42600 954711 646206
42600 956457 654651
42600 969734 649027
42600 966646 645903
42600 947691 635070
42600 972648 653310
42600 945454 637378
42600 982871 667279
42600 924506 622612
42600 961038 644571
42600 944764 633286
42600 962920 654762
42600 955045 649537
42600 976331 663110
42600 944610 642261
42600 933037 628700
42600 945497 640002
42600 966742 651988
42600 965483 650207
42600 955413 635550
42600 977427 663797
42600 974695 655722
42600 951715 646718
42600 951953 648006
42600 962587 651203
42600 956192 646934
42600 993734 667477
42600 964502 650056
42600 822014 546713
42600 794845 533373
42600 980242 661885
42600 967618 644072
42600 956686 649036
42600 960856 649262
42600 954393 648005
42600 980686 653267
42600 961033 646087
42600 986304 666416
42600 798785 535352
42600 984331 659590
42600 964661 652164
42600 979238 660920
42600 969353 657979
42600 970522 655982
42600 968955 649434
42600 938950 629143
42700 956745 636001
42700 982127 658835
42700 970080 661455
42700 960676 650992
42700 963840 648689
42700 977992 666635
42700 928995 631240
42700 968937 656957
42700 968459 647693
42700 988069 667289
42700 961170 643592
42700 809205 544702
42700 976936 663372
42700 974471 654381
42700 945013 640247
42700 952592 634822
42700 980695 663348
42700 976823 665867
42700 963799 646536
42700 947125 640942
42700 969528 656630
42700 969501 658424
42700 956639 642217
42700 952829 646905
42700 955971 645481
42700 965067 649959
42700 990410 675254
42700 953046 640460
42700 969698 658167
42700 980681 665653
42700 964781 651093
42700 959126 646572
42700 947746 637656
42700 957908 646708
42700 958962 651999
42700 966801 654647
42700 981845 664976
42700 987388 666941
42700 808582 540673
42700 967725 657876
42700 963540 652160
42700 993419 664979
42700 968840 661024
42700 983702 656320
42700 994928 679332
42700 980896 660681
42700 950844 640895
42700 982925 657662
42700 966602 653267
42700 964215 649516
42800 971530 659231
42800 932521 627285
42800 973278 657639
42800 969592 659626
42800 954402 642485
42800 970127 653449
42800 952871 642314
42800 948283 631480
42800 965799 653170
42800 950102 643472
42800 978243 654467
42800 952546 640159
42800 944967 633527
42800 948864 642522
42800 979263 660326
42800 965216 646389
42800 944812 634208
42800 946664 641411
42800 967172 649715
42800 966057 652311
42800 955111 643446
42800 958570 647919
42800 967702 645003
42800 960521 648127
42800 953856 641396
42800 956800 650634
42800 961560 645287
42800 971895 657969
42800 973081 660531
42800 989958 671919
42800 965610 655947
42800 971979 660049
42800 951011 645135
42800 959689 654846
42800 980164 668067
42800 972424 658765
42800 976525 665797
42800 972585 657483
42800 946094 643327
42800 948568 639326
42800 810574 547458
42800 941518 631122
42800 962498 656083
42800 961262 653174
42800 958853 648581
42800 957705 645401
42800 957213 652508
42800 965357 646986
42800 945797 640243
42800 952488 644166
42900 1008002 682518
42900 969087 654497
42900 972361 655338
42900 984391 667887
42900 980371 665498
42900 983543 664464
42900 965648 652311
42900 981632 665481
42900 980366 665078
42900 964670 652100
42900 966834 656985
42900 978891 659524
42900 971115 659984
42900 996156 672530
42900 968506 653658
42900 959465 642637
42900 1009049 681935
42900 980795 667145
42900 958300 649062
42900 963899 653270
42900 970945 658624
42900 963219 658300
42900 971081 653958
42900 968938 660328
42900 980755 670810
42900 967933 659462
42900 972889 656407
42900 980569 671519
42900 998333 682312
42900 974340 657732
42900 972926 664526
42900 963614 654902
42900 974612 656774
42900 984942 660491
42900 967580 653597
42900 986753 667705
42900 977301 664637
42900 973359 661588
42900 958826 651823
42900 969190 662626
42900 973347 658776
42900 967555 656854
42900 961489 649851
42900 974709 664551
42900 980512 660856
42900 984453 664101
42900 951350 640774
42900 985161 667746
42900 976509 665791
42900 1011265 678735
43000 954441 643968
43000 965541 650260
43000 989174 663396
43000 993841 671672
43000 979376 657921
43000 974751 660715
43000 967844 650804
43000 967523 655640
43000 971315 657812
43000 974888 649802
43000 955966 638019
43000 1001797 677623
43000 822869 545512
43000 969593 652719
43000 958749 642128
43000 958255 645094
43000 959721 651627
43000 987315 652731
43000 988602 669482
43000 967183 648586
43000 941601 629431
43000 962525 650228
43000 981959 666050
43000 959969 644758
43000 999379 670648
43000 961193 646337
43000 825656 554092
43000 969023 657060
43000 938305 632433
43000 978928 665364
43000 958608 644178
43000 964042 656091
43000 970664 654998
43000 953184 647679
43000 962805 655223
43000 977523 660384
43000 965745 649914
43000 974723 659414
43000 971852 651242
43000 962248 642030
43000 990554 659627
43000 955527 644094
43000 991004 669952
43000 953867 645781
43000 972781 658855
43000 964464 649259
43000 979293 651769
43000 964182 651670
43000 954265 645278
43000 950039 632425
43100 973140 657938
43100 980624 665432
43100 979751 670289
43100 985730 655938
43100 970486 655165
43100 973253 661646
43100 975798 662418
43100 995590 664145
43100 968382 662310
43100 985695 666091
43100 991739 674910
43100 974881 660349
43100 979673 668078
43100 981116 661396
43100 965843 650442
43100 970838 656193
43100 992693 671641
43100 966691 658890
43100 974224 666203
43100 967478 654620
43100 969480 659130
43100 961682 648921
43100 962814 651678
43100 976370 662131
43100 978134 660165
43100 983551 657802
43100 990991 666954
43100 965588 650247
43100 981404 664725
43100 1006578 671446
43100 977018 665075
43100 963831 655598
43100 967351 655986
43100 993434 669729
43100 992792 669930
43100 990883 666595
43100 973981 662274
43100 961871 648901
43100 963206 651801
43100 970439 651545
43100 983676 671675
43100 963887 655390
43100 957628 642059
43100 1010020 684616
43100 959433 647394
43100 971166 654549
43100 973511 662191
43100 980780 668504
43100 981472 661697
43100 957263 648970
43200 968276 656658
43200 1010111 687401
43200 970066 657998
43200 935908 624733
43200 950058 642473
43200 956092 647165
43200 980180 662442
43200 962141 652115
43200 978261 667528
43200 981276 661173
43200 986946 667362
43200 956068 642630
43200 984322 671691
43200 959830 642731
43200 998749 668067
43200 998555 667803
43200 970205 651485
43200 971727 666640
43200 991882 672527
43200 1006899 676265
43200 965434 654040
43200 987147 661766
43200 988992 668605
43200 983870 657225
43200 992105 673337
43200 980086 660785
43200 979232 668915
43200 1005521 680109
43200 967870 658427
43200 977716 661830
43200 989312 671038
43200 987464 672386
43200 822404 549340
43200 993383 667965
43200 994613 668549
43200 979517 666994
43200 995847 679471
43200 845737 563702
43200 984829 663791
43200 968072 654898
43200 978510 660270
43200 1004379 683665
43200 1004871 681850
43200 988570 665970
43200 816016 551659
43200 987730 669997
43200 1013986 686902
43200 979048 658101
43200 987232 668562
43200 946812 636070
43300 969311 657559
43300 965136 653997
43300 969948 655299
43300 965322 649642
43300 998212 676723
43300 960649 646556
43300 976048 663325
43300 803979 539008
43300 988778 669346
43300 969851 650054
43300 953865 644546
43300 987217 672429
43300 970552 654500
43300 1001732 674887
43300 963844 644375
43300 980550 668474
43300 980679 657502
43300 986754 668943
43300 969405 652686
43300 965811 649614
43300 934976 623092
43300 826817 557559
43300 969619 653573
43300 980372 667800
43300 1016860 687940
43300 1004479 680544
43300 1001666 674538
43300 975886 662797
43300 977046 666717
43300 960744 639552
43300 977264 655550
43300 813334 538531
43300 992129 669068
43300 971763 657906
43300 970622 659450
43300 980008 662802
43300 985666 661173
43300 822751 553628
43300 995083 675592
43300 1000211 668461
43300 966900 660545
43300 969467 657178
43300 967102 652120
43300 963895 644394
43300 805601 539143
43300 976978 662994
43300 966406 650722
43300 964056 652163
43300 978797 668191
43300 979208 656413
43400 989749 671675
43400 986294 671367
43400 974343 662710
43400 973731 663383
43400 984230 672905
43400 985558 661131
43400 994843 673984
43400 1015778 681370
43400 972720 660004
43400 997859 675941
43400 977495 667285
43400 832945 560733
43400 971163 660741
43400 990746 666368
43400 995539 674991
43400 989233 672573
43400 936993 631253
43400 997078 673263
43400 974651 651512
43400 995976 672727
43400 973574 660331
43400 986224 667879
43400 996838 673145
43400 999871 680607
43400 979336 659661
43400 990194 670527
43400 987649 672834
43400 1013583 684987
43400 971947 661279
43400 987253 669735
43400 998781 677159
43400 990017 669892
43400 981370 667180
43400 988508 679162
43400 983379 671538
43400 971229 665778
43400 983735 670660
43400 974843 659780
43400 980208 665793
43400 979546 660822
43400 1006600 683358
43400 1004796 684145
43400 968317 654496
43400 998502 679496
43400 981863 668549
43400 1016439 685129
43400 991974 666424
43400 1008675 679601
43400 976511 658269
43400 973773 658805
43500 995667 674661
43500 972900 657688
43500 976541 661882
43500 988137 666693
43500 986335 666376
43500 1002055 675720
43500 960529 630183
43500 974228 657972
43500 981509 667140
43500 803117 532182
43500 987335 665751
43500 987459 668915
43500 978431 661394
43500 981004 659463
43500 991964 667088
43500 969550 654667
43500 971639 652088
43500 988712 671934
43500 990393 664364
43500 980409 655985
43500 975771 659016
43500 982219 661444
43500 970921 650194
43500 968195 642187
43500 951911 640513
43500 994873 670412
43500 1011181 677621
43500 972092 647451
43500 983789 661111
43500 964538 654178
43500 979698 665602
43500 975656 659553
43500 967840 656409
43500 964242 652949
43500 978929 657846
43500 827943 558710
43500 967338 651203
43500 992919 670961
43500 974082 655852
43500 977862 654733
43500 982998 664537
43500 1001173 674139
43500 998213 676631
43500 972382 654584
43500 979811 667167
43500 970845 656655
43500 969103 654223
43500 990004 666214
43500 965167 649271
43500 980585 664803
43600 980904 654661
43600 997820 678867
43600 833074 558269
43600 997072 668751
43600 977792 662603
43600 979405 662874
43600 993041 667036
43600 834115 559101
43600 992605 665714
43600 968921 650801
43600 989276 669328
43600 1011771 683199
43600 1005746 679707
43600 985834 663615
43600 996081 672081
43600 986806 669929
43600 997421 676590
43600 997471 665396
43600 984145 665264
43600 988496 670544
43600 1002541 669145
43600 944957 632056
43600 971407 656991
43600 980630 660824
43600 971626 657426
43600 976193 657879
43600 1009285 684427
43600 945982 638889
43600 979203 663769
43600 978498 656289
43600 982195 669831
43600 987501 675100
43600 984668 670306
43600 849176 570939
43600 964975 647242
43600 975117 656567
43600 976022 665376
43600 976465 664815
43600 993390 661708
43600 975286 658632
43600 990898 665892
43600 991945 671675
43600 987703 664436
43600 992061 659577
43600 967084 652680
43600 997774 677457
43600 957551 654380
43600 975619 658981
43600 982043 669601
43600 979097 661512
43700 969744 658470
43700 1022152 689771
43700 989598 671005
43700 982653 668048
43700 987187 662088
43700 1004180 677176
43700 975252 664788
43700 980603 656292
43700 987015 661218
43700 977655 654939
43700 1018084 687835
43700 961547 651555
43700 985842 672554
43700 983232 665925
43700 975946 663555
43700 996248 674422
43700 988315 667911
43700 980017 663151
43700 984418 669397
43700 985459 670946
43700 982621 666061
43700 984232 659235
43700 986924 670339
43700 974712 656769
43700 977637 654043
43700 979457 662080
43700 998082 677068
43700 977558 661816
43700 964314 651150
43700 971074 656613
43700 963409 651152
43700 981726 656804
43700 995488 664958
43700 1001235 673295
43700 955746 641728
43700 823528 550763
43700 992460 672464
43700 972733 658009
43700 980071 662186
43700 976211 666048
43700 972697 657258
43700 965024 643206
43700 819723 546953
43700 992979 664126
43700 948964 642905
43700 976037 658331
43700 977720 661960
43700 1004567 684171
43700 964944 650992
43700 976783 666390
43800 990507 674587
43800 989640 663036
43800 989233 676613
43800 989087 670605
43800 990575 674297
43800 1012208 679811
43800 1001895 675491
43800 982593 667158
43800 970041 652298
43800 985577 667596
43800 974833 658701
43800 985498 665234
43800 1009178 679421
43800 1019758 681955
43800 984069 665535
43800 987271 671642
43800 988555 668502
43800 987272 668580
43800 990312 665602
43800 980529 666959
43800 968017 656917
43800 997965 677434
43800 1008160 678147
43800 995586 676194
43800 986300 673303
43800 992439 675604
43800 975663 662920
43800 984886 662868
43800 982761 660678
43800 1009158 687360
43800 969402 648949
43800 837263 556628
43800 998319 666991
43800 978203 662549
43800 979355 661058
43800 992487 668956
43800 986271 669349
43800 1019833 691054
43800 982675 666296
43800 988877 665739
43800 1000840 673329
43800 994992 674470
43800 996325 676899
43800 990561 668568
43800 995474 669904
43800 998049 669581
43800 981509 664288
43800 976311 656947
43800 993281 674483
43800 977505 655829
43900 1007677 678904
43900 1001833 676706
43900 995914 673445
43900 1027567 690930
43900 1009782 683718
43900 1000942 678477
43900 981188 666914
43900 992088 671480
43900 1005068 677789
43900 996021 676785
43900 824034 548970
43900 987105 676446
43900 996745 681889
43900 1011154 678447
43900 994053 671905
43900 849675 570775
43900 1006972 681713
43900 970912 659140
43900 983534 670762
43900 984614 667236
43900 1000470 680611
43900 994971 664980
43900 1010828 687859
43900 984649 669756
43900 998888 672971
43900 1003492 686143
43900 1019201 691333
43900 1012786 686639
43900 972760 658846
43900 1002731 672919
43900 1000393 675015
43900 1001507 674170
43900 992932 673462
43900 1007467 685162
43900 1008309 683227
43900 999827 668716
43900 983748 655376
43900 1013769 684369
43900 1003017 672566
43900 1005134 685964
43900 997163 671748
43900 1011766 686208
43900 985950 664391
43900 994542 676973
43900 979043 664443
43900 1018003 686068
43900 991320 672485
43900 1010494 686702
43900 994093 675688
43900 1000157 678885
44000 985459 664483
44000 979549 657225
44000 983999 661221
44000 977907 662698
44000 988496 672983
44000 956434 645487
44000 983109 660227
44000 979562 661655
44000 1002405 674254
44000 985915 658524
44000 979227 662044
44000 1007017 674546
44000 1009021 675660
44000 998497 679099
44000 947263 643455
44000 984027 667471
44000 1000759 671472
44000 998161 669662
44000 983512 655078
44000 989345 663780
44000 992901 668043
44000 1002184 678682
44000 993634 662974
44000 971206 653465
44000 979825 662074
44000 980291 658992
44000 979771 667855
44000 1006295 684613
44000 989283 667925
44000 997440 670292
44000 1007989 682129
44000 991961 670150
44000 974684 652875
44000 981266 659500
44000 850836 570895
44000 984361 659116
44000 1004737 678142
44000 996906 670222
44000 984369 663822
44000 984952 664751
44000 975921 655959
44000 967680 647284
44000 992747 669925
44000 991908 666257
44000 970883 651300
44000 994603 668703
44000 987942 666784
44000 982960 662533
44000 962618 644383
44000 814675 536817
44100 985869 672771
44100 992363 669779
44100 979687 660935
44100 990836 667948
44100 986036 671485
44100 992216 673930
44100 990914 668366
44100 989779 669523
44100 998887 676771
44100 995988 676561
44100 1005093 681735
44100 977863 657177
44100 981819 666290
44100 1011771 682368
44100 980349 663988
44100 992380 667687
44100 987978 668366
44100 995592 665496
44100 967139 653075
44100 1000282 670420
44100 993835 675866
44100 993629 672717
44100 824595 549075
44100 977350 660601
44100 1004301 681787
44100 1006756 674213
44100 1009538 687289
44100 1000272 675836
44100 997996 672864
44100 969632 650347
44100 986420 666725
44100 1011810 680204
44100 998252 675658
44100 990896 670529
44100 991182 667671
44100 999394 677182
44100 992329 666684
44100 1006580 679526
44100 994239 664505
44100 1011331 672920
44100 1017469 685421
44100 988306 664273
44100 981499 655943
44100 1004395 673242
44100 968099 647562
44100 1004721 680785
44100 996315 668049
44100 999904 672012
44100 1031323 689824
44100 1024180 689169
44200 1012521 688828
44200 996364 672084
44200 1002202 679885
44200 994479 670893
44200 994225 668960
44200 1013567 684953
44200 852417 572922
44200 1013893 687458
44200 1011209 682290
44200 988217 670684
44200 1000467 682187
44200 1014778 682701
44200 988688 670135
44200 845228 569646
44200 991666 670157
44200 992003 669384
44200 1006750 681529
44200 1000208 681424
44200 994198 669490
44200 1013199 683720
44200 988174 668899
44200 992787 671400
44200 993698 669689
44200 998173 668542
44200 990817 669545
44200 1005564 675689
44200 1003155 683193
44200 982304 660736
44200 1012033 685636
44200 1014141 685688
44200 1025633 693426
44200 992154 675519
44200 999731 680432
44200 1001352 676140
44200 981706 656778
44200 988725 669369
44200 1009637 684008
44200 998222 672620
44200 1006626 680967
44200 974228 652826
44200 1006028 680228
44200 991259 674284
44200 998469 675517
44200 985302 667234
44200 1005016 678801
44200 1009855 680977
44200 1009461 678602
44200 1012465 691348
44200 993297 676274
44200 1020920 694790
44300 991895 669035
44300 1002124 674874
44300 990859 667437
44300 836472 559439
44300 981836 661730
44300 1002795 675961
44300 982348 658558
44300 998522 670874
44300 989136 675408
44300 996881 680920
44300 1000605 682228
44300 1008265 684318
44300 1002908 680403
44300 1000976 678943
44300 1002925 677244
44300 996261 675080
44300 1006608 683081
44300 991982 675148
44300 987784 666637
44300 976786 654620
44300 997769 673698
44300 1013463 682953
44300 1015091 686789
44300 993014 678733
44300 993212 669905
44300 845372 568492
44300 999274 671935
44300 990146 657176
44300 1008828 686535
44300 1009743 689763
44300 986117 667306
44300 1001764 681506
44300 984987 665458
44300 1008905 685032
44300 828977 554537
44300 998807 675403
44300 1000949 678054
44300 1001332 668364
44300 1002586 684085
44300 984700 669805
44300 1000090 675996
44300 1016337 684615
44300 1011446 679473
44300 988370 662450
44300 988060 662726
44300 1001108 679039
44300 986504 672686
44300 974444 653393
44300 1010368 687918
44300 985453 667144
44400 1009138 679084
44400 1009788 683429
44400 1008916 686516
44400 989410 668636
44400 1021527 692509
44400 1006102 682908
44400 994994 674109
44400 1009414 683985
44400 978985 656385
44400 1004307 678633
44400 1004039 684246
44400 1012390 686721
44400 1018545 693024
44400 995937 676629
44400 1024166 697796
44400 1032840 696683
44400 992936 670862
44400 1003634 681199
44400 1004549 683195
44400 989760 669840
44400 1002465 679958
44400 1017619 689624
44400 1020553 691122
44400 1004400 683755
44400 1035340 693495
44400 1003180 683892
44400 1005686 684832
44400 1013311 693132
44400 1004823 679755
44400 989557 666320
44400 1003797 685435
44400 1019796 692614
44400 1006568 688015
44400 1011652 687538
44400 1012651 690168
44400 991883 669540
44400 1020862 695753
44400 993954 670548
44400 1005244 686865
44400 1026038 691945
44400 1024710 687895
44400 1030622 697825
44400 1008793 685462
44400 1009672 685512
44400 1017523 684879
44400 995764 671767
44400 1003907 677149
44400 1016677 693133
44400 1007608 688766
44400 982794 652386
44500 995241 676493
44500 1012594 686850
44500 993772 675491
44500 972726 655552
44500 998110 677452
44500 986728 668727
44500 1030414 692003
44500 1003510 677945
44500 1006771 672294
44500 1013656 680811
44500 1020556 685600
44500 1016559 688926
44500 1009983 678037
44500 1001377 674478
44500 1036422 696494
44500 990205 668907
44500 991829 670089
44500 1017531 681811
44500 994746 670781
44500 993990 663987
44500 1007302 675908
44500 996149 671523
44500 996389 672216
44500 969082 641540
44500 1000332 671159
44500 1013339 666994
44500 1004036 671873
44500 1013492 685377
44500 985895 660917
44500 988307 661689
44500 835884 560502
44500 997986 676479
44500 1001823 676871
44500 1019677 689857
44500 1012412 686531
44500 1002301 673302
44500 969463 649932
44500 998378 673283
44500 1004412 673962
44500 979424 650530
44500 1006392 674856
44500 997873 673871
44500 1014458 689090
44500 1009079 680589
44500 1020714 688031
44500 1008496 682204
44500 1015663 675196
44500 1017078 680954
44500 1011794 685072
44500 1009434 685571
44600 1016993 677369
44600 1025653 689571
44600 1000875 676173
44600 984998 666993
44600 822922 547634
44600 1011306 684774
44600 1021327 688444
44600 1017596 686398
44600 996290 672020
44600 1004578 679112
44600 1007577 682656
44600 1003625 676753
44600 997032 670647
44600 1034945 697368
44600 1001411 671305
44600 1021869 693718
44600 1027036 692734
44600 1021061 687660
44600 1009821 682664
44600 1011870 687849
44600 990831 665866
44600 999046 675068
44600 998409 675360
44600 1004311 678273
44600 1031807 691638
44600 1013432 680550
44600 985285 659107
44600 1009327 677042
44600 1010188 682787
44600 1019444 692741
44600 1015839 681445
44600 1012417 686781
44600 1014181 686365
44600 1014404 685105
44600 1013713 689545
44600 1043243 708281
44600 1034493 693862
44600 997497 670004
44600 991972 671412
44600 995633 671403
44600 996907 672941
44600 1015766 681928
44600 1023714 689334
44600 1004983 679066
44600 1022473 689445
44600 998305 675495
44600 1015449 676838
44600 997433 675744
44600 1004163 682843
44600 1020687 684742
44700 1009378 685465
44700 1022023 692326
44700 1003392 672854
44700 1020737 694143
44700 1004798 683044
44700 1012512 685357
44700 997494 674336
44700 1024760 692078
44700 1026177 693068
44700 993793 674633
44700 1036206 706369
44700 1014531 691061
44700 1011478 681690
44700 1037069 702116
44700 1018551 692796
44700 1033879 702101
44700 1023387 687678
44700 993383 666081
44700 1003685 681143
44700 1013228 679380
44700 1014914 688878
44700 990988 668095
44700 1027275 696446
44700 997831 669361
44700 1029613 701991
44700 1004759 682520
44700 1000895 674289
44700 999494 671960
44700 1012717 682944
44700 1020358 685962
44700 854585 572193
44700 1052381 714861
44700 1023689 692560
44700 1004145 681043
44700 1029654 700783
44700 996556 669409
44700 1013896 682534
44700 1008908 686591
44700 1032182 696857
44700 1013071 682303
44700 987608 661830
44700 1006444 682559
44700 1005570 684706
44700 1008611 685575
44700 1005551 674234
44700 860529 575702
44700 984685 664952
44700 999894 675677
44700 1026966 695254
44700 1005635 675231
44800 1003873 674345
44800 1007419 680659
44800 1016937 690430
44800 1022820 696072
44800 1016430 684227
44800 1013412 684978
44800 1016514 691620
44800 1010751 689574
44800 1011285 684314
44800 1020054 691071
44800 1002371 682499
44800 996809 678615
44800 1009559 682593
44800 1014005 683343
44800 976804 661992
44800 1023020 690786
44800 1001137 687099
44800 1024627 691916
44800 994780 669363
44800 1016444 690546
44800 1005235 683693
44800 1014131 690657
44800 1012388 673451
44800 1004615 677012
44800 1004330 677446
44800 1015070 688465
44800 1009106 684520
44800 1000121 677382
44800 1014381 678883
44800 1002287 672667
44800 1009377 685745
44800 1027387 696269
44800 1019488 692404
44800 1009257 683717
44800 1008306 687759
44800 1031536 688815
44800 1012221 682656
44800 991723 666887
44800 1000240 682525
44800 1004955 680310
44800 1015565 688642
44800 1014918 687233
44800 1017571 678343
44800 998403 675444
44800 1046841 705982
44800 1018017 693835
44800 1036034 693409
44800 999261 680703
44800 1005719 681705
44800 1040200 705677
44900 1021137 693048
44900 1025190 691304
44900 1030585 694046
44900 1028623 694611
44900 1024709 693268
44900 998849 679098
44900 1031325 694524
44900 1030920 696110
44900 1005611 677267
44900 1042714 705799
44900 1031229 700702
44900 1042636 707789
44900 1022563 687959
44900 1006308 683994
44900 1017399 685389
44900 1027257 685272
44900 998203 675971
44900 1029000 699496
44900 1005721 681212
44900 1019369 689632
44900 1031331 694718
44900 1012918 688942
44900 1035246 696939
44900 1029808 696191
44900 1026818 686389
44900 1025273 692074
44900 1032680 704898
44900 997796 677333
44900 1032665 703857
44900 1019143 692149
44900 1053981 717142
44900 1050517 711977
44900 1038704 690733
44900 1028839 695994
44900 1009408 681684
44900 1012638 686318
44900 1020474 691515
44900 1011893 688192
44900 1037628 704231
44900 1029505 702976
44900 1011492 683142
44900 1034317 704280
44900 1026739 697707
44900 1023447 694327
44900 1009371 680528
44900 1032883 701385
44900 1044137 703975
44900 1026802 685876
44900 851765 576321
44900 1017653 689582
45000 1033965 701024
45000 1016220 687041
45000 841151 564506
45000 1011651 678708
45000 1026151 689293
45000 1016663 687545
45000 1032814 698644
45000 1035668 702310
45000 834479 556517
45000 1017675 686459
45000 1004381 676702
45000 1001750 674128
45000 1011305 676254
45000 1020763 685403
45000 1010357 672245
45000 1007597 673071
45000 843797 565129
45000 1028899 694856
45000 1018917 689564
45000 1021021 691095
45000 1009938 686613
45000 1010193 681015
45000 1005643 680245
45000 994931 674467
45000 1019592 686058
45000 1001122 671059
45000 1014105 680204
45000 1020139 680242
45000 1006726 675788
45000 1023370 688701
45000 1032200 689354
45000 1001403 666696
45000 1009022 686508
45000 1003746 674997
45000 1006481 682420
45000 1031912 685440
45000 1048029 703480
45000 1001020 668060
45000 1014567 679116
45000 1006445 681354
45000 1006000 678599
45000 1016664 684190
45000 1019344 687029
45000 1016143 681873
45000 1006837 682740
45000 1001072 668442
45000 998929 670264
45000 981259 656019
45000 1003459 675206
45000 974670 653350
45100 1015215 690713
45100 1008515 681490
45100 1009499 685881
45100 1034583 698820
45100 1004761 670418
45100 1000486 664275
45100 1005694 682592
45100 832920 553891
45100 994968 665070
45100 1037868 698198
45100 1014492 684177
45100 1039588 705949
45100 1020599 691827
45100 1018142 693765
45100 1008558 668386
45100 1031545 696737
45100 1019008 690740
45100 1029654 693920
45100 1025527 693024
45100 1021638 695107
45100 1014927 686886
45100 1018140 688783
45100 1037044 702215
45100 873288 582209
45100 1018544 684569
45100 981403 657654
45100 1030913 699454
45100 1011346 673861
45100 1008809 682601
45100 1038867 701529
45100 1029336 694085
45100 878996 590441
45100 1008697 677637
45100 1031170 696075
45100 1001541 678416
45100 1022487 693512
45100 1014533 679699
45100 1038476 700951
45100 1050623 706020
45100 1028073 695553
45100 1016982 686475
45100 1010011 674700
45100 1022991 696206
45100 1022815 687141
45100 847620 569943
45100 1004791 682735
45100 1008390 680349
45100 1039033 698246
45100 1013723 691501
45100 1019000 691248
45200 1016989 685262
45200 1019267 691241
45200 1017105 689297
45200 1002303 666523
45200 1017332 690732
45200 1042451 706281
45200 1033001 695641
45200 1033207 694855
45200 1011201 682479
45200 1037372 701392
45200 1027885 690020
45200 993428 670222
45200 1044781 704239
45200 1047603 697554
45200 997305 678383
45200 1033456 701003
45200 1014453 688810
45200 1016610 695262
45200 1009713 678769
45200 1014996 688735
45200 1001380 676632
45200 1028340 702015
45200 1065860 721718
45200 1040152 705262
45200 1020075 677667
45200 1017946 684123
45200 1050095 711105
45200 1028849 695705
45200 1015727 685609
45200 1028137 686963
45200 1023929 697485
45200 1036901 703012
45200 1028710 702855
45200 1025809 700586
45200 1019767 692813
45200 1019482 684077
45200 1035474 693621
45200 1022831 684785
45200 1020123 687593
45200 1031611 691195
45200 1034404 695124
45200 1009315 682975
45200 1029769 695772
45200 1051746 705321
45200 1019955 686809
45200 1028838 697952
45200 1038182 697979
45200 1014296 687346
45200 1013560 683440
45200 1012368 683949
45300 1028601 686464
45300 846341 566525
45300 1003999 678316
45300 853082 573239
45300 1022027 692061
45300 1013433 685576
45300 1016623 682721
45300 1002508 675077
45300 1024113 691034
45300 1015573 688751
45300 1036129 694716
45300 1005185 678407
45300 1024962 691742
45300 1024680 695470
45300 1032711 699704
45300 1036770 701183
45300 1013666 676287
45300 1036561 701184
45300 1016878 685643
45300 1015864 687890
45300 1045465 701675
45300 1021883 690343
45300 1021665 683909
45300 1013223 684311
45300 1013525 679598
45300 1015414 682151
45300 1015879 691074
45300 1022146 696314
45300 1026643 693385
45300 1018927 689131
45300 1023486 692643
45300 1021626 696483
45300 1030117 692890
45300 1022036 693415
45300 1013994 683839
45300 999804 666345
45300 1034231 700214
45300 1017025 682343
45300 1011336 683825
45300 853976 571956
45300 1020379 690768
45300 1031567 695846
45300 1036375 702030
45300 863283 581820
45300 1026212 691365
45300 1017257 684682
45300 1051761 705443
45300 1026060 691112
45300 1010808 683141
45300 1023920 698359
45400 1021719 691265
45400 1043974 705132
45400 1041301 710016
45400 1052645 712844
45400 1038538 706251
45400 1026320 700516
45400 1026126 701166
45400 1056515 714466
45400 1025136 683989
45400 1054569 717140
45400 1036484 702615
45400 1037381 706667
45400 1048846 713087
45400 1029586 701346
45400 1026887 703130
45400 1041826 704506
45400 998720 674921
45400 1032437 700200
45400 1028048 700332
45400 1027895 692784
45400 1075242 719007
45400 1035362 707685
45400 1041233 702993
45400 1026605 697580
45400 1060932 710938
45400 1026191 694381
45400 1025678 699839
45400 1043540 710466
45400 1016821 686941
45400 1032030 697375
45400 874491 588258
45400 1033037 704333
45400 1030942 695537
45400 1038179 702799
45400 1033840 706836
45400 1057207 717487
45400 869885 580853
45400 1027350 694690
45400 1039278 710261
45400 1021872 684687
45400 1034743 702079
45400 1030216 699325
45400 1039207 703900
45400 856925 578492
45400 1019993 687618
45400 1017562 694370
45400 1040785 704065
45400 1023016 695141
45400 1054095 712871
45400 1071457 722808
45500 1026378 693970
45500 1049193 707164
45500 1022389 696119
45500 1023036 691578
45500 1036714 705483
45500 1012325 681761
45500 1010434 684585
45500 999443 662560
45500 1023444 695644
45500 1022491 693411
45500 997104 664929
45500 1013081 683858
45500 1031327 696377
45500 987657 658401
45500 861419 577891
45500 1055283 704365
45500 1023919 694620
45500 1038658 690773
45500 1023855 690059
45500 1000583 675636
45500 1006043 672404
45500 1054539 710444
45500 1033661 692747
45500 1005147 666886
45500 1033218 697094
45500 1023402 693461
45500 859388 578170
45500 1055850 709171
45500 1014816 689430
45500 1046253 705935
45500 1024100 693196
45500 1016362 693401
45500 1003965 673884
45500 1019702 688365
45500 1045204 707088
45500 1036065 695724
45500 1003005 679310
45500 1004727 681794
45500 982960 655883
45500 1038083 696650
45500 1034019 696272
45500 1017789 690339
45500 1011589 684347
45500 1020549 690093
45500 1041989 701411
45500 1054534 717716
45500 1015904 690768
45500 1035089 694836
45500 1048200 706225
45500 1019837 685103
45600 1032369 701849
45600 1023436 681462
45600 1036037 699406
45600 1047006 702317
45600 1050019 710794
45600 1040612 702029
45600 1016611 689073
45600 1043070 698975
45600 1031803 697237
45600 1025000 689488
45600 1004632 673023
45600 1027153 687916
45600 854828 574941
45600 1037447 702801
45600 1027176 691075
45600 1023705 692269
45600 1048177 709451
45600 1015975 686632
45600 1047883 701426
45600 1007077 673884
45600 1050094 708086
45600 1038329 692107
45600 1059386 708087
45600 1026208 687874
45600 1017688 681167
45600 1026606 700548
45600 1026869 696351
45600 1035691 701921
45600 1023936 689834
45600 1046857 710128
45600 1011094 681148
45600 1012743 679800
45600 1014694 685028
45600 852932 572831
45600 1042047 696921
45600 1032815 700759
45600 1011065 684400
45600 1024457 687444
45600 1051103 710085
45600 859950 578209
45600 1022541 689824
45600 1060381 714456
45600 1033656 695303
45600 1017503 677257
45600 1029748 696542
45600 1029049 702682
45600 1024837 697638
45600 1030798 681853
45600 1044343 711337
45600 1011887 691344
45700 1032592 703147
45700 1025425 693181
45700 1071177 722936
45700 1038286 701909
45700 1033043 691125
45700 882728 597088
45700 858235 572702
45700 1040611 708073
45700 1044320 706068
45700 1025195 696813
45700 1043063 705242
45700 1039622 698642
45700 1047401 708720
45700 1071734 722594
45700 1036793 704247
45700 1025587 697344
45700 1045024 706165
45700 1043700 711622
45700 1033567 699854
45700 1019911 687717
45700 1053128 713315
45700 1052016 705534
45700 1032682 696066
45700 1032102 688231
45700 1025191 692682
45700 1019981 682414
45700 1037711 703367
45700 1026066 698637
45700 1023174 696258
45700 1063304 712226
45700 1035396 705797
45700 1053557 713024
45700 1018311 691108
45700 1049409 704073
45700 1025311 684539
45700 1061291 713148
45700 1052047 712586
45700 1024589 695332
45700 1020441 681469
45700 1050713 703701
45700 1029213 698697
45700 1039158 710193
45700 1025710 695299
45700 1060933 709932
45700 1044014 700013
45700 1052360 711020
45700 1047325 712737
45700 1025459 699099
45700 1014279 685372
45700 1053820 712064
45800 1039620 704890
45800 1006124 669771
45800 1046337 699276
45800 1027707 690359
45800 1008270 672875
45800 1060242 722476
45800 1030245 692530
45800 1029035 702312
45800 1027791 691812
45800 1048792 702016
45800 1010146 681617
45800 1062631 720751
45800 860923 579765
45800 1024737 691052
45800 1035676 705028
45800 1021063 687425
45800 1029628 692030
45800 884110 589195
45800 1061029 714807
45800 1038048 693402
45800 1057723 711550
45800 1051020 711190
45800 1012611 674845
45800 1045579 708435
45800 1021657 688016
45800 1030318 703166
45800 1045323 708608
45800 1033872 701665
45800 1024468 685515
45800 1038662 699516
45800 1027420 699992
45800 1010254 687103
45800 994153 668685
45800 1019521 693182
45800 1038731 705154
45800 1041068 702581
45800 998985 675429
45800 1057653 711727
45800 1046320 693766
45800 1040367 705880
45800 1022959 681404
45800 1022545 696382
45800 1013485 669808
45800 1023090 693307
45800 1016242 684996
45800 1051556 711400
45800 1048661 708946
45800 1030993 703520
45800 1053387 710927
45800 1051366 710035
45900 1057905 722674
45900 1050747 714359
45900 1037271 690793
45900 1034681 700244
45900 890108 591920
45900 1048956 707125
45900 1064909 719044
45900 1043550 712128
45900 1063202 714638
45900 1087121 738438
45900 1040286 703434
45900 1054092 718264
45900 1046433 709399
45900 1049286 714386
45900 1040784 702282
45900 1029325 691294
45900 1063563 724893
45900 1044398 707959
45900 1071338 725991
45900 1048975 714220
45900 1056436 716874
45900 1047493 707389
45900 1036740 709716
45900 1046379 708234
45900 1044643 709519
45900 1020173 686634
45900 1024464 694442
45900 1032935 702508
45900 1032976 693152
45900 1063915 726981
45900 1041781 711569
45900 1058590 716008
45900 1019292 687378
45900 1071080 726270
45900 1023110 694370
45900 1032707 694845
45900 1026741 693445
45900 1044962 704171
45900 1059108 724111
45900 1044760 706788
45900 1054283 708717
45900 1059774 712585
45900 1064510 723988
45900 1049592 709652
45900 1035746 701043
45900 1036025 696121
45900 1060003 714491
45900 1033102 701234
45900 1032061 697483
45900 1026710 695599
46000 1003057 667180
46000 1029209 699271
46000 1052530 704897
46000 1019263 678852
46000 1037868 701461
46000 1045983 708364
46000 1057596 709820
46000 1020497 686395
46000 1043691 701333
46000 1011930 678651
46000 1049089 708095
46000 1028689 699349
46000 1028100 695242
46000 1013481 683071
46000 1036427 704427
46000 1028643 696038
46000 1040709 704863
46000 1013274 678701
46000 1038175 699457
46000 1052045 707170
46000 1034171 699622
46000 1039803 698163
46000 1049684 706717
46000 1024009 689201
46000 996315 658823
46000 1013580 676422
46000 1042526 701745
46000 1024408 699580
46000 1050897 710810
46000 1042795 703785
46000 1022507 692727
46000 1029235 699213
46000 1025215 693681
46000 1043011 698096
46000 1072101 721788
46000 876259 579865
46000 1019193 684804
46000 1039537 703546
46000 1025878 695752
46000 1020269 688738
46000 1030753 700494
46000 1038702 696060
46000 994431 666525
46000 1043959 703104
46000 1028621 701100
46000 1042417 699231
46000 1070279 720512
46000 1031256 695940
46000 1048292 707767
46000 1017448 690905
46100 1047292 712027
46100 1056364 721114
46100 1072101 726814
46100 1036476 705887
46100 1031465 690601
46100 1055942 712329
46100 1034761 699466
46100 1038875 700499
46100 1038991 705230
46100 872690 586051
46100 1052779 712854
46100 1020665 681020
46100 1018266 686982
46100 1054253 712440
46100 1069499 722344
46100 1046800 709075
46100 1014231 677762
46100 1056074 715031
46100 1018397 682429
46100 1032123 696622
46100 1034524 698808
46100 1015689 680966
46100 1029568 697042
46100 1053148 715519
46100 1009013 678730
46100 1023028 693365
46100 1055413 708687
46100 1043084 703699
46100 1070589 720639
46100 1053007 710247
46100 1032658 697090
46100 1033572 692921
46100 1037369 702743
46100 1053101 712045
46100 1042961 701653
46100 1029813 695821
46100 1012476 677999
46100 1044883 708372
46100 1066948 715027
46100 1039521 698545
46100 1038274 703237
46100 1055118 717414
46100 1059982 713595
46100 1061728 712027
46100 1030375 693132
46100 1037411 702046
46100 1033906 691027
46100 1047151 706212
46100 1045168 704150
46100 1024787 696490
46200 1045568 711495
46200 1048165 711067
46200 1020053 688610
46200 1043556 712733
46200 1066862 723041
46200 1030398 693702
46200 1028646 692957
46200 1056735 716748
46200 1064270 711296
46200 1015987 684372
46200 1059090 719269
46200 1047619 709119
46200 1056617 711911
46200 908350 605271
46200 1043536 706178
46200 1034570 698684
46200 1050447 711334
46200 1015899 684703
46200 1059003 715916
46200 1042525 705241
46200 1044687 698602
46200 1027406 688642
46200 1058608 710964
46200 1060098 716786
46200 1039684 704026
46200 1038055 705114
46200 1057743 713156
46200 1031685 696772
46200 1051626 713728
46200 1037117 706942
46200 1034766 694339
46200 1012442 683332
46200 1049150 700866
46200 1035002 699284
46200 1039031 704654
46200 1070061 721225
46200 1034312 697620
46200 1063930 722189
46200 1058074 709894
46200 1069358 723908
46200 1063243 713762
46200 1034875 701265
46200 1055401 713020
46200 1057812 717070
46200 1065280 717500
46200 1057015 718644
46200 1046529 710947
46200 1073229 726397
46200 1053729 715432
46200 1048203 708277
46300 1036010 693155
46300 1021153 680641
46300 1064703 717137
46300 1045164 707691
46300 1053015 709957
46300 1034608 701331
46300 1048963 711013
46300 1028882 690664
46300 1029952 697256
46300 1041755 703236
46300 1034006 699069
46300 1037347 700405
46300 1006590 667556
46300 1045307 706351
46300 1054670 716355
46300 1067717 721173
46300 1046648 704900
46300 1034596 703957
46300 1041810 705090
46300 1043077 706131
46300 1040712 704919
46300 1057403 707041
46300 1025634 685025
46300 1070164 725259
46300 1027218 691935
46300 1057199 718715
46300 1075789 727120
46300 1038225 697379
46300 1062805 717461
46300 1045723 710472
46300 1012706 672341
46300 1038879 704497
46300 1053994 717377
46300 1067799 721725
46300 1037470 701835
46300 1046032 706799
46300 1059506 714553
46300 1051150 717542
46300 1040708 704561
46300 1040714 695571
46300 1062860 716428
46300 889073 593612
46300 1043004 710119
46300 1075284 725795
46300 1031075 698077
46300 1046359 709979
46300 1052720 705285
46300 1047490 701735
46300 1054588 708841
46300 1050758 708979
46400 1064620 717906
46400 1040379 706975
46400 1046418 709984
46400 1060979 719035
46400 1042773 703915
46400 1056251 712755
46400 1061503 717251
46400 1052944 719080
46400 1046679 710604
46400 1072131 729726
46400 1041561 702330
46400 1074072 726070
46400 1063659 722561
46400 1064081 717681
46400 1070453 728386
46400 1054884 708702
46400 1036948 707872
46400 1051938 706652
46400 1049416 710809
46400 1046073 705811
46400 1056592 724520
46400 1058467 722551
46400 1055958 714763
46400 1050086 711527
46400 1020861 683868
46400 1046004 716220
46400 1033320 696204
46400 1054904 713946
46400 1037809 703438
46400 1055507 714245
46400 1020106 683067
46400 1051474 715665
46400 1056148 708669
46400 1046674 711587
46400 1042205 708813
46400 1034035 694840
46400 1057692 711227
46400 1041390 694833
46400 1048480 713526
46400 1052676 717931
46400 1071247 730081
46400 1001067 673320
46400 1052809 706691
46400 1069743 721991
46400 1045562 709404
46400 1047827 705342
46400 1054085 722140
46400 1071604 726934
46400 1057758 715044
46400 1048476 707256
46500 1032570 693565
46500 1043959 707873
46500 1059778 712141
46500 1037629 699784
46500 1035202 694058
46500 1040743 703706
46500 1027206 686102
46500 1023220 692520
46500 1031231 694899
46500 1044820 700824
46500 1037405 701177
46500 1041204 701488
46500 889182 592793
46500 1038112 698665
46500 1033185 691976
46500 1038339 698755
46500 1068856 719563
46500 1021660 682242
46500 1056500 712827
46500 987336 663195
46500 1067985 723595
46500 1031155 687148
46500 1047000 711341
46500 1052573 706362
46500 1066692 717843
46500 879918 589459
46500 1050009 710964
46500 864210 573176
46500 1072881 727744
46500 1025158 691837
46500 1051559 705654
46500 1068464 725162
46500 1058010 712320
46500 1025764 687239
46500 1038386 700579
46500 1028638 692079
46500 1061311 714270
46500 1047698 707315
46500 1045828 704698
46500 1051830 708663
46500 879887 592487
46500 1053015 709972
46500 1045670 706155
46500 1053803 709449
46500 1087088 731098
46500 1055043 708456
46500 1044021 708552
46500 1043647 706722
46500 1052346 713090
46500 1043807 707914
46600 1047690 708275
46600 1049020 716501
46600 1041383 704940
46600 1077103 724374
46600 1029347 689863
46600 1057990 710527
46600 1068091 709464
46600 1077156 725751
46600 1052040 709921
46600 1050240 708760
46600 1036205 701132
46600 1048801 712494
46600 1063250 723181
46600 1066418 727847
46600 1058081 717348
46600 1044992 709085
46600 1050838 715140
46600 1057260 719156
46600 1058243 721161
46600 1027199 693303
46600 1033741 696177
46600 1036387 700082
46600 1027467 692219
46600 1050236 707427
46600 1074560 725712
46600 1044209 706946
46600 1067722 719421
46600 1067877 721019
46600 1057986 713996
46600 1055453 718609
46600 1046710 715602
46600 1046364 709209
46600 1053164 717314
46600 1043105 699802
46600 1036665 701394
46600 1040416 699418
46600 1064279 721623
46600 1052806 707452
46600 1058586 709780
46600 1047163 704324
46600 1047103 702254
46600 1033199 689084
46600 1054771 713756
46600 1049644 716733
46600 1044073 704386
46600 1031599 692867
46600 1036266 703078
46600 1045623 703947
46600 1043026 706844
46600 1039250 693074
46700 1042349 701281
46700 1088655 735331
46700 1054531 717017
46700 878367 583600
46700 1074044 732730
46700 1063257 723846
46700 1058757 721782
46700 1071132 731152
46700 1047561 705883
46700 1071944 730298
46700 1072848 726651
46700 1062049 710457
46700 1072019 718824
46700 889816 598304
46700 1032411 700983
46700 1035434 699689
46700 1057014 712737
46700 1040375 708966
46700 1039670 707114
46700 1065890 721479
46700 1064658 721595
46700 1029939 691574
46700 1056017 708607
46700 1058572 720486
46700 1053115 709261
46700 1071907 730007
46700 1065114 720157
46700 1080790 730237
46700 1055936 717737
46700 1048937 708777
46700 1031828 698710
46700 1057869 709941
46700 1046313 702124
46700 1075345 727335
46700 1046275 702465
46700 1083577 725144
46700 1055325 710440
46700 1049037 717477
46700 1072398 720886
46700 1061229 717763
46700 1053059 711453
46700 1053311 716717
46700 1064719 719062
46700 1061139 718764
46700 1043846 699300
46700 1072954 723906
46700 1059227 707018
46700 1044648 712064
46700 1074547 729041
46700 1036329 700656
46800 1059896 713664
46800 1055174 715277
46800 1046792 703902
46800 1070740 725445
46800 1059741 713334
46800 1055331 712693
46800 1046053 708749
46800 1073446 722619
46800 1059098 715735
46800 1044687 701063
46800 1060774 719892
46800 1051185 710564
46800 1057041 715272
46800 865404 574565
46800 1051885 712723
46800 1056154 718295
46800 1051984 712029
46800 1049409 715501
46800 1064954 714489
46800 1053424 709582
46800 1071653 717176
46800 1056121 709775
46800 1040947 695126
46800 1044476 702892
46800 1048508 706988
46800 1046347 707602
46800 1035008 691994
46800 1034661 696637
46800 1041517 701103
46800 1078482 729800
46800 1063767 711580
46800 1061361 717151
46800 1063992 712376
46800 1054426 707216
46800 1043081 697314
46800 997862 667320
46800 1036136 705874
46800 1082223 727942
46800 1025744 692292
46800 1088888 738222
46800 1096788 741401
46800 1063721 711436
46800 1052928 708026
46800 1061830 717859
46800 1063282 709919
46800 1073784 727133
46800 1053675 711981
46800 1041144 706139
46800 1052555 708231
46800 1049309 714450
46900 1056742 717675
46900 1079651 728479
46900 1059747 724581
46900 1047081 714623
46900 1067778 731421
46900 1056573 712008
46900 1053514 709905
46900 1061818 725476
46900 1060087 722374
46900 1065536 715967
46900 1057170 717655
46900 1080266 730490
46900 1062569 717214
46900 1064264 725004
46900 1086968 737918
46900 1041481 695333
46900 1057282 719843
46900 1068783 727544
46900 1060526 724882
46900 1081270 725745
46900 1033276 696895
46900 1071632 723911
46900 1037151 706531
46900 1096772 741577
46900 1090171 738883
46900 1045016 703596
46900 1074066 727011
46900 1051556 702965
46900 1079262 731661
46900 1058605 720965
46900 1063992 723844
46900 1069107 719489
46900 1086089 739866
46900 1069338 729820
46900 1039964 699598
46900 1072603 729770
46900 1050016 712924
46900 1080530 731988
46900 1072752 716877
46900 1081987 734146
46900 1065316 719860
46900 1047520 712918
46900 1059073 722799
46900 1057203 715532
46900 1065268 720990
46900 1072807 723481
46900 1062419 721703
46900 1030505 692720
46900 1071072 730608
46900 1077001 723303
47000 1082488 721794
47000 1057415 712979
47000 1056518 717114
47000 1075817 723356
47000 1045497 706781
47000 1069794 714217
47000 1046889 698476
47000 1046384 708642
47000 1068101 724877
47000 884301 591032
47000 1045632 710972
47000 1085618 727325
47000 1074038 723787
47000 1057135 706031
47000 1051921 712591
47000 1058860 716117
47000 1066693 708227
47000 1048042 711364
47000 1065117 719269
47000 1083017 734416
47000 1093937 734408
47000 1055055 714496
47000 1044824 696370
47000 1046602 707284
47000 1054985 712153
47000 1064338 708827
47000 1041144 698816
47000 1068183 725441
47000 1069895 719721
47000 1039854 698441
47000 1038255 703444
47000 1054317 711461
47000 1058007 719706
47000 1062493 717239
47000 1057873 715196
47000 1037876 688421
47000 1062174 717231
47000 1042391 702265
47000 1073856 725510
47000 1060651 714053
47000 1048168 708372
47000 1030959 693550
47000 1048996 698606
47000 1068757 718133
47000 1039286 699607
47000 1050828 712471
47000 1047742 712311
47000 1059645 703522
47000 1072334 719189
47000 1072939 723765
47100 1074083 721586
47100 1098856 746521
47100 1074010 728430
47100 1067717 720002
47100 1069787 716502
47100 1072723 725468
47100 1056599 721196
47100 1089223 736750
47100 1080350 728103
47100 1068212 719568
47100 1053649 709389
47100 1088767 730295
47100 1044092 700433
47100 1080046 733041
47100 1069129 723262
47100 1066458 720428
47100 1109745 747770
47100 1083097 731949
47100 1051828 707642
47100 1051077 708659
47100 1069580 718458
47100 901740 604379
47100 1091417 745040
47100 1066991 720668
47100 1088757 738132
47100 1095098 741042
47100 1030776 693009
47100 1082949 735497
47100 1045086 708820
47100 1054656 712189
47100 1076652 724691
47100 1062132 715984
47100 1086545 730181
47100 1075583 723659
47100 1042846 703926
47100 1068337 725525
47100 1082525 735122
47100 1088343 732718
47100 1058277 716148
47100 1050359 709846
47100 1051681 703621
47100 1069616 722704
47100 1065513 725640
47100 1058259 719626
47100 1074344 715644
47100 1039783 693168
47100 1054257 715239
47100 1057423 715799
47100 1068779 717235
47100 1070569 723205
47200 1049054 710190
47200 1075272 726718
47200 1097776 745031
47200 1072554 730990
47200 1078098 723096
47200 1095371 737864
47200 1084712 736341
47200 1083684 736201
47200 1070183 719260
47200 1088654 734673
47200 1069956 732464
47200 1072767 727347
47200 1087005 739725
47200 1072464 732703
47200 1050486 709596
47200 1090074 736859
47200 1077431 730463
47200 1068526 725890
47200 1090051 735283
47200 914581 613881
47200 1066141 716970
47200 1108149 751904
47200 894426 598440
47200 1062291 711703
47200 1072226 724896
47200 1101420 739637
47200 1080120 731120
47200 1079070 730350
47200 1060984 713116
47200 1082810 737053
47200 1068841 724223
47200 1087390 724753
47200 1076054 727792
47200 1050840 716556
47200 1077472 728391
47200 1073722 727254
47200 1061814 723362
47200 1068412 727283
47200 1074192 723328
47200 1047782 705388
47200 1068749 731066
47200 1088366 735267
47200 1073546 723952
47200 1066183 711662
47200 1075928 725708
47200 1067230 720057
47200 1075552 727673
47200 1054783 709977
47200 878974 591779
47200 1092285 742578
47300 1058823 716827
47300 1073681 715928
47300 1073283 722389
47300 1064638 720001
47300 1078446 725972
47300 1083705 732229
47300 1090330 742172
47300 1101949 745515
47300 1058686 710850
47300 1079093 728726
47300 1074694 729151
47300 1067687 721611
47300 1077415 718381
47300 1052628 715363
47300 1063077 722064
47300 1071773 716259
47300 1062522 723097
47300 1078748 738128
47300 1076236 719175
47300 1073100 723107
47300 1074474 725585
47300 1060029 716734
47300 1097443 740441
47300 899797 605464
47300 1069921 728384
47300 1021604 687685
47300 1066377 715636
47300 1088732 731626
47300 1060377 723737
47300 1067641 721927
47300 1072567 729103
47300 1079601 730506
47300 1066719 719448
47300 1055547 714261
47300 1053559 709298
47300 1067536 725430
47300 1081699 734749
47300 1076085 726571
47300 1061122 716637
47300 1077529 724507
47300 1057945 717485
47300 1071187 728268
47300 1084716 733788
47300 1068167 721942
47300 1037680 708823
47300 1056327 711730
47300 1056110 717843
47300 1059567 715395
47300 1065351 718926
47300 1070871 727553
47400 1048106 705059
47400 1074558 731020
47400 1079268 732568
47400 1074038 723970
47400 1076120 722995
47400 1080753 728112
47400 1092142 739972
47400 1056172 717842
47400 1084697 739624
47400 1086340 732581
47400 1093975 743640
47400 1060203 719998
47400 922645 619983
47400 1097124 740978
47400 1113452 751495
47400 1100120 741401
47400 1082847 730844
47400 1089446 731058
47400 1087651 740023
47400 1070139 728328
47400 1071743 729915
47400 1054689 717318
47400 1100196 741350
47400 1086812 729038
47400 1066205 725693
47400 1100822 739322
47400 909235 612076
47400 1088718 743555
47400 1046684 706934
47400 1071375 731346
47400 1066401 724215
47400 1085160 736675
47400 1077961 719146
47400 1079651 732757
47400 1066472 729352
47400 1078324 728820
47400 1080174 733774
47400 1063616 719682
47400 1079513 728981
47400 1111646 747795
47400 1090625 745368
47400 1105269 748700
47400 1075016 726735
47400 1049856 706250
47400 1064931 723098
47400 1080697 739867
47400 1071522 726518
47400 1070538 731554
47400 1073061 723075
47400 1059137 721838
47500 1065842 722611
47500 1086667 734616
47500 1076788 716771
47500 1089319 733281
47500 1057320 715104
47500 1051326 707926
47500 1077895 730593
47500 1057466 717904
47500 1082671 732038
47500 1060796 714424
47500 1072379 723362
47500 1056200 707436
47500 1064414 710726
47500 1069621 718078
47500 1075329 723598
47500 1076146 729415
47500 1072387 720349
47500 1098633 739448
47500 1066309 716611
47500 893425 593036
47500 1058213 710886
47500 1068795 723226
47500 1060069 712085
47500 1045555 707990
47500 1035268 697666
47500 1053680 707466
47500 1050574 707032
47500 1090388 727573
47500 1098496 734143
47500 1065634 718711
47500 1061498 720541
47500 1097257 736562
47500 896468 597987
47500 1072176 722824
47500 1056484 715922
47500 1063416 723752
47500 896765 589902
47500 1055630 708960
47500 1078098 734572
47500 1010324 669802
47500 1054652 716449
47500 1082896 729138
47500 1064803 722895
47500 1079722 729144
47500 1045472 703604
47500 1080434 722721
47500 1079331 728695
47500 1068900 721180
47500 1053641 705147
47500 1058143 712832
47600 1053698 709168
47600 1080350 726941
47600 1077221 726906
47600 1097495 737530
47600 1080537 733612
47600 1084909 728663
47600 1084187 712402
47600 1104084 739958
47600 1073901 729675
47600 1072881 720278
47600 1104806 749383
47600 1059753 707937
47600 1079885 731069
47600 1069650 718507
47600 1072513 711184
47600 1083322 726440
47600 1088162 735836
47600 1069943 727841
47600 1114782 751119
47600 1103362 754503
47600 1056867 702594
47600 1067361 720309
47600 1078331 726120
47600 1081196 731155
47600 1065862 716011
47600 1068610 720896
47600 1061721 722577
47600 1102376 740556
47600 1072839 725125
47600 1094999 744169
47600 1084020 737908
47600 1080557 727017
47600 1047105 701638
47600 1083342 735335
47600 1086352 727584
47600 1077327 728397
47600 1079930 729867
47600 1066725 725876
47600 1067717 723179
47600 913223 616598
47600 1090614 737109
47600 1076046 718700
47600 1076452 730841
47600 1071719 718712
47600 1102735 743407
47600 1044570 689635
47600 1067971 718027
47600 1050515 708736
47600 1038724 700287
47600 1053979 715511
47700 1104190 749863
47700 1075971 718651
47700 1077346 728465
47700 1088852 745155
47700 1062129 723164
47700 1083716 730780
47700 1062366 721445
47700 1080390 736141
47700 1083114 728928
47700 1096443 743534
47700 1107663 747591
47700 1093790 739292
47700 1099864 746647
47700 1078790 725386
47700 1096882 738937
47700 1093478 733889
47700 1078241 733920
47700 1084718 734741
47700 910233 611551
47700 1073463 732640
47700 1079075 735681
47700 1088267 724646
47700 1072042 725365
47700 1081196 734415
47700 1083368 732740
47700 898340 603353
47700 1067755 717063
47700 1094062 747133
47700 1108183 758173
47700 1071988 724549
47700 1084147 739072
47700 1102540 741135
47700 1077943 730284
47700 1105344 750038
47700 1087700 739543
47700 1044605 698809
47700 1081193 728907
47700 1069290 722268
47700 1061727 717736
47700 1074800 725633
47700 1073581 727833
47700 1070889 728316
47700 1091983 742185
47700 1089331 738701
47700 1095567 741369
47700 1078654 732099
47700 1099947 739452
47700 1088109 735765
47700 1056844 712125
47700 1073596 722797
47800 1089419 742417
47800 1099950 742112
47800 903712 608376
47800 1069954 727066
47800 883098 587198
47800 1080354 729403
47800 1075237 723253
47800 1052853 706499
47800 1081000 724705
47800 1084112 727446
47800 1050101 706596
47800 1085371 734087
47800 1094387 734588
47800 1072819 731495
47800 1079365 723901
47800 1104817 747808
47800 1070539 714450
47800 1092648 733526
47800 1101643 735985
47800 1001241 670034
47800 1076392 726760
47800 1072448 715637
47800 1097601 740124
47800 1084394 737890
47800 1099794 741866
47800 1099357 739819
47800 1082281 730631
47800 1075450 724967
47800 1103584 739883
47800 1071355 713046
47800 1096782 744700
47800 1069634 724681
47800 1082606 736781
47800 1076992 724038
47800 1083694 736830
47800 1075003 729688
47800 1112835 751317
47800 1079607 718000
47800 1067446 727338
47800 1056705 715774
47800 1057014 701833
47800 1109007 747668
47800 1075898 729869
47800 1079134 735435
47800 904872 611488
47800 1052122 704655
47800 1080772 735501
47800 893702 602777
47800 1065964 715924
47800 1073932 729905
47900 1077303 729443
47900 1067759 719213
47900 1090172 744724
47900 1097709 739947
47900 1104592 744071
47900 1100109 748797
47900 1075232 724181
47900 1080064 730203
47900 1080905 738088
47900 1080324 733314
47900 1096941 743867
47900 1075042 730434
47900 1083655 733660
47900 1086486 740133
47900 1089219 739029
47900 1098713 741417
47900 1090806 734109
47900 1107414 744332
47900 1107324 747307
47900 919929 620530
47900 1104396 747683
47900 1097758 744276
47900 1075109 729739
47900 1117142 753662
47900 1083204 742829
47900 1098824 742811
47900 1099867 749165
47900 1095843 748680
47900 1068089 721675
47900 1096211 742068
47900 1080057 737437
47900 1100736 751691
47900 1087355 736596
47900 1080838 733052
47900 1100893 743956
47900 1082854 740359
47900 1109446 750196
47900 1090694 736558
47900 1093590 741093
47900 1080068 727757
47900 1073292 731550
47900 1080147 730599
47900 1086300 731361
47900 1083979 731176
47900 917770 615376
47900 1124130 763724
47900 1116821 754939
47900 1072317 728722
47900 1077011 723771
47900 1083706 736358
48000 1075957 726327
48000 1074522 720249
48000 889767 591836
48000 1110004 745870
48000 904375 602460
48000 1100777 734741
48000 1086881 734302
48000 1098804 743728
48000 1068951 726103
48000 1094595 733244
48000 904918 603686
48000 1070035 707750
48000 1088217 723946
48000 1083409 737119
48000 1069668 721627
48000 920246 615184
48000 1074363 724018
48000 1067612 724926
48000 1083928 726978
48000 1079233 727114
48000 1093359 731364
48000 1091721 740429
48000 1086838 727091
48000 1100924 739383
48000 1066215 721131
48000 916779 613802
48000 1074756 723834
48000 1089039 731271
48000 1071590 719211
48000 1096123 744082
48000 1101653 738809
48000 1087680 722682
48000 1078533 727803
48000 1094099 742708
48000 1078837 725043
48000 1083002 729139
48000 1077155 729661
48000 1093487 737038
48000 1094391 738872
48000 1091900 733880
48000 1086774 727935
48000 1092270 744028
48000 1102905 739526
48000 1079350 725819
48000 1106718 745766
48000 1085463 733015
48000 1103121 744834
48000 1071388 718032
48000 1070168 718416
48000 1085876 722045
48100 892331 597644
48100 1074168 721166
48100 1085477 737020
48100 1079232 729055
48100 1105353 745880
48100 1100375 744688
48100 1106866 749345
48100 1092221 738749
48100 1059853 708193
48100 1082605 735719
48100 1085747 737000
48100 1096024 737068
48100 1083248 728938
48100 1092606 739919
48100 1087852 735890
48100 1083368 734273
48100 1073863 721864
48100 1100097 744892
48100 1128025 761702
48100 1119394 749227
48100 1086079 730069
48100 1071531 726611
48100 1085540 734343
48100 1085836 734097
48100 1109199 747635
48100 1080581 734573
48100 1082125 733562
48100 1079595 730007
48100 1071870 724456
48100 1085572 738184
48100 1075724 731510
48100 1043041 707090
48100 1088203 732564
48100 1087800 735998
48100 1100522 742567
48100 1075316 726968
48100 1089313 739501
48100 1089583 735537
48100 1106167 746567
48100 1112242 754051
48100 1088949 735132
48100 1089984 735547
48100 1080888 729156
48100 1088969 723908
48100 1069915 709370
48100 1096301 741402
48100 1071378 711019
48100 1099451 743423
48100 1098012 739538
48100 1108483 746818
48200 1074824 724442
48200 1103664 746150
48200 1086213 736880
48200 1095498 738633
48200 1082070 733279
48200 925977 623881
48200 1100358 744082
48200 1093828 739862
48200 1108566 751449
48200 1108463 752389
48200 1097792 742908
48200 1098493 745560
48200 1054411 702159
48200 1083787 725422
48200 1098780 739997
48200 1107668 748227
48200 1123994 762885
48200 1067888 721037
48200 1099470 741162
48200 1098582 743204
48200 1119247 759947
48200 1098422 737796
48200 1111881 744832
48200 1094966 738622
48200 1073809 726103
48200 1117400 749547
48200 1077903 729676
48200 1099016 742181
48200 1100196 748029
48200 1132719 762320
48200 1096490 739306
48200 1095932 742196
48200 1110782 757337
48200 1088060 740158
48200 1087027 733494
48200 1116712 754099
48200 1086472 742550
48200 1090647 730026
48200 1114922 758454
48200 1082583 735187
48200 1087465 727368
48200 1049220 697050
48200 1096141 736850
48200 1087525 735489
48200 1086800 741862
48200 1093875 743099
48200 1110769 743721
48200 1057859 707333
48200 1098730 746887
48200 1130612 760405
48300 1104931 746603
48300 1083206 725468
48300 1089153 725896
48300 1098185 739303
48300 1085121 729529
48300 1093899 734311
48300 1097429 741124
48300 1099720 737524
48300 1070981 721456
48300 1084914 720316
48300 1092332 734992
48300 1090831 737207
48300 1103396 744587
48300 1072723 728984
48300 1091760 733806
48300 1081432 724038
48300 1086563 720873
48300 1115148 756275
48300 1069300 716642
48300 1083333 733317
48300 1088692 725680
48300 920749 619747
48300 1094508 737553
48300 919937 615137
48300 1083223 721066
48300 1102793 744243
48300 1115209 757059
48300 1059798 711326
48300 915344 617948
48300 1103691 744515
48300 1101653 747616
48300 1089212 731667
48300 1090769 739595
48300 1098205 743613
48300 1083042 732055
48300 1103640 744734
48300 1085221 740180
48300 926506 620007
48300 1108703 750112
48300 1103612 752748
48300 1116016 752665
48300 1092277 734663
48300 1095514 731600
48300 1083453 729576
48300 1092185 729235
48300 1086338 738273
48300 1101034 748847
48300 1092680 731598
48300 1074367 718384
48300 1094538 746779
48400 1117071 756087
48400 1134103 765724
48400 1133094 769612
48400 1093752 737266
48400 1133949 768771
48400 920666 613946
48400 1096171 740666
48400 1117648 756696
48400 1130977 766908
48400 1095339 737897
48400 1068755 710736
48400 920206 621207
48400 1089694 738956
48400 1094624 731932
48400 1075156 728336
48400 1076605 727995
48400 1092806 743627
48400 1119570 760090
48400 1110165 743081
48400 1106602 752079
48400 1087088 735887
48400 1081418 730970
48400 1089694 737271
48400 1086853 731712
48400 1114879 758684
48400 1085621 735812
48400 1090350 741448
48400 1094015 744440
48400 1098525 745559
48400 1089764 743930
48400 1098867 741337
48400 1100044 753389
48400 1104396 745992
48400 1084864 740515
48400 1098957 747387
48400 1097230 739509
48400 1106176 745983
48400 1118132 754142
48400 1106633 742523
48400 1113161 753938
48400 1104696 755820
48400 1115763 756006
48400 1124324 764985
48400 1091423 744559
48400 1108357 742503
48400 1101161 745495
48400 1116348 752540
48400 1097905 750889
48400 1116763 743324
48400 1110416 757909
48500 1107450 746363
48500 1104325 734795
48500 1085278 736263
48500 1116719 751227
48500 1116702 754691
48500 1099291 738330
48500 1098489 743318
48500 1079075 722426
48500 1066704 715021
48500 1077855 722330
48500 1116022 748851
48500 1084829 731462
48500 1082189 726709
48500 1087604 733904
48500 1131607 761066
48500 1092677 739956
48500 1097311 738195
48500 1085789 733569
48500 1100875 743415
48500 1095808 735341
48500 1086032 729230
48500 1078468 726513
48500 1090311 739974
48500 1087403 736178
48500 1056612 711236
48500 939478 627557
48500 1099159 730536
48500 1090174 737288
48500 1066195 709228
48500 1075367 720953
48500 1112031 745650
48500 1111412 748540
48500 1101996 739463
48500 1121643 748514
48500 1100645 741171
48500 1098298 744918
48500 1106833 749304
48500 1119965 756161
48500 1096029 744643
48500 1106609 749114
48500 1099287 742633
48500 1103883 748290
48500 1087040 732452
48500 1101558 748424
48500 1079555 724057
48500 1118797 748706
48500 1063620 704083
48500 1103191 740657
48500 1092778 733625
48500 1105734 744045
48600 1105760 743780
48600 1099977 746814
48600 1094905 732734
48600 1129273 759754
48600 1122011 756948
48600 1101108 744876
48600 1119812 752027
48600 1108344 749644
48600 1116042 756611
48600 1106556 749530
48600 1065136 711973
48600 1096469 740261
48600 1114260 757776
48600 1081518 732009
48600 1100671 749489
48600 1077204 722490
48600 1086707 730899
48600 1093287 736722
48600 1085437 732954
48600 1111438 735538
48600 918285 620003
48600 1108790 755925
48600 1129383 766650
48600 1095212 743348
48600 1094299 739556
48600 1105669 753346
48600 1086964 739274
48600 1108516 744063
48600 1101569 745221
48600 1109498 747672
48600 1087086 734095
48600 1100992 750815
48600 1090511 735604
48600 1125446 758342
48600 1102353 743557
48600 1100711 747256
48600 1089544 734022
48600 1111096 752372
48600 1085572 734282
48600 1104450 750479
48600 1116076 757757
48600 1102078 752013
48600 1071709 719506
48600 1087465 731086
48600 1130962 762577
48600 1146465 776735
48600 1110205 752669
48600 1105449 745486
48600 1114230 755424
48600 1142523 772924
48700 1103554 741220
48700 1081900 732634
48700 1106855 755760
48700 1094708 741949
48700 1123084 763911
48700 1081014 723884
48700 1095354 739032
48700 1084721 738008
48700 1092199 737131
48700 1060832 711920
48700 1108292 754396
48700 1126518 762134
48700 1093720 736631
48700 1070465 715690
48700 1142345 760974
48700 1105009 747312
48700 1111706 752906
48700 1108456 741055
48700 1100506 745054
48700 1080755 728767
48700 1084926 726272
48700 1121973 762988
48700 1094712 738318
48700 1117676 755958
48700 1129896 762721
48700 1081695 732514
48700 1101569 738532
48700 1105056 749442
48700 1109116 745038
48700 1089090 730028
48700 1091725 734500
48700 1098081 750427
48700 1097065 746450
48700 1107657 748791
48700 1089447 731142
48700 1102350 747724
48700 1132023 760335
48700 1103035 750687
48700 1077170 722546
48700 1099832 740361
48700 1104913 751500
48700 1103344 750396
48700 1089154 730631
48700 1083923 732160
48700 1090938 737793
48700 1092331 743031
48700 1060125 720557
48700 1097905 738653
48700 1117168 749597
48700 1093833 740458
48800 1088249 739853
48800 1088731 738097
48800 1073105 723266
48800 1072999 715987
48800 1094173 733131
48800 1106811 753366
48800 1128699 762308
48800 1097151 737631
48800 1086942 734537
48800 1095490 739713
48800 1095998 744154
48800 1106476 748530
48800 1112333 750073
48800 1099930 737486
48800 1107545 745323
48800 1096175 735470
48800 1089139 737569
48800 1088156 740110
48800 1103221 741005
48800 1133085 765948
48800 1093143 741659
48800 1096859 742317
48800 1083000 728241
48800 1084898 730287
48800 1092872 735974
48800 1102546 739958
48800 1089449 739692
48800 1098435 743918
48800 1092917 733288
48800 1071617 712964
48800 1092576 735380
48800 938426 627693
48800 1103061 749225
48800 1103416 750140
48800 1104441 748879
48800 1095194 745793
48800 1090876 732990
48800 1084565 724304
48800 1113475 744566
48800 1101629 748056
48800 1105295 751638
48800 1119751 756328
48800 1112684 758389
48800 1058700 697106
48800 1106975 747831
48800 1091550 727520
48800 1124874 751305
48800 1084332 736166
48800 1113246 754954
48800 1123491 762870
48900 1116609 756478
48900 1111224 750575
48900 1124255 757516
48900 1099789 745082
48900 1110925 749052
48900 1088361 738004
48900 1073113 724149
48900 1103230 748094
48900 1075858 723060
48900 1104340 745638
48900 1125883 765467
48900 1122315 755781
48900 1128062 760011
48900 1094668 745604
48900 1126628 771504
48900 1123717 762493
48900 1133617 764944
48900 1109513 751616
48900 1113318 759329
48900 1100023 747988
48900 1124559 764245
48900 1128803 763570
48900 1102797 738855
48900 1103972 746352
48900 1100223 745293
48900 1112974 754921
48900 1143069 774190
48900 1120890 760762
48900 1110324 752150
48900 1123095 753250
48900 1116919 748018
48900 1107249 746980
48900 1118614 750103
48900 1128632 760160
48900 1111652 752569
48900 1135977 767610
48900 1048831 704837
48900 1090128 732805
48900 1124614 759655
48900 1136684 771495
48900 1119557 757548
48900 1126930 765206
48900 1123840 767123
48900 1129336 758007
48900 1122902 762865
48900 1107166 759508
48900 1101395 746489
48900 1124717 756746
48900 1112194 746574
48900 1102449 739677
49000 1092412 744189
49000 1110851 749690
49000 1118028 754466
49000 1090509 741065
49000 1078458 725808
49000 1108161 748786
49000 1126496 758217
49000 1124657 765607
49000 1105355 743979
49000 1143046 768580
49000 1110127 746121
49000 1104308 749438
49000 1080972 729827
49000 1098771 742799
49000 1103962 734898
49000 1100358 743135
49000 1133335 756763
49000 1091693 732158
49000 944548 625700
49000 1108910 745220
49000 1090254 727444
49000 1081526 729076
49000 1083004 732567
49000 945472 628421
49000 1109404 743183
49000 1112642 753521
49000 1105739 748771
49000 1098089 742588
49000 1093489 734181
49000 1084288 731075
49000 1137282 762112
49000 1104647 743123
49000 949022 634989
49000 1082833 733450
49000 1087658 727960
49000 1110448 744640
49000 1100249 740902
49000 1094462 744398
49000 1106188 745199
49000 1099233 737107
49000 1075045 717129
49000 1094045 740125
49000 1127279 755496
49000 930921 626151
49000 1078635 730166
49000 1123896 763157
49000 1096153 736559
49000 1096301 743963
49000 1103359 743853
49000 1091557 742797
49100 922144 616297
49100 1127390 761524
49100 1090705 735387
49100 1086490 728058
49100 1131743 767735
49100 1095364 743904
49100 1128803 762202
49100 1132359 764931
49100 1122379 752293
49100 1113683 760352
49100 1122868 754254
49100 1110329 747364
49100 1083430 722406
49100 1133231 767641
49100 1098170 739827
49100 1099066 742204
49100 1117795 748412
49100 1112589 745783
49100 1098935 737958
49100 1114810 757636
49100 1093558 731420
49100 1111005 750351
49100 1111040 755369
49100 1119464 755688
49100 1129687 766752
49100 1122824 753614
49100 1114497 754607
49100 1105363 750677
49100 1122338 751392
49100 1111980 750973
49100 1100088 746071
49100 1095962 742070
49100 965642 646388
49100 1094946 738463
49100 1143211 763430
49100 1094971 743621
49100 906513 603312
49100 1088130 735693
49100 1100816 740759
49100 1109458 746336
49100 1106925 741211
49100 1147102 770658
49100 1097121 745174
49100 1115295 758956
49100 1112918 752243
49100 1117834 746390
49100 1112104 756025
49100 1100391 744798
49100 1110486 746101
49100 1118851 759814
49200 1135651 770119
49200 1116539 758712
49200 1111299 752611
49200 1115474 750676
49200 1141487 768259
49200 1104644 749040
49200 1129287 758425
49200 1101339 746923
49200 1112847 754310
49200 1132030 769529
49200 1085126 734012
49200 1138523 766440
49200 1100108 745602
49200 1144710 775552
49200 1102817 738649
49200 1108718 751330
49200 1119036 759713
49200 1143955 771190
49200 1082570 734783
49200 1106287 744465
49200 1098687 741420
49200 1113876 757058
49200 1103443 748981
49200 1109706 747648
49200 1118622 760959
49200 1126719 757904
49200 1109876 751027
49200 1111506 757178
49200 1114306 755580
49200 1092095 732963
49200 1115743 760334
49200 1080028 718861
49200 1098395 744030
49200 1104488 744042
49200 1096077 744245
49200 1104526 740740
49200 1108497 758641
49200 1119697 761804
49200 1125552 767373
49200 1097097 736465
49200 1110257 749000
49200 1135197 766125
49200 1125532 769194
49200 1138428 775646
49200 1104975 742869
49200 1124385 760010
49200 1118845 753334
49200 1103745 756126
49200 1099109 737679
49200 1117380 761579
49300 1143992 775721
49300 1107151 747708
49300 1106278 739506
49300 1135635 758522
49300 1102743 745896
49300 1136930 769511
49300 1117605 751716
49300 1108047 751791
49300 1096721 738393
49300 1122057 752340
49300 1101621 744131
49300 1111208 746836
49300 1112191 753139
49300 1130838 767556
49300 1104970 749937
49300 1102533 741453
49300 1113880 757498
49300 1111236 752204
49300 1118835 758363
49300 1096898 746108
49300 1109774 750079
49300 1105488 749975
49300 1131685 757727
49300 1118309 754884
49300 1131851 752194
49300 1118742 748393
49300 1137763 768217
49300 1127002 759629
49300 1116750 746157
49300 1128751 766240
49300 1127090 764424
49300 1112787 748490
49300 1113327 750479
49300 1112288 756293
49300 1114123 737314
49300 1102467 737998
49300 1108846 751960
49300 1120373 758736
49300 1118400 756128
49300 1114011 749121
49300 1127797 749838
49300 1102748 744464
49300 1118445 753456
49300 1110854 755480
49300 1113469 751902
49300 1127724 758895
49300 1114226 756711
49300 1115947 752666
49300 1133440 759627
49300 1108459 741898
49400 1119473 751362
49400 1137623 766984
49400 1126402 756802
49400 1120201 767316
49400 1124699 762927
49400 1116809 755960
49400 1140086 771141
49400 1094800 734278
49400 1114302 759166
49400 1153863 771003
49400 1123477 768189
49400 920752 618479
49400 1120458 762019
49400 1136925 770408
49400 1127789 768554
49400 1145553 774211
49400 1121178 755996
49400 1114715 752818
49400 1139959 775112
49400 1138834 767745
49400 1114307 744021
49400 1152502 784137
49400 924696 619054
49400 1108397 746957
49400 1099133 742205
49400 1134971 771104
49400 1118351 761202
49400 1110820 758161
49400 1106375 744804
49400 1131222 771421
49400 1122327 758439
49400 1112527 752452
49400 1136535 769326
49400 1107603 740490
49400 1127779 762012
49400 1123595 763158
49400 1111690 750691
49400 1113777 753347
49400 1114679 748384
49400 1129754 769082
49400 1107460 754948
49400 1095111 737990
49400 1092254 740793
49400 1136642 767874
49400 1130821 767617
49400 1113820 758719
49400 1137171 775959
49400 1131087 769370
49400 1094992 734922
49400 1089245 725789
49500 1112546 750494
49500 1125232 763677
49500 1103930 750493
49500 1149925 762786
49500 1102552 744184
49500 1112017 754661
49500 1112017 745903
49500 1125594 756608
49500 1114228 753794
49500 1088320 729914
49500 1104288 746867
49500 1107219 750008
49500 1119725 757984
49500 1131463 774298
49500 1095230 740499
49500 1115819 757031
49500 1120095 750296
49500 1102042 749098
49500 1104640 748877
49500 1130085 767880
49500 1095005 725166
49500 1097232 744478
49500 1116317 764039
49500 1135758 764547
49500 1121083 750031
49500 1094225 729753
49500 1114970 750954
49500 1110462 744019
49500 1124292 765364
49500 1122210 758589
49500 1118775 751975
49500 1115146 747330
49500 1110263 743874
49500 930141 617199
49500 960067 636514
49500 1125358 762117
49500 1130314 757607
49500 1095094 739839
49500 1107027 748453
49500 1109351 747660
49500 1111260 753131
49500 1125140 753441
49500 1155142 764759
49500 1113570 751570
49500 1122691 760367
49500 1130673 765284
49500 1126694 758393
49500 1099812 731732
49500 1138730 762706
49500 1091983 732873
49600 1100653 740920
49600 1101473 744273
49600 1132994 765591
49600 1133259 763601
49600 1092526 733780
49600 1172120 793830
49600 1141263 756966
49600 1107317 752730
49600 1132520 763930
49600 1115906 750375
49600 1131385 771369
49600 1150064 768591
49600 1124988 752727
49600 1148796 776501
49600 1119842 766378
49600 1154133 779891
49600 1124495 758959
49600 1127090 763629
49600 1126906 766419
49600 1138029 765299
49600 1148990 773098
49600 1133277 766606
49600 1121772 761798
49600 1110994 755224
49600 1088988 735026
49600 1123532 767044
49600 1122836 750981
49600 1136219 772333
49600 1136215 768243
49600 1115038 759611
49600 1132578 769233
49600 1125247 762100
49600 1116243 751228
49600 1124903 760538
49600 1145639 773792
49600 1111882 754626
49600 1117493 762750
49600 1111788 757374
49600 1131586 760302
49600 1122458 756160
49600 1128965 761577
49600 1126562 763638
49600 1128175 765453
49600 1118570 746403
49600 1086681 731062
49600 1132815 771069
49600 1114467 753789
49600 1112452 745040
49600 1148870 776582
49600 1130873 756623
49700 1123641 761344
49700 1152880 779188
49700 1153002 780075
49700 1137616 759320
49700 1157508 782684
49700 1120828 762628
49700 1121890 754739
49700 1076098 718452
49700 1148944 776787
49700 1140268 760115
49700 1128687 767838
49700 1144025 776343
49700 1119233 757679
49700 1146183 774755
49700 1134387 771671
49700 1138851 774861
49700 1150617 778758
49700 1127307 752671
49700 1117488 745729
49700 1137512 769329
49700 1126992 763770
49700 1125839 763454
49700 1121009 761281
49700 1100609 740653
49700 1137329 774492
49700 1131348 759417
49700 953282 638059
49700 1119961 759092
49700 1111706 750348
49700 1137690 770815
49700 1121585 743140
49700 1163873 784832
49700 1132646 770528
49700 1121711 763021
49700 1124518 765377
49700 1126049 755637
49700 1117224 760695
49700 1117216 759118
49700 1132219 758804
49700 1122411 758880
49700 1110705 748810
49700 1130750 770018
49700 1125602 758411
49700 1119822 750137
49700 1128858 769998
49700 1105522 749717
49700 1126461 767270
49700 1121376 751980
49700 1138853 772873
49700 1126582 748159
49800 1109259 752124
49800 1126013 763856
49800 1138746 768738
49800 1116128 755238
49800 1154948 781857
49800 1121239 763437
49800 1110264 751149
49800 1100167 743682
49800 1137583 771519
49800 1115017 751782
49800 1121519 751322
49800 1107963 748996
49800 1128166 760012
49800 1108034 745707
49800 1133566 758542
49800 1148419 780070
49800 1115487 746509
49800 1127763 764137
49800 1111023 749577
49800 1136109 771515
49800 1116055 760079
49800 934439 627521
49800 1115090 749814
49800 1120075 759412
49800 1115969 747581
49800 1132319 767792
49800 1120467 754310
49800 1143837 768952
49800 1118457 755017
49800 1131150 767855
49800 1132942 767146
49800 1115784 751281
49800 1111939 756773
49800 1123869 752998
49800 1102100 738935
49800 1131197 763889
49800 1132235 769087
49800 1106554 745952
49800 1114731 748330
49800 1140037 771321
49800 1116681 748920
49800 1177450 796377
49800 1107434 745679
49800 1128443 758648
49800 1123067 759805
49800 1117014 754614
49800 1114582 756561
49800 1140044 763627
49800 1154206 790829
49800 1126790 767931
49900 1176755 794737
49900 1165521 790749
49900 1126116 771133
49900 1124206 761135
49900 1154203 782706
49900 1103945 736791
49900 1128496 769535
49900 1131907 768343
49900 1146608 776585
49900 1117821 762283
49900 1116811 752604
49900 1154790 785002
49900 1143055 777458
49900 1119524 761264
49900 1147476 773512
49900 1156369 788262
49900 1137939 764589
49900 1140420 771989
49900 1127222 750512
49900 1165335 782572
49900 1164165 797406
49900 1127868 759122
49900 1124276 756375
49900 1120758 767726
49900 1139852 767811
49900 1156350 781921
49900 1134817 776164
49900 1155885 780484
49900 1134137 770615
49900 1129650 763743
49900 1170876 795205
49900 1151669 781395
49900 1149814 773429
49900 1127986 760453
49900 1120511 756815
49900 1138241 773425
49900 953680 645883
49900 957116 632560
49900 1127418 761765
49900 1110750 743175
49900 946689 637993
49900 1115045 755775
49900 1116714 754061
49900 1134253 762614
49900 1125269 765104
49900 1125783 768986
49900 1117637 756622
49900 1131146 768655
49900 1118819 755840
49900 1104539 745970
50000 1126564 761021
50000 1126337 764464
50000 1149643 778114
50000 1147867 764990
50000 1138571 770796
50000 1123160 746727
50000 1131322 764442
50000 1118082 755627
50000 1134846 768139
50000 1114847 750599
50000 1133462 758526
50000 1128271 764052
50000 1107609 743308
50000 1098096 733367
50000 1132328 764061
50000 1121412 760811
50000 1127841 756839
50000 1115410 740280
50000 1128794 763057
50000 1121609 756734
50000 1133366 772123
50000 1125211 760970
50000 1119166 759238
50000 1108611 748061
50000 1128493 758058
50000 1115011 742604
50000 1122063 760637
50000 1106886 742826
50000 896244 598846
50000 1132262 766776
50000 1110654 753254
50000 1130028 767967
50000 1141719 765690
50000 1157848 779060
50000 1123898 752616
50000 1131240 759385
50000 1098448 741364
50000 1126686 767019
50000 1151967 776460
50000 1110933 741311
50000 1118444 761639
50000 1098138 741340
50000 1131020 767951
50000 1093804 730030
50000 1143367 773039
50000 929544 614405
50000 1114280 738252
50000 1127323 757307
50000 1139887 767628
50000 1112698 753710
