100 542 404
100 591 448
100 587 447
100 506 375
100 519 380
100 524 389
100 529 399
100 546 408
100 531 398
100 540 405
100 600 470
100 513 375
100 530 395
100 569 430
100 562 416
100 545 407
100 543 410
100 471 333
100 483 341
100 532 401
100 517 377
100 511 372
100 523 383
100 569 431
100 536 408
100 501 364
100 574 434
100 522 389
100 489 351
100 472 333
100 514 377
100 531 398
100 535 403
100 532 404
100 509 376
100 462 324
100 541 402
100 520 386
100 587 458
100 534 402
100 533 394
100 543 408
100 543 398
100 525 382
100 524 386
100 554 418
100 520 381
100 564 427
100 596 455
100 532 388
200 1197 892
200 1156 842
200 1199 882
200 1191 860
200 1204 870
200 1136 821
200 1198 884
200 1136 808
200 1223 883
200 1129 819
200 1214 896
200 1305 979
200 1161 839
200 1209 887
200 1162 845
200 1148 821
200 1246 899
200 1177 850
200 1111 789
200 1151 832
200 1166 849
200 1192 874
200 1102 775
200 1070 753
200 1196 880
200 1138 816
200 1178 844
200 1280 968
200 1259 913
200 1226 900
200 1107 783
200 1196 877
200 1223 871
200 1148 826
200 1147 816
200 1157 827
200 1173 855
200 1116 804
200 1159 832
200 1167 849
200 1299 965
200 1121 801
200 1208 873
200 1210 879
200 1214 892
200 1125 800
200 1186 862
200 1141 821
200 1166 849
200 1158 843
300 1844 1295
300 1816 1312
300 1883 1337
300 1844 1304
300 1877 1352
300 1902 1352
300 1837 1313
300 1944 1404
300 1903 1366
300 1816 1276
300 1882 1365
300 1838 1326
300 1876 1343
300 1958 1421
300 1760 1216
300 1900 1356
300 1818 1289
300 1910 1387
300 1927 1392
300 1882 1350
300 1923 1383
300 1932 1397
300 1925 1390
300 1875 1335
300 1799 1245
300 1914 1375
300 1859 1313
300 1752 1248
300 1830 1314
300 1668 1173
300 1827 1297
300 1878 1338
300 1901 1361
300 1920 1398
300 1762 1228
300 1779 1267
300 1871 1347
300 1810 1279
300 1785 1266
300 1877 1343
300 1885 1353
300 1926 1379
300 1845 1285
300 1930 1371
300 1920 1384
300 1901 1361
300 1848 1340
300 1851 1330
300 1887 1344
300 1827 1290
400 2519 1780
400 2494 1730
400 2608 1857
400 2651 1902
400 2603 1857
400 2582 1870
400 2678 1930
400 2766 2003
400 2543 1799
400 2675 1948
400 2725 1959
400 2692 1973
400 2676 1937
400 2640 1889
400 2668 1914
400 2559 1803
400 2650 1844
400 2608 1874
400 2750 1980
400 2555 1799
400 2590 1846
400 2581 1827
400 2547 1791
400 2638 1915
400 2566 1805
400 2639 1870
400 2700 1969
400 2636 1899
400 2728 1981
400 2595 1833
400 2407 1679
400 2604 1865
400 2584 1842
400 2640 1888
400 2529 1783
400 2606 1838
400 2696 1969
400 2594 1813
400 2575 1823
400 2611 1872
400 2682 1936
400 2554 1817
400 2567 1845
400 2697 1924
400 2542 1816
400 2521 1801
400 2474 1750
400 2526 1793
400 2778 2018
400 2649 1892
500 3214 2260
500 3279 2319
500 3300 2349
500 3318 2388
500 3198 2239
500 3478 2535
500 3281 2330
500 3289 2354
500 3357 2399
500 3307 2363
500 3455 2493
500 3518 2545
500 3327 2387
500 3376 2427
500 3165 2235
500 3359 2399
500 3320 2358
500 3236 2295
500 3327 2384
500 3205 2271
500 3298 2349
500 3130 2190
500 3163 2230
500 3191 2247
500 3089 2157
500 3240 2302
500 3322 2372
500 3192 2242
500 3289 2332
500 3284 2365
500 3162 2210
500 3258 2320
500 3326 2360
500 3420 2461
500 3300 2361
500 3306 2345
500 3140 2207
500 3222 2270
500 3179 2247
500 3345 2397
500 3324 2357
500 3357 2412
500 3056 2125
500 3261 2337
500 3279 2356
500 3261 2295
500 3448 2468
500 3342 2371
500 3362 2403
500 3313 2361
600 4008 2857
600 4199 3017
600 4100 2927
600 4066 2876
600 3854 2712
600 3848 2696
600 3960 2769
600 4132 2964
600 3887 2733
600 3943 2777
600 4186 3032
600 3951 2782
600 4142 2978
600 4289 3091
600 3958 2799
600 3999 2835
600 4105 2942
600 3930 2778
600 3819 2654
600 4175 3002
600 4110 2963
600 4015 2843
600 4106 2912
600 4035 2859
600 3842 2667
600 3940 2768
600 3934 2784
600 3868 2709
600 4066 2894
600 4062 2892
600 3865 2700
600 4040 2876
600 3897 2728
600 4065 2928
600 4138 2960
600 3835 2664
600 4079 2887
600 3966 2792
600 4145 2965
600 4032 2830
600 4009 2820
600 4102 2902
600 4001 2849
600 4171 2972
600 3989 2803
600 4208 2999
600 3786 2633
600 4018 2841
600 4064 2890
600 4061 2860
700 4496 3113
700 4752 3369
700 4877 3475
700 4709 3287
700 4709 3300
700 4517 3103
700 4605 3232
700 4711 3339
700 4367 3047
700 4442 3095
700 4674 3309
700 4866 3488
700 4823 3449
700 4791 3389
700 4658 3232
700 4703 3316
700 4570 3178
700 4736 3320
700 4777 3388
700 4662 3285
700 4833 3425
700 4839 3436
700 4725 3335
700 4643 3280
700 4729 3358
700 4690 3287
700 4668 3271
700 4632 3231
700 4939 3564
700 4753 3340
700 4795 3403
700 4732 3348
700 4747 3372
700 4715 3322
700 4691 3297
700 4466 3091
700 4882 3502
700 4565 3198
700 4830 3440
700 4583 3192
700 4844 3459
700 4706 3358
700 4652 3302
700 4676 3293
700 4903 3503
700 4699 3288
700 4826 3408
700 4518 3166
700 4723 3362
700 4864 3443
800 5609 3974
800 5471 3889
800 5354 3771
800 5233 3608
800 5222 3675
800 5455 3845
800 5463 3880
800 5363 3751
800 5150 3589
800 5552 3997
800 5209 3635
800 5295 3728
800 5468 3854
800 5390 3826
800 5433 3858
800 5432 3799
800 5533 3855
800 5276 3669
800 5635 4009
800 5626 4019
800 5074 3494
800 5797 4161
800 5441 3777
800 5561 3952
800 5499 3901
800 5463 3809
800 5456 3824
800 5092 3508
800 5545 3955
800 5411 3752
800 5617 4039
800 5250 3596
800 5529 3918
800 5441 3844
800 5583 3984
800 5265 3640
800 5444 3816
800 5463 3872
800 5520 3933
800 5509 3931
800 5558 3942
800 5254 3686
800 5427 3817
800 5399 3815
800 5547 3970
800 5387 3795
800 5544 3930
800 5577 3982
800 5429 3841
800 5268 3683
900 6276 4487
900 6264 4438
900 6351 4480
900 6168 4341
900 6041 4270
900 6123 4295
900 6044 4273
900 6127 4349
900 6018 4170
900 6323 4493
900 6255 4425
900 6309 4519
900 5776 4050
900 6169 4330
900 6136 4342
900 6145 4353
900 5938 4098
900 6084 4303
900 6456 4622
900 6183 4391
900 6175 4395
900 6062 4265
900 6331 4512
900 6242 4433
900 5958 4188
900 6226 4371
900 6135 4352
900 6104 4268
900 6199 4372
900 6255 4362
900 6283 4463
900 5926 4146
900 6215 4399
900 6151 4331
900 6345 4527
900 5808 4061
900 6147 4322
900 6160 4381
900 6205 4447
900 6231 4412
900 6224 4395
900 6350 4534
900 5882 4124
900 6086 4310
900 5830 4019
900 6232 4405
900 6489 4604
900 6064 4200
900 6143 4296
900 6262 4402
1000 7093 4969
1000 7008 4951
1000 6981 4882
1000 6530 4502
1000 7091 5031
1000 6794 4725
1000 7050 4987
1000 6925 4863
1000 7120 5089
1000 6872 4756
1000 6751 4690
1000 6661 4611
1000 7095 5000
1000 6800 4765
1000 6620 4539
1000 7130 5045
1000 6628 4568
1000 6986 4975
1000 6913 4867
1000 7135 5088
1000 7081 5020
1000 7137 5046
1000 6998 4939
1000 7033 4953
1000 6892 4870
1000 6889 4866
1000 6750 4737
1000 7039 4957
1000 7083 4979
1000 6903 4845
1000 6841 4780
1000 7321 5251
1000 7108 4993
1000 7051 4994
1000 6921 4841
1000 6809 4730
1000 6883 4841
1000 6653 4558
1000 6987 4939
1000 7267 5179
1000 6963 4895
1000 7217 5123
1000 6690 4642
1000 7129 5070
1000 6782 4779
1000 7221 5086
1000 6672 4620
1000 6896 4809
1000 6950 4875
1000 6885 4778
1100 7679 5379
1100 7253 5013
1100 7835 5527
1100 7681 5316
1100 7611 5278
1100 7954 5597
1100 7712 5432
1100 7768 5442
1100 7604 5309
1100 7821 5542
1100 7895 5601
1100 7818 5566
1100 7715 5389
1100 7563 5274
1100 7370 5093
1100 7597 5355
1100 7829 5546
1100 7811 5494
1100 7274 5032
1100 7633 5303
1100 7910 5653
1100 7688 5370
1100 7796 5477
1100 7730 5388
1100 7441 5199
1100 7862 5565
1100 7845 5556
1100 7278 5051
1100 7156 4974
1100 7952 5587
1100 7606 5318
1100 7434 5160
1100 7766 5435
1100 7569 5313
1100 7456 5190
1100 7876 5587
1100 7712 5408
1100 7842 5516
1100 7945 5600
1100 7600 5357
1100 7652 5381
1100 7831 5537
1100 7861 5575
1100 7763 5437
1100 7583 5345
1100 7319 5073
1100 7585 5305
1100 7428 5185
1100 7502 5187
1100 7503 5252
1200 8405 5916
1200 8529 5970
1200 8299 5809
1200 8071 5663
1200 8138 5701
1200 8294 5790
1200 8185 5663
1200 8035 5551
1200 8073 5576
1200 8080 5579
1200 8255 5726
1200 8504 5971
1200 8461 5984
1200 8258 5718
1200 8584 6061
1200 8355 5817
1200 8482 5945
1200 8702 6199
1200 8130 5675
1200 8599 6070
1200 8526 5988
1200 8610 6074
1200 8489 5941
1200 8563 5914
1200 8479 5955
1200 8018 5592
1200 8433 5907
1200 8129 5643
1200 8696 6130
1200 8250 5726
1200 8547 6065
1200 8554 5957
1200 8583 6097
1200 8346 5877
1200 8389 5801
1200 7992 5588
1200 8473 5987
1200 8565 6031
1200 8218 5635
1200 8571 6068
1200 8346 5833
1200 8600 6063
1200 8262 5817
1200 8829 6320
1200 8300 5739
1200 7996 5573
1200 8510 5939
1200 8618 6082
1200 7882 5405
1200 8256 5755
1300 9165 6436
1300 9042 6291
1300 9126 6362
1300 9108 6252
1300 9113 6389
1300 9306 6533
1300 9179 6419
1300 9172 6463
1300 9077 6420
1300 9225 6490
1300 8717 6040
1300 9090 6356
1300 9305 6516
1300 8730 6039
1300 9300 6511
1300 9358 6639
1300 9200 6428
1300 9525 6774
1300 9106 6298
1300 9137 6389
1300 8936 6243
1300 8797 6074
1300 9135 6402
1300 8970 6241
1300 9130 6422
1300 9026 6246
1300 9004 6236
1300 9504 6747
1300 9086 6334
1300 9183 6401
1300 9205 6429
1300 9082 6395
1300 9318 6547
1300 9251 6513
1300 9067 6323
1300 9205 6442
1300 9336 6584
1300 8946 6207
1300 9323 6527
1300 9049 6301
1300 8632 5978
1300 9186 6384
1300 8983 6290
1300 9011 6228
1300 9232 6466
1300 8783 6148
1300 9174 6488
1300 9493 6796
1300 9200 6567
1300 8825 6200
1400 9643 6713
1400 10221 7272
1400 9997 7017
1400 9872 6887
1400 10012 7069
1400 10110 7118
1400 9929 6936
1400 9720 6775
1400 10166 7176
1400 9961 6974
1400 10301 7295
1400 10189 7226
1400 9772 6829
1400 9695 6768
1400 9774 6841
1400 9635 6706
1400 9513 6634
1400 9137 6284
1400 10024 7083
1400 9904 6994
1400 10105 7112
1400 9828 6825
1400 9666 6694
1400 9974 6948
1400 9523 6612
1400 10038 7078
1400 9859 6946
1400 10357 7352
1400 9881 6899
1400 9954 7016
1400 10194 7265
1400 10025 7048
1400 9579 6675
1400 9701 6738
1400 9714 6745
1400 9860 6876
1400 9715 6754
1400 10324 7295
1400 10105 7095
1400 9779 6822
1400 9970 6963
1400 9805 6903
1400 9959 7009
1400 9764 6810
1400 9945 7022
1400 10095 7158
1400 9933 6927
1400 10114 7138
1400 9954 7013
1400 9756 6786
1500 10805 7600
1500 10866 7619
1500 10406 7264
1500 10665 7451
1500 10437 7283
1500 10643 7441
1500 10417 7265
1500 10722 7515
1500 10657 7468
1500 10924 7727
1500 10581 7371
1500 10902 7656
1500 10413 7218
1500 10630 7409
1500 10516 7322
1500 10482 7248
1500 10459 7269
1500 10923 7757
1500 10438 7288
1500 10789 7523
1500 10572 7388
1500 11028 7694
1500 10372 7183
1500 10373 7261
1500 10634 7489
1500 10617 7383
1500 10693 7518
1500 10615 7426
1500 10540 7270
1500 10876 7639
1500 9801 6631
1500 10407 7215
1500 10609 7351
1500 10530 7255
1500 10350 7222
1500 10768 7584
1500 10840 7619
1500 10714 7467
1500 10707 7440
1500 10928 7700
1500 10384 7211
1500 10552 7364
1500 10553 7365
1500 10364 7215
1500 10703 7492
1500 10728 7473
1500 10564 7317
1500 10659 7415
1500 10646 7438
1500 10614 7382
1600 11301 7953
1600 11166 7766
1600 11360 7940
1600 11477 8005
1600 11531 8111
1600 11008 7530
1600 11104 7699
1600 10630 7376
1600 11412 7967
1600 11742 8297
1600 11294 7876
1600 11017 7668
1600 11514 8038
1600 11512 8114
1600 11684 8261
1600 11320 7873
1600 11588 8117
1600 11461 7958
1600 11610 8117
1600 11701 8264
1600 11800 8296
1600 11358 7964
1600 11572 8137
1600 11127 7716
1600 11313 7880
1600 11042 7699
1600 11361 8006
1600 11010 7536
1600 11536 8112
1600 11423 7960
1600 10993 7519
1600 11446 8011
1600 11095 7668
1600 11394 7906
1600 11697 8296
1600 11353 7854
1600 11331 7938
1600 11392 7950
1600 11554 8111
1600 11441 8027
1600 11347 7858
1600 11689 8217
1600 11091 7675
1600 11467 8059
1600 11550 8106
1600 11172 7759
1600 11730 8247
1600 11519 8068
1600 11337 7891
1600 11301 7797
1700 11974 8198
1700 12193 8448
1700 12107 8497
1700 11866 8187
1700 12086 8498
1700 11946 8230
1700 12216 8383
1700 12255 8612
1700 12550 8920
1700 12414 8755
1700 12188 8461
1700 11662 8079
1700 12420 8776
1700 11772 8181
1700 12498 8853
1700 12544 8874
1700 12651 8936
1700 12368 8686
1700 11829 8167
1700 12403 8675
1700 12158 8520
1700 12079 8410
1700 11927 8255
1700 12433 8773
1700 12396 8717
1700 11963 8426
1700 12243 8546
1700 12185 8495
1700 11878 8193
1700 12128 8443
1700 12423 8733
1700 12012 8464
1700 12349 8630
1700 12607 8929
1700 12358 8692
1700 12367 8687
1700 12604 8908
1700 11981 8370
1700 11997 8315
1700 12049 8282
1700 12060 8385
1700 11857 8310
1700 12011 8364
1700 11969 8361
1700 12344 8686
1700 12273 8595
1700 12618 8931
1700 11882 8251
1700 11932 8308
1700 12490 8708
1800 12595 8748
1800 12868 8917
1800 12487 8562
1800 12793 8899
1800 13147 9180
1800 12829 8944
1800 13024 9108
1800 13152 9239
1800 13107 9151
1800 12944 8889
1800 12314 8568
1800 12345 8541
1800 12526 8708
1800 12810 8926
1800 12816 9019
1800 12225 8381
1800 12814 8908
1800 13247 9254
1800 12666 8786
1800 13000 9155
1800 12818 8910
1800 12750 8799
1800 12991 9053
1800 12493 8595
1800 12765 8737
1800 13083 9165
1800 12235 8424
1800 12458 8588
1800 13238 9268
1800 12587 8621
1800 13501 9485
1800 12254 8438
1800 12709 8797
1800 13269 9325
1800 12976 8996
1800 12278 8449
1800 13293 9299
1800 12583 8770
1800 12715 8767
1800 13392 9387
1800 13117 9246
1800 13081 9217
1800 12683 8822
1800 13035 9108
1800 12292 8477
1800 12490 8534
1800 12746 8812
1800 12582 8653
1800 12779 8765
1800 13080 9118
1900 13937 9730
1900 13759 9554
1900 13911 9797
1900 13643 9454
1900 14029 9847
1900 13986 9801
1900 13885 9733
1900 13962 9701
1900 14113 9965
1900 13738 9584
1900 14435 10163
1900 13292 9234
1900 13560 9488
1900 13182 9027
1900 13919 9749
1900 13491 9447
1900 13768 9658
1900 13560 9483
1900 13947 9800
1900 13209 9038
1900 13766 9577
1900 13543 9509
1900 13050 8962
1900 13485 9418
1900 13646 9509
1900 13769 9628
1900 14013 9850
1900 14170 10042
1900 13351 9373
1900 13554 9347
1900 13528 9319
1900 13781 9612
1900 13822 9607
1900 13511 9271
1900 13775 9596
1900 13497 9375
1900 12830 8793
1900 13866 9652
1900 13458 9202
1900 13386 9321
1900 13756 9632
1900 13633 9429
1900 13136 9128
1900 13642 9473
1900 13409 9283
1900 13936 9819
1900 13774 9666
1900 13303 9235
1900 13643 9475
1900 14212 10001
2000 14215 9752
2000 14459 10062
2000 14381 9888
2000 14386 9962
2000 14572 10165
2000 15040 10585
2000 14732 10328
2000 14144 9591
2000 13759 9459
2000 14483 10028
2000 14486 10001
2000 14477 10100
2000 14245 9889
2000 14584 10186
2000 14103 9794
2000 13947 9498
2000 14165 9835
2000 14847 10413
2000 14568 10133
2000 14442 10022
2000 14390 9983
2000 14614 10225
2000 13888 9648
2000 14011 9635
2000 14667 10287
2000 14179 9810
2000 14566 9970
2000 14379 10055
2000 14638 10252
2000 14108 9747
2000 14615 10149
2000 14405 10021
2000 13896 9605
2000 14219 9855
2000 14486 10169
2000 14263 10007
2000 14786 10340
2000 14395 9977
2000 14399 10059
2000 14167 9839
2000 14547 10166
2000 14086 9773
2000 14867 10465
2000 14711 10314
2000 14082 9756
2000 13936 9548
2000 14206 9801
2000 14332 9979
2000 14548 10129
2000 14703 10280
2100 14769 10108
2100 15515 10872
2100 14860 10108
2100 14851 10245
2100 14832 10212
2100 15286 10792
2100 15145 10475
2100 15570 10947
2100 14024 9586
2100 15471 10761
2100 14859 10256
2100 15038 10407
2100 14796 10118
2100 14958 10372
2100 15264 10642
2100 14580 9940
2100 14703 10086
2100 15102 10435
2100 15343 10729
2100 15433 10827
2100 14855 10340
2100 15240 10654
2100 14545 10020
2100 15574 10967
2100 15437 10799
2100 15489 10861
2100 15207 10661
2100 15637 10974
2100 15665 11009
2100 15483 10884
2100 15038 10429
2100 15731 11097
2100 14684 10078
2100 15285 10630
2100 14630 10104
2100 15305 10632
2100 15286 10663
2100 14863 10308
2100 14815 10235
2100 14885 10275
2100 14896 10254
2100 14995 10416
2100 14815 10268
2100 15352 10811
2100 15310 10712
2100 15142 10397
2100 15354 10803
2100 14640 10110
2100 15309 10594
2100 14867 10250
2200 15256 10513
2200 15771 10866
2200 16084 11200
2200 15881 11123
2200 16281 11432
2200 15956 11191
2200 16407 11510
2200 15947 11115
2200 15864 11056
2200 16347 11366
2200 16084 11176
2200 16375 11544
2200 16503 11664
2200 15930 11008
2200 16415 11521
2200 15974 11059
2200 16351 11468
2200 15849 11100
2200 16418 11465
2200 15640 10867
2200 16686 11798
2200 16321 11485
2200 16167 11379
2200 16084 11280
2200 16064 11269
2200 16188 11267
2200 16201 11351
2200 16025 11132
2200 16372 11485
2200 15577 10795
2200 16142 11203
2200 16370 11533
2200 15758 10898
2200 15946 11110
2200 16833 11928
2200 15949 11123
2200 15858 10979
2200 16071 11228
2200 15874 10966
2200 15814 10923
2200 16632 11766
2200 15914 10950
2200 16558 11654
2200 16187 11422
2200 15388 10651
2200 15351 10620
2200 15800 10984
2200 16319 11456
2200 15419 10736
2200 15693 10858
2300 16520 11500
2300 16812 11679
2300 16922 11837
2300 16638 11436
2300 16712 11581
2300 16866 11771
2300 16735 11558
2300 16924 11774
2300 16605 11535
2300 17053 11986
2300 15593 10686
2300 16775 11740
2300 16775 11616
2300 16826 11784
2300 15714 10958
2300 16660 11685
2300 15708 10643
2300 16917 11779
2300 16856 11737
2300 16605 11461
2300 16578 11480
2300 16251 11350
2300 17369 12207
2300 16996 11909
2300 16956 11868
2300 17100 12019
2300 16709 11601
2300 16540 11463
2300 16362 11399
2300 16432 11231
2300 16975 11931
2300 16723 11560
2300 16747 11684
2300 16800 11741
2300 17253 12039
2300 16494 11424
2300 16687 11515
2300 16767 11581
2300 17262 12122
2300 17246 12093
2300 16555 11418
2300 16974 11855
2300 16454 11208
2300 17087 12018
2300 16926 11800
2300 16751 11599
2300 16969 11883
2300 16302 11216
2300 16922 11804
2300 17028 11975
2400 16885 11478
2400 17355 12018
2400 18095 12852
2400 17678 12297
2400 17998 12678
2400 17869 12552
2400 17499 12174
2400 17738 12422
2400 18082 12655
2400 17710 12425
2400 17645 12333
2400 17454 12147
2400 18021 12694
2400 17292 12099
2400 17457 12108
2400 17672 12215
2400 17631 12322
2400 17249 11969
2400 17667 12344
2400 18056 12657
2400 17382 12089
2400 17719 12441
2400 17178 11821
2400 17998 12654
2400 17182 11947
2400 17064 11907
2400 17823 12510
2400 17796 12412
2400 17472 12096
2400 17654 12264
2400 17033 11856
2400 16431 11085
2400 17862 12456
2400 17592 12277
2400 17591 12096
2400 17413 12090
2400 17019 11707
2400 17649 12237
2400 17664 12432
2400 17387 11879
2400 18067 12700
2400 17869 12566
2400 17295 11855
2400 17247 11841
2400 17934 12575
2400 17523 12121
2400 18155 12819
2400 17541 12302
2400 17427 12032
2400 17383 12012
2500 18539 12965
2500 18031 12381
2500 18729 13156
2500 18565 13078
2500 18086 12531
2500 17481 12077
2500 18566 12998
2500 18735 13146
2500 17848 12356
2500 18107 12689
2500 18489 12908
2500 18437 12879
2500 18696 13092
2500 18536 12975
2500 18133 12620
2500 18495 12917
2500 18178 12514
2500 17821 12212
2500 17962 12293
2500 17601 11947
2500 18263 12826
2500 18313 12727
2500 17481 11922
2500 17294 11867
2500 18609 12968
2500 18294 12827
2500 18266 12688
2500 18178 12532
2500 18026 12425
2500 18265 12645
2500 18287 12781
2500 17829 12267
2500 18197 12633
2500 18210 12606
2500 18518 12886
2500 18239 12698
2500 18022 12312
2500 18266 12709
2500 17986 12424
2500 17500 12059
2500 17905 12428
2500 17837 12409
2500 18268 12553
2500 18127 12385
2500 18593 12874
2500 18153 12428
2500 18164 12671
2500 18486 12916
2500 18384 12765
2500 18297 12813
2600 18299 12438
2600 19408 13596
2600 18637 12911
2600 19268 13482
2600 18985 13245
2600 18242 12428
2600 18335 12475
2600 19619 13792
2600 18536 12836
2600 18886 12951
2600 17479 11987
2600 18295 12577
2600 19294 13541
2600 18834 13121
2600 19110 13333
2600 18704 12892
2600 18900 13096
2600 18072 12504
2600 18909 13012
2600 19104 13289
2600 18666 13077
2600 19041 13353
2600 19129 13278
2600 19065 13169
2600 18834 13018
2600 17431 11868
2600 18868 13116
2600 18448 12704
2600 19311 13616
2600 19381 13576
2600 19465 13661
2600 18782 12985
2600 19300 13526
2600 19040 13274
2600 19261 13429
2600 18407 12614
2600 18382 12690
2600 18645 12943
2600 19099 13213
2600 19222 13463
2600 18736 12963
2600 19492 13705
2600 19014 13128
2600 19248 13445
2600 19074 13120
2600 18739 12824
2600 18948 12986
2600 19681 13875
2600 19565 13734
2600 18347 12571
2700 19674 13609
2700 19712 13699
2700 19834 13755
2700 20161 14120
2700 19142 13112
2700 19429 13532
2700 20689 14570
2700 20251 14129
2700 19595 13499
2700 20436 14346
2700 19452 13588
2700 20027 14036
2700 19811 13813
2700 19888 13815
2700 19302 13176
2700 20017 14042
2700 19865 13787
2700 20026 13927
2700 19501 13409
2700 19775 13748
2700 20429 14337
2700 20171 14188
2700 19632 13754
2700 19562 13562
2700 20402 14388
2700 20031 13974
2700 20360 14334
2700 19645 13686
2700 20688 14614
2700 19970 13915
2700 19741 13761
2700 20226 14153
2700 18629 12770
2700 19484 13439
2700 20458 14387
2700 19992 14003
2700 19405 13674
2700 19694 13588
2700 19838 13811
2700 20101 14130
2700 20255 14208
2700 19897 13779
2700 19196 13234
2700 19263 13266
2700 19591 13510
2700 20317 14360
2700 20120 14172
2700 20620 14635
2700 20037 13980
2700 19482 13494
2800 19873 13515
2800 20787 14412
2800 20419 14215
2800 21080 14705
2800 20866 14668
2800 20495 14288
2800 19718 13490
2800 20052 13722
2800 20345 14121
2800 20834 14488
2800 20429 14232
2800 21782 15466
2800 20121 14003
2800 20756 14443
2800 20900 14560
2800 20516 14180
2800 20938 14623
2800 20716 14334
2800 20050 13696
2800 21347 14966
2800 19726 13632
2800 20182 13776
2800 20380 14184
2800 19752 13480
2800 20847 14612
2800 20658 14315
2800 20397 14119
2800 20445 14110
2800 20246 14103
2800 20711 14432
2800 20767 14540
2800 20134 13882
2800 21033 14588
2800 19738 13489
2800 19670 13374
2800 20420 14043
2800 20910 14690
2800 20938 14623
2800 20375 14162
2800 20465 14078
2800 20518 14140
2800 19562 13486
2800 20734 14469
2800 20517 14018
2800 20309 13951
2800 20233 13950
2800 20230 14012
2800 21006 14767
2800 20411 14192
2800 20905 14624
2900 21043 14498
2900 21107 14481
2900 21570 15168
2900 20833 14292
2900 21543 15024
2900 21712 15042
2900 21510 14927
2900 21461 14871
2900 21857 15315
2900 21488 14961
2900 21374 14837
2900 21457 14977
2900 21976 15381
2900 21673 15017
2900 21035 14487
2900 20249 13941
2900 22055 15534
2900 21316 14586
2900 21457 14832
2900 21644 15119
2900 21757 15282
2900 21671 15002
2900 21385 14828
2900 21869 15346
2900 21429 14808
2900 21175 14681
2900 21692 15213
2900 22106 15520
2900 20337 13980
2900 21678 15154
2900 21498 14859
2900 21493 14932
2900 21400 14896
2900 21834 15353
2900 21151 14835
2900 21309 14807
2900 21247 14736
2900 21170 14755
2900 21273 14737
2900 21719 15137
2900 21977 15303
2900 21203 14612
2900 21384 14960
2900 21189 14714
2900 21893 15415
2900 20861 14196
2900 20663 14238
2900 21604 15052
2900 22081 15590
2900 22440 15794
3000 21487 14646
3000 22030 15284
3000 21504 14739
3000 22357 15485
3000 22058 15076
3000 22696 15974
3000 22092 15359
3000 21288 14585
3000 22912 16076
3000 21606 14986
3000 22343 15619
3000 22114 15254
3000 22274 15523
3000 22346 15553
3000 22357 15531
3000 22022 15125
3000 21871 15168
3000 22087 15446
3000 22306 15575
3000 22385 15628
3000 22523 15667
3000 21178 14479
3000 22204 15302
3000 22384 15494
3000 22207 15485
3000 22755 15949
3000 21670 14985
3000 22378 15653
3000 21053 14126
3000 22076 15310
3000 22478 15624
3000 22519 15742
3000 22817 16117
3000 21160 14420
3000 22336 15590
3000 21970 15350
3000 22175 15452
3000 22144 15359
3000 22049 15269
3000 22505 15686
3000 22092 15365
3000 22471 15502
3000 21365 14564
3000 22139 15471
3000 21823 15065
3000 22697 15948
3000 22239 15411
3000 22255 15465
3000 21904 15155
3000 22422 15618
3100 23491 16439
3100 22425 15492
3100 22416 15479
3100 23270 16304
3100 22465 15523
3100 22323 15280
3100 22577 15484
3100 22501 15387
3100 22959 16010
3100 23515 16402
3100 23432 16420
3100 23245 16155
3100 22856 15748
3100 22914 15865
3100 22494 15549
3100 23684 16638
3100 22838 15936
3100 22250 15346
3100 23101 16140
3100 23311 16224
3100 23081 16076
3100 22838 15842
3100 23511 16596
3100 22842 15838
3100 22518 15635
3100 22271 15322
3100 21263 14402
3100 23526 16451
3100 23279 16185
3100 23587 16494
3100 23417 16330
3100 22311 15347
3100 22795 15749
3100 22303 15283
3100 23124 16141
3100 22662 15726
3100 22717 15737
3100 23265 16221
3100 22100 15059
3100 22158 15335
3100 22110 15003
3100 22606 15588
3100 22188 15190
3100 22827 15845
3100 22309 15199
3100 22776 15701
3100 22798 15928
3100 22509 15622
3100 22940 15828
3100 22914 15924
3200 23184 15890
3200 23827 16577
3200 23046 15908
3200 24180 16955
3200 22736 15625
3200 22713 15491
3200 24014 16647
3200 23672 16319
3200 23768 16415
3200 23852 16612
3200 24034 16783
3200 23692 16629
3200 22505 15558
3200 24058 16933
3200 23997 16823
3200 23181 15950
3200 23806 16579
3200 24086 16842
3200 23563 16395
3200 23377 16268
3200 23643 16574
3200 24233 16913
3200 23620 16529
3200 23570 16380
3200 24348 17214
3200 23402 16246
3200 24206 16973
3200 23368 16142
3200 23512 16118
3200 23219 15932
3200 23338 16233
3200 23692 16512
3200 23587 16289
3200 23375 16264
3200 24755 17552
3200 24758 17450
3200 23644 16360
3200 23800 16552
3200 24367 16995
3200 24060 16787
3200 24558 17284
3200 24498 17236
3200 24044 16764
3200 23774 16523
3200 24078 16748
3200 23509 16205
3200 24433 17187
3200 24103 16878
3200 24031 16828
3200 22542 15210
3300 22873 15662
3300 25010 17463
3300 24378 17021
3300 25175 17686
3300 24734 17100
3300 24721 17228
3300 24499 16921
3300 23887 16319
3300 23988 16534
3300 24961 17375
3300 24382 16980
3300 23961 16738
3300 23803 16244
3300 24621 17149
3300 24456 17057
3300 25019 17458
3300 24451 16952
3300 24625 17173
3300 24764 17298
3300 24022 16506
3300 24395 16950
3300 25027 17532
3300 23686 16234
3300 23161 15890
3300 24224 16839
3300 24271 16781
3300 24948 17319
3300 24382 16804
3300 24773 17238
3300 24739 17178
3300 24857 17394
3300 23409 16198
3300 24941 17337
3300 24429 16993
3300 24139 16580
3300 24317 16899
3300 23669 16335
3300 24586 17095
3300 24291 16855
3300 23442 16205
3300 25046 17549
3300 25091 17535
3300 23834 16294
3300 24616 17175
3300 24597 17123
3300 24123 16436
3300 24618 17183
3300 23839 16639
3300 25355 17804
3300 24569 16813
3400 25901 18168
3400 25003 17166
3400 24781 16860
3400 24612 16918
3400 25045 17451
3400 25283 17526
3400 24949 17239
3400 25439 17708
3400 25192 17548
3400 24915 17270
3400 25650 17887
3400 24813 16867
3400 25682 17937
3400 25653 17861
3400 25701 17875
3400 25149 17338
3400 25878 18241
3400 25509 17723
3400 25208 17386
3400 25013 17144
3400 25454 17637
3400 25502 17757
3400 24190 16392
3400 26272 18487
3400 25756 17967
3400 25177 17480
3400 24391 16761
3400 24505 16710
3400 25710 17853
3400 25602 17908
3400 25106 17142
3400 25794 18080
3400 24960 16960
3400 25301 17562
3400 24288 16720
3400 25720 18050
3400 25995 18283
3400 24908 17439
3400 25825 18153
3400 25789 17975
3400 24949 17347
3400 25005 17464
3400 24178 16779
3400 24219 16584
3400 24801 17446
3400 24124 16392
3400 25575 17786
3400 25719 17931
3400 25614 18038
3400 25908 18199
3500 25983 18190
3500 25892 17954
3500 24985 17112
3500 25538 17637
3500 25379 17427
3500 25811 17955
3500 25770 17908
3500 26072 18237
3500 25222 17232
3500 26778 18738
3500 26028 17985
3500 25893 17917
3500 26200 18251
3500 26647 18623
3500 25348 17334
3500 25259 17230
3500 26081 18168
3500 25241 17177
3500 26504 18632
3500 26384 18429
3500 25455 17262
3500 25624 17657
3500 26306 18368
3500 25184 17105
3500 26497 18551
3500 26273 18212
3500 26307 18255
3500 25491 17444
3500 25620 17645
3500 26022 18008
3500 25672 17624
3500 26470 18377
3500 25929 18080
3500 26270 18346
3500 27187 19054
3500 26090 18008
3500 25836 17878
3500 25882 17756
3500 26117 18037
3500 24685 16765
3500 26537 18493
3500 26738 18752
3500 25705 17603
3500 24548 16925
3500 25208 17194
3500 25070 17007
3500 25623 17675
3500 26323 18346
3500 26078 18188
3500 25466 17561
3600 26959 18740
3600 25818 17668
3600 26341 18161
3600 26260 17999
3600 27097 18778
3600 27542 19321
3600 27706 19373
3600 26065 17734
3600 27185 18975
3600 26110 17939
3600 27843 19445
3600 25565 17699
3600 27409 19143
3600 25360 17154
3600 26634 18616
3600 26674 18429
3600 26319 18187
3600 25579 17365
3600 26442 18235
3600 24621 16644
3600 26542 18470
3600 26348 18092
3600 27229 19084
3600 25381 17369
3600 26898 18622
3600 26998 18895
3600 26613 18387
3600 26478 18184
3600 26759 18463
3600 26777 18476
3600 26971 18880
3600 26071 17967
3600 26223 17840
3600 26109 17799
3600 27141 18932
3600 27087 18737
3600 26791 18603
3600 27512 19310
3600 26459 18147
3600 26944 18713
3600 26497 18351
3600 27258 19054
3600 26604 18454
3600 26033 18052
3600 26923 18681
3600 26302 17867
3600 25950 18011
3600 27666 19421
3600 26810 18704
3600 27663 19449
3700 27209 18744
3700 27060 18277
3700 26798 18453
3700 26734 18333
3700 26485 18189
3700 26986 18436
3700 28202 19738
3700 27734 19465
3700 28110 19731
3700 27353 18940
3700 27388 18824
3700 26969 18255
3700 28077 19614
3700 26987 18336
3700 27849 19335
3700 27292 18923
3700 27781 19360
3700 28271 19731
3700 27272 18787
3700 28270 19804
3700 28016 19472
3700 26889 18313
3700 27064 18755
3700 27025 18945
3700 26729 18390
3700 27168 18685
3700 27754 19243
3700 27285 18625
3700 27049 18907
3700 27866 19357
3700 27574 19302
3700 27034 18445
3700 27114 18706
3700 26840 18188
3700 27681 19128
3700 27620 19259
3700 27433 18946
3700 27683 19173
3700 27338 19026
3700 26584 18086
3700 27372 18815
3700 26574 18207
3700 27910 19481
3700 26999 18613
3700 27229 18801
3700 28229 19793
3700 27272 18762
3700 27947 19577
3700 27295 18591
3700 28284 19864
3800 28376 19676
3800 26994 18652
3800 28138 19408
3800 28023 19472
3800 28007 19217
3800 28467 19774
3800 28063 19477
3800 27683 19052
3800 28768 20178
3800 29098 20343
3800 27736 19004
3800 27461 18699
3800 27964 19403
3800 28323 19606
3800 28131 19640
3800 28559 19933
3800 28404 19707
3800 28458 19825
3800 29400 20489
3800 28538 19875
3800 27899 19092
3800 27968 19226
3800 27500 18711
3800 28565 19853
3800 29154 20324
3800 28992 20163
3800 28960 20162
3800 27834 19020
3800 28669 19979
3800 28819 19983
3800 27569 19105
3800 28524 19751
3800 28830 20077
3800 28897 20088
3800 28103 19466
3800 28759 19883
3800 29124 20245
3800 27607 18784
3800 27493 18685
3800 27707 18753
3800 28121 19289
3800 28011 19331
3800 28221 19399
3800 27854 18981
3800 28535 19918
3800 27043 18356
3800 28318 19473
3800 28901 20125
3800 28220 19331
3800 27744 19070
3900 29508 20445
3900 28608 19679
3900 29510 20645
3900 29413 20283
3900 28832 20021
3900 28690 19791
3900 29442 20445
3900 29073 20202
3900 28496 19500
3900 29153 20358
3900 28498 19744
3900 28761 19751
3900 29969 20984
3900 29974 20980
3900 30245 21358
3900 29507 20501
3900 28611 19790
3900 28311 19621
3900 29189 20151
3900 29016 19883
3900 29022 19914
3900 28583 19509
3900 29859 20757
3900 29323 20390
3900 29006 19912
3900 29159 20158
3900 28871 19637
3900 28951 20113
3900 29108 20098
3900 28497 19721
3900 29897 20941
3900 29637 20539
3900 27678 19214
3900 30103 21073
3900 29683 20616
3900 28426 19386
3900 28872 19878
3900 29881 21053
3900 27504 19132
3900 29661 20642
3900 28960 20088
3900 28156 19304
3900 28176 19504
3900 29227 20465
3900 29645 20774
3900 29294 20407
3900 28654 19642
3900 28689 19443
3900 28876 20086
3900 29773 20803
4000 29800 20461
4000 28577 19259
4000 29702 20393
4000 29123 20238
4000 30143 20904
4000 30055 20907
4000 29829 20574
4000 30362 21191
4000 28241 19408
4000 29589 20429
4000 29690 20553
4000 29903 20833
4000 28505 19436
4000 30271 21095
4000 29630 20284
4000 28521 19386
4000 30334 21002
4000 30186 21063
4000 29661 20582
4000 28957 19626
4000 30198 20937
4000 30129 21065
4000 29720 20552
4000 29712 20556
4000 28991 20001
4000 29581 20508
4000 29910 20652
4000 30366 21334
4000 29841 20599
4000 29986 20615
4000 29320 20031
4000 29800 20706
4000 29856 20723
4000 30735 21646
4000 29874 20605
4000 30190 21026
4000 29728 20288
4000 29042 19641
4000 30080 20783
4000 29771 20722
4000 30567 21304
4000 29201 20017
4000 29705 20557
4000 27986 19161
4000 30256 21154
4000 29773 20798
4000 29273 20249
4000 28730 19694
4000 30749 21586
4000 29737 20376
4100 31446 22055
4100 30200 20817
4100 29674 20311
4100 31531 22053
4100 30076 20360
4100 30278 21155
4100 31319 21826
4100 30845 21398
4100 31293 21717
4100 31067 21714
4100 31187 21559
4100 31467 22058
4100 31210 21718
4100 30697 21363
4100 31682 22185
4100 30583 21159
4100 28979 19824
4100 30442 21104
4100 30194 20516
4100 30518 20900
4100 31401 21975
4100 30487 21079
4100 29962 20575
4100 29245 19772
4100 31182 21674
4100 31182 21820
4100 31277 21901
4100 31456 21949
4100 30731 21510
4100 30153 20585
4100 29185 20110
4100 30210 20825
4100 30388 20970
4100 31297 21767
4100 31375 21991
4100 30913 21573
4100 31219 21928
4100 31492 22047
4100 31209 21857
4100 30391 20882
4100 30841 21406
4100 30891 21556
4100 29975 20531
4100 29237 19748
4100 31202 21520
4100 30104 20545
4100 30626 21347
4100 30251 20832
4100 30612 21247
4100 30889 21483
4200 31326 21537
4200 31865 22387
4200 30624 20889
4200 32079 22525
4200 30964 21306
4200 31701 21792
4200 31810 22227
4200 30021 20444
4200 31276 21501
4200 30988 21083
4200 30801 20954
4200 31668 21908
4200 32256 22461
4200 32341 22625
4200 31786 22133
4200 31055 21366
4200 32262 22641
4200 32187 22379
4200 31223 21621
4200 31891 22124
4200 31327 21566
4200 32118 22332
4200 31380 21573
4200 31282 21570
4200 29996 20791
4200 32297 22624
4200 31917 22423
4200 31397 21785
4200 31810 22189
4200 30563 21048
4200 30147 20473
4200 31165 21311
4200 30581 20873
4200 31411 21648
4200 31751 22171
4200 31790 22266
4200 31202 21911
4200 31272 21573
4200 29654 20269
4200 31585 21990
4200 31308 21698
4200 31919 22293
4200 31833 22143
4200 31510 21814
4200 31775 22124
4200 31101 21414
4200 32066 22415
4200 30451 20768
4200 31290 21628
4200 30508 20655
4300 32808 22886
4300 32536 22623
4300 32872 22845
4300 31216 21266
4300 31457 21510
4300 30956 20913
4300 32328 22554
4300 33057 23033
4300 31545 21656
4300 32352 22398
4300 31777 21749
4300 31867 22010
4300 32295 22420
4300 31727 21956
4300 33394 23281
4300 31597 21753
4300 33610 23548
4300 32447 22696
4300 32212 22067
4300 31053 21456
4300 31688 21898
4300 31517 21483
4300 32955 23088
4300 31426 21299
4300 32675 22816
4300 32229 22225
4300 32502 22691
4300 31717 21589
4300 31435 21377
4300 31539 21609
4300 32669 22614
4300 32828 22845
4300 30921 21220
4300 31659 21985
4300 30898 21136
4300 32381 22368
4300 32636 22617
4300 31909 22108
4300 31874 21845
4300 32523 22532
4300 32614 22781
4300 32170 22179
4300 32881 22921
4300 31520 21463
4300 31964 21984
4300 31576 21800
4300 31320 21258
4300 31005 21471
4300 31637 21802
4300 32432 22418
4400 32994 22805
4400 32563 22267
4400 32722 22483
4400 33761 23612
4400 33510 23435
4400 32144 22286
4400 32870 22611
4400 32639 22754
4400 33012 22481
4400 31900 22019
4400 31997 21795
4400 33020 22900
4400 32374 22230
4400 32625 22526
4400 33230 23132
4400 33644 23561
4400 33738 23661
4400 33021 22779
4400 32506 22239
4400 32484 22531
4400 33628 23669
4400 33078 22961
4400 32468 22699
4400 33758 23652
4400 33430 23266
4400 32047 22065
4400 32213 21965
4400 33837 23604
4400 33780 23502
4400 32978 22788
4400 33332 22999
4400 33157 22852
4400 33801 23685
4400 33001 23031
4400 32983 22787
4400 33339 23156
4400 33534 23481
4400 33094 22971
4400 32821 22860
4400 33247 23082
4400 33343 23068
4400 33193 23164
4400 33005 22855
4400 33184 23026
4400 32411 22143
4400 32926 23006
4400 31860 22104
4400 33675 23305
4400 33292 23138
4400 33096 23067
4500 33674 23318
4500 34846 24346
4500 34093 23730
4500 33828 23593
4500 33823 23410
4500 34038 23588
4500 33691 23361
4500 34142 23737
4500 33701 23264
4500 34565 23995
4500 33723 23443
4500 33263 22621
4500 34855 24397
4500 33185 22906
4500 33920 23524
4500 35009 24607
4500 33853 23560
4500 33609 23346
4500 33244 22444
4500 33178 22629
4500 33586 23129
4500 32915 22377
4500 34740 24375
4500 33726 23390
4500 32937 22449
4500 33198 22880
4500 33477 22990
4500 34345 23986
4500 33491 23061
4500 33961 23585
4500 33232 22804
4500 33953 23444
4500 32898 22636
4500 34369 23839
4500 34195 23746
4500 33160 22791
4500 33583 23208
4500 33328 23049
4500 34374 23964
4500 33427 22969
4500 33360 22791
4500 33594 23264
4500 33649 23363
4500 32734 22615
4500 32423 22452
4500 33558 23215
4500 32757 22340
4500 32144 22137
4500 33493 23279
4500 33993 23554
4600 33797 23347
4600 34037 23141
4600 34232 23714
4600 35219 24514
4600 33575 23121
4600 34708 24110
4600 32866 22395
4600 35117 24464
4600 34481 23955
4600 34044 23773
4600 34990 24379
4600 34992 24347
4600 35111 24467
4600 34734 24102
4600 35052 24316
4600 34750 24235
4600 33358 22778
4600 34964 24437
4600 34875 24227
4600 35360 24657
4600 34997 24436
4600 35012 24351
4600 34982 24424
4600 34293 23691
4600 34116 23354
4600 34887 24355
4600 35297 24581
4600 33987 23053
4600 35060 24361
4600 34803 24411
4600 34394 23539
4600 34736 23990
4600 34486 23930
4600 35275 24366
4600 34935 24284
4600 34698 23950
4600 34648 24130
4600 35217 24617
4600 35440 24790
4600 33855 23281
4600 34174 23446
4600 34086 23540
4600 34480 23875
4600 32772 22604
4600 33964 23060
4600 34776 24146
4600 35967 25273
4600 34664 23955
4600 34837 24173
4600 34530 23934
4700 35988 25128
4700 35532 24524
4700 35079 24252
4700 34546 23940
4700 35366 24464
4700 34490 23984
4700 35096 24298
4700 35771 24920
4700 34327 23328
4700 35834 24936
4700 36139 25204
4700 34966 24100
4700 34442 23527
4700 34934 24146
4700 35979 24992
4700 36692 25683
4700 36386 25599
4700 35246 24330
4700 34840 23586
4700 34534 23548
4700 34594 23892
4700 35597 24670
4700 35162 24389
4700 35654 24872
4700 35806 24869
4700 33477 22899
4700 36413 25409
4700 35673 24847
4700 36053 25164
4700 35051 24251
4700 35517 24519
4700 35518 24492
4700 34665 23850
4700 34780 24162
4700 35460 24625
4700 35890 24891
4700 36081 25108
4700 34989 24332
4700 34766 23887
4700 35669 24792
4700 35462 24344
4700 34732 23886
4700 35162 24337
4700 35170 24189
4700 34860 23963
4700 35556 24459
4700 34596 23511
4700 35609 24790
4700 35039 24041
4700 35179 24397
4800 35720 24721
4800 35502 24583
4800 36237 25218
4800 35179 23989
4800 35249 24305
4800 36126 24903
4800 36276 25008
4800 36794 25544
4800 36425 25300
4800 35736 24577
4800 35966 24800
4800 35438 24024
4800 36529 25480
4800 36471 25404
4800 36287 25015
4800 36874 25658
4800 35944 24790
4800 36416 25391
4800 36127 25097
4800 37105 26005
4800 36086 24853
4800 35651 24638
4800 34843 24003
4800 37321 26152
4800 36068 24865
4800 36544 25373
4800 37175 25926
4800 36662 25519
4800 36933 25782
4800 36262 25113
4800 37402 26108
4800 35613 24586
4800 35608 24370
4800 35322 24103
4800 35837 24801
4800 35893 24644
4800 35911 24957
4800 36610 25454
4800 37177 25910
4800 35964 24904
4800 34902 23600
4800 36715 25661
4800 36996 25837
4800 36115 24869
4800 36132 25012
4800 36405 25160
4800 35668 24673
4800 35519 24301
4800 35971 24970
4800 35338 23868
4900 37751 26246
4900 37771 26361
4900 36881 25304
4900 36619 25038
4900 37672 26194
4900 36494 25214
4900 36269 25007
4900 37180 25547
4900 36459 24855
4900 37868 26386
4900 37674 26149
4900 36453 25222
4900 37459 26263
4900 37284 25764
4900 37576 25986
4900 37745 26266
4900 35862 24212
4900 37119 25759
4900 36197 24961
4900 36768 25341
4900 36873 25744
4900 37851 26566
4900 37056 25808
4900 37027 25707
4900 36989 25306
4900 36791 25061
4900 36201 25092
4900 36962 25210
4900 37949 26496
4900 37265 25774
4900 37210 25831
4900 36678 25206
4900 36376 25025
4900 37448 26054
4900 38045 26717
4900 37589 26306
4900 37144 25684
4900 37009 25717
4900 36872 25442
4900 37486 26091
4900 37694 26383
4900 36239 24808
4900 37587 26222
4900 37064 25810
4900 37937 26589
4900 36216 24529
4900 36539 24861
4900 37004 25459
4900 37475 25929
4900 35769 24484
5000 37958 26383
5000 38371 26738
5000 37976 26439
5000 37925 26245
5000 37329 25724
5000 37392 25846
5000 38077 26533
5000 38092 26376
5000 37604 25832
5000 37476 25881
5000 37177 25606
5000 38462 26885
5000 37408 25865
5000 36821 25148
5000 38682 27123
5000 37949 26163
5000 38267 26646
5000 37086 25674
5000 37925 26236
5000 36827 25259
5000 37310 25655
5000 37582 25854
5000 38039 26444
5000 37596 26019
5000 36459 24926
5000 36505 24924
5000 37857 26033
5000 38026 26363
5000 38154 26516
5000 36824 25230
5000 37551 25616
5000 38378 26732
5000 35844 24668
5000 37762 26101
5000 37279 25483
5000 36758 25026
5000 37574 25812
5000 37763 26242
5000 37905 26308
5000 37382 25845
5000 37388 25814
5000 38298 26652
5000 38635 26977
5000 36741 25106
5000 37120 25284
5000 37417 25835
5000 37588 25910
5000 37780 26265
5000 36643 25093
5000 38167 26642
5100 37559 25636
5100 38793 26955
5100 39207 27390
5100 39283 27292
5100 37844 25910
5100 37253 25721
5100 38754 26823
5100 37257 25264
5100 38215 26210
5100 38040 25949
5100 38931 27034
5100 38348 26365
5100 38058 26213
5100 37437 25396
5100 38132 26149
5100 37542 25590
5100 38357 26374
5100 38150 26345
5100 37918 25808
5100 37505 25700
5100 39557 27578
5100 39252 27459
5100 39359 27496
5100 38834 26979
5100 38617 26885
5100 39148 27096
5100 37895 25932
5100 38265 26520
5100 38265 26470
5100 38069 26185
5100 37569 25729
5100 38067 25948
5100 38989 27185
5100 38842 27015
5100 37678 25827
5100 38505 26452
5100 39450 27723
5100 37452 25780
5100 38380 26653
5100 38324 26635
5100 38845 27003
5100 39001 27140
5100 38811 26791
5100 38629 26720
5100 38432 26623
5100 36977 24976
5100 38641 26675
5100 38633 26643
5100 36214 24743
5100 38524 26498
5200 40145 28036
5200 39253 27019
5200 38676 26768
5200 40086 28093
5200 39878 27791
5200 39213 27106
5200 38167 26018
5200 39440 27210
5200 39983 27731
5200 39786 27785
5200 38782 26781
5200 38630 26663
5200 38699 26769
5200 38032 26395
5200 38163 25706
5200 38477 26329
5200 39540 27418
5200 39486 27385
5200 39038 26939
5200 37169 25748
5200 40026 27950
5200 38342 26487
5200 40057 27979
5200 37714 26050
5200 39932 27779
5200 38532 26545
5200 40237 28056
5200 39271 27091
5200 39029 26748
5200 39204 26965
5200 38529 26301
5200 40133 27806
5200 39836 27545
5200 38157 26218
5200 38876 26919
5200 39398 27241
5200 40326 27997
5200 38804 26774
5200 39155 26987
5200 39780 27499
5200 39567 27347
5200 39288 27294
5200 39957 27711
5200 38788 26909
5200 39037 26789
5200 40328 28349
5200 38680 26393
5200 40121 27982
5200 39219 27183
5200 39523 27192
5300 40638 28258
5300 39169 26858
5300 39922 27436
5300 39740 27518
5300 39263 27090
5300 41194 28778
5300 40605 28203
5300 39517 27026
5300 39157 26622
5300 39734 27283
5300 40289 28095
5300 39455 27264
5300 39420 27078
5300 38205 26385
5300 39348 26604
5300 40100 27527
5300 40558 28061
5300 40774 28476
5300 40023 27532
5300 39187 27082
5300 40437 28203
5300 39496 27179
5300 39584 27519
5300 38640 26722
5300 40274 27871
5300 39579 27201
5300 37182 25481
5300 38971 26297
5300 39382 26960
5300 39055 26526
5300 40753 28279
5300 39231 27108
5300 40132 27752
5300 39930 27702
5300 40925 28399
5300 39386 27053
5300 39926 27632
5300 39158 26790
5300 39837 27528
5300 40684 28341
5300 41074 28467
5300 40974 28526
5300 39716 27503
5300 39888 27552
5300 40786 28510
5300 38781 26333
5300 39165 26599
5300 39976 27796
5300 38922 26403
5300 40995 28492
5400 39158 27167
5400 41543 28826
5400 41983 29310
5400 42401 29702
5400 41889 29292
5400 41523 28918
5400 41261 28705
5400 42406 29739
5400 41417 28828
5400 40631 27909
5400 38846 26438
5400 40602 27971
5400 40944 28341
5400 40091 27312
5400 39889 27144
5400 40375 27814
5400 41871 29244
5400 40293 27456
5400 41887 29060
5400 41226 28331
5400 41179 28540
5400 40537 27693
5400 40629 27757
5400 39948 27430
5400 41767 29190
5400 40808 28431
5400 42803 30175
5400 40403 27803
5400 40764 28014
5400 41097 28478
5400 41134 28563
5400 41400 28726
5400 41145 28607
5400 41145 28624
5400 40520 27856
5400 41328 28805
5400 41877 29409
5400 41376 28625
5400 41583 28854
5400 41292 28638
5400 40804 28193
5400 40252 27320
5400 39949 27222
5400 41607 29038
5400 39800 27411
5400 39751 26975
5400 41578 28871
5400 41789 29214
5400 41735 28930
5400 42129 29469
5500 41002 28054
5500 40239 27774
5500 40912 27840
5500 41558 28758
5500 40139 27751
5500 41572 28659
5500 41186 28088
5500 40450 27651
5500 41871 29032
5500 42708 29571
5500 41673 28901
5500 40860 27953
5500 41392 28511
5500 41254 28507
5500 41514 28362
5500 41673 28630
5500 41441 28441
5500 40986 27929
5500 41983 29169
5500 41033 27929
5500 43227 30250
5500 40689 27565
5500 41539 28798
5500 42165 29292
5500 41761 28666
5500 41818 28976
5500 42016 29183
5500 41720 28946
5500 41969 29467
5500 41739 29330
5500 41902 28971
5500 40667 27501
5500 41899 29218
5500 42603 29689
5500 42401 29646
5500 42250 29301
5500 41532 28567
5500 42282 29468
5500 39522 27286
5500 41332 28479
5500 41449 28522
5500 41182 28365
5500 40920 27706
5500 41488 28571
5500 41350 28435
5500 42435 29543
5500 40212 27812
5500 41403 28670
5500 41939 29143
5500 40073 26991
5600 40785 27830
5600 41943 28920
5600 42645 29462
5600 41874 28669
5600 41605 28538
5600 43609 30524
5600 42728 29802
5600 42464 29484
5600 43313 30232
5600 42718 29568
5600 43188 30000
5600 43314 30188
5600 42571 29519
5600 41841 28425
5600 42876 29673
5600 41302 28209
5600 41435 28589
5600 42210 29071
5600 41059 27774
5600 40942 27712
5600 41905 28683
5600 43729 30523
5600 42219 29192
5600 42655 29498
5600 42239 29127
5600 40452 27988
5600 42252 29065
5600 42889 29828
5600 41080 28195
5600 41798 28670
5600 41933 28594
5600 40682 27755
5600 42082 29086
5600 41645 28616
5600 41299 28461
5600 41570 28544
5600 41160 28071
5600 42093 28890
5600 41472 28430
5600 42792 29801
5600 42520 29588
5600 43429 30323
5600 43047 29884
5600 42224 29284
5600 42229 28826
5600 41078 27863
5600 42064 29027
5600 40963 27664
5600 41779 28720
5600 42522 29565
5700 43658 30421
5700 42948 29907
5700 42963 29611
5700 42774 29439
5700 44625 31327
5700 43515 30178
5700 42992 29718
5700 43716 30239
5700 44147 30920
5700 42674 29295
5700 43024 29527
5700 43221 29962
5700 43622 30328
5700 43709 30136
5700 43542 30046
5700 43457 30013
5700 43057 29860
5700 44067 30673
5700 43712 30385
5700 42476 29158
5700 43020 29760
5700 42351 29151
5700 43965 30490
5700 42349 29577
5700 43347 30152
5700 44883 31540
5700 43696 30140
5700 43450 30090
5700 43005 29838
5700 43384 30117
5700 41411 28332
5700 44374 31121
5700 43354 30089
5700 43211 29932
5700 44159 30731
5700 43507 30255
5700 42321 28914
5700 43097 29735
5700 43073 29790
5700 42837 29377
5700 43288 30050
5700 43677 30243
5700 42638 29589
5700 43300 30173
5700 42104 29393
5700 42515 28895
5700 44170 30783
5700 44502 31244
5700 44256 30802
5700 42467 29463
5800 44591 31157
5800 44967 31258
5800 42444 28913
5800 42671 29519
5800 43838 30216
5800 43699 29720
5800 43574 29922
5800 43849 30334
5800 43075 29435
5800 44328 31020
5800 44007 30414
5800 44220 30635
5800 44917 31406
5800 43632 29648
5800 43488 29854
5800 43314 30091
5800 44759 31097
5800 44162 30480
5800 44882 31149
5800 42987 29258
5800 44878 31283
5800 44193 30429
5800 44421 30589
5800 43515 29700
5800 43833 30283
5800 44974 31317
5800 43380 29991
5800 45163 31569
5800 45312 31579
5800 44512 30726
5800 44053 30398
5800 45135 31466
5800 44170 30733
5800 42055 29130
5800 44468 30693
5800 44133 30555
5800 42619 28748
5800 44340 30929
5800 43130 29242
5800 44460 30787
5800 44053 30494
5800 43708 30193
5800 43529 29937
5800 44560 31141
5800 42915 29452
5800 43648 30045
5800 44880 31304
5800 44747 31048
5800 44040 30568
5800 44011 30468
5900 45538 31592
5900 43956 30256
5900 44736 31005
5900 45259 31542
5900 45634 31963
5900 45249 31351
5900 43978 29996
5900 44663 30838
5900 46339 32282
5900 45250 31183
5900 44459 30601
5900 43982 30003
5900 43780 30438
5900 44880 31035
5900 44679 30614
5900 44949 30728
5900 45990 32230
5900 45763 32018
5900 44865 31184
5900 44609 30775
5900 43370 29403
5900 44649 30862
5900 45795 31906
5900 45724 31735
5900 46241 32409
5900 45841 32030
5900 45145 31089
5900 46027 32091
5900 43744 30106
5900 45317 31612
5900 44739 30740
5900 46370 32471
5900 45862 32021
5900 45034 31097
5900 44456 30566
5900 45585 31642
5900 44466 30891
5900 45083 31296
5900 45250 31222
5900 44980 31171
5900 45614 31730
5900 44045 30450
5900 44874 31017
5900 43751 30136
5900 45016 31251
5900 46041 32116
5900 45114 31557
5900 44269 30813
5900 46395 32458
5900 46345 32404
6000 44662 30657
6000 45569 31894
6000 46805 32546
6000 45770 31688
6000 46250 31969
6000 44590 30122
6000 45487 31423
6000 46383 32408
6000 42049 29109
6000 46134 31904
6000 46041 32095
6000 45880 31628
6000 44099 29883
6000 45704 31521
6000 44995 30773
6000 45647 31732
6000 45360 31117
6000 44689 30707
6000 46382 32493
6000 46475 32193
6000 44732 30356
6000 44537 30245
6000 45191 31220
6000 45434 31548
6000 45748 31661
6000 46194 32149
6000 44009 29758
6000 45390 31058
6000 44184 29909
6000 44513 30252
6000 43709 29920
6000 44390 30131
6000 45662 31379
6000 45940 31831
6000 44243 30523
6000 45247 31228
6000 43624 29585
6000 44844 30660
6000 42722 29113
6000 46478 32386
6000 46281 32263
6000 44986 30656
6000 44977 31008
6000 45467 31156
6000 44889 31202
6000 45975 31620
6000 44826 30397
6000 46151 32007
6000 45260 31221
6000 45410 31307
6100 47616 33170
6100 45960 31703
6100 47219 32819
6100 46662 32193
6100 46512 32155
6100 46379 32025
6100 46864 32407
6100 45986 31535
6100 46020 31665
6100 47416 33199
6100 45134 30855
6100 46148 31799
6100 44778 30279
6100 45086 30870
6100 46427 32112
6100 46817 32470
6100 46243 31447
6100 45690 31459
6100 45626 31245
6100 45716 31379
6100 44536 30164
6100 45362 30982
6100 47596 33413
6100 45506 31108
6100 45819 31153
6100 45877 31640
6100 47173 32841
6100 47873 33515
6100 46684 32364
6100 45350 30954
6100 44938 30651
6100 46586 32220
6100 47533 33152
6100 44803 31023
6100 46555 32124
6100 45788 31173
6100 45172 30718
6100 47367 32876
6100 46906 32645
6100 46359 31918
6100 47534 33277
6100 47415 33069
6100 45104 30678
6100 46013 31789
6100 44661 30207
6100 46266 31914
6100 44972 30788
6100 45534 31347
6100 47269 32821
6100 46732 32646
6200 47028 32365
6200 44901 30784
6200 47545 32900
6200 46583 31997
6200 45864 31307
6200 47645 32946
6200 46670 32460
6200 46751 32193
6200 46461 31908
6200 48312 33614
6200 47324 32471
6200 47694 33180
6200 46438 31665
6200 46883 32244
6200 47635 33143
6200 46780 32051
6200 47723 33101
6200 47057 32496
6200 46451 31597
6200 45858 31784
6200 48768 33970
6200 47506 32888
6200 46146 31451
6200 46993 32790
6200 48360 33889
6200 46653 31992
6200 48689 33842
6200 47553 33023
6200 48338 33700
6200 47523 32946
6200 48305 33524
6200 48014 33607
6200 47865 33339
6200 46125 31715
6200 47112 32418
6200 46794 32299
6200 48586 34258
6200 47691 33189
6200 47192 32687
6200 48070 33378
6200 47746 33227
6200 45977 31635
6200 47441 32612
6200 48695 34164
6200 46402 32099
6200 46175 31932
6200 47199 32723
6200 46386 31393
6200 47548 32973
6200 47786 33221
6300 46916 32176
6300 48640 33830
6300 48519 33628
6300 48448 33710
6300 46106 31371
6300 48057 33393
6300 47243 32138
6300 48598 33708
6300 47292 32005
6300 48335 33591
6300 46621 32380
6300 46113 31886
6300 47667 32959
6300 47307 32550
6300 48504 33545
6300 48119 32911
6300 47908 33012
6300 47113 32038
6300 46658 31713
6300 47367 32508
6300 47296 32277
6300 48749 34079
6300 48654 33911
6300 47784 33150
6300 47082 32274
6300 47477 32963
6300 46840 32090
6300 46069 31228
6300 47978 32974
6300 47588 32365
6300 48199 33441
6300 48648 33779
6300 48817 34090
6300 47966 32953
6300 47661 33230
6300 49349 34445
6300 46942 32120
6300 48681 33660
6300 47576 32930
6300 46605 31662
6300 47246 32270
6300 47526 33015
6300 49056 34491
6300 48031 33123
6300 48121 33158
6300 47436 32520
6300 46000 31223
6300 46989 32324
6300 49321 34352
6300 49349 34426
6400 46362 31352
6400 47231 32167
6400 48924 33688
6400 49584 34496
6400 48390 33420
6400 49785 34893
6400 49714 34483
6400 48839 33684
6400 49131 33958
6400 49896 34889
6400 48298 33303
6400 44919 30398
6400 47867 32593
6400 50099 34987
6400 48534 33391
6400 48560 33397
6400 48099 33062
6400 50308 35380
6400 49917 34815
6400 49856 34882
6400 47745 32377
6400 49709 34619
6400 48723 33589
6400 48594 33600
6400 48479 33176
6400 49690 34469
6400 48868 33993
6400 49710 34446
6400 47851 32960
6400 48697 33701
6400 49404 34297
6400 49426 34322
6400 49746 34645
6400 47873 32616
6400 48855 33745
6400 49281 34209
6400 47255 32777
6400 49986 34856
6400 48926 33976
6400 48710 33782
6400 50228 35104
6400 48889 33886
6400 48732 33878
6400 50816 35587
6400 48890 34011
6400 50486 35377
6400 49936 34822
6400 48593 33478
6400 49453 34194
6400 49760 34886
6500 49778 34580
6500 49076 33248
6500 49078 33551
6500 48762 33196
6500 49036 33774
6500 49177 33944
6500 50287 35108
6500 48826 33319
6500 50438 35161
6500 47839 32284
6500 49289 33720
6500 48790 33267
6500 48877 33449
6500 47541 32101
6500 49927 34655
6500 46420 31501
6500 49763 34634
6500 49080 33496
6500 49183 33586
6500 49271 33729
6500 48278 33212
6500 47690 32774
6500 49683 34543
6500 49587 34281
6500 49704 34253
6500 48867 33299
6500 50612 35335
6500 48247 32908
6500 48513 33148
6500 48777 33048
6500 51642 36263
6500 49693 34359
6500 48085 32711
6500 48712 33507
6500 50351 35135
6500 49127 33764
6500 49188 33879
6500 48932 33565
6500 49967 34716
6500 51596 36219
6500 48561 33118
6500 48869 33452
6500 50246 34740
6500 49332 33926
6500 48904 33550
6500 50056 34824
6500 47831 32222
6500 49979 34717
6500 48829 33421
6500 49512 34172
6600 50981 35451
6600 50905 35201
6600 51125 35440
6600 51888 36246
6600 50977 35398
6600 51198 35567
6600 50499 34624
6600 51073 35440
6600 48644 33133
6600 49809 34400
6600 49873 34529
6600 51456 35983
6600 50381 34649
6600 50294 34492
6600 48653 32951
6600 50006 34139
6600 49517 33886
6600 50127 34465
6600 49773 34049
6600 50011 34473
6600 51167 35515
6600 47711 31948
6600 49357 33440
6600 50973 35129
6600 50177 34798
6600 47107 32179
6600 48773 33146
6600 50235 34758
6600 50945 35302
6600 51968 36326
6600 51750 35959
6600 49426 33532
6600 50893 35402
6600 50270 34837
6600 50926 35123
6600 49905 34119
6600 48729 33413
6600 49067 33264
6600 48911 32937
6600 51524 35821
6600 51103 35727
6600 51207 35649
6600 49311 33643
6600 50726 35303
6600 51001 35452
6600 51206 35562
6600 47643 32506
6600 51457 35624
6600 50898 35550
6600 50216 34628
6700 50760 35073
6700 51405 35816
6700 51304 35571
6700 51743 36007
6700 51595 35863
6700 52285 36381
6700 49937 33888
6700 50731 34890
6700 49529 33862
6700 52103 36037
6700 52576 36847
6700 51170 35104
6700 51238 35231
6700 52227 36315
6700 49883 34048
6700 50707 34956
6700 50044 34195
6700 51454 35775
6700 52069 36327
6700 51447 35390
6700 52158 36239
6700 50050 34496
6700 49866 34062
6700 49962 33948
6700 50526 34502
6700 50569 34675
6700 51565 35811
6700 51048 35477
6700 51010 35117
6700 51198 35603
6700 50536 34169
6700 50238 34174
6700 50968 35296
6700 51854 36044
6700 50982 35111
6700 49919 33876
6700 50820 34761
6700 50741 34866
6700 51653 36049
6700 51313 35693
6700 51203 35132
6700 47640 32603
6700 50732 34783
6700 52285 36526
6700 50179 34560
6700 50468 34505
6700 51122 35364
6700 50612 34584
6700 52267 36237
6700 51569 35545
6800 51395 35370
6800 51048 34974
6800 52199 36337
6800 51475 35464
6800 49113 33066
6800 49460 33694
6800 51724 35667
6800 51188 34917
6800 52136 36220
6800 52207 36131
6800 50780 34791
6800 52075 36046
6800 51700 35560
6800 52442 36530
6800 52845 36950
6800 52761 36558
6800 51290 35261
6800 52683 36684
6800 52555 36510
6800 51268 34641
6800 51027 34956
6800 50688 34533
6800 52131 35878
6800 53157 37128
6800 50851 34897
6800 52098 36228
6800 51062 34924
6800 51354 35137
6800 51752 35711
6800 52377 36417
6800 52523 36487
6800 52670 36435
6800 51425 35445
6800 52021 36012
6800 50554 34480
6800 52130 36047
6800 53560 37391
6800 52025 36126
6800 52357 36124
6800 52871 36759
6800 51934 36047
6800 50190 34501
6800 52687 36632
6800 50831 34628
6800 51791 35702
6800 51028 34805
6800 50733 34836
6800 51173 35206
6800 51991 35981
6800 51484 35315
6900 51848 35205
6900 51951 35778
6900 52663 36016
6900 51580 35279
6900 52444 36084
6900 51808 35830
6900 51399 35350
6900 52238 36058
6900 53903 37523
6900 53036 36721
6900 53175 36724
6900 54484 37996
6900 53455 37117
6900 52921 37057
6900 53462 37168
6900 52718 36537
6900 51880 35888
6900 53105 37199
6900 51877 35469
6900 53735 37292
6900 53239 36843
6900 52061 35735
6900 53466 37203
6900 53146 37007
6900 51949 35878
6900 51793 35593
6900 51618 35193
6900 52222 35730
6900 54387 37928
6900 51355 35571
6900 53698 37429
6900 52382 35930
6900 51861 35790
6900 54179 37687
6900 51361 35095
6900 53277 36792
6900 52903 36418
6900 54191 37912
6900 54032 37757
6900 53098 36367
6900 54196 37668
6900 53931 37737
6900 54157 37936
6900 53277 36964
6900 55082 38684
6900 53755 37625
6900 51956 35278
6900 52710 36222
6900 54102 37711
6900 52650 36302
7000 53767 37331
7000 52699 36286
7000 53775 37215
7000 54222 38006
7000 53171 36834
7000 54435 37627
7000 52619 36373
7000 51932 35841
7000 52732 35636
7000 52631 35963
7000 51127 34625
7000 54380 37683
7000 53792 37130
7000 54393 37951
7000 51773 35194
7000 52102 35352
7000 54222 37576
7000 54136 37321
7000 53972 37449
7000 53198 37064
7000 54558 37886
7000 52719 35690
7000 54201 37705
7000 51935 35174
7000 54298 37888
7000 53839 37170
7000 52085 35522
7000 53566 37225
7000 52829 36093
7000 51781 34871
7000 51613 34546
7000 56152 39420
7000 53557 37098
7000 51885 35591
7000 49619 33792
7000 53354 36699
7000 54274 37787
7000 53329 36913
7000 51626 35773
7000 53965 37536
7000 53880 37256
7000 53183 36792
7000 53397 37011
7000 51711 35073
7000 53853 37626
7000 53628 37199
7000 53201 36905
7000 54378 37873
7000 54905 38452
7000 54019 37497
7100 53796 37154
7100 53531 36952
7100 53307 36462
7100 55439 38562
7100 55044 38220
7100 53016 36392
7100 51592 34938
7100 53026 35769
7100 53117 36265
7100 54058 37474
7100 53735 37075
7100 54164 37603
7100 53811 36963
7100 54752 38146
7100 56115 39383
7100 55095 38209
7100 53968 37407
7100 54126 37418
7100 53753 37075
7100 54304 37664
7100 54565 37856
7100 54730 38100
7100 55211 38196
7100 54256 37572
7100 55034 38327
7100 54181 37409
7100 53737 37083
7100 55787 38905
7100 52898 36010
7100 54737 37900
7100 53571 36296
7100 55955 39021
7100 55280 38642
7100 54985 38066
7100 55771 38870
7100 53502 36492
7100 55391 38546
7100 54225 37271
7100 53676 36940
7100 52660 35919
7100 53770 37025
7100 52793 35914
7100 53894 37009
7100 54836 37967
7100 54213 37319
7100 54597 37881
7100 54025 37226
7100 55566 38748
7100 55380 38561
7100 54872 37914
7200 53748 36565
7200 55225 38258
7200 54108 37304
7200 55852 38931
7200 54322 36922
7200 56202 39176
7200 56275 39384
7200 54447 37573
7200 54805 37747
7200 55041 37743
7200 54197 37142
7200 56171 39284
7200 56143 39155
7200 54689 37568
7200 54500 37526
7200 55028 38083
7200 54262 36875
7200 54628 37759
7200 55184 38389
7200 54889 37916
7200 55957 39045
7200 54478 36843
7200 52622 36159
7200 54027 37225
7200 54579 37279
7200 53477 36372
7200 54128 36573
7200 55852 38755
7200 53935 36932
7200 54454 37291
7200 55722 38829
7200 54983 37586
7200 53507 36274
7200 56748 39727
7200 54851 37686
7200 54101 36956
7200 56625 39516
7200 54759 37725
7200 56213 39183
7200 55657 38730
7200 54204 37073
7200 54842 37730
7200 55049 38071
7200 55554 38501
7200 53125 36123
7200 56681 39703
7200 56217 39288
7200 56227 39304
7200 56414 39148
7200 52792 36314
7300 56822 39544
7300 55055 38015
7300 54677 37018
7300 56101 38921
7300 55662 38351
7300 55299 37860
7300 56884 39546
7300 55690 38424
7300 55719 38465
7300 55298 37733
7300 54912 38065
7300 55306 38149
7300 54184 36975
7300 55709 38629
7300 56100 38941
7300 56486 39225
7300 56854 39724
7300 55571 38309
7300 55646 38589
7300 55970 38767
7300 56478 39196
7300 54836 37361
7300 55645 38001
7300 55221 37659
7300 56151 38923
7300 54721 37518
7300 56299 38818
7300 56496 39123
7300 55588 38430
7300 57899 40237
7300 55508 37900
7300 57624 40297
7300 56982 39855
7300 56764 39478
7300 54754 37204
7300 55228 37678
7300 54463 37214
7300 55119 37930
7300 54317 36741
7300 56097 38797
7300 55506 37880
7300 56026 38888
7300 56523 39279
7300 55715 38429
7300 55395 38167
7300 55045 37337
7300 54451 37172
7300 56106 38984
7300 56295 39170
7300 55820 38591
7400 56495 39126
7400 56768 39089
7400 56091 37943
7400 56810 39281
7400 57001 39467
7400 56334 38900
7400 58400 40996
7400 56696 39001
7400 56673 39045
7400 57202 39643
7400 56919 39642
7400 57169 39864
7400 57027 39701
7400 57484 40064
7400 57639 40162
7400 57319 39459
7400 57316 39934
7400 57872 40371
7400 57400 39961
7400 57495 39882
7400 57132 39770
7400 57146 39582
7400 55998 38324
7400 56666 39271
7400 56395 38986
7400 56435 38399
7400 55921 38537
7400 56695 39142
7400 55856 37986
7400 56409 38935
7400 58451 40990
7400 55873 38322
7400 57745 39941
7400 53422 36508
7400 57332 39873
7400 56466 39253
7400 57969 40386
7400 57839 40201
7400 56548 39294
7400 55774 38362
7400 55866 38275
7400 56365 39026
7400 56377 38528
7400 56254 38508
7400 57101 39665
7400 53746 37008
7400 55405 38018
7400 55886 38338
7400 55787 37995
7400 57130 39502
7500 56966 39076
7500 57549 39900
7500 56315 38651
7500 56773 38674
7500 55506 37785
7500 57523 39683
7500 57766 40025
7500 55415 37841
7500 56674 38942
7500 58854 40820
7500 57166 39465
7500 58142 40471
7500 55916 38101
7500 57485 39835
7500 53929 36327
7500 57891 40153
7500 57332 39312
7500 55926 38329
7500 57569 39669
7500 58705 40820
7500 57078 39160
7500 56476 38599
7500 55580 37688
7500 55796 37971
7500 57653 39836
7500 53794 36811
7500 57246 39405
7500 56643 38817
7500 56451 38490
7500 56745 39175
7500 55226 37741
7500 55852 37820
7500 57208 39559
7500 58714 40974
7500 57065 39049
7500 57674 39670
7500 56139 38520
7500 56776 39097
7500 59052 41191
7500 57923 40211
7500 56460 38957
7500 55159 37628
7500 55801 38091
7500 55825 37936
7500 57066 38969
7500 57797 40052
7500 58913 41109
7500 56812 38806
7500 56543 38864
7500 54580 37785
7600 58080 39856
7600 58103 40051
7600 58875 40710
7600 59202 41163
7600 58086 39994
7600 57981 39675
7600 57562 39596
7600 57278 39607
7600 57904 39586
7600 56821 38641
7600 57708 39677
7600 57197 39423
7600 57350 39300
7600 55020 37509
7600 56662 38739
7600 59084 41131
7600 58576 40520
7600 57672 39620
7600 58184 40066
7600 57735 39671
7600 58275 40251
7600 56860 38915
7600 58626 40770
7600 59298 41072
7600 58256 40217
7600 58299 40388
7600 57062 38828
7600 54694 37642
7600 58734 40571
7600 56219 37707
7600 58246 40070
7600 58464 40603
7600 58109 40027
7600 58389 40319
7600 58842 40404
7600 58662 40749
7600 59173 41028
7600 57679 39615
7600 56835 39031
7600 59241 41353
7600 57429 39595
7600 56943 39063
7600 56594 38793
7600 57523 39283
7600 59322 41261
7600 56910 39059
7600 57708 39416
7600 58109 39927
7600 59107 41095
7600 58315 40051
7700 59120 41072
7700 58332 39789
7700 58865 40644
7700 57332 38906
7700 58109 39454
7700 59548 41201
7700 58895 40936
7700 58706 40913
7700 57435 39726
7700 59297 40823
7700 57549 39670
7700 58932 40551
7700 58862 40434
7700 60446 42264
7700 55139 37664
7700 58635 40434
7700 59581 41570
7700 57497 38898
7700 59729 41616
7700 59726 41176
7700 58848 40301
7700 59590 41486
7700 60940 42644
7700 60504 42183
7700 60205 41879
7700 57323 39288
7700 59322 40975
7700 58165 39718
7700 60519 42241
7700 58766 40455
7700 58816 40467
7700 60032 41901
7700 60659 42168
7700 61142 42821
7700 59263 41185
7700 59938 41667
7700 58210 39963
7700 59409 41329
7700 58783 40389
7700 59125 41187
7700 58601 40585
7700 60170 41785
7700 60245 41915
7700 58458 40186
7700 59079 40579
7700 58894 40748
7700 58685 40795
7700 59209 40954
7700 60038 41899
7700 57564 38964
7800 59455 40660
7800 58861 40114
7800 59870 41456
7800 57702 39658
7800 59850 41022
7800 58206 39910
7800 59005 40099
7800 59047 40440
7800 60351 41702
7800 61564 42689
7800 60269 41677
7800 58826 40486
7800 59358 40914
7800 59864 41270
7800 60478 42033
7800 59979 41638
7800 58609 40271
7800 58249 39733
7800 60004 41208
7800 59563 41102
7800 59379 40560
7800 58536 40603
7800 57753 38833
7800 57648 39043
7800 58259 39858
7800 59793 41255
7800 60058 41683
7800 58024 39507
7800 55416 37781
7800 59810 41357
7800 58707 40558
7800 59295 40799
7800 59499 40891
7800 60810 42308
7800 60544 42084
7800 59817 41102
7800 61369 42890
7800 58799 40470
7800 59926 41466
7800 60295 41691
7800 59537 40656
7800 58922 40521
7800 59662 41621
7800 59305 40826
7800 59343 40406
7800 58095 39434
7800 60492 41874
7800 58710 39942
7800 59603 41056
7800 59049 40722
7900 58739 40269
7900 61131 42225
7900 59908 40844
7900 61752 42922
7900 60925 42494
7900 61894 43036
7900 60134 41441
7900 59053 40179
7900 59954 40966
7900 60094 41552
7900 62039 43153
7900 60248 41737
7900 61457 42388
7900 60167 41646
7900 61426 42347
7900 60060 41217
7900 59294 40454
7900 61222 42431
7900 61860 42842
7900 59802 40764
7900 60824 41570
7900 60577 41876
7900 60588 41502
7900 61240 42665
7900 61573 42610
7900 61959 43075
7900 60690 41679
7900 60412 41254
7900 61938 43126
7900 60417 41342
7900 60332 41498
7900 59602 40575
7900 62252 43137
7900 60316 41307
7900 60983 42251
7900 60235 41758
7900 61416 42614
7900 61890 43341
7900 63721 44802
7900 61365 42505
7900 60365 41490
7900 61578 42892
7900 61850 43113
7900 61898 43069
7900 59272 39942
7900 60617 41577
7900 59724 40692
7900 59734 40972
7900 60000 41149
7900 61516 42725
8000 60657 41613
8000 60848 41903
8000 60930 41753
8000 59989 40717
8000 61602 42375
8000 59980 40558
8000 60699 41766
8000 60371 41170
8000 60997 41812
8000 61776 42660
8000 59798 40214
8000 61516 42058
8000 61080 42081
8000 61269 42291
8000 60176 41350
8000 61778 42699
8000 59910 40855
8000 60639 41955
8000 61660 42724
8000 61697 42386
8000 60086 41374
8000 61160 42325
8000 60698 41671
8000 62148 42920
8000 59092 39660
8000 57808 39321
8000 61973 42736
8000 61332 41879
8000 61780 42713
8000 62546 43344
8000 59065 39976
8000 61931 42904
8000 60085 41145
8000 61219 42011
8000 60794 41777
8000 60681 41765
8000 60963 41493
8000 61574 42221
8000 60015 40782
8000 61364 42134
8000 61310 41929
8000 60563 41438
8000 60560 41597
8000 61752 42778
8000 59892 41038
8000 60264 41097
8000 61982 42741
8000 59605 40613
8000 60670 41446
8000 60616 41523
8100 62045 42939
8100 62059 42752
8100 60550 41302
8100 60170 40671
8100 59810 40391
8100 62085 42645
8100 63155 43753
8100 61894 42602
8100 61935 42858
8100 59511 41374
8100 62291 43081
8100 62619 43349
8100 61590 42527
8100 62996 43831
8100 61379 42073
8100 60329 40901
8100 61032 41695
8100 61502 42459
8100 59920 41539
8100 62055 42546
8100 62927 43777
8100 60999 41454
8100 59235 40253
8100 63107 43639
8100 62915 43387
8100 62798 43372
8100 63644 43994
8100 61856 42138
8100 59980 40693
8100 63254 44049
8100 61817 42006
8100 59699 40317
8100 61554 42434
8100 62551 43258
8100 61445 41950
8100 61019 41463
8100 62082 42588
8100 63873 44599
8100 63434 44213
8100 62655 43267
8100 60349 40953
8100 61296 42279
8100 59943 40274
8100 60603 41344
8100 61397 42082
8100 60862 42027
8100 61258 41977
8100 63128 43672
8100 62794 43803
8100 63152 43935
8200 63683 44083
8200 60916 41277
8200 64577 45013
8200 62809 43528
8200 64176 44545
8200 62158 42491
8200 64725 45076
8200 63905 44234
8200 63955 43962
8200 61250 42684
8200 62499 42972
8200 61928 42479
8200 64890 45405
8200 61983 42613
8200 62537 42716
8200 62918 43477
8200 63349 43563
8200 63350 43921
8200 63038 43646
8200 62050 42492
8200 62355 43026
8200 61410 41528
8200 60684 41964
8200 62268 42643
8200 63721 44165
8200 61537 41753
8200 61113 41299
8200 62685 42860
8200 64669 45007
8200 63464 43792
8200 64601 45005
8200 63124 43610
8200 63752 44140
8200 63487 44324
8200 63604 43952
8200 64205 44280
8200 61291 41410
8200 63719 43962
8200 64286 44904
8200 62358 42857
8200 63521 44039
8200 63020 43521
8200 61198 41558
8200 64264 44601
8200 63269 43622
8200 62642 43119
8200 61652 42060
8200 62382 42884
8200 63513 43886
8200 62516 43100
8300 64869 45112
8300 64513 44719
8300 64927 45091
8300 63883 44027
8300 64833 45116
8300 63805 43925
8300 62310 43341
8300 61971 41783
8300 63515 43776
8300 64099 44326
8300 62511 43028
8300 64701 44928
8300 64120 44651
8300 63555 43967
8300 63792 44080
8300 64313 44420
8300 61658 41496
8300 64751 44569
8300 65630 45670
8300 61680 42050
8300 65226 45338
8300 61483 41410
8300 63027 42911
8300 62267 42310
8300 62758 42755
8300 64054 44347
8300 62430 42545
8300 64461 44721
8300 62799 43092
8300 64519 44855
8300 63772 43849
8300 62291 42477
8300 64251 44559
8300 65322 45421
8300 65052 45352
8300 63679 43641
8300 63889 43947
8300 64985 45258
8300 62695 42694
8300 64992 44952
8300 62806 43240
8300 63520 44018
8300 63458 43743
8300 60691 41214
8300 64623 44779
8300 65331 45301
8300 62657 42833
8300 61183 40923
8300 61577 41620
8300 63030 43124
8400 66320 46524
8400 63243 43509
8400 65960 45953
8400 65009 44866
8400 64871 44612
8400 65425 45520
8400 64010 43950
8400 63913 43958
8400 63692 43647
8400 63004 42961
8400 65708 45322
8400 66073 46258
8400 63293 43583
8400 64737 44812
8400 62637 43494
8400 65289 45335
8400 64604 44265
8400 65406 45306
8400 64686 44624
8400 66525 46295
8400 65799 45842
8400 64805 44471
8400 64540 44353
8400 65385 45547
8400 63833 43800
8400 66087 46093
8400 65530 45481
8400 65187 45363
8400 66721 46423
8400 63537 42983
8400 64573 44406
8400 64240 44117
8400 65847 45819
8400 65517 45589
8400 63968 44220
8400 63449 43477
8400 66137 45965
8400 66277 46083
8400 66479 46131
8400 63391 42840
8400 65048 45119
8400 64323 44516
8400 65565 45520
8400 65831 45444
8400 63835 43970
8400 63613 44041
8400 64521 44463
8400 62708 43440
8400 65595 45393
8400 64228 43762
8500 65642 45069
8500 64060 43726
8500 66123 45670
8500 65975 45751
8500 65136 44663
8500 66088 45903
8500 65115 44524
8500 65939 45394
8500 65238 44988
8500 65780 45564
8500 64372 43929
8500 65214 45016
8500 64321 43935
8500 65609 45360
8500 64881 44529
8500 64008 43105
8500 67258 46894
8500 65171 44804
8500 63790 43219
8500 65882 45498
8500 63819 44006
8500 63742 43496
8500 63440 43426
8500 64387 44155
8500 66816 46514
8500 66322 46155
8500 65157 44738
8500 66871 46167
8500 63710 43112
8500 63983 43822
8500 63109 42641
8500 65408 44829
8500 64299 44118
8500 66726 46333
8500 63960 43695
8500 65195 44959
8500 65421 44859
8500 66538 46105
8500 65066 44254
8500 62390 43122
8500 62885 42688
8500 63110 42360
8500 66114 45849
8500 65814 45630
8500 63775 43249
8500 65163 44971
8500 63582 43270
8500 62912 42439
8500 65092 44711
8500 64302 44433
8600 66901 46701
8600 67068 46586
8600 67202 46908
8600 65761 45056
8600 64762 44254
8600 65766 45110
8600 64951 43791
8600 67388 47023
8600 64536 44457
8600 67146 46659
8600 66522 46213
8600 66824 46420
8600 64698 43693
8600 65466 45083
8600 66270 45504
8600 66189 45798
8600 66979 46658
8600 67896 47437
8600 67166 46800
8600 65805 45223
8600 64926 45418
8600 64903 44215
8600 65436 44833
8600 65299 44752
8600 66417 45914
8600 64734 43954
8600 67312 46889
8600 66140 45504
8600 63970 43791
8600 67480 46983
8600 66303 45419
8600 63463 43299
8600 64432 43454
8600 66846 46378
8600 66672 46423
8600 65020 44427
8600 66788 46206
8600 66353 45795
8600 65081 44487
8600 64960 44516
8600 64166 44192
8600 64344 43757
8600 65127 44735
8600 65738 45260
8600 64386 43731
8600 67879 47266
8600 66777 46344
8600 65571 44885
8600 67240 46700
8600 65032 44649
8700 64354 44375
8700 66407 45367
8700 68341 47738
8700 64192 43243
8700 66175 45559
8700 65963 45025
8700 65302 44346
8700 69018 48190
8700 65832 45154
8700 68625 48000
8700 67255 46522
8700 66506 45505
8700 64892 44279
8700 67529 46742
8700 63210 42248
8700 65782 44625
8700 67896 47207
8700 66532 45688
8700 65703 44393
8700 67700 47211
8700 65712 44472
8700 67414 46649
8700 67308 46417
8700 66710 46004
8700 67775 47170
8700 68033 47364
8700 67108 45981
8700 65575 44891
8700 65886 44979
8700 65877 44851
8700 63996 43954
8700 67078 46336
8700 66224 45507
8700 66568 45576
8700 65161 44662
8700 66321 45426
8700 67210 46569
8700 66515 45923
8700 65322 44225
8700 66275 45466
8700 65381 44686
8700 68040 46982
8700 67044 46114
8700 67918 47205
8700 68329 47305
8700 68332 47370
8700 66039 45903
8700 69461 48349
8700 68808 47814
8700 67348 46659
8800 69200 48207
8800 69205 47966
8800 68743 47583
8800 68312 47039
8800 65683 45286
8800 66427 45679
8800 67981 46882
8800 67297 46032
8800 66853 46226
8800 66267 45406
8800 66614 45119
8800 67623 46451
8800 66907 46148
8800 66990 46054
8800 66108 44734
8800 69033 47997
8800 68069 47055
8800 67722 46727
8800 66902 45813
8800 66991 45947
8800 68783 47772
8800 66426 44728
8800 65732 44418
8800 66993 45284
8800 65183 45105
8800 66133 44675
8800 67986 46812
8800 69165 48311
8800 67823 46927
8800 67475 46609
8800 66808 45055
8800 67331 46227
8800 67507 46604
8800 66931 46154
8800 67611 46778
8800 67794 46780
8800 65609 44171
8800 65333 44059
8800 66572 45792
8800 68938 48000
8800 68080 47200
8800 67651 46349
8800 66524 45186
8800 66330 45058
8800 66730 45639
8800 65838 44956
8800 66266 44852
8800 65801 44789
8800 68501 47489
8800 68149 46862
8900 69252 48071
8900 69831 48452
8900 68422 47118
8900 67193 45698
8900 68735 47273
8900 69140 47985
8900 70264 48931
8900 68760 47572
8900 67797 46655
8900 67167 45602
8900 66972 45821
8900 68516 46917
8900 68999 47738
8900 69792 48485
8900 68146 46946
8900 67705 46313
8900 66969 45591
8900 70155 48736
8900 66181 45826
8900 68609 47356
8900 68820 47068
8900 70288 48632
8900 68741 47586
8900 67213 46269
8900 68553 46987
8900 68316 47104
8900 67720 46606
8900 66399 45973
8900 69222 47818
8900 69557 48240
8900 67339 45872
8900 67849 46830
8900 67528 45886
8900 69394 48194
8900 67857 46342
8900 70856 49441
8900 67849 46253
8900 68172 47113
8900 69458 48262
8900 68907 47808
8900 70722 49256
8900 67823 46266
8900 70126 48788
8900 67404 46264
8900 65633 45496
8900 69071 47593
8900 67846 46366
8900 70099 48478
8900 69080 47788
8900 69407 47686
9000 70487 48913
9000 68098 46506
9000 67845 46434
9000 68989 46952
9000 66158 45053
9000 69355 47842
9000 69409 47662
9000 69474 47878
9000 70632 49040
9000 66906 45123
9000 69667 48127
9000 70170 48501
9000 67682 46355
9000 69948 48297
9000 70252 48270
9000 68350 46910
9000 70678 49211
9000 69593 48085
9000 69314 47993
9000 68768 47363
9000 69217 47864
9000 69332 47893
9000 66937 45624
9000 70256 48883
9000 69065 47584
9000 67918 46400
9000 68421 47030
9000 70259 48448
9000 66957 45396
9000 70965 49396
9000 68823 47464
9000 69050 47386
9000 69981 48623
9000 67807 46128
9000 65375 43876
9000 68405 46925
9000 70053 48482
9000 70796 49229
9000 69509 47818
9000 67997 46438
9000 69475 47873
9000 70280 48610
9000 69483 48125
9000 70453 49047
9000 66589 44947
9000 68614 47268
9000 66073 44463
9000 68534 47095
9000 68496 46702
9000 67581 46186
9100 69441 47386
9100 68997 46834
9100 70777 49238
9100 69196 46828
9100 68698 46799
9100 67752 45810
9100 71756 50122
9100 68744 46642
9100 70288 48303
9100 69376 47624
9100 67286 45714
9100 68596 46986
9100 71160 49269
9100 67804 46019
9100 70703 48628
9100 70228 48660
9100 71282 49437
9100 70154 48267
9100 69146 47178
9100 69511 47921
9100 67387 45690
9100 66438 45591
9100 69464 47716
9100 70071 48262
9100 67897 45798
9100 67480 45463
9100 70289 48355
9100 67726 45785
9100 68699 46942
9100 69225 47529
9100 69525 47740
9100 71005 49487
9100 69569 47488
9100 70754 49337
9100 70169 48140
9100 69746 48042
9100 68519 46365
9100 69803 48073
9100 70331 48677
9100 70606 49023
9100 70125 48452
9100 71075 49271
9100 70681 48772
9100 69961 48318
9100 68588 47036
9100 70038 48598
9100 71716 49947
9100 69472 47139
9100 70360 48562
9100 70320 48737
9200 71436 49422
9200 70461 48659
9200 71514 49185
9200 69659 47745
9200 70135 48067
9200 71375 49263
9200 70028 48140
9200 69232 47166
9200 72079 49711
9200 68884 47029
9200 69999 47644
9200 69642 47123
9200 72741 50596
9200 70472 48553
9200 71701 49421
9200 68776 46869
9200 70048 48051
9200 69820 47959
9200 69840 47148
9200 72050 49826
9200 69381 47110
9200 71844 50125
9200 71159 49075
9200 69502 47411
9200 70690 48904
9200 71699 49905
9200 70448 48500
9200 71397 49128
9200 72604 50575
9200 70065 48144
9200 72444 50587
9200 72284 50261
9200 71570 49516
9200 68772 46229
9200 71703 49467
9200 71616 49560
9200 71050 48903
9200 70548 48252
9200 71207 49583
9200 69889 47415
9200 72277 50316
9200 72637 50581
9200 71646 49838
9200 70292 48155
9200 69118 47009
9200 72142 50165
9200 70998 49273
9200 72208 50254
9200 71810 49747
9200 70305 48416
9300 70886 48611
9300 69742 47373
9300 73500 51301
9300 72456 50173
9300 73050 50434
9300 70338 47907
9300 71310 49474
9300 72612 50306
9300 72573 50226
9300 72413 50476
9300 71134 48658
9300 71638 49365
9300 69877 47407
9300 71796 49377
9300 70637 48417
9300 70871 48479
9300 70514 48717
9300 70523 48101
9300 72243 49966
9300 73244 50951
9300 70466 48503
9300 71293 48794
9300 72188 50162
9300 71679 49432
9300 71034 48999
9300 70089 47996
9300 68339 46790
9300 69520 47602
9300 73310 50509
9300 71144 48630
9300 72049 49731
9300 70551 48529
9300 71964 49678
9300 70929 48896
9300 72379 49963
9300 70242 47636
9300 69374 47428
9300 69622 47314
9300 70792 49118
9300 68449 46833
9300 72033 49833
9300 69236 46796
9300 72707 50373
9300 70918 48810
9300 70116 47450
9300 70936 48724
9300 71555 48988
9300 72655 50207
9300 71074 48781
9300 72525 50198
9400 72175 49148
9400 74862 52179
9400 73810 51479
9400 72548 50108
9400 72315 49860
9400 70788 47853
9400 72877 50254
9400 73041 50646
9400 74338 51860
9400 71850 49324
9400 73481 50638
9400 71912 49418
9400 69767 47154
9400 68506 47171
9400 71911 49360
9400 70139 47451
9400 73467 50815
9400 70598 47772
9400 73470 51113
9400 72737 50304
9400 73611 50684
9400 74517 52078
9400 71587 48732
9400 71279 49086
9400 74975 52590
9400 70614 47732
9400 71763 49123
9400 73623 51102
9400 73550 50948
9400 74703 51958
9400 71738 48984
9400 71938 49544
9400 73145 50308
9400 71044 48065
9400 72978 50358
9400 73395 51046
9400 71998 49727
9400 72780 49995
9400 71526 49122
9400 73576 50872
9400 72429 49523
9400 73463 51177
9400 71651 49420
9400 73980 51396
9400 74535 51745
9400 74307 51547
9400 73629 51236
9400 71884 49129
9400 72338 49537
9400 74585 51882
9500 71676 48776
9500 72217 49034
9500 74576 51524
9500 73403 50778
9500 70454 48571
9500 72309 49504
9500 74486 51627
9500 73369 50505
9500 74667 51840
9500 73688 50847
9500 73907 50877
9500 75192 52514
9500 73544 50565
9500 72229 49332
9500 71329 48205
9500 71696 48357
9500 73940 51165
9500 72447 50104
9500 73343 50364
9500 72813 50044
9500 73227 50554
9500 73633 50711
9500 72274 49777
9500 73047 50295
9500 74214 51540
9500 73798 50999
9500 73002 49990
9500 73955 51349
9500 73165 50418
9500 74659 51987
9500 72895 50230
9500 73059 50146
9500 72327 49663
9500 71881 49021
9500 72709 49402
9500 74449 51514
9500 72440 49833
9500 73724 50966
9500 72513 50149
9500 71479 49053
9500 71002 48314
9500 71150 48004
9500 73718 50944
9500 70802 47785
9500 72490 50196
9500 74614 51963
9500 73528 50806
9500 73953 51493
9500 73525 50836
9500 72050 48845
9600 75911 52743
9600 74327 51360
9600 75392 52499
9600 70836 47802
9600 73566 50549
9600 76020 53081
9600 73580 50610
9600 75459 52301
9600 73792 50871
9600 74409 51380
9600 74196 51021
9600 74759 52040
9600 72201 49443
9600 74273 51077
9600 73544 50942
9600 75235 52166
9600 73505 50580
9600 72769 49716
9600 75090 52238
9600 74230 51202
9600 71150 48067
9600 75918 52854
9600 75864 52787
9600 75585 52497
9600 74174 51154
9600 75941 52917
9600 73416 50421
9600 74174 51300
9600 72700 49697
9600 73442 49948
9600 76030 52965
9600 73176 50262
9600 75133 51991
9600 75296 52319
9600 74907 51561
9600 73623 50487
9600 73516 50342
9600 71203 48672
9600 74334 51066
9600 71990 48901
9600 72772 49826
9600 74912 51899
9600 73309 49459
9600 72930 49572
9600 73306 50544
9600 73220 50782
9600 75960 52882
9600 74020 51150
9600 76091 53177
9600 75984 52976
9700 74209 50760
9700 75371 51933
9700 75651 52444
9700 74856 51673
9700 73105 49492
9700 74437 50910
9700 74218 51350
9700 76643 53199
9700 73720 49993
9700 73736 50569
9700 77255 54004
9700 73959 50464
9700 75548 52395
9700 73528 50315
9700 75683 52138
9700 73266 49576
9700 75166 51745
9700 76031 52673
9700 74385 50762
9700 75779 52584
9700 74087 50955
9700 75600 52412
9700 76069 52873
9700 76055 53014
9700 74454 51204
9700 74110 50552
9700 74507 51668
9700 76978 53836
9700 77245 53845
9700 73720 50680
9700 74193 50782
9700 74319 51036
9700 75501 51943
9700 75242 51943
9700 72710 49175
9700 75093 51439
9700 73484 50230
9700 74592 51221
9700 73653 50057
9700 75941 52672
9700 73676 50348
9700 75980 52894
9700 74404 50815
9700 76228 52690
9700 75772 52328
9700 75894 52856
9700 75790 52630
9700 72942 49394
9700 73401 49960
9700 75296 52059
9800 75945 52033
9800 71296 48680
9800 75194 51779
9800 75034 51507
9800 75216 51774
9800 73056 50112
9800 75908 52654
9800 76120 52537
9800 73206 49499
9800 73968 51142
9800 74214 50301
9800 74671 51206
9800 76612 53371
9800 76558 52872
9800 75065 50789
9800 75292 51488
9800 75498 51978
9800 77322 53958
9800 75128 51873
9800 77386 53718
9800 74893 51540
9800 75779 52119
9800 77014 53597
9800 76748 53331
9800 76275 52441
9800 76833 53274
9800 76237 52655
9800 77233 53603
9800 73439 50337
9800 73053 50194
9800 77120 53695
9800 75286 51733
9800 76034 52303
9800 74830 51187
9800 76718 53186
9800 76244 52819
9800 77191 53946
9800 76605 53091
9800 74670 50740
9800 77039 53104
9800 74661 50801
9800 77153 53787
9800 73358 49508
9800 76754 53392
9800 74763 51272
9800 76443 52994
9800 74931 51803
9800 74665 50787
9800 75478 51946
9800 73739 49781
9900 76516 53140
9900 76754 53269
9900 78005 53996
9900 75588 51384
9900 77894 53998
9900 77639 53950
9900 76011 52532
9900 76819 52675
9900 75967 51668
9900 77901 53919
9900 74070 50113
9900 76267 52384
9900 75611 51866
9900 77334 53481
9900 74877 50845
9900 76592 52099
9900 78872 54883
9900 76079 51873
9900 76020 52180
9900 77592 53907
9900 74563 50265
9900 76787 52514
9900 78230 54366
9900 76193 52097
9900 77266 53468
9900 79453 55361
9900 77191 53357
9900 75902 52032
9900 76582 52629
9900 77574 54030
9900 75587 51757
9900 74513 50631
9900 75843 51878
9900 77654 53857
9900 74790 50839
9900 75609 51484
9900 79310 55332
9900 75395 51104
9900 76450 52954
9900 75814 52136
9900 76488 52651
9900 77917 53987
9900 76170 52499
9900 74893 51543
9900 77354 53389
9900 76670 52934
9900 76147 52159
9900 75189 50676
9900 74309 50637
9900 77573 53763
10000 76372 51812
10000 77863 54314
10000 79081 54949
10000 76737 52650
10000 76706 52559
10000 75403 50824
10000 77539 53612
10000 72589 49034
10000 78075 54094
10000 77238 53057
10000 73535 50319
10000 75884 51581
10000 76873 52589
10000 76826 53212
10000 76450 51990
10000 77115 53436
10000 77749 53603
10000 77679 53436
10000 76030 52184
10000 77393 53531
10000 76222 52167
10000 76740 52905
10000 75754 51648
10000 77940 53547
10000 76012 51476
10000 74102 50007
10000 77510 53454
10000 78112 53799
10000 73865 49804
10000 77337 53017
10000 77726 53862
10000 75646 50975
10000 77357 53555
10000 77287 53305
10000 77934 53545
10000 76407 52396
10000 73680 49490
10000 77157 53428
10000 76332 52160
10000 78266 54072
10000 75808 51484
10000 77465 53485
10000 77769 53833
10000 76055 52110
10000 75470 51370
10000 77224 52548
10000 77834 53921
10000 77935 53951
10000 77013 53083
10000 74795 50519
10100 75999 52759
10100 79628 55157
10100 80009 55891
10100 79422 55029
10100 78306 54227
10100 78778 54499
10100 79248 54979
10100 79025 54243
10100 78060 53916
10100 76820 52306
10100 78187 54287
10100 77150 52719
10100 77468 53298
10100 76079 51395
10100 77039 52679
10100 76863 52747
10100 77814 53493
10100 76056 51487
10100 78170 54225
10100 78478 54320
10100 78821 54497
10100 77039 52643
10100 78582 54544
10100 78251 54100
10100 75512 51316
10100 78728 54615
10100 79660 55143
10100 78397 53872
10100 78904 54643
10100 78338 53856
10100 78084 53947
10100 79166 54679
10100 75443 51249
10100 77238 52375
10100 77626 53294
10100 77090 53119
10100 78494 54116
10100 76703 52545
10100 76895 52832
10100 79591 55328
10100 76841 53186
10100 78626 54286
10100 74379 50303
10100 79523 55032
10100 76957 52941
10100 79584 55405
10100 78252 53876
10100 80185 55807
10100 78638 54371
10100 75688 51651
10200 77976 53076
10200 79555 54854
10200 80253 55438
10200 78925 54366
10200 78112 53579
10200 78252 53894
10200 80517 56189
10200 74426 50071
10200 78254 53649
10200 80483 55868
10200 76339 51238
10200 78311 53335
10200 80235 55742
10200 77923 52847
10200 78058 53265
10200 76718 53014
10200 77994 53422
10200 78383 53919
10200 79384 55034
10200 79008 54567
10200 78382 53945
10200 80192 56004
10200 79610 55172
10200 77691 52877
10200 80013 55545
10200 78061 53170
10200 81116 56582
10200 78608 53994
10200 77234 53490
10200 80368 56025
10200 78204 52866
10200 77920 53273
10200 77807 52926
10200 79607 55072
10200 80194 55731
10200 80302 55634
10200 79043 54827
10200 78205 53685
10200 76149 51674
10200 77800 52897
10200 78354 54447
10200 79858 55688
10200 76926 52775
10200 78541 53823
10200 79746 55285
10200 80972 56350
10200 76772 52357
10200 81400 56782
10200 78596 54152
10200 78364 53891
10300 77355 52948
10300 80013 55443
10300 79774 54686
10300 79788 55098
10300 79100 54531
10300 79843 55012
10300 80512 55713
10300 80888 56378
10300 77618 52776
10300 78263 53625
10300 81594 56528
10300 75766 50655
10300 76117 51697
10300 77964 53029
10300 79204 54460
10300 78808 54115
10300 81310 56508
10300 77783 53006
10300 78562 53904
10300 79770 54790
10300 81909 57067
10300 79694 54683
10300 79343 54677
10300 80768 56043
10300 78888 53902
10300 80385 55625
10300 80981 56140
10300 80271 55389
10300 79835 54716
10300 81566 57080
10300 77998 53576
10300 76950 51791
10300 78351 53823
10300 76795 52782
10300 78038 53368
10300 78332 53841
10300 80069 55371
10300 79298 54458
10300 78453 53320
10300 76083 51251
10300 81174 56509
10300 77686 53002
10300 79284 54313
10300 77359 52296
10300 80760 56169
10300 79400 54793
10300 80164 55171
10300 79270 54295
10300 81518 56913
10300 81183 56474
10400 80263 55199
10400 79730 54898
10400 80775 55564
10400 82061 56815
10400 77527 52882
10400 80968 55705
10400 79300 54532
10400 80894 55722
10400 82032 56672
10400 80635 55746
10400 82006 57006
10400 81646 56620
10400 82504 57485
10400 81444 56543
10400 79092 54426
10400 80296 55640
10400 80209 54794
10400 79688 54467
10400 82712 57524
10400 80394 55160
10400 79433 54205
10400 79684 54804
10400 81143 55536
10400 80259 54832
10400 83143 57869
10400 79379 54518
10400 80783 55672
10400 80310 54929
10400 80142 54631
10400 83000 58019
10400 81332 56368
10400 81970 56972
10400 79774 54682
10400 79692 54706
10400 81633 56496
10400 78644 53679
10400 81734 56717
10400 80079 55049
10400 81683 56963
10400 82350 57553
10400 78174 53483
10400 81541 56289
10400 83775 58523
10400 80795 55799
10400 80281 55190
10400 80617 55793
10400 82726 57655
10400 79542 54613
10400 80150 54980
10400 81971 56928
10500 81409 56054
10500 81843 56586
10500 83269 57996
10500 81528 56516
10500 79830 54251
10500 82241 56716
10500 80250 55253
10500 81489 56504
10500 77054 52290
10500 81891 56326
10500 81978 56964
10500 80128 54750
10500 80077 54845
10500 82374 56849
10500 80486 55488
10500 82827 57521
10500 83123 58039
10500 81562 56647
10500 79934 54922
10500 80790 55420
10500 81843 55876
10500 82532 57048
10500 79670 54132
10500 79778 54206
10500 81983 56694
10500 82355 56669
10500 78858 53316
10500 79725 54260
10500 82205 57112
10500 79848 54654
10500 78349 52706
10500 79271 54299
10500 79761 55042
10500 81336 56206
10500 81433 56227
10500 78938 53222
10500 80661 55085
10500 81133 56009
10500 81449 56632
10500 78193 53051
10500 79930 54259
10500 82028 56763
10500 79461 54542
10500 81188 55947
10500 79276 53584
10500 82006 56668
10500 81253 55810
10500 79525 53977
10500 80146 54352
10500 78255 54378
10600 81316 55597
10600 81111 55542
10600 79906 53921
10600 84470 58750
10600 82095 56465
10600 80628 54886
10600 80849 54491
10600 80745 55034
10600 80964 55122
10600 80773 55156
10600 79425 55099
10600 80482 54924
10600 82112 56398
10600 82486 57172
10600 82329 56860
10600 81524 55979
10600 80593 55251
10600 82804 57038
10600 79982 54199
10600 81565 56068
10600 79572 53894
10600 82614 56939
10600 83724 58154
10600 76536 51850
10600 83505 58141
10600 80967 55619
10600 80785 55165
10600 83248 57590
10600 80948 54786
10600 83556 57657
10600 83390 57835
10600 81252 55107
10600 81866 56323
10600 81192 55452
10600 82659 57216
10600 81710 55823
10600 81480 55886
10600 81697 56163
10600 80573 54514
10600 82214 56422
10600 79655 53794
10600 79730 54226
10600 84259 58715
10600 78809 54429
10600 81025 55121
10600 79412 54031
10600 80174 54717
10600 82064 57016
10600 80438 55250
10600 82198 56949
10700 79738 53816
10700 83332 57672
10700 80189 54390
10700 83115 57357
10700 83692 57808
10700 83691 58025
10700 81763 56114
10700 81399 55502
10700 84497 59006
10700 81757 55809
10700 83881 58130
10700 84069 58186
10700 83598 57758
10700 84579 58863
10700 80506 54856
10700 83157 57201
10700 85083 59178
10700 82810 57050
10700 82825 56774
10700 82910 56918
10700 83682 57729
10700 84929 59180
10700 84050 58531
10700 81545 55971
10700 84848 59058
10700 81626 55622
10700 83283 57576
10700 82365 56426
10700 78651 52709
10700 84846 58894
10700 84602 58919
10700 81057 54655
10700 84280 58450
10700 82215 56741
10700 80433 54200
10700 80758 54712
10700 83376 57403
10700 83138 57763
10700 85091 59171
10700 84853 58937
10700 83546 57801
10700 82312 56006
10700 82235 56357
10700 81232 55678
10700 82260 56750
10700 84333 58622
10700 81081 54747
10700 83978 58265
10700 82971 57210
10700 85138 59540
10800 82115 55656
10800 83881 57547
10800 86064 59960
10800 84007 58359
10800 83813 57989
10800 83511 57718
10800 79220 54273
10800 84591 58644
10800 82804 56928
10800 83250 57147
10800 84174 58006
10800 83780 58033
10800 83742 57619
10800 83615 57654
10800 84747 59066
10800 83923 57723
10800 84303 58294
10800 85289 59408
10800 84813 58648
10800 81998 56211
10800 84046 57790
10800 82740 56655
10800 83957 57857
10800 82153 56388
10800 84114 58126
10800 84997 58982
10800 84187 58208
10800 81430 54890
10800 83117 56999
10800 85578 59624
10800 85979 60011
10800 84851 59207
10800 85260 59175
10800 82470 56221
10800 84215 58436
10800 84951 58980
10800 84967 58963
10800 84789 58686
10800 83880 57880
10800 84002 57722
10800 85601 59548
10800 84869 58908
10800 83875 57745
10800 82012 56691
10800 84695 58836
10800 83815 57792
10800 84796 58737
10800 82151 56169
10800 85052 59171
10800 84094 57950
10900 85386 59218
10900 86090 59690
10900 84371 58526
10900 84800 58658
10900 84079 57702
10900 85334 58846
10900 83161 56443
10900 84751 58374
10900 84953 58569
10900 85997 59750
10900 85427 59268
10900 84123 57670
10900 85028 58740
10900 84801 58859
10900 83776 57621
10900 86099 59674
10900 83982 57469
10900 80266 54945
10900 86732 60455
10900 83190 56802
10900 86962 60296
10900 85479 59535
10900 85858 59724
10900 84787 59059
10900 84384 57892
10900 86033 59709
10900 84504 58475
10900 84108 58027
10900 82461 55897
10900 83595 57861
10900 84011 57829
10900 82990 56730
10900 82103 57030
10900 83366 57257
10900 85218 59301
10900 85343 59224
10900 83341 56771
10900 86732 59907
10900 81932 55909
10900 83848 57368
10900 85816 59483
10900 85221 59254
10900 82651 55847
10900 86298 59965
10900 84129 58051
10900 86520 59976
10900 84456 57895
10900 82224 56159
10900 86925 60312
10900 84792 58797
11000 83079 56596
11000 84698 58581
11000 83614 57289
11000 82932 56410
11000 86436 60190
11000 84635 58449
11000 86486 59750
11000 83159 55847
11000 85690 58749
11000 86562 59964
11000 84841 58103
11000 85936 59469
11000 83975 56891
11000 87360 60922
11000 87178 60564
11000 86320 59125
11000 85656 59209
11000 86267 59812
11000 81192 54894
11000 84469 57890
11000 86766 59982
11000 84682 57888
11000 86451 59446
11000 85516 59173
11000 85099 58327
11000 83009 55790
11000 85694 58882
11000 85438 59019
11000 84888 58024
11000 84244 57946
11000 83266 56258
11000 84163 57635
11000 81625 54794
11000 84784 58054
11000 86556 59861
11000 81849 55255
11000 84860 58140
11000 85624 59164
11000 86596 59908
11000 84344 57846
11000 85477 58950
11000 83471 56697
11000 82627 55579
11000 87930 61548
11000 86696 60398
11000 86171 59729
11000 81657 55577
11000 83206 56708
11000 84651 57715
11000 86661 60108
11100 85651 59002
11100 86239 59852
11100 86615 60235
11100 85893 58877
11100 86282 59303
11100 85683 59027
11100 87174 60212
11100 86581 59851
11100 83900 56723
11100 86723 60160
11100 84111 57010
11100 89759 62758
11100 86677 59986
11100 85738 59167
11100 86406 59545
11100 85305 58470
11100 85086 58152
11100 85964 59141
11100 88521 61781
11100 85405 58390
11100 82420 55576
11100 84380 57271
11100 86748 60089
11100 87622 60887
11100 84320 57919
11100 87796 60952
11100 86982 60082
11100 86830 60128
11100 82506 56816
11100 86176 58780
11100 82349 55391
11100 85956 59256
11100 87480 60921
11100 83504 56402
11100 84641 58279
11100 87673 60629
11100 87152 60330
11100 86186 59600
11100 84405 57602
11100 84961 58227
11100 85883 58861
11100 85998 59253
11100 84750 57614
11100 87548 60718
11100 86586 59829
11100 87030 60087
11100 84827 57354
11100 87327 60472
11100 84295 56863
11100 86753 59965
11200 86454 59518
11200 88386 61289
11200 88733 61794
11200 87483 60195
11200 84509 57230
11200 87483 60502
11200 86990 59994
11200 87917 60834
11200 88471 61508
11200 86660 59417
11200 86136 59207
11200 88072 61022
11200 85270 58742
11200 84203 57736
11200 86051 58932
11200 86710 59941
11200 84257 57094
11200 86200 59227
11200 86457 59653
11200 85931 58697
11200 86024 58827
11200 85542 58406
11200 83827 56212
11200 85867 59146
11200 87833 60609
11200 86665 60303
11200 85736 58132
11200 84779 57239
11200 88984 61891
11200 86120 59235
11200 86886 59763
11200 85630 58052
11200 85004 57289
11200 86683 59688
11200 85746 58629
11200 88936 61941
11200 85576 58412
11200 84500 56688
11200 87543 60323
11200 87593 60106
11200 87000 59747
11200 86347 59167
11200 88668 61578
11200 84989 58468
11200 86881 60668
11200 84689 57664
11200 85964 58906
11200 88836 61634
11200 85600 58361
11200 87624 60730
11300 86205 59003
11300 86164 58707
11300 88477 61084
11300 89471 62441
11300 85574 57772
11300 85688 59043
11300 86814 59240
11300 88499 61075
11300 88340 60929
11300 87950 60462
11300 89877 62583
11300 86390 58864
11300 88237 61355
11300 86303 58544
11300 87495 60348
11300 87101 59453
11300 84893 57087
11300 87926 60558
11300 89309 62072
11300 86680 59629
11300 86511 60099
11300 85611 58524
11300 88134 60903
11300 87556 60295
11300 83748 56501
11300 86689 59634
11300 86838 60043
11300 86590 59685
11300 86755 59498
11300 86543 58834
11300 86501 59787
11300 88484 61208
11300 87669 60161
11300 85722 57745
11300 85870 57766
11300 87843 60389
11300 87051 60097
11300 88503 61455
11300 87998 60669
11300 89272 62080
11300 88573 61613
11300 87349 60274
11300 86588 59077
11300 85811 58448
11300 88340 61391
11300 90071 62701
11300 85862 58337
11300 86228 59346
11300 88875 61710
11300 85855 59025
11400 88371 60662
11400 91110 63786
11400 90040 62585
11400 88653 61700
11400 89663 62262
11400 91450 63941
11400 89445 62211
11400 90559 62960
11400 88804 61557
11400 86691 58978
11400 88413 60299
11400 87814 59932
11400 88177 60830
11400 89991 62407
11400 89848 62157
11400 89139 61538
11400 86353 58357
11400 90925 63336
11400 86423 58392
11400 90045 62484
11400 90284 62678
11400 89225 62033
11400 88599 61318
11400 90086 62593
11400 87095 59291
11400 86672 58753
11400 90398 62954
11400 90409 62778
11400 90169 62757
11400 89187 61711
11400 88033 60632
11400 89001 61628
11400 88714 60847
11400 86629 59092
11400 89928 61878
11400 87255 59349
11400 88589 60888
11400 90549 62848
11400 86538 58945
11400 88575 60873
11400 88594 61113
11400 85277 57373
11400 88797 61266
11400 90252 62874
11400 86680 58878
11400 90861 63152
11400 88564 61091
11400 88095 61102
11400 86814 59250
11400 89632 61657
11500 87698 60018
11500 90164 62751
11500 89361 61896
11500 89460 61674
11500 87670 59362
11500 88211 60637
11500 87639 60133
11500 90202 62450
11500 85549 58103
11500 87440 59956
11500 89073 61428
11500 90592 63028
11500 91014 63204
11500 86788 59210
11500 86930 59045
11500 87124 59754
11500 86267 58349
11500 88108 60348
11500 89465 61965
11500 90339 62357
11500 87171 59044
11500 87570 59295
11500 86431 59699
11500 87967 59870
11500 87278 59490
11500 88631 61053
11500 87650 59791
11500 88676 61167
11500 90507 62398
11500 91020 63257
11500 87642 59115
11500 89055 61493
11500 87627 59681
11500 89878 62351
11500 91107 63477
11500 85557 58779
11500 87330 59473
11500 88289 60631
11500 88038 60043
11500 88422 60558
11500 88076 60264
11500 90681 62985
11500 90887 63111
11500 88984 61513
11500 89354 61514
11500 88199 60164
11500 87684 59797
11500 86738 59344
11500 88797 60544
11500 89561 61982
11600 90071 62062
11600 87665 59555
11600 88459 60601
11600 90652 62746
11600 91872 63678
11600 89534 61760
11600 91071 62967
11600 90599 62550
11600 90957 62854
11600 89930 62122
11600 89214 60988
11600 89596 61707
11600 91435 63189
11600 90331 61919
11600 91474 63585
11600 90553 62348
11600 90960 62639
11600 89265 61367
11600 88295 60694
11600 88607 60530
11600 89767 61597
11600 88315 60640
11600 88454 60534
11600 88769 61436
11600 88123 59941
11600 90676 62543
11600 87200 58861
11600 91383 63492
11600 90002 61767
11600 90350 62422
11600 89426 61370
11600 88638 60481
11600 87354 58915
11600 91926 64239
11600 88100 59422
11600 91266 63348
11600 90398 62577
11600 89551 61834
11600 89818 62171
11600 89999 61734
11600 90295 62072
11600 91198 63095
11600 87349 59376
11600 87261 58808
11600 91719 63700
11600 90721 62918
11600 89272 61390
11600 91457 62821
11600 89455 61401
11600 90429 62441
11700 90331 61645
11700 92203 63928
11700 92067 63709
11700 89995 61737
11700 91742 63393
11700 91302 62888
11700 92796 64784
11700 91670 63316
11700 93249 64897
11700 91751 63527
11700 87927 59869
11700 90293 62139
11700 90790 62812
11700 90640 62604
11700 87182 60470
11700 90334 61660
11700 93811 65578
11700 91287 63109
11700 91084 62918
11700 91451 63636
11700 93112 64546
11700 88687 60458
11700 88416 59990
11700 91858 63790
11700 90832 62215
11700 90498 62152
11700 91086 63003
11700 90823 62351
11700 91235 63061
11700 92634 63727
11700 89560 61569
11700 90751 62893
11700 92442 64224
11700 91035 62562
11700 91227 62861
11700 88828 60303
11700 90475 62423
11700 90461 61682
11700 92666 64774
11700 88400 59659
11700 91699 63511
11700 91194 63351
11700 89457 61033
11700 92380 64622
11700 89685 61427
11700 91940 63904
11700 91712 63347
11700 91955 64206
11700 90465 61738
11700 92031 64059
11800 89449 60839
11800 91763 63228
11800 92193 64137
11800 90214 61270
11800 91861 62912
11800 89854 60312
11800 89096 60082
11800 88182 59726
11800 91952 63763
11800 94195 65542
11800 91283 62897
11800 93528 64847
11800 88650 60964
11800 90220 61764
11800 92685 63882
11800 92486 64323
11800 90618 61815
11800 89443 60734
11800 89571 60574
11800 91262 62312
11800 91234 62587
11800 92297 63984
11800 93270 64448
11800 91557 63144
11800 93454 64708
11800 88371 59310
11800 88507 59853
11800 89829 61106
11800 90756 62317
11800 92504 63687
11800 88979 60146
11800 90111 61899
11800 90974 62620
11800 93275 64769
11800 89955 60920
11800 90984 62063
11800 89421 60447
11800 87427 60060
11800 90215 61784
11800 90385 62059
11800 89016 60422
11800 90023 61950
11800 90144 61626
11800 90923 62356
11800 92781 64345
11800 91485 62967
11800 90759 61976
11800 90206 61190
11800 91400 63303
11800 91420 63184
11900 94866 66108
11900 92358 63792
11900 93307 64751
11900 93564 64664
11900 91605 62915
11900 92722 63717
11900 94654 65999
11900 92874 64127
11900 91567 62683
11900 94112 65198
11900 92728 63574
11900 94311 65375
11900 95125 66366
11900 92879 64034
11900 92802 64211
11900 92679 63966
11900 92043 63406
11900 92820 63974
11900 93284 64240
11900 91872 62891
11900 94590 65464
11900 94429 65519
11900 90723 61323
11900 89259 61397
11900 94076 64925
11900 90784 61560
11900 92909 64424
11900 93124 64565
11900 91802 63124
11900 90968 61388
11900 91612 62625
11900 93528 64665
11900 92290 63695
11900 94434 65677
11900 94356 65528
11900 93071 63880
11900 94080 65185
11900 93255 64347
11900 93725 65059
11900 93906 65243
11900 92105 63426
11900 91070 62086
11900 90977 62054
11900 93048 64449
11900 91603 63076
11900 90885 62391
11900 93053 64225
11900 92457 63702
11900 91536 62605
11900 91148 62167
12000 96960 67685
12000 88243 60551
12000 93402 64474
12000 94185 65361
12000 91507 62250
12000 91703 63028
12000 93722 64870
12000 93000 64148
12000 94361 65009
12000 95215 65953
12000 92890 63554
12000 92954 63904
12000 95703 66791
12000 91835 63081
12000 92684 63685
12000 90288 61217
12000 95406 66162
12000 91201 61821
12000 94112 64853
12000 93269 64086
12000 93675 64583
12000 91266 62675
12000 92295 63033
12000 92204 63436
12000 93636 64332
12000 90683 61942
12000 92457 63370
12000 92894 64123
12000 90898 61306
12000 90209 61304
12000 91822 63175
12000 94203 64600
12000 91567 62500
12000 93999 64980
12000 93647 64916
12000 92440 63844
12000 94318 65354
12000 93899 64788
12000 93591 64475
12000 93804 64933
12000 95131 66294
12000 92083 62595
12000 94113 65298
12000 91794 62548
12000 90454 62046
12000 91389 62573
12000 92866 63313
12000 91558 62612
12000 90196 61216
12000 93740 65031
12100 95319 66215
12100 93921 64666
12100 92821 63696
12100 93901 64489
12100 94475 64849
12100 95150 65788
12100 93092 63367
12100 95377 66093
12100 96898 67277
12100 95266 66136
12100 94210 64864
12100 93051 64027
12100 94930 65806
12100 93600 64103
12100 92118 62493
12100 93616 64332
12100 94740 65430
12100 92297 62646
12100 94778 65587
12100 93584 64326
12100 94803 65852
12100 94085 63991
12100 94291 64924
12100 92053 62682
12100 94511 65606
12100 95184 65559
12100 94469 65080
12100 93162 63671
12100 90994 61874
12100 94630 65189
12100 96207 66783
12100 93360 64361
12100 93074 64093
12100 93415 64114
12100 95196 66209
12100 93729 64565
12100 90325 61455
12100 93780 63806
12100 93095 64321
12100 96003 66633
12100 93071 63466
12100 90480 60992
12100 93012 63416
12100 89679 60702
12100 93120 63511
12100 91744 62103
12100 93953 65030
12100 90783 61720
12100 94783 65538
12100 95355 66194
12200 92951 62966
12200 97212 67406
12200 94247 64649
12200 94801 65133
12200 96880 67308
12200 92311 62787
12200 96202 66738
12200 93411 63724
12200 94828 65079
12200 94046 64870
12200 95407 66133
12200 93899 64397
12200 94507 64560
12200 96522 67148
12200 93923 64449
12200 95493 66042
12200 91892 62404
12200 95647 66273
12200 95096 64965
12200 96948 67154
12200 96914 67602
12200 91531 62145
12200 95262 65044
12200 94270 64943
12200 95720 66167
12200 95216 65831
12200 93141 63961
12200 96528 67095
12200 93745 63774
12200 94403 65353
12200 93182 63788
12200 92003 62772
12200 94361 64920
12200 95111 65170
12200 93068 63432
12200 96495 66893
12200 93850 64395
12200 95323 65897
12200 94979 65540
12200 94712 65309
12200 91601 62597
12200 93745 64251
12200 97211 67529
12200 94458 65151
12200 94557 65378
12200 96764 67105
12200 94663 64870
12200 93991 64637
12200 92006 63993
12200 91890 61935
12300 96885 67062
12300 95055 65302
12300 95676 65832
12300 97514 67074
12300 96606 66865
12300 94842 65550
12300 93063 63517
12300 95017 65268
12300 94072 64367
12300 92653 62834
12300 92083 62180
12300 93041 64140
12300 95756 66401
12300 95727 66102
12300 96286 66665
12300 91881 62822
12300 97034 67222
12300 97756 67752
12300 96866 67336
12300 94137 64093
12300 94770 64338
12300 95320 65864
12300 95597 66121
12300 95761 65658
12300 92943 63014
12300 94369 65259
12300 93772 63738
12300 95916 65919
12300 97753 67928
12300 97626 67778
12300 94281 64137
12300 95781 66230
12300 94950 64612
12300 93898 63689
12300 96974 67287
12300 96687 66893
12300 97345 67026
12300 94459 64470
12300 97591 67777
12300 94804 65194
12300 93008 63180
12300 97753 67871
12300 95274 65932
12300 96944 67233
12300 97936 68167
12300 96646 66527
12300 96241 66751
12300 96944 67386
12300 91601 63262
12300 91360 62825
12400 97819 67600
12400 96398 66738
12400 93831 64052
12400 95375 64421
12400 95419 65527
12400 99465 69078
12400 98320 68224
12400 93707 63399
12400 96827 67038
12400 95103 65667
12400 91889 63107
12400 94849 64952
12400 95749 66308
12400 95879 65813
12400 98383 67874
12400 94413 63832
12400 97027 67021
12400 93258 64167
12400 96434 66578
12400 96991 66687
12400 94959 64874
12400 96453 66417
12400 97621 68039
12400 94439 64194
12400 97149 67106
12400 98188 68201
12400 95574 65871
12400 98344 68193
12400 95387 64869
12400 97299 67231
12400 95402 65192
12400 98249 68214
12400 96496 66765
12400 95411 65274
12400 92931 63333
12400 97020 67383
12400 97910 67747
12400 96450 66617
12400 96336 66719
12400 95781 65661
12400 96631 66626
12400 96572 66325
12400 96634 66433
12400 97221 67344
12400 97738 67448
12400 97570 67419
12400 98717 68826
12400 97021 66809
12400 97857 67885
12400 96592 66924
12500 96805 65703
12500 97924 67751
12500 98827 68377
12500 98872 68697
12500 97360 66873
12500 97337 66979
12500 99190 68749
12500 97417 67257
12500 95312 65005
12500 97211 67034
12500 97222 67091
12500 97201 66552
12500 94282 65178
12500 94609 64510
12500 96711 66435
12500 97354 66828
12500 97010 66637
12500 98105 68015
12500 95277 65038
12500 96473 65943
12500 98289 67723
12500 97847 67754
12500 95877 64922
12500 98748 68536
12500 92317 61861
12500 96234 65897
12500 96097 66107
12500 97662 67378
12500 97117 66702
12500 98379 67810
12500 95639 65535
12500 98381 67967
12500 98328 67955
12500 97413 67256
12500 96831 66767
12500 93783 63109
12500 94863 64323
12500 98848 68545
12500 95368 64565
12500 94812 63915
12500 95637 65663
12500 96515 66181
12500 97573 67150
12500 96597 66427
12500 94325 63425
12500 96161 65884
12500 94758 64433
12500 91301 60597
12500 96982 66524
12500 96578 66535
12600 96329 66109
12600 95610 64627
12600 96647 66539
12600 99457 68832
12600 99512 69071
12600 96260 65106
12600 100409 69749
12600 98210 67611
12600 96557 65444
12600 96994 66775
12600 96166 65371
12600 97489 67096
12600 98522 68615
12600 100696 69604
12600 99393 69183
12600 97429 66892
12600 97307 66412
12600 95703 65170
12600 97782 67281
12600 98905 68316
12600 96566 65871
12600 100007 69608
12600 98054 66971
12600 96698 66097
12600 99744 69241
12600 94412 63653
12600 97150 66338
12600 97065 66729
12600 97234 66838
12600 97311 66940
12600 99578 68880
12600 98279 67994
12600 99395 68903
12600 98127 67276
12600 98153 67416
12600 98320 67668
12600 95961 65612
12600 97921 67242
12600 97299 66542
12600 96845 66487
12600 99881 69512
12600 99300 68736
12600 97462 67228
12600 98058 67844
12600 98225 67495
12600 99406 68604
12600 99516 69024
12600 96655 65536
12600 99784 69219
12600 96703 66263
12700 101055 70496
12700 99012 67714
12700 96558 65786
12700 99651 68569
12700 100391 69564
12700 97455 66129
12700 97922 66987
12700 100372 69706
12700 98679 67665
12700 97983 67014
12700 95638 64481
12700 96388 64876
12700 95164 64668
12700 96344 65282
12700 98420 67832
12700 100898 70131
12700 99187 68280
12700 96697 65636
12700 98952 68344
12700 100441 69729
12700 97498 66148
12700 99683 68670
12700 99457 68789
12700 97500 66766
12700 99488 69120
12700 96416 64950
12700 98558 67672
12700 97426 66612
12700 98186 66859
12700 99260 68571
12700 100049 69214
12700 96959 65742
12700 98251 68005
12700 100024 69383
12700 94995 64085
12700 98422 67771
12700 98204 67252
12700 101494 70465
12700 100110 69464
12700 101111 70415
12700 99204 68115
12700 98771 68066
12700 98943 68019
12700 98261 67848
12700 101032 70346
12700 99048 68717
12700 98423 67862
12700 99081 67932
12700 96202 65342
12700 98042 67369
12800 99641 68398
12800 99189 67859
12800 100860 70101
12800 99268 68317
12800 99695 68887
12800 102645 71440
12800 100191 68947
12800 101793 70581
12800 99487 68664
12800 97968 67312
12800 99568 68850
12800 99533 68801
12800 100172 69447
12800 98020 66877
12800 99535 68537
12800 100838 69889
12800 102077 70884
12800 98065 67893
12800 100882 69786
12800 97383 66205
12800 96711 65682
12800 100997 70069
12800 98471 66810
12800 98611 67931
12800 98069 67749
12800 99096 67580
12800 100192 69042
12800 100606 69742
12800 101548 70310
12800 97786 66800
12800 99796 68881
12800 99184 68204
12800 100235 69230
12800 100434 69310
12800 101001 70173
12800 99363 68310
12800 100292 69244
12800 99335 67988
12800 100862 69796
12800 99848 68717
12800 98076 66950
12800 98902 68210
12800 101038 70042
12800 100695 69707
12800 96327 65131
12800 98327 67223
12800 96980 65882
12800 102044 70492
12800 98298 67146
12800 98429 67241
12900 101369 69790
12900 100614 69708
12900 101526 70206
12900 100614 69269
12900 98539 66938
12900 98666 66894
12900 101001 69529
12900 101818 70734
12900 101669 70672
12900 101379 69405
12900 101389 70297
12900 101867 70163
12900 101379 70266
12900 99294 68178
12900 100678 69415
12900 99821 68725
12900 103368 71820
12900 102271 70516
12900 99083 66887
12900 101986 70877
12900 100352 70060
12900 101437 70103
12900 101751 70704
12900 101548 70618
12900 98974 67720
12900 99542 68041
12900 101890 70646
12900 98840 67234
12900 101363 69960
12900 101639 70436
12900 96174 66562
12900 98386 66732
12900 99034 67259
12900 98856 67275
12900 101291 70022
12900 101482 69911
12900 100495 68982
12900 99532 67727
12900 101859 70360
12900 99576 67653
12900 99966 68450
12900 99010 67090
12900 101470 69960
12900 100033 68846
12900 101038 70177
12900 95615 64327
12900 102495 70833
12900 102627 71243
12900 96837 65228
12900 102000 70985
13000 102041 70998
13000 99697 68279
13000 102463 71087
13000 99547 68699
13000 96071 64570
13000 102238 70902
13000 102893 71172
13000 100134 68710
13000 102682 71297
13000 99703 68240
13000 100833 69865
13000 97935 65921
13000 98268 66367
13000 97260 65600
13000 99650 67848
13000 97082 66032
13000 101172 69822
13000 99744 67718
13000 101788 69794
13000 96255 64713
13000 100724 69617
13000 101705 70376
13000 98409 66695
13000 98519 67115
13000 99659 67638
13000 100526 69154
13000 99361 66673
13000 100833 69538
13000 100031 68880
13000 101735 70051
13000 97762 66155
13000 95767 65621
13000 100089 68268
13000 98265 66996
13000 101889 70543
13000 100956 69624
13000 97253 65089
13000 100284 68305
13000 99795 67714
13000 100109 69412
13000 100571 69160
13000 100348 68381
13000 101088 69113
13000 102139 70664
13000 101232 69650
13000 103250 71646
13000 101549 69733
13000 100522 68540
13000 98803 67131
13000 100301 68469
13100 103925 71988
13100 102303 70287
13100 102493 70463
13100 102188 70759
13100 103729 72224
13100 104465 72539
13100 105195 73234
13100 99997 68771
13100 102823 70793
13100 99618 67277
13100 102304 70680
13100 99561 67630
13100 102044 70314
13100 100202 68702
13100 104205 72401
13100 103099 71632
13100 101476 69440
13100 102444 70846
13100 100536 67592
13100 104107 71996
13100 102814 71210
13100 103519 71933
13100 100473 68591
13100 99521 67103
13100 103387 71521
13100 103935 71656
13100 105720 73418
13100 99890 68041
13100 100267 68506
13100 101303 69703
13100 102360 70697
13100 100963 69195
13100 103330 71416
13100 100447 68851
13100 102864 70835
13100 96076 65347
13100 102598 70793
13100 102892 70839
13100 103842 71948
13100 98912 67543
13100 103953 72275
13100 98471 66168
13100 103659 71987
13100 101709 70489
13100 100321 69139
13100 104227 72340
13100 101594 70089
13100 97966 65832
13100 100727 68938
13100 103509 71744
13200 101022 69217
13200 103241 70562
13200 103116 71267
13200 101875 69722
13200 100717 68291
13200 102564 70562
13200 104331 72183
13200 102328 70360
13200 99833 67238
13200 106495 74473
13200 100041 67526
13200 101882 70054
13200 104452 72446
13200 104054 72431
13200 104314 72584
13200 103569 71482
13200 105940 73739
13200 101058 68642
13200 100168 67441
13200 101691 69345
13200 102647 70890
13200 104353 72199
13200 101832 70186
13200 104587 72897
13200 104066 72223
13200 99865 67545
13200 102746 70747
13200 103606 71680
13200 103486 71386
13200 104949 72768
13200 104693 72904
13200 103240 71391
13200 104344 72378
13200 100192 67571
13200 104044 72112
13200 104458 72052
13200 106631 74072
13200 104795 72389
13200 106821 74367
13200 104822 72793
13200 103557 71678
13200 104139 72337
13200 101386 68604
13200 101242 68960
13200 101909 69944
13200 100949 67873
13200 103106 71679
13200 103414 71093
13200 103363 71550
13200 103013 71041
13300 99913 67315
13300 97096 65850
13300 100490 68167
13300 104278 72406
13300 104754 72525
13300 103655 71545
13300 102373 69994
13300 105508 73572
13300 105360 73134
13300 103340 71171
13300 104340 71841
13300 102773 69825
13300 102251 69952
13300 105743 73752
13300 104553 72176
13300 100917 67970
13300 101200 69423
13300 105086 72823
13300 104394 72259
13300 104096 71841
13300 99691 66943
13300 104664 72451
13300 104640 72398
13300 103988 71054
13300 104881 72374
13300 104969 72586
13300 103062 70665
13300 102469 70045
13300 102535 70268
13300 105048 72699
13300 104352 71833
13300 100764 68334
13300 100039 67422
13300 100865 69158
13300 100994 68092
13300 102859 70664
13300 103884 71146
13300 103858 71563
13300 102740 69899
13300 104119 71980
13300 102186 69519
13300 105115 72814
13300 101776 70005
13300 101459 68440
13300 102110 69457
13300 102720 70423
13300 104846 72532
13300 101595 69631
13300 103719 71220
13300 100537 69056
13400 103306 70105
13400 104993 72778
13400 105049 72262
13400 102870 69768
13400 105629 73555
13400 103495 70466
13400 106046 73710
13400 106803 74558
13400 105754 73294
13400 104915 72751
13400 105415 73225
13400 105142 72764
13400 103130 69841
13400 103701 71662
13400 105030 72392
13400 103768 71709
13400 107413 75022
13400 105670 73273
13400 103228 70375
13400 108807 76128
13400 104323 71247
13400 103729 70316
13400 105960 73248
13400 103026 70524
13400 104750 71919
13400 102757 70137
13400 103002 69911
13400 106184 73920
13400 105184 73260
13400 105726 72640
13400 105306 73000
13400 103690 71015
13400 101834 68877
13400 103245 70754
13400 104222 71668
13400 107214 74184
13400 107066 74825
13400 103572 70027
13400 106483 74186
13400 102443 69401
13400 101441 68187
13400 106565 74014
13400 103248 70267
13400 105953 73219
13400 106037 73399
13400 105418 72769
13400 107501 74456
13400 106233 73276
13400 105585 73278
13400 104894 72497
13500 106582 73783
13500 104931 72163
13500 105384 72803
13500 107087 74520
13500 103541 70646
13500 102364 68677
13500 106196 73629
13500 101086 70090
13500 103724 70292
13500 104446 71672
13500 103682 70940
13500 106040 73213
13500 103526 70873
13500 106104 73665
13500 104810 72358
13500 105979 73494
13500 103806 69760
13500 103267 70766
13500 106321 74055
13500 106913 74145
13500 105332 72500
13500 106141 73412
13500 104965 71693
13500 107218 74106
13500 104148 71371
13500 102649 70119
13500 106411 73739
13500 107061 74241
13500 106578 73183
13500 104222 71810
13500 106534 74072
13500 106140 72932
13500 108850 75584
13500 106353 73504
13500 103648 70732
13500 106220 73479
13500 107221 74504
13500 104002 70810
13500 106007 73229
13500 106666 74030
13500 105016 72354
13500 103704 70440
13500 108923 76044
13500 101369 68114
13500 101509 68759
13500 106842 74259
13500 106645 73868
13500 104613 71540
13500 105185 72293
13500 100713 69010
13600 107130 74659
13600 104281 71508
13600 106386 73214
13600 103289 70420
13600 107168 74426
13600 105467 72336
13600 105731 72011
13600 107466 73980
13600 106215 73207
13600 103421 69875
13600 106986 74420
13600 104886 72090
13600 107399 73926
13600 102340 70141
13600 104856 71317
13600 105509 72681
13600 107289 74319
13600 107634 74588
13600 104667 71160
13600 107986 75098
13600 107900 74860
13600 104010 70251
13600 108552 75488
13600 105258 72283
13600 104329 71504
13600 107328 74198
13600 103995 70725
13600 106393 73981
13600 105801 72321
13600 106532 73274
13600 100743 67776
13600 105762 72527
13600 102032 69661
13600 106065 73116
13600 104198 70264
13600 106368 73354
13600 107414 74362
13600 104897 71169
13600 106524 73715
13600 108003 74795
13600 103695 70398
13600 105840 72957
13600 106882 73995
13600 108158 75059
13600 106091 72840
13600 108326 75344
13600 100542 68798
13600 104691 71441
13600 107641 74560
13600 104213 70587
13700 108188 74980
13700 109365 75969
13700 107012 73767
13700 106804 73839
13700 104674 71804
13700 108408 75145
13700 109699 76394
13700 107505 74066
13700 102558 69224
13700 107470 74479
13700 106184 73103
13700 106236 72663
13700 104018 72121
13700 106922 73657
13700 108923 75722
13700 106695 73545
13700 107580 74802
13700 107052 73745
13700 107109 74027
13700 104829 71892
13700 102076 69344
13700 105929 72782
13700 105789 72382
13700 110311 77217
13700 108864 76050
13700 105923 72001
13700 106684 72965
13700 108914 75992
13700 107118 74135
13700 106828 73163
13700 108725 75714
13700 105256 71790
13700 107502 74008
13700 106825 73489
13700 108321 75265
13700 107486 74374
13700 99034 68531
13700 108123 74747
13700 104124 71148
13700 106297 73248
13700 108327 75086
13700 106959 73106
13700 108025 74680
13700 109233 75866
13700 106020 72752
13700 106407 73146
13700 108292 74936
13700 109105 75645
13700 106913 73839
13700 108043 74673
13800 105533 71725
13800 106832 73653
13800 106886 72966
13800 107724 74076
13800 106107 73361
13800 105668 72525
13800 105806 71807
13800 108979 75139
13800 108822 75098
13800 107880 74932
13800 108077 74320
13800 106576 72634
13800 104450 70786
13800 107580 74423
13800 103826 71868
13800 107768 74612
13800 105903 71973
13800 104950 70945
13800 103564 69420
13800 110307 76490
13800 106474 72773
13800 108298 75006
13800 105460 72602
13800 104280 70619
13800 106536 72740
13800 107249 73696
13800 105616 71759
13800 108763 75391
13800 104927 72590
13800 103795 69848
13800 109029 75219
13800 108975 75281
13800 104384 69896
13800 107343 73755
13800 103210 69315
13800 108242 74961
13800 108729 75015
13800 107516 74284
13800 103961 69591
13800 109524 75783
13800 109317 76060
13800 107824 74490
13800 106310 73001
13800 106916 73192
13800 107166 72913
13800 103297 69764
13800 105085 70738
13800 107994 74524
13800 108102 74745
13800 108102 74829
13900 107114 73101
13900 109430 75754
13900 108476 74837
13900 110441 76681
13900 108014 75032
13900 107588 74354
13900 108719 74933
13900 111080 77059
13900 110441 76692
13900 107727 73447
13900 107806 73777
13900 109777 75751
13900 108786 75245
13900 108829 75136
13900 106594 72002
13900 109763 76049
13900 108414 74358
13900 107202 73750
13900 104434 70167
13900 110333 76193
13900 109294 75501
13900 110797 77087
13900 105537 71511
13900 108123 73930
13900 105486 72295
13900 110373 76737
13900 110834 76727
13900 108840 74998
13900 109249 75529
13900 108478 74253
13900 109916 76126
13900 107320 73075
13900 104418 72478
13900 104265 71347
13900 109927 76147
13900 109159 75585
13900 106874 72665
13900 107741 73804
13900 108241 74221
13900 110175 76424
13900 108974 75487
13900 106592 72819
13900 109104 75208
13900 109001 75445
13900 108237 74290
13900 108726 75392
13900 110445 76813
13900 110109 76247
13900 107626 72927
13900 106028 71402
14000 109486 75434
14000 112302 77865
14000 110189 76456
14000 108430 74228
14000 106718 72866
14000 108458 74527
14000 106361 71890
14000 107587 73585
14000 108635 74924
14000 104626 70084
14000 108094 74349
14000 105380 71304
14000 110175 75949
14000 108781 75078
14000 110061 76215
14000 108656 74557
14000 111322 77081
14000 107564 73392
14000 110286 76232
14000 108814 74680
14000 107050 73168
14000 109280 75442
14000 109305 75598
14000 110390 76213
14000 108989 74619
14000 107061 73231
14000 109643 76344
14000 108614 74247
14000 107802 74081
14000 105389 71264
14000 108580 74774
14000 109285 75420
14000 110081 75837
14000 110221 76096
14000 112161 77939
14000 107390 73632
14000 108334 74396
14000 109104 74945
14000 107963 74336
14000 109471 75607
14000 107339 73614
14000 108743 74131
14000 105334 70526
14000 107011 72517
14000 108237 73968
14000 108293 73923
14000 110720 76873
14000 108821 75115
14000 107919 73559
14000 112476 78305
14100 101844 69352
14100 104837 70352
14100 108068 74204
14100 112481 77982
14100 111940 77561
14100 110879 76733
14100 107941 73556
14100 110223 75582
14100 107940 72554
14100 112584 78133
14100 111270 76976
14100 107834 72925
14100 108723 74890
14100 107614 73493
14100 109754 75861
14100 109779 75310
14100 108783 74497
14100 110656 76126
14100 111939 77614
14100 107577 72690
14100 111709 77500
14100 113075 78684
14100 111965 77865
14100 111573 77225
14100 110807 76385
14100 110380 75918
14100 109077 75109
14100 110341 75448
14100 111855 76808
14100 110000 75166
14100 108507 74116
14100 110241 75753
14100 110891 76547
14100 108975 74557
14100 112580 78411
14100 110525 75641
14100 111993 77957
14100 110202 76288
14100 111104 76906
14100 109622 75236
14100 110490 76468
14100 109861 75956
14100 108352 73812
14100 107257 72617
14100 112245 77957
14100 107913 73974
14100 110436 76368
14100 108309 73753
14100 109597 74698
14100 106914 71979
14200 112763 78161
14200 111551 77243
14200 109875 75693
14200 109556 75166
14200 112545 78007
14200 108444 73183
14200 113596 78891
14200 112068 77621
14200 108149 73317
14200 108484 74562
14200 110363 76037
14200 110067 75374
14200 108873 73959
14200 107401 72248
14200 109532 74425
14200 111254 77465
14200 111696 76754
14200 110325 75718
14200 113523 78470
14200 111365 76688
14200 112389 77929
14200 106383 71835
14200 110876 75709
14200 107828 72274
14200 112909 78450
14200 113065 78739
14200 113387 78587
14200 110172 76090
14200 110816 76406
14200 110753 76469
14200 111924 77562
14200 112202 77244
14200 111157 76326
14200 109836 75604
14200 112262 77796
14200 113024 78638
14200 111868 77280
14200 110549 75573
14200 113959 79177
14200 105294 70836
14200 111078 76401
14200 110062 75766
14200 108028 73585
14200 107402 72954
14200 110763 76197
14200 107995 72857
14200 108252 73108
14200 108006 73337
14200 112580 78052
14200 112197 77577
14300 105599 70574
14300 113960 79037
14300 109742 73999
14300 113286 78443
14300 108060 72179
14300 109943 75913
14300 113175 78450
14300 108819 74064
14300 112925 78139
14300 108659 74595
14300 112742 77725
14300 107495 73021
14300 107312 72830
14300 109136 73974
14300 111153 76324
14300 109967 75809
14300 112999 78385
14300 109409 74017
14300 111811 76511
14300 111060 75970
14300 107628 72590
14300 106710 71545
14300 109113 74092
14300 111627 77074
14300 113393 78748
14300 110947 75804
14300 108553 74377
14300 112220 77821
14300 111335 76564
14300 111192 76763
14300 109354 74921
14300 111227 76583
14300 111692 76730
14300 112355 77527
14300 111503 75980
14300 112061 76537
14300 112679 77636
14300 112740 78134
14300 110386 75647
14300 111469 76308
14300 106563 71127
14300 109714 75234
14300 113050 78540
14300 107350 72426
14300 113156 78294
14300 112166 77377
14300 108612 73181
14300 107852 72899
14300 109921 74833
14300 111848 76812
14400 108330 72830
14400 110570 75221
14400 111159 75643
14400 114428 79391
14400 113150 77858
14400 109349 73740
14400 111352 76409
14400 112783 77609
14400 116165 81019
14400 116190 81289
14400 108632 73003
14400 115082 79654
14400 109826 74429
14400 114588 79160
14400 110735 76033
14400 112053 76634
14400 112808 77791
14400 114478 79715
14400 111473 76493
14400 113974 79144
14400 114665 79763
14400 113677 78473
14400 111419 76908
14400 114731 79998
14400 111061 76757
14400 114092 78990
14400 111358 75655
14400 110820 75817
14400 111936 76427
14400 113785 78968
14400 112177 77441
14400 109756 74722
14400 110828 76173
14400 114279 79227
14400 113779 78192
14400 110990 76205
14400 113541 78858
14400 114016 78589
14400 113986 79055
14400 114662 79282
14400 111276 76444
14400 110108 74549
14400 113919 78983
14400 116538 80897
14400 110101 74229
14400 112244 77437
14400 111487 75856
14400 113142 78037
14400 111295 76873
14400 113015 77727
14500 113671 78901
14500 113997 78701
14500 113911 78549
14500 114142 78286
14500 115047 79635
14500 112402 76806
14500 110999 75197
14500 112411 77018
14500 110190 74047
14500 115327 79939
14500 113834 79070
14500 111261 76210
14500 111165 76156
14500 111791 76179
14500 112533 76576
14500 110831 75031
14500 110885 74692
14500 113409 78000
14500 109445 74214
14500 111762 76314
14500 114536 78421
14500 114535 79484
14500 109703 74330
14500 109630 74658
14500 111176 76171
14500 114049 78797
14500 113983 78835
14500 113420 78009
14500 109632 74608
14500 112411 76823
14500 115085 79897
14500 113872 78654
14500 112647 76912
14500 114459 79522
14500 113654 78261
14500 113878 78583
14500 113694 78738
14500 111861 76265
14500 114711 78643
14500 115761 80276
14500 111152 76050
14500 112175 76999
14500 112616 77100
14500 115053 80027
14500 114590 79340
14500 113884 78856
14500 113115 77287
14500 111824 77056
14500 115303 80157
14500 112659 77196
14600 115900 80316
14600 115221 79802
14600 114698 79427
14600 111125 74992
14600 113956 78003
14600 109552 73510
14600 115776 80444
14600 109450 75182
14600 112545 76131
14600 111675 75746
14600 114389 78657
14600 115846 80705
14600 115441 79851
14600 111957 76892
14600 113048 77546
14600 113318 77614
14600 113947 78305
14600 115376 79456
14600 115536 79711
14600 113568 78259
14600 114160 78615
14600 113534 77865
14600 116781 80969
14600 115960 80262
14600 111447 75197
14600 114611 78693
14600 115332 80075
14600 116683 81485
14600 113896 78534
14600 114679 79305
14600 117598 81864
14600 115630 80339
14600 115181 79659
14600 108897 75220
14600 116826 81141
14600 114769 78998
14600 114190 78715
14600 115652 79891
14600 114982 79591
14600 110480 74533
14600 112397 77038
14600 113915 78231
14600 114216 78590
14600 111252 76063
14600 114363 78635
14600 113142 77311
14600 112497 76109
14600 115108 79637
14600 113086 77446
14600 111935 76743
14700 112350 76374
14700 116626 80763
14700 117671 81556
14700 116075 80060
14700 114668 79017
14700 113209 76707
14700 113067 76920
14700 116976 81041
14700 113167 77475
14700 116321 80452
14700 115251 78686
14700 114772 79043
14700 117840 81745
14700 116615 80785
14700 110235 75530
14700 113957 78283
14700 113835 77921
14700 115051 79302
14700 117452 81939
14700 111978 76045
14700 115967 80474
14700 115897 79702
14700 118738 82367
14700 115516 80144
14700 114457 78760
14700 114990 79128
14700 117525 81660
14700 112623 76742
14700 117105 81002
14700 112713 77163
14700 115152 78805
14700 116544 80805
14700 111114 74539
14700 111131 75394
14700 117766 82423
14700 115582 79728
14700 116564 80735
14700 114340 78893
14700 114983 79416
14700 118302 82377
14700 116413 80737
14700 115690 80140
14700 117128 81649
14700 112390 75806
14700 113932 78021
14700 116128 80531
14700 115622 79802
14700 117168 81639
14700 116696 80797
14700 115960 80728
14800 117075 80612
14800 113756 77148
14800 115835 79890
14800 116569 80683
14800 115829 79671
14800 113799 77952
14800 114291 77916
14800 116320 80522
14800 116174 79993
14800 116260 79966
14800 116035 80559
14800 116237 80105
14800 113792 77123
14800 113825 78340
14800 113732 76716
14800 112384 76593
14800 112030 76265
14800 112384 77419
14800 110392 73915
14800 117189 81283
14800 112706 76572
14800 111844 75685
14800 115706 79649
14800 113872 77623
14800 116789 81391
14800 117005 81094
14800 115725 80037
14800 118692 82454
14800 117191 81194
14800 116453 80587
14800 117434 80959
14800 118467 82152
14800 115268 78568
14800 108561 74200
14800 113037 76712
14800 117288 81281
14800 114386 78468
14800 114097 78067
14800 116714 80476
14800 114722 78081
14800 113018 77063
14800 116143 79909
14800 116923 80465
14800 110092 75320
14800 118737 82338
14800 118216 82503
14800 113714 77554
14800 115969 79467
14800 117764 81812
14800 110649 74205
14900 117665 81543
14900 118794 82458
14900 118149 81948
14900 117306 80498
14900 118317 82060
14900 117110 80882
14900 117551 81468
14900 115324 78745
14900 115675 79408
14900 117422 81031
14900 117293 81124
14900 115800 79355
14900 118638 81900
14900 114586 77902
14900 119889 83417
14900 118776 82490
14900 119362 83115
14900 115102 78184
14900 117269 80719
14900 118879 82421
14900 117238 80551
14900 116149 79550
14900 116328 79655
14900 118955 82153
14900 118605 82390
14900 118981 82643
14900 118155 81875
14900 117035 80310
14900 118201 81933
14900 119161 82814
14900 115484 78976
14900 119779 83514
14900 116993 80505
14900 114770 77799
14900 114637 77364
14900 117089 81177
14900 115424 77639
14900 112574 77720
14900 115912 79792
14900 116676 79959
14900 118290 81408
14900 119511 83229
14900 114556 78525
14900 115395 78549
14900 117978 82131
14900 116479 81008
14900 118438 82346
14900 116735 80490
14900 118810 82889
14900 118271 82110
15000 116050 79128
15000 116598 80174
15000 118144 81913
15000 115452 78617
15000 116016 78707
15000 117240 80801
15000 115133 78284
15000 117887 80877
15000 117046 80802
15000 115683 79609
15000 114791 78699
15000 115436 78755
15000 114978 77989
15000 115856 79183
15000 116187 79287
15000 118344 81530
15000 118397 82015
15000 117252 80526
15000 117966 81329
15000 115585 79153
15000 114833 77783
15000 118499 81835
15000 119170 82828
15000 116721 80312
15000 117182 80922
15000 117638 81128
15000 118270 81488
15000 115172 77419
15000 114412 77377
15000 112581 75931
15000 120687 83564
15000 112580 75242
15000 116933 79826
15000 114635 77034
15000 117492 80732
15000 117220 81115
15000 116587 80273
15000 113256 76687
15000 114838 78033
15000 117934 81387
15000 118254 81124
15000 115992 79013
15000 116527 79799
15000 117369 80733
15000 117397 80497
15000 115672 78867
15000 114753 77718
15000 114909 78084
15000 118661 82477
15000 115536 79276
15100 119550 83058
15100 116101 79173
15100 117098 80386
15100 116557 79599
15100 115658 78549
15100 118797 81314
15100 118251 82043
15100 114805 77569
15100 115458 79093
15100 119517 82740
15100 115833 77868
15100 118528 81409
15100 115459 78399
15100 114373 78965
15100 116731 79915
15100 119095 82453
15100 114915 78324
15100 119824 82663
15100 118554 81808
15100 119049 81859
15100 116944 79938
15100 119865 82571
15100 115646 78259
15100 118192 81197
15100 117328 80041
15100 117336 80077
15100 117274 80849
15100 119876 83027
15100 115047 78492
15100 116767 80380
15100 118517 81926
15100 117636 80598
15100 119247 82416
15100 118534 81447
15100 116501 79767
15100 119003 82527
15100 118325 81447
15100 116132 79022
15100 112871 75482
15100 119601 82653
15100 116707 79892
15100 115228 77619
15100 116890 80033
15100 116824 79879
15100 117391 80823
15100 114650 78124
15100 118590 81364
15100 118850 82246
15100 119624 82971
15100 119467 82581
15200 119960 82504
15200 117179 79846
15200 114307 78791
15200 120826 84242
15200 117528 81312
15200 119088 81844
15200 117648 79842
15200 118841 82069
15200 121976 85145
15200 115258 78180
15200 114671 76897
15200 116277 79756
15200 121926 84673
15200 116320 78802
15200 119716 82409
15200 117988 80802
15200 117634 81066
15200 115160 77368
15200 119255 82155
15200 117900 81214
15200 120633 83397
15200 115312 78318
15200 119745 83008
15200 114222 76325
15200 118264 80556
15200 120273 83194
15200 119317 82467
15200 117743 80833
15200 122370 84942
15200 115620 79958
15200 120495 83051
15200 119434 82771
15200 117094 79351
15200 116739 79865
15200 118269 81950
15200 119463 82558
15200 116807 79300
15200 119212 82734
15200 119015 81835
15200 122350 85350
15200 121495 84477
15200 116610 79447
15200 119218 81882
15200 121424 83763
15200 115735 77946
15200 117356 80168
15200 118272 80758
15200 118256 80787
15200 118004 81462
15200 117859 81105
15300 120693 82702
15300 120686 83592
15300 117353 79503
15300 120486 83404
15300 121958 84192
15300 119868 82494
15300 119903 82219
15300 120560 83587
15300 121353 83918
15300 122683 84577
15300 120104 82666
15300 118550 81393
15300 119396 81688
15300 120341 83389
15300 119490 81847
15300 116607 79134
15300 122228 84640
15300 115817 78469
15300 119343 82270
15300 112525 76776
15300 120543 83618
15300 117397 80440
15300 118772 81003
15300 117388 80607
15300 114791 77209
15300 121106 83791
15300 117003 79764
15300 118853 81797
15300 120682 83278
15300 119128 81824
15300 116463 80256
15300 121243 84354
15300 118285 80906
15300 120338 83609
15300 116698 78746
15300 121208 83513
15300 119712 82470
15300 118054 80971
15300 121049 83490
15300 119525 82207
15300 121493 84743
15300 120787 83682
15300 120172 82431
15300 119380 81682
15300 115229 78549
15300 122358 85142
15300 117885 79947
15300 119375 82073
15300 121455 84063
15300 118919 81249
15400 117989 80000
15400 121401 83726
15400 118035 80020
15400 121450 83598
15400 117835 80199
15400 119841 81741
15400 120003 83245
15400 122407 85040
15400 122698 85136
15400 120441 82675
15400 121900 83904
15400 121478 84120
15400 124505 86899
15400 123301 85720
15400 122736 85541
15400 123656 86279
15400 118572 81336
15400 120433 82660
15400 119196 81728
15400 117457 79352
15400 118176 79455
15400 121067 83724
15400 120572 83401
15400 122380 84947
15400 117643 80079
15400 120414 82329
15400 122471 84473
15400 122603 85090
15400 119200 81887
15400 123952 86037
15400 117663 79424
15400 122635 84832
15400 122263 84520
15400 121511 84289
15400 118194 79612
15400 118024 79416
15400 119076 80977
15400 119953 82030
15400 118889 80540
15400 121968 84382
15400 119162 81395
15400 117853 79913
15400 121584 84152
15400 118777 80922
15400 121073 83843
15400 118809 81819
15400 119826 82049
15400 119581 81503
15400 121255 83244
15400 122509 84250
15500 120426 82180
15500 119341 81371
15500 118173 79863
15500 120801 83129
15500 119413 81488
15500 118941 80261
15500 123501 85708
15500 118871 80256
15500 120699 83426
15500 115250 77587
15500 122107 84530
15500 117820 80207
15500 121617 83655
15500 121865 83883
15500 120742 82664
15500 123288 85675
15500 122496 84491
15500 120399 83011
15500 118835 80488
15500 123189 85433
15500 119177 82047
15500 121717 83964
15500 121915 84557
15500 119395 81213
15500 118206 79855
15500 117551 79361
15500 119953 82288
15500 118873 81476
15500 120252 82656
15500 120213 82146
15500 122410 84113
15500 117730 79823
15500 118486 81255
15500 120204 82294
15500 119767 81507
15500 115834 79554
15500 121159 82904
15500 118070 80412
15500 119961 82069
15500 123978 86166
15500 120927 83395
15500 118865 80299
15500 110626 74667
15500 120492 82291
15500 121501 83751
15500 118716 81201
15500 117119 79785
15500 121701 83703
15500 120877 83323
15500 119922 82039
15600 123024 84717
15600 123537 84976
15600 121937 84132
15600 121686 83276
15600 122834 84578
15600 117157 79029
15600 122784 84476
15600 122528 84987
15600 120012 82688
15600 115149 76840
15600 121703 84116
15600 121201 83761
15600 123541 85732
15600 123448 85795
15600 122894 84715
15600 119326 80983
15600 121624 83501
15600 118630 80617
15600 119630 81618
15600 117930 79791
15600 121364 83080
15600 124487 86567
15600 124657 86314
15600 120207 82463
15600 123807 85056
15600 123481 85489
15600 122765 84635
15600 119783 82137
15600 119786 81727
15600 121265 82807
15600 118453 79995
15600 123232 85537
15600 123468 85147
15600 119848 81609
15600 116695 79282
15600 120720 82365
15600 123867 85897
15600 122891 84797
15600 120133 81963
15600 119865 82321
15600 121217 82671
15600 122938 85039
15600 119743 81106
15600 122149 83620
15600 125759 87125
15600 124161 86315
15600 117540 78698
15600 118767 80020
15600 113326 76517
15600 124683 86814
15700 123216 84095
15700 124437 85844
15700 122309 84669
15700 124978 86441
15700 122660 84205
15700 123969 85778
15700 121563 83730
15700 125174 86801
15700 126463 87518
15700 121961 84038
15700 121375 83536
15700 121233 83203
15700 122147 83117
15700 120036 80998
15700 126132 87583
15700 124446 85667
15700 124517 86395
15700 119131 81424
15700 121434 83880
15700 122900 85107
15700 120952 81746
15700 121062 82174
15700 121609 83396
15700 122218 84082
15700 124952 87069
15700 124195 85896
15700 124025 85340
15700 124807 86720
15700 120340 82272
15700 122174 83932
15700 125360 87309
15700 125702 87378
15700 124036 86054
15700 122175 82464
15700 122109 83137
15700 122865 85069
15700 123243 85089
15700 125766 87189
15700 124813 86658
15700 126102 87856
15700 125066 86415
15700 123935 85562
15700 120656 81337
15700 125911 87474
15700 124930 86651
15700 124507 85979
15700 123895 85331
15700 123135 84620
15700 124068 85886
15700 124840 86632
15800 126311 87660
15800 123196 84755
15800 125131 86634
15800 124587 85444
15800 122764 84224
15800 125303 86924
15800 122941 84540
15800 125633 87334
15800 124540 85951
15800 119779 80327
15800 121210 83204
15800 122213 83817
15800 123896 84849
15800 121844 83262
15800 120265 82315
15800 126159 87449
15800 126401 88084
15800 123000 84771
15800 120892 82857
15800 121588 83066
15800 125117 86705
15800 125345 86990
15800 120669 81575
15800 124481 85667
15800 122742 84673
15800 125801 87214
15800 122373 83294
15800 125208 86871
15800 122886 83913
15800 124877 86790
15800 125744 87271
15800 124146 85431
15800 121177 82769
15800 118888 79637
15800 125560 87446
15800 121517 83149
15800 125069 86771
15800 121791 83169
15800 120194 81282
15800 126080 87242
15800 123833 84592
15800 124667 85902
15800 123899 85130
15800 123549 84710
15800 126692 88229
15800 125268 87069
15800 126592 87847
15800 123742 85378
15800 121264 83624
15800 119331 80849
15900 124599 85866
15900 128463 89750
15900 128031 89456
15900 122816 84658
15900 125746 86485
15900 127516 88519
15900 127487 88880
15900 122861 84345
15900 128070 89161
15900 122736 84618
15900 120586 81059
15900 125616 86790
15900 126900 88389
15900 126522 87671
15900 126211 87676
15900 127769 88988
15900 127501 88671
15900 127553 88498
15900 124961 86018
15900 126409 87687
15900 125467 86648
15900 126700 88049
15900 124287 85952
15900 124379 86631
15900 125470 86517
15900 121239 81687
15900 122714 83309
15900 127045 88037
15900 127468 88699
15900 124633 86010
15900 123735 85598
15900 126417 87781
15900 124321 85596
15900 126755 87569
15900 124671 86131
15900 126648 87529
15900 127787 89318
15900 126707 87696
15900 123074 83571
15900 124978 86967
15900 124220 84780
15900 124252 85826
15900 127753 88839
15900 125935 87458
15900 122496 84503
15900 123165 83557
15900 122218 83875
15900 123354 85096
15900 123786 85327
15900 126498 87541
16000 125443 86321
16000 124923 86041
16000 126700 87472
16000 126969 87917
16000 121356 81793
16000 125424 86465
16000 122268 82962
16000 120430 80926
16000 122435 84069
16000 125401 86431
16000 124720 85393
16000 125900 86603
16000 120265 81592
16000 125698 86315
16000 123527 84547
16000 120790 81524
16000 124675 86046
16000 122708 83593
16000 121360 82957
16000 126840 87887
16000 124341 85763
16000 123963 84213
16000 127148 87565
16000 125766 86387
16000 121138 81498
16000 125619 86349
16000 124044 85143
16000 123344 83599
16000 124474 85321
16000 125046 85817
16000 125609 86451
16000 124462 85786
16000 121664 83174
16000 125645 86650
16000 123757 85715
16000 125079 85770
16000 124865 85862
16000 124597 85598
16000 125414 85886
16000 118113 79598
16000 124192 85675
16000 123356 84111
16000 125010 85450
16000 125950 86731
16000 127442 88224
16000 122837 83618
16000 129209 89734
16000 124802 85979
16000 123050 84515
16000 124160 85183
16100 126645 87053
16100 128782 89658
16100 127457 88174
16100 127662 88077
16100 129995 90535
16100 129619 90432
16100 126044 86294
16100 121964 82376
16100 124726 85589
16100 127473 88080
16100 122525 83521
16100 126927 88260
16100 123968 84432
16100 123941 83912
16100 123682 84024
16100 128196 88833
16100 125396 85721
16100 122597 83406
16100 124129 84741
16100 125091 85754
16100 123174 85238
16100 124429 84780
16100 126229 86639
16100 124794 86221
16100 125727 86411
16100 125909 85576
16100 121603 82106
16100 124883 85481
16100 128785 89499
16100 122467 82910
16100 126063 86483
16100 126442 87254
16100 122984 83017
16100 124557 84944
16100 126811 87512
16100 124895 85393
16100 128645 89434
16100 122250 82536
16100 126760 87698
16100 127569 88318
16100 127515 88011
16100 121803 83048
16100 126763 87739
16100 125826 86656
16100 127965 88770
16100 126311 86779
16100 126556 87154
16100 126123 86267
16100 126796 86894
16100 125905 86306
16200 128201 88671
16200 124817 85062
16200 128019 88232
16200 124794 84902
16200 125633 86391
16200 127702 88112
16200 126495 88250
16200 123965 85006
16200 129418 89623
16200 126866 87857
16200 126517 87398
16200 125411 86068
16200 126588 87201
16200 130997 91035
16200 126151 86962
16200 128104 88111
16200 130034 89898
16200 129874 90684
16200 130991 90501
16200 128017 88639
16200 126403 87022
16200 127999 88183
16200 122982 82832
16200 128809 89014
16200 127789 87940
16200 125729 86554
16200 123281 83450
16200 127073 86702
16200 127970 88710
16200 129284 90181
16200 130272 90374
16200 125187 85686
16200 125324 85863
16200 120212 82251
16200 123858 84513
16200 126021 86408
16200 125217 85901
16200 127804 88101
16200 128577 89181
16200 123920 83310
16200 125941 86292
16200 126179 86885
16200 125317 86007
16200 127924 88371
16200 127065 87627
16200 126322 86404
16200 124791 85429
16200 126500 86859
16200 129535 89826
16200 123527 84249
16300 125818 85937
16300 127121 87186
16300 126150 86178
16300 128402 88827
16300 129341 89292
16300 129292 89426
16300 125022 84737
16300 121320 81475
16300 124821 83754
16300 125236 84546
16300 128167 88328
16300 126767 86557
16300 125915 85317
16300 114260 77645
16300 127673 88101
16300 125343 84551
16300 128496 88365
16300 126862 87336
16300 126835 86920
16300 126733 87342
16300 127923 87506
16300 128787 88432
16300 126606 86962
16300 128020 88128
16300 130015 90286
16300 126312 86486
16300 128656 88200
16300 125836 86014
16300 127552 87677
16300 123930 84693
16300 125305 85533
16300 128764 89143
16300 130788 91025
16300 123364 83190
16300 124077 83738
16300 125060 85322
16300 127547 87940
16300 126480 86436
16300 128016 88244
16300 124367 84019
16300 126363 86618
16300 124947 85811
16300 123579 82882
16300 126242 86888
16300 123759 83722
16300 124128 84244
16300 128069 88482
16300 129740 89474
16300 125710 85448
16300 125660 86182
16400 132502 91817
16400 127356 87366
16400 127091 87386
16400 125682 85087
16400 132240 91903
16400 125195 84519
16400 131986 91743
16400 130805 90651
16400 126000 86415
16400 129729 89824
16400 125934 84944
16400 127972 88296
16400 125320 84188
16400 128947 89063
16400 126734 87023
16400 125110 84847
16400 129042 89095
16400 130561 90138
16400 126722 86276
16400 128286 88512
16400 128410 88630
16400 129190 88737
16400 129503 89470
16400 131362 91174
16400 130434 89966
16400 131465 91385
16400 128478 87689
16400 131243 91220
16400 129609 89126
16400 132105 92118
16400 128721 89717
16400 128958 88602
16400 130294 90065
16400 128973 88623
16400 127662 86920
16400 128759 88686
16400 132287 92243
16400 128848 89217
16400 128208 88130
16400 130794 90840
16400 129545 89580
16400 132338 92307
16400 123892 83333
16400 128851 87905
16400 129772 89604
16400 126153 86412
16400 130656 90398
16400 131196 90626
16400 132422 92442
16400 126768 85785
16500 127475 87378
16500 129497 89098
16500 131984 91342
16500 126734 86085
16500 131481 91352
16500 129179 88543
16500 125171 83721
16500 129516 88904
16500 125365 84980
16500 129243 89049
16500 127106 87367
16500 127424 86739
16500 127791 87399
16500 130301 90472
16500 128005 87662
16500 131203 91231
16500 125994 85302
16500 127100 86815
16500 123541 83193
16500 126114 85724
16500 124568 84987
16500 130726 90776
16500 125035 83992
16500 127236 85819
16500 127355 86841
16500 130171 89982
16500 126188 86175
16500 128282 88398
16500 128801 88218
16500 126787 86196
16500 130461 90065
16500 129538 89375
16500 129694 89487
16500 126647 86630
16500 132045 91710
16500 128708 88644
16500 127609 86696
16500 129638 89510
16500 127604 86289
16500 130054 90079
16500 126315 85902
16500 126228 85015
16500 129713 89523
16500 128463 88228
16500 128557 87774
16500 130291 90090
16500 130183 90032
16500 131080 90315
16500 129622 89623
16500 130405 90206
16600 127782 86686
16600 130098 89030
16600 131181 90921
16600 131662 91206
16600 129988 89616
16600 127779 86916
16600 127135 86056
16600 131357 90144
16600 130901 90438
16600 128835 87898
16600 128191 87133
16600 131643 91212
16600 125103 84304
16600 129276 89296
16600 129059 88913
16600 130741 89957
16600 132741 91889
16600 130669 90824
16600 129028 87914
16600 128824 88258
16600 129947 89160
16600 129112 88443
16600 133182 92671
16600 131581 90814
16600 130757 89726
16600 129229 87996
16600 131936 91214
16600 132820 92257
16600 130203 89989
16600 128776 88317
16600 131994 91001
16600 130461 89704
16600 127571 86139
16600 128230 87884
16600 129634 89392
16600 129347 88526
16600 130962 90140
16600 129192 88935
16600 126208 85824
16600 129532 88195
16600 131287 90658
16600 130963 90039
16600 128884 87865
16600 125272 84291
16600 130035 89595
16600 131740 91372
16600 123996 83570
16600 127913 86620
16600 132512 92126
16600 132348 91483
16700 129446 87993
16700 132868 91844
16700 132806 91878
16700 133798 92983
16700 125262 84319
16700 128778 88585
16700 131975 90992
16700 126774 85374
16700 131195 89621
16700 131553 90610
16700 133512 92531
16700 127684 86389
16700 130717 90185
16700 133250 92193
16700 134905 94052
16700 128359 86978
16700 131531 90622
16700 130388 89436
16700 129411 89171
16700 129525 88323
16700 124793 85725
16700 123996 84585
16700 134008 92764
16700 128660 88634
16700 131816 91003
16700 131818 90598
16700 129450 88992
16700 130838 89700
16700 128487 87582
16700 132664 91736
16700 133924 93134
16700 130662 90244
16700 131915 91034
16700 129733 89000
16700 126500 85153
16700 126970 86447
16700 127210 86381
16700 130089 89353
16700 130530 89191
16700 131515 91157
16700 133406 92464
16700 129713 88272
16700 130038 89689
16700 130981 89886
16700 130313 89781
16700 127951 86390
16700 129442 87838
16700 128294 85977
16700 127917 87671
16700 130451 89884
16800 130484 89708
16800 129342 88790
16800 129336 87232
16800 128225 86694
16800 133282 92068
16800 134886 93609
16800 131617 90060
16800 131992 90992
16800 131149 90178
16800 131999 90755
16800 132229 91314
16800 130269 88791
16800 130222 89635
16800 134337 92957
16800 130754 89303
16800 134438 93383
16800 128830 87972
16800 127766 86457
16800 130409 89613
16800 133039 92212
16800 133390 91702
16800 127896 85555
16800 132005 90578
16800 126854 85422
16800 131075 89646
16800 132314 91414
16800 130363 88146
16800 133661 92581
16800 133406 92614
16800 134351 93158
16800 132232 91188
16800 129314 87870
16800 127961 86192
16800 131523 89975
16800 128865 87554
16800 131377 90643
16800 133055 91885
16800 131668 89490
16800 134001 92455
16800 129235 88457
16800 132284 91370
16800 130905 90340
16800 129771 88186
16800 132746 91678
16800 130056 89612
16800 131969 90785
16800 134154 92849
16800 132477 91570
16800 132012 91115
16800 130018 88672
16900 134109 92621
16900 129548 88626
16900 132601 91340
16900 131113 89822
16900 130993 89167
16900 136150 94449
16900 134610 93499
16900 133646 92736
16900 132508 90428
16900 132970 91961
16900 133934 92993
16900 137069 95391
16900 137115 95620
16900 132744 91100
16900 134102 92823
16900 134794 92756
16900 132241 90994
16900 133584 92003
16900 130225 88441
16900 135034 93932
16900 134700 92891
16900 133806 91812
16900 132851 91729
16900 133444 92442
16900 136796 95518
16900 131838 90659
16900 133714 92245
16900 135093 93148
16900 135047 94148
16900 131286 89522
16900 134462 92911
16900 130688 87613
16900 132328 91036
16900 136784 95164
16900 133791 92519
16900 135795 94586
16900 133018 91100
16900 130811 88619
16900 132892 91153
16900 129488 87761
16900 130461 88494
16900 130780 90462
16900 132268 91521
16900 133317 91540
16900 134892 93316
16900 133550 91799
16900 132447 91730
16900 131427 90045
16900 128968 86584
16900 135215 93643
17000 132448 90310
17000 133282 91457
17000 133779 92125
17000 129753 87256
17000 134568 93300
17000 134052 91983
17000 133055 91312
17000 137304 95450
17000 133627 91810
17000 126454 84646
17000 134207 92592
17000 131606 90184
17000 133934 92785
17000 131566 89851
17000 135376 93260
17000 130714 89688
17000 131897 90145
17000 129890 88928
17000 131717 89910
17000 136715 95300
17000 130384 88358
17000 135834 94307
17000 133745 91623
17000 134318 92655
17000 132285 90642
17000 133518 91769
17000 130138 88183
17000 134741 92688
17000 131169 88747
17000 131486 89564
17000 135520 93723
17000 133974 92405
17000 131716 90317
17000 134266 92877
17000 129993 88354
17000 135328 93531
17000 130435 88678
17000 135629 93986
17000 132358 91015
17000 134815 93436
17000 132088 89355
17000 129322 86969
17000 132571 91023
17000 128040 86086
17000 131848 89630
17000 132569 90674
17000 134821 93458
17000 135511 94055
17000 135369 94409
17000 132080 90513
17100 131067 89024
17100 135086 92867
17100 131981 90524
17100 137070 95618
17100 134933 92877
17100 132770 91137
17100 132330 89538
17100 134023 91934
17100 134809 92667
17100 131436 89356
17100 137416 95508
17100 133439 91114
17100 131095 88614
17100 130675 87871
17100 134607 92505
17100 134349 92521
17100 132950 91316
17100 131666 91068
17100 134060 92404
17100 135185 93827
17100 132755 91511
17100 130597 88661
17100 138275 95610
17100 135079 93047
17100 132106 90683
17100 132041 89124
17100 136970 95042
17100 135599 93125
17100 136239 94320
17100 135299 93642
17100 131190 89661
17100 136911 95103
17100 132310 89868
17100 133502 91122
17100 130289 88082
17100 135010 93136
17100 134598 93046
17100 130789 88801
17100 131845 91039
17100 129800 88026
17100 131194 88952
17100 133785 92373
17100 136374 94808
17100 131119 88995
17100 134329 92542
17100 135638 92696
17100 131890 90275
17100 133450 91764
17100 132310 90609
17100 134807 92834
17200 135907 93572
17200 134688 92706
17200 136373 94121
17200 131311 89055
17200 132591 90719
17200 135391 92776
17200 132964 91075
17200 136099 93653
17200 135542 94094
17200 136604 94588
17200 131288 88401
17200 135336 92894
17200 132337 90815
17200 132462 90296
17200 136785 94578
17200 127708 86306
17200 136102 93596
17200 132606 89900
17200 132292 89230
17200 135483 93749
17200 137874 95447
17200 136298 94466
17200 132195 88800
17200 135020 92226
17200 135447 92941
17200 133219 91489
17200 133421 91449
17200 136086 94082
17200 136826 94889
17200 134783 92091
17200 136400 94390
17200 126882 86840
17200 138431 95940
17200 136043 94056
17200 136348 93889
17200 136584 94237
17200 129270 86518
17200 133230 90626
17200 134209 92032
17200 135757 93200
17200 137600 95447
17200 131460 89707
17200 135170 93268
17200 134771 93555
17200 136669 94449
17200 133466 90083
17200 134542 92961
17200 133129 91077
17200 135984 93996
17200 133249 90868
17300 133861 91549
17300 137769 95037
17300 136611 93991
17300 136175 94043
17300 130777 87960
17300 132501 89800
17300 136996 94184
17300 135413 92860
17300 133163 89742
17300 132032 90013
17300 132942 90995
17300 136811 94567
17300 135934 93899
17300 138260 95533
17300 137535 94955
17300 138088 95517
17300 134377 92249
17300 139317 96600
17300 135957 93548
17300 135938 93753
17300 136920 94514
17300 131602 88827
17300 134787 92314
17300 136569 93369
17300 134262 91870
17300 137871 95835
17300 130276 88203
17300 136943 94518
17300 134575 91840
17300 135402 93074
17300 132673 90623
17300 137796 94855
17300 136830 94173
17300 138591 96133
17300 138355 96009
17300 138137 95105
17300 134705 92071
17300 135388 92576
17300 134218 91228
17300 137996 96022
17300 136162 94033
17300 132396 90456
17300 135436 93366
17300 133852 90687
17300 125866 86451
17300 134937 92428
17300 137997 95965
17300 137376 95121
17300 137272 94409
17300 132368 88782
17400 137296 94794
17400 139089 96511
17400 139624 96469
17400 140156 97653
17400 133295 90535
17400 137778 95506
17400 139035 96303
17400 134686 90639
17400 135894 92393
17400 138827 96341
17400 131569 88506
17400 136001 93404
17400 137228 94891
17400 138198 95353
17400 134555 90379
17400 134540 92082
17400 133540 91668
17400 135714 93182
17400 134884 92620
17400 138716 96354
17400 135017 92561
17400 134790 91452
17400 135835 93784
17400 135821 93066
17400 138172 95866
17400 138645 95773
17400 135087 91742
17400 135834 93003
17400 137299 94666
17400 136716 94087
17400 137440 95004
17400 136864 94113
17400 134242 91730
17400 134023 91763
17400 138590 95828
17400 136012 93438
17400 138790 96467
17400 134801 92220
17400 135929 93787
17400 139833 96636
17400 137259 94694
17400 138999 96252
17400 137784 95495
17400 133605 90667
17400 135951 94031
17400 134971 92478
17400 137027 94765
17400 137192 94125
17400 138605 95733
17400 139896 97035
17500 136970 93943
17500 134872 91815
17500 134375 91794
17500 139577 96891
17500 132949 89852
17500 137592 95316
17500 134216 91651
17500 142064 98850
17500 134726 91782
17500 138184 94898
17500 138135 95596
17500 139101 96074
17500 132847 89490
17500 138002 95406
17500 135561 91727
17500 135753 93185
17500 133326 90712
17500 135882 93116
17500 132018 89134
17500 133031 89488
17500 137492 94158
17500 138572 95668
17500 137668 94142
17500 137339 94718
17500 129330 87405
17500 139599 95990
17500 135309 92823
17500 137415 93695
17500 138714 96112
17500 138472 95664
17500 136400 93487
17500 134403 91359
17500 137538 94446
17500 134925 92381
17500 137826 95508
17500 137523 94745
17500 138027 95437
17500 137434 94150
17500 138244 95695
17500 130942 88146
17500 138867 95922
17500 134876 91907
17500 137217 95023
17500 134864 91320
17500 134358 90738
17500 134131 90892
17500 135885 92991
17500 134289 92038
17500 136434 93599
17500 134903 91014
17600 139205 96005
17600 138894 95825
17600 137237 93768
17600 135235 92335
17600 139652 96473
17600 136292 92936
17600 137079 94531
17600 137210 93855
17600 135592 92543
17600 134381 90898
17600 137513 94718
17600 141894 98659
17600 137129 94151
17600 140105 96799
17600 133943 90656
17600 135515 92394
17600 137153 93691
17600 132945 88539
17600 138467 95543
17600 136594 93639
17600 140219 97150
17600 137575 94545
17600 136961 93859
17600 137885 94271
17600 138063 94428
17600 138290 95330
17600 135244 93064
17600 135883 91777
17600 138926 96165
17600 141200 98092
17600 139337 96244
17600 133286 90752
17600 137097 92374
17600 139751 96660
17600 139491 96682
17600 138799 96165
17600 134135 89849
17600 139626 96548
17600 136617 94195
17600 142466 98971
17600 135157 91395
17600 139160 96231
17600 135448 93073
17600 135122 91922
17600 134327 90911
17600 138722 95758
17600 138721 95959
17600 141169 97903
17600 137916 94908
17600 137279 94247
17700 136655 92643
17700 134369 91704
17700 141009 97524
17700 140616 97484
17700 135451 92497
17700 138439 95115
17700 137220 93569
17700 138745 95391
17700 135380 91498
17700 139517 96030
17700 136004 92782
17700 138143 94481
17700 138966 94912
17700 136809 93725
17700 138555 95792
17700 137870 93754
17700 138363 95633
17700 137277 92932
17700 139608 95602
17700 131428 88908
17700 142138 98917
17700 139707 96576
17700 139978 95984
17700 138831 95298
17700 136761 93525
17700 141397 97571
17700 139196 95979
17700 135958 92070
17700 134372 90288
17700 139374 95983
17700 140333 97424
17700 143158 99741
17700 139541 96421
17700 138252 94879
17700 136877 93069
17700 141607 98504
17700 137415 93317
17700 137377 93323
17700 140948 97343
17700 135449 91769
17700 139621 97364
17700 140776 97522
17700 137021 93992
17700 137849 93872
17700 140921 97457
17700 136810 93662
17700 140180 97293
17700 135287 92294
17700 137648 94273
17700 137389 93099
17800 140664 97151
17800 139605 96021
17800 140055 96458
17800 137211 94375
17800 139566 96111
17800 137430 93431
17800 136640 92183
17800 137299 94544
17800 136918 93881
17800 137909 93798
17800 140021 96827
17800 133331 89475
17800 138892 94820
17800 138189 95310
17800 138965 94848
17800 140446 97062
17800 135966 91522
17800 140683 96556
17800 139540 95668
17800 138141 93924
17800 138873 95109
17800 139722 95936
17800 136313 93127
17800 145336 101154
17800 139344 95387
17800 139954 95796
17800 140030 96995
17800 142602 99186
17800 135079 90607
17800 139754 95856
17800 136456 92176
17800 137085 93789
17800 135242 91671
17800 141850 98327
17800 135775 91415
17800 137377 93288
17800 135639 91861
17800 134935 91572
17800 134033 89914
17800 135694 92547
17800 135048 91044
17800 140538 96874
17800 139822 96025
17800 139780 96412
17800 139929 95603
17800 137150 93881
17800 138060 94505
17800 142429 98968
17800 135749 91873
17800 141263 97722
17900 142539 98762
17900 137373 93244
17900 138697 94541
17900 139857 96072
17900 137928 94764
17900 143375 99204
17900 138619 93255
17900 140173 95541
17900 137353 91990
17900 142808 98944
17900 142498 98991
17900 144792 101020
17900 141244 97343
17900 144695 101057
17900 140773 96835
17900 136907 92255
17900 140430 96026
17900 144964 100498
17900 139454 95909
17900 143942 99831
17900 143542 99291
17900 141410 97713
17900 141585 97616
17900 138973 94257
17900 141722 98162
17900 143491 99854
17900 139908 96189
17900 140862 97102
17900 142994 99281
17900 143630 99667
17900 138962 94515
17900 137161 92896
17900 139593 95757
17900 142766 99128
17900 138374 95324
17900 139931 96664
17900 139115 95469
17900 141852 98083
17900 144227 99913
17900 141402 97764
17900 141368 97387
17900 139389 94894
17900 137065 92163
17900 142769 98636
17900 138493 94112
17900 141207 97552
17900 138801 93871
17900 141226 98074
17900 142006 97815
17900 140495 96510
18000 142823 98580
18000 137640 92780
18000 136720 91758
18000 138377 93814
18000 143829 98912
18000 138268 93915
18000 141024 96858
18000 139419 94974
18000 141038 96270
18000 140518 96897
18000 142772 98821
18000 138581 95094
18000 136636 91834
18000 141628 98038
18000 141357 97155
18000 140050 95785
18000 140378 96560
18000 142552 98825
18000 140163 96246
18000 140429 96682
18000 140066 96017
18000 138174 92519
18000 137325 92709
18000 142994 98690
18000 136092 92067
18000 143254 99360
18000 140594 96701
18000 140752 96634
18000 136423 91346
18000 142038 97980
18000 139571 95114
18000 136717 91878
18000 141133 96881
18000 139632 95357
18000 139576 95707
18000 135643 92479
18000 141373 97204
18000 141701 97087
18000 137924 93006
18000 142860 98498
18000 140403 96201
18000 143046 98668
18000 143240 98645
18000 142894 98709
18000 137367 93085
18000 141907 97894
18000 137162 93287
18000 137477 93590
18000 142105 97999
18000 143043 99171
18100 143696 99699
18100 142771 98566
18100 143865 99377
18100 142018 98142
18100 142441 98097
18100 141183 96647
18100 140520 96485
18100 142235 97939
18100 141012 96538
18100 139443 93986
18100 143754 99629
18100 145195 101183
18100 141450 96505
18100 142718 98847
18100 136974 93260
18100 141039 96584
18100 142821 99124
18100 140630 96272
18100 145279 100710
18100 138357 94438
18100 144409 100007
18100 144347 99781
18100 139082 94776
18100 142774 97697
18100 141850 97208
18100 138315 93285
18100 138803 93371
18100 140476 95808
18100 139308 95468
18100 137617 92533
18100 142670 98577
18100 140170 95315
18100 144214 99989
18100 141674 96859
18100 142372 97827
18100 142333 97807
18100 141041 97016
18100 141752 97321
18100 139764 95084
18100 138211 93746
18100 142416 98496
18100 141200 97049
18100 139467 95246
18100 141832 97719
18100 142101 97834
18100 142493 98131
18100 145764 101408
18100 144753 100134
18100 137161 93311
18100 142377 97872
18200 146210 100701
18200 144528 99674
18200 140274 94753
18200 144356 99807
18200 142314 97923
18200 141839 97422
18200 141175 97189
18200 144292 100130
18200 145124 100945
18200 141986 97519
18200 145402 100477
18200 147638 102976
18200 141914 97191
18200 138227 93915
18200 145448 100698
18200 143855 99222
18200 140118 95245
18200 145475 100482
18200 140396 94927
18200 141254 96184
18200 139559 94764
18200 144155 98985
18200 139971 95868
18200 139542 93998
18200 140068 95933
18200 140896 94873
18200 140939 96136
18200 144601 100145
18200 142994 98177
18200 140288 94893
18200 134377 92261
18200 144172 99289
18200 144678 99727
18200 144040 99575
18200 142165 97446
18200 139286 93772
18200 142813 97823
18200 144341 99721
18200 145871 101163
18200 140183 95900
18200 141671 96935
18200 140039 95959
18200 141307 96835
18200 143562 99024
18200 145805 101535
18200 139813 94627
18200 144856 100694
18200 141897 97464
18200 141023 96888
18200 138910 94924
18300 142869 97194
18300 138358 94163
18300 146771 101919
18300 140194 95048
18300 144697 98900
18300 143241 98599
18300 141400 97721
18300 143416 98503
18300 142821 97844
18300 139306 94397
18300 142746 96983
18300 146311 100835
18300 143917 98914
18300 141739 97110
18300 140941 95926
18300 143893 99154
18300 143931 98881
18300 145545 101080
18300 141907 96567
18300 141146 97436
18300 146315 101127
18300 143280 98112
18300 141678 97171
18300 145152 100907
18300 142920 97202
18300 142643 97662
18300 141392 96041
18300 143328 98711
18300 146130 101036
18300 144678 100114
18300 144878 99889
18300 140641 95884
18300 146365 101503
18300 146185 101146
18300 144223 99286
18300 138748 93604
18300 147092 101828
18300 146465 101956
18300 145808 100742
18300 145648 100765
18300 137367 93765
18300 144961 100767
18300 148075 102625
18300 139164 93216
18300 146972 102084
18300 144117 99575
18300 143563 98154
18300 141459 96329
18300 144952 100535
18300 145255 100038
18400 136863 93313
18400 142631 97571
18400 146770 101408
18400 146078 100715
18400 143927 98866
18400 144619 99128
18400 147422 102279
18400 142230 97449
18400 145886 101398
18400 141924 95936
18400 145427 99972
18400 143625 98879
18400 142184 96734
18400 143212 97942
18400 143026 98442
18400 146910 101508
18400 148493 102882
18400 139550 94051
18400 145759 99600
18400 148852 103635
18400 146645 101452
18400 142888 98366
18400 146404 101128
18400 150020 104299
18400 145592 100332
18400 146088 100864
18400 139300 93853
18400 143310 97808
18400 146578 101664
18400 146020 100653
18400 149465 104637
18400 142380 97803
18400 144623 99838
18400 146768 101722
18400 147814 102644
18400 145577 100111
18400 145992 100713
18400 146785 101494
18400 148103 103274
18400 149879 104125
18400 148060 102590
18400 144416 99298
18400 140223 95927
18400 146414 101521
18400 146215 101379
18400 143073 97929
18400 143753 98857
18400 148191 103133
18400 140698 97118
18400 144037 98312
18500 145893 100413
18500 144484 99823
18500 145932 100767
18500 147608 102778
18500 144418 99392
18500 143956 98757
18500 147084 102209
18500 146545 101353
18500 142695 97036
18500 145983 99569
18500 144510 99178
18500 144275 98703
18500 142012 95976
18500 144218 98464
18500 141584 95797
18500 142612 97210
18500 145001 99553
18500 149234 103787
18500 143431 98444
18500 146802 101831
18500 142956 97262
18500 145515 99755
18500 141202 95069
18500 145128 99861
18500 147680 102420
18500 140522 95020
18500 142355 96676
18500 143545 98587
18500 147854 101606
18500 144948 100158
18500 144796 99568
18500 141575 95453
18500 145882 100831
18500 144460 99493
18500 146083 101096
18500 146984 101051
18500 139992 94174
18500 140608 94980
18500 144634 99621
18500 138569 95044
18500 143282 97080
18500 143017 97999
18500 140604 97097
18500 143690 98465
18500 144258 99616
18500 143937 98223
18500 146952 100982
18500 144634 99555
18500 141054 95776
18500 142329 96858
18600 145687 99551
18600 142631 95801
18600 147126 101782
18600 146366 100917
18600 142624 96252
18600 147166 101257
18600 145844 100114
18600 149441 103419
18600 141319 95058
18600 141680 95385
18600 147499 101158
18600 144640 99313
18600 143004 96998
18600 142195 95712
18600 148302 103059
18600 145814 100098
18600 147357 102161
18600 149267 103053
18600 143326 98975
18600 146025 99973
18600 143640 97862
18600 145399 99909
18600 147888 102310
18600 141025 94943
18600 148699 103282
18600 149249 103980
18600 147373 101274
18600 144110 98316
18600 149642 103596
18600 142768 97112
18600 146896 101549
18600 141980 95308
18600 146249 101017
18600 146237 100536
18600 145981 100602
18600 143054 97217
18600 142888 96834
18600 147856 102262
18600 149378 103525
18600 145058 98775
18600 150003 104003
18600 147494 102335
18600 142591 97283
18600 148984 103333
18600 142719 95732
18600 145392 99891
18600 148279 102622
18600 141125 95028
18600 144758 99263
18600 142466 96317
18700 150081 103525
18700 147138 101509
18700 146570 101308
18700 145419 99496
18700 146777 100321
18700 147179 100975
18700 143263 97093
18700 149750 103729
18700 141615 97295
18700 140419 95760
18700 142391 95981
18700 150335 104607
18700 148709 102696
18700 142648 96211
18700 145572 100613
18700 144267 97784
18700 146596 101057
18700 142817 96676
18700 144771 98002
18700 144903 98629
18700 148649 102400
18700 150016 103966
18700 147209 101649
18700 145686 100177
18700 143657 97345
18700 144689 97538
18700 141575 96051
18700 144665 98938
18700 147652 101060
18700 143798 98053
18700 143223 97143
18700 144589 99187
18700 150785 104961
18700 143012 96480
18700 148865 103202
18700 147237 101363
18700 142208 95347
18700 145317 99786
18700 147735 101459
18700 149416 103899
18700 141121 94541
18700 141730 95012
18700 145107 99168
18700 148325 101958
18700 147212 101265
18700 145598 99478
18700 144619 98319
18700 143092 96635
18700 147725 102089
18700 144573 98126
18800 144662 98584
18800 144664 97546
18800 151436 104857
18800 149665 103394
18800 143201 97041
18800 145841 100304
18800 146927 100904
18800 141339 97232
18800 146804 100595
18800 149808 103482
18800 146657 100288
18800 148842 102900
18800 144247 98744
18800 147788 101433
18800 150659 103844
18800 143076 95800
18800 144111 97859
18800 146332 100049
18800 147260 101279
18800 152298 105984
18800 149141 102913
18800 149613 103888
18800 149084 103062
18800 144300 97801
18800 148239 101976
18800 139126 93177
18800 144763 99086
18800 148206 102391
18800 145970 100149
18800 146124 100635
18800 144518 97536
18800 146243 99894
18800 142893 96643
18800 149090 102913
18800 147220 100347
18800 148488 102627
18800 147238 101418
18800 145820 99560
18800 143625 96032
18800 147618 101064
18800 145690 100240
18800 147029 100763
18800 149392 102982
18800 142829 95850
18800 146810 100074
18800 149110 103035
18800 143871 97902
18800 144227 97355
18800 144751 99221
18800 148993 102873
18900 145089 99026
18900 149266 102888
18900 148775 101910
18900 147568 101163
18900 150802 104039
18900 144407 97266
18900 145498 98459
18900 148271 100548
18900 147369 100492
18900 151260 104069
18900 147560 100663
18900 150055 103185
18900 148561 102115
18900 149163 102752
18900 152150 105641
18900 152381 105914
18900 150145 103836
18900 146675 100186
18900 149556 103257
18900 150884 104472
18900 152020 105256
18900 149006 101273
18900 145987 100386
18900 148958 102791
18900 147034 100385
18900 151531 105087
18900 149864 103502
18900 146947 100735
18900 147114 100470
18900 147451 101017
18900 149994 103188
18900 144628 98236
18900 148246 102265
18900 151317 105098
18900 151278 104330
18900 144544 97322
18900 147774 101204
18900 152349 106207
18900 149446 103250
18900 148305 102047
18900 149563 102520
18900 147924 101151
18900 148131 101614
18900 147150 100397
18900 152870 106370
18900 149233 102885
18900 151963 105403
18900 147408 100294
18900 143561 97647
18900 150474 104206
19000 148154 101915
19000 147941 100977
19000 148921 102027
19000 148934 102687
19000 149622 102918
19000 149638 103001
19000 147674 101252
19000 151335 104720
19000 150725 103267
19000 149884 103512
19000 149865 102745
19000 149769 102526
19000 148078 100845
19000 145849 98714
19000 147911 99855
19000 149096 102686
19000 144019 96969
19000 151013 104292
19000 147656 101176
19000 149555 102941
19000 152222 105519
19000 147105 100455
19000 151220 104737
19000 149264 102400
19000 151922 104675
19000 147662 101173
19000 150181 103076
19000 139185 94242
19000 152575 105856
19000 149493 103150
19000 143291 96361
19000 149375 102593
19000 148725 102675
19000 144747 97578
19000 147889 101227
19000 153745 106562
19000 148599 101896
19000 147946 101647
19000 148451 102012
19000 149483 102782
19000 149002 101791
19000 146056 98278
19000 143261 95975
19000 151902 105231
19000 147925 101837
19000 144561 98069
19000 149341 103175
19000 143888 97060
19000 148713 101456
19000 146524 100087
19100 144468 98560
19100 153925 106855
19100 153631 106348
19100 153428 106425
19100 152150 105621
19100 147173 100668
19100 149644 102574
19100 150799 102933
19100 148887 101875
19100 151249 104313
19100 147095 99555
19100 145485 97800
19100 146615 98688
19100 149724 102319
19100 148666 101393
19100 149743 102833
19100 150885 104396
19100 147413 100184
19100 150714 103727
19100 150031 102194
19100 151159 103763
19100 150115 103018
19100 150884 104109
19100 152458 105857
19100 150093 102915
19100 149008 101676
19100 145311 99162
19100 150389 102777
19100 149260 101398
19100 149976 103767
19100 147145 100330
19100 153168 106089
19100 144817 97520
19100 152262 104997
19100 152507 105728
19100 147666 100180
19100 149999 103363
19100 153159 105880
19100 150448 103619
19100 148035 101739
19100 150851 104145
19100 151972 104485
19100 150108 103184
19100 145037 97424
19100 150077 103345
19100 146865 99795
19100 147380 100612
19100 150392 103305
19100 146449 99171
19100 151350 104172
19200 150699 103164
19200 152209 105136
19200 143966 99958
19200 147507 99682
19200 150667 103849
19200 153981 106766
19200 150802 104002
19200 152549 105292
19200 148456 101545
19200 150195 101790
19200 149767 102494
19200 151767 104219
19200 152247 104571
19200 145682 97850
19200 150502 103681
19200 148974 101745
19200 149385 101891
19200 151600 103876
19200 150571 102793
19200 152828 106001
19200 152238 104690
19200 146616 98468
19200 149991 102661
19200 150646 103874
19200 150721 103446
19200 153494 106661
19200 150217 103007
19200 148566 101058
19200 148009 99926
19200 151446 104948
19200 153503 106429
19200 148853 100872
19200 149778 102105
19200 152661 105730
19200 149983 101923
19200 153038 105287
19200 153319 106107
19200 153288 106613
19200 151414 103618
19200 149404 102899
19200 148583 101587
19200 147603 99398
19200 150177 102206
19200 146784 100110
19200 155460 108130
19200 146630 99933
19200 153612 106510
19200 153606 105863
19200 154883 107090
19200 148290 100211
19300 148879 100852
19300 153868 106259
19300 151064 103644
19300 147972 100130
19300 152024 105023
19300 151124 103444
19300 150140 102607
19300 146027 98234
19300 147145 99942
19300 149398 102771
19300 149968 101732
19300 149014 102144
19300 155180 108336
19300 150507 102801
19300 149630 102675
19300 146420 98717
19300 146393 98244
19300 148052 99840
19300 146730 98874
19300 148110 100298
19300 153601 106480
19300 150186 102878
19300 149304 101990
19300 153986 106204
19300 145392 98590
19300 149472 101941
19300 157530 109106
19300 152543 104901
19300 151752 104304
19300 152553 104607
19300 148518 99946
19300 154312 106599
19300 154526 106770
19300 148120 100288
19300 148109 100921
19300 152560 105054
19300 150914 103160
19300 146036 98020
19300 147100 98851
19300 153833 106115
19300 150079 102637
19300 153559 106654
19300 151671 104862
19300 147655 100280
19300 145745 97820
19300 153902 106430
19300 151345 103966
19300 149337 102682
19300 151622 104385
19300 154811 106710
19400 152006 104000
19400 153217 105246
19400 152557 105467
19400 154778 106602
19400 154496 107150
19400 151011 102862
19400 151438 103300
19400 155841 107822
19400 154250 106523
19400 152797 104520
19400 153917 106749
19400 153410 105050
19400 150632 103177
19400 150745 103147
19400 149990 103482
19400 151476 104154
19400 148286 100531
19400 154942 106613
19400 152774 104767
19400 152814 105644
19400 151858 104086
19400 153296 105211
19400 150797 103443
19400 154303 106462
19400 151309 102970
19400 156338 107868
19400 154774 106768
19400 155291 107539
19400 145275 100080
19400 154409 106678
19400 153901 106221
19400 153672 106289
19400 155833 108339
19400 151455 102926
19400 148628 100011
19400 150485 102212
19400 155650 107898
19400 157042 109325
19400 154979 107231
19400 154511 106586
19400 150825 102163
19400 152957 105103
19400 155092 107096
19400 154610 107363
19400 156090 108461
19400 153951 106390
19400 154436 106542
19400 155890 108088
19400 155344 107491
19400 149625 101509
19500 153211 104850
19500 151710 104101
19500 156983 108606
19500 152036 104151
19500 155241 107040
19500 153081 105752
19500 150950 102690
19500 153808 105902
19500 157660 109409
19500 150118 101280
19500 154715 106245
19500 153531 105564
19500 154955 106901
19500 156278 108201
19500 155214 106928
19500 153143 104999
19500 150394 102507
19500 152739 104887
19500 149167 100459
19500 155050 107403
19500 152417 104454
19500 150988 101497
19500 148967 100928
19500 155052 106850
19500 154975 107002
19500 152729 104335
19500 149574 102197
19500 150041 101923
19500 152453 104832
19500 154000 106355
19500 152469 104762
19500 149010 100568
19500 149768 101834
19500 153776 105864
19500 151549 104176
19500 153936 105842
19500 152753 104907
19500 154316 106849
19500 148246 99810
19500 152366 103685
19500 151706 103548
19500 150119 101836
19500 153846 105497
19500 154293 105699
19500 151862 104732
19500 150775 102009
19500 149561 100921
19500 157512 109644
19500 147779 101302
19500 149670 102279
19600 151617 102787
19600 154059 105998
19600 151637 103595
19600 153588 104587
19600 158236 109634
19600 150928 102283
19600 152830 104399
19600 156261 107366
19600 152625 104925
19600 151209 103272
19600 152973 104517
19600 153495 105653
19600 149657 101005
19600 156189 108109
19600 149583 101380
19600 156749 108211
19600 151485 102669
19600 155467 106813
19600 157195 108767
19600 157528 108859
19600 151355 102055
19600 151882 103005
19600 151370 102749
19600 150391 102554
19600 152080 104521
19600 156244 108443
19600 151922 103629
19600 150186 101742
19600 156473 108630
19600 149634 100753
19600 155439 107033
19600 153769 105245
19600 157655 109199
19600 157074 108884
19600 148545 99694
19600 155493 106693
19600 151284 102577
19600 150804 101318
19600 151588 102917
19600 153452 104546
19600 152313 103742
19600 150023 101687
19600 150045 101618
19600 155737 107426
19600 150763 102252
19600 154291 106498
19600 152286 103632
19600 151606 103151
19600 155285 106902
19600 147609 101310
19700 153916 105048
19700 148850 99717
19700 153537 105354
19700 154749 106059
19700 154867 106764
19700 153251 104850
19700 150523 101178
19700 159086 110522
19700 150370 101486
19700 150550 101846
19700 153578 104669
19700 151541 102920
19700 154358 105313
19700 154239 105416
19700 149627 100218
19700 156823 108559
19700 150973 102862
19700 147267 100877
19700 157220 108574
19700 153072 103597
19700 156800 109103
19700 158026 109423
19700 154037 105807
19700 150820 101460
19700 158813 110034
19700 156925 108631
19700 151750 104056
19700 152524 103904
19700 156038 107580
19700 152188 103502
19700 152993 104364
19700 152970 104427
19700 155265 106794
19700 154954 105549
19700 151225 102823
19700 155433 107127
19700 148445 99878
19700 157755 109445
19700 152791 103603
19700 154487 106052
19700 159415 110522
19700 155194 106558
19700 148158 100017
19700 156735 108540
19700 157372 108659
19700 152747 104487
19700 157021 108968
19700 150267 101652
19700 159265 110617
19700 153421 105161
19800 158869 109660
19800 156906 107759
19800 155143 106722
19800 152534 103208
19800 158234 109181
19800 153822 105258
19800 148631 100008
19800 159702 110919
19800 154000 105197
19800 152848 104416
19800 158212 109429
19800 150204 100864
19800 153546 104498
19800 152911 102648
19800 154745 106119
19800 157349 108365
19800 152368 102724
19800 151392 103259
19800 149111 100049
19800 158727 109942
19800 151422 102790
19800 149970 101295
19800 154546 106469
19800 155341 106384
19800 155750 107049
19800 155315 105995
19800 158522 109564
19800 155488 106738
19800 157322 108901
19800 155852 106935
19800 154011 105817
19800 153547 105348
19800 155068 106411
19800 157235 108686
19800 157909 109631
19800 150389 101453
19800 159065 110650
19800 153957 105066
19800 156975 108375
19800 147864 99765
19800 153597 105568
19800 159562 111094
19800 153309 103647
19800 156804 108263
19800 154212 104785
19800 157972 108904
19800 153266 104750
19800 154335 105756
19800 149517 102839
19800 151212 101759
19900 159060 109629
19900 158602 110267
19900 159825 110608
19900 157546 108709
19900 155162 105942
19900 154896 105907
19900 156449 106645
19900 155612 106837
19900 158444 109277
19900 157894 108945
19900 161427 112339
19900 152697 103796
19900 157977 109098
19900 156693 107479
19900 159024 110685
19900 158056 109899
19900 158797 109722
19900 153826 103996
19900 150782 101096
19900 160184 111072
19900 154008 105410
19900 156418 107134
19900 153988 105456
19900 160731 111558
19900 154208 104896
19900 152700 104423
19900 158548 110101
19900 153876 104051
19900 158891 110172
19900 157444 108881
19900 157138 108463
19900 155124 105307
19900 160013 110920
19900 155942 106037
19900 157717 108559
19900 156245 106955
19900 157187 108291
19900 155669 107558
19900 153736 104171
19900 156789 107425
19900 153386 103763
19900 156175 106533
19900 158315 108835
19900 158555 109591
19900 154979 106302
19900 161007 111994
19900 155817 106414
19900 159502 110080
19900 151204 101764
19900 156042 107519
20000 157147 108072
20000 153153 103780
20000 155808 106262
20000 154414 105474
20000 152468 102588
20000 154168 105516
20000 153720 103296
20000 158884 110028
20000 155804 107289
20000 153654 104604
20000 159345 110062
20000 157093 107947
20000 157328 108569
20000 153823 104764
20000 151603 101780
20000 158458 109774
20000 155666 106773
20000 152587 102013
20000 152592 102665
20000 154937 105285
20000 153642 103980
20000 149482 101361
20000 153520 104751
20000 158033 108898
20000 152185 102208
20000 159732 109638
20000 155132 106141
20000 155028 105625
20000 152565 102890
20000 157102 107333
20000 151839 102000
20000 155517 106062
20000 155185 106083
20000 158435 109572
20000 158248 108395
20000 153797 104118
20000 155158 105926
20000 155630 106585
20000 155243 106227
20000 157925 108507
20000 158132 108349
20000 154881 105518
20000 158050 109469
20000 157200 108981
20000 152023 103126
20000 152690 103254
20000 154322 104490
20000 149984 100117
20000 155268 106031
20000 158320 109009
20100 160152 110433
20100 154512 104506
20100 158157 108603
20100 160653 111327
20100 155911 106278
20100 156997 107886
20100 160395 111434
20100 160338 110923
20100 158009 108401
20100 159995 110670
20100 155694 106153
20100 159217 109895
20100 155454 105960
20100 159932 110548
20100 153703 103829
20100 155977 107058
20100 160687 111405
20100 158824 109472
20100 158511 109457
20100 156930 107195
20100 150152 101032
20100 151002 102200
20100 158909 109562
20100 157332 108154
20100 155545 105367
20100 151351 102404
20100 155444 105479
20100 157591 108182
20100 159992 110712
20100 157999 108801
20100 159492 109617
20100 157303 107175
20100 155136 105370
20100 153832 104222
20100 159646 110085
20100 158616 108231
20100 156979 107702
20100 157005 106535
20100 157502 108122
20100 155547 105389
20100 157921 108631
20100 152225 102621
20100 157871 108396
20100 163238 113785
20100 155675 105695
20100 155860 105494
20100 150519 101616
20100 157436 108022
20100 155550 106036
20100 157878 107828
20200 160606 110892
20200 157547 108194
20200 154980 106016
20200 159324 109414
20200 154214 104445
20200 154914 104967
20200 158775 108450
20200 155162 105190
20200 156199 106331
20200 157363 107662
20200 156998 107567
20200 159734 110233
20200 159999 110234
20200 162857 113166
20200 161357 111724
20200 162426 112224
20200 157254 106098
20200 155697 104885
20200 158237 108124
20200 157507 107705
20200 158666 109102
20200 153249 102682
20200 154762 104517
20200 154299 104230
20200 161137 111321
20200 163162 113707
20200 154514 105164
20200 157982 107693
20200 159771 109475
20200 156039 106816
20200 160274 110278
20200 159354 109881
20200 159322 109836
20200 153088 103810
20200 157000 107867
20200 156323 107048
20200 159902 109760
20200 154990 104279
20200 163343 113975
20200 154740 104187
20200 153238 104807
20200 161841 111754
20200 161677 111544
20200 162179 112425
20200 161569 112096
20200 162344 113261
20200 153616 104713
20200 158568 109000
20200 157351 107579
20200 158985 109559
20300 157653 107708
20300 156940 106487
20300 156056 106689
20300 158644 108866
20300 158769 108925
20300 162675 112757
20300 161810 111965
20300 158609 107688
20300 162549 112386
20300 151480 103037
20300 146969 98579
20300 158621 107732
20300 160429 109968
20300 160321 109562
20300 155237 106323
20300 160953 110833
20300 155939 106536
20300 160494 110226
20300 158705 108850
20300 163675 113204
20300 163223 112851
20300 152796 104380
20300 160590 110950
20300 163756 113505
20300 154703 103954
20300 156565 105374
20300 158085 107895
20300 157760 107328
20300 159734 108999
20300 160584 110885
20300 159457 108730
20300 162377 112519
20300 157232 107959
20300 160824 110410
20300 163669 113620
20300 161587 112373
20300 158299 107603
20300 159838 109849
20300 158441 108136
20300 160874 111220
20300 161916 112355
20300 157380 107339
20300 156646 106908
20300 156922 106671
20300 160483 110442
20300 162338 112145
20300 157849 108447
20300 157681 107053
20300 157733 106924
20300 161605 111496
20400 163663 113468
20400 160194 109886
20400 160777 110701
20400 162063 112023
20400 164533 114733
20400 162266 111244
20400 157604 106501
20400 166954 116279
20400 160505 110343
20400 159374 108513
20400 163250 113159
20400 160771 110439
20400 162455 112310
20400 159547 108419
20400 164964 114607
20400 162360 111898
20400 162451 112244
20400 158320 107989
20400 159188 109069
20400 160859 109682
20400 162210 112194
20400 159486 108776
20400 163172 112661
20400 163743 113535
20400 162076 112023
20400 163288 113442
20400 159555 109294
20400 162079 111355
20400 161710 112260
20400 158577 108656
20400 162779 112018
20400 160048 109519
20400 160245 109887
20400 163373 112775
20400 161849 111606
20400 163784 113826
20400 158581 107964
20400 161431 111408
20400 160664 111109
20400 159311 108232
20400 163673 112816
20400 159469 108638
20400 161373 110809
20400 164212 113914
20400 160918 110411
20400 161236 111210
20400 159072 107727
20400 161278 110770
20400 159267 109113
20400 159196 107708
20500 154101 103816
20500 155906 104657
20500 160638 110103
20500 158758 108333
20500 158762 107834
20500 158839 107725
20500 161056 111260
20500 165063 115101
20500 160994 111097
20500 161657 111021
20500 162961 113250
20500 159012 107010
20500 162835 112238
20500 157960 107961
20500 164298 113904
20500 160663 111112
20500 161305 110534
20500 163238 112976
20500 164330 113813
20500 163273 112933
20500 158354 108570
20500 161757 111781
20500 160502 110753
20500 158016 107647
20500 163605 112114
20500 157649 106863
20500 159406 109010
20500 161857 111414
20500 158923 108847
20500 161453 110236
20500 161208 111000
20500 156766 106740
20500 161600 111132
20500 160659 110440
20500 160776 110946
20500 158534 108061
20500 160174 109807
20500 159947 109753
20500 158773 107877
20500 160600 110295
20500 162688 112325
20500 160915 109845
20500 161495 111080
20500 162230 111601
20500 163227 112728
20500 160058 109029
20500 156264 105272
20500 165088 114598
20500 159303 109653
20500 160177 110193
20600 157836 107724
20600 162816 112152
20600 159943 108126
20600 160424 109553
20600 163953 113237
20600 161984 110450
20600 158935 108168
20600 165390 114611
20600 160524 110108
20600 163639 112354
20600 156725 105766
20600 160366 111004
20600 162607 112161
20600 161575 110677
20600 157642 106046
20600 164120 113001
20600 157127 105796
20600 160372 110142
20600 160366 109115
20600 158332 105754
20600 161176 110323
20600 162591 112772
20600 160573 109070
20600 163278 112777
20600 166057 114955
20600 164317 113685
20600 161806 111501
20600 160701 109740
20600 158618 108503
20600 156992 105151
20600 156697 105644
20600 161937 111299
20600 160232 109621
20600 163383 113100
20600 163047 111829
20600 163429 112258
20600 164152 113332
20600 159274 108153
20600 162807 112565
20600 155413 104990
20600 159633 108382
20600 158673 107284
20600 164105 112926
20600 158761 107542
20600 163679 113134
20600 156629 105940
20600 158089 107459
20600 163663 113522
20600 161305 110685
20600 163749 113068
20700 164470 114258
20700 157820 106993
20700 161888 109780
20700 165380 114003
20700 161746 110089
20700 155174 104799
20700 165409 114375
20700 160213 108723
20700 156965 106949
20700 162098 112431
20700 160034 109479
20700 164028 113246
20700 158909 106855
20700 160936 109862
20700 161128 109727
20700 167091 115894
20700 166046 115324
20700 165762 114522
20700 163423 112503
20700 164740 113622
20700 165435 114710
20700 160556 109639
20700 164393 113059
20700 159477 108890
20700 160134 109466
20700 162658 111704
20700 159998 109398
20700 159798 108821
20700 167448 116651
20700 166308 114450
20700 164643 113925
20700 161211 109775
20700 165185 113930
20700 165880 114725
20700 163107 112378
20700 154231 106380
20700 161587 110714
20700 163464 111502
20700 163749 113684
20700 156980 106145
20700 163698 113299
20700 166512 115868
20700 166827 116007
20700 164936 113998
20700 158122 106871
20700 163479 112115
20700 160854 109423
20700 158642 107514
20700 164205 112426
20700 164925 113904
20800 163937 113133
20800 160648 109511
20800 163548 111545
20800 161032 110377
20800 157888 106313
20800 160613 109260
20800 166308 114225
20800 164225 113088
20800 164311 113429
20800 165366 113831
20800 164587 112752
20800 164396 113252
20800 162744 111436
20800 165575 114278
20800 162830 111432
20800 167204 115749
20800 166718 115761
20800 161894 110820
20800 165650 113959
20800 156521 104968
20800 158637 107806
20800 161294 109067
20800 163960 112146
20800 163451 112334
20800 167316 115807
20800 160779 107898
20800 165625 114463
20800 165165 113768
20800 159245 107487
20800 164678 113555
20800 163522 112107
20800 161158 110186
20800 163960 112188
20800 157656 105917
20800 157108 105507
20800 161273 110910
20800 160178 108853
20800 165224 113473
20800 160877 109753
20800 160024 109389
20800 157506 106597
20800 163621 111630
20800 163860 112626
20800 165292 114660
20800 162539 110834
20800 162724 111933
20800 165928 114799
20800 162173 111342
20800 159259 107666
20800 161815 109924
20900 164643 113638
20900 164983 113038
20900 166489 114779
20900 169872 117759
20900 166395 115132
20900 164760 113687
20900 166012 114355
20900 165217 112553
20900 164600 113991
20900 162278 110250
20900 171242 118974
20900 162600 110867
20900 161710 109847
20900 163263 111374
20900 166046 114285
20900 167945 116578
20900 168905 117260
20900 167196 114516
20900 168704 117230
20900 163186 111465
20900 162732 110057
20900 166789 115083
20900 165972 114574
20900 166421 115668
20900 168354 116625
20900 167835 116686
20900 165535 113308
20900 161434 110133
20900 164890 113435
20900 165306 113923
20900 166144 115341
20900 165831 114355
20900 160969 108976
20900 167097 115591
20900 164024 111856
20900 166170 114050
20900 165794 114884
20900 164679 112483
20900 164290 112298
20900 165316 114387
20900 165922 114358
20900 167313 114778
20900 170338 119038
20900 168283 116252
20900 161753 108941
20900 162864 111430
20900 163625 112185
20900 167069 115761
20900 166239 115206
20900 168393 116492
21000 161043 109247
21000 164637 113353
21000 167920 116066
21000 164173 113136
21000 161388 108586
21000 166615 114503
21000 168026 116464
21000 163214 111286
21000 165867 113656
21000 167627 115762
21000 160379 108538
21000 159036 106924
21000 167498 115791
21000 164468 112350
21000 162697 110056
21000 164868 113321
21000 164689 113152
21000 166073 114647
21000 161249 109194
21000 164158 111665
21000 166360 114842
21000 162541 109428
21000 159375 107400
21000 165320 113605
21000 166121 114496
21000 164537 113134
21000 162587 110624
21000 164714 113018
21000 163835 112328
21000 162655 110899
21000 167085 115407
21000 160857 107781
21000 165641 113993
21000 165545 113639
21000 165807 113177
21000 163730 112251
21000 163388 110663
21000 168338 116745
21000 163319 111651
21000 163649 113423
21000 164049 111595
21000 164345 112631
21000 169003 117209
21000 162911 109513
21000 166021 114158
21000 164525 112364
21000 159972 108199
21000 163866 112711
21000 166842 115104
21000 165528 114395
21100 168953 117280
21100 166074 113833
21100 168993 116891
21100 162859 111034
21100 166440 113701
21100 163605 111977
21100 162993 111437
21100 168112 116219
21100 163576 111106
21100 166567 114290
21100 168809 116451
21100 164852 112051
21100 168630 116364
21100 163824 111773
21100 164871 113201
21100 166822 114597
21100 165653 113573
21100 165637 113166
21100 168077 115659
21100 167246 115261
21100 169584 117369
21100 165994 114428
21100 167106 114640
21100 160055 107829
21100 166992 114805
21100 169213 116766
21100 160741 108424
21100 165712 113957
21100 162891 110123
21100 163950 111937
21100 167941 115755
21100 168767 116861
21100 168141 115321
21100 166326 113832
21100 169127 117462
21100 166695 114209
21100 160934 107908
21100 168743 116796
21100 167490 116011
21100 166949 114811
21100 165559 113404
21100 163979 113105
21100 164282 111094
21100 162571 109736
21100 164393 112712
21100 164957 113275
21100 164211 112867
21100 162535 110113
21100 170349 118658
21100 169562 117686
21200 167203 114656
21200 164042 112153
21200 165346 113200
21200 168417 116216
21200 161208 108563
21200 163943 111365
21200 168736 116276
21200 169441 117488
21200 167416 114925
21200 160432 107842
21200 162500 109517
21200 165321 112372
21200 166333 114080
21200 164607 111766
21200 168631 117152
21200 170580 117936
21200 163940 111744
21200 163395 111847
21200 162873 109382
21200 168035 115067
21200 163513 111039
21200 168593 116739
21200 170199 117841
21200 164187 112533
21200 166538 114051
21200 165968 113397
21200 162620 110157
21200 170012 117639
21200 169369 116950
21200 164841 111355
21200 165158 112992
21200 170629 117955
21200 167796 114854
21200 163050 111361
21200 167267 115344
21200 164400 111654
21200 162293 109057
21200 168367 116246
21200 164689 112398
21200 167617 116020
21200 161283 109479
21200 163338 111403
21200 167625 115663
21200 163935 111295
21200 167140 114812
21200 166952 114327
21200 160138 106861
21200 167998 115755
21200 168667 116580
21200 166153 113425
21300 167160 114951
21300 160676 109320
21300 170730 118496
21300 167733 114493
21300 161977 108608
21300 163943 111342
21300 166500 113356
21300 165364 113683
21300 164609 112765
21300 166446 114133
21300 163861 111093
21300 161464 111496
21300 167289 115018
21300 168387 116277
21300 167092 113677
21300 171101 118182
21300 168297 116051
21300 160817 107680
21300 162240 112363
21300 164034 112340
21300 169057 116461
21300 165038 112147
21300 169821 117359
21300 165310 113286
21300 166598 114513
21300 161853 110267
21300 169924 118141
21300 165861 113825
21300 167296 114422
21300 167018 114313
21300 167819 115926
21300 170705 117654
21300 164003 110912
21300 162796 109568
21300 159277 109218
21300 167632 114514
21300 167470 115129
21300 167977 115579
21300 165705 112469
21300 167371 114639
21300 166693 114153
21300 168116 115796
21300 168354 116047
21300 167465 114221
21300 167449 115026
21300 166298 112838
21300 166373 113723
21300 166483 114160
21300 159322 106036
21300 161281 110932
21400 172388 119622
21400 170725 118448
21400 171699 118138
21400 172541 120405
21400 168181 114985
21400 169268 116726
21400 168518 115915
21400 166988 115073
21400 165755 113421
21400 170156 116946
21400 167939 114883
21400 166916 114018
21400 170938 118552
21400 167591 114791
21400 168251 115401
21400 170653 118494
21400 169515 116924
21400 164031 111954
21400 166515 114084
21400 167175 114798
21400 168573 115706
21400 170496 118037
21400 169466 115751
21400 165305 110776
21400 167826 115391
21400 169823 117271
21400 166832 112784
21400 167888 115345
21400 165269 110791
21400 168353 114508
21400 167461 114596
21400 167448 114103
21400 169375 116533
21400 168800 116105
21400 167900 115272
21400 167717 114969
21400 165556 111702
21400 168146 115528
21400 169250 117400
21400 170210 116906
21400 170078 117418
21400 166697 113635
21400 170017 117383
21400 169682 116799
21400 170656 117739
21400 170983 118579
21400 168027 114453
21400 167409 114460
21400 171738 119009
21400 173557 120267
21500 161436 107674
21500 165523 113423
21500 169803 116777
21500 169053 115889
21500 165989 113371
21500 164971 111515
21500 168733 115916
21500 167665 114335
21500 167612 114802
21500 168206 115503
21500 169400 116264
21500 163838 111241
21500 164357 111866
21500 168954 114782
21500 162588 109136
21500 170956 118099
21500 170489 117542
21500 167790 114991
21500 169884 117044
21500 166662 113139
21500 168819 115312
21500 170570 117066
21500 165442 112601
21500 165691 113169
21500 170227 117999
21500 166973 114044
21500 170989 118079
21500 168428 115454
21500 164464 110518
21500 163886 111189
21500 170579 117802
21500 170291 117042
21500 170570 117550
21500 165323 112068
21500 167885 114474
21500 167058 114290
21500 165783 112858
21500 170279 117676
21500 164371 111966
21500 171645 118332
21500 171137 118468
21500 166655 112654
21500 166955 112823
21500 165903 112608
21500 163996 111129
21500 167324 113661
21500 171331 117708
21500 165037 111805
21500 170882 118042
21500 167316 113333
21600 172226 118725
21600 167096 113612
21600 165392 112834
21600 170843 117471
21600 172110 118848
21600 165877 113053
21600 167965 113467
21600 167216 112302
21600 169469 116515
21600 166039 112392
21600 171633 118704
21600 172632 119121
21600 170183 116603
21600 169601 116171
21600 173584 120607
21600 168433 114292
21600 169234 115972
21600 169326 115690
21600 169467 116199
21600 169826 116576
21600 170349 116712
21600 171703 118503
21600 161809 110880
21600 173461 120402
21600 165591 111807
21600 171152 117516
21600 169505 116946
21600 167483 114034
21600 164077 110035
21600 173455 119908
21600 172384 119010
21600 172100 118324
21600 173320 120288
21600 167656 114227
21600 161351 109546
21600 166046 111741
21600 169966 116889
21600 170578 117483
21600 169467 117500
21600 166126 111385
21600 176476 122915
21600 173484 120513
21600 168615 114683
21600 172261 118844
21600 167490 113871
21600 172286 118668
21600 171026 118002
21600 163680 109646
21600 168390 114411
21600 171651 119516
21700 168297 115338
21700 167543 113895
21700 171145 117119
21700 163154 109246
21700 168506 115391
21700 174266 120713
21700 169664 116245
21700 165376 112391
21700 167626 114372
21700 170663 117551
21700 173072 119359
21700 169069 116120
21700 164998 110465
21700 174624 120996
21700 172766 118802
21700 172264 119062
21700 171958 118260
21700 173475 120160
21700 171801 118479
21700 171572 118092
21700 171076 117556
21700 166174 112220
21700 167339 112723
21700 168948 115272
21700 173755 119991
21700 170319 116958
21700 172090 117466
21700 168881 115569
21700 172703 119503
21700 167362 113168
21700 175667 121661
21700 174389 121141
21700 166763 111858
21700 176194 122678
21700 170775 116562
21700 169021 115476
21700 171088 117528
21700 172522 118681
21700 169829 116086
21700 174482 121211
21700 169948 117651
21700 171890 117896
21700 167794 113454
21700 166126 110924
21700 172502 118568
21700 171195 118297
21700 167400 112793
21700 168586 115321
21700 173559 120184
21700 171361 117919
21800 171486 117471
21800 164398 111834
21800 170462 116137
21800 172405 118558
21800 169194 114739
21800 171088 116949
21800 170681 117094
21800 176185 122316
21800 169282 115792
21800 172422 118470
21800 173685 118884
21800 173122 118414
21800 170623 117119
21800 173773 119762
21800 174533 120348
21800 171937 118266
21800 168440 114892
21800 173165 119830
21800 173965 119829
21800 167722 112776
21800 168353 113851
21800 170419 117509
21800 164966 113019
21800 169111 116026
21800 172539 119290
21800 173072 119329
21800 166270 112961
21800 175293 121428
21800 166133 112215
21800 173476 119347
21800 170233 116967
21800 166346 112831
21800 171762 118521
21800 168691 114765
21800 173009 119060
21800 169222 115375
21800 175121 121433
21800 168908 114997
21800 174210 120743
21800 167335 114373
21800 170699 116048
21800 167517 114788
21800 169557 115910
21800 172176 117962
21800 170756 117331
21800 172383 117973
21800 172524 118596
21800 168938 115683
21800 173883 120426
21800 172580 118784
21900 173096 119683
21900 168284 113540
21900 171643 117018
21900 172568 118014
21900 170249 115855
21900 170171 115264
21900 169746 115105
21900 172321 117941
21900 171662 117264
21900 173754 119755
21900 173728 120221
21900 175289 121724
21900 169979 114257
21900 172348 118227
21900 171930 117836
21900 171445 117718
21900 168895 114477
21900 170501 115410
21900 174399 119845
21900 177489 123608
21900 175022 121323
21900 178201 123761
21900 177207 123015
21900 168023 113103
21900 170799 116388
21900 170354 117278
21900 173756 120191
21900 170614 117342
21900 171173 115990
21900 171713 117801
21900 172851 119274
21900 173189 119412
21900 174483 120715
21900 178601 124134
21900 178323 124354
21900 172030 118150
21900 169257 116335
21900 174240 120621
21900 168311 114327
21900 172706 119362
21900 174846 120716
21900 176932 123262
21900 172427 118863
21900 175464 121124
21900 175098 120962
21900 176652 122660
21900 166665 113497
21900 168802 114179
21900 174064 119221
21900 167224 112738
22000 175333 120832
22000 175067 121062
22000 169049 114036
22000 176128 121506
22000 174115 120445
22000 169336 114183
22000 170590 114898
22000 172749 118645
22000 167553 113418
22000 172561 118306
22000 171421 117111
22000 170228 115718
22000 175159 121339
22000 172721 118789
22000 173869 120190
22000 170691 115975
22000 175370 120335
22000 175277 121102
22000 171269 117632
22000 170696 116485
22000 170068 114999
22000 172021 117232
22000 175240 120443
22000 171789 117980
22000 173472 119729
22000 175704 121734
22000 173512 119344
22000 167560 114045
22000 173197 118266
22000 174901 120142
22000 166190 112388
22000 170444 116576
22000 167913 113998
22000 170934 117439
22000 172179 118331
22000 170814 116726
22000 176468 122116
22000 168825 115178
22000 171398 117525
22000 174818 120849
22000 169937 114786
22000 169982 116460
22000 171731 116932
22000 170890 115793
22000 177475 123457
22000 176970 122502
22000 169178 114429
22000 172620 117849
22000 170503 116420
22000 168082 113235
22100 178135 123927
22100 169399 114481
22100 170598 115842
22100 172653 118293
22100 171012 115829
22100 170789 116892
22100 175934 121741
22100 174543 120450
22100 169733 115842
22100 169955 114500
22100 175035 120255
22100 176081 121123
22100 168874 113544
22100 169267 113419
22100 175745 120258
22100 171657 117155
22100 173225 117489
22100 171482 116311
22100 172077 117706
22100 176049 121734
22100 172173 118261
22100 172058 117045
22100 171349 116735
22100 165143 111231
22100 173240 119327
22100 171398 116388
22100 173659 118497
22100 174474 119868
22100 175585 120985
22100 173279 118822
22100 173440 119061
22100 175445 120804
22100 169738 114999
22100 175989 121728
22100 167789 112516
22100 171469 117446
22100 175609 121103
22100 175259 120478
22100 177913 123172
22100 172175 117642
22100 170962 116910
22100 169149 114327
22100 170429 116228
22100 167998 112989
22100 179061 124449
22100 171837 116636
22100 173188 118354
22100 171587 117503
22100 176962 122476
22100 173616 120663
22200 174696 120036
22200 174647 119239
22200 173203 118118
22200 171826 115792
22200 173772 118872
22200 172059 117024
22200 175214 119551
22200 172492 118126
22200 176512 122402
22200 171384 116508
22200 177288 122815
22200 177330 122489
22200 173507 118070
22200 174874 120435
22200 170941 115209
22200 175568 121175
22200 179706 124488
22200 178834 124292
22200 174138 119216
22200 172155 116941
22200 174030 118549
22200 174502 119682
22200 177994 122822
22200 176837 121829
22200 172523 116684
22200 176301 121028
22200 178985 124114
22200 170172 116746
22200 177079 122380
22200 175937 120736
22200 172090 117642
22200 169582 115278
22200 175148 120024
22200 172052 116690
22200 172931 117647
22200 180756 125973
22200 172251 118138
22200 173006 118008
22200 176361 122383
22200 170418 115022
22200 172405 117176
22200 174092 119495
22200 178576 123702
22200 176725 122174
22200 179367 124104
22200 177481 123200
22200 176701 122262
22200 171808 117704
22200 174013 118795
22200 176082 121668
22300 175678 120075
22300 174045 118720
22300 179949 125084
22300 175975 120564
22300 174164 119661
22300 172812 116705
22300 168314 115360
22300 177655 122627
22300 174889 120046
22300 178944 123933
22300 177240 121751
22300 177223 120264
22300 173182 120164
22300 175006 119782
22300 178472 123509
22300 176351 121096
22300 175280 119837
22300 177031 122649
22300 170781 115252
22300 170536 115862
22300 172643 118442
22300 175866 120508
22300 169483 113173
22300 175109 119795
22300 173287 117528
22300 173052 117144
22300 178500 123350
22300 175465 119912
22300 173748 118408
22300 171194 115619
22300 174355 119141
22300 170045 114376
22300 174503 119443
22300 172950 115807
22300 174832 120201
22300 176128 121823
22300 179623 124463
22300 169482 115229
22300 175071 119761
22300 171106 116174
22300 172029 118073
22300 175447 119654
22300 174494 118920
22300 171457 117532
22300 176159 121056
22300 171533 116486
22300 174944 119226
22300 179034 123817
22300 176632 122194
22300 173449 117986
22400 174450 117953
22400 181167 126169
22400 173514 117699
22400 176850 121862
22400 180384 125144
22400 179292 124153
22400 179607 123029
22400 179939 124492
22400 180427 125225
22400 180609 125351
22400 175965 121032
22400 174012 117993
22400 175611 121200
22400 180232 124945
22400 180098 125180
22400 173675 117319
22400 177718 122774
22400 179788 123671
22400 177712 122225
22400 177705 122605
22400 170681 115032
22400 171741 115289
22400 179152 123983
22400 179909 124495
22400 172504 116169
22400 178696 123398
22400 174372 117953
22400 171150 117572
22400 177440 121549
22400 164889 112501
22400 180968 125682
22400 177885 122759
22400 176563 121465
22400 180919 125508
22400 177560 122556
22400 179858 124158
22400 176258 121587
22400 176451 120520
22400 178474 122833
22400 178645 123504
22400 179734 124245
22400 173281 116348
22400 175350 120251
22400 175436 119166
22400 179487 123748
22400 171758 117350
22400 176402 121068
22400 175461 119007
22400 179862 124631
22400 178855 123574
22500 178829 123387
22500 179427 123884
22500 172827 116624
22500 175106 120142
22500 170380 113445
22500 174507 117956
22500 176885 121509
22500 175233 119207
22500 176926 121966
22500 178904 123812
22500 175894 120683
22500 178313 123023
22500 178325 122941
22500 172668 117583
22500 172939 116413
22500 177490 122052
22500 179959 123846
22500 178169 122536
22500 178846 123194
22500 171888 115480
22500 174861 118723
22500 179178 123116
22500 174716 119593
22500 175596 119543
22500 179472 123459
22500 173651 119798
22500 170959 114913
22500 176684 121677
22500 180258 124717
22500 178635 123256
22500 176123 120712
22500 173306 117597
22500 182935 127413
22500 177017 120593
22500 176242 120681
22500 175397 120600
22500 171650 114874
22500 173708 116935
22500 176025 119356
22500 177156 121853
22500 176816 121695
22500 173781 117355
22500 176796 121144
22500 171219 117862
22500 175660 120010
22500 171437 114520
22500 173668 117655
22500 179092 123364
22500 174682 119592
22500 179786 124804
22600 181326 125563
22600 180024 124047
22600 178387 123222
22600 175587 119769
22600 177423 121776
22600 179432 123334
22600 182308 126080
22600 174935 118593
22600 174222 117179
22600 180735 125060
22600 172041 115916
22600 182229 126808
22600 178908 123485
22600 176376 120363
22600 176936 120411
22600 174994 118910
22600 170474 114154
22600 178964 123255
22600 178477 121393
22600 175574 119627
22600 175908 119356
22600 170946 114457
22600 169921 115485
22600 178512 122603
22600 174869 118331
22600 173522 117704
22600 180820 125239
22600 173951 118818
22600 177189 121634
22600 181578 125676
22600 177334 121815
22600 180746 124267
22600 176771 120295
22600 175248 119174
22600 182487 126710
22600 175067 119840
22600 178627 122905
22600 181317 125648
22600 175683 119677
22600 167086 111461
22600 177646 122015
22600 181180 125647
22600 168563 115876
22600 179751 124271
22600 177390 121602
22600 175470 119355
22600 173848 118341
22600 175570 120304
22600 176198 119892
22600 172897 116094
22700 184357 127802
22700 183837 127271
22700 179240 123484
22700 181151 125243
22700 179748 123842
22700 183241 127269
22700 176233 121429
22700 179628 122353
22700 179834 124054
22700 171512 115401
22700 178018 122076
22700 175663 118166
22700 181748 126244
22700 179918 123881
22700 178406 122152
22700 177749 120672
22700 179550 122988
22700 177556 122077
22700 175393 119339
22700 174034 116974
22700 175767 119346
22700 180872 125489
22700 174586 118168
22700 182207 125996
22700 178603 122693
22700 179181 123145
22700 179181 123504
22700 174663 119162
22700 177927 122673
22700 180651 125118
22700 177487 122077
22700 179594 123695
22700 183503 127535
22700 180083 124070
22700 178248 122608
22700 175974 119137
22700 177787 121459
22700 175091 118944
22700 181406 125037
22700 180725 124728
22700 175640 118769
22700 167910 114948
22700 176948 120932
22700 180315 124688
22700 176500 120319
22700 182055 125953
22700 174983 118755
22700 179959 124026
22700 175112 118397
22700 182485 126546
22800 173465 117116
22800 177026 119380
22800 177394 121379
22800 175097 118783
22800 178683 122165
22800 179267 122688
22800 177598 122286
22800 181757 125753
22800 176247 121771
22800 178679 122239
22800 177844 120607
22800 179579 123700
22800 175236 119302
22800 178829 121996
22800 181538 124493
22800 181868 125531
22800 175146 118349
22800 174866 117683
22800 180153 123656
22800 178272 121212
22800 177657 120708
22800 181343 125265
22800 180663 123736
22800 177473 119888
22800 181827 125112
22800 181270 125081
22800 181214 124836
22800 181775 125998
22800 175377 119920
22800 176471 119286
22800 181622 124770
22800 180135 123939
22800 175374 118433
22800 178164 121169
22800 183923 127331
22800 182512 126541
22800 176589 119094
22800 180353 124281
22800 178396 121302
22800 180341 124017
22800 179730 123830
22800 175473 118570
22800 174600 116816
22800 177617 121377
22800 184384 127621
22800 181641 125065
22800 178667 122733
22800 178673 122449
22800 177992 122148
22800 180305 124171
22900 182010 124043
22900 181751 125099
22900 184431 127024
22900 182171 126150
22900 181801 125327
22900 177095 122086
22900 180061 123691
22900 180141 123994
22900 178900 121558
22900 178138 122431
22900 178863 121768
22900 179904 123664
22900 176820 119246
22900 183234 126930
22900 184723 128476
22900 183822 127387
22900 176847 120265
22900 178585 120173
22900 179016 121728
22900 176000 118605
22900 183957 126830
22900 182358 126262
22900 183392 127091
22900 180273 122301
22900 184654 128719
22900 183179 126307
22900 184971 128673
22900 179587 123753
22900 176787 119885
22900 179900 122026
22900 184501 127605
22900 184093 127840
22900 184136 127361
22900 178428 121192
22900 182488 126107
22900 185039 127736
22900 181264 125265
22900 182265 125192
22900 184575 127214
22900 183613 127093
22900 183699 127279
22900 176864 121999
22900 183799 127176
22900 183014 125892
22900 181488 124577
22900 181440 125387
22900 181198 125306
22900 182481 125647
22900 179172 122605
22900 179987 122284
23000 181427 124583
23000 182476 125821
23000 177215 121084
23000 181099 123388
23000 185528 128255
23000 178064 120783
23000 179831 123120
23000 178044 121357
23000 178454 121743
23000 181511 124538
23000 182795 125663
23000 183147 126837
23000 182172 124942
23000 180279 124003
23000 182839 126197
23000 183576 126767
23000 180437 123084
23000 175186 118142
23000 178596 121369
23000 180970 124031
23000 181523 124668
23000 179725 122270
23000 183314 126582
23000 182128 124661
23000 180575 124888
23000 180696 123640
23000 181367 124680
23000 181163 123530
23000 184531 128050
23000 183051 126640
23000 184322 127544
23000 179374 124697
23000 174520 116748
23000 181636 124659
23000 181127 124566
23000 180505 123450
23000 178055 121373
23000 181923 124383
23000 179419 122330
23000 176494 119339
23000 181112 124166
23000 184594 127646
23000 182399 126155
23000 179467 123023
23000 185372 128255
23000 178390 120207
23000 180802 124674
23000 178976 121249
23000 179257 122709
23000 178640 121846
23100 180996 123981
23100 185182 127799
23100 176105 118037
23100 181755 123336
23100 179030 121771
23100 180987 124229
23100 177166 119391
23100 184422 127233
23100 176988 118843
23100 181273 124853
23100 183731 126195
23100 178539 121258
23100 185308 128365
23100 186346 129062
23100 183703 125983
23100 186039 128608
23100 179647 122753
23100 176215 121076
23100 182960 126077
23100 184553 126758
23100 185090 127852
23100 185334 128145
23100 181206 124051
23100 181453 124143
23100 182197 125448
23100 178104 119411
23100 176161 118537
23100 186193 129318
23100 181916 125121
23100 181128 123515
23100 181467 124954
23100 177769 121486
23100 184488 127507
23100 183470 126371
23100 178677 122493
23100 181642 124695
23100 185238 128693
23100 178917 119907
23100 176356 118109
23100 179030 121347
23100 178733 120595
23100 179942 122392
23100 176251 119296
23100 185280 128182
23100 183182 126271
23100 177138 120269
23100 182068 124684
23100 179036 121752
23100 182982 125276
23100 185236 127840
23200 185673 128229
23200 178418 120893
23200 185114 127030
23200 178978 122253
23200 185125 126963
23200 179993 122215
23200 181637 123966
23200 181612 124708
23200 179593 121210
23200 184615 127410
23200 181965 125181
23200 187320 130019
23200 180609 122212
23200 178130 119833
23200 181685 124025
23200 184516 127248
23200 184338 127366
23200 179809 122175
23200 185663 128258
23200 180261 123223
23200 183644 126202
23200 178789 120644
23200 188149 130187
23200 190006 132291
23200 186360 129299
23200 183364 126268
23200 185009 127743
23200 185617 128334
23200 183770 125452
23200 185641 128294
23200 185870 128270
23200 185364 127928
23200 183537 126502
23200 187076 129910
23200 175931 118255
23200 182708 125694
23200 180775 123191
23200 186629 129056
23200 180015 123079
23200 180808 122703
23200 182035 124607
23200 181019 123060
23200 187946 130635
23200 186834 129211
23200 183573 126596
23200 180151 123011
23200 183158 126233
23200 183599 125893
23200 186610 129410
23200 182047 124418
23300 179225 120058
23300 184827 127083
23300 187152 129378
23300 182007 124111
23300 183081 125732
23300 180738 122952
23300 185538 128327
23300 184349 127079
23300 176010 118268
23300 177554 119323
23300 182110 123851
23300 180872 123630
23300 183272 126108
23300 185160 127723
23300 184451 127549
23300 182616 125327
23300 186365 128945
23300 185419 127739
23300 184496 127042
23300 181441 123819
23300 186168 128773
23300 183077 124940
23300 186678 129432
23300 186580 128955
23300 180156 122179
23300 184243 127031
23300 186803 129743
23300 181540 122328
23300 187032 129245
23300 182143 124397
23300 178841 121252
23300 178684 121284
23300 182230 124284
23300 181865 123937
23300 182680 124836
23300 183270 125739
23300 183604 125512
23300 178622 120350
23300 183313 125606
23300 181294 123817
23300 180025 122419
23300 186643 129183
23300 179361 120647
23300 179864 120524
23300 182231 124221
23300 182566 125709
23300 179071 120406
23300 174827 117300
23300 186072 129025
23300 185762 128267
23400 187556 129934
23400 184143 125779
23400 184801 127425
23400 188948 131091
23400 187458 129303
23400 186630 129018
23400 185842 127924
23400 185720 127693
23400 185716 127508
23400 184081 125864
23400 182457 123689
23400 185236 127612
23400 184363 126890
23400 187557 130065
23400 188031 130415
23400 181053 122640
23400 189567 131560
23400 187596 129191
23400 184461 127020
23400 183585 125995
23400 183518 125414
23400 185143 127436
23400 185361 127595
23400 192148 133876
23400 179768 121150
23400 189698 131722
23400 184885 126985
23400 183805 125329
23400 185881 128217
23400 184816 127866
23400 179270 121150
23400 181058 122959
23400 185950 127297
23400 186605 128297
23400 183735 125463
23400 184699 127032
23400 186461 128107
23400 187640 129435
23400 184762 126219
23400 181830 122501
23400 187169 129262
23400 189586 131439
23400 188104 129310
23400 186784 128513
23400 186194 129027
23400 184359 126102
23400 182657 123924
23400 184998 126846
23400 188970 130857
23400 186614 129101
23500 185795 127976
23500 177345 118671
23500 185458 127920
23500 183835 127557
23500 180299 120359
23500 187829 129543
23500 188019 129605
23500 185683 127252
23500 180327 122099
23500 182223 123422
23500 183738 125722
23500 180171 122842
23500 183138 125935
23500 187500 130002
23500 181100 122672
23500 180569 123097
23500 185105 126866
23500 173045 117923
23500 190556 131975
23500 185763 128380
23500 188795 131118
23500 180001 120770
23500 185021 127541
23500 185904 128111
23500 181848 123825
23500 187687 130260
23500 184499 126083
23500 183809 125287
23500 179232 119922
23500 183276 124119
23500 187820 129846
23500 184160 125634
23500 185913 128307
23500 178940 120689
23500 184844 126988
23500 186030 128398
23500 180587 123560
23500 183329 125682
23500 185309 126997
23500 188157 129767
23500 186992 129040
23500 188257 129888
23500 187078 129090
23500 187642 129290
23500 187063 128819
23500 185830 128130
23500 184182 125812
23500 186396 127814
23500 185942 128297
23500 184052 126138
23600 184591 126644
23600 183763 125282
23600 188318 129761
23600 184022 126200
23600 183316 124643
23600 187162 128876
23600 186218 127404
23600 183025 123644
23600 184550 126213
23600 184974 126303
23600 184488 125677
23600 189349 130666
23600 188438 130126
23600 175898 119883
23600 189955 131752
23600 186736 127515
23600 183097 124577
23600 188177 129287
23600 188362 129723
23600 185265 126041
23600 181735 122669
23600 185534 127558
23600 184099 126206
23600 186008 127647
23600 189136 131288
23600 184089 125915
23600 184662 126283
23600 186121 128443
23600 183360 125666
23600 186072 127252
23600 181070 122009
23600 186539 127497
23600 188202 130485
23600 190567 132173
23600 182639 124035
23600 179564 120879
23600 187758 129526
23600 180993 121673
23600 180432 122443
23600 189462 131650
23600 182170 123081
23600 183581 126024
23600 181615 122635
23600 182188 122178
23600 181215 124762
23600 188347 130869
23600 189951 132161
23600 184045 126198
23600 183605 124700
23600 191173 132728
23700 184483 124609
23700 186867 129307
23700 190072 131821
23700 189023 130180
23700 184838 125899
23700 184413 125541
23700 187898 128721
23700 184424 126307
23700 185107 125526
23700 186579 128048
23700 191368 133039
23700 182904 123462
23700 185293 126044
23700 189609 130880
23700 189145 130917
23700 177604 121835
23700 183936 124972
23700 184552 124639
23700 184217 126756
23700 190205 131217
23700 185003 126053
23700 184935 126413
23700 188949 129988
23700 188270 130252
23700 182666 124617
23700 183024 124336
23700 188593 129504
23700 184690 125336
23700 184229 125889
23700 186754 128270
23700 187070 129138
23700 186736 128302
23700 186553 129658
23700 186957 128552
23700 187204 127864
23700 185328 125327
23700 185456 127282
23700 192713 133469
23700 188073 129108
23700 186306 128213
23700 189304 131418
23700 184140 124670
23700 188197 129441
23700 186827 128153
23700 184901 125302
23700 182785 124900
23700 186412 127244
23700 186839 128393
23700 188269 129048
23700 185984 126817
23800 187572 128258
23800 185285 125349
23800 187870 129418
23800 190682 132157
23800 187346 127014
23800 190859 131641
23800 182336 123196
23800 186497 126346
23800 185187 126963
23800 184916 124956
23800 186312 126907
23800 190965 132033
23800 181890 122358
23800 187281 129026
23800 183386 124330
23800 184684 127833
23800 188499 129382
23800 190478 131956
23800 182752 124173
23800 183563 125038
23800 184004 126106
23800 187970 129209
23800 190877 131747
23800 190206 130960
23800 186552 128181
23800 188633 129818
23800 181565 123926
23800 189446 130941
23800 185807 127580
23800 188595 129689
23800 188453 129685
23800 187988 129413
23800 181894 122813
23800 183338 123711
23800 186151 127764
23800 180825 120874
23800 185404 126174
23800 190221 131489
23800 181845 122284
23800 184976 126158
23800 184339 125693
23800 188353 129964
23800 189155 130360
23800 188109 129737
23800 190468 131609
23800 188461 128747
23800 187789 128496
23800 186020 126479
23800 178183 121775
23800 188477 129967
23900 191239 132282
23900 192966 133799
23900 193476 133866
23900 188035 129058
23900 187038 127530
23900 187840 130059
23900 187215 129053
23900 188200 128788
23900 188527 128993
23900 189377 130048
23900 192069 132718
23900 190553 131732
23900 193115 134467
23900 188302 128404
23900 191725 132170
23900 190402 132416
23900 186895 128223
23900 187537 127707
23900 189761 130725
23900 187393 127796
23900 194986 135568
23900 192096 133128
23900 187075 126978
23900 187427 128171
23900 193099 133901
23900 189730 129617
23900 185550 125584
23900 187954 129281
23900 193561 133694
23900 190514 131648
23900 187133 127322
23900 187767 128942
23900 189283 129597
23900 184701 125417
23900 192881 133629
23900 191189 131956
23900 186915 128293
23900 192828 133979
23900 191593 133294
23900 189661 130544
23900 187542 128122
23900 184506 124340
23900 189931 131129
23900 192183 132655
23900 190758 131668
23900 186574 127153
23900 187558 128385
23900 192534 132950
23900 192461 132759
23900 190210 130590
24000 184511 125053
24000 182901 121929
24000 185765 125522
24000 181760 121360
24000 186237 127813
24000 191916 132812
24000 189165 128223
24000 190060 130722
24000 189398 130042
24000 189444 130179
24000 188238 128743
24000 190226 131403
24000 189517 130432
24000 186607 127865
24000 185607 126703
24000 185136 125947
24000 188099 128179
24000 192937 133205
24000 180096 120939
24000 193777 133551
24000 190004 130928
24000 183463 123571
24000 189139 130044
24000 190274 131468
24000 182883 122904
24000 185374 124775
24000 190422 131364
24000 188426 129476
24000 191677 132490
24000 188414 127945
24000 190729 131111
24000 192323 133057
24000 189620 130834
24000 188974 130408
24000 189198 130247
24000 188637 129035
24000 187130 127505
24000 187214 127343
24000 187774 128708
24000 187491 128199
24000 185557 124707
24000 187148 128813
24000 190411 131417
24000 190147 130399
24000 189338 130070
24000 185935 127092
24000 187980 128807
24000 189735 130163
24000 189755 129417
24000 192651 133068
24100 190648 131062
24100 190348 130410
24100 190296 130861
24100 190512 130665
24100 191507 132122
24100 186502 125381
24100 193706 134166
24100 192989 133642
24100 191917 132516
24100 187116 128002
24100 183554 124547
24100 188343 127929
24100 190585 131208
24100 182092 122843
24100 192941 133988
24100 182535 121832
24100 187287 126723
24100 192228 133105
24100 187928 127064
24100 186150 124981
24100 191216 132852
24100 187194 127774
24100 191340 131625
24100 190536 130248
24100 190053 130670
24100 189431 130162
24100 193213 133732
24100 188940 129117
24100 191680 131518
24100 189346 130290
24100 191879 132149
24100 190466 131522
24100 187121 127698
24100 192759 132628
24100 190707 130908
24100 187781 128212
24100 184318 123665
24100 188938 129023
24100 190914 131390
24100 185590 126952
24100 184602 123665
24100 185454 125208
24100 192387 132829
24100 187915 129173
24100 191697 132400
24100 182392 122193
24100 183578 122424
24100 181481 121549
24100 188737 129355
24100 193938 134112
24200 187370 129183
24200 194983 134952
24200 190283 129951
24200 188389 128876
24200 194698 135408
24200 197231 136882
24200 187333 125857
24200 193882 134633
24200 190942 129702
24200 189875 129316
24200 189206 128793
24200 188500 129115
24200 193005 133067
24200 193872 134573
24200 188944 129536
24200 185208 124421
24200 187590 127232
24200 185993 126748
24200 191445 131540
24200 191389 130952
24200 189641 128470
24200 191275 131668
24200 195321 134902
24200 194156 134141
24200 187606 128741
24200 188665 129418
24200 193017 133010
24200 185327 125540
24200 185832 126028
24200 193889 134012
24200 192979 134133
24200 192073 131876
24200 191222 131491
24200 193901 133638
24200 194293 135029
24200 192040 133270
24200 184908 125539
24200 192581 132053
24200 193676 134187
24200 192947 133290
24200 182396 121952
24200 191196 132167
24200 195377 135699
24200 194511 134612
24200 190073 131237
24200 188392 129152
24200 194420 134955
24200 186844 125579
24200 190864 131885
24200 189720 130139
24300 194580 134695
24300 192580 132503
24300 190860 131793
24300 190939 130960
24300 194151 133483
24300 186953 125664
24300 193928 134152
24300 191895 131896
24300 191179 131391
24300 194752 133992
24300 194351 134423
24300 186071 124373
24300 188722 128715
24300 192281 132417
24300 191729 130833
24300 194675 134304
24300 188109 127090
24300 185554 125162
24300 192959 132919
24300 192729 132452
24300 193984 133342
24300 196427 136191
24300 194019 134111
24300 185306 125155
24300 192568 131629
24300 191681 132269
24300 190965 131846
24300 193978 134278
24300 188966 127318
24300 194490 133879
24300 188182 126158
24300 192231 132359
24300 187397 126410
24300 184269 123926
24300 191421 131984
24300 186745 126339
24300 190323 130300
24300 193335 132927
24300 187403 126624
24300 189029 128437
24300 189653 130101
24300 187135 125781
24300 195569 135373
24300 190400 129785
24300 189179 127737
24300 192921 132904
24300 185989 125685
24300 193848 133793
24300 193097 133130
24300 195099 134928
24400 192630 131913
24400 191545 130887
24400 192608 132610
24400 196799 136660
24400 195474 135008
24400 188911 129278
24400 188765 128921
24400 192730 131434
24400 188030 127709
24400 193557 133387
24400 191816 131866
24400 190627 130590
24400 191262 131245
24400 194708 133812
24400 196322 136087
24400 192951 133928
24400 194290 134403
24400 191001 130674
24400 190342 129776
24400 194396 134177
24400 189780 128056
24400 189909 128551
24400 196479 135815
24400 191064 130945
24400 195831 135898
24400 193618 133591
24400 193980 134136
24400 191745 130457
24400 193511 132947
24400 193387 132549
24400 195410 135830
24400 196311 135873
24400 193293 133450
24400 196533 135800
24400 188683 127832
24400 193531 132317
24400 192406 132785
24400 196382 135677
24400 191022 130852
24400 191672 130880
24400 192108 131477
24400 195312 134977
24400 194549 134229
24400 190699 129556
24400 196335 135140
24400 188889 128327
24400 197444 136786
24400 192144 131031
24400 194127 134305
24400 194072 134260
24500 190865 128610
24500 195012 134994
24500 190698 129692
24500 188540 126798
24500 193425 132677
24500 200436 139331
24500 195213 134930
24500 191954 131498
24500 193188 131599
24500 195357 135568
24500 192012 130828
24500 192161 130525
24500 192216 132187
24500 190994 129368
24500 197221 136705
24500 194169 133916
24500 195552 135064
24500 195930 135580
24500 182880 124761
24500 190266 130396
24500 191727 131404
24500 188375 127814
24500 194137 133996
24500 195300 134758
24500 195380 134316
24500 192200 131139
24500 193349 132863
24500 190227 129072
24500 186246 124594
24500 192313 131530
24500 192715 131816
24500 189340 127985
24500 188909 127565
24500 197617 136359
24500 194786 134836
24500 194550 134780
24500 192364 132021
24500 194468 134032
24500 191991 130737
24500 193155 132586
24500 192536 131171
24500 192716 132641
24500 194408 133521
24500 194800 134362
24500 190173 130322
24500 193900 132266
24500 190168 129127
24500 188489 126095
24500 187491 126804
24500 182054 123667
24600 189542 127663
24600 191152 129295
24600 197882 136828
24600 191507 130942
24600 198086 137340
24600 193861 133729
24600 190405 127483
24600 191003 129929
24600 190510 129462
24600 194234 133298
24600 184450 124928
24600 197449 136971
24600 190092 128624
24600 199236 138127
24600 193936 133382
24600 194792 133575
24600 197066 135634
24600 190340 129744
24600 189053 127521
24600 196223 135502
24600 190953 129773
24600 196916 135774
24600 189167 128028
24600 192208 130861
24600 197879 136976
24600 197700 137032
24600 192037 129838
24600 195233 134483
24600 192617 131435
24600 192811 132700
24600 198383 137485
24600 196359 134562
24600 193583 132075
24600 194730 132598
24600 195717 134501
24600 196550 135907
24600 190655 128684
24600 193024 131380
24600 194258 134531
24600 190731 129013
24600 195359 134776
24600 198458 136895
24600 195760 134826
24600 197002 136140
24600 196909 135484
24600 196845 134968
24600 192948 131981
24600 194869 133480
24600 196924 135991
24600 193215 132187
24700 192059 129136
24700 196885 135952
24700 195607 134163
24700 196619 135771
24700 199487 138088
24700 187794 126018
24700 197924 135734
24700 197089 136208
24700 197877 136709
24700 191765 129698
24700 192635 130782
24700 193520 132052
24700 196999 136130
24700 198045 136690
24700 199028 137632
24700 199694 137948
24700 191907 130022
24700 195950 134962
24700 197716 136103
24700 197320 137095
24700 193254 130865
24700 197945 137516
24700 198944 138127
24700 187544 128950
24700 198576 138098
24700 194411 132950
24700 197297 136072
24700 192286 130886
24700 194026 133140
24700 195951 134768
24700 193692 132432
24700 192555 131117
24700 195794 134138
24700 193557 132643
24700 192622 131554
24700 194764 133108
24700 195408 133718
24700 190405 127509
24700 199455 138061
24700 200894 140094
24700 190487 129437
24700 189712 128047
24700 189831 127628
24700 191480 129278
24700 195907 136091
24700 198878 137893
24700 196230 134400
24700 195128 133985
24700 195391 134735
24700 198711 137247
24800 191014 128505
24800 187900 127852
24800 194976 132619
24800 188966 127883
24800 199612 138294
24800 196872 135693
24800 194897 132615
24800 196811 135561
24800 196830 135788
24800 189338 127604
24800 193809 132214
24800 193178 131485
24800 199096 137860
24800 196347 134334
24800 191201 129190
24800 197515 135972
24800 192012 130402
24800 200097 138951
24800 192857 131189
24800 187696 126295
24800 199515 137832
24800 194275 132939
24800 195651 134207
24800 198043 136952
24800 197987 136160
24800 196119 134983
24800 196877 135235
24800 194374 132541
24800 189519 129251
24800 196746 135376
24800 194371 134135
24800 198156 136781
24800 197147 136269
24800 188120 126877
24800 191889 128240
24800 194659 132833
24800 198571 137005
24800 194492 132607
24800 196406 134195
24800 194701 132644
24800 198577 136807
24800 193017 131679
24800 194786 133321
24800 195333 133339
24800 195902 134274
24800 193715 132278
24800 194675 133725
24800 193396 129778
24800 194850 134035
24800 194326 132453
24900 201437 139803
24900 201446 139651
24900 201845 140100
24900 197766 136351
24900 201034 138753
24900 198841 137927
24900 196485 134983
24900 202179 140766
24900 199220 137146
24900 193275 130410
24900 198729 136706
24900 196649 135082
24900 198259 136167
24900 199769 138533
24900 198009 135615
24900 196334 133851
24900 197938 136880
24900 196167 134466
24900 196573 135634
24900 196450 135141
24900 194213 132972
24900 198929 137947
24900 197276 135809
24900 190521 131188
24900 199537 137475
24900 192444 130540
24900 191336 130441
24900 198973 137182
24900 191531 128510
24900 200494 139069
24900 201741 139945
24900 202871 141618
24900 198363 137206
24900 198344 135851
24900 192908 130179
24900 202333 140479
24900 199115 136087
24900 201840 140370
24900 195151 132753
24900 197571 136447
24900 192808 131378
24900 199601 137348
24900 202323 140253
24900 199040 137274
24900 198301 136429
24900 194666 133027
24900 200304 138349
24900 200347 138330
24900 197737 136388
24900 200714 139251
25000 191497 129200
25000 197272 135708
25000 200438 138990
25000 198663 136019
25000 199675 138314
25000 195328 134258
25000 195837 134200
25000 190456 129030
25000 194080 133180
25000 193702 131453
25000 191625 130939
25000 192247 130987
25000 193826 133035
25000 196037 134670
25000 195727 133806
25000 194795 131958
25000 196559 134910
25000 201080 138979
25000 194526 132592
25000 200066 137006
25000 191809 129098
25000 193988 132373
25000 198139 135319
25000 196932 134311
25000 192455 130955
25000 196643 135496
25000 200216 137922
25000 192702 129604
25000 188594 130178
25000 200434 137634
25000 194595 131407
25000 195160 133275
25000 198501 137192
25000 190706 127957
25000 200490 138913
25000 197300 134988
25000 194020 132881
25000 197076 135577
25000 192630 130963
25000 196953 135228
25000 193174 130841
25000 192652 132550
25000 198033 135765
25000 194965 134261
25000 199251 137642
25000 197264 135516
25000 195100 133071
25000 192137 130311
25000 199025 137281
25000 194540 133831
25100 200557 138715
25100 196522 133629
25100 200864 138335
25100 196385 134840
25100 201975 139794
25100 197528 133523
25100 194962 131766
25100 196560 133517
25100 200402 138189
25100 195525 131073
25100 193280 131586
25100 198594 136892
25100 197589 135453
25100 196628 133553
25100 190029 129380
25100 186183 126812
25100 196535 133553
25100 193462 131360
25100 197246 135430
25100 197426 135077
25100 194875 132959
25100 194177 131067
25100 198707 136782
25100 202545 140688
25100 197994 135962
25100 195994 134128
25100 195361 132994
25100 195964 133628
25100 195200 130790
25100 198308 135368
25100 194488 132857
25100 200862 139145
25100 191510 129417
25100 195366 132489
25100 194837 132985
25100 201033 139316
25100 194681 131568
25100 198237 135763
25100 192355 130654
25100 197389 135552
25100 193796 130193
25100 200641 138281
25100 194065 132632
25100 196513 134789
25100 199167 136350
25100 196080 134008
25100 197994 134943
25100 192615 130396
25100 198056 135802
25100 196631 134626
25200 197675 135435
25200 195249 132519
25200 200876 138869
25200 203497 140987
25200 203101 140337
25200 199751 137886
25200 198451 134869
25200 196969 133630
25200 195328 131467
25200 203765 141432
25200 196393 133341
25200 202085 139588
25200 201658 139331
25200 194989 131784
25200 201445 139578
25200 195316 132347
25200 193794 131191
25200 193344 131419
25200 199573 136639
25200 202269 139623
25200 198188 135583
25200 202750 141020
25200 203692 141432
25200 202903 140838
25200 200968 138889
25200 200095 137550
25200 200719 138450
25200 205414 142658
25200 197686 135747
25200 199299 137426
25200 198239 135509
25200 193670 134080
25200 195374 133009
25200 195499 133665
25200 201281 138924
25200 199061 136913
25200 202105 139560
25200 199424 137244
25200 198448 136742
25200 199224 137027
25200 200282 138098
25200 196448 133427
25200 204128 141912
25200 200344 136785
25200 194916 132671
25200 198612 135421
25200 198893 136823
25200 200155 138289
25200 200147 137856
25200 198591 136371
25300 200309 137339
25300 193505 129787
25300 197234 134349
25300 198227 135729
25300 201375 139253
25300 203226 141059
25300 193823 131909
25300 198370 135605
25300 197458 133498
25300 201845 138085
25300 194173 130030
25300 201935 139285
25300 198831 135818
25300 192844 129590
25300 194914 132607
25300 198270 136003
25300 194520 132460
25300 194081 130994
25300 199041 136564
25300 197099 133428
25300 194219 132292
25300 193075 130615
25300 202377 140322
25300 199478 135913
25300 199604 135914
25300 202903 139968
25300 192434 129123
25300 193079 130031
25300 198037 135587
25300 202543 139589
25300 198346 136235
25300 197331 133857
25300 199306 136712
25300 200498 137620
25300 200777 138168
25300 194461 132555
25300 196155 131352
25300 202890 139726
25300 194629 131825
25300 202097 139581
25300 198931 137540
25300 200608 137653
25300 201426 138160
25300 198557 136497
25300 200182 137889
25300 202729 139930
25300 203666 141313
25300 202628 140459
25300 202494 139676
25300 201290 138290
25400 197149 134096
25400 197797 133058
25400 200339 136477
25400 201181 137301
25400 198621 136210
25400 201540 139376
25400 201560 139434
25400 203903 141149
25400 203018 140643
25400 205398 141513
25400 201113 138894
25400 203978 140971
25400 193777 129851
25400 196660 133179
25400 197316 132611
25400 195085 133571
25400 195501 132499
25400 193786 130850
25400 206837 143098
25400 202429 138590
25400 196865 133162
25400 202456 140033
25400 200292 136623
25400 203019 139322
25400 202866 140308
25400 198170 134354
25400 199364 136067
25400 200825 137877
25400 207312 144196
25400 198917 137394
25400 202091 139457
25400 202675 139650
25400 201084 138660
25400 201470 137823
25400 202711 139842
25400 201726 139935
25400 203248 139611
25400 201218 138561
25400 196503 132592
25400 197576 133803
25400 205432 142549
25400 205446 141780
25400 199339 136837
25400 198925 136597
25400 206378 143800
25400 201551 138686
25400 203816 141126
25400 200798 136319
25400 200394 137303
25400 204932 142082
25500 203746 140883
25500 199665 136261
25500 199363 136833
25500 191303 127870
25500 199886 137433
25500 195341 132017
25500 200646 138167
25500 202820 140325
25500 200048 136568
25500 198572 135695
25500 202976 139829
25500 194107 130110
25500 202911 139907
25500 202832 139837
25500 201136 138457
25500 204356 141579
25500 200567 136611
25500 198519 134721
25500 201589 138404
25500 200389 137197
25500 203030 139933
25500 202980 140121
25500 197951 135438
25500 200886 138084
25500 198394 136057
25500 203736 140659
25500 203760 140259
25500 193741 129795
25500 194787 132040
25500 200658 137762
25500 196164 131305
25500 199187 135982
25500 198495 134116
25500 207496 144212
25500 204723 141988
25500 197217 132311
25500 203239 139649
25500 197108 133731
25500 198525 134964
25500 194892 131323
25500 202950 139861
25500 199338 136202
25500 194264 130243
25500 199135 135567
25500 198660 135677
25500 204072 140865
25500 205252 141689
25500 194357 130138
25500 201327 139204
25500 197646 134183
25600 200842 137608
25600 205125 142145
25600 198483 135729
25600 202508 138837
25600 206898 143225
25600 204246 140746
25600 205775 141779
25600 202228 138765
25600 202497 139577
25600 198227 135117
25600 208842 145278
25600 197701 133523
25600 204316 141307
25600 203049 139263
25600 196965 132754
25600 200525 137303
25600 196263 132888
25600 203167 139680
25600 199746 136119
25600 198012 134346
25600 200074 136732
25600 200193 136527
25600 202947 138872
25600 198560 134883
25600 201293 137696
25600 203189 139402
25600 201924 138307
25600 200690 136604
25600 204763 139858
25600 202925 139890
25600 205504 142803
25600 200389 136472
25600 194932 131569
25600 200551 136680
25600 203720 140672
25600 201961 138521
25600 202767 138141
25600 200168 137080
25600 205852 142360
25600 202368 139108
25600 195148 130864
25600 201173 137658
25600 196222 131516
25600 199405 135793
25600 203037 139765
25600 196153 130734
25600 206434 142870
25600 197368 133737
25600 203926 140325
25600 203774 140739
25700 198293 134833
25700 204252 141264
25700 203404 138214
25700 206933 144048
25700 202698 139768
25700 205316 141732
25700 204249 140471
25700 206688 143279
25700 197856 133616
25700 206597 142737
25700 205112 141901
25700 201462 137666
25700 201350 137364
25700 202518 137945
25700 200472 136171
25700 203047 138120
25700 204161 140960
25700 204347 140131
25700 202084 138843
25700 206442 143489
25700 203232 139903
25700 202117 138257
25700 200521 136782
25700 200008 134604
25700 206946 143164
25700 199953 135243
25700 206206 143247
25700 202951 137934
25700 206205 142192
25700 202156 138885
25700 204918 140774
25700 202522 139639
25700 200710 137732
25700 197957 133202
25700 204756 140906
25700 201623 136429
25700 199135 134428
25700 202568 139112
25700 197080 132486
25700 200480 136001
25700 200676 136276
25700 200715 135754
25700 204200 139366
25700 208107 144790
25700 198244 134557
25700 199977 134701
25700 202984 139097
25700 203059 138711
25700 201827 138590
25700 207564 144239
25800 204826 141129
25800 205926 142069
25800 203351 140031
25800 202112 138061
25800 202589 138514
25800 204433 140637
25800 201184 138209
25800 201439 135180
25800 207819 144653
25800 207551 143220
25800 201568 138240
25800 205082 140361
25800 201708 136531
25800 205639 142284
25800 204498 140299
25800 203678 140337
25800 206700 141770
25800 207049 142783
25800 206205 142981
25800 201503 137704
25800 207697 144312
25800 201142 136890
25800 205327 141874
25800 202249 138909
25800 202083 138919
25800 203926 138978
25800 204639 140975
25800 207308 143203
25800 204459 140671
25800 207511 144232
25800 195476 130626
25800 199134 133886
25800 204291 141251
25800 201516 137668
25800 205254 140840
25800 205006 140878
25800 203468 140163
25800 203947 139718
25800 203733 140129
25800 204480 140650
25800 207232 143475
25800 200219 134973
25800 201099 136150
25800 203774 140220
25800 202034 138655
25800 203024 138667
25800 207395 143457
25800 207700 143683
25800 196235 133468
25800 202649 138419
25900 208363 144271
25900 210962 145901
25900 202531 138814
25900 198043 132365
25900 203445 138598
25900 203388 138296
25900 207760 143128
25900 206255 141298
25900 206458 141972
25900 202090 138546
25900 207445 142244
25900 207087 142608
25900 200849 135604
25900 204489 140572
25900 205403 139581
25900 207773 143122
25900 201641 136924
25900 208700 144557
25900 209317 144934
25900 198683 135002
25900 196048 130959
25900 201061 135762
25900 211254 146570
25900 209377 145263
25900 206715 143032
25900 202089 136602
25900 207802 143445
25900 204957 141787
25900 202915 138494
25900 202699 138324
25900 203117 137705
25900 209137 144814
25900 208938 144377
25900 209178 144831
25900 202457 137610
25900 201896 137642
25900 206990 141967
25900 208938 144936
25900 204268 139342
25900 200487 136299
25900 206450 142231
25900 209047 145026
25900 206255 142375
25900 210390 146655
25900 205191 138639
25900 204804 139661
25900 205705 142142
25900 202730 137865
25900 199457 134724
25900 202824 139452
26000 207491 143063
26000 202547 137397
26000 206846 141367
26000 204933 140626
26000 204744 141962
26000 204892 140859
26000 207502 142580
26000 201551 137108
26000 208283 144004
26000 203339 138685
26000 203293 139036
26000 196618 130739
26000 202104 136848
26000 204479 139742
26000 201032 135803
26000 206349 142591
26000 203979 139071
26000 203530 138396
26000 202757 138605
26000 204120 138818
26000 208117 144141
26000 200474 134769
26000 199983 136085
26000 203961 140441
26000 206602 141941
26000 206172 142428
26000 204578 139513
26000 199294 133080
26000 207640 142143
26000 204183 140295
26000 208880 144027
26000 207372 142780
26000 203608 138299
26000 205671 140957
26000 200454 136610
26000 199555 134325
26000 206167 142282
26000 204546 139580
26000 203775 138998
26000 199827 134699
26000 205784 142286
26000 207530 142377
26000 203304 138430
26000 200768 135261
26000 204830 140831
26000 206316 141833
26000 206979 143382
26000 203402 139013
26000 201337 138049
26000 205477 140738
26100 207650 143375
26100 206042 140858
26100 201530 136606
26100 203461 137142
26100 208552 144006
26100 205345 139705
26100 207770 142477
26100 205858 141181
26100 207875 143779
26100 203908 138551
26100 203357 138543
26100 204209 138673
26100 209803 145461
26100 205534 140957
26100 202752 138479
26100 208434 143952
26100 199409 135187
26100 207402 141703
26100 208160 144083
26100 205841 141508
26100 201016 134345
26100 203889 138943
26100 207443 142492
26100 203583 138539
26100 209138 144213
26100 201984 136119
26100 204312 137588
26100 208172 143163
26100 209385 144190
26100 203635 137715
26100 201856 136488
26100 208863 143958
26100 209487 144330
26100 202531 138256
26100 205050 140716
26100 200840 136048
26100 210267 145611
26100 202801 139227
26100 208731 144069
26100 205226 140493
26100 197348 131880
26100 208907 144240
26100 206914 142010
26100 202574 137622
26100 203892 138028
26100 202880 138450
26100 203368 138309
26100 208687 144443
26100 203956 140009
26100 203979 138287
26200 203223 138091
26200 207722 141776
26200 203664 139213
26200 206457 141826
26200 207458 142678
26200 206615 140723
26200 209877 144838
26200 210301 145136
26200 200807 134515
26200 207171 141302
26200 209362 144829
26200 202996 138448
26200 200750 135227
26200 206845 141694
26200 207299 142847
26200 207481 143058
26200 202873 138694
26200 208270 143080
26200 202120 138318
26200 202568 137528
26200 211830 146747
26200 205433 139816
26200 202322 137107
26200 211370 146477
26200 204642 138595
26200 204301 139153
26200 208582 143593
26200 206882 141323
26200 213950 148698
26200 205393 140337
26200 204817 140187
26200 207967 142809
26200 209936 144523
26200 210588 144780
26200 210542 146069
26200 206059 140825
26200 208876 144444
26200 202984 138184
26200 210546 145572
26200 206168 141779
26200 209125 144224
26200 211969 146992
26200 209918 144748
26200 207150 141753
26200 211047 146274
26200 206442 141578
26200 209593 144990
26200 208509 143216
26200 209693 145088
26200 205482 140372
26300 206450 141704
26300 203441 137872
26300 207335 141340
26300 206831 141730
26300 204165 138480
26300 207030 141312
26300 203655 137287
26300 195467 132471
26300 200869 134996
26300 207423 141986
26300 203323 137388
26300 208611 143636
26300 201128 135624
26300 202694 135647
26300 206918 141822
26300 199157 133482
26300 202497 135116
26300 203998 139267
26300 205568 140107
26300 211482 144888
26300 208299 142857
26300 206898 141431
26300 210041 145698
26300 200260 134129
26300 207067 142059
26300 206518 141473
26300 205226 140665
26300 211788 146577
26300 210831 145299
26300 206857 141706
26300 204006 139014
26300 209710 144577
26300 209702 144298
26300 210200 145525
26300 212449 147004
26300 198746 136199
26300 212835 145839
26300 212043 146750
26300 206783 141050
26300 207985 143444
26300 202371 137454
26300 209979 145019
26300 211385 145779
26300 207283 141380
26300 211177 146520
26300 206754 142917
26300 202324 136480
26300 210056 145232
26300 211566 145287
26300 209124 144831
26400 211949 146795
26400 208509 141395
26400 205308 138756
26400 210589 145691
26400 201900 136134
26400 215700 150006
26400 208188 141292
26400 212921 148410
26400 211254 145811
26400 211925 146761
26400 210574 145195
26400 212114 146801
26400 210056 143983
26400 207752 141265
26400 208002 142425
26400 212685 147770
26400 207163 141984
26400 212800 146961
26400 212042 145795
26400 208763 143120
26400 206457 140419
26400 206216 140373
26400 211812 146032
26400 215453 149584
26400 210971 145452
26400 209568 145228
26400 208900 142527
26400 208942 143890
26400 212660 147466
26400 212491 146933
26400 211188 145192
26400 210432 145582
26400 209235 143094
26400 212416 147192
26400 207261 142629
26400 212194 146903
26400 209351 144128
26400 205995 139033
26400 203662 138364
26400 206166 139976
26400 204411 137812
26400 212989 146986
26400 203677 139016
26400 214021 148674
26400 209361 144005
26400 204437 138555
26400 210179 143979
26400 211336 145628
26400 207456 141449
26400 204559 139073
26500 211150 145789
26500 202539 135427
26500 209836 144123
26500 208220 141710
26500 211893 146334
26500 210784 144127
26500 203503 138262
26500 206307 140602
26500 213861 148543
26500 205519 138751
26500 205337 139185
26500 203816 139918
26500 206392 140493
26500 212586 147266
26500 211243 145356
26500 209284 144124
26500 210163 143292
26500 209179 143177
26500 212793 146872
26500 202332 135216
26500 204865 139753
26500 213507 148555
26500 209543 144548
26500 212974 146684
26500 201266 134761
26500 214109 148487
26500 201900 135144
26500 207524 141095
26500 209236 144277
26500 212535 146880
26500 208437 143188
26500 211130 144587
26500 213138 147033
26500 208171 141687
26500 205022 138388
26500 208601 142815
26500 206966 141449
26500 205731 137916
26500 211263 146092
26500 200378 137506
26500 209559 143641
26500 206888 139384
26500 208328 142677
26500 209306 144240
26500 206028 140106
26500 203869 138869
26500 208574 143703
26500 209445 144466
26500 204517 139041
26500 209072 143303
26600 206246 139152
26600 210892 145313
26600 211087 144891
26600 212473 146820
26600 200285 133880
26600 209586 142580
26600 208039 142682
26600 208233 142124
26600 210741 145169
26600 212748 147003
26600 203632 137471
26600 204565 138669
26600 208477 141570
26600 210031 143849
26600 213083 147153
26600 208241 141478
26600 214377 149102
26600 210242 144412
26600 209657 143533
26600 210965 145169
26600 207963 142951
26600 211894 146803
26600 211767 145464
26600 210436 145013
26600 204606 139147
26600 210290 144591
26600 212346 146508
26600 203024 137001
26600 209293 142448
26600 211994 146326
26600 212182 145579
26600 211376 144663
26600 214775 148929
26600 212580 146178
26600 204733 137045
26600 211302 145794
26600 215009 148715
26600 212119 145725
26600 211727 145975
26600 207850 140467
26600 206338 139950
26600 212074 146015
26600 209126 143237
26600 208101 140915
26600 205585 138325
26600 214274 148236
26600 216666 149838
26600 202665 135756
26600 211786 146583
26600 207911 142124
26700 216765 150183
26700 204111 136996
26700 212863 147015
26700 210335 143807
26700 209296 142945
26700 215241 149338
26700 207522 144045
26700 204694 140551
26700 209850 143039
26700 212781 146380
26700 210592 143907
26700 207953 140884
26700 213393 147051
26700 213645 147522
26700 213630 147517
26700 209238 141876
26700 214501 148208
26700 215227 149658
26700 209099 141403
26700 210576 144429
26700 215216 148446
26700 214190 148167
26700 206278 138902
26700 212674 146172
26700 211022 144296
26700 213192 146730
26700 216973 150293
26700 207231 140161
26700 209628 142506
26700 213007 146768
26700 213425 148010
26700 207559 140415
26700 210907 144024
26700 212049 145978
26700 207222 140242
26700 210544 144345
26700 216382 150346
26700 208149 141387
26700 215948 149292
26700 207585 141295
26700 215076 149652
26700 215074 149494
26700 207800 140654
26700 210415 142796
26700 209373 142413
26700 211658 145214
26700 211375 145584
26700 216292 150578
26700 210668 144099
26700 214552 149058
26800 217008 150510
26800 207798 140139
26800 215536 148744
26800 215633 148871
26800 205457 137965
26800 213732 146928
26800 211246 145199
26800 204596 138155
26800 207049 141669
26800 215858 149843
26800 212739 145874
26800 206938 139709
26800 207425 139291
26800 207916 142433
26800 211965 145846
26800 214073 148065
26800 205080 138454
26800 211755 146103
26800 208722 142934
26800 211200 144833
26800 206809 139545
26800 212759 145994
26800 213130 146040
26800 207755 140085
26800 211222 143002
26800 216861 150507
26800 209168 141981
26800 215566 148845
26800 205132 139666
26800 203371 135323
26800 207469 140253
26800 210567 143669
26800 212644 145226
26800 212237 145903
26800 210703 144489
26800 207438 141216
26800 209539 142807
26800 204498 136436
26800 211174 144820
26800 211677 145673
26800 211308 145009
26800 206021 140500
26800 216001 149910
26800 216632 150076
26800 208001 140176
26800 203990 137557
26800 214595 148046
26800 209153 143348
26800 207802 139850
26800 203695 137996
26900 215987 149411
26900 214774 147179
26900 215732 148502
26900 216383 149502
26900 211384 144071
26900 211581 143547
26900 214981 147371
26900 217153 149077
26900 212518 144759
26900 214137 146784
26900 213554 146300
26900 212536 144437
26900 213705 146907
26900 209237 142742
26900 207236 140434
26900 209997 141390
26900 210286 141861
26900 212763 145533
26900 212325 146659
26900 216009 149322
26900 208789 141436
26900 214384 148029
26900 219025 151590
26900 214606 147949
26900 213316 145957
26900 209834 142927
26900 218252 151456
26900 214194 147071
26900 214795 148342
26900 208782 141883
26900 215966 149398
26900 208050 140279
26900 216402 148629
26900 212687 146146
26900 215369 148363
26900 212260 144900
26900 218225 151451
26900 213369 145702
26900 214713 148485
26900 211528 144852
26900 207807 139999
26900 207971 139243
26900 219021 151542
26900 216498 149843
26900 205300 136646
26900 209025 142508
26900 218032 151031
26900 218344 151442
26900 211141 143629
26900 217135 150014
27000 211772 144977
27000 209766 141756
27000 217135 148744
27000 214101 146687
27000 213831 146409
27000 213946 146977
27000 217672 150258
27000 209773 142771
27000 212195 145658
27000 210960 142681
27000 210699 144586
27000 210826 142840
27000 210395 142839
27000 216943 149532
27000 215684 149375
27000 216462 149358
27000 210209 142409
27000 215525 147876
27000 217797 150358
27000 213100 146215
27000 208656 141673
27000 215261 147915
27000 219618 152414
27000 207692 140867
27000 213197 146576
27000 211789 145484
27000 215821 149475
27000 213205 145995
27000 214847 148197
27000 212137 145363
27000 208160 140099
27000 215959 148550
27000 209795 141166
27000 209909 141978
27000 214081 147055
27000 210556 144177
27000 207899 142600
27000 204550 137713
27000 214755 147495
27000 212301 146105
27000 218046 151004
27000 216472 149559
27000 214704 148335
27000 213084 146489
27000 209442 142620
27000 210084 142056
27000 216142 148982
27000 209309 143319
27000 208266 140390
27000 217694 150402
27100 213501 146271
27100 217334 150315
27100 209063 140974
27100 211020 144131
27100 215076 147391
27100 217480 149715
27100 214102 146252
27100 208370 141674
27100 215091 147612
27100 213260 144465
27100 216771 149325
27100 211259 144023
27100 206460 139044
27100 218856 151144
27100 203641 136849
27100 216235 149133
27100 213855 145565
27100 211707 144215
27100 213921 146454
27100 215554 148604
27100 209878 142982
27100 216033 148314
27100 217989 150348
27100 218459 150923
27100 213736 145955
27100 216647 149396
27100 212871 145105
27100 214250 147194
27100 217422 150136
27100 212907 144725
27100 212907 146465
27100 209409 141649
27100 213438 146409
27100 209868 141428
27100 219806 151960
27100 214225 147059
27100 212819 145492
27100 207192 140615
27100 213697 144567
27100 218373 151353
27100 214384 147156
27100 211094 144509
27100 216092 148533
27100 208253 142041
27100 212668 145987
27100 215312 147940
27100 219931 152629
27100 210852 144477
27100 218815 151857
27100 209290 141087
27200 221010 153177
27200 215513 147429
27200 211829 144222
27200 217866 149993
27200 212687 144251
27200 209468 143171
27200 212615 144222
27200 207653 138781
27200 212208 145796
27200 216212 148096
27200 215679 148636
27200 215142 147560
27200 211935 144119
27200 210633 144041
27200 217520 149634
27200 215524 148129
27200 216055 148611
27200 217350 149492
27200 216115 148721
27200 219773 151572
27200 212860 146003
27200 217448 149326
27200 209931 142490
27200 208074 140229
27200 217976 151078
27200 220118 152097
27200 217909 150378
27200 218111 150608
27200 219280 151087
27200 210759 142216
27200 214607 147471
27200 215879 149126
27200 204228 138451
27200 221416 154171
27200 212661 145436
27200 214878 147133
27200 217393 149424
27200 211517 142365
27200 212317 145399
27200 211682 143618
27200 221010 153580
27200 211041 142938
27200 220546 152668
27200 210556 141744
27200 218416 150531
27200 215426 147851
27200 216176 149707
27200 223298 155040
27200 208725 140268
27200 217554 150365
27300 215220 148045
27300 210433 140270
27300 209125 140343
27300 219075 151723
27300 214655 147020
27300 218215 150383
27300 209662 139962
27300 210906 142143
27300 210029 140974
27300 214483 144435
27300 218117 150613
27300 212422 143899
27300 212189 144001
27300 216660 148926
27300 217985 149979
27300 219176 151534
27300 211950 143275
27300 221144 152889
27300 212061 143687
27300 217551 149752
27300 217697 150303
27300 218030 150790
27300 210874 142292
27300 210161 142144
27300 210797 143085
27300 212670 145191
27300 216086 149854
27300 214942 148208
27300 216168 148514
27300 218067 150868
27300 214203 146036
27300 206833 140871
27300 200583 135419
27300 219099 151660
27300 217143 149644
27300 213424 145494
27300 214904 147669
27300 212964 144643
27300 210119 142418
27300 214310 146760
27300 215937 148060
27300 209815 142147
27300 219043 150951
27300 212122 144771
27300 219344 150370
27300 216053 147331
27300 214902 146816
27300 218914 151371
27300 217115 149642
27300 217982 149737
27400 220238 152520
27400 221244 154001
27400 212803 142950
27400 214983 146461
27400 220133 151986
27400 218754 149619
27400 215123 146005
27400 219501 150299
27400 216004 147344
27400 216843 149665
27400 213709 145282
27400 216666 148528
27400 220192 152138
27400 217972 149728
27400 220863 152700
27400 215400 146827
27400 218582 150676
27400 219030 151689
27400 219096 151201
27400 221838 153726
27400 212637 146024
27400 215650 148038
27400 222614 154827
27400 220497 152876
27400 216227 148303
27400 218953 149984
27400 216170 147554
27400 219015 150756
27400 213917 144539
27400 214050 146224
27400 217568 149178
27400 216077 145996
27400 219650 151115
27400 211088 143385
27400 211943 142655
27400 221429 153019
27400 222290 154255
27400 216334 148329
27400 214309 144868
27400 219882 152125
27400 220041 152113
27400 211242 141800
27400 215696 147184
27400 212094 144633
27400 212837 143026
27400 212642 144771
27400 220867 151913
27400 218600 151614
27400 213535 145685
27400 215103 146953
27500 214856 146214
27500 211253 142395
27500 211099 141872
27500 218960 150774
27500 216098 147786
27500 208745 139859
27500 216330 147430
27500 216531 147698
27500 213019 143658
27500 216486 148822
27500 219268 151583
27500 219238 150985
27500 213903 144874
27500 216664 148496
27500 218972 151052
27500 218373 150072
27500 218506 150333
27500 218013 149381
27500 213861 145134
27500 212613 144446
27500 219814 152315
27500 221421 153862
27500 219291 150451
27500 219151 151272
27500 214794 145925
27500 219984 151801
27500 218702 150496
27500 217812 149728
27500 214553 146336
27500 211096 143311
27500 220896 152597
27500 218305 150790
27500 219208 150759
27500 215075 147450
27500 215446 146406
27500 221984 153608
27500 214967 146716
27500 214979 146582
27500 218419 149515
27500 217670 149924
27500 211400 141622
27500 217767 149897
27500 211913 144439
27500 210786 140737
27500 213170 144969
27500 213760 144344
27500 218857 151068
27500 216341 148708
27500 214302 145423
27500 213104 143602
27600 214283 145271
27600 217983 149333
27600 215277 145046
27600 210405 141905
27600 218716 150378
27600 222093 153473
27600 223164 153666
27600 215872 146697
27600 216699 147957
27600 210456 141819
27600 214742 145496
27600 217929 149028
27600 218410 149201
27600 213401 144208
27600 214029 145168
27600 212427 142386
27600 216776 147730
27600 213479 144443
27600 221556 152470
27600 220640 153001
27600 217411 149299
27600 214537 145258
27600 221361 152526
27600 216269 147291
27600 216925 148063
27600 216572 149633
27600 212789 144263
27600 223015 154927
27600 217551 148602
27600 212817 144518
27600 216370 147177
27600 217646 150191
27600 210963 142539
27600 220502 151816
27600 221061 152364
27600 220183 151691
27600 220772 151254
27600 218314 150139
27600 216552 146822
27600 218451 150219
27600 215830 147376
27600 219069 150490
27600 216312 147405
27600 210849 142139
27600 222671 153678
27600 213838 145566
27600 211946 142314
27600 217001 148042
27600 217385 148597
27600 216187 147188
27700 222259 153431
27700 216442 147012
27700 225374 156805
27700 221261 151808
27700 224681 155153
27700 217673 148215
27700 217756 148190
27700 220913 152315
27700 217522 149276
27700 218072 149269
27700 213195 143282
27700 223499 155311
27700 223482 154725
27700 216290 146337
27700 222890 154126
27700 212449 142717
27700 217513 149107
27700 221848 153450
27700 221944 153623
27700 221554 152319
27700 220453 151022
27700 214290 145576
27700 217887 149110
27700 213660 143837
27700 216432 147784
27700 221968 153150
27700 218359 149214
27700 213191 144170
27700 211470 141776
27700 220825 150699
27700 221462 152962
27700 218150 148565
27700 217458 147829
27700 215451 148100
27700 208988 142413
27700 220373 151587
27700 219769 151239
27700 221967 153061
27700 221538 153154
27700 221051 152134
27700 211926 141976
27700 218358 150567
27700 215251 144889
27700 213879 145421
27700 211184 141329
27700 216476 146010
27700 214202 144020
27700 217479 148459
27700 216641 147556
27700 221080 152420
27800 222271 152681
27800 220309 151800
27800 222294 153402
27800 219335 150458
27800 213085 145330
27800 215087 144398
27800 220417 151736
27800 215461 144714
27800 217433 148375
27800 222343 153825
27800 217753 149667
27800 216735 146926
27800 219001 150051
27800 219356 150197
27800 219997 150952
27800 221528 151469
27800 217764 148905
27800 215600 146474
27800 218617 148713
27800 216554 148764
27800 213430 144466
27800 218282 150093
27800 225091 155994
27800 214966 145041
27800 215062 145098
27800 217974 147600
27800 221253 153002
27800 216834 147958
27800 222124 153580
27800 225029 156162
27800 217470 148382
27800 217937 150844
27800 220076 150989
27800 220312 150774
27800 221606 152153
27800 223513 153750
27800 225736 156915
27800 218178 148094
27800 222221 152906
27800 218755 148995
27800 217636 148282
27800 216819 148094
27800 224408 154480
27800 212886 143318
27800 217099 148079
27800 223939 154470
27800 221987 153260
27800 225176 155807
27800 209837 143438
27800 213078 142881
27900 217021 146222
27900 221471 151965
27900 221491 152180
27900 222235 153834
27900 225918 157263
27900 222201 152538
27900 214614 144322
27900 224179 155045
27900 222573 153326
27900 223553 153648
27900 225081 155245
27900 223565 154280
27900 225675 155639
27900 215655 145131
27900 222071 153814
27900 225018 155787
27900 220558 150811
27900 221302 151785
27900 221318 150752
27900 225145 155326
27900 219854 150885
27900 219873 151328
27900 219794 151487
27900 223916 153849
27900 225611 156417
27900 223000 154005
27900 220290 150324
27900 217815 149066
27900 222241 153007
27900 222542 153423
27900 222339 153925
27900 219958 151754
27900 221825 153042
27900 218835 148242
27900 224674 154801
27900 215814 145519
27900 218862 149480
27900 221040 151205
27900 223496 154172
27900 222755 153759
27900 221347 152167
27900 219622 148985
27900 219286 150201
27900 223603 154786
27900 219504 151409
27900 222645 153969
27900 217851 148222
27900 223326 154457
27900 224458 155005
27900 219866 151518
28000 217258 147733
28000 222880 153934
28000 217140 147980
28000 215653 147479
28000 215377 144988
28000 221934 152470
28000 222042 151881
28000 224006 155315
28000 215469 147083
28000 220099 150577
28000 220463 150833
28000 220903 152029
28000 222591 152402
28000 206509 139451
28000 214869 146457
28000 221053 151111
28000 226962 157064
28000 221547 152378
28000 220637 150860
28000 220068 150614
28000 214307 145295
28000 214722 148188
28000 218010 148063
28000 225201 155151
28000 223453 152682
28000 219176 149120
28000 216919 147937
28000 221907 152659
28000 220975 151254
28000 223855 154081
28000 221321 151352
28000 221018 150242
28000 220296 150993
28000 225649 155725
28000 221886 152344
28000 227344 157159
28000 215953 146295
28000 221129 151446
28000 221108 151460
28000 220263 150628
28000 222240 152174
28000 220465 151611
28000 218081 147719
28000 217125 147618
28000 223083 153980
28000 217521 148887
28000 211210 141376
28000 222261 151848
28000 212473 142371
28000 221111 151067
28100 223483 154126
28100 219864 150070
28100 222955 152300
28100 226154 156505
28100 225745 156425
28100 216121 146025
28100 214296 145796
28100 224576 154402
28100 217676 149360
28100 225653 155578
28100 224324 153832
28100 223309 153378
28100 224369 153830
28100 222466 152887
28100 224898 154767
28100 216008 145207
28100 226399 156531
28100 221538 151355
28100 223775 153838
28100 220015 150137
28100 225183 154609
28100 223923 154452
28100 219805 148105
28100 223241 152650
28100 224921 155240
28100 222660 152961
28100 225837 156462
28100 224443 154956
28100 222202 151952
28100 220765 151018
28100 221859 152267
28100 223112 153261
28100 219786 150480
28100 217290 146543
28100 224772 154355
28100 216664 146450
28100 214687 144430
28100 219721 150302
28100 219118 149647
28100 218302 148581
28100 223797 153293
28100 221657 152011
28100 221002 151267
28100 221992 150509
28100 219802 149917
28100 221851 152117
28100 214649 143241
28100 221348 150824
28100 217187 146345
28100 221836 151396
28200 228412 158242
28200 219656 150672
28200 219303 149055
28200 224080 154372
28200 220124 149781
28200 223013 153021
28200 225993 155930
28200 217063 145778
28200 225821 156594
28200 230155 160118
28200 224216 153393
28200 221916 151104
28200 224823 155287
28200 221409 151695
28200 223283 153088
28200 219829 149534
28200 219894 149490
28200 222674 152001
28200 225800 155401
28200 218156 148178
28200 226321 155920
28200 221971 151458
28200 225935 156241
28200 228462 158832
28200 219860 148440
28200 222624 151906
28200 225762 156281
28200 220519 149505
28200 222456 151130
28200 225957 156719
28200 229127 158430
28200 218695 150038
28200 227496 157056
28200 226110 154872
28200 222282 152667
28200 217196 147128
28200 226691 156761
28200 228830 158143
28200 223566 153596
28200 222878 152322
28200 223783 153706
28200 228850 158797
28200 224324 153575
28200 218359 147408
28200 219539 148849
28200 220914 148651
28200 218927 148283
28200 224113 153436
28200 226622 157062
28200 228692 158493
28300 221426 151880
28300 227791 156391
28300 219744 150145
28300 226848 156698
28300 227648 156042
28300 221013 153052
28300 226064 154931
28300 215551 144677
28300 226730 157146
28300 225019 154377
28300 229090 158795
28300 220036 148574
28300 226133 155776
28300 220574 149903
28300 219873 148614
28300 223171 152676
28300 219731 149001
28300 215980 145920
28300 213298 145351
28300 218418 147768
28300 224431 154510
28300 227720 157441
28300 225108 154723
28300 226330 155672
28300 215928 144826
28300 227493 157341
28300 219239 148463
28300 221381 151300
28300 226137 156521
28300 227703 157316
28300 225400 154937
28300 225591 155091
28300 222386 150160
28300 230250 159973
28300 216257 145576
28300 221522 151619
28300 231398 160322
28300 225047 155578
28300 222813 152072
28300 218847 149545
28300 229101 158291
28300 224891 154645
28300 221035 150860
28300 217881 148296
28300 224240 154150
28300 226763 156497
28300 222858 152399
28300 229296 158485
28300 220108 148829
28300 221686 151084
28400 227155 156619
28400 228046 157179
28400 224548 154742
28400 221056 149581
28400 229702 157838
28400 226830 155727
28400 223506 152170
28400 226215 155981
28400 223447 153071
28400 232666 161916
28400 223176 151748
28400 227330 156592
28400 223596 151198
28400 223694 152748
28400 228276 158170
28400 228846 159142
28400 227337 155992
28400 227607 156655
28400 232246 161506
28400 224902 154829
28400 223484 153383
28400 220179 148457
28400 230036 159497
28400 223573 152893
28400 229787 159477
28400 227789 157358
28400 232810 160449
28400 223364 152781
28400 230281 159594
28400 227862 158232
28400 229930 158980
28400 224499 153342
28400 229298 158736
28400 227510 157590
28400 225800 154772
28400 220193 149252
28400 227445 156943
28400 228602 157013
28400 225477 154224
28400 230662 159863
28400 227733 157326
28400 227113 157089
28400 225868 155323
28400 229951 158892
28400 230475 159066
28400 229779 159283
28400 225973 154638
28400 227810 157407
28400 226078 155795
28400 228424 159087
28500 224847 153517
28500 224878 152480
28500 232019 160213
28500 224962 153326
28500 222050 149791
28500 216395 145025
28500 227934 156622
28500 225687 155279
28500 223629 152269
28500 228824 157754
28500 227311 157215
28500 222491 150326
28500 224206 153325
28500 221450 150395
28500 224837 154001
28500 220807 150930
28500 218927 147743
28500 228888 158836
28500 228570 157781
28500 225032 154776
28500 224312 153437
28500 223377 150833
28500 222258 151881
28500 219334 147249
28500 225900 154631
28500 224438 151904
28500 224230 152568
28500 224306 153261
28500 221230 148920
28500 224137 153986
28500 225230 154957
28500 224423 154398
28500 226915 155960
28500 219726 149852
28500 226264 155861
28500 227358 156690
28500 223807 152005
28500 227431 157079
28500 220091 149458
28500 228395 157245
28500 224014 153238
28500 227168 156636
28500 229311 158972
28500 224151 153538
28500 219803 149133
28500 229250 158502
28500 226900 156707
28500 224677 153743
28500 226893 155946
28500 221871 150999
28600 223247 153240
28600 227258 157503
28600 221571 150665
28600 225569 154560
28600 222876 151885
28600 226536 154617
28600 229045 157236
28600 227401 155319
28600 223906 153216
28600 230259 158144
28600 226173 155656
28600 232471 160786
28600 230089 158935
28600 230407 159459
28600 220624 149156
28600 230473 159144
28600 222333 150989
28600 222824 151913
28600 228386 158275
28600 229230 158131
28600 226350 156426
28600 225821 154343
28600 228658 156875
28600 228074 156788
28600 224296 152900
28600 228868 158137
28600 221110 148871
28600 229794 158271
28600 224062 152270
28600 228766 157519
28600 224930 153804
28600 225788 153638
28600 224700 152437
28600 225532 152770
28600 227926 155820
28600 227158 155483
28600 224377 152320
28600 227074 156550
28600 222817 151948
28600 229649 157421
28600 223032 151883
28600 230827 159927
28600 231106 159322
28600 227228 156098
28600 222444 151006
28600 229701 159074
28600 223225 151747
28600 219372 147001
28600 225462 154739
28600 224376 152507
28700 225577 153428
28700 230753 159281
28700 230262 159318
28700 226266 155380
28700 225896 153804
28700 229530 158107
28700 226367 153765
28700 227081 155693
28700 223051 151585
28700 222126 150331
28700 230833 159360
28700 224606 152063
28700 228607 157319
28700 230061 159809
28700 223158 151323
28700 225264 154042
28700 233460 163199
28700 221454 149039
28700 220169 147379
28700 224644 154295
28700 231234 159412
28700 226762 155756
28700 226081 154759
28700 225952 154715
28700 222862 151812
28700 224406 152922
28700 233743 161627
28700 228084 157808
28700 223901 153681
28700 222991 151741
28700 226444 154974
28700 221959 150645
28700 228860 156270
28700 230164 158067
28700 226717 155928
28700 223888 151957
28700 230934 159620
28700 227567 154764
28700 228312 156908
28700 223508 151635
28700 222688 151752
28700 225680 154939
28700 232263 161243
28700 232095 160823
28700 229921 158173
28700 233485 161154
28700 231227 159785
28700 229276 158636
28700 224559 153187
28700 227614 156013
28800 230828 159146
28800 230069 159602
28800 232353 161161
28800 218981 148102
28800 229798 158288
28800 220781 149336
28800 224300 153106
28800 226798 154981
28800 223514 150704
28800 232176 160277
28800 222202 149878
28800 226043 154077
28800 226808 155943
28800 232313 160501
28800 229120 156551
28800 224272 153916
28800 228353 157707
28800 224300 152656
28800 229328 157764
28800 223300 151566
28800 222742 150411
28800 228688 157471
28800 227644 154905
28800 227205 155579
28800 226305 155540
28800 224903 153229
28800 224614 152122
28800 224325 153378
28800 228720 157508
28800 221564 148750
28800 229959 158193
28800 227119 154390
28800 224810 152939
28800 224492 153402
28800 221702 149781
28800 224574 153956
28800 228395 157089
28800 228537 156890
28800 225320 152513
28800 228965 156729
28800 226480 154553
28800 223064 151730
28800 224212 151396
28800 223788 152487
28800 230386 160064
28800 226320 154662
28800 222852 149769
28800 221077 148619
28800 229297 157290
28800 229553 157830
28900 222790 150349
28900 232169 159970
28900 234381 162716
28900 217326 147313
28900 228994 155982
28900 229189 157890
28900 228623 157548
28900 232115 160126
28900 225946 154694
28900 234232 162689
28900 227264 155017
28900 232346 160022
28900 228071 157420
28900 224494 151604
28900 226960 155666
28900 229178 156772
28900 232796 161158
28900 233411 161275
28900 228448 156826
28900 232797 161377
28900 232957 160976
28900 228551 157223
28900 231678 160647
28900 232502 161016
28900 229511 158475
28900 229488 156283
28900 235082 163171
28900 228416 157452
28900 229622 157335
28900 224630 150189
28900 232201 160943
28900 225713 153555
28900 228961 157128
28900 225910 154247
28900 226380 154579
28900 228192 155252
28900 224667 153139
28900 230527 157573
28900 227769 155147
28900 229967 157730
28900 235913 163670
28900 227880 155160
28900 227039 153693
28900 228589 155943
28900 230006 158207
28900 230013 157840
28900 232822 161029
28900 232068 160159
28900 226207 153856
28900 231977 160356
29000 223804 150512
29000 230074 158822
29000 234304 161970
29000 231631 159713
29000 229016 156818
29000 224752 150965
29000 230557 158548
29000 231726 159319
29000 233167 161194
29000 231023 158597
29000 223315 149967
29000 233214 161266
29000 226959 155244
29000 229253 157324
29000 229107 157502
29000 225881 154806
29000 227308 155644
29000 228435 156858
29000 233777 161710
29000 227772 156355
29000 222652 148815
29000 233732 161795
29000 219095 148535
29000 227016 153444
29000 228156 155792
29000 227000 154145
29000 230448 158611
29000 236684 164330
29000 227356 155109
29000 229290 157573
29000 229189 157570
29000 229174 157186
29000 230339 157852
29000 227330 154715
29000 226076 153985
29000 224727 152970
29000 229058 157245
29000 224998 150755
29000 225990 152388
29000 222120 149690
29000 231587 159353
29000 228668 155874
29000 225471 153282
29000 226631 154118
29000 233916 161718
29000 223364 150992
29000 223979 151178
29000 224081 150539
29000 229810 157517
29000 223146 151737
29100 228266 154792
29100 233847 160752
29100 235211 162396
29100 234379 162166
29100 226051 151709
29100 230865 158392
29100 225484 153525
29100 234366 161868
29100 230688 158492
29100 225724 152400
29100 231315 159137
29100 228118 155988
29100 224027 153069
29100 232230 159943
29100 233496 161321
29100 223003 150558
29100 235001 162956
29100 231190 158177
29100 230649 157215
29100 222294 150078
29100 232415 160589
29100 227382 154010
29100 233657 161169
29100 228504 157038
29100 226000 152722
29100 229906 157967
29100 224856 152576
29100 225942 151624
29100 235109 162752
29100 226828 154561
29100 231851 158898
29100 229800 157599
29100 226148 153514
29100 229679 156290
29100 227156 154290
29100 228021 155463
29100 226580 153856
29100 226999 153993
29100 225727 153770
29100 227698 153877
29100 223557 151986
29100 232610 160931
29100 230119 156939
29100 232734 160012
29100 229843 156965
29100 227819 154795
29100 233873 161071
29100 223593 148835
29100 230018 159387
29100 230899 158711
29200 230401 157124
29200 235637 162030
29200 228924 155406
29200 226088 156840
29200 222900 151326
29200 232285 159448
29200 228921 156012
29200 230836 157738
29200 231745 158454
29200 227964 154678
29200 227530 153196
29200 235071 161779
29200 231087 158082
29200 233038 160401
29200 225486 150735
29200 232966 159939
29200 234748 161612
29200 230521 157326
29200 233389 160762
29200 234774 161600
29200 229965 157405
29200 225665 152547
29200 234644 162527
29200 234327 162640
29200 229101 158118
29200 228902 153991
29200 225526 152206
29200 234695 162208
29200 228165 155791
29200 231840 159350
29200 231681 159153
29200 225808 151178
29200 237572 164575
29200 234975 162357
29200 231201 158103
29200 237092 165477
29200 235453 162429
29200 228232 155429
29200 228044 155880
29200 237076 164280
29200 230837 158078
29200 224825 152982
29200 237091 164329
29200 230810 158981
29200 230653 156052
29200 231150 158258
29200 231591 158514
29200 231316 157993
29200 236154 163944
29200 226085 152301
29300 227635 153487
29300 229312 155885
29300 234827 162376
29300 234816 160903
29300 235735 163140
29300 233572 160839
29300 228715 157031
29300 233023 160938
29300 232826 160663
29300 228579 154387
29300 232972 160277
29300 234137 161956
29300 236438 163708
29300 232793 160073
29300 233239 160249
29300 230352 156121
29300 227740 153406
29300 232835 159972
29300 234996 161955
29300 230750 157817
29300 233203 159790
29300 228059 156323
29300 232273 159660
29300 227157 154991
29300 235586 162999
29300 228010 155603
29300 235062 162002
29300 226616 152222
29300 230402 157759
29300 234486 161960
29300 227269 153001
29300 232498 159201
29300 233118 159904
29300 231218 158856
29300 233359 161644
29300 229153 157489
29300 234554 162067
29300 228961 155083
29300 236186 162972
29300 234456 161631
29300 234079 160413
29300 233516 160581
29300 235234 162281
29300 229888 156414
29300 230341 157360
29300 232104 159584
29300 222052 149816
29300 231365 158021
29300 234760 161922
29300 234536 161074
29400 232782 159039
29400 235892 163064
29400 234660 160791
29400 237216 164515
29400 238883 165614
29400 233291 159945
29400 230807 157685
29400 231923 157696
29400 231507 157639
29400 234799 160764
29400 233672 160677
29400 236372 162742
29400 234071 161499
29400 237817 164548
29400 222614 150610
29400 232449 159016
29400 227882 153240
29400 239353 166835
29400 227182 153580
29400 219382 150506
29400 233659 160697
29400 229342 155704
29400 235564 162599
29400 229433 155076
29400 233773 159801
29400 235368 161673
29400 234145 160985
29400 236569 163570
29400 228252 156102
29400 229582 154677
29400 232158 159145
29400 234025 160298
29400 230185 157461
29400 229260 154860
29400 232906 158203
29400 230647 157415
29400 231624 158917
29400 228700 153483
29400 236210 162832
29400 235840 162053
29400 239350 166185
29400 232869 159762
29400 229641 156387
29400 239276 165409
29400 233617 158599
29400 232605 158226
29400 235700 162868
29400 231726 158236
29400 234573 161629
29400 232831 160107
29500 229910 156382
29500 233731 159858
29500 235869 162562
29500 227160 153078
29500 232048 159777
29500 230023 155287
29500 231666 158800
29500 236383 162500
29500 229758 156795
29500 230523 156595
29500 229020 157147
29500 230871 156550
29500 231732 158448
29500 236107 163016
29500 231365 157736
29500 232194 157827
29500 230813 156928
29500 237686 164182
29500 231699 158433
29500 232218 159775
29500 231079 158756
29500 232357 158845
29500 237520 163905
29500 228840 156530
29500 231780 156327
29500 232902 158006
29500 227297 154625
29500 238606 164374
29500 235006 161858
29500 233482 159596
29500 229269 154603
29500 227592 151604
29500 228115 154932
29500 227167 152860
29500 235638 162186
29500 234439 161279
29500 232268 158649
29500 225257 150770
29500 237180 164998
29500 228612 153695
29500 233679 159871
29500 237365 163392
29500 237930 164593
29500 233904 159406
29500 236391 162274
29500 230911 157928
29500 229580 155380
29500 229663 156252
29500 229335 156578
29500 238604 165928
29600 235076 162176
29600 236232 162400
29600 230936 157512
29600 236893 162443
29600 226256 151990
29600 239473 164497
29600 236048 162877
29600 238849 164977
29600 234166 160503
29600 236682 162993
29600 233139 157958
29600 225598 150519
29600 228717 155612
29600 233201 158445
29600 228184 153156
29600 238248 164997
29600 225064 151201
29600 231020 157000
29600 232170 156581
29600 232426 158140
29600 236941 163986
29600 234899 162292
29600 231921 156376
29600 228893 154821
29600 236739 163394
29600 240753 167106
29600 228197 153595
29600 236817 162754
29600 233183 159064
29600 227995 153824
29600 236543 163315
29600 232156 157474
29600 238757 165411
29600 236942 163288
29600 229633 156618
29600 232626 159231
29600 234629 160786
29600 232405 159284
29600 232754 158997
29600 236684 162621
29600 239655 165034
29600 233333 160325
29600 235759 162614
29600 233783 160944
29600 227941 153108
29600 230463 157807
29600 236846 163438
29600 232723 157685
29600 224914 150699
29600 227830 153859
29700 240235 166744
29700 238387 163236
29700 235339 161739
29700 227651 153191
29700 234643 161318
29700 230174 154565
29700 229656 155577
29700 238938 165225
29700 235847 161504
29700 240999 167004
29700 235478 160619
29700 239237 165554
29700 237892 164345
29700 236145 162394
29700 237599 163433
29700 240866 166255
29700 239600 165913
29700 233565 159196
29700 234033 161089
29700 239992 165726
29700 235710 162293
29700 235429 159680
29700 242634 168198
29700 239800 165508
29700 234816 161278
29700 236902 162583
29700 234393 161990
29700 234444 159987
29700 234083 158533
29700 234999 161104
29700 237828 162806
29700 238912 164983
29700 235253 161453
29700 241194 167684
29700 233603 160582
29700 237680 163493
29700 231104 156087
29700 233882 160043
29700 239530 165527
29700 235063 161075
29700 232337 156965
29700 233327 160263
29700 237033 162872
29700 235008 161001
29700 230363 155985
29700 230589 157143
29700 236516 162997
29700 239521 165126
29700 237756 164138
29700 228727 155444
29800 231923 157967
29800 231521 155854
29800 235892 161782
29800 236963 163339
29800 237395 163599
29800 236586 163322
29800 238428 163877
29800 237281 162425
29800 232563 158074
29800 236651 161805
29800 227147 152115
29800 234553 159638
29800 233771 157999
29800 238441 164668
29800 234077 159576
29800 238372 164152
29800 232254 157229
29800 235648 160920
29800 236972 163105
29800 234853 161470
29800 235269 161335
29800 229952 153933
29800 237242 162547
29800 235070 162492
29800 237363 163311
29800 233693 159497
29800 235946 161299
29800 230165 156198
29800 233440 159026
29800 238839 164336
29800 235911 160370
29800 239342 165073
29800 231157 155847
29800 232452 157327
29800 231450 157395
29800 228964 154027
29800 230272 156241
29800 234697 159014
29800 241339 167255
29800 229337 157437
29800 240252 166108
29800 229918 155551
29800 236790 162508
29800 228875 155907
29800 236906 162411
29800 235815 163267
29800 235740 161090
29800 235209 159859
29800 236524 162541
29800 236075 161228
29900 242689 167271
29900 236545 162255
29900 242584 168134
29900 237318 162304
29900 234177 160044
29900 232070 155379
29900 235485 160875
29900 237758 162909
29900 234896 160391
29900 237582 164254
29900 233947 158771
29900 242015 167348
29900 242319 167935
29900 217426 148463
29900 244010 168665
29900 242670 168320
29900 239743 164903
29900 235520 159938
29900 239637 165299
29900 236324 161647
29900 232180 157696
29900 243908 169026
29900 233827 159016
29900 234338 160321
29900 232216 156809
29900 235759 161239
29900 241916 166679
29900 234254 160059
29900 229967 154273
29900 242937 168215
29900 227968 152936
29900 240795 166776
29900 238376 164818
29900 235265 159073
29900 235968 161675
29900 234712 158866
29900 231765 156926
29900 236010 161470
29900 232285 156817
29900 232267 158453
29900 238730 163016
29900 239636 165544
29900 236166 161250
29900 241715 166906
29900 239827 165614
29900 249317 173338
29900 239406 164395
29900 236331 162289
29900 239702 164154
29900 241178 166756
30000 240219 164744
30000 238099 162557
30000 238748 163999
30000 233633 159281
30000 241590 167109
30000 231010 157027
30000 238854 164166
30000 232357 158482
30000 232347 156563
30000 238404 163219
30000 238418 164086
30000 230719 154239
30000 232727 158255
30000 238150 163677
30000 242459 167468
30000 240784 166298
30000 233518 158977
30000 224167 154535
30000 241182 166767
30000 240126 165455
30000 240263 165556
30000 239103 164173
30000 238504 164132
30000 232406 156663
30000 240194 165329
30000 230545 154545
30000 236866 161869
30000 241214 166616
30000 230915 156357
30000 236321 159973
30000 230770 155475
30000 233690 158660
30000 235522 159656
30000 239921 165091
30000 235777 160896
30000 240499 166703
30000 239138 164161
30000 231802 157345
30000 235387 160928
30000 235870 161974
30000 227529 154198
30000 230966 155710
30000 231168 155993
30000 234442 160530
30000 234167 159810
30000 239408 163909
30000 237091 162051
30000 234940 160261
30000 235714 161654
30000 232553 157745
30100 230056 157640
30100 237816 163054
30100 232990 156049
30100 230642 158154
30100 237328 162165
30100 241758 167179
30100 235614 160397
30100 238300 163007
30100 232872 157744
30100 228664 153019
30100 237791 163255
30100 227606 153390
30100 242312 165893
30100 235611 160740
30100 227430 152605
30100 241861 167425
30100 241385 166543
30100 233299 159485
30100 230581 156877
30100 239789 165274
30100 229116 153627
30100 243567 168128
30100 238514 164315
30100 243268 168075
30100 239838 165552
30100 237241 161092
30100 240045 165400
30100 239323 164984
30100 239555 163251
30100 238426 163993
30100 242437 167574
30100 235877 161091
30100 239631 163754
30100 235622 160754
30100 242967 167491
30100 240070 165130
30100 234201 159149
30100 229335 153746
30100 236886 161651
30100 238978 163279
30100 238791 164270
30100 239808 164722
30100 239375 164000
30100 239805 165342
30100 241052 165540
30100 235965 160836
30100 233120 157675
30100 242863 168388
30100 237715 163466
30100 240648 164838
30200 235139 159269
30200 232096 155198
30200 237586 163131
30200 233817 157140
30200 237356 162088
30200 235414 160938
30200 234219 158578
30200 238548 164251
30200 242417 165752
30200 243272 168201
30200 244902 170403
30200 238071 163304
30200 240915 165122
30200 245712 170160
30200 234916 157781
30200 242276 167094
30200 238226 162858
30200 238856 163995
30200 237239 162715
30200 243368 168250
30200 235349 161178
30200 241245 166032
30200 241100 166316
30200 240761 165883
30200 242710 167140
30200 240917 165685
30200 235811 160971
30200 234266 159059
30200 233449 158057
30200 239545 164437
30200 240075 164422
30200 233916 158426
30200 240201 164231
30200 242665 167573
30200 239549 164128
30200 243637 168438
30200 242055 166641
30200 237651 160884
30200 242223 167773
30200 235531 158814
30200 238129 162597
30200 239071 163633
30200 241708 166807
30200 243861 168813
30200 235551 160086
30200 238195 161839
30200 242892 168779
30200 240144 165073
30200 238153 163145
30200 242695 168909
30300 237749 162537
30300 243371 167052
30300 235737 158758
30300 238482 163358
30300 243419 168218
30300 243421 166934
30300 239363 164116
30300 237706 161519
30300 240446 164169
30300 240894 166040
30300 239926 165884
30300 238786 162028
30300 240180 164138
30300 240066 164836
30300 240425 164923
30300 235773 160203
30300 234750 158621
30300 238905 164298
30300 236420 161108
30300 242279 166189
30300 242208 166593
30300 239620 164642
30300 235573 159599
30300 242625 167065
30300 243267 166731
30300 240314 166018
30300 232706 156001
30300 239724 164537
30300 240537 165304
30300 243071 167575
30300 239079 164001
30300 243876 168705
30300 240654 165703
30300 236963 160403
30300 239602 164894
30300 247972 171682
30300 241907 166881
30300 236101 158999
30300 229453 156979
30300 232860 158600
30300 239641 163220
30300 235000 158551
30300 233593 156589
30300 241805 166713
30300 236217 161196
30300 234023 158551
30300 241915 166442
30300 242902 168145
30300 239714 163121
30300 235304 158709
30400 234768 158712
30400 243470 167087
30400 244990 168695
30400 246814 171391
30400 239348 162531
30400 244563 168233
30400 244267 169303
30400 241455 166370
30400 241690 165857
30400 243219 168415
30400 243694 168039
30400 239449 162352
30400 240945 164734
30400 240475 164124
30400 232493 157471
30400 238744 163379
30400 245923 170151
30400 236496 159800
30400 242803 166211
30400 247878 172267
30400 245987 169955
30400 237022 162208
30400 244537 168679
30400 239374 163523
30400 247162 171213
30400 238825 162586
30400 237059 159944
30400 246226 170164
30400 246469 170316
30400 241560 166817
30400 243695 168034
30400 247051 171560
30400 241608 165272
30400 242546 166546
30400 241492 165200
30400 247584 171281
30400 247289 171113
30400 245308 170080
30400 245152 169229
30400 243119 168164
30400 236136 159410
30400 247865 171840
30400 243439 167132
30400 231412 159447
30400 243789 167998
30400 243292 165798
30400 236115 159322
30400 244049 168796
30400 237853 162873
30400 238105 160609
30500 241446 165763
30500 239633 164204
30500 247780 172208
30500 245420 169272
30500 233199 158039
30500 237701 161363
30500 241243 164182
30500 234725 157246
30500 241017 165702
30500 236534 160270
30500 239434 163825
30500 238918 162222
30500 244635 168521
30500 237439 160732
30500 237831 162761
30500 238632 162631
30500 244793 168561
30500 241259 166357
30500 243791 168224
30500 238355 161387
30500 242108 166522
30500 239699 162428
30500 244612 169052
30500 238001 162268
30500 235810 158408
30500 234497 160699
30500 238346 162294
30500 242411 166722
30500 242428 165885
30500 241551 165655
30500 239345 162295
30500 246703 170895
30500 242008 166005
30500 245031 169710
30500 230544 153642
30500 245871 170171
30500 240497 164033
30500 239547 164436
30500 235119 159305
30500 236925 160157
30500 243412 166428
30500 246341 168689
30500 245308 169491
30500 240429 164926
30500 241468 164829
30500 243022 167891
30500 243488 166727
30500 234966 159959
30500 237510 159310
30500 237367 161808
30600 237534 161165
30600 240446 163679
30600 248053 172757
30600 248771 172473
30600 242934 166669
30600 235751 159679
30600 247073 170100
30600 241394 164873
30600 246009 169690
30600 241608 165548
30600 240523 164365
30600 245241 169024
30600 248114 172196
30600 243143 167614
30600 238975 162258
30600 239193 161815
30600 239447 163171
30600 244629 168837
30600 236242 160527
30600 239696 162815
30600 247263 169780
30600 247326 170939
30600 236810 159672
30600 244531 168377
30600 244854 168917
30600 239227 162615
30600 246900 170989
30600 248498 171996
30600 244392 168338
30600 244729 167705
30600 246186 169963
30600 242316 166450
30600 245175 168898
30600 238513 161791
30600 244930 169002
30600 241165 163890
30600 244594 167449
30600 242127 165816
30600 246691 169846
30600 235561 158003
30600 245157 169005
30600 246335 170656
30600 242213 164997
30600 246357 170533
30600 241795 166580
30600 238034 161515
30600 244744 168709
30600 242247 164686
30600 240750 165783
30600 245972 169298
30700 242763 166136
30700 246121 168666
30700 240027 163801
30700 239142 161182
30700 247852 171555
30700 237895 161019
30700 248269 171435
30700 245383 168892
30700 241907 165480
30700 241134 164348
30700 252009 174651
30700 247120 170113
30700 247875 171370
30700 247489 171403
30700 246667 169791
30700 237250 161272
30700 245428 169265
30700 237870 162722
30700 238967 162031
30700 245884 170178
30700 242771 165939
30700 239140 163313
30700 245673 169258
30700 247178 170465
30700 239703 164581
30700 241353 164259
30700 240264 163093
30700 244495 168416
30700 247904 170110
30700 241277 163895
30700 243083 166703
30700 245501 168816
30700 249034 172839
30700 247886 172153
30700 245615 169960
30700 247028 170322
30700 241401 164863
30700 238897 161257
30700 247845 170829
30700 246943 170332
30700 244364 166437
30700 251280 174109
30700 248471 171318
30700 238393 162066
30700 248578 171887
30700 238137 162444
30700 237191 159793
30700 241640 165009
30700 240333 164558
30700 246851 170121
30800 243315 165417
30800 243878 167134
30800 235363 160229
30800 247516 171291
30800 244144 167772
30800 243648 166043
30800 246635 170081
30800 244500 168072
30800 238912 161915
30800 249523 173334
30800 246315 168671
30800 240365 164060
30800 246973 170625
30800 239221 162251
30800 242245 166033
30800 242153 165774
30800 241282 164052
30800 242093 163752
30800 242015 164094
30800 245250 169083
30800 243890 166803
30800 240208 162201
30800 248828 172867
30800 246580 170455
30800 241390 163871
30800 246634 170008
30800 247875 172234
30800 234360 156530
30800 245529 169606
30800 245284 168818
30800 240896 164954
30800 241528 164421
30800 249266 172595
30800 252610 174739
30800 240924 165089
30800 247846 171437
30800 245720 168767
30800 246253 169727
30800 239213 162818
30800 245431 168639
30800 246835 169784
30800 247201 170698
30800 242410 165074
30800 246950 171077
30800 243315 166030
30800 245499 169216
30800 238063 161297
30800 242674 166623
30800 245238 168899
30800 241899 165087
30900 242168 165042
30900 245261 168446
30900 245716 169000
30900 242578 165482
30900 240116 161295
30900 242261 164535
30900 250106 172615
30900 244907 167519
30900 242789 166679
30900 239961 162336
30900 237917 161341
30900 248515 171345
30900 250139 173435
30900 236152 158944
30900 245448 168452
30900 249389 172062
30900 241515 164095
30900 243328 166942
30900 244347 166374
30900 252408 174819
30900 236858 158824
30900 246338 169281
30900 245498 167047
30900 248716 171748
30900 241211 162983
30900 243781 165932
30900 238203 158912
30900 245746 168579
30900 238414 162842
30900 250515 174102
30900 240292 163863
30900 250881 173852
30900 237174 158771
30900 242963 165096
30900 248576 172242
30900 247463 170850
30900 242350 165350
30900 246339 170541
30900 249636 171988
30900 242074 164219
30900 247769 170481
30900 247028 171570
30900 246614 168802
30900 250124 172172
30900 248794 171415
30900 248849 171986
30900 246460 169572
30900 250552 173674
30900 249044 172349
30900 243155 166604
31000 240498 161784
31000 238358 161930
31000 247710 170197
31000 242560 166082
31000 250055 173603
31000 246713 168325
31000 244736 168381
31000 246206 169044
31000 245731 168258
31000 241252 161965
31000 248291 171810
31000 250004 172292
31000 240391 162400
31000 242576 165542
31000 243909 165802
31000 243766 166775
31000 235157 161131
31000 251631 174134
31000 249256 171808
31000 246926 169176
31000 247558 169766
31000 248727 170694
31000 243260 164881
31000 247188 169058
31000 249734 172461
31000 244319 167622
31000 240971 164177
31000 247871 171397
31000 245995 168947
31000 243767 165925
31000 243222 166153
31000 249239 172264
31000 245748 168740
31000 244284 165569
31000 239631 161677
31000 242276 164793
31000 247013 170219
31000 249413 171838
31000 246272 169990
31000 250134 172756
31000 251241 173858
31000 245566 167191
31000 249904 172989
31000 244623 167435
31000 249756 172712
31000 239494 161344
31000 245011 167572
31000 239339 162129
31000 246730 168660
31000 237995 160218
31100 240835 164025
31100 247360 169378
31100 241802 164559
31100 241677 164920
31100 247346 169662
31100 243125 164771
31100 248688 171913
31100 251103 173910
31100 241279 164005
31100 250658 172811
31100 241206 163216
31100 249241 170394
31100 235715 158902
31100 244003 167260
31100 244148 167773
31100 237836 159935
31100 249313 172261
31100 242931 166045
31100 242279 163812
31100 241973 162975
31100 241893 164365
31100 240688 162429
31100 243900 167351
31100 236621 158445
31100 246195 168697
31100 246817 169397
31100 248103 170106
31100 245276 167794
31100 243838 165676
31100 245907 168272
31100 244602 165594
31100 242033 164987
31100 240224 161090
31100 249662 172320
31100 250373 173696
31100 245968 168292
31100 249381 171397
31100 242543 163398
31100 234509 160561
31100 246858 169278
31100 245958 168503
31100 247617 170039
31100 243550 165699
31100 247912 170724
31100 245301 167678
31100 246480 168823
31100 250847 173248
31100 252134 174408
31100 238784 160584
31100 246688 169081
31200 244942 167289
31200 249079 171487
31200 251920 173928
31200 245486 168498
31200 253176 176159
31200 248976 171345
31200 252561 174433
31200 247519 169642
31200 250343 173151
31200 249958 172170
31200 243937 166706
31200 256713 178190
31200 240043 164578
31200 251643 173298
31200 244811 165846
31200 247145 169474
31200 241267 162727
31200 244012 167185
31200 252310 174081
31200 244668 165859
31200 242889 164961
31200 246767 169543
31200 241909 164709
31200 245274 168254
31200 249887 171918
31200 251506 173986
31200 250029 172751
31200 252090 174547
31200 242079 165025
31200 251819 173521
31200 246923 169085
31200 248631 170794
31200 245827 167793
31200 253455 175761
31200 245158 167563
31200 249227 170978
31200 247142 169081
31200 249328 171217
31200 243800 165434
31200 243056 163115
31200 247402 168762
31200 249430 171696
31200 241753 164251
31200 249530 171598
31200 238993 162015
31200 250923 172876
31200 241132 162020
31200 240467 161303
31200 246832 168422
31200 247826 168896
31300 238101 160168
31300 250156 171935
31300 243215 165339
31300 241160 163393
31300 252482 173240
31300 244776 167442
31300 247565 169029
31300 249427 170974
31300 249683 172940
31300 243429 164411
31300 254296 176444
31300 246195 167436
31300 251753 174040
31300 245951 166600
31300 255019 175826
31300 250015 172634
31300 249760 171832
31300 243198 164001
31300 241294 163299
31300 246163 167536
31300 249536 171327
31300 245748 167795
31300 249358 171412
31300 251710 174470
31300 245297 167820
31300 243700 163159
31300 247899 168088
31300 245174 167401
31300 253352 175143
31300 247361 168748
31300 248744 170847
31300 251785 173888
31300 241770 162569
31300 238688 158999
31300 253597 175559
31300 240277 163417
31300 252927 174273
31300 247590 168969
31300 255781 177002
31300 254512 176412
31300 248746 170567
31300 248950 170795
31300 252356 174261
31300 248687 170445
31300 243415 164652
31300 244137 167127
31300 252268 175632
31300 249659 172282
31300 243110 163713
31300 251069 173767
31400 248368 170050
31400 254838 176550
31400 250761 172182
31400 246340 167940
31400 248256 169353
31400 244715 166296
31400 249707 170161
31400 252858 175230
31400 252573 174646
31400 250023 170787
31400 244810 165317
31400 252207 174016
31400 249750 170387
31400 250670 171854
31400 255041 176164
31400 250145 171081
31400 248583 170187
31400 246117 168266
31400 248877 171340
31400 247420 169095
31400 256159 177256
31400 244033 164993
31400 252178 173145
31400 243838 166066
31400 253645 175414
31400 250878 173076
31400 258935 180177
31400 254332 175937
31400 253232 175214
31400 246546 166755
31400 250470 172707
31400 246101 167872
31400 245694 167775
31400 255334 177398
31400 242130 164125
31400 245478 168459
31400 250994 172466
31400 248893 171807
31400 247240 169201
31400 250630 172772
31400 248470 170933
31400 252358 172847
31400 252758 174527
31400 250969 173059
31400 255356 177084
31400 245338 164408
31400 248147 169269
31400 244358 167409
31400 244581 165118
31400 251279 172879
31500 244441 165932
31500 247134 168498
31500 245316 166832
31500 248785 170354
31500 241854 161886
31500 252114 173627
31500 244823 164783
31500 252225 173749
31500 251131 171400
31500 245442 167217
31500 247033 167826
31500 252376 173286
31500 248863 170264
31500 251124 172640
31500 247985 169982
31500 251962 173537
31500 252218 174089
31500 245442 166249
31500 252661 174661
31500 241727 162811
31500 246474 167106
31500 253071 174135
31500 247566 168125
31500 248632 170642
31500 253890 175028
31500 244877 167180
31500 246765 169215
31500 247978 169749
31500 252987 174786
31500 239506 160317
31500 244696 166117
31500 258095 179067
31500 247125 167840
31500 243132 164795
31500 252859 173958
31500 247818 167327
31500 249696 170445
31500 247275 166876
31500 249898 170777
31500 253047 174048
31500 247372 167438
31500 250064 171386
31500 251066 172562
31500 247654 168381
31500 241209 161984
31500 254634 176482
31500 245266 166895
31500 249543 171165
31500 251244 173431
31500 252412 172581
31600 243256 162455
31600 250012 171384
31600 252943 174497
31600 244433 165843
31600 252398 172923
31600 247742 169294
31600 249062 168884
31600 255668 176293
31600 252047 173171
31600 253472 173484
31600 255095 176822
31600 252718 173128
31600 252517 173541
31600 247504 169289
31600 251551 172894
31600 250655 171650
31600 248126 169378
31600 249562 169666
31600 243434 165675
31600 251677 173711
31600 247052 167735
31600 241776 164191
31600 244806 165203
31600 247115 167840
31600 250571 171130
31600 243838 163677
31600 248784 169817
31600 255159 176085
31600 248382 168974
31600 250850 170938
31600 243703 165824
31600 248371 168814
31600 253938 174960
31600 245405 166060
31600 251040 172062
31600 244611 166563
31600 244240 165569
31600 245501 167438
31600 251519 172254
31600 255661 177287
31600 246782 166859
31600 249879 171720
31600 241839 163390
31600 242499 162657
31600 239435 160615
31600 245759 165646
31600 243358 163418
31600 254488 175808
31600 250884 172868
31600 248381 169832
31700 245748 166650
31700 246930 168449
31700 250133 170444
31700 253557 173499
31700 250205 170103
31700 253919 174509
31700 248083 168332
31700 241344 161950
31700 255202 176047
31700 249523 170795
31700 255812 177417
31700 248537 170176
31700 244805 165743
31700 252765 174239
31700 255252 176308
31700 254931 176645
31700 244996 164776
31700 254690 175669
31700 254506 175577
31700 245613 165633
31700 246234 166753
31700 244586 167133
31700 255494 175255
31700 240129 161999
31700 245676 166241
31700 247125 167379
31700 258145 179384
31700 251086 172142
31700 244751 166850
31700 256036 177592
31700 252323 172953
31700 248918 169927
31700 246267 167192
31700 251606 171345
31700 251820 172595
31700 246175 165810
31700 244517 164872
31700 254152 175059
31700 252547 173202
31700 252230 171380
31700 249345 168999
31700 254849 176101
31700 252640 173631
31700 250421 171853
31700 256671 178092
31700 248947 167242
31700 253717 174935
31700 254981 176199
31700 251286 172134
31700 256147 176305
31800 249924 170735
31800 247370 167471
31800 252809 173023
31800 246546 166138
31800 249848 171467
31800 254518 173786
31800 257708 178132
31800 256812 178216
31800 240949 160308
31800 249230 169467
31800 248039 170473
31800 250723 169428
31800 253527 174019
31800 254944 176140
31800 250649 172158
31800 247887 169118
31800 252922 174239
31800 254942 176212
31800 256429 176714
31800 255110 175619
31800 246095 168797
31800 254405 175312
31800 246619 167046
31800 255674 177337
31800 244714 163451
31800 259125 179880
31800 250035 170120
31800 252576 173295
31800 251787 171465
31800 246093 167187
31800 247547 168895
31800 249357 169772
31800 254181 175099
31800 252781 172882
31800 248784 169021
31800 247261 168261
31800 251879 173495
31800 243388 162965
31800 255980 176118
31800 256892 177874
31800 245973 165295
31800 252411 172355
31800 252232 173724
31800 250109 170018
31800 254340 175484
31800 249947 170727
31800 249647 169763
31800 246251 165777
31800 256497 176688
31800 244713 165357
31900 256254 177645
31900 259137 178664
31900 249431 170318
31900 258574 178875
31900 253608 173483
31900 256686 177206
31900 253844 173972
31900 260489 180590
31900 253476 174272
31900 258178 177442
31900 247171 166075
31900 253821 174274
31900 253412 172586
31900 255223 175915
31900 254757 175600
31900 260543 181077
31900 256473 176905
31900 251384 171342
31900 254570 175312
31900 257726 178093
31900 255640 176009
31900 253510 174116
31900 250152 170754
31900 257255 177665
31900 254063 175488
31900 257119 177270
31900 253489 174934
31900 253431 174608
31900 255943 176879
31900 251387 171352
31900 250631 170469
31900 255194 175936
31900 252798 172976
31900 260416 180369
31900 253732 173986
31900 257442 177118
31900 254374 173734
31900 247520 168020
31900 258936 179736
31900 258041 179057
31900 255426 176780
31900 251573 171325
31900 256143 175831
31900 246805 168857
31900 257880 177804
31900 251128 172516
31900 248871 167776
31900 258463 178817
31900 262191 181781
31900 258004 177559
32000 247182 167626
32000 247584 167095
32000 255667 176351
32000 248066 168252
32000 247910 168800
32000 259950 180307
32000 253761 174578
32000 254456 174217
32000 248341 169939
32000 257443 177988
32000 250098 168486
32000 249237 168500
32000 257611 178526
32000 251103 171430
32000 257103 176949
32000 252173 172985
32000 253061 173297
32000 259483 179437
32000 248655 169733
32000 256139 176056
32000 253907 174909
32000 259512 179199
32000 257514 177198
32000 258238 178271
32000 255187 176110
32000 252038 171041
32000 251273 169161
32000 252641 171262
32000 257429 177878
32000 250973 171989
32000 252730 173180
32000 247444 167422
32000 255979 176202
32000 249264 169204
32000 254427 175319
32000 251838 172702
32000 252959 173587
32000 248993 169704
32000 254397 174791
32000 248183 167768
32000 249289 167631
32000 250061 169364
32000 255408 175949
32000 255312 175316
32000 259348 179094
32000 248632 167095
32000 254986 175795
32000 257760 178075
32000 251065 170566
32000 257945 177995
32100 251391 170134
32100 251279 170498
32100 257857 177851
32100 250990 171425
32100 259400 179188
32100 256216 176499
32100 256094 175955
32100 256843 177295
32100 255404 175911
32100 257240 175995
32100 255353 175379
32100 255229 174613
32100 255008 175394
32100 256657 176924
32100 249835 170953
32100 249559 168451
32100 257444 177756
32100 250781 169183
32100 250148 170104
32100 258477 178238
32100 252114 172999
32100 253364 172984
32100 256912 176775
32100 253175 172522
32100 247822 166156
32100 249755 169335
32100 256194 176749
32100 252046 171478
32100 259044 179375
32100 253567 172988
32100 253220 173763
32100 252670 173268
32100 253309 172649
32100 252323 171355
32100 255412 175741
32100 260438 180002
32100 254820 173792
32100 250140 169489
32100 258301 178550
32100 258602 178640
32100 259386 178916
32100 259536 178965
32100 253564 173321
32100 260855 180893
32100 258420 179164
32100 255216 175219
32100 260880 181000
32100 254208 174655
32100 255876 174198
32100 252355 172207
32200 263323 183327
32200 253028 172686
32200 247159 165661
32200 259828 179965
32200 256761 175865
32200 260815 180773
32200 257254 177294
32200 252353 171557
32200 253341 173573
32200 260175 179878
32200 258192 177585
32200 253891 172922
32200 256454 174609
32200 257188 177373
32200 249287 166816
32200 257362 177916
32200 248724 170253
32200 257044 176481
32200 260352 179973
32200 258978 177841
32200 246162 164291
32200 256259 176656
32200 259707 179257
32200 251718 169808
32200 257498 177753
32200 258214 177354
32200 252181 172375
32200 244260 166651
32200 247688 164934
32200 253565 173284
32200 251090 169491
32200 256127 174764
32200 262444 182074
32200 259699 178949
32200 247143 167290
32200 256180 174885
32200 260918 181225
32200 254367 173852
32200 252177 173374
32200 263968 183055
32200 260396 179135
32200 257915 177446
32200 247814 167937
32200 256471 176433
32200 260026 179246
32200 249198 169443
32200 257282 176988
32200 257907 178000
32200 253056 173317
32200 261321 180812
32300 257695 177470
32300 257263 177285
32300 261160 179656
32300 247407 165836
32300 256492 176071
32300 250495 169044
32300 254114 172729
32300 249623 170161
32300 257903 177883
32300 253708 171643
32300 247035 165305
32300 257792 176378
32300 254942 173199
32300 252711 172107
32300 263039 182880
32300 252502 170014
32300 251823 169835
32300 249261 168418
32300 257508 177795
32300 258845 177701
32300 259370 178956
32300 256845 177193
32300 256609 176165
32300 260781 180584
32300 260622 180605
32300 252505 171368
32300 252368 172995
32300 251369 173053
32300 250339 168944
32300 259289 178217
32300 261908 180429
32300 246434 167125
32300 258631 177252
32300 257641 178018
32300 255719 173449
32300 258734 178308
32300 250707 168092
32300 248250 168471
32300 253272 171890
32300 256989 175317
32300 256947 176319
32300 259515 178003
32300 257928 177725
32300 258740 178724
32300 259472 179128
32300 259019 177069
32300 256831 176628
32300 255270 174874
32300 254847 173994
32300 259157 178490
32400 253104 171974
32400 253435 175382
32400 249913 169340
32400 254960 175121
32400 253442 170536
32400 255924 175509
32400 259054 178294
32400 253514 174845
32400 266163 184518
32400 254277 173461
32400 253631 174078
32400 258118 177375
32400 264133 183425
32400 255191 174621
32400 259433 178459
32400 263440 183500
32400 258912 178061
32400 256634 175294
32400 261843 181251
32400 259722 178630
32400 255198 174751
32400 257230 175228
32400 264643 183358
32400 260573 179214
32400 262341 181250
32400 251281 172920
32400 262007 180879
32400 250618 171029
32400 262496 181501
32400 263181 181810
32400 263921 183955
32400 254271 173277
32400 256167 174348
32400 259746 178534
32400 255163 174638
32400 257554 176699
32400 259973 177113
32400 252171 169531
32400 262709 181128
32400 258118 178412
32400 252378 170599
32400 250033 167897
32400 251914 170343
32400 262194 181479
32400 257979 178067
32400 261832 180975
32400 261893 180164
32400 264210 181913
32400 255368 173194
32400 252195 169588
32500 263821 182189
32500 250937 170366
32500 260758 180318
32500 260167 179070
32500 253252 173272
32500 258255 178082
32500 256476 174859
32500 257193 176716
32500 246068 166030
32500 253351 170571
32500 262109 179991
32500 259699 178761
32500 254057 173421
32500 254151 174786
32500 261812 179971
32500 256748 175070
32500 251967 171167
32500 257580 176917
32500 255153 172999
32500 259573 178883
32500 257204 175850
32500 256606 174629
32500 256020 174797
32500 255117 172780
32500 262472 181345
32500 253163 169939
32500 251710 170858
32500 256636 177098
32500 247756 165989
32500 257638 177262
32500 246602 169497
32500 257948 177368
32500 255643 175051
32500 260388 179029
32500 255639 172474
32500 257457 176752
32500 262273 180877
32500 261646 179348
32500 259574 179252
32500 258053 177006
32500 263535 182622
32500 254606 173226
32500 261350 179402
32500 253606 171056
32500 256052 173661
32500 254189 172720
32500 258650 176991
32500 248711 167420
32500 247584 165420
32500 249870 168178
32600 251363 170525
32600 262397 180823
32600 257439 176902
32600 258121 175855
32600 261372 180704
32600 258560 177560
32600 255536 173684
32600 251896 171005
32600 261920 180570
32600 250365 171005
32600 255404 174368
32600 259827 177526
32600 259824 179109
32600 257424 174969
32600 264421 182357
32600 263502 181382
32600 254023 174034
32600 263066 181261
32600 257511 175356
32600 254711 173792
32600 261085 179956
32600 257106 175067
32600 252370 169415
32600 256651 174987
32600 257888 177518
32600 258902 179297
32600 252454 169458
32600 264386 183358
32600 250871 168307
32600 258149 176580
32600 256625 176127
32600 251702 169227
32600 263178 181768
32600 261917 181369
32600 255330 173938
32600 255358 173053
32600 259207 178469
32600 259721 178289
32600 258312 177678
32600 254338 172831
32600 257965 176773
32600 255643 173326
32600 263599 182539
32600 256997 176441
32600 261274 179731
32600 252673 168539
32600 256544 175390
32600 258072 177601
32600 261252 179467
32600 260433 179529
32700 264019 182608
32700 266102 184198
32700 254609 170831
32700 257276 175976
32700 261640 180262
32700 260408 179358
32700 266824 184880
32700 256797 173550
32700 258189 176354
32700 262618 181045
32700 263970 182506
32700 262094 181426
32700 251688 169605
32700 260540 179305
32700 264556 182950
32700 262155 180457
32700 253476 171580
32700 260523 176754
32700 261444 179206
32700 258309 176831
32700 259429 178297
32700 265657 184574
32700 260507 179641
32700 262300 181228
32700 257477 174773
32700 261596 180533
32700 262522 181105
32700 263155 180198
32700 256390 173334
32700 259283 176642
32700 264911 183802
32700 252083 169728
32700 257015 174307
32700 263546 181652
32700 266074 184523
32700 256060 174718
32700 263801 181407
32700 257930 177207
32700 266058 184897
32700 255562 172678
32700 258912 177756
32700 265909 183509
32700 251415 169171
32700 265667 183883
32700 260959 179831
32700 251608 169758
32700 261441 180812
32700 267797 185544
32700 258016 176335
32700 262920 181608
32800 262603 180208
32800 264260 181951
32800 261498 179329
32800 265263 183947
32800 251989 171644
32800 252433 168701
32800 259977 178336
32800 254263 171736
32800 256541 172755
32800 260768 179109
32800 265892 183813
32800 259916 178776
32800 264081 182146
32800 260366 177301
32800 258261 176590
32800 267346 184791
32800 253405 171628
32800 261633 179035
32800 261591 179637
32800 259694 177637
32800 262245 180419
32800 263693 182621
32800 266379 184722
32800 262158 180614
32800 262578 180074
32800 260684 178862
32800 258414 176420
32800 258563 177099
32800 254084 173471
32800 264964 183425
32800 261190 179118
32800 258742 178683
32800 253390 169020
32800 263615 181362
32800 260810 178199
32800 256233 175254
32800 252834 170229
32800 260419 178611
32800 263339 181912
32800 261624 178518
32800 259550 176786
32800 251433 169454
32800 250724 167623
32800 262103 180712
32800 257228 175116
32800 262750 181767
32800 260142 178643
32800 256957 175482
32800 257599 176824
32800 261725 179659
32900 253745 170279
32900 265946 184240
32900 262519 180464
32900 260436 178261
32900 262996 179722
32900 263830 181302
32900 268880 186950
32900 266419 184057
32900 261861 180006
32900 254149 172836
32900 259861 178222
32900 262463 181086
32900 268814 186257
32900 263927 182714
32900 262341 180809
32900 257056 173672
32900 255348 173498
32900 261330 178915
32900 259903 176525
32900 264587 183089
32900 263290 179122
32900 264704 181038
32900 263656 180093
32900 258439 175907
32900 257932 174397
32900 257343 174646
32900 258025 175521
32900 259336 176465
32900 264255 182755
32900 265228 183142
32900 263597 180589
32900 262558 180090
32900 258518 175682
32900 261480 179243
32900 260626 178752
32900 264543 181876
32900 264784 181934
32900 260797 178650
32900 265267 182273
32900 257354 173555
32900 266044 183771
32900 257917 175491
32900 265086 182461
32900 262628 180497
32900 260112 177002
32900 254777 173868
32900 253035 171893
32900 254548 171145
32900 265522 182767
32900 264902 182121
33000 265677 183191
33000 261952 180789
33000 265742 184122
33000 261854 180593
33000 264153 181579
33000 257836 174399
33000 256821 174904
33000 256832 174178
33000 253856 171355
33000 257626 174714
33000 262715 181113
33000 262206 179483
33000 263320 180467
33000 260324 178679
33000 260732 178887
33000 263922 181190
33000 265182 181544
33000 257677 175005
33000 267699 184633
33000 256079 171796
33000 262513 180138
33000 261552 178446
33000 258415 175508
33000 263199 181394
33000 253983 170556
33000 263475 180750
33000 261079 179192
33000 259995 178182
33000 255214 172439
33000 266883 184053
33000 263845 181673
33000 258907 176974
33000 254470 171756
33000 261855 178476
33000 261802 178979
33000 264304 181873
33000 256511 172747
33000 257302 173975
33000 263665 180465
33000 266163 183791
33000 258478 175501
33000 254471 173712
33000 254788 170548
33000 262537 179695
33000 258533 174881
33000 259634 177880
33000 261211 179026
33000 255934 175256
33000 262835 179701
33000 253099 172695
33100 259826 177702
33100 262166 179054
33100 261609 179008
33100 266309 183747
33100 264701 181618
33100 264040 182405
33100 269346 187053
33100 259632 176795
33100 260072 176804
33100 262383 179930
33100 259795 174792
33100 259028 176095
33100 264266 182027
33100 259076 177845
33100 253665 169642
33100 263153 181427
33100 266471 184607
33100 259331 176638
33100 249275 170662
33100 256616 174032
33100 256063 174344
33100 264131 180332
33100 263105 180410
33100 263129 180551
33100 266154 183873
33100 263427 180603
33100 259965 178059
33100 268841 186246
33100 254801 172919
33100 258835 176930
33100 265802 183290
33100 264536 180760
33100 259635 177384
33100 265133 182125
33100 260047 177778
33100 257962 174238
33100 258881 174506
33100 257053 173469
33100 265743 182573
33100 253417 170149
33100 256745 171990
33100 260707 179077
33100 254617 171079
33100 261740 179296
33100 261396 177582
33100 261619 178554
33100 254437 169842
33100 266593 183677
33100 260237 176523
33100 259491 177237
33200 257457 174059
33200 268139 185106
33200 264405 180409
33200 266118 182323
33200 263343 181281
33200 264119 181458
33200 265802 182520
33200 265610 181801
33200 264352 182324
33200 263616 180698
33200 264240 179920
33200 262196 178270
33200 261525 179139
33200 257386 173305
33200 259740 176545
33200 266274 183279
33200 266423 182208
33200 269654 187320
33200 260863 176879
33200 266710 183464
33200 254854 174984
33200 269122 186117
33200 254338 170460
33200 260931 176736
33200 263284 180924
33200 263081 180126
33200 259064 176844
33200 262648 179490
33200 262362 179920
33200 265681 181841
33200 265062 182559
33200 262444 178806
33200 262613 178934
33200 265676 181821
33200 268946 186118
33200 265670 182678
33200 266288 183196
33200 256831 173919
33200 264403 180521
33200 258497 174652
33200 255335 171952
33200 268095 185957
33200 257870 172727
33200 258561 173338
33200 258951 175869
33200 265122 182344
33200 267606 184503
33200 264837 182510
33200 261949 177508
33200 264919 181967
33300 260028 176092
33300 261481 176800
33300 259507 175181
33300 270276 187294
33300 270388 187090
33300 264749 181393
33300 253505 171607
33300 259165 176796
33300 262189 177345
33300 261161 176462
33300 255859 172734
33300 265445 183303
33300 266845 183442
33300 271522 188443
33300 258314 175854
33300 267521 185365
33300 265494 181861
33300 264313 180391
33300 263278 180629
33300 267105 184417
33300 268745 185762
33300 268245 185815
33300 268412 185405
33300 266767 183440
33300 258572 175627
33300 255058 171065
33300 270972 187653
33300 268305 184755
33300 258625 176126
33300 264169 180710
33300 266481 184218
33300 270254 187186
33300 254447 172561
33300 261543 177229
33300 261454 177196
33300 261363 177205
33300 265273 183056
33300 266535 183163
33300 263330 180934
33300 264034 181328
33300 259385 174357
33300 257275 174872
33300 266039 181968
33300 258518 176216
33300 270814 187375
33300 261611 178491
33300 265095 181739
33300 267195 184930
33300 262561 180046
33300 255175 170457
33400 258905 176508
33400 271289 187524
33400 270702 187593
33400 266281 183150
33400 264261 179167
33400 265226 179833
33400 260822 177360
33400 258866 176341
33400 259023 177103
33400 268167 184459
33400 266823 182464
33400 256917 175731
33400 263764 178884
33400 263437 180976
33400 262565 180236
33400 273569 190280
33400 267443 183452
33400 268217 185134
33400 268966 185745
33400 269025 185495
33400 267642 184600
33400 267309 183143
33400 272445 188398
33400 269624 187141
33400 269606 186517
33400 266235 182619
33400 264915 182037
33400 260482 176645
33400 264611 182170
33400 262148 176639
33400 260175 176978
33400 262503 177376
33400 271326 188050
33400 265171 181496
33400 265273 181096
33400 258546 173646
33400 273998 190696
33400 274292 191021
33400 262986 179361
33400 262105 179133
33400 258593 177084
33400 270861 187309
33400 271605 188203
33400 261820 178652
33400 264796 182474
33400 271600 187959
33400 266223 182997
33400 271786 188312
33400 260343 176014
33400 262267 178644
33500 264798 180911
33500 270201 186110
33500 264821 180756
33500 264556 179208
33500 263824 179483
33500 268748 185276
33500 270934 187130
33500 260921 178619
33500 269854 186374
33500 262010 177039
33500 271839 187870
33500 263226 178681
33500 257431 174596
33500 257751 172799
33500 265503 181717
33500 265257 181914
33500 266073 182764
33500 264902 179754
33500 265681 181785
33500 258998 173561
33500 262173 177561
33500 254166 170038
33500 263972 180168
33500 267011 182954
33500 268935 185291
33500 271136 186786
33500 259273 176458
33500 265426 181546
33500 265950 182369
33500 267902 183388
33500 263906 179248
33500 269268 185779
33500 265819 181087
33500 258789 175334
33500 263198 178635
33500 270962 186802
33500 263467 179788
33500 263685 180513
33500 259095 174168
33500 260348 174052
33500 267534 182963
33500 252676 170076
33500 269541 185651
33500 265775 180688
33500 270658 187791
33500 266418 183175
33500 262916 180100
33500 267614 184401
33500 261247 178256
33500 267820 183726
33600 270255 186306
33600 270196 186000
33600 264445 181119
33600 267160 182517
33600 262355 178658
33600 270035 186237
33600 262276 177287
33600 267044 183916
33600 264242 179748
33600 269306 185985
33600 263855 179200
33600 262167 178893
33600 260917 175829
33600 265096 181096
33600 255451 172652
33600 264022 180029
33600 264599 181395
33600 265902 181970
33600 266336 181929
33600 262613 176618
33600 263101 178393
33600 270020 185804
33600 262849 179823
33600 269117 185184
33600 262865 178958
33600 263677 180273
33600 271978 187526
33600 270662 186991
33600 269726 186228
33600 265343 181251
33600 260302 177311
33600 264714 180064
33600 257433 171777
33600 271992 187928
33600 269023 184836
33600 272917 188884
33600 257210 174033
33600 261973 177081
33600 259219 174613
33600 260521 175146
33600 265987 181493
33600 268277 184004
33600 253892 168864
33600 271680 188433
33600 266225 182513
33600 267466 183606
33600 262925 177810
33600 264078 179986
33600 272437 188781
33600 270168 186126
33700 268649 185367
33700 268055 182651
33700 264906 179811
33700 271537 187728
33700 273209 189790
33700 267204 182635
33700 267874 183972
33700 269946 185176
33700 271660 186420
33700 260223 175078
33700 264611 181243
33700 268722 184695
33700 264405 177475
33700 270186 185877
33700 259163 174119
33700 271000 187416
33700 269840 185910
33700 270890 187248
33700 269794 185912
33700 264537 180252
33700 266131 180825
33700 266660 181631
33700 270459 185325
33700 270097 184797
33700 268758 184114
33700 264020 179923
33700 262314 177081
33700 269045 184834
33700 265223 179675
33700 269219 185000
33700 268567 183485
33700 263086 176810
33700 266892 183093
33700 264109 179612
33700 269300 184606
33700 268027 184317
33700 266672 180694
33700 275873 190850
33700 264624 178614
33700 270207 186326
33700 272813 188502
33700 265628 180263
33700 273856 188925
33700 271579 188510
33700 266459 182592
33700 268423 184730
33700 270096 185621
33700 269778 185671
33700 269602 185128
33700 265698 182422
33800 264127 179573
33800 269531 185294
33800 267806 183704
33800 270231 186214
33800 264023 181307
33800 262649 177892
33800 260605 174957
33800 260719 176675
33800 270218 185225
33800 267555 183455
33800 265570 181755
33800 265725 179847
33800 269006 183352
33800 267291 183632
33800 273156 189105
33800 255821 171447
33800 272225 188262
33800 258689 173738
33800 273232 189300
33800 268893 184517
33800 262201 177111
33800 269016 184587
33800 263878 180121
33800 271044 187134
33800 272539 188287
33800 272605 188946
33800 275262 190807
33800 271508 187308
33800 260825 175238
33800 271466 187733
33800 273760 188881
33800 268318 183900
33800 264499 180824
33800 262630 181085
33800 266721 183194
33800 272034 187357
33800 267774 182624
33800 273690 189243
33800 262523 176915
33800 269777 186316
33800 271198 187608
33800 255161 169857
33800 268367 184110
33800 265170 180197
33800 268529 184271
33800 271450 186501
33800 268386 184525
33800 267891 183936
33800 271408 186855
33800 266792 183689
33900 271551 185576
33900 276371 191159
33900 272758 186722
33900 266016 181091
33900 273988 188663
33900 267733 182367
33900 275864 191063
33900 265904 180065
33900 274425 189639
33900 271380 186519
33900 269196 183811
33900 262504 175390
33900 276590 191551
33900 269526 184193
33900 268604 183029
33900 267743 183869
33900 268420 183376
33900 268891 184384
33900 273353 189788
33900 267341 182458
33900 264611 179978
33900 261802 176271
33900 265523 178795
33900 269303 185487
33900 274059 189154
33900 269151 185218
33900 274996 189506
33900 273463 188043
33900 274630 190959
33900 273051 188697
33900 266549 180132
33900 279298 192799
33900 272847 188189
33900 269445 184908
33900 270523 186066
33900 266694 182112
33900 274275 189892
33900 276698 191724
33900 273136 188837
33900 267695 181942
33900 272942 188656
33900 262747 177498
33900 270667 186491
33900 272606 186905
33900 262440 175839
33900 266543 182263
33900 265218 179131
33900 272239 187043
33900 275932 190553
33900 264303 177491
34000 262235 177970
34000 265563 180179
34000 270155 184531
34000 272912 186555
34000 273215 188100
34000 264964 179368
34000 270254 185686
34000 270521 185047
34000 265757 179817
34000 273095 189064
34000 267305 182404
34000 268910 183548
34000 268163 182277
34000 272497 186947
34000 269991 185061
34000 258852 173955
34000 267621 182012
34000 266209 180786
34000 274668 189569
34000 266404 180299
34000 271221 186737
34000 266214 180750
34000 270715 184541
34000 273019 188040
34000 266560 179473
34000 260429 175368
34000 258302 173138
34000 263223 177382
34000 277655 192562
34000 269477 184246
34000 272592 187622
34000 267522 182456
34000 269363 184729
34000 265233 178903
34000 273815 189152
34000 273600 188495
34000 268991 184264
34000 267391 182699
34000 263513 179544
34000 262754 177633
34000 262704 178459
34000 266221 180592
34000 265937 180501
34000 268990 183729
34000 274767 189253
34000 268825 183873
34000 269487 182916
34000 270715 186055
34000 270923 185286
34000 264293 178414
34100 267810 182909
34100 269167 184358
34100 270975 185752
34100 268663 184237
34100 270988 184738
34100 276105 190373
34100 273035 189274
34100 267835 183159
34100 274493 188771
34100 265276 182677
34100 273503 188249
34100 274670 188619
34100 272259 187587
34100 264550 180798
34100 275851 190086
34100 274688 189644
34100 270657 185979
34100 275512 190543
34100 267631 182562
34100 269031 183896
34100 271501 185618
34100 268657 183654
34100 273040 188289
34100 268551 183259
34100 257875 171661
34100 259444 174149
34100 267102 182198
34100 267797 181872
34100 261938 174665
34100 271960 186149
34100 265671 180893
34100 266275 179362
34100 273792 187598
34100 274451 188232
34100 266820 179508
34100 264392 176665
34100 270524 184640
34100 266040 180337
34100 271984 186747
34100 265736 180028
34100 270661 183809
34100 271590 186832
34100 265609 181528
34100 275559 190888
34100 265031 179528
34100 272600 188471
34100 264275 177082
34100 270125 184117
34100 269574 183840
34100 265911 181621
34200 266077 179987
34200 267755 181356
34200 279933 194391
34200 268671 180592
34200 273517 187354
34200 277047 191488
34200 271791 186438
34200 275443 189681
34200 272658 187641
34200 275089 189736
34200 271776 185415
34200 268552 184143
34200 274367 189483
34200 274326 188913
34200 277181 191664
34200 271126 185365
34200 272363 187142
34200 272436 186719
34200 268675 179953
34200 276553 191311
34200 271549 186392
34200 275178 189806
34200 276181 191495
34200 264330 179664
34200 259296 176972
34200 274583 188565
34200 269679 182945
34200 265179 179893
34200 270029 184517
34200 271803 186343
34200 276241 190604
34200 269053 184520
34200 276400 191291
34200 275426 189563
34200 272289 185737
34200 267602 182196
34200 271450 187063
34200 277320 192773
34200 275957 191832
34200 269650 184276
34200 267376 181157
34200 277018 191693
34200 272980 188024
34200 266306 181131
34200 267716 181233
34200 271754 186097
34200 273490 188722
34200 268930 182552
34200 271924 188846
34200 268661 182289
34300 271052 185582
34300 278276 192560
34300 266059 181258
34300 276476 190760
34300 263255 176099
34300 270995 187009
34300 269846 184019
34300 271207 185656
34300 269131 183685
34300 265172 177398
34300 274829 189021
34300 274546 189785
34300 271048 184999
34300 263116 177312
34300 269178 183195
34300 270116 184494
34300 269294 184450
34300 278792 192860
34300 274621 188379
34300 274577 188759
34300 274695 189206
34300 263197 175602
34300 270803 186400
34300 264696 179316
34300 265374 177737
34300 269010 183894
34300 264597 178650
34300 273229 187955
34300 272142 187197
34300 273533 188425
34300 268538 181990
34300 269634 183988
34300 269983 184062
34300 276760 190074
34300 273483 187906
34300 271349 184427
34300 276967 192030
34300 272781 187370
34300 272685 187159
34300 265718 179370
34300 272303 185286
34300 276936 192411
34300 270891 183910
34300 270696 185144
34300 267671 181622
34300 269425 184175
34300 277402 192262
34300 270590 183649
34300 276982 190620
34300 265988 179160
34400 282244 195453
34400 276054 190815
34400 277201 191918
34400 271961 186872
34400 280582 193937
34400 276907 190614
34400 277508 190828
34400 270810 185010
34400 278933 193302
34400 275907 190991
34400 272512 186700
34400 272607 185867
34400 272639 187244
34400 266848 180855
34400 277584 191669
34400 275893 189797
34400 276046 189393
34400 276139 190124
34400 274828 188498
34400 270586 187424
34400 274995 188146
34400 276853 190089
34400 273181 188089
34400 269731 183317
34400 277293 191388
34400 270661 182356
34400 278347 192159
34400 280020 194107
34400 277482 191131
34400 275987 190841
34400 281044 195371
34400 263771 178093
34400 277271 191861
34400 279085 192886
34400 277502 190726
34400 284433 197674
34400 276936 190167
34400 280058 193129
34400 271762 185758
34400 273536 187154
34400 278103 193763
34400 273665 187249
34400 274378 187858
34400 275232 188451
34400 273082 187903
34400 270724 185159
34400 277984 192079
34400 271477 183780
34400 274438 188580
34400 268868 182802
34500 272038 186163
34500 270524 183843
34500 273639 187270
34500 267450 179789
34500 264018 177024
34500 274511 189433
34500 273113 186204
34500 273904 187629
34500 279240 192568
34500 271592 184518
34500 269232 182965
34500 277842 191764
34500 278459 192793
34500 267217 180597
34500 271553 184262
34500 266288 178154
34500 279923 193639
34500 275229 189549
34500 270861 185849
34500 273135 187303
34500 267628 180420
34500 267409 181098
34500 277234 190627
34500 275824 190611
34500 280577 193964
34500 275860 189448
34500 268126 181658
34500 276391 190941
34500 268700 181864
34500 266614 180198
34500 272172 186941
34500 273125 186437
34500 275870 189892
34500 275417 189559
34500 277602 191545
34500 277022 190514
34500 277239 189905
34500 277196 190973
34500 273396 187154
34500 269056 183595
34500 268531 182584
34500 275127 189824
34500 275171 188331
34500 267060 180094
34500 267143 181281
34500 277462 191625
34500 277475 190963
34500 267718 182141
34500 269734 184616
34500 270744 184393
34600 270783 182685
34600 271117 184484
34600 277675 189994
34600 278817 193739
34600 272080 185567
34600 264492 177080
34600 267086 178687
34600 270857 185288
34600 267999 181683
34600 280796 194711
34600 266918 178101
34600 263989 179285
34600 273872 188118
34600 274361 188377
34600 275180 188074
34600 280000 193521
34600 275182 188839
34600 276294 188791
34600 264747 179474
34600 272712 186762
34600 272748 186288
34600 268871 180806
34600 266740 179007
34600 272332 185386
34600 275252 188155
34600 267379 180494
34600 263356 180609
34600 279916 193915
34600 273587 187073
34600 274890 189237
34600 280818 194031
34600 279760 193489
34600 276239 189146
34600 275206 188629
34600 271991 183518
34600 269798 183820
34600 272437 184470
34600 274388 187175
34600 279682 192874
34600 271615 183212
34600 276972 190559
34600 280977 193991
34600 270622 184324
34600 278140 191587
34600 273194 185706
34600 272316 184560
34600 270396 184397
34600 273833 188238
34600 278695 191713
34600 272975 187786
34700 273953 185555
34700 269913 181991
34700 281316 194305
34700 275017 188334
34700 273173 187780
34700 274559 186884
34700 273871 187955
34700 269666 181682
34700 281365 195048
34700 282298 194974
34700 272032 184789
34700 274768 187128
34700 269074 180485
34700 277224 190545
34700 275222 185891
34700 281326 194682
34700 258310 175129
34700 272120 184001
34700 285507 198128
34700 278771 192208
34700 270999 182956
34700 271090 183966
34700 272171 183744
34700 277992 189449
34700 265911 178119
34700 281115 194205
34700 279794 193205
34700 270827 184727
34700 271951 184851
34700 280561 193188
34700 280208 193429
34700 274939 188514
34700 274662 188295
34700 274727 188629
34700 276072 189253
34700 281154 195149
34700 277698 191516
34700 281063 194509
34700 274041 187756
34700 273154 184783
34700 277727 190832
34700 279982 194051
34700 270221 182859
34700 276291 188564
34700 285401 198202
34700 278981 191953
34700 271069 184351
34700 276984 189025
34700 279128 193152
34700 274560 188640
34800 277913 190443
34800 282286 196007
34800 279992 191982
34800 270033 184090
34800 283131 195407
34800 276593 189522
34800 271468 183929
34800 274059 186727
34800 269137 182720
34800 269800 182554
34800 275028 188397
34800 263456 175594
34800 272521 185983
34800 281026 194290
34800 269934 180385
34800 277800 190825
34800 271848 183606
34800 271257 186104
34800 270850 183004
34800 279349 192719
34800 279467 192139
34800 276737 190099
34800 269307 181470
34800 276127 188937
34800 278360 190920
34800 277754 189823
34800 278402 191574
34800 279974 193879
34800 282340 194506
34800 278535 190691
34800 270238 181669
34800 273062 187188
34800 275916 189573
34800 271615 183473
34800 275733 187194
34800 281079 193923
34800 275077 188608
34800 275917 189849
34800 278112 189766
34800 274952 185312
34800 281802 195816
34800 270228 183445
34800 271556 182518
34800 276144 188465
34800 278465 192228
34800 277164 189216
34800 270960 182892
34800 273427 184032
34800 281686 194525
34800 275900 189511
34900 271466 183373
34900 278560 191234
34900 272740 184540
34900 268406 182338
34900 274304 188355
34900 277438 191750
34900 284491 196107
34900 280854 193400
34900 277752 190460
34900 285147 198233
34900 274726 187417
34900 264709 181441
34900 275830 188021
34900 279702 193558
34900 279280 192219
34900 278748 190944
34900 272938 185176
34900 274108 185943
34900 269456 181688
34900 284735 197053
34900 272256 183261
34900 273554 187650
34900 278208 192124
34900 283381 197243
34900 279233 191283
34900 276372 188754
34900 282218 194716
34900 273161 185196
34900 277063 190413
34900 280599 193705
34900 276265 190126
34900 280663 193533
34900 282840 195736
34900 274480 185546
34900 281077 193525
34900 271860 183654
34900 276713 187938
34900 284328 197035
34900 278810 191515
34900 272776 183109
34900 277491 189943
34900 276319 189988
34900 277797 189292
34900 277381 190358
34900 275320 187017
34900 280778 192558
34900 270433 181585
34900 282379 194299
34900 276321 188895
34900 270692 184019
35000 277047 189273
35000 271205 182671
35000 275950 187999
35000 267996 181822
35000 279701 191367
35000 270734 182080
35000 285449 197101
35000 275696 187175
35000 282306 194903
35000 277086 189233
35000 272345 183320
35000 280816 192522
35000 278834 191649
35000 279581 192078
35000 277577 189232
35000 268740 181849
35000 271656 183004
35000 280223 192309
35000 277394 189855
35000 275875 187214
35000 274503 186488
35000 268091 179892
35000 284367 196323
35000 280105 193530
35000 276085 188706
35000 279330 191999
35000 281275 194332
35000 271171 182836
35000 272656 184337
35000 276662 189930
35000 273269 185680
35000 275934 187404
35000 268943 180619
35000 278929 192213
35000 276320 188667
35000 272020 185038
35000 276213 189016
35000 279552 192206
35000 283884 196253
35000 280752 193424
35000 278615 191693
35000 276051 189149
35000 279748 191342
35000 282214 194857
35000 275550 187327
35000 279914 192452
35000 269584 180583
35000 277604 190615
35000 278564 190064
35000 272055 184695
35100 281845 193652
35100 282391 192994
35100 280732 193850
35100 277178 188200
35100 280375 192721
35100 280246 191725
35100 280567 193358
35100 276148 187554
35100 283163 196191
35100 278607 190233
35100 268875 180917
35100 275212 186078
35100 277653 188910
35100 277023 189104
35100 280269 193358
35100 275543 187744
35100 275894 187711
35100 281696 193487
35100 280687 192873
35100 284043 197153
35100 274842 186544
35100 283487 195206
35100 283350 195730
35100 276358 187189
35100 277798 189410
35100 280436 192853
35100 276720 188241
35100 272928 183549
35100 269059 183334
35100 269404 179999
35100 275828 187511
35100 274312 187645
35100 286623 198205
35100 278703 191375
35100 273357 185016
35100 270047 182219
35100 277448 189764
35100 270074 183194
35100 277530 189094
35100 277012 189097
35100 285199 196683
35100 272337 182183
35100 271086 181392
35100 274091 186742
35100 278490 190183
35100 276011 188155
35100 271686 184739
35100 274904 186157
35100 279710 191385
35100 274404 187877
35200 285391 197565
35200 274484 187232
35200 281652 193399
35200 284103 195675
35200 276990 188309
35200 278660 190810
35200 263626 181552
35200 283514 194744
35200 272934 184544
35200 272744 183246
35200 277974 191400
35200 273193 184746
35200 282058 192607
35200 274617 186960
35200 270965 182053
35200 272809 182356
35200 284195 197047
35200 279312 191296
35200 279835 193124
35200 279871 192506
35200 276636 188093
35200 284385 196371
35200 278219 189487
35200 275754 188442
35200 286141 198269
35200 279906 193087
35200 283433 195595
35200 277950 188746
35200 286672 198010
35200 276676 187995
35200 278768 191058
35200 284639 195835
35200 278868 191147
35200 284635 197294
35200 277334 188507
35200 281697 193978
35200 276508 187809
35200 278043 190401
35200 276751 189847
35200 283498 195396
35200 281693 193115
35200 282088 194148
35200 276218 188927
35200 277667 189858
35200 287150 198950
35200 280009 192039
35200 276514 186169
35200 287216 199074
35200 285766 197806
35200 285277 197445
35300 275473 188058
35300 286942 198523
35300 277804 188658
35300 277801 189312
35300 276555 189126
35300 286339 198089
35300 279095 189643
35300 276452 189158
35300 281257 191241
35300 283086 195064
35300 275202 185411
35300 288114 198523
35300 273154 186276
35300 284334 196378
35300 278412 189626
35300 278467 190835
35300 271433 184278
35300 283941 195945
35300 284260 195842
35300 283510 194828
35300 284060 196006
35300 275389 186336
35300 272187 183246
35300 278577 191989
35300 283248 194755
35300 286347 197484
35300 280556 192812
35300 280533 192962
35300 279306 191390
35300 276313 186676
35300 281667 193592
35300 280562 192192
35300 279723 191811
35300 280102 191901
35300 279741 192518
35300 283597 195951
35300 280970 193256
35300 281781 194275
35300 272087 184111
35300 278015 186920
35300 285938 197481
35300 283302 194755
35300 270923 181937
35300 278995 190688
35300 282813 195054
35300 278694 191798
35300 276139 187947
35300 268753 182702
35300 280548 192953
35300 277380 187202
35400 276664 189044
35400 288438 199182
35400 278747 188228
35400 276741 187322
35400 276377 187303
35400 285353 196682
35400 278374 189736
35400 283901 195786
35400 275988 186715
35400 275928 185594
35400 285249 196856
35400 280527 191866
35400 288541 199512
35400 285323 196362
35400 264786 180260
35400 282981 194561
35400 284133 195765
35400 279258 190866
35400 281365 192550
35400 286645 198388
35400 279019 191300
35400 282926 194114
35400 280460 191803
35400 275392 186283
35400 279874 190692
35400 281738 192043
35400 280215 191990
35400 282551 193512
35400 276423 186892
35400 268700 183275
35400 277284 188176
35400 278088 189620
35400 282347 193359
35400 279293 189554
35400 281570 193048
35400 281438 191901
35400 281955 193567
35400 283629 194971
35400 284171 197134
35400 277993 189615
35400 282685 195089
35400 272942 183205
35400 281751 192850
35400 281743 192944
35400 284340 195416
35400 281252 191637
35400 268078 184700
35400 286844 199398
35400 280303 192164
35400 288081 200508
35500 278770 189177
35500 286478 197790
35500 282048 192248
35500 276875 186877
35500 285818 197401
35500 284583 195433
35500 283303 194041
35500 273994 184601
35500 284610 196959
35500 283701 195667
35500 285032 196498
35500 275048 183704
35500 283967 195514
35500 270022 181822
35500 283444 194803
35500 283660 194940
35500 276893 189365
35500 278876 190980
35500 283719 194555
35500 277824 189205
35500 283462 195846
35500 269722 180995
35500 279609 189966
35500 283137 193402
35500 278046 188271
35500 282203 194101
35500 282998 195249
35500 270635 182498
35500 283083 194375
35500 285385 196950
35500 287666 198745
35500 284483 195843
35500 283225 194851
35500 290582 201640
35500 282865 192948
35500 284914 196166
35500 280806 190580
35500 282074 192219
35500 283910 195921
35500 287629 198494
35500 286106 197680
35500 287210 198345
35500 277902 190296
35500 286703 198407
35500 280259 191288
35500 286876 198356
35500 271148 183280
35500 281900 193507
35500 279284 190667
35500 281540 193412
35600 274596 185605
35600 287787 198263
35600 280513 192229
35600 282195 191810
35600 284293 196189
35600 288391 199314
35600 289690 199707
35600 282613 194283
35600 280108 190651
35600 274272 184318
35600 288095 199006
35600 281762 193304
35600 281644 193150
35600 289192 200223
35600 282802 194048
35600 284499 194934
35600 286171 197076
35600 287041 197218
35600 273895 184289
35600 282665 193120
35600 290624 201536
35600 281293 192052
35600 285238 196568
35600 283933 194576
35600 286602 197075
35600 284976 197294
35600 286093 197069
35600 283787 194319
35600 275095 186371
35600 273706 183632
35600 281869 192143
35600 279429 190337
35600 276665 190647
35600 282642 191553
35600 283588 195632
35600 282238 192317
35600 283759 194398
35600 279150 191874
35600 269384 185956
35600 275724 184298
35600 285809 196805
35600 279879 189817
35600 281397 191068
35600 278614 188513
35600 276474 185014
35600 285295 195921
35600 280746 193368
35600 286616 197220
35600 277348 186361
35600 282563 194044
35700 285086 195697
35700 285851 196683
35700 284965 195885
35700 285903 195612
35700 290078 200623
35700 286558 197592
35700 285746 197005
35700 286903 197185
35700 285333 196001
35700 274906 184853
35700 275529 186156
35700 284134 194723
35700 282270 192949
35700 275046 185453
35700 289743 200205
35700 282135 193357
35700 287246 198885
35700 282016 191106
35700 277599 187623
35700 283322 195227
35700 290248 200202
35700 288760 199554
35700 284226 195896
35700 279374 188217
35700 282691 192620
35700 280462 190642
35700 289338 200165
35700 286006 198041
35700 288742 199518
35700 286511 197040
35700 285807 195140
35700 280812 191828
35700 288070 198782
35700 284157 195408
35700 283989 195585
35700 282163 191961
35700 288911 199351
35700 279437 189486
35700 280624 190871
35700 278956 189805
35700 285430 195866
35700 287158 198258
35700 285514 196226
35700 288550 200147
35700 286624 197264
35700 283071 192983
35700 292107 202937
35700 276979 185541
35700 288914 199639
35700 282012 191878
35800 285755 194918
35800 278700 189116
35800 274146 182776
35800 282176 192700
35800 282248 192391
35800 274892 184794
35800 286323 197126
35800 282099 192114
35800 290370 200976
35800 283770 194447
35800 278747 189136
35800 279222 188279
35800 289204 199039
35800 287084 197764
35800 277682 188374
35800 276061 185319
35800 287028 198181
35800 284944 196312
35800 287460 198297
35800 289017 199434
35800 281592 192133
35800 278947 190122
35800 279450 189865
35800 276740 187113
35800 279907 190882
35800 283094 192375
35800 284955 195180
35800 289509 200247
35800 285646 195867
35800 281478 191877
35800 287383 197196
35800 284653 192776
35800 284752 195281
35800 280975 190411
35800 284070 195119
35800 286962 198825
35800 283345 193277
35800 281653 192383
35800 284412 195237
35800 282389 192768
35800 281468 193272
35800 286114 195944
35800 283371 192833
35800 282695 192770
35800 285575 196688
35800 287679 197979
35800 281232 193188
35800 282433 191895
35800 279673 189060
35800 285996 196089
35900 287964 197400
35900 288385 198818
35900 294028 203357
35900 288171 198775
35900 292682 202775
35900 287119 198495
35900 280904 189638
35900 292252 202196
35900 277172 186956
35900 288135 199910
35900 278044 188480
35900 281244 189306
35900 285113 195897
35900 278734 189272
35900 287946 198084
35900 283111 191943
35900 291962 201327
35900 281752 192951
35900 289894 199723
35900 293462 203603
35900 290775 200977
35900 295008 204769
35900 287022 197964
35900 286174 196969
35900 291498 202038
35900 281043 193779
35900 289138 199540
35900 287922 198411
35900 286440 197479
35900 289263 198464
35900 277174 188858
35900 290503 199336
35900 286468 195885
35900 292469 202229
35900 283123 193784
35900 285999 197558
35900 286464 195576
35900 279484 186977
35900 286246 197536
35900 283281 192470
35900 293091 203783
35900 292883 203769
35900 282584 191269
35900 294533 204508
35900 294352 204341
35900 288156 197531
35900 292031 201126
35900 285621 197254
35900 285240 195646
35900 288880 199660
36000 285275 195061
36000 289811 199533
36000 291144 201351
36000 283940 194226
36000 287440 197624
36000 281776 192366
36000 276825 187789
36000 284018 194184
36000 287855 198148
36000 280788 190882
36000 276489 185735
36000 286512 196179
36000 277313 186827
36000 280670 190190
36000 280897 189203
36000 282970 194149
36000 285840 195871
36000 288352 197490
36000 285252 195940
36000 288705 199213
36000 283615 194213
36000 283775 193467
36000 281908 191509
36000 294733 204125
36000 288450 198695
36000 282533 191151
36000 282401 192277
36000 286292 197297
36000 282263 191198
36000 278783 186814
36000 285612 196673
36000 283084 193831
36000 280263 188734
36000 289368 200303
36000 275510 183915
36000 290693 199670
36000 280207 188435
36000 284814 194908
36000 292729 202496
36000 287903 199513
36000 283355 191858
36000 286372 196743
36000 285193 195276
36000 280814 191169
36000 282076 193015
36000 280239 189910
36000 283779 194551
36000 287858 197998
36000 286192 196462
36000 289785 198766
36100 291853 200648
36100 287803 196772
36100 282368 191700
36100 291232 200632
36100 288119 197770
36100 275184 184647
36100 291634 200909
36100 279375 190609
36100 278044 186789
36100 288404 197646
36100 288543 198699
36100 281000 189287
36100 287934 197272
36100 290034 198689
36100 289693 199747
36100 273941 185335
36100 291359 200843
36100 293734 202607
36100 292888 202402
36100 282102 192726
36100 292772 202307
36100 272242 184134
36100 280632 189964
36100 296210 205494
36100 290060 200272
36100 282907 190382
36100 284656 194704
36100 287960 197587
36100 287898 197110
36100 284365 193972
36100 287956 197338
36100 281883 190798
36100 278639 187837
36100 275758 184772
36100 282541 190747
36100 287450 197957
36100 292050 201525
36100 285714 196045
36100 292074 202015
36100 289553 199287
36100 290176 199948
36100 294613 204494
36100 281701 190393
36100 284201 193520
36100 283507 193468
36100 283492 194106
36100 292028 201595
36100 286066 194561
36100 284592 195000
36100 292755 201526
36200 291685 200949
36200 287057 195679
36200 281452 189410
36200 283251 193765
36200 293370 202421
36200 288705 198889
36200 290687 199961
36200 288991 197266
36200 292555 201782
36200 289557 198497
36200 285082 192340
36200 288571 198369
36200 286951 196982
36200 290519 199988
36200 289716 198988
36200 283941 193605
36200 274525 184358
36200 279140 189036
36200 283789 192826
36200 286667 194559
36200 289344 198722
36200 282011 191117
36200 286406 195609
36200 292419 200580
36200 291201 200502
36200 282897 190364
36200 291982 201216
36200 289500 198318
36200 281190 189993
36200 287368 196321
36200 285581 194221
36200 292000 200632
36200 290199 198582
36200 286004 195705
36200 290494 199681
36200 284442 192537
36200 282963 189810
36200 284841 193175
36200 290056 200021
36200 295305 204247
36200 288086 197224
36200 282014 190245
36200 282800 190761
36200 275275 185686
36200 282254 192198
36200 281650 190529
36200 290883 200034
36200 291009 200738
36200 287195 194699
36200 293157 202582
36300 282443 191015
36300 280677 189121
36300 283500 194432
36300 279627 189900
36300 288912 197389
36300 282317 190751
36300 286686 196968
36300 283034 193817
36300 293526 202822
36300 289715 198069
36300 289426 199311
36300 288995 198435
36300 282939 191744
36300 282685 191099
36300 284507 193325
36300 285336 192934
36300 287153 197058
36300 284810 194139
36300 282753 192099
36300 292327 201228
36300 291466 201469
36300 287958 196966
36300 289171 198718
36300 293073 202887
36300 288772 196955
36300 294698 204101
36300 282649 193512
36300 291190 200395
36300 291709 201155
36300 289940 199794
36300 290086 199781
36300 286437 195522
36300 273148 183652
36300 282414 189855
36300 282211 192051
36300 289673 198659
36300 281933 193317
36300 294276 202924
36300 280374 188633
36300 289482 199151
36300 286008 195398
36300 285273 193043
36300 285622 195112
36300 284438 191806
36300 285767 195813
36300 285678 195374
36300 285873 195977
36300 279027 189477
36300 290988 200844
36300 289439 198759
36400 284772 192608
36400 293862 202183
36400 286945 194360
36400 285562 193664
36400 292244 200451
36400 300032 208806
36400 292819 201605
36400 295914 205266
36400 290864 198820
36400 293685 201800
36400 292648 202996
36400 292705 202500
36400 285488 193212
36400 289666 199883
36400 286059 195147
36400 280550 191137
36400 296762 205259
36400 296088 204100
36400 295021 204028
36400 283744 190235
36400 291401 200830
36400 285819 194223
36400 293857 202459
36400 290265 198979
36400 289432 198934
36400 278106 186922
36400 287265 197367
36400 286140 194705
36400 283191 188513
36400 289833 198196
36400 288253 196528
36400 288421 198459
36400 289550 197427
36400 287271 197497
36400 286853 197110
36400 293353 202298
36400 286442 196408
36400 276537 188837
36400 285604 194006
36400 290338 198019
36400 288000 197312
36400 280506 188249
36400 287669 197309
36400 279376 189090
36400 290255 198631
36400 284634 193838
36400 288145 195887
36400 294300 202958
36400 293804 203380
36400 286612 196507
36500 285890 194725
36500 277430 184063
36500 296276 205240
36500 287365 197200
36500 283727 193251
36500 292090 199690
36500 280518 187367
36500 293168 202715
36500 291032 200225
36500 286952 194801
36500 285968 193756
36500 280724 189499
36500 284621 192535
36500 293556 203049
36500 293951 202598
36500 290648 198838
36500 290670 198683
36500 280562 187354
36500 286002 195315
36500 283741 191031
36500 291394 200076
36500 289549 198799
36500 290673 199038
36500 278524 186442
36500 291934 201038
36500 285647 193511
36500 288826 197766
36500 292527 201475
36500 288751 198149
36500 286182 195796
36500 293222 201252
36500 293910 202774
36500 287086 193991
36500 286389 195013
36500 293019 200651
36500 281665 189629
36500 286030 194263
36500 287028 194650
36500 288232 197590
36500 289331 197764
36500 283629 190406
36500 291608 199429
36500 291334 201397
36500 284258 191289
36500 279523 186747
36500 288012 196713
36500 284244 194170
36500 287016 195540
36500 294139 202300
36500 287726 197263
36600 295945 204863
36600 281453 187048
36600 293303 202155
36600 295874 204813
36600 281629 191069
36600 295898 204075
36600 294010 203420
36600 295140 203078
36600 296208 203994
36600 286261 194742
36600 284408 192981
36600 288116 195903
36600 295615 204111
36600 288961 197686
36600 288359 196580
36600 282522 189672
36600 288070 196461
36600 296173 204702
36600 292110 200491
36600 288030 195870
36600 288870 198378
36600 294547 204469
36600 296876 205161
36600 292829 202055
36600 291414 199690
36600 287738 195785
36600 295615 203683
36600 295327 203877
36600 292718 201144
36600 291397 199112
36600 295904 203933
36600 285147 192992
36600 292012 199836
36600 296687 205272
36600 297056 204659
36600 286966 195539
36600 287445 194861
36600 289772 198317
36600 292271 201069
36600 282811 189532
36600 289571 196881
36600 290229 198162
36600 287412 196541
36600 285748 195004
36600 284506 195311
36600 296786 205007
36600 286151 194608
36600 287356 195612
36600 293935 202963
36600 287619 195708
36700 283161 190957
36700 290647 198576
36700 291099 198843
36700 295344 202574
36700 284265 190181
36700 285191 193805
36700 288268 196484
36700 290815 197887
36700 289427 196578
36700 285680 194551
36700 295147 204241
36700 291051 198721
36700 281608 188780
36700 297300 205029
36700 291566 200072
36700 284926 192117
36700 293194 200309
36700 289413 197967
36700 293159 201076
36700 297106 204624
36700 288910 197670
36700 281792 191714
36700 287063 194453
36700 298313 206477
36700 283338 190582
36700 289880 198040
36700 287485 195245
36700 284836 191986
36700 288395 197157
36700 290582 198307
36700 297693 205891
36700 299571 207609
36700 291574 199855
36700 285632 193043
36700 290559 199970
36700 286111 193692
36700 296121 203865
36700 295506 204889
36700 288733 195833
36700 297656 205567
36700 293962 202448
36700 288938 197936
36700 281359 191205
36700 295293 204273
36700 287425 194418
36700 287585 197003
36700 294784 202749
36700 287859 195453
36700 295076 202971
36700 284731 192630
36800 291258 199371
36800 288588 196872
36800 292587 201258
36800 286879 195152
36800 284032 191657
36800 296636 204062
36800 288380 196642
36800 291371 199602
36800 298191 206133
36800 294359 203503
36800 292420 199393
36800 280077 189665
36800 300072 206984
36800 283308 192065
36800 291307 199450
36800 286529 194210
36800 295281 203456
36800 290598 197700
36800 291186 197926
36800 281115 188506
36800 286803 196169
36800 281988 189088
36800 280906 189130
36800 286100 193033
36800 287963 195505
36800 292003 200156
36800 298852 206114
36800 280486 190928
36800 284652 194433
36800 295103 203248
36800 296254 204895
36800 293208 202787
36800 282948 187973
36800 292713 200731
36800 287992 195459
36800 296830 204990
36800 296693 205231
36800 295696 204089
36800 291395 199547
36800 297312 205366
36800 283956 195403
36800 286627 193756
36800 289705 196952
36800 287154 194892
36800 290887 197936
36800 296519 204895
36800 286732 194617
36800 289937 197596
36800 296530 204134
36800 288928 197296
36900 294951 202578
36900 295484 203224
36900 290008 197625
36900 290773 197045
36900 296808 204526
36900 285529 192900
36900 294587 201738
36900 295232 202150
36900 294366 201634
36900 290221 197200
36900 296757 203774
36900 301083 208935
36900 289734 197340
36900 296462 204407
36900 293528 200057
36900 294752 201937
36900 281077 187957
36900 297712 205879
36900 290005 196385
36900 298615 206026
36900 298521 206189
36900 294378 203053
36900 299521 206599
36900 295956 201953
36900 293845 202494
36900 294768 201111
36900 293041 202205
36900 293222 200970
36900 297101 204782
36900 298707 205341
36900 291725 197823
36900 299044 207141
36900 296776 204256
36900 296701 204463
36900 291059 198054
36900 296900 204637
36900 299968 208126
36900 296477 203982
36900 303737 210312
36900 294180 202582
36900 295355 203499
36900 295121 203645
36900 293523 200793
36900 295620 202756
36900 297959 205803
36900 292829 199553
36900 293508 201774
36900 296676 204783
36900 292264 200699
36900 288977 197092
37000 288078 196019
37000 290773 199103
37000 288591 194013
37000 295960 203109
37000 291878 200442
37000 289761 195702
37000 296536 203904
37000 294354 201425
37000 298805 205721
37000 292321 202066
37000 295043 203255
37000 289301 194880
37000 292384 201375
37000 288306 195168
37000 287842 193771
37000 296113 204007
37000 295859 203405
37000 298377 206489
37000 289728 195246
37000 289714 198653
37000 292817 200180
37000 292065 199963
37000 297768 204696
37000 289204 198036
37000 286482 193654
37000 288490 193694
37000 291625 199246
37000 299408 206850
37000 299722 207626
37000 292663 198126
37000 294252 202265
37000 299049 204941
37000 289506 195311
37000 296872 202987
37000 291669 200987
37000 282139 189380
37000 293471 199886
37000 286853 193367
37000 289317 198495
37000 293387 201747
37000 289026 195616
37000 287034 194446
37000 297793 205522
37000 285900 191867
37000 294031 201647
37000 298110 206237
37000 288492 196201
37000 299959 206936
37000 290496 197141
37000 298535 206121
37100 297626 204943
37100 300377 207339
37100 294974 202315
37100 297817 205060
37100 293904 201468
37100 298016 204822
37100 301393 207641
37100 289480 197371
37100 294359 200650
37100 287966 194859
37100 294340 200163
37100 299487 206861
37100 288428 194857
37100 295998 203789
37100 285511 190598
37100 290205 198331
37100 292839 200865
37100 294473 200002
37100 297574 203652
37100 292529 198529
37100 291046 195968
37100 290726 198555
37100 288371 195425
37100 294784 200690
37100 285803 192824
37100 296296 204605
37100 295197 202341
37100 294659 200837
37100 287725 192968
37100 298443 204721
37100 297906 204732
37100 289250 197196
37100 290147 196597
37100 291462 197569
37100 298185 204801
37100 297277 204554
37100 303121 210252
37100 296137 202738
37100 298323 205007
37100 286407 193380
37100 288906 196532
37100 294457 202434
37100 289940 197519
37100 295621 202656
37100 300160 207801
37100 293750 201736
37100 286890 195266
37100 299907 207913
37100 294923 201204
37100 293294 198363
37200 295118 202738
37200 299642 206606
37200 299392 205994
37200 289809 197214
37200 300691 206760
37200 296669 203719
37200 292407 198500
37200 300059 206522
37200 298984 205827
37200 297788 205408
37200 288865 197030
37200 297795 203472
37200 293869 200430
37200 292984 202651
37200 290995 196077
37200 294069 201616
37200 303459 209481
37200 289876 197722
37200 292517 198566
37200 288683 197171
37200 299370 205976
37200 298312 204665
37200 302224 209774
37200 301943 207905
37200 300211 207411
37200 294123 201732
37200 297877 204819
37200 290457 199818
37200 297513 205186
37200 296619 202653
37200 289547 195037
37200 299830 206895
37200 294002 203850
37200 295821 203198
37200 295992 203486
37200 292312 198150
37200 291267 196259
37200 295798 202874
37200 299896 207294
37200 294067 198933
37200 288293 195298
37200 302834 209117
37200 288504 194025
37200 291181 197215
37200 298062 205247
37200 290928 196384
37200 292718 199648
37200 292220 199769
37200 290476 197463
37200 300076 206963
37300 291896 197743
37300 283758 195406
37300 295191 200537
37300 292564 200468
37300 293211 199931
37300 293239 199548
37300 293642 198971
37300 286654 191514
37300 289050 193865
37300 297883 203756
37300 293236 197934
37300 293958 200941
37300 287443 192221
37300 296230 203230
37300 293366 199712
37300 287855 193925
37300 291245 195742
37300 294500 201570
37300 294982 199125
37300 285936 193562
37300 292608 200164
37300 304995 211983
37300 291135 197382
37300 289664 197089
37300 290032 198593
37300 290784 197787
37300 291632 197460
37300 291063 197146
37300 294496 200224
37300 296016 202191
37300 299842 207328
37300 290077 194599
37300 289551 195237
37300 296230 202497
37300 293501 197603
37300 295865 201073
37300 292321 200332
37300 295564 202507
37300 294807 201766
37300 297244 204357
37300 299346 207943
37300 299911 207129
37300 288014 193515
37300 296821 203846
37300 295738 201821
37300 297436 203346
37300 285974 194641
37300 285825 191754
37300 287058 193625
37300 291913 198874
37400 303591 208813
37400 292621 198822
37400 301477 207299
37400 302749 209134
37400 297510 204641
37400 297520 203982
37400 300751 207344
37400 292182 199605
37400 301028 207820
37400 300371 206566
37400 291907 195967
37400 296913 202550
37400 295111 199725
37400 300642 206832
37400 290372 197135
37400 290247 196309
37400 298063 204775
37400 304721 209671
37400 299644 204608
37400 300819 206396
37400 298346 204407
37400 297794 203746
37400 292114 196780
37400 304645 210705
37400 300668 207851
37400 302353 209606
37400 303840 210188
37400 302467 209341
37400 292789 198299
37400 292468 199472
37400 300227 206848
37400 303158 209491
37400 299306 206541
37400 301576 208361
37400 304412 211552
37400 303374 209386
37400 287253 198828
37400 292804 198202
37400 301431 208167
37400 304919 210854
37400 299938 207025
37400 301541 207200
37400 299108 205907
37400 302177 208401
37400 306529 212248
37400 292115 197952
37400 295151 200727
37400 292758 196364
37400 294943 202038
37400 302126 208993
37500 303665 209195
37500 295178 202709
37500 285627 190913
37500 301359 207611
37500 287846 192986
37500 289578 193400
37500 299430 205227
37500 295554 201405
37500 298022 203695
37500 298516 204547
37500 292724 199091
37500 290806 199256
37500 296596 202370
37500 293621 200153
37500 292870 199517
37500 289536 193886
37500 299222 204362
37500 296171 203073
37500 292520 196532
37500 291354 198169
37500 294162 198820
37500 288308 191738
37500 301666 207123
37500 293911 198603
37500 306242 211621
37500 295593 202731
37500 296536 202783
37500 296236 203137
37500 294225 201174
37500 300863 207378
37500 287567 194051
37500 288323 193338
37500 298296 204986
37500 297008 202429
37500 295361 200085
37500 296536 203010
37500 288011 193208
37500 302017 207828
37500 290464 196453
37500 292161 198724
37500 297926 205182
37500 297625 203035
37500 290137 195351
37500 292797 198595
37500 304591 210568
37500 291559 197502
37500 301740 208630
37500 304168 210231
37500 300871 208178
37500 293590 199297
37600 294900 201582
37600 295937 203049
37600 291168 197708
37600 301316 207266
37600 300717 206841
37600 290478 193192
37600 305454 211269
37600 288205 192458
37600 292097 198424
37600 297048 202127
37600 302217 208431
37600 294123 200324
37600 295799 199151
37600 301980 207851
37600 302101 208551
37600 306496 212147
37600 293629 200580
37600 296369 202389
37600 298455 204803
37600 292575 196724
37600 302051 208206
37600 296387 201425
37600 289191 192872
37600 298453 205264
37600 303550 210727
37600 302187 206621
37600 299757 206901
37600 290538 197329
37600 303959 210907
37600 289727 196610
37600 292149 198267
37600 297720 203889
37600 301029 207175
37600 298450 204767
37600 293666 199664
37600 298929 204972
37600 286969 191063
37600 295073 200619
37600 296918 201259
37600 294554 199872
37600 297504 203448
37600 302532 208528
37600 291789 195494
37600 291617 197578
37600 294100 199563
37600 292144 196250
37600 305072 211197
37600 303555 209066
37600 301218 207969
37600 301196 207192
37700 299962 205271
37700 292335 196702
37700 302056 207764
37700 290916 194700
37700 300022 205913
37700 296757 203181
37700 300909 206405
37700 303954 209544
37700 294229 200277
37700 297343 201745
37700 301945 207282
37700 302867 207193
37700 296866 203722
37700 294252 197883
37700 301626 207188
37700 295423 200346
37700 294317 198094
37700 299401 205574
37700 297801 204101
37700 306731 212605
37700 298741 202728
37700 304414 209795
37700 302077 206899
37700 300239 206407
37700 301738 205937
37700 294096 199153
37700 290394 195862
37700 300537 205329
37700 293932 198005
37700 293094 197237
37700 300100 206796
37700 295112 201040
37700 290266 195051
37700 292058 196351
37700 297266 202496
37700 305387 211212
37700 296462 203289
37700 297670 203351
37700 306593 210435
37700 308877 214681
37700 302408 208342
37700 305138 210792
37700 295665 199017
37700 304989 211171
37700 288352 194957
37700 295054 200169
37700 302624 208242
37700 294700 199803
37700 300586 206208
37700 300783 203404
37800 299566 203846
37800 300111 206054
37800 301011 206565
37800 298289 205108
37800 302389 208048
37800 303798 209747
37800 293259 198268
37800 300401 205099
37800 291414 195438
37800 306293 210542
37800 305441 211229
37800 290456 195577
37800 300817 206886
37800 304782 210386
37800 294142 199394
37800 302653 206899
37800 302812 208660
37800 296796 202157
37800 304889 209651
37800 293253 199324
37800 296088 201418
37800 304086 209365
37800 299769 205125
37800 304231 209393
37800 307514 212764
37800 288023 197303
37800 295530 200657
37800 301679 207376
37800 299269 204743
37800 294811 199104
37800 301656 208490
37800 301978 207910
37800 303819 209094
37800 304391 209796
37800 295546 201408
37800 303348 209212
37800 306979 212593
37800 298246 202919
37800 291899 197044
37800 298953 204878
37800 301413 206821
37800 296565 203277
37800 300625 207051
37800 299055 203871
37800 294681 201590
37800 300779 206371
37800 297445 202520
37800 300241 205863
37800 304609 209819
37800 293715 196298
37900 308276 213281
37900 305325 210541
37900 303601 208538
37900 302682 206501
37900 307083 212674
37900 294574 197484
37900 300081 204272
37900 294454 200054
37900 307715 212757
37900 311396 216591
37900 297368 203273
37900 297301 201584
37900 299283 205181
37900 305456 209097
37900 304249 208455
37900 293035 198031
37900 310115 215003
37900 298869 203941
37900 296625 202167
37900 303423 208659
37900 305835 209088
37900 297722 201906
37900 299955 203571
37900 298482 204412
37900 302304 205978
37900 304204 209553
37900 306087 210452
37900 296380 200785
37900 295321 198657
37900 305123 211133
37900 302341 207524
37900 304610 210253
37900 298126 202183
37900 307349 213261
37900 297946 201143
37900 293133 200337
37900 308702 213439
37900 298020 202680
37900 298940 203839
37900 303322 208518
37900 308522 213216
37900 308210 213571
37900 299385 204555
37900 291511 196797
37900 306911 212197
37900 302996 208612
37900 298766 204275
37900 299260 202729
37900 302452 207753
37900 296644 199848
38000 306709 211936
38000 301049 206947
38000 295738 198857
38000 293193 197249
38000 305110 210250
38000 297661 202307
38000 302283 206518
38000 302502 207848
38000 294828 198158
38000 307283 212026
38000 307679 213082
38000 306994 211220
38000 310135 214237
38000 297710 202866
38000 299254 204322
38000 302194 207284
38000 300879 206601
38000 309017 213183
38000 299169 203749
38000 301885 204606
38000 303924 209729
38000 296051 200009
38000 302979 208203
38000 303052 207000
38000 305857 209722
38000 306855 210996
38000 301466 204412
38000 305306 210385
38000 297096 200499
38000 293787 198962
38000 301491 205240
38000 299063 204844
38000 298943 203747
38000 303057 207560
38000 294847 199354
38000 297495 201515
38000 296118 200038
38000 302430 207379
38000 307455 212298
38000 297348 203056
38000 305731 210553
38000 298269 201531
38000 297477 202185
38000 299933 202868
38000 296457 198474
38000 302504 206488
38000 300652 205561
38000 302719 207034
38000 304031 208693
38000 293674 198824
38100 299767 205013
38100 295490 197788
38100 302586 206707
38100 299573 204248
38100 296049 199890
38100 291417 197633
38100 304679 209075
38100 302077 207538
38100 303153 207347
38100 308056 212692
38100 299377 203353
38100 300942 204924
38100 306670 212206
38100 301168 206195
38100 305411 209687
38100 301241 204308
38100 298872 203314
38100 298442 204014
38100 306827 211632
38100 307512 211195
38100 303070 208417
38100 298755 204938
38100 301707 205254
38100 301162 205496
38100 296393 201267
38100 300861 204781
38100 300005 205509
38100 299759 203794
38100 299212 202563
38100 297027 201373
38100 307130 211554
38100 305251 210024
38100 307631 212420
38100 303732 209371
38100 300168 204124
38100 297051 199897
38100 297064 201951
38100 306793 212239
38100 294916 198474
38100 296625 199974
38100 308828 213156
38100 298849 201629
38100 305739 210531
38100 300322 205779
38100 307909 213156
38100 302677 207056
38100 294522 195681
38100 305435 209652
38100 306867 211077
38100 296016 203300
38200 297241 202386
38200 297094 201209
38200 296376 199456
38200 309802 213829
38200 303676 207871
38200 305095 208456
38200 304275 208246
38200 306439 211101
38200 297400 200438
38200 309084 214109
38200 307013 210338
38200 302974 208026
38200 310634 215148
38200 298413 201926
38200 308121 212148
38200 306969 211647
38200 309695 214135
38200 310418 214247
38200 302463 205942
38200 306093 210734
38200 303576 209057
38200 307887 212794
38200 300867 204328
38200 301886 206976
38200 305704 209706
38200 294821 196426
38200 309027 213961
38200 307849 212200
38200 300239 205961
38200 307042 211217
38200 307366 211461
38200 307137 210527
38200 296861 200166
38200 309768 213318
38200 301460 205757
38200 299820 202572
38200 312199 215794
38200 303622 207575
38200 305931 210049
38200 306031 210475
38200 303561 207456
38200 301051 204494
38200 305399 208918
38200 305637 209352
38200 314370 218666
38200 304144 208897
38200 308640 211807
38200 302044 207386
38200 308608 212713
38200 292529 194790
38300 294109 196117
38300 298461 203448
38300 289203 197341
38300 313192 217116
38300 305799 210504
38300 301013 203647
38300 303600 206735
38300 302552 206943
38300 305968 210962
38300 300751 206226
38300 307045 210084
38300 299414 203550
38300 293118 198013
38300 298476 202817
38300 303738 208746
38300 300461 205397
38300 306042 209806
38300 295288 198276
38300 309869 214762
38300 303828 206445
38300 304176 208360
38300 304922 208350
38300 306186 210906
38300 296516 199547
38300 311037 215283
38300 302905 207554
38300 305688 209458
38300 305697 209365
38300 310179 214304
38300 306369 210330
38300 309506 213337
38300 298205 203977
38300 299785 203323
38300 306111 210733
38300 303685 207632
38300 310404 214189
38300 305940 209980
38300 301360 207048
38300 299228 204514
38300 305337 210272
38300 308055 213102
38300 306473 210268
38300 308096 210370
38300 304732 209937
38300 304166 208699
38300 301642 204882
38300 305175 209621
38300 307455 210927
38300 294061 202121
38300 301439 204844
38400 302528 206759
38400 305869 208709
38400 301621 203359
38400 303169 205288
38400 305075 209023
38400 303241 207710
38400 309397 212863
38400 314391 218491
38400 312596 216677
38400 306365 211571
38400 301169 205547
38400 306546 208760
38400 298693 201600
38400 303405 204240
38400 304164 208105
38400 309451 212754
38400 307779 211182
38400 308355 211672
38400 301876 206273
38400 302986 207132
38400 308770 212756
38400 312174 216295
38400 311886 216081
38400 314420 218048
38400 306095 210378
38400 300936 206370
38400 310673 214053
38400 312412 215635
38400 306841 209754
38400 302461 207378
38400 303305 207980
38400 308721 213236
38400 310258 214194
38400 302190 205519
38400 311641 214584
38400 308618 212422
38400 304004 206938
38400 311479 215969
38400 304444 208143
38400 305020 207204
38400 298264 200431
38400 308165 211951
38400 306483 209223
38400 304430 208838
38400 306246 211098
38400 307676 209423
38400 313230 216637
38400 310387 214553
38400 307331 212111
38400 311543 213478
38500 310384 214593
38500 307940 211465
38500 302237 204785
38500 309559 212301
38500 298487 201259
38500 296346 200322
38500 309512 213213
38500 298343 201967
38500 304556 207420
38500 298455 202220
38500 307967 209493
38500 310183 214432
38500 306003 209948
38500 306145 209816
38500 305589 209417
38500 306161 209523
38500 305298 208605
38500 311063 214296
38500 306307 210251
38500 308478 212752
38500 303099 205827
38500 301492 203367
38500 304479 208872
38500 310395 214201
38500 311345 215693
38500 297000 200387
38500 308187 211936
38500 305937 209662
38500 294255 196107
38500 298417 201137
38500 299374 202905
38500 302531 207058
38500 302558 206682
38500 300520 206512
38500 303602 206776
38500 306769 210809
38500 312087 214831
38500 307409 211119
38500 297579 200526
38500 305784 208015
38500 304969 208045
38500 299289 202674
38500 304587 209621
38500 307746 211107
38500 299358 203716
38500 307001 211515
38500 303071 205711
38500 305936 209166
38500 296926 200335
38500 310239 213993
38600 310610 213482
38600 300560 203555
38600 301974 204769
38600 312387 215217
38600 308688 210659
38600 309956 212029
38600 303282 206130
38600 299650 203519
38600 299682 204668
38600 304455 207337
38600 304537 208090
38600 311083 214087
38600 296038 197321
38600 311113 214744
38600 299302 201133
38600 302338 204446
38600 306930 211058
38600 309669 212606
38600 307232 209248
38600 304474 206885
38600 306981 208891
38600 309019 211954
38600 302952 205520
38600 312553 216187
38600 308811 211560
38600 308308 212260
38600 306822 210168
38600 311639 214022
38600 298719 201696
38600 309577 211804
38600 313453 215593
38600 303076 207150
38600 313248 216948
38600 308433 211839
38600 300390 202443
38600 301730 209303
38600 301401 203229
38600 304836 209093
38600 306748 210138
38600 308321 211288
38600 305373 208519
38600 302408 206301
38600 313890 216939
38600 306133 210414
38600 313773 216649
38600 302711 204659
38600 304537 207968
38600 304059 207721
38600 310979 213993
38600 307018 211506
38700 301942 204073
38700 307957 210188
38700 304997 207211
38700 307257 211060
38700 310243 213355
38700 310438 212998
38700 313146 215822
38700 314612 217438
38700 309610 212336
38700 317250 220204
38700 305290 207010
38700 311332 213674
38700 313012 217117
38700 308201 210572
38700 316707 219745
38700 316712 219325
38700 311194 214398
38700 316020 217761
38700 309337 211221
38700 306789 209540
38700 311297 214376
38700 313966 216072
38700 303671 206531
38700 312053 215802
38700 305355 209237
38700 311489 213742
38700 300725 202822
38700 304880 206461
38700 300498 204158
38700 312247 214158
38700 305639 209370
38700 305590 207772
38700 311982 214842
38700 310004 213296
38700 315834 218712
38700 306013 208572
38700 307366 210413
38700 304833 208943
38700 308389 210329
38700 311815 215976
38700 314760 217242
38700 314749 217907
38700 307620 209822
38700 313353 215373
38700 299155 199541
38700 312283 215691
38700 310843 212318
38700 313597 217625
38700 301997 203932
38700 308511 211047
38800 304259 207942
38800 313510 216585
38800 311225 213157
38800 303369 204936
38800 307567 211500
38800 314844 217592
38800 309158 211499
38800 312575 215383
38800 313031 216059
38800 313380 216612
38800 311318 214471
38800 298996 205752
38800 299782 201596
38800 299220 202255
38800 309310 212079
38800 312881 215739
38800 305349 209081
38800 305157 206049
38800 308827 211804
38800 303009 204492
38800 300211 201559
38800 310822 213409
38800 312726 216030
38800 305490 208790
38800 307876 209902
38800 304544 205243
38800 306708 209241
38800 316612 218900
38800 304906 206955
38800 304678 208315
38800 309349 211486
38800 307549 210364
38800 316083 218291
38800 314130 217667
38800 303937 205317
38800 305123 207921
38800 305950 206765
38800 312994 215772
38800 303287 202369
38800 308663 211107
38800 305705 208672
38800 301559 204402
38800 314847 217590
38800 304637 207562
38800 305835 209244
38800 303787 205046
38800 307088 211614
38800 302286 204180
38800 313434 214422
38800 304180 207291
38900 307309 208141
38900 314534 216395
38900 308566 210949
38900 308433 209597
38900 315679 218209
38900 307434 208081
38900 306341 207421
38900 302952 203790
38900 319269 221256
38900 305112 209111
38900 313318 214529
38900 307409 208664
38900 308063 212295
38900 310118 212409
38900 300925 204504
38900 301169 201240
38900 311487 214126
38900 304698 208012
38900 314716 217062
38900 317688 220373
38900 303550 204758
38900 315739 218358
38900 317400 219039
38900 301676 202807
38900 308642 211480
38900 316554 218478
38900 311811 213956
38900 314476 216283
38900 303508 205492
38900 316129 218770
38900 299142 202902
38900 317645 220097
38900 303014 203390
38900 317031 219664
38900 310477 212753
38900 311670 213479
38900 313964 215816
38900 313405 216362
38900 304880 207057
38900 307912 211436
38900 302127 203108
38900 302497 204813
38900 307896 208030
38900 316536 218130
38900 309964 212750
38900 309053 210695
38900 313273 215043
38900 310764 213590
38900 314446 217118
38900 311269 214156
39000 308203 210801
39000 311457 213428
39000 306931 211285
39000 308369 209556
39000 312647 215865
39000 301671 204345
39000 309882 212947
39000 302549 205556
39000 309416 212078
39000 305092 208063
39000 312439 213366
39000 310209 211255
39000 296247 202693
39000 298564 199226
39000 314196 217004
39000 312108 214046
39000 306973 208664
39000 309980 213058
39000 305643 207995
39000 312363 215290
39000 307654 211514
39000 309411 210902
39000 313758 217096
39000 314691 216676
39000 314322 217057
39000 306057 207497
39000 306273 206633
39000 309497 212119
39000 314441 216216
39000 303416 204545
39000 289937 197781
39000 307601 210255
39000 315677 217058
39000 301938 202519
39000 312033 215156
39000 308943 208625
39000 310632 213686
39000 313172 215063
39000 300651 202549
39000 304465 207681
39000 306602 209840
39000 308979 211993
39000 312322 214334
39000 306265 208436
39000 309976 211100
39000 294740 196905
39000 307170 209927
39000 299024 200540
39000 316761 218931
39000 303559 206659
39100 307805 208852
39100 312486 213238
39100 318577 220784
39100 303066 205514
39100 305558 205768
39100 314187 215060
39100 308903 210427
39100 314342 216622
39100 308914 208956
39100 304185 205698
39100 312144 213675
39100 310256 211456
39100 311507 213959
39100 306566 209382
39100 316840 219057
39100 316218 217858
39100 310617 212124
39100 312241 214621
39100 313777 215653
39100 302162 201283
39100 313829 216039
39100 310015 212437
39100 310781 211579
39100 306579 207933
39100 301017 202284
39100 317624 218800
39100 304627 203783
39100 307336 208513
39100 315807 218175
39100 308442 208350
39100 307869 210505
39100 307373 207706
39100 309821 211507
39100 319457 220902
39100 307496 209692
39100 311042 213483
39100 315715 217212
39100 314474 216669
39100 298647 199492
39100 308862 211152
39100 317236 219959
39100 312069 213879
39100 307355 208977
39100 309041 211031
39100 296050 199428
39100 311421 213502
39100 315268 216453
39100 303514 205364
39100 311634 214856
39100 315312 216868
39200 317566 219381
39200 307721 206554
39200 314616 215588
39200 303732 206252
39200 305561 206294
39200 314017 215276
39200 308699 209892
39200 314423 216711
39200 306375 206876
39200 318391 219442
39200 314070 216870
39200 311145 213149
39200 306875 209358
39200 306759 207357
39200 317038 218309
39200 313636 215712
39200 306659 206571
39200 317052 219704
39200 315875 216591
39200 306912 208139
39200 306299 208199
39200 319253 220624
39200 310088 212171
39200 310577 213471
39200 297154 198365
39200 310574 210979
39200 312406 215321
39200 317685 219941
39200 308007 207295
39200 320001 221650
39200 309480 210682
39200 307550 208997
39200 310943 210500
39200 307033 208330
39200 308958 209451
39200 314105 215735
39200 312688 214316
39200 313911 216244
39200 312305 212929
39200 314565 216881
39200 310556 210363
39200 304049 204398
39200 308611 210372
39200 304391 204000
39200 320463 221570
39200 316005 218382
39200 306230 205640
39200 311464 212675
39200 312707 214778
39200 313417 215335
39300 312463 213975
39300 311794 212627
39300 311073 211832
39300 311337 211158
39300 315197 216851
39300 309292 210822
39300 302578 203279
39300 316249 215794
39300 314142 215428
39300 311917 210096
39300 317280 219697
39300 317258 217811
39300 303181 203555
39300 309314 210018
39300 316558 217809
39300 318198 219944
39300 308115 207724
39300 311859 214708
39300 318523 220503
39300 302818 201056
39300 300982 203523
39300 310788 213053
39300 304281 206455
39300 318721 219459
39300 319190 221508
39300 311967 212558
39300 300509 200944
39300 311742 213213
39300 312605 213729
39300 307617 207959
39300 315317 216681
39300 318306 219186
39300 310713 210993
39300 300260 200097
39300 312680 212998
39300 303820 206563
39300 318226 220551
39300 317684 220139
39300 312129 212812
39300 314531 217340
39300 319108 221104
39300 299894 201950
39300 305489 207038
39300 305133 207536
39300 311670 213222
39300 312124 213279
39300 312141 214120
39300 306094 205736
39300 301404 205481
39300 313706 215339
39400 324425 225553
39400 315073 216761
39400 310931 211998
39400 309652 207495
39400 313361 215056
39400 307413 208970
39400 315896 217836
39400 312113 212123
39400 301194 203582
39400 312198 214197
39400 311351 212005
39400 313044 214622
39400 305769 207198
39400 307188 205872
39400 309751 212460
39400 309856 211085
39400 314627 215850
39400 316316 218378
39400 321374 221439
39400 313534 215213
39400 318087 218682
39400 323793 224188
39400 313645 215663
39400 311058 211006
39400 321860 223074
39400 320139 221148
39400 322083 222487
39400 314317 216527
39400 319574 220764
39400 318033 220190
39400 316444 217601
39400 314126 213830
39400 319697 222162
39400 310553 213230
39400 317099 218557
39400 321039 221579
39400 318697 220356
39400 310647 212715
39400 315793 217547
39400 313678 216303
39400 308429 209383
39400 321431 222961
39400 309226 209157
39400 306850 207476
39400 312357 212309
39400 309193 209887
39400 317939 218462
39400 308734 208632
39400 313730 215989
39400 317550 218993
39500 309389 209120
39500 303715 202907
39500 313087 213944
39500 306962 206976
39500 301495 203091
39500 315313 216224
39500 310846 212282
39500 316380 217719
39500 308352 208333
39500 313471 215269
39500 311900 211290
39500 311626 211474
39500 314011 215156
39500 306014 208287
39500 316155 218200
39500 311329 212714
39500 308487 208711
39500 313728 215601
39500 313991 215839
39500 322644 221652
39500 314034 213738
39500 307477 210255
39500 316807 217093
39500 316432 217715
39500 309155 208466
39500 315386 217225
39500 320516 221385
39500 309398 209380
39500 304418 204118
39500 310309 210290
39500 313075 214018
39500 307217 207209
39500 318788 219320
39500 308153 207888
39500 316276 217039
39500 316280 217437
39500 312637 212552
39500 317372 217203
39500 315812 215757
39500 320220 220591
39500 318041 219044
39500 320421 220167
39500 309551 209415
39500 318231 218819
39500 320994 221627
39500 300672 201933
39500 320180 221298
39500 320344 221200
39500 315549 215896
39500 317052 217167
39600 310298 211713
39600 316763 216519
39600 312208 212294
39600 306272 207446
39600 317894 217565
39600 305324 204690
39600 315939 217610
39600 308982 212484
39600 302282 207440
39600 306855 207159
39600 311770 212341
39600 313077 214367
39600 311641 212043
39600 310468 210378
39600 318844 218714
39600 308732 209149
39600 320745 221375
39600 322877 223553
39600 310910 210016
39600 318514 219703
39600 315185 215312
39600 308166 210627
39600 305026 204540
39600 319471 220337
39600 322478 223136
39600 315122 214637
39600 304847 204068
39600 316512 217835
39600 318464 218673
39600 318734 219613
39600 319997 219678
39600 318607 219010
39600 311191 209005
39600 319916 219986
39600 317670 217401
39600 308813 208014
39600 318523 218966
39600 310221 212202
39600 310707 209826
39600 305023 209163
39600 312737 213327
39600 321114 220507
39600 311379 212487
39600 311770 210357
39600 316812 216655
39600 317800 217809
39600 317035 217110
39600 306025 207605
39600 322770 221949
39600 313757 213772
39700 318164 219387
39700 307510 204657
39700 323204 224183
39700 307939 208165
39700 313016 210589
39700 316327 216483
39700 301427 206613
39700 314083 214278
39700 314867 216357
39700 319933 220661
39700 307780 206307
39700 321432 222297
39700 318380 218363
39700 318118 217422
39700 305638 205008
39700 311829 212783
39700 309825 209711
39700 316676 216134
39700 315464 216292
39700 318555 218654
39700 319222 219583
39700 310327 208850
39700 315264 214817
39700 311948 212002
39700 323494 223851
39700 319606 219358
39700 316484 217123
39700 310488 209370
39700 312499 212723
39700 310141 209173
39700 305503 206856
39700 312517 212853
39700 324296 223709
39700 321852 221917
39700 312913 211715
39700 315921 216688
39700 308719 206789
39700 306327 205142
39700 318693 219721
39700 316936 216579
39700 307108 206353
39700 306340 206409
39700 317398 218403
39700 319780 220474
39700 312559 213302
39700 322681 223657
39700 319852 221249
39700 314611 215437
39700 311751 210071
39700 317322 217407
39800 320213 218534
39800 316035 216897
39800 321272 221734
39800 316103 215255
39800 318057 218711
39800 315138 213913
39800 314384 214226
39800 318533 218942
39800 312216 211530
39800 314358 215019
39800 314327 215505
39800 320667 220020
39800 310433 209366
39800 316108 216010
39800 316131 215783
39800 315752 216587
39800 311368 211531
39800 320209 220282
39800 306755 207104
39800 317038 218043
39800 312584 211782
39800 325393 225275
39800 308905 210036
39800 310617 209779
39800 310130 208765
39800 327868 226739
39800 308901 209386
39800 321288 221482
39800 317387 217233
39800 318983 220093
39800 304840 204667
39800 316525 215841
39800 312873 213761
39800 312364 213839
39800 313993 213449
39800 326441 225380
39800 318228 217591
39800 306144 205699
39800 310137 211191
39800 315594 217034
39800 317564 218225
39800 318390 220219
39800 317246 217643
39800 321695 222871
39800 312539 210317
39800 316661 216319
39800 315438 215595
39800 313308 211666
39800 319905 219813
39800 318856 220108
39900 325556 224450
39900 327241 227167
39900 316839 216296
39900 311405 211801
39900 325327 225971
39900 312703 213316
39900 314287 214918
39900 315766 215454
39900 313907 212454
39900 323071 222720
39900 324923 224369
39900 318716 219107
39900 329653 229568
39900 315778 215623
39900 316145 215687
39900 324844 224747
39900 314016 213501
39900 310611 209154
39900 317205 217237
39900 318197 218427
39900 310395 209800
39900 318984 218222
39900 324024 223579
39900 318182 219842
39900 319748 220863
39900 312499 209570
39900 325748 224819
39900 315209 215967
39900 313861 212099
39900 317806 217940
39900 313465 210558
39900 313101 213439
39900 319430 219891
39900 314725 213834
39900 320571 220537
39900 323396 222522
39900 322162 222023
39900 319767 218557
39900 313646 212054
39900 317335 218137
39900 308183 205917
39900 320058 220194
39900 324433 223792
39900 326214 225885
39900 316278 215731
39900 314943 215840
39900 316364 215565
39900 322577 223091
39900 323724 223852
39900 317906 217696
40000 314419 212407
40000 313923 214104
40000 321649 221955
40000 316907 217002
40000 316035 214337
40000 318091 218132
40000 317005 215402
40000 306005 204510
40000 322589 221189
40000 312712 211963
40000 311768 210789
40000 313836 212029
40000 313840 212962
40000 311159 210403
40000 317771 217548
40000 312730 213208
40000 315717 216345
40000 319143 217299
40000 322730 222954
40000 314185 215090
40000 319847 220854
40000 319692 219516
40000 320287 220933
40000 317547 217768
40000 312607 211814
40000 324082 224132
40000 314353 212875
40000 316417 214967
40000 317208 217633
40000 302293 200682
40000 316996 216991
40000 320526 220021
40000 322017 221465
40000 309337 208524
40000 319814 218827
40000 307380 205404
40000 322077 220880
40000 318961 219901
40000 313508 213232
40000 313211 210421
40000 319882 220516
40000 308870 207624
40000 316543 216722
40000 312336 210737
40000 316375 215226
40000 313523 212160
40000 314064 214200
40000 313313 212629
40000 321260 221464
40000 322916 222407
40100 309291 207164
40100 324551 223587
40100 319071 218534
40100 328786 226969
40100 316066 214949
40100 317566 216276
40100 315278 215234
40100 320696 220726
40100 318230 217455
40100 317941 215085
40100 321481 222154
40100 317097 217097
40100 314155 213928
40100 323148 222360
40100 323331 223219
40100 322037 221625
40100 322397 221150
40100 307044 205135
40100 320456 219147
40100 311378 210625
40100 321531 220609
40100 318724 217217
40100 321568 221059
40100 310804 209459
40100 310953 208848
40100 317798 215904
40100 323425 224362
40100 311935 210857
40100 311195 209377
40100 322061 221719
40100 316014 214531
40100 322252 220626
40100 318537 218046
40100 325844 224631
40100 315871 214613
40100 316546 217227
40100 315301 212587
40100 319076 219034
40100 315968 215756
40100 317283 218906
40100 325125 224932
40100 321815 221607
40100 320509 218199
40100 313637 212306
40100 317154 215272
40100 312024 210286
40100 314519 212938
40100 320110 220014
40100 321857 219348
40100 319212 219373
40200 315952 216046
40200 315177 215078
40200 317393 217061
40200 317682 218388
40200 320201 219020
40200 324915 224426
40200 324902 222349
40200 322442 221628
40200 318445 218215
40200 324135 223637
40200 321883 221323
40200 327063 226620
40200 321864 219996
40200 316141 215273
40200 323804 222850
40200 320829 220443
40200 321536 220450
40200 312776 211700
40200 324886 224375
40200 324471 223153
40200 317465 215503
40200 325675 224406
40200 323972 223790
40200 328613 228304
40200 324395 222068
40200 321558 221253
40200 319345 217237
40200 316229 215601
40200 322144 221367
40200 320394 219293
40200 319908 219283
40200 316880 216069
40200 321463 220484
40200 316432 216074
40200 310508 208229
40200 325025 224185
40200 323669 223076
40200 323163 223181
40200 309614 208519
40200 327144 226405
40200 312855 209919
40200 323966 223835
40200 321107 220945
40200 321648 221146
40200 327480 227434
40200 325817 224984
40200 322464 221873
40200 316404 215516
40200 312701 211291
40200 320558 220403
40300 314512 213757
40300 311907 209922
40300 322545 222014
40300 320042 219245
40300 319352 217565
40300 311912 209977
40300 315518 214840
40300 319188 219245
40300 318620 218027
40300 311509 209914
40300 305869 205069
40300 315997 214771
40300 322206 220498
40300 327060 225502
40300 314355 211138
40300 322856 222054
40300 319485 218051
40300 318049 214541
40300 325416 222944
40300 313983 214241
40300 323758 224221
40300 315079 213866
40300 321911 220798
40300 318312 217813
40300 326243 224451
40300 317089 215955
40300 307024 205503
40300 318328 219287
40300 314037 210160
40300 327255 226197
40300 319693 220089
40300 326600 225872
40300 316422 213276
40300 321547 220166
40300 313981 214013
40300 321404 219891
40300 323652 223201
40300 323716 223447
40300 325188 224400
40300 320589 220814
40300 318288 217500
40300 324509 223749
40300 316397 216246
40300 310707 208685
40300 322817 221693
40300 312804 213230
40300 318657 217014
40300 318249 216914
40300 324211 222009
40300 325463 225255
40400 322630 222338
40400 318288 217500
40400 321998 219759
40400 316383 213150
40400 320121 219745
40400 329877 227783
40400 318915 215356
40400 323475 223144
40400 323670 221237
40400 318091 214614
40400 323749 223316
40400 319488 217755
40400 319049 217591
40400 324221 222892
40400 325103 224835
40400 317999 218468
40400 323376 220185
40400 326664 224823
40400 327589 225772
40400 327667 225919
40400 319357 217342
40400 320832 218910
40400 330998 229303
40400 318314 215411
40400 317142 214587
40400 314400 212266
40400 327492 225071
40400 321020 219962
40400 324193 222981
40400 329188 228163
40400 322595 221189
40400 320303 217539
40400 317668 216557
40400 327232 224274
40400 319424 216824
40400 321154 218263
40400 329076 227052
40400 317983 214817
40400 329206 228500
40400 321071 218760
40400 323620 221904
40400 326989 226728
40400 329701 227231
40400 319956 221757
40400 324911 223733
40400 328320 227096
40400 327082 226254
40400 321368 219574
40400 320395 218975
40400 321886 219942
40500 320851 219182
40500 320146 216828
40500 321966 220604
40500 319177 217133
40500 324062 222750
40500 315529 214499
40500 325680 224672
40500 329270 225681
40500 322484 221068
40500 317650 215204
40500 315837 212438
40500 319612 215995
40500 309299 208349
40500 310917 209048
40500 321808 221059
40500 314591 213953
40500 322870 220617
40500 320817 218220
40500 313147 212445
40500 325167 222318
40500 317657 215806
40500 324596 223723
40500 322674 222282
40500 324885 222986
40500 318560 217638
40500 318103 215014
40500 320501 217729
40500 317602 214206
40500 325624 223328
40500 321180 219823
40500 320100 219585
40500 315292 212792
40500 319378 218529
40500 312902 210455
40500 312881 210648
40500 327304 225503
40500 326280 224847
40500 328594 226716
40500 327562 225589
40500 323514 222910
40500 320845 219723
40500 324850 224007
40500 316288 215161
40500 326092 224603
40500 324403 222857
40500 321387 220829
40500 322952 221574
40500 315305 212085
40500 330232 228170
40500 322559 222048
40600 327334 225634
40600 321926 219276
40600 321479 219602
40600 327965 226324
40600 326491 224369
40600 323774 220566
40600 330301 227971
40600 322071 219301
40600 327622 225373
40600 318749 215409
40600 317449 215243
40600 329826 227307
40600 326459 223434
40600 330694 228683
40600 317804 214224
40600 329556 227852
40600 315744 214166
40600 315251 210059
40600 327140 223909
40600 320412 220431
40600 315197 210985
40600 317390 212985
40600 330622 228299
40600 313688 209197
40600 321350 219973
40600 329009 227226
40600 316700 215602
40600 312257 215060
40600 324327 222683
40600 325861 224573
40600 323522 222131
40600 317432 215485
40600 320668 219021
40600 320105 217604
40600 319755 219383
40600 327243 225999
40600 320677 220279
40600 325969 223068
40600 325572 222491
40600 317597 214611
40600 325747 223838
40600 324777 224014
40600 317317 214607
40600 309640 206060
40600 322000 220591
40600 319751 217011
40600 323482 223015
40600 326592 225145
40600 327252 225109
40600 324797 222422
40700 317272 214893
40700 324691 222843
40700 323301 222289
40700 328804 226724
40700 312591 209192
40700 318550 214703
40700 320688 216629
40700 318048 215424
40700 329758 227495
40700 319875 216170
40700 320731 218499
40700 318043 215857
40700 329697 227438
40700 322254 220237
40700 323266 220506
40700 320784 216867
40700 322378 218591
40700 311817 207998
40700 331704 229618
40700 330807 227653
40700 323900 221896
40700 329378 226960
40700 327619 225490
40700 326230 225227
40700 326174 223723
40700 323312 221029
40700 325520 223733
40700 323787 222631
40700 321422 217427
40700 325414 222642
40700 328352 225043
40700 322192 218923
40700 327898 225924
40700 319101 217356
40700 329169 226709
40700 326042 223085
40700 319194 216453
40700 324565 221981
40700 328104 225594
40700 326438 224849
40700 317268 215840
40700 327726 225207
40700 325750 222631
40700 324769 222311
40700 328346 226719
40700 319116 217924
40700 323193 219246
40700 326502 222673
40700 332987 229535
40700 330970 228517
40800 312808 211319
40800 328644 225850
40800 326380 225289
40800 330997 229844
40800 322785 221861
40800 326080 224515
40800 330232 228726
40800 316006 214100
40800 324259 222572
40800 329868 227713
40800 319541 216846
40800 325178 222286
40800 313716 209105
40800 326230 224190
40800 329185 227174
40800 329471 227144
40800 320010 217124
40800 317971 214530
40800 325429 222654
40800 314566 211073
40800 323776 221502
40800 318594 216621
40800 332510 229464
40800 318024 216812
40800 319600 216228
40800 324900 222234
40800 323385 222239
40800 321278 220057
40800 324734 221777
40800 327960 223991
40800 330168 228702
40800 315311 211711
40800 323089 221264
40800 318355 217222
40800 332150 230268
40800 322325 219240
40800 319294 217364
40800 318919 215039
40800 331923 229863
40800 328448 225771
40800 330511 226863
40800 326914 223926
40800 329841 227566
40800 321815 218169
40800 320259 215686
40800 326153 224752
40800 324008 222900
40800 328266 226671
40800 330118 228033
40800 328707 227116
40900 333661 231074
40900 330898 227984
40900 329787 224563
40900 323893 220263
40900 325203 220444
40900 323633 219787
40900 326273 222838
40900 332356 230188
40900 331338 228781
40900 320338 216065
40900 317824 214282
40900 329245 224605
40900 330317 225994
40900 332805 229852
40900 333047 229946
40900 331725 229328
40900 315650 211842
40900 325316 221644
40900 320917 216902
40900 332064 229519
40900 325474 222646
40900 327144 223186
40900 320828 217795
40900 320673 218663
40900 327925 223884
40900 332025 227860
40900 322867 221712
40900 330906 228708
40900 327986 224470
40900 319925 213875
40900 322145 218140
40900 331543 227598
40900 323588 222180
40900 330645 228977
40900 326471 224566
40900 332302 229687
40900 328576 225425
40900 321901 217445
40900 322008 218879
40900 318745 215206
40900 329939 226685
40900 330627 226984
40900 324857 222918
40900 336100 231927
40900 320269 215677
40900 316484 213481
40900 326187 222287
40900 325015 221350
40900 319946 216900
40900 332696 230031
41000 320463 218090
41000 316952 212861
41000 321588 217613
41000 324854 221118
41000 320304 216605
41000 323841 220953
41000 321723 220332
41000 333016 229957
41000 320891 218817
41000 329243 225924
41000 322853 221230
41000 328698 226710
41000 318842 216403
41000 321395 219146
41000 320641 216569
41000 327588 225175
41000 320083 215214
41000 320458 217573
41000 323648 220534
41000 327579 224508
41000 334134 231083
41000 329626 226361
41000 322014 218827
41000 333971 230781
41000 317736 216150
41000 328081 225990
41000 319718 215272
41000 327417 224339
41000 317572 212915
41000 318546 214302
41000 329433 226146
41000 317118 211312
41000 318852 216402
41000 332876 229582
41000 312551 208447
41000 322329 219259
41000 325334 222891
41000 330689 227581
41000 323949 222055
41000 320787 218903
41000 322229 219813
41000 327051 224895
41000 327704 224931
41000 322503 219517
41000 324985 222363
41000 322664 218737
41000 322104 219260
41000 320733 219104
41000 323107 218169
41000 318015 215538
41100 329654 225457
41100 330348 227851
41100 316784 213063
41100 330152 227175
41100 320017 214322
41100 327588 224455
41100 332468 229973
41100 324093 220735
41100 335298 231093
41100 319778 214598
41100 322887 216969
41100 324337 221784
41100 324188 222488
41100 334257 231302
41100 323326 220087
41100 335762 232361
41100 317841 214274
41100 327000 224505
41100 332134 229389
41100 324678 221474
41100 327946 225360
41100 322830 218349
41100 328877 226169
41100 326773 223692
41100 330586 225940
41100 326176 223831
41100 330476 225521
41100 324051 219448
41100 320830 218804
41100 316254 211076
41100 329230 227697
41100 321439 217972
41100 321161 216083
41100 334600 230910
41100 323936 221329
41100 329296 225906
41100 331221 227118
41100 315110 211021
41100 332020 228230
41100 326441 223472
41100 331285 227704
41100 327991 223957
41100 319670 215331
41100 325687 221876
41100 325218 221027
41100 327346 224182
41100 333967 229721
41100 318868 214110
41100 325779 224100
41100 329124 225104
41200 330736 226099
41200 325777 222793
41200 323189 219920
41200 326724 224281
41200 325969 220592
41200 326429 224291
41200 332413 228893
41200 330460 227208
41200 326419 222545
41200 318759 213120
41200 329221 225729
41200 327397 222967
41200 328309 225848
41200 329116 225281
41200 320085 215618
41200 333749 229567
41200 325729 221087
41200 327217 223040
41200 325920 219513
41200 331456 228820
41200 328057 223752
41200 329762 225920
41200 330543 227616
41200 322965 219574
41200 326549 222226
41200 323593 217672
41200 321208 217700
41200 323417 219850
41200 326909 222981
41200 327639 225022
41200 325376 221788
41200 321645 216333
41200 325469 223045
41200 328150 223466
41200 327154 223039
41200 329553 226863
41200 318921 213293
41200 332957 229359
41200 325449 221671
41200 319197 214936
41200 333483 230161
41200 331374 227920
41200 330714 227601
41200 323630 222855
41200 335261 232270
41200 334734 230756
41200 327158 224087
41200 326678 222732
41200 335275 232457
41200 334919 231786
41300 326690 222828
41300 322119 217702
41300 335495 232482
41300 328375 225872
41300 323119 220203
41300 325430 220595
41300 329563 225460
41300 334290 230622
41300 323622 219084
41300 328751 224918
41300 328401 224838
41300 324847 220638
41300 334963 231143
41300 324563 221128
41300 326321 222955
41300 325775 223198
41300 330500 227045
41300 326071 221046
41300 331079 227457
41300 327651 224580
41300 336323 232677
41300 319361 214774
41300 317491 215424
41300 320138 215063
41300 331565 226846
41300 328217 225464
41300 331460 227527
41300 326047 221438
41300 330300 226775
41300 325979 221090
41300 324266 221064
41300 327111 223244
41300 320704 216796
41300 328725 225924
41300 328575 223748
41300 328840 225848
41300 334682 231126
41300 331781 228664
41300 324037 221089
41300 330180 226928
41300 319518 217625
41300 323048 218676
41300 326577 221761
41300 326294 222130
41300 329224 226265
41300 325441 223366
41300 335403 230128
41300 325233 219902
41300 331456 228792
41300 328102 224172
41400 335875 232605
41400 312614 213018
41400 328023 223249
41400 335384 231866
41400 324236 220667
41400 338359 233897
41400 324894 220153
41400 332765 229293
41400 337863 234700
41400 329337 225618
41400 327837 223704
41400 323824 218333
41400 332945 229748
41400 338177 234456
41400 338069 234275
41400 332694 228371
41400 337781 234306
41400 335056 232134
41400 323545 219937
41400 336344 231906
41400 332482 228309
41400 322944 220170
41400 325036 219991
41400 332271 228674
41400 321784 217670
41400 335735 231358
41400 324294 216864
41400 329070 223776
41400 327570 222154
41400 337835 233648
41400 336954 232358
41400 320474 217887
41400 336232 232761
41400 331999 228851
41400 332170 228144
41400 334087 230548
41400 316158 210825
41400 334667 231188
41400 309681 211761
41400 330547 228360
41400 334751 230445
41400 331466 229316
41400 320183 220114
41400 328750 223777
41400 334842 230047
41400 326738 223961
41400 323908 219845
41400 340279 235609
41400 333018 228699
41400 323145 219430
41500 327895 223272
41500 326137 221964
41500 326651 222898
41500 334808 229255
41500 329728 224467
41500 322816 217873
41500 333938 230007
41500 325817 222410
41500 331621 229092
41500 338248 234405
41500 326581 223322
41500 322299 219211
41500 335654 232143
41500 332421 227514
41500 324607 221673
41500 335025 230689
41500 327295 223985
41500 327339 223512
41500 325253 221240
41500 317351 211832
41500 323169 219596
41500 320307 216934
41500 326984 222922
41500 322190 217023
41500 328666 225290
41500 324645 218512
41500 334488 231200
41500 331800 228234
41500 339103 235133
41500 329865 225878
41500 326305 223015
41500 327218 222992
41500 335286 231128
41500 330644 225497
41500 333014 228963
41500 325887 219756
41500 326312 222355
41500 328566 223170
41500 316533 210650
41500 336723 232800
41500 329980 227022
41500 332284 227996
41500 323706 219551
41500 336093 232391
41500 325464 221816
41500 336086 231083
41500 334101 230415
41500 334794 229735
41500 335786 232018
41500 329950 226186
41600 328926 222354
41600 332700 228622
41600 332643 228986
41600 335441 230899
41600 324245 219521
41600 331873 227778
41600 337461 234037
41600 320773 215320
41600 328763 225129
41600 331868 228022
41600 328357 224850
41600 320757 216237
41600 337664 233574
41600 323811 220671
41600 326377 223021
41600 329729 224070
41600 331580 227814
41600 332930 227662
41600 335043 229922
41600 323743 218631
41600 329606 225664
41600 332879 227897
41600 337628 233050
41600 324456 220742
41600 328668 224736
41600 331799 226033
41600 324431 218102
41600 333470 229403
41600 327102 222506
41600 332967 228871
41600 338676 233784
41600 332991 227661
41600 325332 220280
41600 327291 221431
41600 329695 226887
41600 335622 231803
41600 333342 227284
41600 326195 223112
41600 336484 233117
41600 329536 222514
41600 329965 224211
41600 334173 230858
41600 330045 225459
41600 331983 226158
41600 334333 231249
41600 333862 229992
41600 333457 228974
41600 333301 229559
41600 331284 225947
41600 327820 221424
41700 329919 226009
41700 323621 217239
41700 333362 228675
41700 336022 231967
41700 331642 224464
41700 335291 229475
41700 335539 230300
41700 336321 231440
41700 335230 230866
41700 328046 220670
41700 326433 220900
41700 326512 221798
41700 331263 227241
41700 337799 233197
41700 333049 228778
41700 319218 211514
41700 337867 233790
41700 336506 230191
41700 323689 215632
41700 336957 232145
41700 327460 222767
41700 321417 215692
41700 336728 232048
41700 321380 217028
41700 338938 232960
41700 333227 229047
41700 335821 230668
41700 329129 225373
41700 328181 221402
41700 323089 219420
41700 330839 225154
41700 336319 230773
41700 329174 225257
41700 333653 228360
41700 327366 221281
41700 335521 230910
41700 339930 235552
41700 338541 234002
41700 329787 223884
41700 335668 231632
41700 337935 233500
41700 338081 234061
41700 322872 221037
41700 329505 224067
41700 336327 232478
41700 337650 232578
41700 341376 236431
41700 332179 227228
41700 332691 229254
41700 326887 223318
41800 336556 232031
41800 328170 221950
41800 331675 227022
41800 330840 224923
41800 328336 223407
41800 335475 231515
41800 329561 222720
41800 341003 234509
41800 321951 217522
41800 337055 232003
41800 337390 232577
41800 328378 223125
41800 333295 227589
41800 325505 218764
41800 335866 231036
41800 325195 218994
41800 326811 221539
41800 330654 225789
41800 333580 228479
41800 322851 217779
41800 339554 234301
41800 323699 218519
41800 336168 230713
41800 340693 235520
41800 340004 235108
41800 324079 219369
41800 332645 227822
41800 342349 236272
41800 336742 231692
41800 341739 236338
41800 332299 226008
41800 330036 224255
41800 341574 236677
41800 325218 220945
41800 341890 235766
41800 337135 232776
41800 327607 223794
41800 340946 235393
41800 336606 232292
41800 321787 214788
41800 329580 223910
41800 333155 229547
41800 316839 212998
41800 335887 229381
41800 331480 225676
41800 336101 230221
41800 332869 226757
41800 325308 221422
41800 337989 233380
41800 336387 231810
41900 330297 223886
41900 342222 235788
41900 341287 236661
41900 344047 238204
41900 332032 226982
41900 333746 228278
41900 326524 219489
41900 340310 235018
41900 341063 235359
41900 340287 234840
41900 337821 233881
41900 332366 226952
41900 341739 234257
41900 333604 228932
41900 336802 231771
41900 342475 236584
41900 333764 229527
41900 334534 229320
41900 341314 235285
41900 325091 219718
41900 338318 233014
41900 336889 232314
41900 332678 227513
41900 329934 222415
41900 328871 222982
41900 330243 224602
41900 339125 235051
41900 326916 222840
41900 338048 231312
41900 339650 234352
41900 341385 234604
41900 325798 220743
41900 337617 232819
41900 337764 232856
41900 328453 221834
41900 332406 227001
41900 325006 218026
41900 341380 236242
41900 336131 229550
41900 340259 235719
41900 328479 221959
41900 341321 235730
41900 329417 222340
41900 340123 233575
41900 340478 233716
41900 337018 231836
41900 338541 234788
41900 335675 230638
41900 327852 220799
41900 330233 225946
42000 322502 217638
42000 330172 225089
42000 339257 233903
42000 332668 228741
42000 325431 218847
42000 331073 224954
42000 330002 224341
42000 332038 225321
42000 337557 231112
42000 338697 233437
42000 330097 226042
42000 328741 220995
42000 329126 223129
42000 336959 231766
42000 339304 234359
42000 340284 234864
42000 337975 232246
42000 327286 219265
42000 329950 224598
42000 334897 227533
42000 342377 237644
42000 330853 226265
42000 334292 229664
42000 330236 225381
42000 333663 227683
42000 327276 221007
42000 339859 233089
42000 334938 230434
42000 335184 231852
42000 341195 235306
42000 330420 224751
42000 334374 227182
42000 335532 232103
42000 327561 219323
42000 339281 233884
42000 329365 223590
42000 340455 234721
42000 329101 224044
42000 332214 226626
42000 336589 230004
42000 329749 223474
42000 334824 229125
42000 330866 224011
42000 340779 236115
42000 335615 229701
42000 332587 227891
42000 339780 234651
42000 322665 215066
42000 337945 232577
42000 339812 235286
42100 326562 218755
42100 338161 231757
42100 339352 233468
42100 325537 218022
42100 333622 227616
42100 330171 223885
42100 331949 223079
42100 329681 224005
42100 337052 231820
42100 333514 227454
42100 338232 232826
42100 336114 228470
42100 336596 230129
42100 333146 226672
42100 334177 226457
42100 332284 225386
42100 330468 226188
42100 332378 225727
42100 329990 222184
42100 324276 218632
42100 334385 228664
42100 340198 234811
42100 336892 231547
42100 336834 229753
42100 328676 224095
42100 339739 233612
42100 327963 221409
42100 341514 236471
42100 333538 227026
42100 340642 234448
42100 333710 226845
42100 335544 229887
42100 336758 231655
42100 333829 227381
42100 334441 228697
42100 342558 236812
42100 339943 234029
42100 337839 231830
42100 331196 226854
42100 335706 230490
42100 337169 231435
42100 333978 228164
42100 340442 234297
42100 341444 235328
42100 332966 226019
42100 337737 232390
42100 335299 227331
42100 335542 230369
42100 342866 237499
42100 330926 223359
42200 330528 223848
42200 325971 217508
42200 336272 230315
42200 334390 228538
42200 340188 234386
42200 346258 240047
42200 341584 234765
42200 340897 235437
42200 340956 235698
42200 333492 227299
42200 333474 226854
42200 342679 235362
42200 338215 231479
42200 332512 226000
42200 332314 226968
42200 341662 235304
42200 342905 236666
42200 336176 228865
42200 338134 230755
42200 338164 233023
42200 332816 228098
42200 335027 228610
42200 332356 226338
42200 330149 222575
42200 331427 224661
42200 337646 233055
42200 327145 221510
42200 336598 230328
42200 333260 225915
42200 337513 230098
42200 344641 238353
42200 327953 221478
42200 339350 234560
42200 341878 236066
42200 340265 234647
42200 337979 232032
42200 341997 235334
42200 332056 227214
42200 333724 226600
42200 333954 225840
42200 337265 230662
42200 333810 227208
42200 332527 225368
42200 343361 237475
42200 345356 238741
42200 332083 224636
42200 338714 233095
42200 340375 235129
42200 336561 230113
42200 327280 221288
42300 325309 217790
42300 326531 218792
42300 339195 233388
42300 336722 228972
42300 334188 229043
42300 342382 234954
42300 324841 217355
42300 332568 226755
42300 338846 233792
42300 336367 231325
42300 343172 236817
42300 336883 228982
42300 337789 231941
42300 338478 231882
42300 344553 238108
42300 333792 226910
42300 343714 237391
42300 334731 226879
42300 328381 221024
42300 328290 221944
42300 330852 225866
42300 331168 222755
42300 325023 216325
42300 338995 232338
42300 343341 236348
42300 344962 238870
42300 339984 234323
42300 325946 220312
42300 328998 220944
42300 342438 236464
42300 336753 231313
42300 333957 229097
42300 325511 218901
42300 348498 241375
42300 338859 233982
42300 332726 223600
42300 340801 232816
42300 333360 227342
42300 327783 221310
42300 332123 225426
42300 337721 232914
42300 334396 228105
42300 337804 232666
42300 341861 237154
42300 340094 234871
42300 341655 235599
42300 333571 227634
42300 337891 230681
42300 330433 222595
42300 332880 227664
42400 341197 234951
42400 332524 224129
42400 346259 238624
42400 340271 233617
42400 337399 231110
42400 338471 233221
42400 340388 234164
42400 336131 229814
42400 337656 231431
42400 344423 238220
42400 335499 227397
42400 341250 234650
42400 343233 236862
42400 342224 234682
42400 338435 232609
42400 340744 235064
42400 334228 226263
42400 343930 237436
42400 340199 235387
42400 327854 224968
42400 338628 232284
42400 335867 229965
42400 332248 226358
42400 346008 240016
42400 342337 234659
42400 339404 232792
42400 336652 231324
42400 341596 233618
42400 332693 226855
42400 339659 233991
42400 331848 225227
42400 344257 237150
42400 346067 239260
42400 335237 228104
42400 342142 234097
42400 323196 221451
42400 342437 234364
42400 346916 241307
42400 343862 237513
42400 340579 233682
42400 344527 238328
42400 336433 229592
42400 346370 239942
42400 331576 225496
42400 347481 240745
42400 340655 234426
42400 338400 232184
42400 343297 235925
42400 336708 228320
42400 338965 230908
42500 336058 229349
42500 335082 228905
42500 338153 230626
42500 336545 230456
42500 342718 234638
42500 334177 226774
42500 331521 222982
42500 331809 226299
42500 340133 233928
42500 333695 228024
42500 332064 223315
42500 335888 229770
42500 342032 235032
42500 340499 233895
42500 338991 232624
42500 339445 233373
42500 336798 230881
42500 343104 236177
42500 345791 238873
42500 334823 229935
42500 332764 224610
42500 339590 233773
42500 333698 227654
42500 330127 224409
42500 338258 231021
42500 333935 227866
42500 340955 234740
42500 341007 234402
42500 332096 224012
42500 334090 227632
42500 332783 223680
42500 340243 234589
42500 346091 239021
42500 332369 225940
42500 338173 230155
42500 330745 222331
42500 341854 232815
42500 340941 232760
42500 334909 226671
42500 333946 224999
42500 330517 223693
42500 333814 224730
42500 334122 227140
42500 341428 234612
42500 342087 234897
42500 346401 239509
42500 341721 233541
42500 344503 237649
42500 328388 219616
42500 339516 232067
42600 330210 221595
42600 341699 235099
42600 344071 236236
42600 332382 225830
42600 339976 232409
42600 342799 236289
42600 333363 224607
42600 334741 225637
42600 334031 225344
42600 339906 232944
42600 331589 225981
42600 347515 240866
42600 336891 227569
42600 335450 228322
42600 329637 223919
42600 337409 229759
42600 341908 236083
42600 342970 236314
42600 343022 235619
42600 332114 227126
42600 339051 233001
42600 338749 231283
42600 337833 230620
42600 323115 216596
42600 345312 238927
42600 335885 228355
42600 341135 234010
42600 343589 236960
42600 340867 234632
42600 337831 230676
42600 337876 228683
42600 333039 226043
42600 338536 232095
42600 333871 227197
42600 338405 231271
42600 328957 220982
42600 345328 237489
42600 334025 225481
42600 343125 236157
42600 338049 230305
42600 330949 223024
42600 340472 233241
42600 331941 225770
42600 338736 231642
42600 339497 230821
42600 337671 228330
42600 346239 238440
42600 338149 231040
42600 327539 218907
42600 343620 236666
42700 332461 223914
42700 333249 225105
42700 346957 240773
42700 348694 241383
42700 329819 221400
42700 349508 242742
42700 340760 234243
42700 344420 237707
42700 333748 224136
42700 335164 228702
42700 331764 221835
42700 340644 234168
42700 343348 237061
42700 328514 221466
42700 339727 232306
42700 325478 216586
42700 348248 241032
42700 348424 241520
42700 337109 230302
42700 340319 233504
42700 339856 231212
42700 345340 236369
42700 330823 222042
42700 333357 227659
42700 339157 232357
42700 339372 233845
42700 349167 242018
42700 339101 231689
42700 339934 232053
42700 339127 232217
42700 338981 229493
42700 333842 226720
42700 339201 229652
42700 340734 231994
42700 340708 233328
42700 343955 235358
42700 337961 231639
42700 339951 231343
42700 330126 222618
42700 342900 235226
42700 340898 233049
42700 336542 228256
42700 347724 240562
42700 339257 230695
42700 345536 238576
42700 340066 233008
42700 338790 231819
42700 336870 229614
42700 340829 233624
42700 345782 236946
42800 340647 232404
42800 342710 237302
42800 342850 234081
42800 348541 240564
42800 339961 232155
42800 334353 226863
42800 334619 227414
42800 332573 222838
42800 348294 240557
42800 338699 231749
42800 336831 228124
42800 333666 224176
42800 334958 226919
42800 337518 229833
42800 340197 232210
42800 342883 234436
42800 328305 222245
42800 338660 232495
42800 342014 234037
42800 336967 226498
42800 346857 237804
42800 339409 231714
42800 328782 218760
42800 342213 234168
42800 324794 218891
42800 342360 235395
42800 341732 234170
42800 341306 233523
42800 344128 236963
42800 344083 237375
42800 339893 230955
42800 343584 235702
42800 340472 233657
42800 340340 234127
42800 350452 241753
42800 341372 234769
42800 345683 237646
42800 335429 228706
42800 327333 224488
42800 343024 236110
42800 341766 234474
42800 330760 223466
42800 341344 234271
42800 340033 232685
42800 341777 234495
42800 341409 232751
42800 346696 238783
42800 332857 224432
42800 336761 230254
42800 342571 234918
42900 342243 234927
42900 335473 227372
42900 338472 229803
42900 340962 233086
42900 340389 232684
42900 342972 234147
42900 345753 238657
42900 348006 239452
42900 338175 230227
42900 343193 233947
42900 338684 231075
42900 344883 236971
42900 341872 234696
42900 344114 236811
42900 343882 235155
42900 338361 228314
42900 345251 236862
42900 345756 238682
42900 344045 236432
42900 350722 242640
42900 341731 233442
42900 352334 244428
42900 337103 226892
42900 345953 238255
42900 348822 241544
42900 347802 240281
42900 335979 229561
42900 350628 243354
42900 354358 245568
42900 350475 242797
42900 349409 240884
42900 338909 232069
42900 339548 232130
42900 335360 229026
42900 337851 228439
42900 344585 237058
42900 348611 240291
42900 341980 235323
42900 349733 241145
42900 350047 241619
42900 342850 234012
42900 345709 237956
42900 334651 227235
42900 349684 242413
42900 337757 228471
42900 345366 236987
42900 337319 227487
42900 342433 235203
42900 346926 238501
42900 333430 223721
43000 345320 235942
43000 337918 229160
43000 336036 226761
43000 343813 236323
43000 342987 234464
43000 341204 234923
43000 342038 234205
43000 346173 237043
43000 347562 240063
43000 334907 226330
43000 340488 231147
43000 346100 238687
43000 334494 225091
43000 334378 227329
43000 349439 240787
43000 345295 237932
43000 352245 243736
43000 331847 222587
43000 346523 238404
43000 335697 226043
43000 345426 236676
43000 341653 233239
43000 349910 242582
43000 338067 230287
43000 342164 234067
43000 339331 230450
43000 342489 235004
43000 348043 240318
43000 343468 235872
43000 345812 238425
43000 337806 229294
43000 348059 241124
43000 341104 234489
43000 344921 237953
43000 347121 239001
43000 342387 233929
43000 332675 224286
43000 340484 232991
43000 332629 223678
43000 332354 222768
43000 341843 232398
43000 335826 228637
43000 335806 226722
43000 344265 236808
43000 344247 237168
43000 339344 232266
43000 335241 227130
43000 343088 235148
43000 347936 238914
43000 330967 221444
43100 336971 227713
43100 344157 236339
43100 347411 240120
43100 333848 224597
43100 335815 227467
43100 345931 237808
43100 344033 234512
43100 332890 224440
43100 349190 240036
43100 333406 222863
43100 349923 241324
43100 347897 239240
43100 349595 241167
43100 343391 233510
43100 342511 233237
43100 346990 237630
43100 339118 232396
43100 349044 241472
43100 345265 238937
43100 343118 234060
43100 348329 240047
43100 340038 229033
43100 342189 235339
43100 342496 233677
43100 343641 235573
43100 340758 231503
43100 345402 236681
43100 342009 232459
43100 349800 239687
43100 334438 223782
43100 351502 243619
43100 347398 238863
43100 341593 233398
43100 343495 235542
43100 341878 233014
43100 338518 230306
43100 349502 240827
43100 328293 224610
43100 338004 230755
43100 339920 231947
43100 345647 238004
43100 344917 236093
43100 339895 231387
43100 338407 229993
43100 345949 238202
43100 338847 229924
43100 342149 234336
43100 352219 243726
43100 340330 231863
43100 341897 235417
43200 342905 233476
43200 346884 239741
43200 349431 239780
43200 340450 232371
43200 345462 237691
43200 342730 235335
43200 347400 239509
43200 348281 238850
43200 349545 241568
43200 349248 241657
43200 349167 239487
43200 341130 232706
43200 351958 243408
43200 341379 233111
43200 337927 227378
43200 348602 239489
43200 328988 221146
43200 351339 243519
43200 347013 237157
43200 342217 233330
43200 335652 227021
43200 334147 224662
43200 340464 231299
43200 346018 235354
43200 348752 240854
43200 341836 231019
43200 352423 243800
43200 341782 232055
43200 342582 235337
43200 344338 236410
43200 347379 238829
43200 349163 241255
43200 337837 230046
43200 351080 241954
43200 341330 232535
43200 344567 236535
43200 351277 243300
43200 342874 235941
43200 335795 227281
43200 343578 234727
43200 346330 236208
43200 350668 243244
43200 340138 231662
43200 341488 230664
43200 340764 233270
43200 349276 241559
43200 352456 244194
43200 337441 227939
43200 333468 229704
43200 341659 233178
43300 351659 243719
43300 350426 242537
43300 339685 231874
43300 338004 228743
43300 353531 244899
43300 335104 228302
43300 346954 237513
43300 342146 232501
43300 346090 236157
43300 333365 223355
43300 347424 239204
43300 352254 242469
43300 337099 227510
43300 342283 233662
43300 340446 231253
43300 348198 239392
43300 346340 236522
43300 350628 241269
43300 343555 236395
43300 338854 229968
43300 339469 230843
43300 343836 236232
43300 341737 233650
43300 349872 241688
43300 348397 239755
43300 349580 241408
43300 347787 237560
43300 341997 233246
43300 352290 243547
43300 334207 223944
43300 338415 229027
43300 330699 221054
43300 345232 236060
43300 343423 234569
43300 351965 243439
43300 346890 239360
43300 335569 227946
43300 345148 236746
43300 355725 246484
43300 349318 239622
43300 349031 240887
43300 348224 239378
43300 341873 232311
43300 334012 222833
43300 337584 229760
43300 348430 239133
43300 334422 224060
43300 350505 240779
43300 345874 237892
43300 337288 228367
43400 351983 242469
43400 352042 243791
43400 350568 241306
43400 355181 246358
43400 353914 244804
43400 347337 236894
43400 346699 237126
43400 340282 229817
43400 346862 237422
43400 349924 240795
43400 349290 240928
43400 346295 238486
43400 348580 239406
43400 354647 245828
43400 352439 242551
43400 353658 244009
43400 344009 233853
43400 343981 233645
43400 341371 232638
43400 345412 236127
43400 343627 236600
43400 336859 227063
43400 354317 245528
43400 349444 240106
43400 338078 230191
43400 343974 235785
43400 344654 236773
43400 349752 239877
43400 352603 243348
43400 355266 245763
43400 346808 236495
43400 351840 242388
43400 351053 242724
43400 358523 249916
43400 354682 244117
43400 350436 243124
43400 350497 242371
43400 345983 238003
43400 349053 240342
43400 346187 234515
43400 340443 232651
43400 347768 240038
43400 341065 233514
43400 354629 245575
43400 356456 247113
43400 351690 241874
43400 342969 231809
43400 348448 238727
43400 341064 232076
43400 343819 234074
43500 353673 244583
43500 341146 230929
43500 348739 239015
43500 344331 235219
43500 343453 234607
43500 344582 235789
43500 339271 226688
43500 341228 231480
43500 351898 242990
43500 335909 225428
43500 341589 232330
43500 348172 240827
43500 342997 233556
43500 343470 233122
43500 350589 241579
43500 350169 240714
43500 335419 224642
43500 349190 241025
43500 342233 234499
43500 331609 225296
43500 346672 236110
43500 350396 240698
43500 343396 231165
43500 335229 223377
43500 346151 237939
43500 333790 224047
43500 340354 231157
43500 338393 229470
43500 336923 228233
43500 348010 239491
43500 348642 239981
43500 348337 239152
43500 353643 244089
43500 342846 234876
43500 344183 234110
43500 348852 239505
43500 344295 236756
43500 355844 246078
43500 339303 230762
43500 336824 226771
43500 349373 237756
43500 349068 238515
43500 347989 238787
43500 341257 232240
43500 356366 247337
43500 344184 235467
43500 347010 238050
43500 345273 234629
43500 340825 230651
43500 350802 240830
43600 343763 233378
43600 347417 237583
43600 352260 241858
43600 346520 235646
43600 346396 236778
43600 347119 236768
43600 346944 235344
43600 343693 235206
43600 333463 225146
43600 349189 240115
43600 342359 233730
43600 356045 245212
43600 352702 243525
43600 342100 232761
43600 341966 232235
43600 353606 244142
43600 349586 240076
43600 336833 225698
43600 347327 236768
43600 348203 238699
43600 350143 240451
43600 337916 227149
43600 342480 234415
43600 347024 236135
43600 353546 243872
43600 341555 230411
43600 347682 239367
43600 350047 241298
43600 336066 225016
43600 346464 235468
43600 351021 242161
43600 354970 246097
43600 346128 237265
43600 351387 242063
43600 346203 235071
43600 348414 239800
43600 355410 246162
43600 352889 244855
43600 353140 243372
43600 342407 234557
43600 338334 227382
43600 350642 241044
43600 339252 230693
43600 336449 224096
43600 339905 230086
43600 352852 243259
43600 349190 240344
43600 349207 239197
43600 344886 236368
43600 347940 237293
43700 353744 243603
43700 347390 237559
43700 350730 240248
43700 350431 239978
43700 350135 240449
43700 350317 239366
43700 340865 233290
43700 347865 236034
43700 337053 225895
43700 343962 233071
43700 350990 241438
43700 349540 239866
43700 353666 244574
43700 353327 242055
43700 353816 244126
43700 350677 241922
43700 349363 240386
43700 354976 244690
43700 348416 238115
43700 355653 245750
43700 342144 232438
43700 334727 223300
43700 347905 238723
43700 342486 232119
43700 342733 232091
43700 353410 243317
43700 354007 244399
43700 352335 242027
43700 353801 243913
43700 353545 243950
43700 351651 243113
43700 338022 227970
43700 343327 233124
43700 351038 239584
43700 348348 238575
43700 349903 238235
43700 341151 233234
43700 348538 239089
43700 349962 240163
43700 352266 243350
43700 347482 238221
43700 334216 224636
43700 340490 231780
43700 346746 235371
43700 351964 242742
43700 340839 230183
43700 355159 243632
43700 357851 247167
43700 341506 231339
43700 357045 247213
43800 356619 246333
43800 346801 237179
43800 356672 247552
43800 350960 240960
43800 350734 239296
43800 349024 239522
43800 348604 239098
43800 354815 245335
43800 343653 234298
43800 344568 233957
43800 350247 240646
43800 349384 238983
43800 348867 239580
43800 344995 232388
43800 344570 236138
43800 349448 238476
43800 351909 241522
43800 345882 235778
43800 339816 228658
43800 348826 238905
43800 351753 242127
43800 354632 245091
43800 348417 237839
43800 358038 247213
43800 356390 245496
43800 356204 246195
43800 350415 240733
43800 339759 228308
43800 337705 226136
43800 354508 244798
43800 346448 236647
43800 340022 228993
43800 349377 237996
43800 352124 241547
43800 355006 245290
43800 349408 239048
43800 342169 233471
43800 353540 243154
43800 350537 241496
43800 344351 233153
43800 348366 237416
43800 347964 238154
43800 352690 242576
43800 342229 232282
43800 349120 238139
43800 340784 230872
43800 350892 240605
43800 343885 233874
43800 355307 244550
43800 337252 226604
43900 343954 233285
43900 357605 246396
43900 355513 245860
43900 354002 242134
43900 350175 238637
43900 358217 247930
43900 356956 247123
43900 346366 233243
43900 349281 238536
43900 357824 246487
43900 340364 228563
43900 353249 243900
43900 356518 245590
43900 344342 233391
43900 348030 235681
43900 346275 236306
43900 355837 244664
43900 327690 222337
43900 339995 233936
43900 339473 229540
43900 356948 246206
43900 337128 226628
43900 354264 244482
43900 347367 236340
43900 346203 235249
43900 358537 248015
43900 352003 240111
43900 358033 247087
43900 351723 241251
43900 347509 237848
43900 346567 234078
43900 343140 233304
43900 355757 246310
43900 355874 244445
43900 352494 243048
43900 347229 236977
43900 324173 219421
43900 358156 245955
43900 342467 229759
43900 358633 249005
43900 350351 238564
43900 349568 240068
43900 343759 231890
43900 355686 245328
43900 348649 239047
43900 353928 242692
43900 350936 239185
43900 352088 242656
43900 354423 243833
43900 347855 236249
44000 355879 244080
44000 344074 232253
44000 351205 241339
44000 354647 243611
44000 353011 242444
44000 349303 239152
44000 341986 229991
44000 353288 240755
44000 352435 240322
44000 344347 230236
44000 346467 235037
44000 342787 233101
44000 345446 235942
44000 358612 248798
44000 352928 243384
44000 353783 243262
44000 346577 235327
44000 345531 236076
44000 345777 234429
44000 343244 230986
44000 343148 232949
44000 347243 236800
44000 337763 227260
44000 343665 231700
44000 348614 237201
44000 349624 239004
44000 353731 243329
44000 353598 243386
44000 352439 241673
44000 353877 242496
44000 350154 240158
44000 342515 232804
44000 340481 229219
44000 344848 234457
44000 348351 238127
44000 348472 236610
44000 349542 238384
44000 344307 232357
44000 349100 239125
44000 353422 242933
44000 347759 236101
44000 340491 229518
44000 346783 237403
44000 340814 227812
44000 347461 235865
44000 353786 243365
44000 353154 241950
44000 347512 236585
44000 339155 231393
44000 335792 222791
44100 355728 245372
44100 349965 239197
44100 341757 233148
44100 342028 232239
44100 358518 248190
44100 356834 246568
44100 344938 233298
44100 347030 236169
44100 355065 242721
44100 356152 245382
44100 358210 246132
44100 343910 233399
44100 353980 243261
44100 349853 238550
44100 353230 242090
44100 344135 231594
44100 351339 240298
44100 340496 228860
44100 338429 229913
44100 343770 232359
44100 353975 243988
44100 351995 240647
44100 345838 232502
44100 345223 235979
44100 357987 246532
44100 353617 243093
44100 354294 242526
44100 345259 233625
44100 356103 244310
44100 351014 240971
44100 347140 235861
44100 353283 241749
44100 355437 242979
44100 350565 239846
44100 344382 231869
44100 345198 235250
44100 350179 238685
44100 346815 237198
44100 344770 232091
44100 351344 239193
44100 348359 238134
44100 344343 232271
44100 344858 230594
44100 343721 231945
44100 357812 246069
44100 355800 244923
44100 339438 226281
44100 345582 234089
44100 343480 230234
44100 350454 239317
44200 359244 249530
44200 346329 236543
44200 350143 239802
44200 354261 243934
44200 345313 232860
44200 354392 243421
44200 350330 239301
44200 354119 244213
44200 348418 234705
44200 357896 246848
44200 356025 245087
44200 348998 236275
44200 355509 243152
44200 354082 243127
44200 347325 236688
44200 346144 234900
44200 358467 246956
44200 353705 244104
44200 347400 236761
44200 350097 239319
44200 351529 239294
44200 354759 243675
44200 351670 240683
44200 343461 229819
44200 350406 240987
44200 350833 238900
44200 354486 243138
44200 356673 245042
44200 353509 241819
44200 359109 248473
44200 357818 245915
44200 346991 237613
44200 357288 246423
44200 352562 242375
44200 348751 236585
44200 351335 240579
44200 352751 241571
44200 349741 237678
44200 352931 241621
44200 357068 246993
44200 357190 244586
44200 356860 246819
44200 353283 241590
44200 354602 243686
44200 362101 249316
44200 347662 236075
44200 340161 228894
44200 360301 249451
44200 355472 243484
44200 357856 246496
44300 351151 239295
44300 356189 243293
44300 350468 238412
44300 348287 237770
44300 350968 239432
44300 355761 243574
44300 346666 234737
44300 342957 231713
44300 358179 247244
44300 357451 246469
44300 360073 248623
44300 351097 240065
44300 347850 237707
44300 345079 237180
44300 348612 236512
44300 347514 237254
44300 359914 247829
44300 352717 241825
44300 348477 237632
44300 359471 248495
44300 354918 243465
44300 351326 240133
44300 355666 242892
44300 358109 247482
44300 356289 244571
44300 344061 234515
44300 353490 241064
44300 342714 231547
44300 361891 248732
44300 358543 247942
44300 354772 242913
44300 358007 246559
44300 346394 235918
44300 361054 250406
44300 356578 244703
44300 354181 243759
44300 358666 247689
44300 342995 232409
44300 353472 241777
44300 355915 244774
44300 346742 233072
44300 349453 238246
44300 345583 232264
44300 355811 244196
44300 341715 230533
44300 351752 240715
44300 353081 242340
44300 354137 243350
44300 358821 247291
44300 351720 239929
44400 348100 234885
44400 351807 240248
44400 356175 243751
44400 355395 243457
44400 352838 241889
44400 354822 242299
44400 357144 244460
44400 349851 236791
44400 350292 237840
44400 352514 239976
44400 358248 246653
44400 361738 249735
44400 360972 249876
44400 359614 247627
44400 360896 250079
44400 349228 235419
44400 358488 247256
44400 357434 246064
44400 346655 236327
44400 353953 242367
44400 359436 247769
44400 356237 245445
44400 354042 242971
44400 359099 247112
44400 360462 247114
44400 356520 245093
44400 358190 246744
44400 362228 250578
44400 357950 244994
44400 351532 239075
44400 358234 245718
44400 360664 248599
44400 361018 249846
44400 361627 249907
44400 356371 246176
44400 350827 239725
44400 362859 251373
44400 354459 241511
44400 357525 246801
44400 352715 241312
44400 347976 233979
44400 361789 249906
44400 360885 248914
44400 357650 246482
44400 345796 232650
44400 353523 240082
44400 347234 234377
44400 358999 247626
44400 358918 247845
44400 351034 237760
44500 357722 246750
44500 357882 246247
44500 359719 249251
44500 347597 237018
44500 358593 246656
44500 363210 250748
44500 346303 232299
44500 356695 245823
44500 350099 237320
44500 346100 232474
44500 360367 247428
44500 358347 246017
44500 350941 236369
44500 358186 245458
44500 359187 247111
44500 361002 250415
44500 349896 238215
44500 345817 234223
44500 354453 242314
44500 356272 243966
44500 346486 231686
44500 349230 237863
44500 358167 246334
44500 348293 233827
44500 356929 245174
44500 343511 229470
44500 358323 244791
44500 359545 248729
44500 351555 240564
44500 349623 235181
44500 354468 243506
44500 359401 248105
44500 350470 238649
44500 354783 242523
44500 360524 247825
44500 346615 233471
44500 352330 240743
44500 352125 240291
44500 350815 236839
44500 346677 233769
44500 347919 235219
44500 348938 237894
44500 360945 248607
44500 358255 245657
44500 352356 239243
44500 349284 236572
44500 346284 233123
44500 347924 234450
44500 360445 248573
44500 361844 249973
44600 345377 229839
44600 353237 238894
44600 350321 237546
44600 349094 238912
44600 336399 224578
44600 354542 242998
44600 354936 243665
44600 356181 244595
44600 353116 240736
44600 356318 243004
44600 353190 242146
44600 353439 239998
44600 349494 236484
44600 359818 246188
44600 350783 237843
44600 356944 244340
44600 350922 238041
44600 349146 235432
44600 359890 246336
44600 362056 249790
44600 350053 237308
44600 354427 242109
44600 358328 244823
44600 350678 237579
44600 349218 237225
44600 354591 242247
44600 342718 230272
44600 356765 244809
44600 362838 249877
44600 355082 243647
44600 356901 243606
44600 355026 241913
44600 363577 251989
44600 361030 248140
44600 360940 248650
44600 368186 255115
44600 348146 234932
44600 341381 227998
44600 357794 244988
44600 349896 234721
44600 359292 247384
44600 346377 233955
44600 346075 232748
44600 335692 229233
44600 349625 237767
44600 356138 242798
44600 350829 237805
44600 353781 241683
44600 362075 250070
44600 350110 235760
44700 365377 253309
44700 364289 250478
44700 361032 249710
44700 364468 251089
44700 356214 244819
44700 355946 243374
44700 353727 242849
44700 360472 248632
44700 348366 233867
44700 354417 242295
44700 365229 253283
44700 356106 244394
44700 351729 237395
44700 360057 247854
44700 367158 253347
44700 363821 250198
44700 357546 244915
44700 353484 239655
44700 359080 248195
44700 349005 233119
44700 357358 244727
44700 357797 245782
44700 358483 246449
44700 349232 234411
44700 362705 251227
44700 363693 251860
44700 347623 236079
44700 349218 236005
44700 358319 246307
44700 356471 244454
44700 353546 239811
44700 365532 252248
44700 363895 250226
44700 363148 249503
44700 365076 251943
44700 346181 233289
44700 350878 236428
44700 356254 244260
44700 361338 247876
44700 351541 240872
44700 350964 238146
44700 362620 249221
44700 358936 247015
44700 368394 253605
44700 349392 234974
44700 350679 238098
44700 333767 226592
44700 355876 243954
44700 359020 246396
44700 349753 235857
44800 359548 247537
44800 356408 243832
44800 359147 247167
44800 360889 248860
44800 351321 237856
44800 359341 246569
44800 366698 252732
44800 364478 251327
44800 360546 247040
44800 365285 252482
44800 362229 249514
44800 360422 248704
44800 355158 241794
44800 348534 235138
44800 359466 247800
44800 356547 244716
44800 364600 252938
44800 354304 242060
44800 349053 236819
44800 361026 248505
44800 351091 239775
44800 360557 247132
44800 351277 235788
44800 349856 235304
44800 354710 241530
44800 359370 247642
44800 361860 249788
44800 359615 246416
44800 353839 237883
44800 347132 232135
44800 356913 245060
44800 356564 245355
44800 360718 247469
44800 355343 243201
44800 363738 250949
44800 348135 234663
44800 351752 236561
44800 347332 234551
44800 356768 245971
44800 357921 246505
44800 361747 249771
44800 361170 248367
44800 355111 240791
44800 353519 240393
44800 362530 250704
44800 361916 251076
44800 358310 243921
44800 360704 248433
44800 356998 243570
44800 356886 244273
44900 364885 251511
44900 359670 246234
44900 355152 242635
44900 351172 236679
44900 366034 251933
44900 360341 248471
44900 353114 238561
44900 364983 251687
44900 354949 240382
44900 353418 238844
44900 359806 247535
44900 369738 255281
44900 353463 238404
44900 362608 249314
44900 352206 239753
44900 360060 245882
44900 360879 247677
44900 360362 247593
44900 354010 241139
44900 356004 244034
44900 357456 243455
44900 364632 250451
44900 353064 239194
44900 363077 248450
44900 363782 250992
44900 353599 239937
44900 368141 254527
44900 352454 239630
44900 366930 253779
44900 365342 251743
44900 356743 245873
44900 365853 253166
44900 352005 236312
44900 355580 242019
44900 354908 240625
44900 364218 249808
44900 356756 242206
44900 364379 251768
44900 356557 245097
44900 361564 249347
44900 356669 242399
44900 363538 251400
44900 362845 249203
44900 356694 244902
44900 355664 243260
44900 357786 246999
44900 354535 241585
44900 349961 235357
44900 361038 248749
44900 364595 252450
45000 363857 250583
45000 356940 243627
45000 356464 242586
45000 360763 247294
45000 361060 247459
45000 356070 243531
45000 366786 253685
45000 367080 254704
45000 354302 240239
45000 360228 247088
45000 355185 241192
45000 350447 236045
45000 357041 243954
45000 351818 236911
45000 349883 234844
45000 347730 231431
45000 354800 240968
45000 352134 238499
45000 357559 245540
45000 360578 245336
45000 359774 247234
45000 360990 247131
45000 355367 242134
45000 359352 246853
45000 356039 243326
45000 359564 246075
45000 347918 235590
45000 355221 238957
45000 359354 245007
45000 361422 247018
45000 350175 236362
45000 360708 246554
45000 362798 250295
45000 349909 236009
45000 355301 243520
45000 353399 237923
45000 357971 244509
45000 349420 235712
45000 357232 244319
45000 353359 240434
45000 359160 245929
45000 354331 242170
45000 359918 245843
45000 356219 242237
45000 355122 242569
45000 347439 231534
45000 357315 243229
45000 361986 248251
45000 351733 238546
45000 349055 235244
45100 364834 250772
45100 357678 243177
45100 364288 250323
45100 357791 244849
45100 361902 248891
45100 345036 233457
45100 361525 248580
45100 345506 232017
45100 359317 246292
45100 356824 242032
45100 359251 244561
45100 358899 244572
45100 358407 243992
45100 363246 249803
45100 356732 242418
45100 360401 247859
45100 356852 244375
45100 357605 244335
45100 366661 252413
45100 363131 250899
45100 355166 241694
45100 361244 247757
45100 363635 249499
45100 355736 241846
45100 356051 241726
45100 360649 247944
45100 360614 247985
45100 356689 242426
45100 360190 246432
45100 360941 245322
45100 367948 252037
45100 363594 249495
45100 356860 242508
45100 361569 247676
45100 358789 244287
45100 365201 251794
45100 349231 234159
45100 355542 241668
45100 365084 251160
45100 364322 250481
45100 355673 242033
45100 342126 228714
45100 364979 251290
45100 352143 238660
45100 360041 246575
45100 354919 242389
45100 358542 244403
45100 361997 247418
45100 364308 251373
45100 367369 253708
45200 366351 250783
45200 365595 251921
45200 362839 248874
45200 356086 242870
45200 356642 245154
45200 365828 251576
45200 355058 242461
45200 356738 241757
45200 355389 240129
45200 364888 251144
45200 361238 248303
45200 367624 254912
45200 362255 249327
45200 351796 234937
45200 347195 238753
45200 364631 251724
45200 361703 248812
45200 368894 256156
45200 362784 247815
45200 368080 254041
45200 358937 246323
45200 369708 256325
45200 357661 244305
45200 359448 245025
45200 350699 235090
45200 351884 236764
45200 368003 253722
45200 354428 242530
45200 353662 239594
45200 358461 243392
45200 363229 250819
45200 354856 242057
45200 365643 252325
45200 365369 252215
45200 360344 246701
45200 359087 245844
45200 350054 234306
45200 355613 239442
45200 360805 247534
45200 352167 238566
45200 357865 244990
45200 360082 247101
45200 363767 249687
45200 353172 238479
45200 358252 244855
45200 361676 247258
45200 362980 247742
45200 356746 244673
45200 364182 250368
45200 359055 244243
45300 354923 238687
45300 360169 246870
45300 365458 252185
45300 356540 244103
45300 360386 247457
45300 359063 244586
45300 359693 244590
45300 367838 254236
45300 359308 245717
45300 365216 250108
45300 352000 235851
45300 353942 241286
45300 356042 241843
45300 369555 254538
45300 359676 244681
45300 364521 251394
45300 357918 243857
45300 367850 254658
45300 365519 252239
45300 355701 242924
45300 358640 244094
45300 354471 240160
45300 353842 239245
45300 359559 245922
45300 361673 247964
45300 364971 251618
45300 365919 251759
45300 366418 252149
45300 356819 244430
45300 367928 252983
45300 360030 244984
45300 365983 253074
45300 367660 253093
45300 363480 247502
45300 356183 243621
45300 352070 236108
45300 364544 251190
45300 350363 236280
45300 352305 240163
45300 357828 243182
45300 366361 251565
45300 352750 237381
45300 350623 236268
45300 363240 250037
45300 356281 240809
45300 353183 239761
45300 354727 240039
45300 363285 250026
45300 355752 241121
45300 366200 253258
45400 358322 245023
45400 367386 251601
45400 368096 254455
45400 364986 251494
45400 362826 249594
45400 369014 255505
45400 369219 256432
45400 370292 255283
45400 364187 247102
45400 373934 258936
45400 364119 249636
45400 362004 246891
45400 372901 258005
45400 369271 255441
45400 367732 253622
45400 370167 255009
45400 366353 252547
45400 362209 246650
45400 372247 256793
45400 359282 243300
45400 353050 236589
45400 368979 255247
45400 366234 252480
45400 365589 251584
45400 354528 238041
45400 369913 255286
45400 369915 255849
45400 370892 256587
45400 363091 249717
45400 361771 247148
45400 363827 249953
45400 367610 253740
45400 368215 252170
45400 362838 246929
45400 367354 253567
45400 366616 252670
45400 352524 236781
45400 356444 240984
45400 373165 258348
45400 366401 250532
45400 363812 249481
45400 361880 247320
45400 359424 244046
45400 356544 243385
45400 360672 244057
45400 356027 244988
45400 369636 255757
45400 358988 246492
45400 371715 256600
45400 363753 248566
45500 361899 246318
45500 360089 244169
45500 369172 253807
45500 356140 242592
45500 371175 256678
45500 361357 248080
45500 365952 251169
45500 363072 249039
45500 368450 254963
45500 361509 245686
45500 370559 254799
45500 363330 249330
45500 365902 250979
45500 356240 243260
45500 358202 245114
45500 355124 240409
45500 364147 249453
45500 351649 236004
45500 360995 246157
45500 362572 248650
45500 352174 236540
45500 354668 240644
45500 357065 243462
45500 365380 250373
45500 358498 243823
45500 361369 245786
45500 364447 250696
45500 358290 242229
45500 365477 251835
45500 365142 248509
45500 364962 251624
45500 370008 255371
45500 362307 247121
45500 360748 245608
45500 372204 256981
45500 360191 245138
45500 364106 249450
45500 362183 246545
45500 346739 238817
45500 360003 242789
45500 354321 240488
45500 369015 253989
45500 365690 251923
45500 368740 254047
45500 365461 252094
45500 365450 250328
45500 366857 252591
45500 365195 250662
45500 367495 252874
45500 357833 242450
45600 368406 254222
45600 351306 235252
45600 366349 251859
45600 368254 254255
45600 365876 250172
45600 367088 251564
45600 365385 251518
45600 355951 240064
45600 365852 252023
45600 356373 239417
45600 363479 248682
45600 359577 243827
45600 363368 248443
45600 361185 247601
45600 362612 246588
45600 359275 244605
45600 369275 254458
45600 361055 246305
45600 353348 236656
45600 364628 250255
45600 363050 246898
45600 354276 237359
45600 362515 247153
45600 355526 241445
45600 358868 242521
45600 365110 250163
45600 365965 250495
45600 366609 252296
45600 367281 252925
45600 368930 253970
45600 368815 253900
45600 364644 249950
45600 356617 242098
45600 359151 245524
45600 358044 240664
45600 364793 251057
45600 363703 249339
45600 361370 248566
45600 367727 253566
45600 362763 247559
45600 361335 245712
45600 366247 253402
45600 360576 246230
45600 356585 240326
45600 367769 250996
45600 371535 257718
45600 366012 252075
45600 359121 241695
45600 369220 254478
45600 359779 247573
45700 365667 252506
45700 356066 241517
45700 377186 262500
45700 358360 241646
45700 355952 239523
45700 371350 256137
45700 359773 244459
45700 372051 255199
45700 361892 247577
45700 372885 257559
45700 364554 250453
45700 364085 247824
45700 365507 250631
45700 363389 248582
45700 369824 254172
45700 368260 254129
45700 371518 255703
45700 370396 255836
45700 364634 249652
45700 359686 243726
45700 362167 248806
45700 358531 243494
45700 359407 243592
45700 364313 248584
45700 371590 257241
45700 361633 247096
45700 360234 245066
45700 373051 257893
45700 362031 248323
45700 358301 240225
45700 370474 255039
45700 368886 253300
45700 368224 252280
45700 357299 240263
45700 355528 242534
45700 360775 244268
45700 374602 259373
45700 372640 257420
45700 353223 236602
45700 362400 246625
45700 378358 262580
45700 369679 255652
45700 361130 247663
45700 361000 242199
45700 363333 246921
45700 363693 248288
45700 374150 259444
45700 365055 249790
45700 361182 246635
45700 372793 257973
45800 374622 258087
45800 357665 242024
45800 357284 239750
45800 361568 244812
45800 357762 242369
45800 374406 259341
45800 348023 232888
45800 370960 256842
45800 352539 236516
45800 354760 238349
45800 364370 249817
45800 370850 255434
45800 363559 247473
45800 360343 243644
45800 367985 253580
45800 364346 249735
45800 369048 253797
45800 369684 252797
45800 373612 258621
45800 349412 232913
45800 367536 252391
45800 371630 257366
45800 353367 236031
45800 367551 252662
45800 363632 247211
45800 368222 253255
45800 366835 252475
45800 364135 248062
45800 358338 241745
45800 361592 245598
45800 369012 254785
45800 353632 243913
45800 368959 254592
45800 368660 254335
45800 366798 250881
45800 363206 247697
45800 360560 246507
45800 360535 246498
45800 367614 251188
45800 362611 246943
45800 355102 239457
45800 367503 253260
45800 355922 238013
45800 359960 244864
45800 363131 248326
45800 367528 252255
45800 353219 239823
45800 369613 254331
45800 363587 249118
45800 361509 246865
45900 374110 258852
45900 371077 254902
45900 359913 242789
45900 363013 246083
45900 360068 244038
45900 369094 254234
45900 363531 248071
45900 371245 255517
45900 361719 245470
45900 376302 260564
45900 371164 256697
45900 369046 252321
45900 366815 251299
45900 369295 254247
45900 374600 258453
45900 366561 249704
45900 376439 262184
45900 376704 262016
45900 374988 259301
45900 375319 259993
45900 377427 260867
45900 374161 257572
45900 372600 257865
45900 361088 244949
45900 369898 254892
45900 360696 245688
45900 365198 250269
45900 371879 255476
45900 371925 254273
45900 370176 254859
45900 367525 253450
45900 373115 257959
45900 374798 258748
45900 372726 256101
45900 365280 250295
45900 372132 257040
45900 375256 260104
45900 360413 242036
45900 377208 261746
45900 370196 254331
45900 363274 244845
45900 361358 243041
45900 375961 260243
45900 371058 257157
45900 371470 255186
45900 362794 245743
45900 364077 247700
45900 360515 245924
45900 361356 245452
45900 367364 252694
46000 367468 251989
46000 368777 253602
46000 369071 252289
46000 354531 237875
46000 360784 246292
46000 367418 249386
46000 357690 240799
46000 361103 245889
46000 365251 248516
46000 357717 241843
46000 372875 256587
46000 366432 251747
46000 367149 252030
46000 360293 245226
46000 372410 256631
46000 369907 254006
46000 372292 256050
46000 354547 238802
46000 357374 242001
46000 360596 244742
46000 366348 250299
46000 367641 250584
46000 366580 250045
46000 360557 245030
46000 354380 237548
46000 360148 245032
46000 359862 243090
46000 368114 255315
46000 372698 256808
46000 361188 246405
46000 364653 250299
46000 367488 252521
46000 371071 254898
46000 357533 241699
46000 368582 252760
46000 360292 243603
46000 372952 256780
46000 366636 250420
46000 368399 253040
46000 364393 249034
46000 361614 246987
46000 358844 241418
46000 368692 253546
46000 362198 246766
46000 369131 253751
46000 367374 252097
46000 369174 253526
46000 368974 254438
46000 374470 257836
46000 365584 250004
46100 373101 257515
46100 373372 257691
46100 372627 257152
46100 372397 256499
46100 358635 242788
46100 356940 240905
46100 368123 253049
46100 361548 247077
46100 365074 249017
46100 369546 253415
46100 367722 252951
46100 350237 232956
46100 364943 249198
46100 365788 250340
46100 369835 254396
46100 366859 249684
46100 366234 249474
46100 359152 240273
46100 360179 244379
46100 365812 250826
46100 363154 246958
46100 361465 245000
46100 368426 252913
46100 369548 253536
46100 357278 240030
46100 370379 254932
46100 367816 251818
46100 374787 258971
46100 370748 253668
46100 372077 255740
46100 366141 249432
46100 361564 243594
46100 371342 255031
46100 370602 254078
46100 367520 251797
46100 369951 253794
46100 358506 244726
46100 367224 252203
46100 369706 252505
46100 374828 259267
46100 377543 260220
46100 377573 260794
46100 360855 245271
46100 365909 250173
46100 363285 246623
46100 365584 250205
46100 357566 237781
46100 363196 245312
46100 372897 256011
46100 372516 258239
46200 378156 261173
46200 363611 248452
46200 365684 250912
46200 378019 262033
46200 372685 256393
46200 357964 240777
46200 363677 245220
46200 374051 256790
46200 360099 241457
46200 366434 249322
46200 371894 256218
46200 364450 247573
46200 365321 250895
46200 364745 247306
46200 364119 247447
46200 363675 249334
46200 370993 254600
46200 367403 251934
46200 368167 252542
46200 370832 254864
46200 368973 252338
46200 358922 242012
46200 361236 244507
46200 368615 250760
46200 370207 254625
46200 371769 255506
46200 370336 252915
46200 366183 250796
46200 365837 249183
46200 370809 255439
46200 361308 242182
46200 348196 237567
46200 362161 244949
46200 366184 248345
46200 372581 256631
46200 368552 252640
46200 362044 246352
46200 378311 261995
46200 370088 253846
46200 373981 258761
46200 364099 248529
46200 368748 253638
46200 369225 252424
46200 373993 257133
46200 372384 255183
46200 372113 256658
46200 375913 261161
46200 371850 255403
46200 377196 259607
46200 365274 249677
46300 356359 239514
46300 376595 260054
46300 364720 246200
46300 373471 257472
46300 364961 245484
46300 374149 258257
46300 371703 255639
46300 362357 246375
46300 364998 250270
46300 368729 252225
46300 367149 249999
46300 370145 253006
46300 350512 232903
46300 369511 252045
46300 366220 249988
46300 374830 256596
46300 363449 246867
46300 375530 259906
46300 371324 253403
46300 365883 250227
46300 368714 251980
46300 365350 249256
46300 368696 252118
46300 380332 262402
46300 367866 251401
46300 367442 250480
46300 374282 258848
46300 362454 243923
46300 373691 257809
46300 371677 254801
46300 361853 244218
46300 369004 252670
46300 372123 255338
46300 369379 252532
46300 365170 247730
46300 372408 254409
46300 366443 251096
46300 377442 260221
46300 367296 250102
46300 368594 252399
46300 369334 253113
46300 358389 243189
46300 373408 257288
46300 377755 261495
46300 374400 258557
46300 371106 254400
46300 359008 242069
46300 361641 246972
46300 362168 243860
46300 374214 257424
46400 360977 243429
46400 375451 258491
46400 362398 246806
46400 370702 253286
46400 371936 252414
46400 369573 250285
46400 372146 254498
46400 378189 262136
46400 371153 254315
46400 379473 263091
46400 367080 248609
46400 364926 247640
46400 376239 259940
46400 366530 248190
46400 379732 262850
46400 365009 246247
46400 370974 255117
46400 367785 249094
46400 366690 251527
46400 361265 245722
46400 379157 263675
46400 379261 262881
46400 375156 258270
46400 379316 261996
46400 365240 248961
46400 376112 260512
46400 378098 259446
46400 363076 245243
46400 360387 246114
46400 366666 249384
46400 362453 245476
46400 378666 260024
46400 374200 255679
46400 367781 250146
46400 374803 259618
46400 367430 248674
46400 372950 254760
46400 363066 245207
46400 366550 250115
46400 375808 259139
46400 378905 260877
46400 355795 245723
46400 371839 253359
46400 361658 244263
46400 374048 256851
46400 364718 246061
46400 378629 261550
46400 374581 257631
46400 367914 247943
46400 373798 257585
46500 375617 256925
46500 369151 252569
46500 364005 245139
46500 371387 254795
46500 371780 253626
46500 362791 245634
46500 373529 255501
46500 366012 250250
46500 367795 249015
46500 369507 252956
46500 370755 254172
46500 361930 244302
46500 363472 246305
46500 363222 247848
46500 364605 246290
46500 370761 254546
46500 374005 256836
46500 360934 244604
46500 368821 251859
46500 372396 256176
46500 375150 257923
46500 356280 237167
46500 373308 256789
46500 364770 246530
46500 365242 248181
46500 363027 245454
46500 369553 252576
46500 366337 249809
46500 373403 256034
46500 376592 260637
46500 371525 253764
46500 376317 260057
46500 363154 245801
46500 371998 255409
46500 369736 251293
46500 363228 244895
46500 372493 254219
46500 375224 258456
46500 374671 257805
46500 371278 255482
46500 366902 250621
46500 372262 255455
46500 365637 246768
46500 371753 254465
46500 375446 256795
46500 366373 247881
46500 365420 247781
46500 372717 256956
46500 373142 254535
46500 376828 260366
46600 370209 251403
46600 374717 258007
46600 373694 256098
46600 373725 256615
46600 375736 257595
46600 360947 243842
46600 357508 238831
46600 374525 257953
46600 371908 253226
46600 371823 254617
46600 374084 257246
46600 373115 256486
46600 367827 251452
46600 378551 261762
46600 373173 255957
46600 371179 254166
46600 377141 259921
46600 373668 257282
46600 372474 255386
46600 378833 261123
46600 363526 247545
46600 361697 244778
46600 380865 262858
46600 367162 248113
46600 375091 257895
46600 364091 247880
46600 370022 250524
46600 375196 257324
46600 374636 257324
46600 374196 256625
46600 378783 261947
46600 371391 253871
46600 373486 255661
46600 359151 240636
46600 369045 254177
46600 362783 243586
46600 377758 259403
46600 365533 247714
46600 366683 250286
46600 361012 246046
46600 364580 246512
46600 370398 254364
46600 370751 254373
46600 380309 263168
46600 374601 257501
46600 365545 248361
46600 376503 259018
46600 359580 240862
46600 379080 262072
46600 361284 242087
46700 362170 243308
46700 370996 252904
46700 376139 258329
46700 359179 241948
46700 381631 264720
46700 377284 261119
46700 380984 262625
46700 384112 266108
46700 367452 246766
46700 378779 262307
46700 374141 255781
46700 358159 239393
46700 366816 248940
46700 373382 254425
46700 378766 262256
46700 376288 260245
46700 370508 250769
46700 375414 258408
46700 375516 257612
46700 371564 252896
46700 381423 264191
46700 368008 250255
46700 365621 248093
46700 378754 261232
46700 369907 251459
46700 375775 258654
46700 375765 258458
46700 374668 256756
46700 371230 255129
46700 376665 259300
46700 374966 257419
46700 362813 242980
46700 366319 247484
46700 375243 257322
46700 363990 245050
46700 367701 247733
46700 368898 250533
46700 378234 261915
46700 367909 248676
46700 375692 256639
46700 366723 249880
46700 381946 264780
46700 376958 259301
46700 370613 252526
46700 378777 260049
46700 370374 252314
46700 364019 244677
46700 378156 260992
46700 371887 256010
46700 377502 260049
46800 373858 256838
46800 365936 248776
46800 369852 250831
46800 378572 261536
46800 369338 252479
46800 374287 255133
46800 376856 259646
46800 372156 253098
46800 367571 249779
46800 361648 245126
46800 369600 252155
46800 362524 245582
46800 376533 258041
46800 358979 240542
46800 371824 254582
46800 376062 257423
46800 373797 255837
46800 376745 259354
46800 375165 256726
46800 363096 243288
46800 366035 246638
46800 363524 242018
46800 358012 241698
46800 366970 248408
46800 358846 241017
46800 372135 256203
46800 361768 242312
46800 369704 253070
46800 371785 254394
46800 380144 261678
46800 362562 244166
46800 376801 259214
46800 368995 248130
46800 376445 258713
46800 365017 247702
46800 379077 260589
46800 370678 254434
46800 373543 256444
46800 373009 254851
46800 373436 254890
46800 375372 257652
46800 364700 244023
46800 367069 246329
46800 376744 259317
46800 360403 241028
46800 379265 261399
46800 372665 253841
46800 377490 260633
46800 371830 254336
46800 376601 258504
46900 379937 262786
46900 378152 258567
46900 376881 259721
46900 379546 262639
46900 381017 262625
46900 359167 239830
46900 377615 258458
46900 379788 262512
46900 378914 261265
46900 360394 241290
46900 381794 263063
46900 373247 256606
46900 369388 250170
46900 376570 259067
46900 384608 267050
46900 365611 245156
46900 379857 261344
46900 374864 256099
46900 376546 259083
46900 377854 260884
46900 379117 260660
46900 366752 246969
46900 370358 256031
46900 376212 258015
46900 380204 261401
46900 366205 247570
46900 372958 254748
46900 370857 249555
46900 376398 258603
46900 378026 260812
46900 373137 254736
46900 378289 260569
46900 383037 264028
46900 382774 263598
46900 364849 244289
46900 379104 260139
46900 379744 261807
46900 369032 250367
46900 378360 260106
46900 383419 264989
46900 375632 257173
46900 372981 256542
46900 381919 263783
46900 375094 256974
46900 372190 251792
46900 367795 247966
46900 381984 263579
46900 377889 259768
46900 376898 258619
46900 365356 245097
47000 378023 259143
47000 372623 254480
47000 381478 261780
47000 368496 247738
47000 376475 258142
47000 373649 254568
47000 370674 249651
47000 371575 252891
47000 382056 262714
47000 366547 247944
47000 380662 262577
47000 383759 264726
47000 378573 261670
47000 362409 241778
47000 379561 262089
47000 375939 258612
47000 364732 245079
47000 380491 262702
47000 374239 256729
47000 373940 255328
47000 379143 259266
47000 377713 259431
47000 366000 247262
47000 378111 259031
47000 375371 256844
47000 359331 240779
47000 364518 244483
47000 379745 262455
47000 373494 254159
47000 368761 250439
47000 370081 253230
47000 367399 247548
47000 377492 259685
47000 368958 249934
47000 372866 255145
47000 359366 240282
47000 379358 261937
47000 379550 261455
47000 377726 258993
47000 372974 253199
47000 372980 253374
47000 379525 262807
47000 365837 244078
47000 368890 252570
47000 368260 251613
47000 380494 261238
47000 376098 258328
47000 362458 243974
47000 369987 251306
47000 378553 259381
47100 364849 246188
47100 386120 266959
47100 379485 259644
47100 373263 255632
47100 372711 252822
47100 375668 257571
47100 379549 261844
47100 385629 267097
47100 377164 258486
47100 375332 255203
47100 369377 248472
47100 379989 260297
47100 372547 252476
47100 379134 261417
47100 377467 258743
47100 366864 248123
47100 374324 256469
47100 368508 252730
47100 376253 257207
47100 362953 244067
47100 366776 245959
47100 365805 247812
47100 372864 255352
47100 374930 257863
47100 379424 260253
47100 381613 262868
47100 372552 255338
47100 377315 258638
47100 373479 256512
47100 370405 250506
47100 377390 258613
47100 376299 259237
47100 376498 257798
47100 376806 257423
47100 374770 256994
47100 377775 259071
47100 369120 250174
47100 374916 255688
47100 377078 260121
47100 377592 258054
47100 365187 244432
47100 366470 246046
47100 376044 257493
47100 373373 254254
47100 370789 253250
47100 375325 256955
47100 381652 263420
47100 381746 263350
47100 384629 266317
47100 382124 263502
47200 378295 259090
47200 376763 256830
47200 383230 264708
47200 380258 261347
47200 372490 252887
47200 371590 251322
47200 383619 264287
47200 382433 263054
47200 366229 246890
47200 384236 265613
47200 384620 267005
47200 380309 260917
47200 385143 266126
47200 385420 267376
47200 375111 256955
47200 377424 258223
47200 385853 267326
47200 383756 264690
47200 372452 254589
47200 379819 261553
47200 375159 256211
47200 384144 265140
47200 370023 249623
47200 370961 249861
47200 372477 253331
47200 378602 257919
47200 381790 261366
47200 385397 265806
47200 372348 255344
47200 386304 268023
47200 376614 257523
47200 369767 246605
47200 379858 261019
47200 384492 265842
47200 378867 259822
47200 372422 252958
47200 377867 259715
47200 385957 267359
47200 369655 248686
47200 373017 252199
47200 384081 265306
47200 371957 250890
47200 368302 252512
47200 369139 250741
47200 385022 265503
47200 373768 254035
47200 385643 266273
47200 373669 256145
47200 369866 250749
47200 387422 268763
47300 372575 255387
47300 370220 249400
47300 370679 249831
47300 375101 255738
47300 375962 256705
47300 378509 258648
47300 381254 263074
47300 380536 262617
47300 368746 248106
47300 379917 260777
47300 375482 256057
47300 378952 260355
47300 367817 248870
47300 381050 261805
47300 389742 269156
47300 366909 248163
47300 378209 259832
47300 383231 264870
47300 370207 249692
47300 368890 249432
47300 375287 254460
47300 369310 248844
47300 383665 262808
47300 379895 259851
47300 386874 267075
47300 369079 249660
47300 365826 248579
47300 367866 250495
47300 380484 261398
47300 366665 248917
47300 373694 256247
47300 374651 255767
47300 373093 251880
47300 384211 264143
47300 373356 253183
47300 385172 266792
47300 380631 263831
47300 381267 261974
47300 370417 247871
47300 376457 256723
47300 378868 261149
47300 379969 261926
47300 377774 258019
47300 369077 251029
47300 379438 260823
47300 366702 246834
47300 380798 261523
47300 373129 252869
47300 374606 254024
47300 373354 253678
47400 372646 252698
47400 382633 263508
47400 382371 261485
47400 373662 251027
47400 378757 260361
47400 375842 254484
47400 380884 260502
47400 381304 262046
47400 371022 251058
47400 376645 255697
47400 379083 260048
47400 381048 261968
47400 379894 260214
47400 376430 255201
47400 387491 266866
47400 379263 260538
47400 382881 262945
47400 375469 253848
47400 382544 263075
47400 380176 260541
47400 391229 270846
47400 376842 258351
47400 377371 254006
47400 372306 251079
47400 382550 263039
47400 369181 249366
47400 384568 264481
47400 389207 269508
47400 377484 257530
47400 383438 265520
47400 379215 259525
47400 387630 267956
47400 375073 254060
47400 379184 257958
47400 378739 260492
47400 383023 264709
47400 376120 256337
47400 376992 258201
47400 379152 260259
47400 375903 256140
47400 386428 268021
47400 378800 261089
47400 380036 260691
47400 370289 250109
47400 382222 263360
47400 385721 267709
47400 377660 258273
47400 381552 262882
47400 371342 254048
47400 384765 266279
47500 381087 259537
47500 380115 259199
47500 364302 243136
47500 378465 258847
47500 382469 263623
47500 380687 260233
47500 384875 266176
47500 382108 263006
47500 380072 261528
47500 383126 263394
47500 379857 260901
47500 369557 251654
47500 369167 249180
47500 368715 249510
47500 374991 257045
47500 382742 263361
47500 377016 256321
47500 372971 254454
47500 373338 255062
47500 367859 245859
47500 366274 247684
47500 382552 262237
47500 367999 247694
47500 366896 249897
47500 373811 255699
47500 383869 263947
47500 386513 266655
47500 381256 262524
47500 373223 252487
47500 373125 252554
47500 380544 261601
47500 374945 256202
47500 376079 257078
47500 376906 256477
47500 379528 260500
47500 385230 264318
47500 377327 258854
47500 377793 258117
47500 376145 257662
47500 365849 243857
47500 380947 260909
47500 376265 255651
47500 376812 259009
47500 376070 257710
47500 373049 255007
47500 372274 250444
47500 383834 264535
47500 379849 260529
47500 373391 255432
47500 375607 255999
47600 372954 253532
47600 373814 250239
47600 382066 263073
47600 376640 255151
47600 384300 265284
47600 372230 252093
47600 362130 240140
47600 373859 252855
47600 379289 259403
47600 377680 256087
47600 380705 260464
47600 384120 264125
47600 384713 263857
47600 371777 250638
47600 365246 243909
47600 372628 252444
47600 376974 256888
47600 386233 267403
47600 380928 260915
47600 379963 261565
47600 369896 246681
47600 368633 248041
47600 375179 255727
47600 380637 260991
47600 374093 253701
47600 379418 259234
47600 384956 264966
47600 383895 263407
47600 379341 256952
47600 385827 266658
47600 385157 266162
47600 377273 258527
47600 376372 256128
47600 381926 261855
47600 367663 248351
47600 376037 256427
47600 384428 263778
47600 382523 262864
47600 383224 263625
47600 386335 265825
47600 385871 265371
47600 367150 245430
47600 384633 266135
47600 371668 251387
47600 387434 266336
47600 364861 242695
47600 380966 260757
47600 379786 259953
47600 379511 260145
47600 374066 255945
47700 385925 265866
47700 373918 251259
47700 385422 264413
47700 388589 269886
47700 387146 266140
47700 376989 257349
47700 380987 261103
47700 390201 270395
47700 370116 250369
47700 381007 260066
47700 380336 261345
47700 379679 260106
47700 384193 264467
47700 372751 249610
47700 380327 257810
47700 375371 255740
47700 383580 262370
47700 372580 254420
47700 377947 257065
47700 384271 264527
47700 386904 266143
47700 369793 247735
47700 368774 252155
47700 378220 257596
47700 377749 258470
47700 376521 257436
47700 382075 262302
47700 385956 266813
47700 391053 270633
47700 387129 267167
47700 379394 260186
47700 384069 264663
47700 371689 252012
47700 390430 269668
47700 388404 269010
47700 378652 259113
47700 376086 252941
47700 373258 252393
47700 378995 259253
47700 383647 262161
47700 382639 263140
47700 385917 265547
47700 381320 262777
47700 390896 269686
47700 385364 264142
47700 384805 265194
47700 383121 261662
47700 384595 264754
47700 380532 260215
47700 376734 253906
47800 388577 268337
47800 380731 260089
47800 378760 259005
47800 385541 265235
47800 369902 247195
47800 377116 253517
47800 374660 253162
47800 382553 260972
47800 361855 241900
47800 378634 257886
47800 378458 258195
47800 389228 268687
47800 370407 249390
47800 389140 268441
47800 384250 263988
47800 384532 263985
47800 371394 249228
47800 373067 254270
47800 375734 254711
47800 381285 261358
47800 378724 259458
47800 385510 266479
47800 374461 252923
47800 382310 262859
47800 379663 258928
47800 377827 257797
47800 381826 259580
47800 373501 252171
47800 380094 260004
47800 377595 255661
47800 385811 266154
47800 374710 254203
47800 375832 255781
47800 371976 252510
47800 384783 266219
47800 380509 259630
47800 376964 254365
47800 370954 247737
47800 386914 267712
47800 382545 262676
47800 377159 256566
47800 382485 263197
47800 386681 266564
47800 384213 263957
47800 379213 259737
47800 385081 265374
47800 390365 268070
47800 374521 256078
47800 374246 252917
47800 387417 267483
47900 379148 257277
47900 388036 266663
47900 389265 269014
47900 388186 266101
47900 382330 261084
47900 388415 266756
47900 379808 260543
47900 373317 250986
47900 394167 271979
47900 382759 263214
47900 392919 270361
47900 390662 270283
47900 384820 265422
47900 390371 267918
47900 389664 268699
47900 378194 257122
47900 376972 257157
47900 381233 260339
47900 375946 253922
47900 386333 265767
47900 388070 266821
47900 384680 264559
47900 365692 251003
47900 386263 264972
47900 382964 265176
47900 383608 262023
47900 387253 266742
47900 387697 267240
47900 387768 267641
47900 385135 264246
47900 387624 267185
47900 391426 271309
47900 373227 250534
47900 386728 265256
47900 383492 263034
47900 391335 270159
47900 380881 258451
47900 377151 255530
47900 389990 268485
47900 372604 250009
47900 386891 267390
47900 374157 254378
47900 374841 253190
47900 379901 258580
47900 386327 265590
47900 385974 266521
47900 384859 264770
47900 383302 263483
47900 381047 259363
47900 382069 261574
48000 385453 264602
48000 371574 251874
48000 373151 250495
48000 378827 258788
48000 376466 255866
48000 372150 248891
48000 386458 264212
48000 384792 263778
48000 390236 270078
48000 385549 263899
48000 368603 249352
48000 374830 251440
48000 368805 246770
48000 387045 266728
48000 386325 265241
48000 379466 258970
48000 386165 264588
48000 384966 264561
48000 376631 253247
48000 388133 266713
48000 375267 250363
48000 385750 265602
48000 374019 251180
48000 375610 254424
48000 383001 262507
48000 376777 254659
48000 388971 269117
48000 374073 250091
48000 376635 254497
48000 390271 269558
48000 378371 255280
48000 371912 247976
48000 383431 262021
48000 392817 271202
48000 386600 265823
48000 382685 261534
48000 390874 270465
48000 383645 261447
48000 382176 262661
48000 371811 249743
48000 375701 252542
48000 391973 271403
48000 382553 260870
48000 389544 268348
48000 385931 266707
48000 386579 263419
48000 380239 259369
48000 371667 249368
48000 372404 250344
48000 374945 254695
48100 385403 264671
48100 387444 267116
48100 386759 266074
48100 380872 258374
48100 371945 249475
48100 385404 264591
48100 386361 265280
48100 383107 261511
48100 376320 253653
48100 385273 262874
48100 387202 266001
48100 381296 259448
48100 375511 251937
48100 385420 264536
48100 389242 268373
48100 381247 260687
48100 380600 257324
48100 379060 259175
48100 395502 272847
48100 382460 261910
48100 385961 265641
48100 378532 257210
48100 381749 262263
48100 389641 268336
48100 385528 264680
48100 383554 263083
48100 387719 267679
48100 382395 261396
48100 381158 259129
48100 385696 265771
48100 385621 264015
48100 389446 268090
48100 377383 257962
48100 376315 256319
48100 378788 258674
48100 387891 266051
48100 387102 265159
48100 384652 262388
48100 380474 259914
48100 389173 268531
48100 378364 255613
48100 378907 255286
48100 381576 260488
48100 374446 249516
48100 376764 253506
48100 390486 269341
48100 377673 255371
48100 387134 265507
48100 377571 257230
48100 378588 257757
48200 378560 257558
48200 379653 258352
48200 391696 269703
48200 385640 264394
48200 382285 258901
48200 384619 263697
48200 385740 265274
48200 388329 265891
48200 396378 275562
48200 393641 271864
48200 382827 261996
48200 374424 252942
48200 361557 245681
48200 375488 255474
48200 381972 259883
48200 393192 270426
48200 383787 261595
48200 378219 255824
48200 385934 264142
48200 387730 266730
48200 387425 266761
48200 377142 253813
48200 374326 251055
48200 390857 269073
48200 385012 264993
48200 380888 255957
48200 378629 258766
48200 391274 270482
48200 389193 268867
48200 383242 260326
48200 384127 263767
48200 395413 273149
48200 390723 270076
48200 385852 264848
48200 388936 267512
48200 383627 259968
48200 390096 269815
48200 376613 253147
48200 392228 271507
48200 390958 269557
48200 379699 255226
48200 364940 249107
48200 384780 263232
48200 387291 265591
48200 385300 265191
48200 387351 266783
48200 378512 257535
48200 385131 262619
48200 391315 269920
48200 394546 272412
48300 383473 262348
48300 390431 268335
48300 376110 253724
48300 379136 255990
48300 375473 252085
48300 381438 258565
48300 381638 259843
48300 374857 255895
48300 383407 262404
48300 379600 256806
48300 385988 264572
48300 384457 262019
48300 390322 267879
48300 389134 267742
48300 376486 253843
48300 379530 254009
48300 376328 252337
48300 390706 268500
48300 374011 250655
48300 381111 260170
48300 377293 252505
48300 386292 265480
48300 373225 252104
48300 381239 261055
48300 378688 255226
48300 388875 265656
48300 394886 273355
48300 382951 261931
48300 384709 263429
48300 385373 264652
48300 388810 267361
48300 376899 254762
48300 379918 259173
48300 390270 267298
48300 388937 268159
48300 386374 266882
48300 389943 269673
48300 384127 263332
48300 384680 262864
48300 390725 268598
48300 391792 270475
48300 375635 251938
48300 375289 252054
48300 388780 265201
48300 382342 258987
48300 388912 266201
48300 396445 273727
48300 381757 260943
48300 378824 255989
48300 386103 264644
48400 386238 263095
48400 377330 256416
48400 390865 269159
48400 383392 260181
48400 389542 266942
48400 382542 260096
48400 381830 257757
48400 383783 261761
48400 395986 274948
48400 381164 259713
48400 373937 250045
48400 390563 267824
48400 382270 259218
48400 377759 254073
48400 378515 258135
48400 392609 271492
48400 391118 269777
48400 395768 273633
48400 396034 273130
48400 397634 273675
48400 382001 261476
48400 382882 261616
48400 388625 266543
48400 383000 259923
48400 393573 271955
48400 384301 262341
48400 385583 264578
48400 393315 271453
48400 383741 260157
48400 387508 265970
48400 380670 256057
48400 397242 275775
48400 387615 266148
48400 384897 267290
48400 392995 271014
48400 383187 260412
48400 382803 259176
48400 383754 261604
48400 381697 259033
48400 384934 263675
48400 395238 273106
48400 389893 266992
48400 392292 270634
48400 391268 270087
48400 380143 257020
48400 382651 260894
48400 390373 267452
48400 393429 270939
48400 377931 252882
48400 392641 271938
48500 392069 269306
48500 384690 262325
48500 388299 266949
48500 372906 250639
48500 392642 270720
48500 386650 264240
48500 374572 252018
48500 377262 252432
48500 385901 264329
48500 376686 253951
48500 386591 263711
48500 382697 260230
48500 387390 264424
48500 381325 260581
48500 394992 272370
48500 393662 270637
48500 382865 258965
48500 382925 259352
48500 387647 263796
48500 377630 254346
48500 384289 260594
48500 381314 260047
48500 391623 270081
48500 390674 266923
48500 393397 271262
48500 386738 265640
48500 376500 252759
48500 389870 268139
48500 373333 249393
48500 375535 253024
48500 378838 257167
48500 393463 271158
48500 381040 257433
48500 377025 252980
48500 382115 257872
48500 382961 261497
48500 390863 268705
48500 382675 258904
48500 392052 270195
48500 395743 273712
48500 383975 260267
48500 387443 265357
48500 389147 266616
48500 394704 271641
48500 387454 262864
48500 388269 266793
48500 375101 251481
48500 378953 257692
48500 377355 255445
48500 373775 252705
48600 386427 262475
48600 385162 262904
48600 377810 253365
48600 386230 264592
48600 385045 260948
48600 376639 252757
48600 387220 264570
48600 394195 271545
48600 392716 269837
48600 389929 267403
48600 386393 262907
48600 391839 269569
48600 394187 272484
48600 387348 265121
48600 396188 273645
48600 381433 257003
48600 376989 254224
48600 388036 263153
48600 389449 266095
48600 379164 256105
48600 391047 268396
48600 395673 273193
48600 397072 273058
48600 394649 271460
48600 391024 267994
48600 396021 274337
48600 382788 261740
48600 391905 267857
48600 387829 266200
48600 387287 263266
48600 380450 258897
48600 393465 270407
48600 389440 266297
48600 383660 260217
48600 386172 264089
48600 385454 264056
48600 385801 263575
48600 377700 256118
48600 379848 259253
48600 391473 267641
48600 394638 272366
48600 391210 268736
48600 387090 264527
48600 386804 262988
48600 392491 271330
48600 393815 271962
48600 391225 268063
48600 381541 258289
48600 386448 264786
48600 395106 273173
48700 381995 259448
48700 389473 268217
48700 397465 274798
48700 389220 267734
48700 388611 266381
48700 378125 254518
48700 380960 257746
48700 389156 267597
48700 391840 269336
48700 389096 266484
48700 385978 264640
48700 400125 277490
48700 383494 259008
48700 394743 272388
48700 378439 251996
48700 394209 270381
48700 394458 272797
48700 383218 261125
48700 394377 272188
48700 388302 266576
48700 387738 265045
48700 393389 271463
48700 393202 268892
48700 398632 275133
48700 395131 271500
48700 388705 266680
48700 383371 259981
48700 394656 272708
48700 388287 264018
48700 398427 276381
48700 382480 259283
48700 397194 274818
48700 394556 272086
48700 391695 268335
48700 381592 257515
48700 384577 263229
48700 390584 267419
48700 393205 271605
48700 360112 242086
48700 381944 257745
48700 394571 271517
48700 393476 271839
48700 379502 258103
48700 390448 267902
48700 391041 268865
48700 391646 269579
48700 390495 268003
48700 385449 259050
48700 378517 254591
48700 395900 273291
48800 393818 270531
48800 392094 269273
48800 375067 254905
48800 383443 261122
48800 387062 264627
48800 399556 275849
48800 392867 270560
48800 387187 263248
48800 388812 265344
48800 385704 263840
48800 392480 270795
48800 387728 265046
48800 382783 259336
48800 379332 255975
48800 379255 257069
48800 382449 258762
48800 391503 270198
48800 390919 268358
48800 384873 261569
48800 390667 267250
48800 381830 260536
48800 384220 263916
48800 394094 271806
48800 379370 254875
48800 377923 255354
48800 386495 263465
48800 395821 271849
48800 389979 265945
48800 382107 259970
48800 387082 264840
48800 380421 257660
48800 386661 264490
48800 386025 264657
48800 388577 265416
48800 396700 274016
48800 394608 273954
48800 386845 261860
48800 387161 262498
48800 378821 252730
48800 390477 267757
48800 392772 269555
48800 387148 264541
48800 401971 277554
48800 370590 245562
48800 390840 268178
48800 374773 249916
48800 386251 260701
48800 386403 264703
48800 390489 265503
48800 394750 272707
48900 390343 268953
48900 389016 263890
48900 390351 267095
48900 394292 269970
48900 385611 263834
48900 391743 269030
48900 391268 269913
48900 396082 271171
48900 395988 273054
48900 387450 261844
48900 400610 277110
48900 383158 257822
48900 389883 265437
48900 390334 267923
48900 397610 273389
48900 392869 270413
48900 391649 265981
48900 390644 267336
48900 400132 277586
48900 388706 265128
48900 395554 272162
48900 388062 263487
48900 385872 259233
48900 391068 267954
48900 389759 266404
48900 397477 275431
48900 396008 271955
48900 398430 274319
48900 395111 272600
48900 385205 261668
48900 390791 266108
48900 395399 271890
48900 385801 259539
48900 389347 266085
48900 393952 270445
48900 386400 263475
48900 378882 254843
48900 387983 265523
48900 392010 269060
48900 401305 278582
48900 385749 261304
48900 390580 267028
48900 394151 271569
48900 388445 264189
48900 395348 272175
48900 397896 275661
48900 385940 261655
48900 376110 250742
48900 385558 260492
48900 383459 257843
49000 395326 272502
49000 390295 266900
49000 396736 271933
49000 393251 270039
49000 387840 262763
49000 390977 266862
49000 393952 270796
49000 400647 276730
49000 394222 270354
49000 395930 271066
49000 395948 273524
49000 394637 271725
49000 384184 260770
49000 397119 273972
49000 383057 258615
49000 388330 264398
49000 381345 257248
49000 398574 274536
49000 379593 255200
49000 383972 259977
49000 387688 263680
49000 386151 263914
49000 398042 274510
49000 386136 262521
49000 390713 267624
49000 389913 265793
49000 397091 272238
49000 383600 262777
49000 389734 266083
49000 394674 271557
49000 400198 276875
49000 391848 268198
49000 394000 270357
49000 390245 268077
49000 389139 266913
49000 386893 262032
49000 383235 259217
49000 394928 272262
49000 387054 262310
49000 389348 265351
49000 385004 258885
49000 394589 272249
49000 392413 267865
49000 391198 268474
49000 393239 271105
49000 396150 274018
49000 382194 258451
49000 398496 274736
49000 395632 273559
49000 395458 272002
49100 381504 256734
49100 391965 268818
49100 388321 265371
49100 384370 261705
49100 401840 276608
49100 391815 269164
49100 399212 275132
49100 401321 277588
49100 385680 260644
49100 398442 274741
49100 386717 261190
49100 385777 262845
49100 386785 262885
49100 386198 261609
49100 392723 269758
49100 389064 265793
49100 382606 257458
49100 381958 254572
49100 384026 259088
49100 399334 275187
49100 386487 260355
49100 396134 273414
49100 394081 270701
49100 383959 260012
49100 399712 275901
49100 391022 265212
49100 390099 268150
49100 388556 264998
49100 381906 255693
49100 395088 270881
49100 391636 266676
49100 393520 270380
49100 392783 268770
49100 379995 256238
49100 383165 255058
49100 390111 267996
49100 376948 251664
49100 393264 270184
49100 385391 261075
49100 389442 264586
49100 380118 256086
49100 397780 273499
49100 396838 274762
49100 401420 277649
49100 403190 278740
49100 383201 261120
49100 399443 275982
49100 396087 270933
49100 379397 255741
49100 391595 268475
49200 398152 273827
49200 395837 272526
49200 401093 278036
49200 398238 270673
49200 401144 276437
49200 395153 271376
49200 392886 267449
49200 393138 269704
49200 394198 270184
49200 400642 278170
49200 389223 266946
49200 398446 274349
49200 399413 275819
49200 398658 274504
49200 380153 254627
49200 391666 266799
49200 397545 273899
49200 393958 269574
49200 389155 266663
49200 383711 259048
49200 400783 275303
49200 394221 269012
49200 394190 270139
49200 386418 262431
49200 400854 276115
49200 389364 262065
49200 393078 269169
49200 400152 276669
49200 391131 267536
49200 385329 261068
49200 398724 275638
49200 384763 258955
49200 403880 280815
49200 395982 271582
49200 395108 271788
49200 394504 272498
49200 399141 275707
49200 390586 267029
49200 398901 275803
49200 384268 259353
49200 393900 269365
49200 392263 267196
49200 399965 276596
49200 403417 279848
49200 389798 262118
49200 385049 264213
49200 381636 254764
49200 398251 275110
49200 382646 256273
49200 399904 277309
49300 403536 279664
49300 389926 264485
49300 381630 255290
49300 391398 265487
49300 382891 260125
49300 399492 273959
49300 383730 259716
49300 389954 266717
49300 388504 265995
49300 386290 261995
49300 391984 267435
49300 396741 271643
49300 395054 271212
49300 398694 274371
49300 398025 273859
49300 393490 269837
49300 395359 270856
49300 399485 274213
49300 397836 274463
49300 398441 274567
49300 390268 265761
49300 394796 270382
49300 388668 263227
49300 387442 261469
49300 385351 261486
49300 379879 255186
49300 399190 275529
49300 387868 264605
49300 383705 257676
49300 396097 272899
49300 398366 275306
49300 386245 262740
49300 389998 266751
49300 394907 270198
49300 391468 267627
49300 383164 260340
49300 398194 274505
49300 386839 262276
49300 398454 273663
49300 396661 271908
49300 377621 252819
49300 387365 263826
49300 385430 260157
49300 397700 274286
49300 394967 270337
49300 396003 271473
49300 400172 276334
49300 398433 275522
49300 382706 257674
49300 391627 267105
49400 397454 273211
49400 389969 262807
49400 391685 265998
49400 401543 277129
49400 398405 272121
49400 398314 271606
49400 390597 266801
49400 388879 262307
49400 397240 273453
49400 391307 263843
49400 397441 273812
49400 389901 263913
49400 397026 272309
49400 396049 270298
49400 402843 277675
49400 396971 272803
49400 401157 275894
49400 386915 261283
49400 398441 273750
49400 403278 276560
49400 389024 260747
49400 404434 278818
49400 387349 261617
49400 387168 260506
49400 396232 271024
49400 397166 273004
49400 410636 284744
49400 397452 272866
49400 398291 272401
49400 398759 274160
49400 395550 269437
49400 392218 267123
49400 395554 271906
49400 392240 266200
49400 389622 263753
49400 398211 275465
49400 394721 270009
49400 387737 264798
49400 386912 259421
49400 397020 272152
49400 401316 278090
49400 399276 275569
49400 393661 270262
49400 404747 280669
49400 393730 267366
49400 403058 278041
49400 405644 282701
49400 394351 270140
49400 385984 261011
49400 386953 261067
49500 391877 266901
49500 405162 279019
49500 401369 277052
49500 385028 257851
49500 390579 266760
49500 396502 271429
49500 392905 268085
49500 387464 264336
49500 401762 275785
49500 388526 263101
49500 393148 268169
49500 389970 264770
49500 395149 271198
49500 403967 280368
49500 390437 265632
49500 393391 269347
49500 389297 260617
49500 403000 279177
49500 401373 276172
49500 401980 275842
49500 389889 262638
49500 391668 268518
49500 403877 279461
49500 386924 264487
49500 381742 257840
49500 382476 255866
49500 388823 266480
49500 390025 262517
49500 401172 276169
49500 401512 276994
49500 393376 268007
49500 395428 270060
49500 391378 264390
49500 386947 259624
49500 391248 266441
49500 400231 275648
49500 393593 268386
49500 381982 258539
49500 388016 262393
49500 387552 261320
49500 394485 270362
49500 389781 261740
49500 384358 256475
49500 395815 269503
49500 400685 275472
49500 394788 270023
49500 397295 272998
49500 380137 254605
49500 394741 270351
49500 396684 271684
49600 395218 271535
49600 395609 272024
49600 403373 277234
49600 387922 261462
49600 397104 271225
49600 404844 279801
49600 383786 257162
49600 401257 277220
49600 399496 274847
49600 395987 271537
49600 401218 277318
49600 385153 258639
49600 391329 266753
49600 401504 277742
49600 404315 280241
49600 399359 275428
49600 404447 278853
49600 400840 273960
49600 400481 275038
49600 389417 265971
49600 402534 276521
49600 401352 276231
49600 394664 270698
49600 405720 281287
49600 396355 270630
49600 399914 276629
49600 398985 273735
49600 401160 276407
49600 400931 276449
49600 400370 277032
49600 395866 271653
49600 393704 268297
49600 403764 279032
49600 391674 267242
49600 404657 279047
49600 396359 272859
49600 399876 275563
49600 401956 277960
49600 398433 272773
49600 393930 268731
49600 388926 263334
49600 398788 274237
49600 398878 274025
49600 379982 250949
49600 387688 264251
49600 394742 271150
49600 398174 271625
49600 381905 254085
49600 404560 279548
49600 389877 262215
49700 390822 264423
49700 398790 272577
49700 397306 271724
49700 385080 258966
49700 400404 273522
49700 403047 278049
49700 394666 269955
49700 397999 272813
49700 396284 270992
49700 383236 255712
49700 400464 274664
49700 405384 280240
49700 392443 268619
49700 398464 271666
49700 402303 277349
49700 400441 275045
49700 403986 277933
49700 394051 268207
49700 395195 270969
49700 394424 269353
49700 395443 268337
49700 402974 278891
49700 400040 272777
49700 383351 260275
49700 401749 276617
49700 397404 273153
49700 395801 271823
49700 397644 272430
49700 390909 265856
49700 400047 275027
49700 393240 268767
49700 407156 281610
49700 399338 274847
49700 402716 277552
49700 398342 273144
49700 397880 271975
49700 403157 278824
49700 405267 279012
49700 397253 270581
49700 389371 263991
49700 390721 265205
49700 401099 276890
49700 390133 263682
49700 386041 261555
49700 405540 279930
49700 401649 276965
49700 399813 274681
49700 390478 263710
49700 394012 270163
49700 385629 258892
49800 399642 273648
49800 396591 272102
49800 398156 272287
49800 401822 275565
49800 400688 275374
49800 400595 275415
49800 392096 266230
49800 385057 260937
49800 398532 275026
49800 390922 265614
49800 389666 262827
49800 382899 256315
49800 402292 277013
49800 389365 264004
49800 389137 262599
49800 407922 282492
49800 386558 260788
49800 401563 275571
49800 400317 276450
49800 401233 274992
49800 401766 277049
49800 386117 262271
49800 385556 260297
49800 402776 277060
49800 387374 259350
49800 399203 274301
49800 385432 257478
49800 407561 281610
49800 397843 271711
49800 398506 272661
49800 403096 276798
49800 396478 270823
49800 402940 277327
49800 389438 260956
49800 391492 265897
49800 401416 274564
49800 404765 278491
49800 396299 272046
49800 396139 272208
49800 399660 274443
49800 391771 265231
49800 406261 280959
49800 388320 264381
49800 396762 269520
49800 397612 270326
49800 399369 274166
49800 400806 275393
49800 393396 269002
49800 406036 281952
49800 399677 274339
49900 407301 280925
49900 407433 282584
49900 404383 280294
49900 407935 282323
49900 409413 282129
49900 397660 272527
49900 404022 280085
49900 409015 281539
49900 405003 278082
49900 401028 275190
49900 389002 262171
49900 405444 279589
49900 407317 281429
49900 399734 274975
49900 389064 263478
49900 409110 283926
49900 396602 271714
49900 405924 279522
49900 394366 266661
49900 404268 277076
49900 416081 290066
49900 395115 268965
49900 389124 261182
49900 400774 277666
49900 392567 265615
49900 405768 281039
49900 405639 280121
49900 409318 281495
49900 400553 273696
49900 392967 267216
49900 386666 260181
49900 401672 275902
49900 402678 275221
49900 398812 272932
49900 397856 272756
49900 400341 275214
49900 398219 272037
49900 385692 257169
49900 393416 265416
49900 389070 263008
49900 389755 269718
49900 394875 268940
49900 398873 273636
49900 402447 275860
49900 404771 278808
49900 407673 281953
49900 402716 276929
49900 394757 269202
49900 397411 270104
49900 397258 271661
50000 404179 278059
50000 398953 274818
50000 402556 277643
50000 395063 267446
50000 401771 276422
50000 387443 259198
50000 394392 268655
50000 403053 275250
50000 403937 278524
50000 394110 268821
50000 394601 269515
50000 400348 274411
50000 391576 266556
50000 397978 270908
50000 405797 279354
50000 403114 277533
50000 389019 261982
50000 401528 274789
50000 404728 277589
50000 390756 266118
50000 406203 280634
50000 406458 279555
50000 401434 274559
50000 401557 275372
50000 398228 273401
50000 396361 271560
50000 407306 281600
50000 398817 272230
50000 388691 262634
50000 401525 276149
50000 400888 275320
50000 405023 278451
50000 398863 272675
50000 388253 263225
50000 385888 257462
50000 392200 265408
50000 393942 269950
50000 406116 280626
50000 399933 273501
50000 388886 261197
50000 403310 278139
50000 394650 266348
50000 408502 281603
50000 392169 265460
50000 403959 276899
50000 384522 255358
50000 382868 254211
50000 392644 268310
50000 392510 266860
50000 400146 274960
